{
"type": "FeatureCollection",
"name": "A29-19_11243",
"features": [
{ "type": "Feature", "properties": { "A29_001": "11243", "A29_002": "埼玉県", "A29_003": "吉川市", "A29_004": 1, "A29_005": "第一種低層住居専用地域", "A29_006": 50, "A29_007": 100, "A29_008": null }, "geometry": { "type": "Polygon", "coordinates": [ [ [ 139.856317496, 35.864731662 ], [ 139.85663356500001, 35.864452626 ], [ 139.85693996, 35.864677759 ], [ 139.856955137999989, 35.864688911 ], [ 139.857630367000013, 35.864092404 ], [ 139.857663263, 35.863968887 ], [ 139.857701631, 35.86382482 ], [ 139.857718621, 35.8637099 ], [ 139.857692543000013, 35.863704342 ], [ 139.855660833, 35.863275905 ], [ 139.85529457199999, 35.863280636 ], [ 139.855048522, 35.863341276 ], [ 139.854831092000012, 35.863457846 ], [ 139.854645524, 35.863627394 ], [ 139.85462522200001, 35.863621389 ], [ 139.85356527799999, 35.863397528 ], [ 139.853556381, 35.863425067 ], [ 139.853503168, 35.863589764 ], [ 139.853423278, 35.863837028 ], [ 139.853380566999988, 35.863835291 ], [ 139.852530962, 35.863800729 ], [ 139.852517355, 35.863443795 ], [ 139.852307252, 35.863150639 ], [ 139.85210118, 35.86296887 ], [ 139.85185506799999, 35.862824411 ], [ 139.85160325699999, 35.862749871 ], [ 139.850693303000014, 35.862586862 ], [ 139.850058690999987, 35.862461333 ], [ 139.849828371, 35.862415914 ], [ 139.849061431, 35.862432894 ], [ 139.84904216699999, 35.862500194 ], [ 139.848965389, 35.862866806 ], [ 139.848923028, 35.863264361 ], [ 139.848900695999987, 35.863656224 ], [ 139.84887738899999, 35.864015694 ], [ 139.848850306, 35.864386972 ], [ 139.849208639000011, 35.864401917 ], [ 139.849197542000013, 35.864620168 ], [ 139.851529320999987, 35.864684347 ], [ 139.853337777, 35.864763305 ], [ 139.85403598, 35.864828424 ], [ 139.854573963, 35.864968173 ], [ 139.855117716, 35.865201152 ], [ 139.855512669, 35.865443471 ], [ 139.855517939, 35.865447303 ], [ 139.855675436000013, 35.865305291 ], [ 139.855683306, 35.865298194 ], [ 139.855804979, 35.865188501 ], [ 139.85601283299999, 35.865001111 ], [ 139.856317496, 35.864731662 ] ] ] } },
{ "type": "Feature", "properties": { "A29_001": "11243", "A29_002": "埼玉県", "A29_003": "吉川市", "A29_004": 3, "A29_005": "第一種中高層住居専用地域", "A29_006": 60, "A29_007": 150, "A29_008": null }, "geometry": { "type": "Polygon", "coordinates": [ [ [ 139.858917155, 35.864433203 ], [ 139.85886042300001, 35.864452549 ], [ 139.858798396999987, 35.864473699 ], [ 139.858681509, 35.864496086 ], [ 139.858586702, 35.864510084 ], [ 139.85833333299999, 35.864543265 ], [ 139.858283755, 35.864552761 ], [ 139.858317056, 35.864409931 ], [ 139.858317424, 35.864408352 ], [ 139.85833333299999, 35.864339215 ], [ 139.85836381199999, 35.864206763 ], [ 139.858413676, 35.863858021 ], [ 139.857718621, 35.8637099 ], [ 139.857701631, 35.86382482 ], [ 139.857663263, 35.863968887 ], [ 139.857630367000013, 35.864092404 ], [ 139.856955137999989, 35.864688911 ], [ 139.857297878, 35.864956384 ], [ 139.857617479999988, 35.865200062 ], [ 139.85790520899999, 35.865419438 ], [ 139.85828825499999, 35.865046579 ], [ 139.858906012, 35.86444525 ], [ 139.858917155, 35.864433203 ] ] ] } },
{ "type": "Feature", "properties": { "A29_001": "11243", "A29_002": "埼玉県", "A29_003": "吉川市", "A29_004": 4, "A29_005": "第二種中高層住居専用地域", "A29_006": 60, "A29_007": 200, "A29_008": null }, "geometry": { "type": "Polygon", "coordinates": [ [ [ 139.855301610999987, 35.865642361 ], [ 139.855475716, 35.865485375 ], [ 139.855517939, 35.865447303 ], [ 139.855512669, 35.865443471 ], [ 139.855117716, 35.865201152 ], [ 139.854573963, 35.864968173 ], [ 139.85403598, 35.864828424 ], [ 139.853337777, 35.864763305 ], [ 139.851529320999987, 35.864684347 ], [ 139.849197542000013, 35.864620168 ], [ 139.849184517999987, 35.864876328 ], [ 139.84915526399999, 35.865249043 ], [ 139.85258822, 35.865336785 ], [ 139.853492453, 35.865397234 ], [ 139.853915964, 35.865420463 ], [ 139.854175878, 35.865503263 ], [ 139.854150968, 35.865535045 ], [ 139.85411194400001, 35.865584833 ], [ 139.85403919399999, 35.865669222 ], [ 139.854157243, 35.865761326 ], [ 139.854673972, 35.866164487 ], [ 139.854963722, 35.866390556 ], [ 139.855290529, 35.866640861 ], [ 139.855324222, 35.866666667 ], [ 139.85561468099999, 35.866422783 ], [ 139.855942516, 35.86612912 ], [ 139.855301610999987, 35.865642361 ] ] ] } },
{ "type": "Feature", "properties": { "A29_001": "11243", "A29_002": "埼玉県", "A29_003": "吉川市", "A29_004": 6, "A29_005": "第二種住居地域", "A29_006": 60, "A29_007": 200, "A29_008": null }, "geometry": { "type": "Polygon", "coordinates": [ [ [ 139.857617479999988, 35.865200062 ], [ 139.857297878, 35.864956384 ], [ 139.856955137999989, 35.864688911 ], [ 139.85693996, 35.864677759 ], [ 139.85663356500001, 35.864452626 ], [ 139.856317496, 35.864731662 ], [ 139.85601283299999, 35.865001111 ], [ 139.855804979, 35.865188501 ], [ 139.855683306, 35.865298194 ], [ 139.855675436000013, 35.865305291 ], [ 139.855517939, 35.865447303 ], [ 139.855475716, 35.865485375 ], [ 139.855301610999987, 35.865642361 ], [ 139.855942516, 35.86612912 ], [ 139.85561468099999, 35.866422783 ], [ 139.855324222, 35.866666667 ], [ 139.85533444399999, 35.8666745 ], [ 139.855342417, 35.866666667 ], [ 139.85592594900001, 35.867094224 ], [ 139.856525962, 35.866697188 ], [ 139.857246870000012, 35.866063098 ], [ 139.857876217000012, 35.865447659 ], [ 139.85790520899999, 35.865419438 ], [ 139.857617479999988, 35.865200062 ] ] ] } },
{ "type": "Feature", "properties": { "A29_001": "11243", "A29_002": "埼玉県", "A29_003": "吉川市", "A29_004": 8, "A29_005": "近隣商業地域", "A29_006": 60, "A29_007": 200, "A29_008": null }, "geometry": { "type": "Polygon", "coordinates": [ [ [ 139.859810259999989, 35.863673417 ], [ 139.859638365, 35.863642285 ], [ 139.859564248999988, 35.86373363 ], [ 139.858917155, 35.864433203 ], [ 139.858906012, 35.86444525 ], [ 139.858462892, 35.864876588 ], [ 139.858315384, 35.865554349 ], [ 139.858297211, 35.865995542 ], [ 139.85856835300001, 35.866415807 ], [ 139.859117835, 35.866838994 ], [ 139.859280864999988, 35.866956888 ], [ 139.859311585, 35.866931339 ], [ 139.85964863, 35.866666667 ], [ 139.860789388, 35.865770865 ], [ 139.861252567, 35.865407137 ], [ 139.86262169599999, 35.864220356 ], [ 139.861234700000011, 35.86395203 ], [ 139.859861093, 35.86368336 ], [ 139.859810259999989, 35.863673417 ] ] ] } },
{ "type": "Feature", "properties": { "A29_001": "11243", "A29_002": "埼玉県", "A29_003": "吉川市", "A29_004": 8, "A29_005": "近隣商業地域", "A29_006": 80, "A29_007": 300, "A29_008": null }, "geometry": { "type": "Polygon", "coordinates": [ [ [ 139.858315384, 35.865554349 ], [ 139.858462892, 35.864876588 ], [ 139.85828825499999, 35.865046579 ], [ 139.85790520899999, 35.865419438 ], [ 139.857876217000012, 35.865447659 ], [ 139.857246870000012, 35.866063098 ], [ 139.856525962, 35.866697188 ], [ 139.85592594900001, 35.867094224 ], [ 139.856010782, 35.867153731 ], [ 139.856637909999989, 35.867610498 ], [ 139.856120635, 35.868047188 ], [ 139.856098225000011, 35.868066982 ], [ 139.85696689400001, 35.868773477 ], [ 139.857465719, 35.868374456 ], [ 139.859186756000014, 35.867035157 ], [ 139.859280864999988, 35.866956888 ], [ 139.859117835, 35.866838994 ], [ 139.85856835300001, 35.866415807 ], [ 139.858297211, 35.865995542 ], [ 139.858315384, 35.865554349 ] ] ] } },
{ "type": "Feature", "properties": { "A29_001": "11243", "A29_002": "埼玉県", "A29_003": "吉川市", "A29_004": 1, "A29_005": "第一種低層住居専用地域", "A29_006": 50, "A29_007": 100, "A29_008": null }, "geometry": { "type": "Polygon", "coordinates": [ [ [ 139.85403919399999, 35.865669222 ], [ 139.85411194400001, 35.865584833 ], [ 139.854150968, 35.865535045 ], [ 139.854175878, 35.865503263 ], [ 139.853915964, 35.865420463 ], [ 139.853492453, 35.865397234 ], [ 139.85258822, 35.865336785 ], [ 139.84915526399999, 35.865249043 ], [ 139.849147667000011, 35.865345833 ], [ 139.849137367999987, 35.865345245 ], [ 139.848792944, 35.865325583 ], [ 139.84878763399999, 35.865411343 ], [ 139.84877036099999, 35.865690361 ], [ 139.84874130599999, 35.866044472 ], [ 139.84873477799999, 35.866225833 ], [ 139.848720332999989, 35.866413583 ], [ 139.848695193999987, 35.866641722 ], [ 139.848693583, 35.866666667 ], [ 139.848687194, 35.866766278 ], [ 139.848675778, 35.867129861 ], [ 139.848637028000013, 35.867523194 ], [ 139.848518582999986, 35.869273611 ], [ 139.848491556, 35.8696085 ], [ 139.848474944, 35.869967417 ], [ 139.84845977, 35.870289396 ], [ 139.848458833, 35.870309278 ], [ 139.848816333, 35.870334861 ], [ 139.848807222, 35.870475272 ], [ 139.84990870199999, 35.870515359 ], [ 139.850084751999987, 35.870520458 ], [ 139.850091166999988, 35.870385278 ], [ 139.85077716699999, 35.87040975 ], [ 139.85097919399999, 35.870111056 ], [ 139.851161389, 35.869950528 ], [ 139.851515861, 35.870243833 ], [ 139.852025497999989, 35.869760754 ], [ 139.852677230000012, 35.869142984 ], [ 139.85287727799999, 35.868953361 ], [ 139.854176435, 35.867706991 ], [ 139.85379872199999, 35.867435417 ], [ 139.854045, 35.867208278 ], [ 139.854353, 35.866945306 ], [ 139.85465975, 35.866666667 ], [ 139.854669444, 35.866657861 ], [ 139.854945487, 35.866407119 ], [ 139.854963722, 35.866390556 ], [ 139.854673972, 35.866164487 ], [ 139.854157243, 35.865761326 ], [ 139.85403919399999, 35.865669222 ] ] ] } },
{ "type": "Feature", "properties": { "A29_001": "11243", "A29_002": "埼玉県", "A29_003": "吉川市", "A29_004": 4, "A29_005": "第二種中高層住居専用地域", "A29_006": 60, "A29_007": 150, "A29_008": null }, "geometry": { "type": "Polygon", "coordinates": [ [ [ 139.845705556000013, 35.870048778 ], [ 139.845694888999986, 35.868895806 ], [ 139.84567222199999, 35.867951806 ], [ 139.84567305600001, 35.867509944 ], [ 139.84565961199999, 35.867113939 ], [ 139.845653765, 35.866708265 ], [ 139.845652902000012, 35.866666667 ], [ 139.845648073, 35.866433831 ], [ 139.845647173, 35.866025549 ], [ 139.8456315, 35.865340167 ], [ 139.845626388999989, 35.864867167 ], [ 139.845619833, 35.864315833 ], [ 139.845615944, 35.864168861 ], [ 139.845606444, 35.863811139 ], [ 139.84559672200001, 35.863387583 ], [ 139.845598861000013, 35.862976833 ], [ 139.845586472, 35.8626035 ], [ 139.845575333, 35.862549833 ], [ 139.845579028, 35.862110917 ], [ 139.84558072199999, 35.861981861 ], [ 139.845572139000012, 35.861695472 ], [ 139.84556630599999, 35.8612345 ], [ 139.84556633, 35.861000616 ], [ 139.84556633299999, 35.860969389 ], [ 139.845098861, 35.860871694 ], [ 139.844954056, 35.86084175 ], [ 139.844384056, 35.860712972 ], [ 139.844387694, 35.861141222 ], [ 139.844390833, 35.861244361 ], [ 139.84439533299999, 35.861380889 ], [ 139.844397361, 35.861495389 ], [ 139.844403222000011, 35.861724778 ], [ 139.844403972, 35.86182075 ], [ 139.84440776299999, 35.862154316 ], [ 139.844409694, 35.86255725 ], [ 139.844372611000011, 35.863164167 ], [ 139.84436230599999, 35.863585306 ], [ 139.844347972, 35.863776833 ], [ 139.844325806, 35.864073194 ], [ 139.844312694, 35.86430175 ], [ 139.84435505499999, 35.864692114 ], [ 139.844374, 35.864866694 ], [ 139.844376278, 35.864930139 ], [ 139.844357083, 35.865442167 ], [ 139.844357073999987, 35.865442172 ], [ 139.84435707, 35.865442495 ], [ 139.84434661099999, 35.865721194 ], [ 139.84435374, 35.865747663 ], [ 139.844471806, 35.866186 ], [ 139.844471806, 35.866666667 ], [ 139.844471806, 35.866722417 ], [ 139.844471528000014, 35.866777389 ], [ 139.844470637, 35.866951538 ], [ 139.844470389, 35.866999917 ], [ 139.844482722, 35.867520833 ], [ 139.84449077799999, 35.867954139 ], [ 139.8445065, 35.868902778 ], [ 139.844510367, 35.869027748 ], [ 139.844525194, 35.869506806 ], [ 139.84452636099999, 35.869610528 ], [ 139.844529943999987, 35.86992825 ], [ 139.84453533300001, 35.870436028 ], [ 139.84511125, 35.870497278 ], [ 139.84573111, 35.87055374 ], [ 139.845720048, 35.87027606 ], [ 139.845705556000013, 35.870048778 ] ] ] } },
{ "type": "Feature", "properties": { "A29_001": "11243", "A29_002": "埼玉県", "A29_003": "吉川市", "A29_004": 1, "A29_005": "第一種低層住居専用地域", "A29_006": 50, "A29_007": 80, "A29_008": null }, "geometry": { "type": "Polygon", "coordinates": [ [ [ 139.845441861000012, 35.860718667 ], [ 139.845225328999987, 35.860682043 ], [ 139.844949535000012, 35.860636268 ], [ 139.841146221, 35.859844216 ], [ 139.840950515, 35.85980448 ], [ 139.840898694, 35.8599355 ], [ 139.84092879799999, 35.859942294 ], [ 139.841459667, 35.860062111 ], [ 139.841521556, 35.86007725 ], [ 139.841509202, 35.860126256 ], [ 139.841491757999989, 35.860195449 ], [ 139.841486472000014, 35.860216417 ], [ 139.84142905600001, 35.86044075 ], [ 139.84139472199999, 35.86059175 ], [ 139.8413185, 35.860846306 ], [ 139.841235270999988, 35.861142865 ], [ 139.841188, 35.861292917 ], [ 139.84104704500001, 35.861653676 ], [ 139.840910708, 35.862001034 ], [ 139.840717273, 35.862511682 ], [ 139.840658593, 35.862637854 ], [ 139.84064905599999, 35.862658361 ], [ 139.840554703, 35.86314687 ], [ 139.840527834999989, 35.86337651 ], [ 139.84051589399999, 35.863566054 ], [ 139.840546472, 35.863879278 ], [ 139.840606083000011, 35.864347806 ], [ 139.840607111, 35.864403306 ], [ 139.840660332999988, 35.864847639 ], [ 139.840677583, 35.864991694 ], [ 139.840734803, 35.865385473 ], [ 139.84074842699999, 35.865551697 ], [ 139.840747625, 35.865759639 ], [ 139.840742861, 35.866057528 ], [ 139.84073973400001, 35.866117875 ], [ 139.840702722, 35.866565194 ], [ 139.84069623, 35.866666667 ], [ 139.840690110999986, 35.866762306 ], [ 139.840658139, 35.867085583 ], [ 139.840608333, 35.867363139 ], [ 139.840582966, 35.867514091 ], [ 139.840580469, 35.867644033 ], [ 139.84060249800001, 35.867797208 ], [ 139.840614334, 35.867853533 ], [ 139.840688333, 35.868104194 ], [ 139.840692, 35.868119194 ], [ 139.840756556, 35.868382139 ], [ 139.84106042, 35.869193192 ], [ 139.84110015600001, 35.869352068 ], [ 139.841127618, 35.869437342 ], [ 139.84117089, 35.869576083 ], [ 139.84119855599999, 35.86980775 ], [ 139.84127130600001, 35.870276306 ], [ 139.841636861000012, 35.870210972 ], [ 139.841666667, 35.870209972 ], [ 139.841952028, 35.870200278 ], [ 139.843157861, 35.870314333 ], [ 139.844040471999989, 35.8703965 ], [ 139.84452488299999, 35.870435194 ], [ 139.84453533300001, 35.870436028 ], [ 139.844529943999987, 35.86992825 ], [ 139.84452636099999, 35.869610528 ], [ 139.844525194, 35.869506806 ], [ 139.844510367, 35.869027748 ], [ 139.8445065, 35.868902778 ], [ 139.84449077799999, 35.867954139 ], [ 139.844482722, 35.867520833 ], [ 139.844470389, 35.866999917 ], [ 139.844470637, 35.866951538 ], [ 139.844471528000014, 35.866777389 ], [ 139.844471806, 35.866722417 ], [ 139.844471806, 35.866666667 ], [ 139.844471806, 35.866186 ], [ 139.84435374, 35.865747663 ], [ 139.84434661099999, 35.865721194 ], [ 139.84435707, 35.865442495 ], [ 139.844357078, 35.865442169 ], [ 139.844376278, 35.864930139 ], [ 139.844374, 35.864866694 ], [ 139.84435505499999, 35.864692114 ], [ 139.844312694, 35.86430175 ], [ 139.844325806, 35.864073194 ], [ 139.844347972, 35.863776833 ], [ 139.84436230599999, 35.863585306 ], [ 139.844372611000011, 35.863164167 ], [ 139.844409694, 35.86255725 ], [ 139.84440776299999, 35.862154316 ], [ 139.844403972, 35.86182075 ], [ 139.844403222000011, 35.861724778 ], [ 139.844397361, 35.861495389 ], [ 139.84439533299999, 35.861380889 ], [ 139.844390833, 35.861244361 ], [ 139.844387694, 35.861141222 ], [ 139.844384056, 35.860712972 ], [ 139.844954056, 35.86084175 ], [ 139.845098861, 35.860871694 ], [ 139.84556633299999, 35.860969389 ], [ 139.84556633, 35.861000616 ], [ 139.84556630599999, 35.8612345 ], [ 139.845572139000012, 35.861695472 ], [ 139.84558072199999, 35.861981861 ], [ 139.845579028, 35.862110917 ], [ 139.845575333, 35.862549833 ], [ 139.845586472, 35.8626035 ], [ 139.845598861000013, 35.862976833 ], [ 139.84559672200001, 35.863387583 ], [ 139.845606444, 35.863811139 ], [ 139.845615944, 35.864168861 ], [ 139.845619833, 35.864315833 ], [ 139.845626388999989, 35.864867167 ], [ 139.8456315, 35.865340167 ], [ 139.845647173, 35.866025549 ], [ 139.845648073, 35.866433831 ], [ 139.845652902000012, 35.866666667 ], [ 139.845653765, 35.866708265 ], [ 139.84565961199999, 35.867113939 ], [ 139.84567305600001, 35.867509944 ], [ 139.84567222199999, 35.867951806 ], [ 139.845694888999986, 35.868895806 ], [ 139.845705556000013, 35.870048778 ], [ 139.845720048, 35.87027606 ], [ 139.84573111, 35.87055374 ], [ 139.846266444, 35.8706025 ], [ 139.847333838, 35.870707145 ], [ 139.847375139, 35.870711194 ], [ 139.847433639, 35.870362194 ], [ 139.847437444, 35.8702025 ], [ 139.847445, 35.870053694 ], [ 139.84735897199999, 35.8697785 ], [ 139.847167917, 35.869326194 ], [ 139.84703138899999, 35.868881222 ], [ 139.846900912, 35.868431773 ], [ 139.846867583, 35.868290917 ], [ 139.846866639000012, 35.868221944 ], [ 139.846874222, 35.868145972 ], [ 139.84694155599999, 35.867952167 ], [ 139.84704903, 35.867659259 ], [ 139.84712072100001, 35.867502541 ], [ 139.84725849, 35.867201371 ], [ 139.84741767, 35.866666667 ], [ 139.847426324999986, 35.866637594 ], [ 139.847648166999988, 35.866125444 ], [ 139.8477385, 35.865696528 ], [ 139.847763582999988, 35.865444639 ], [ 139.84777665499999, 35.864907179 ], [ 139.84777665499999, 35.864846676 ], [ 139.847759528000012, 35.864556889 ], [ 139.847747056, 35.86402489 ], [ 139.847698556000012, 35.863787833 ], [ 139.847581917000014, 35.862809611 ], [ 139.847535139, 35.862526944 ], [ 139.84757602900001, 35.862291017 ], [ 139.847709778, 35.862131306 ], [ 139.847949658, 35.861837531 ], [ 139.847955944, 35.861829833 ], [ 139.848045778, 35.861785972 ], [ 139.848174027999988, 35.861730444 ], [ 139.848471878, 35.861624673 ], [ 139.84871896300001, 35.861561356 ], [ 139.84892991699999, 35.861510139 ], [ 139.848955875, 35.861504202 ], [ 139.848745094, 35.861456726 ], [ 139.848368916999988, 35.861357694 ], [ 139.84806344399999, 35.861276611 ], [ 139.847863499999988, 35.861213833 ], [ 139.847757142, 35.861176358 ], [ 139.84771938899999, 35.861163056 ], [ 139.847670806, 35.861154083 ], [ 139.847353889, 35.861116944 ], [ 139.84733381800001, 35.861112833 ], [ 139.847120499999988, 35.861069139 ], [ 139.846939306, 35.861022167 ], [ 139.846814, 35.860998694 ], [ 139.846760749999987, 35.860979472 ], [ 139.846591006000011, 35.860941734 ], [ 139.846553472000011, 35.860933389 ], [ 139.84644955600001, 35.860915472 ], [ 139.846136806, 35.860856139 ], [ 139.845761917, 35.860781 ], [ 139.845441861000012, 35.860718667 ] ] ] } },
{ "type": "Feature", "properties": { "A29_001": "11243", "A29_002": "埼玉県", "A29_003": "吉川市", "A29_004": 3, "A29_005": "第一種中高層住居専用地域", "A29_006": 60, "A29_007": 150, "A29_008": null }, "geometry": { "type": "Polygon", "coordinates": [ [ [ 139.851279245, 35.871459134 ], [ 139.851779671, 35.870971546 ], [ 139.85187737699999, 35.870981281 ], [ 139.852311117, 35.870993757 ], [ 139.85245407299999, 35.870991029 ], [ 139.852515452, 35.870983525 ], [ 139.85258705199999, 35.870974772 ], [ 139.852713378, 35.870934161 ], [ 139.85284634300001, 35.870858374 ], [ 139.852976073, 35.870746409 ], [ 139.853897679, 35.86995101 ], [ 139.854444836999988, 35.869478781 ], [ 139.854765415, 35.869202103 ], [ 139.85520007, 35.86882697 ], [ 139.856098225000011, 35.868066982 ], [ 139.856120635, 35.868047188 ], [ 139.856637909999989, 35.867610498 ], [ 139.856010782, 35.867153731 ], [ 139.85592594900001, 35.867094224 ], [ 139.855342417, 35.866666667 ], [ 139.85533444399999, 35.8666745 ], [ 139.855324222, 35.866666667 ], [ 139.855290529, 35.866640861 ], [ 139.854963722, 35.866390556 ], [ 139.854945487, 35.866407119 ], [ 139.854669444, 35.866657861 ], [ 139.85465975, 35.866666667 ], [ 139.854353, 35.866945306 ], [ 139.854045, 35.867208278 ], [ 139.85379872199999, 35.867435417 ], [ 139.854176435, 35.867706991 ], [ 139.85287727799999, 35.868953361 ], [ 139.852677230000012, 35.869142984 ], [ 139.852025497999989, 35.869760754 ], [ 139.851515861, 35.870243833 ], [ 139.851161389, 35.869950528 ], [ 139.85097919399999, 35.870111056 ], [ 139.85077716699999, 35.87040975 ], [ 139.850091166999988, 35.870385278 ], [ 139.850084751999987, 35.870520458 ], [ 139.84990870199999, 35.870515359 ], [ 139.848807222, 35.870475272 ], [ 139.84878680599999, 35.870789917 ], [ 139.848756806000011, 35.87124925 ], [ 139.848392694000012, 35.871240333 ], [ 139.848367083, 35.871613194 ], [ 139.848341221999988, 35.871992667 ], [ 139.8483325, 35.872086333 ], [ 139.848306361, 35.8723675 ], [ 139.848267944000014, 35.872745028 ], [ 139.848208978, 35.873256214 ], [ 139.848208403, 35.873261198 ], [ 139.848515279, 35.873345468 ], [ 139.848678764999988, 35.873393834 ], [ 139.848950115, 35.873466618 ], [ 139.848962136000011, 35.87345613 ], [ 139.849322258, 35.873141954 ], [ 139.849686873, 35.872823855 ], [ 139.849979346999987, 35.872568643 ], [ 139.85000340900001, 35.872548326 ], [ 139.850143057999986, 35.872430407 ], [ 139.850516324000012, 35.872118575 ], [ 139.850695081, 35.871957486 ], [ 139.850888207999986, 35.871790512 ], [ 139.851279245, 35.871459134 ] ] ] } },
{ "type": "Feature", "properties": { "A29_001": "11243", "A29_002": "埼玉県", "A29_003": "吉川市", "A29_004": 4, "A29_005": "第二種中高層住居専用地域", "A29_006": 60, "A29_007": 200, "A29_008": null }, "geometry": { "type": "Polygon", "coordinates": [ [ [ 139.84127212300001, 35.870280324 ], [ 139.841320333, 35.870517667 ], [ 139.84133861699999, 35.870649424 ], [ 139.841360129, 35.870776992 ], [ 139.841394571, 35.871070943 ], [ 139.841421860999986, 35.871278722 ], [ 139.84144922199999, 35.871424139 ], [ 139.841532492999988, 35.871721022 ], [ 139.841617582999987, 35.872024389 ], [ 139.841631971999988, 35.872081889 ], [ 139.841643556, 35.872131444 ], [ 139.841666667, 35.872230222 ], [ 139.84172336099999, 35.872472611 ], [ 139.841823333, 35.872886556 ], [ 139.841842332999988, 35.872982528 ], [ 139.841888971, 35.873238849 ], [ 139.841936139000012, 35.873498083 ], [ 139.841948261999988, 35.873498943 ], [ 139.84275994399999, 35.8735565 ], [ 139.84369286099999, 35.873622944 ], [ 139.843902555999989, 35.873637889 ], [ 139.844148472, 35.873655417 ], [ 139.84427041699999, 35.872688806 ], [ 139.844290492999988, 35.872549341 ], [ 139.844344, 35.872177639 ], [ 139.844398500000011, 35.871776889 ], [ 139.844482860999989, 35.87092825 ], [ 139.84453533300001, 35.870436028 ], [ 139.84452488299999, 35.870435194 ], [ 139.844040471999989, 35.8703965 ], [ 139.843157861, 35.870314333 ], [ 139.841952028, 35.870200278 ], [ 139.841666667, 35.870209972 ], [ 139.841636861000012, 35.870210972 ], [ 139.84127130600001, 35.870276306 ], [ 139.84127212300001, 35.870280324 ] ] ] } },
{ "type": "Feature", "properties": { "A29_001": "11243", "A29_002": "埼玉県", "A29_003": "吉川市", "A29_004": 6, "A29_005": "第二種住居地域", "A29_006": 60, "A29_007": 200, "A29_008": null }, "geometry": { "type": "Polygon", "coordinates": [ [ [ 139.845350217, 35.873853028 ], [ 139.845355944, 35.8738535 ], [ 139.845363096999989, 35.873791586 ], [ 139.845418028000012, 35.873316083 ], [ 139.845463972, 35.87280225 ], [ 139.84552283299999, 35.872339639 ], [ 139.845586360999988, 35.871893194 ], [ 139.845623194000012, 35.871461472 ], [ 139.845677222, 35.871044472 ], [ 139.845698567, 35.870892732 ], [ 139.84573296799999, 35.870600382 ], [ 139.84573111, 35.87055374 ], [ 139.84511125, 35.870497278 ], [ 139.84453533300001, 35.870436028 ], [ 139.844482860999989, 35.87092825 ], [ 139.844398500000011, 35.871776889 ], [ 139.844344, 35.872177639 ], [ 139.844290492999988, 35.872549341 ], [ 139.84427041699999, 35.872688806 ], [ 139.844148472, 35.873655417 ], [ 139.84414801299999, 35.873682306 ], [ 139.844146611000014, 35.873764361 ], [ 139.844422909, 35.873782257 ], [ 139.844740394000013, 35.873802821 ], [ 139.84503313, 35.873826923 ], [ 139.845169516999988, 35.873838151 ], [ 139.845350217, 35.873853028 ] ] ] } },
{ "type": "Feature", "properties": { "A29_001": "11243", "A29_002": "埼玉県", "A29_003": "吉川市", "A29_004": 4, "A29_005": "第二種中高層住居専用地域", "A29_006": 60, "A29_007": 200, "A29_008": null }, "geometry": { "type": "Polygon", "coordinates": [ [ [ 139.845355944, 35.8738535 ], [ 139.845891289, 35.873885521 ], [ 139.845886151, 35.873920902 ], [ 139.845752357, 35.874842214 ], [ 139.84578581, 35.874844849 ], [ 139.846042051000012, 35.874865031 ], [ 139.846451387, 35.874898361 ], [ 139.84685545100001, 35.874931261 ], [ 139.846884698, 35.874933642 ], [ 139.846918211, 35.874416612 ], [ 139.846960902, 35.873976253 ], [ 139.847077504999987, 35.872954103 ], [ 139.847169417, 35.872309667 ], [ 139.84720327799999, 35.872036583 ], [ 139.847301167000012, 35.871182472 ], [ 139.847375139, 35.870711194 ], [ 139.847333838, 35.870707145 ], [ 139.846266444, 35.8706025 ], [ 139.84573111, 35.87055374 ], [ 139.84573296799999, 35.870600382 ], [ 139.845698567, 35.870892732 ], [ 139.845677222, 35.871044472 ], [ 139.845623194000012, 35.871461472 ], [ 139.845586360999988, 35.871893194 ], [ 139.84552283299999, 35.872339639 ], [ 139.845463972, 35.87280225 ], [ 139.845418028000012, 35.873316083 ], [ 139.845363096999989, 35.873791586 ], [ 139.845355944, 35.8738535 ] ] ] } },
{ "type": "Feature", "properties": { "A29_001": "11243", "A29_002": "埼玉県", "A29_003": "吉川市", "A29_004": 8, "A29_005": "近隣商業地域", "A29_006": 80, "A29_007": 200, "A29_008": null }, "geometry": { "type": "Polygon", "coordinates": [ [ [ 139.844898554999986, 35.87494732 ], [ 139.84523247199999, 35.874973361 ], [ 139.845248583, 35.87479125 ], [ 139.845292457999989, 35.874402342 ], [ 139.845292554, 35.87440149 ], [ 139.845355944, 35.8738535 ], [ 139.845350217, 35.873853028 ], [ 139.845172346, 35.873838384 ], [ 139.845169516999988, 35.873838151 ], [ 139.84503313, 35.873826923 ], [ 139.84502477, 35.873872726 ], [ 139.844898554999986, 35.87494732 ] ] ] } },
{ "type": "Feature", "properties": { "A29_001": "11243", "A29_002": "埼玉県", "A29_003": "吉川市", "A29_004": 7, "A29_005": "準住居地域", "A29_006": 60, "A29_007": 200, "A29_008": null }, "geometry": { "type": "Polygon", "coordinates": [ [ [ 139.848367083, 35.871613194 ], [ 139.848392694000012, 35.871240333 ], [ 139.848756806000011, 35.87124925 ], [ 139.84878680599999, 35.870789917 ], [ 139.848816333, 35.870334861 ], [ 139.848458833, 35.870309278 ], [ 139.84845977, 35.870289396 ], [ 139.848474944, 35.869967417 ], [ 139.848491556, 35.8696085 ], [ 139.848518582999986, 35.869273611 ], [ 139.848637028000013, 35.867523194 ], [ 139.848675778, 35.867129861 ], [ 139.848687194, 35.866766278 ], [ 139.848693583, 35.866666667 ], [ 139.848695193999987, 35.866641722 ], [ 139.848720332999989, 35.866413583 ], [ 139.84873477799999, 35.866225833 ], [ 139.84874130599999, 35.866044472 ], [ 139.84877036099999, 35.865690361 ], [ 139.84878763399999, 35.865411343 ], [ 139.848792944, 35.865325583 ], [ 139.849137367999987, 35.865345245 ], [ 139.849147667000011, 35.865345833 ], [ 139.84915526399999, 35.865249043 ], [ 139.849184517999987, 35.864876328 ], [ 139.849197542000013, 35.864620168 ], [ 139.849208639000011, 35.864401917 ], [ 139.848850306, 35.864386972 ], [ 139.84887738899999, 35.864015694 ], [ 139.848900695999987, 35.863656224 ], [ 139.848923028, 35.863264361 ], [ 139.848965389, 35.862866806 ], [ 139.84904216699999, 35.862500194 ], [ 139.849061431, 35.862432894 ], [ 139.849828371, 35.862415914 ], [ 139.850058690999987, 35.862461333 ], [ 139.850693303000014, 35.862586862 ], [ 139.85160325699999, 35.862749871 ], [ 139.85185506799999, 35.862824411 ], [ 139.85210118, 35.86296887 ], [ 139.852307252, 35.863150639 ], [ 139.852517355, 35.863443795 ], [ 139.852530962, 35.863800729 ], [ 139.853380566999988, 35.863835291 ], [ 139.853423278, 35.863837028 ], [ 139.853503168, 35.863589764 ], [ 139.853556381, 35.863425067 ], [ 139.85356527799999, 35.863397528 ], [ 139.85462522200001, 35.863621389 ], [ 139.854645524, 35.863627394 ], [ 139.854831092000012, 35.863457846 ], [ 139.855048522, 35.863341276 ], [ 139.85529457199999, 35.863280636 ], [ 139.855660833, 35.863275905 ], [ 139.857692543000013, 35.863704342 ], [ 139.857718621, 35.8637099 ], [ 139.858413676, 35.863858021 ], [ 139.85836381199999, 35.864206763 ], [ 139.85833333299999, 35.864339215 ], [ 139.858317424, 35.864408352 ], [ 139.858317056, 35.864409931 ], [ 139.858283755, 35.864552761 ], [ 139.85833333299999, 35.864543265 ], [ 139.858586702, 35.864510084 ], [ 139.858681509, 35.864496086 ], [ 139.858798396999987, 35.864473699 ], [ 139.85886042300001, 35.864452549 ], [ 139.858917155, 35.864433203 ], [ 139.859564248999988, 35.86373363 ], [ 139.859638365, 35.863642285 ], [ 139.859400443999988, 35.863599194 ], [ 139.858938889, 35.863504917 ], [ 139.858807883999987, 35.863476139 ], [ 139.858720361, 35.863449083 ], [ 139.858591389, 35.863424667 ], [ 139.858538471, 35.863415218 ], [ 139.849477513000011, 35.86159076 ], [ 139.848955875, 35.861504202 ], [ 139.84892991699999, 35.861510139 ], [ 139.84871896300001, 35.861561356 ], [ 139.848471878, 35.861624673 ], [ 139.848174027999988, 35.861730444 ], [ 139.848045778, 35.861785972 ], [ 139.847955944, 35.861829833 ], [ 139.847949658, 35.861837531 ], [ 139.847709778, 35.862131306 ], [ 139.84757602900001, 35.862291017 ], [ 139.847535139, 35.862526944 ], [ 139.847581917000014, 35.862809611 ], [ 139.847698556000012, 35.863787833 ], [ 139.847747056, 35.86402489 ], [ 139.847759528000012, 35.864556889 ], [ 139.84777665499999, 35.864846676 ], [ 139.84777665499999, 35.864907179 ], [ 139.847763582999988, 35.865444639 ], [ 139.8477385, 35.865696528 ], [ 139.847648166999988, 35.866125444 ], [ 139.847426324999986, 35.866637594 ], [ 139.84741767, 35.866666667 ], [ 139.84725849, 35.867201371 ], [ 139.84712072100001, 35.867502541 ], [ 139.84704903, 35.867659259 ], [ 139.84694155599999, 35.867952167 ], [ 139.846874222, 35.868145972 ], [ 139.846866639000012, 35.868221944 ], [ 139.846867583, 35.868290917 ], [ 139.846900912, 35.868431773 ], [ 139.84703138899999, 35.868881222 ], [ 139.847167917, 35.869326194 ], [ 139.84735897199999, 35.8697785 ], [ 139.847445, 35.870053694 ], [ 139.847437444, 35.8702025 ], [ 139.847433639, 35.870362194 ], [ 139.847375139, 35.870711194 ], [ 139.847301167000012, 35.871182472 ], [ 139.84720327799999, 35.872036583 ], [ 139.847169417, 35.872309667 ], [ 139.847077504999987, 35.872954103 ], [ 139.846960902, 35.873976253 ], [ 139.846918211, 35.874416612 ], [ 139.846884698, 35.874933642 ], [ 139.84688156199999, 35.875 ], [ 139.846880481, 35.875022872 ], [ 139.846871998000012, 35.875129878 ], [ 139.846869938999987, 35.875155858 ], [ 139.846906493, 35.875134085 ], [ 139.84705696899999, 35.875044453 ], [ 139.847309259000014, 35.874873201 ], [ 139.84774958, 35.874550659 ], [ 139.847764498, 35.874541018 ], [ 139.847919854, 35.874412464 ], [ 139.84826082699999, 35.874115203 ], [ 139.848358133, 35.874027417 ], [ 139.848490195000011, 35.873898713 ], [ 139.848679943, 35.873713789 ], [ 139.848950115, 35.873466618 ], [ 139.848678764999988, 35.873393834 ], [ 139.848515279, 35.873345468 ], [ 139.848208403, 35.873261198 ], [ 139.848208978, 35.873256214 ], [ 139.848267944000014, 35.872745028 ], [ 139.848306361, 35.8723675 ], [ 139.8483325, 35.872086333 ], [ 139.848341221999988, 35.871992667 ], [ 139.848367083, 35.871613194 ] ] ] } },
{ "type": "Feature", "properties": { "A29_001": "11243", "A29_002": "埼玉県", "A29_003": "吉川市", "A29_004": 8, "A29_005": "近隣商業地域", "A29_006": 80, "A29_007": 200, "A29_008": null }, "geometry": { "type": "Polygon", "coordinates": [ [ [ 139.842721821, 35.875430527 ], [ 139.843135649, 35.875385253 ], [ 139.84361847299999, 35.87539321 ], [ 139.84408037099999, 35.875411246 ], [ 139.844076333, 35.875391167 ], [ 139.844080598, 35.875340686 ], [ 139.844089360999988, 35.875236944 ], [ 139.84409157499999, 35.875204773 ], [ 139.844095063, 35.875154085 ], [ 139.8441671, 35.875167176 ], [ 139.844226756000012, 35.875178017 ], [ 139.844240788, 35.875180566 ], [ 139.844420288, 35.873815217 ], [ 139.844422909, 35.873782257 ], [ 139.844146611000014, 35.873764361 ], [ 139.844149738999988, 35.873877018 ], [ 139.844152444, 35.873974417 ], [ 139.844142333, 35.874276861 ], [ 139.844110417, 35.874559415 ], [ 139.8440685, 35.8749305 ], [ 139.84406283300001, 35.875 ], [ 139.844050917, 35.875145778 ], [ 139.843647685, 35.875085076 ], [ 139.843267846, 35.875055815 ], [ 139.842704504000011, 35.875016395 ], [ 139.842463583000011, 35.875 ], [ 139.842067472, 35.874980917 ], [ 139.842071917, 35.875 ], [ 139.842074473, 35.875012787 ], [ 139.842174238000013, 35.875511817 ], [ 139.842721821, 35.875430527 ] ] ] } },
{ "type": "Feature", "properties": { "A29_001": "11243", "A29_002": "埼玉県", "A29_003": "吉川市", "A29_004": 8, "A29_005": "近隣商業地域", "A29_006": 80, "A29_007": 300, "A29_008": null }, "geometry": { "type": "Polygon", "coordinates": [ [ [ 139.844740394000013, 35.873802821 ], [ 139.844422909, 35.873782257 ], [ 139.844420288, 35.873815217 ], [ 139.844240788, 35.875180566 ], [ 139.844560086, 35.87523859 ], [ 139.844573328, 35.875240996 ], [ 139.84459375, 35.875 ], [ 139.844594642, 35.874989468 ], [ 139.844596747, 35.874974523 ], [ 139.844603815, 35.874924334 ], [ 139.844898554999986, 35.87494732 ], [ 139.84502477, 35.873872726 ], [ 139.84503313, 35.873826923 ], [ 139.844740394000013, 35.873802821 ] ] ] } },
{ "type": "Feature", "properties": { "A29_001": "11243", "A29_002": "埼玉県", "A29_003": "吉川市", "A29_004": 5, "A29_005": "第一種住居地域", "A29_006": 60, "A29_007": 200, "A29_008": null }, "geometry": { "type": "Polygon", "coordinates": [ [ [ 139.846837654000012, 35.875508714 ], [ 139.847727623, 35.875106174 ], [ 139.848270848, 35.874807164 ], [ 139.849618096, 35.873948783 ], [ 139.850362303, 35.873501149 ], [ 139.851549616999989, 35.872746134 ], [ 139.852092121999988, 35.872395814 ], [ 139.852436584, 35.872163848 ], [ 139.852484983000011, 35.872131256 ], [ 139.853341781000012, 35.871554266 ], [ 139.854464877999987, 35.870738681 ], [ 139.855905543, 35.869622454 ], [ 139.856031191999989, 35.869521948 ], [ 139.85696689400001, 35.868773477 ], [ 139.856098225000011, 35.868066982 ], [ 139.85520007, 35.86882697 ], [ 139.854765415, 35.869202103 ], [ 139.854444836999988, 35.869478781 ], [ 139.853897679, 35.86995101 ], [ 139.852976073, 35.870746409 ], [ 139.85284634300001, 35.870858374 ], [ 139.852713378, 35.870934161 ], [ 139.85258705199999, 35.870974772 ], [ 139.852515452, 35.870983525 ], [ 139.85245407299999, 35.870991029 ], [ 139.852311117, 35.870993757 ], [ 139.85187737699999, 35.870981281 ], [ 139.851779671, 35.870971546 ], [ 139.851279245, 35.871459134 ], [ 139.850888207999986, 35.871790512 ], [ 139.850695081, 35.871957486 ], [ 139.850516324000012, 35.872118575 ], [ 139.850143057999986, 35.872430407 ], [ 139.85000340900001, 35.872548326 ], [ 139.849979346999987, 35.872568643 ], [ 139.849686873, 35.872823855 ], [ 139.849322258, 35.873141954 ], [ 139.848962136000011, 35.87345613 ], [ 139.848950115, 35.873466618 ], [ 139.848679943, 35.873713789 ], [ 139.848490195000011, 35.873898713 ], [ 139.848358133, 35.874027417 ], [ 139.84826082699999, 35.874115203 ], [ 139.847919854, 35.874412464 ], [ 139.847764498, 35.874541018 ], [ 139.84774958, 35.874550659 ], [ 139.847309259000014, 35.874873201 ], [ 139.84705696899999, 35.875044453 ], [ 139.846906493, 35.875134085 ], [ 139.846869938999987, 35.875155858 ], [ 139.846871998000012, 35.875129878 ], [ 139.846880481, 35.875022872 ], [ 139.84688156199999, 35.875 ], [ 139.846884698, 35.874933642 ], [ 139.846865151, 35.874932051 ], [ 139.846864727, 35.874932016 ], [ 139.84686447199999, 35.874931995 ], [ 139.84685545100001, 35.874931261 ], [ 139.846451387, 35.874898361 ], [ 139.846042051000012, 35.874865031 ], [ 139.84578581, 35.874844849 ], [ 139.845752357, 35.874842214 ], [ 139.845886151, 35.873920902 ], [ 139.845891289, 35.873885521 ], [ 139.845355944, 35.8738535 ], [ 139.845350182, 35.873903318 ], [ 139.845292554, 35.87440149 ], [ 139.845292457999989, 35.874402342 ], [ 139.845248583, 35.87479125 ], [ 139.84523247199999, 35.874973361 ], [ 139.84522933299999, 35.875 ], [ 139.845228944000013, 35.875003185 ], [ 139.845194443999986, 35.875294861 ], [ 139.845118722, 35.8759345 ], [ 139.84464225, 35.876100722 ], [ 139.844654802, 35.876137181 ], [ 139.844803250000012, 35.876568361 ], [ 139.84493888899999, 35.876581278 ], [ 139.845072611, 35.876570472 ], [ 139.84570475000001, 35.876380167 ], [ 139.846208749999988, 35.876208167 ], [ 139.846717033, 35.875993734 ], [ 139.846798639000014, 35.875959306 ], [ 139.846837654000012, 35.875508714 ] ] ] } },
{ "type": "Feature", "properties": { "A29_001": "11243", "A29_002": "埼玉県", "A29_003": "吉川市", "A29_004": 8, "A29_005": "近隣商業地域", "A29_006": 80, "A29_007": 200, "A29_008": null }, "geometry": { "type": "Polygon", "coordinates": [ [ [ 139.844803250000012, 35.876568361 ], [ 139.84482923600001, 35.87665064 ], [ 139.844959582, 35.877063339 ], [ 139.84497875, 35.877124028 ], [ 139.84508902799999, 35.877622306 ], [ 139.845594194, 35.877489889 ], [ 139.84567725, 35.877478778 ], [ 139.84584336099999, 35.877444889 ], [ 139.846604472, 35.877270167 ], [ 139.846746833, 35.877237333 ], [ 139.846736944000014, 35.876748667 ], [ 139.846795984000011, 35.875993275 ], [ 139.846798639000014, 35.875959306 ], [ 139.846717033, 35.875993734 ], [ 139.846208749999988, 35.876208167 ], [ 139.84570475000001, 35.876380167 ], [ 139.845072611, 35.876570472 ], [ 139.84493888899999, 35.876581278 ], [ 139.844803250000012, 35.876568361 ] ] ] } },
{ "type": "Feature", "properties": { "A29_001": "11243", "A29_002": "埼玉県", "A29_003": "吉川市", "A29_004": 9, "A29_005": "商業地域", "A29_006": 80, "A29_007": 400, "A29_008": null }, "geometry": { "type": "Polygon", "coordinates": [ [ [ 139.843286557, 35.878854566 ], [ 139.843884738000014, 35.87895694 ], [ 139.844553639, 35.879066083 ], [ 139.844534333000013, 35.878532444 ], [ 139.844496556, 35.877715667 ], [ 139.844657028, 35.87769925 ], [ 139.84508902799999, 35.877622306 ], [ 139.84497875, 35.877124028 ], [ 139.844959582, 35.877063339 ], [ 139.84482923600001, 35.87665064 ], [ 139.844803250000012, 35.876568361 ], [ 139.844654802, 35.876137181 ], [ 139.84464225, 35.876100722 ], [ 139.845118722, 35.8759345 ], [ 139.845194443999986, 35.875294861 ], [ 139.845228944000013, 35.875003185 ], [ 139.84522933299999, 35.875 ], [ 139.84523247199999, 35.874973361 ], [ 139.844898554999986, 35.87494732 ], [ 139.844603815, 35.874924334 ], [ 139.844596747, 35.874974523 ], [ 139.844594642, 35.874989468 ], [ 139.84459375, 35.875 ], [ 139.844573328, 35.875240996 ], [ 139.844560086, 35.87523859 ], [ 139.844240788, 35.875180566 ], [ 139.844226756000012, 35.875178017 ], [ 139.8441671, 35.875167176 ], [ 139.844095063, 35.875154085 ], [ 139.84409157499999, 35.875204773 ], [ 139.844089360999988, 35.875236944 ], [ 139.844080598, 35.875340686 ], [ 139.844076333, 35.875391167 ], [ 139.84408037099999, 35.875411246 ], [ 139.84361847299999, 35.87539321 ], [ 139.843135649, 35.875385253 ], [ 139.842721821, 35.875430527 ], [ 139.842174238000013, 35.875511817 ], [ 139.842074473, 35.875012787 ], [ 139.842071917, 35.875 ], [ 139.842067472, 35.874980917 ], [ 139.841724207, 35.874955111 ], [ 139.841666667, 35.874958894 ], [ 139.841621730000014, 35.87496185 ], [ 139.841630403000011, 35.874984575 ], [ 139.841636290999986, 35.875 ], [ 139.841647144, 35.875028436 ], [ 139.841666667, 35.875077238 ], [ 139.841719059000013, 35.875208209 ], [ 139.84185575, 35.875572528 ], [ 139.842050996000012, 35.876050692 ], [ 139.842173333, 35.876397444 ], [ 139.842215598, 35.876593238 ], [ 139.842230159, 35.876739125 ], [ 139.842241972000011, 35.876913889 ], [ 139.84225469399999, 35.877356167 ], [ 139.842744917, 35.877350611 ], [ 139.842753299, 35.8777753 ], [ 139.84275594499999, 35.877909339 ], [ 139.84275784499999, 35.877909308 ], [ 139.843102249999987, 35.877903778 ], [ 139.84324491699999, 35.877897194 ], [ 139.843260343999987, 35.878357601 ], [ 139.843286557, 35.878854566 ] ] ] } },
{ "type": "Feature", "properties": { "A29_001": "11243", "A29_002": "埼玉県", "A29_003": "吉川市", "A29_004": 5, "A29_005": "第一種住居地域", "A29_006": 60, "A29_007": 200, "A29_008": null }, "geometry": { "type": "Polygon", "coordinates": [ [ [ 139.845717667, 35.879247 ], [ 139.84667417599999, 35.879399055 ], [ 139.846796950999988, 35.879417223 ], [ 139.84680787799999, 35.879317595 ], [ 139.846830496, 35.879111374 ], [ 139.846814381, 35.878864611 ], [ 139.846742760000012, 35.878406864 ], [ 139.846750472, 35.87770225 ], [ 139.846747146000013, 35.877277251 ], [ 139.846746833, 35.877237333 ], [ 139.846604472, 35.877270167 ], [ 139.84584336099999, 35.877444889 ], [ 139.84567725, 35.877478778 ], [ 139.845594194, 35.877489889 ], [ 139.84508902799999, 35.877622306 ], [ 139.844657028, 35.87769925 ], [ 139.844496556, 35.877715667 ], [ 139.844534333000013, 35.878532444 ], [ 139.844553639, 35.879066083 ], [ 139.845717667, 35.879247 ] ] ] } },
{ "type": "Feature", "properties": { "A29_001": "11243", "A29_002": "埼玉県", "A29_003": "吉川市", "A29_004": 8, "A29_005": "近隣商業地域", "A29_006": 80, "A29_007": 300, "A29_008": null }, "geometry": { "type": "Polygon", "coordinates": [ [ [ 139.84328714099999, 35.87889572 ], [ 139.843293424, 35.879338153 ], [ 139.843310472000013, 35.879808083 ], [ 139.84392519299999, 35.879909356 ], [ 139.844577506, 35.880015326 ], [ 139.84458319399999, 35.88001625 ], [ 139.844573028000013, 35.879529667 ], [ 139.844571164, 35.879485103 ], [ 139.844555398000011, 35.879108119 ], [ 139.844553639, 35.879066083 ], [ 139.843884738000014, 35.87895694 ], [ 139.843286557, 35.878854566 ], [ 139.84328714099999, 35.87889572 ] ] ] } },
{ "type": "Feature", "properties": { "A29_001": "11243", "A29_002": "埼玉県", "A29_003": "吉川市", "A29_004": 8, "A29_005": "近隣商業地域", "A29_006": 80, "A29_007": 200, "A29_008": null }, "geometry": { "type": "Polygon", "coordinates": [ [ [ 139.843036481000013, 35.880354763 ], [ 139.84327678299999, 35.880595049 ], [ 139.84328649299999, 35.88060666 ], [ 139.84342806, 35.880775939 ], [ 139.843427005, 35.880777507 ], [ 139.843428869, 35.880776906 ], [ 139.843481731999987, 35.880862389 ], [ 139.843555044999988, 35.881013089 ], [ 139.843585139, 35.881135278 ], [ 139.843597452000012, 35.88119282 ], [ 139.843601971999988, 35.881213944 ], [ 139.843978222, 35.881267667 ], [ 139.844623686, 35.881375455 ], [ 139.844614056000012, 35.880901889 ], [ 139.84458319399999, 35.88001625 ], [ 139.844577506, 35.880015326 ], [ 139.84392519299999, 35.879909356 ], [ 139.843927240999989, 35.879964893 ], [ 139.843943505, 35.880406001 ], [ 139.843925794, 35.880402956 ], [ 139.843038912, 35.880250434 ], [ 139.843036481000013, 35.880354763 ] ] ] } },
{ "type": "Feature", "properties": { "A29_001": "11243", "A29_002": "埼玉県", "A29_003": "吉川市", "A29_004": 10, "A29_005": "準工業地域", "A29_006": 60, "A29_007": 200, "A29_008": null }, "geometry": { "type": "Polygon", "coordinates": [ [ [ 139.85616912, 35.882473463 ], [ 139.856197121, 35.882357628 ], [ 139.856311971, 35.882379423 ], [ 139.85642970699999, 35.882078313 ], [ 139.856482368, 35.88194533 ], [ 139.856530959, 35.881953643 ], [ 139.85675814199999, 35.881992509 ], [ 139.857041, 35.882031222 ], [ 139.85776694399999, 35.882153667 ], [ 139.857827261000011, 35.881909901 ], [ 139.857879257, 35.881699766 ], [ 139.857940547999988, 35.881456478 ], [ 139.85797851, 35.881305792 ], [ 139.858003634, 35.881206067 ], [ 139.858010645, 35.881178237 ], [ 139.85781672499999, 35.881218803 ], [ 139.85768293000001, 35.881245863 ], [ 139.857578913999987, 35.881254334 ], [ 139.85738102900001, 35.881250187 ], [ 139.857306747, 35.881238669 ], [ 139.857252912, 35.881219984 ], [ 139.856985522, 35.881065772 ], [ 139.856870472, 35.881006639 ], [ 139.856690028, 35.880977889 ], [ 139.85631102799999, 35.8809175 ], [ 139.856010610999988, 35.880869611 ], [ 139.855545111, 35.880795444 ], [ 139.85524708299999, 35.880749167 ], [ 139.855129611, 35.880730917 ], [ 139.855119752, 35.880729386 ], [ 139.855013861, 35.880712944 ], [ 139.854874464, 35.880693211 ], [ 139.85469457, 35.881178794 ], [ 139.85453225, 35.881637417 ], [ 139.85479401399999, 35.881679739 ], [ 139.855020943999989, 35.881714417 ], [ 139.855446667, 35.881781472 ], [ 139.855668971999989, 35.8818165 ], [ 139.85586093, 35.881846659 ], [ 139.855881183, 35.881849841 ], [ 139.855768684, 35.882320014 ], [ 139.855903304, 35.882342738 ], [ 139.855945733, 35.8823499 ], [ 139.85593467699999, 35.882443697 ], [ 139.85616912, 35.882473463 ] ] ] } },
{ "type": "Feature", "properties": { "A29_001": "11243", "A29_002": "埼玉県", "A29_003": "吉川市", "A29_004": 5, "A29_005": "第一種住居地域", "A29_006": 60, "A29_007": 200, "A29_008": null }, "geometry": { "type": "Polygon", "coordinates": [ [ [ 139.843769759999986, 35.887766439 ], [ 139.84377316699999, 35.887745944 ], [ 139.843864, 35.887220139 ], [ 139.843879861, 35.887136917 ], [ 139.84391230599999, 35.886966528 ], [ 139.843925528, 35.886914 ], [ 139.843978295999989, 35.88666014 ], [ 139.841576701, 35.886314468 ], [ 139.84121413599999, 35.887624294 ], [ 139.841175146000012, 35.887748529 ], [ 139.841097217, 35.887700358 ], [ 139.841067297, 35.887684938 ], [ 139.841011457, 35.88765616 ], [ 139.841009613000011, 35.887655209 ], [ 139.84089183399999, 35.887609268 ], [ 139.840832440000014, 35.887590914 ], [ 139.840649796, 35.887534474 ], [ 139.840553771, 35.887511331 ], [ 139.84099847600001, 35.885927609 ], [ 139.841047659, 35.885814608 ], [ 139.841113471999989, 35.885654561 ], [ 139.84088393, 35.885649814 ], [ 139.84064084, 35.885645576 ], [ 139.840351500999986, 35.885640531 ], [ 139.840354522000013, 35.8853006 ], [ 139.840343983999986, 35.885159534 ], [ 139.840340809, 35.885055633 ], [ 139.840333722, 35.884955278 ], [ 139.840332203, 35.88489554 ], [ 139.8403318, 35.884879684 ], [ 139.840310222, 35.884757085 ], [ 139.840304952, 35.884581913 ], [ 139.840321469, 35.884426731 ], [ 139.840365658, 35.88417419 ], [ 139.84045925, 35.883846833 ], [ 139.840611709, 35.883581048 ], [ 139.84071588, 35.883436702 ], [ 139.8407785, 35.883333333 ], [ 139.84077869399999, 35.883332944 ], [ 139.840830111, 35.883241444 ], [ 139.840986122, 35.882956176 ], [ 139.841075305, 35.882808176 ], [ 139.841271605, 35.882533517 ], [ 139.84129619, 35.882221707 ], [ 139.841302431, 35.881917213 ], [ 139.841385984, 35.881929749 ], [ 139.841653283, 35.881962313 ], [ 139.841887246, 35.881996214 ], [ 139.841993124999988, 35.882011555 ], [ 139.841913973, 35.882370864 ], [ 139.84189685699999, 35.883000163 ], [ 139.841805523, 35.88519105 ], [ 139.844115394, 35.885533467 ], [ 139.844145077, 35.885537483 ], [ 139.844146306, 35.885524389 ], [ 139.844119901, 35.884881059 ], [ 139.844095904999989, 35.884410811 ], [ 139.844073269, 35.883890588 ], [ 139.844071246, 35.883844085 ], [ 139.844055794000013, 35.883413224 ], [ 139.844051119999989, 35.883333333 ], [ 139.844030056, 35.882973333 ], [ 139.84403152199999, 35.882923969 ], [ 139.844013675000014, 35.882526909 ], [ 139.844013673, 35.882526833 ], [ 139.84400953, 35.882315547 ], [ 139.84399475, 35.881965778 ], [ 139.843979401000013, 35.881317457 ], [ 139.843978222, 35.881267667 ], [ 139.843601971999988, 35.881213944 ], [ 139.843597452000012, 35.88119282 ], [ 139.843585139, 35.881135278 ], [ 139.843555044999988, 35.881013089 ], [ 139.843481731999987, 35.880862389 ], [ 139.843428869, 35.880776906 ], [ 139.843427005, 35.880777507 ], [ 139.84342806, 35.880775939 ], [ 139.84328649299999, 35.88060666 ], [ 139.84327678299999, 35.880595049 ], [ 139.843036481000013, 35.880354763 ], [ 139.843038912, 35.880250434 ], [ 139.843925794, 35.880402956 ], [ 139.843943505, 35.880406001 ], [ 139.843927240999989, 35.879964893 ], [ 139.84392519299999, 35.879909356 ], [ 139.843310472000013, 35.879808083 ], [ 139.843293424, 35.879338153 ], [ 139.84328714099999, 35.87889572 ], [ 139.843286557, 35.878854566 ], [ 139.843260343999987, 35.878357601 ], [ 139.84324491699999, 35.877897194 ], [ 139.843102249999987, 35.877903778 ], [ 139.84275784499999, 35.877909308 ], [ 139.84275594499999, 35.877909339 ], [ 139.842753299, 35.8777753 ], [ 139.842744917, 35.877350611 ], [ 139.84225469399999, 35.877356167 ], [ 139.842241972000011, 35.876913889 ], [ 139.842230159, 35.876739125 ], [ 139.842215598, 35.876593238 ], [ 139.842173333, 35.876397444 ], [ 139.842050996000012, 35.876050692 ], [ 139.84185575, 35.875572528 ], [ 139.841719059000013, 35.875208209 ], [ 139.841666667, 35.875077238 ], [ 139.841647144, 35.875028436 ], [ 139.841636290999986, 35.875 ], [ 139.841630403000011, 35.874984575 ], [ 139.841621730000014, 35.87496185 ], [ 139.841666667, 35.874958894 ], [ 139.841724207, 35.874955111 ], [ 139.842067472, 35.874980917 ], [ 139.842463583000011, 35.875 ], [ 139.842704504000011, 35.875016395 ], [ 139.843267846, 35.875055815 ], [ 139.843647685, 35.875085076 ], [ 139.844050917, 35.875145778 ], [ 139.84406283300001, 35.875 ], [ 139.8440685, 35.8749305 ], [ 139.844110417, 35.874559415 ], [ 139.844142333, 35.874276861 ], [ 139.844152444, 35.873974417 ], [ 139.844149738999988, 35.873877018 ], [ 139.844146611000014, 35.873764361 ], [ 139.84414801299999, 35.873682306 ], [ 139.844148472, 35.873655417 ], [ 139.843902555999989, 35.873637889 ], [ 139.84369286099999, 35.873622944 ], [ 139.84275994399999, 35.8735565 ], [ 139.841948261999988, 35.873498943 ], [ 139.841936139000012, 35.873498083 ], [ 139.841888971, 35.873238849 ], [ 139.841842332999988, 35.872982528 ], [ 139.841823333, 35.872886556 ], [ 139.84172336099999, 35.872472611 ], [ 139.841666667, 35.872230222 ], [ 139.841643556, 35.872131444 ], [ 139.841631971999988, 35.872081889 ], [ 139.841617582999987, 35.872024389 ], [ 139.841532492999988, 35.871721022 ], [ 139.84144922199999, 35.871424139 ], [ 139.841421860999986, 35.871278722 ], [ 139.841394571, 35.871070943 ], [ 139.841360129, 35.870776992 ], [ 139.84133861699999, 35.870649424 ], [ 139.841320333, 35.870517667 ], [ 139.84127212300001, 35.870280324 ], [ 139.84127130600001, 35.870276306 ], [ 139.84119855599999, 35.86980775 ], [ 139.84117089, 35.869576083 ], [ 139.841127618, 35.869437342 ], [ 139.84110015600001, 35.869352068 ], [ 139.84106042, 35.869193192 ], [ 139.840756556, 35.868382139 ], [ 139.840692, 35.868119194 ], [ 139.840688333, 35.868104194 ], [ 139.840614334, 35.867853533 ], [ 139.84060249800001, 35.867797208 ], [ 139.840580469, 35.867644033 ], [ 139.840582966, 35.867514091 ], [ 139.840608333, 35.867363139 ], [ 139.840658139, 35.867085583 ], [ 139.840690110999986, 35.866762306 ], [ 139.84069623, 35.866666667 ], [ 139.840702722, 35.866565194 ], [ 139.84073973400001, 35.866117875 ], [ 139.840742861, 35.866057528 ], [ 139.840747625, 35.865759639 ], [ 139.84074842699999, 35.865551697 ], [ 139.840734803, 35.865385473 ], [ 139.840677583, 35.864991694 ], [ 139.840660332999988, 35.864847639 ], [ 139.840607111, 35.864403306 ], [ 139.840606083000011, 35.864347806 ], [ 139.840546472, 35.863879278 ], [ 139.84051589399999, 35.863566054 ], [ 139.840527834999989, 35.86337651 ], [ 139.840554703, 35.86314687 ], [ 139.84064905599999, 35.862658361 ], [ 139.840658593, 35.862637854 ], [ 139.840717273, 35.862511682 ], [ 139.840910708, 35.862001034 ], [ 139.84104704500001, 35.861653676 ], [ 139.841188, 35.861292917 ], [ 139.841235270999988, 35.861142865 ], [ 139.8413185, 35.860846306 ], [ 139.84139472199999, 35.86059175 ], [ 139.84142905600001, 35.86044075 ], [ 139.841486472000014, 35.860216417 ], [ 139.841491757999989, 35.860195449 ], [ 139.841509202, 35.860126256 ], [ 139.841521556, 35.86007725 ], [ 139.841459667, 35.860062111 ], [ 139.84092879799999, 35.859942294 ], [ 139.840898694, 35.8599355 ], [ 139.840837139, 35.860079361 ], [ 139.84069622199999, 35.86043075 ], [ 139.840429473, 35.861116139 ], [ 139.840315167, 35.86146075 ], [ 139.840264988, 35.861600958 ], [ 139.840225444, 35.861719917 ], [ 139.840196069, 35.861818026 ], [ 139.840156801, 35.861942204 ], [ 139.84005452299999, 35.86226691 ], [ 139.839972681, 35.862543216 ], [ 139.839815208, 35.863163294 ], [ 139.839703444, 35.863780139 ], [ 139.839667585, 35.864105174 ], [ 139.83963455599999, 35.864404556 ], [ 139.839618066000014, 35.865277265 ], [ 139.839619574000011, 35.865309088 ], [ 139.839641527999987, 35.865772528 ], [ 139.83967172199999, 35.866048639 ], [ 139.839825972, 35.866666667 ], [ 139.839900288, 35.866934289 ], [ 139.840148056, 35.867862861 ], [ 139.840314944, 35.868604639 ], [ 139.840404674000013, 35.869071879 ], [ 139.840519583, 35.869640417 ], [ 139.84060255599999, 35.870018389 ], [ 139.840698472000014, 35.870382556 ], [ 139.840893222, 35.871134889 ], [ 139.840948494, 35.871300191 ], [ 139.840975805999989, 35.871436333 ], [ 139.841027258999986, 35.871950306 ], [ 139.841028505, 35.872001148 ], [ 139.841028746, 35.872010959 ], [ 139.84103925, 35.8724395 ], [ 139.841062193999988, 35.872841556 ], [ 139.841078528, 35.873045889 ], [ 139.841105306, 35.873380417 ], [ 139.84110755099999, 35.873392486 ], [ 139.841117778000012, 35.873447472 ], [ 139.84097584599999, 35.873841664 ], [ 139.841034756, 35.877013448 ], [ 139.840827147, 35.878237252 ], [ 139.840821651999988, 35.87826964 ], [ 139.840794533, 35.878429502 ], [ 139.84075543899999, 35.878587327 ], [ 139.84070975099999, 35.878771772 ], [ 139.840536839, 35.879469824 ], [ 139.840245178, 35.880223343 ], [ 139.839977596000011, 35.880729828 ], [ 139.839928885, 35.880804104 ], [ 139.839837952000011, 35.880942763 ], [ 139.839648538, 35.881223331 ], [ 139.839593994000012, 35.881317797 ], [ 139.839448909, 35.881558867 ], [ 139.839282034, 35.881840922 ], [ 139.839238435, 35.881922801 ], [ 139.83914297199999, 35.882102083 ], [ 139.839121782, 35.882188286 ], [ 139.838747695, 35.883720805 ], [ 139.838680651, 35.883947167 ], [ 139.83862675, 35.88438 ], [ 139.838584639, 35.884634417 ], [ 139.838597243, 35.884938322 ], [ 139.83862784199999, 35.885278674 ], [ 139.83863057799999, 35.88530713 ], [ 139.838636165999986, 35.885316225 ], [ 139.83864357499999, 35.885421059 ], [ 139.838683363, 35.885537 ], [ 139.83855515499999, 35.885593645 ], [ 139.838556903000011, 35.885846209 ], [ 139.838639926000013, 35.886493157 ], [ 139.838812674, 35.887031142 ], [ 139.839213793999988, 35.887812567 ], [ 139.839492713999988, 35.888203452 ], [ 139.839617537, 35.888504737 ], [ 139.839672967000013, 35.888638527 ], [ 139.839802717999987, 35.888992131 ], [ 139.839841086, 35.889121134 ], [ 139.840077556000011, 35.889916194 ], [ 139.840139139, 35.890046139 ], [ 139.840392345999987, 35.890652044 ], [ 139.84065451399999, 35.890735763 ], [ 139.840632656, 35.89144682 ], [ 139.842338756, 35.892096668 ], [ 139.842398820999989, 35.892120134 ], [ 139.842541082999986, 35.891705583 ], [ 139.84255372199999, 35.891666667 ], [ 139.842686316999988, 35.89129305 ], [ 139.842729146000011, 35.891172369 ], [ 139.842744089, 35.891130261 ], [ 139.842813444, 35.890952861 ], [ 139.843137055999989, 35.889997917 ], [ 139.843247889, 35.889676806 ], [ 139.843291889, 35.889547333 ], [ 139.84342589799999, 35.889153042 ], [ 139.843446296, 35.889094681 ], [ 139.84359416699999, 35.888661583 ], [ 139.843633778, 35.888490639 ], [ 139.843701888999988, 35.888174639 ], [ 139.843769759999986, 35.887766439 ] ] ] } },
{ "type": "Feature", "properties": { "A29_001": "11243", "A29_002": "埼玉県", "A29_003": "吉川市", "A29_004": 4, "A29_005": "第二種中高層住居専用地域", "A29_006": 60, "A29_007": 200, "A29_008": null }, "geometry": { "type": "Polygon", "coordinates": [ [ [ 139.84658809199999, 35.881689364 ], [ 139.846725544, 35.880043833 ], [ 139.846796950999988, 35.879417223 ], [ 139.84667417599999, 35.879399055 ], [ 139.845717667, 35.879247 ], [ 139.844553639, 35.879066083 ], [ 139.844555398000011, 35.879108119 ], [ 139.84456673, 35.879379092 ], [ 139.844573028000013, 35.879529667 ], [ 139.84458319399999, 35.88001625 ], [ 139.844614056000012, 35.880901889 ], [ 139.844623686, 35.881375455 ], [ 139.843978222, 35.881267667 ], [ 139.843979401000013, 35.881317457 ], [ 139.84399475, 35.881965778 ], [ 139.84400953, 35.882315547 ], [ 139.844013673, 35.882526833 ], [ 139.844013675000014, 35.882526909 ], [ 139.84403152199999, 35.882923969 ], [ 139.844030056, 35.882973333 ], [ 139.844051119999989, 35.883333333 ], [ 139.844055794000013, 35.883413224 ], [ 139.844071246, 35.883844085 ], [ 139.844073269, 35.883890588 ], [ 139.844095904999989, 35.884410811 ], [ 139.844119901, 35.884881059 ], [ 139.844146306, 35.885524389 ], [ 139.844145077, 35.885537483 ], [ 139.84618852700001, 35.885813881 ], [ 139.84637458200001, 35.884188662 ], [ 139.846512087, 35.88281023 ], [ 139.84658809199999, 35.881689364 ] ] ] } },
{ "type": "Feature", "properties": { "A29_001": "11243", "A29_002": "埼玉県", "A29_003": "吉川市", "A29_004": 3, "A29_005": "第一種中高層住居専用地域", "A29_006": 60, "A29_007": 200, "A29_008": null }, "geometry": { "type": "Polygon", "coordinates": [ [ [ 139.848084317, 35.885263441 ], [ 139.848142861000014, 35.8850265 ], [ 139.848188604, 35.885034925 ], [ 139.84849090599999, 35.885090609 ], [ 139.848707037, 35.885124809 ], [ 139.848919633, 35.88515944 ], [ 139.848928128000011, 35.88512473 ], [ 139.849013587, 35.884775548 ], [ 139.84903036, 35.884680459 ], [ 139.849051339, 35.884561533 ], [ 139.849098747999989, 35.884373922 ], [ 139.849136482, 35.884218526 ], [ 139.84917073, 35.884224358 ], [ 139.849267544000014, 35.884240843 ], [ 139.84933894400001, 35.884252472 ], [ 139.84995838899999, 35.884354139 ], [ 139.85, 35.884361333 ], [ 139.85059972, 35.884451451 ], [ 139.85059992, 35.884466796 ], [ 139.850965806, 35.884521556 ], [ 139.851159819, 35.884549489 ], [ 139.851172219, 35.884543244 ], [ 139.85118205099999, 35.884538292 ], [ 139.85140261399999, 35.884577713 ], [ 139.852548235, 35.884761535 ], [ 139.85288723, 35.884815217 ], [ 139.85324597499999, 35.88487271 ], [ 139.853263328999986, 35.884875491 ], [ 139.853274676000012, 35.884877997 ], [ 139.85332345899999, 35.884888772 ], [ 139.853371033, 35.884899281 ], [ 139.853454118, 35.8846714 ], [ 139.853528399, 35.884448494 ], [ 139.853679476999986, 35.883982094 ], [ 139.853912466, 35.88402 ], [ 139.85433813899999, 35.884086952 ], [ 139.854478704, 35.884109598 ], [ 139.85477742899999, 35.884154843 ], [ 139.855312903999987, 35.884241861 ], [ 139.85531962799999, 35.884216141 ], [ 139.85544502799999, 35.883736472 ], [ 139.85544527799999, 35.8837355 ], [ 139.855530472, 35.883333333 ], [ 139.855556721, 35.883260674 ], [ 139.855215748, 35.883207003 ], [ 139.855250918, 35.883074792 ], [ 139.855339656000012, 35.882728274 ], [ 139.855100905, 35.882692336 ], [ 139.855115028, 35.882634252 ], [ 139.855239224, 35.882236545 ], [ 139.855550098, 35.882289688 ], [ 139.855768684, 35.882320014 ], [ 139.855881183, 35.881849841 ], [ 139.85586093, 35.881846659 ], [ 139.855668971999989, 35.8818165 ], [ 139.855446667, 35.881781472 ], [ 139.855020943999989, 35.881714417 ], [ 139.85479401399999, 35.881679739 ], [ 139.85453225, 35.881637417 ], [ 139.85469457, 35.881178794 ], [ 139.854874464, 35.880693211 ], [ 139.854835441, 35.880686552 ], [ 139.8547495, 35.880671889 ], [ 139.85395223399999, 35.880539035 ], [ 139.853154072, 35.88039291 ], [ 139.852786745, 35.880350742 ], [ 139.852662409, 35.880336469 ], [ 139.85263888899999, 35.880342306 ], [ 139.852402583000014, 35.880296 ], [ 139.851821194, 35.880200444 ], [ 139.851635826, 35.880167791 ], [ 139.851512694, 35.880147389 ], [ 139.851084611, 35.880078722 ], [ 139.850170722, 35.879932111 ], [ 139.85, 35.879905583 ], [ 139.849966139, 35.879900306 ], [ 139.849538528000011, 35.879831222 ], [ 139.849240060999989, 35.879777664 ], [ 139.848979694, 35.879740944 ], [ 139.84864325, 35.879689111 ], [ 139.848418444, 35.879652472 ], [ 139.84823761199999, 35.879623767 ], [ 139.848211585, 35.879619635 ], [ 139.847990667, 35.879582778 ], [ 139.847769556, 35.87954675 ], [ 139.847663360000013, 35.879529562 ], [ 139.84765339099999, 35.879589905 ], [ 139.847517721, 35.880957943 ], [ 139.847272100999987, 35.883815428 ], [ 139.84703214000001, 35.886365244 ], [ 139.847031068, 35.886375779 ], [ 139.847472567000011, 35.886441012 ], [ 139.84781522599999, 35.886494408 ], [ 139.848033944, 35.886539893 ], [ 139.84824780299999, 35.886569557 ], [ 139.848465371, 35.886609159 ], [ 139.848625375000012, 35.886639486 ], [ 139.848826640999988, 35.886676851 ], [ 139.848832621000014, 35.886650981 ], [ 139.84893298099999, 35.886216816 ], [ 139.84906252799999, 35.885705278 ], [ 139.848994471999987, 35.885694722 ], [ 139.848019778, 35.885543528 ], [ 139.848084317, 35.885263441 ] ] ] } },
{ "type": "Feature", "properties": { "A29_001": "11243", "A29_002": "埼玉県", "A29_003": "吉川市", "A29_004": 6, "A29_005": "第二種住居地域", "A29_006": 60, "A29_007": 200, "A29_008": null }, "geometry": { "type": "Polygon", "coordinates": [ [ [ 139.846069164, 35.886989638 ], [ 139.846135096000012, 35.886242889 ], [ 139.846264197000011, 35.886264974 ], [ 139.846353818000011, 35.886275711 ], [ 139.84694353, 35.886362845 ], [ 139.847031068, 35.886375779 ], [ 139.84703214000001, 35.886365244 ], [ 139.847272100999987, 35.883815428 ], [ 139.847517721, 35.880957943 ], [ 139.84765339099999, 35.879589905 ], [ 139.847663360000013, 35.879529562 ], [ 139.847171034000013, 35.879449233 ], [ 139.847160417, 35.8794475 ], [ 139.84700279899999, 35.879443723 ], [ 139.846796950999988, 35.879417223 ], [ 139.846725544, 35.880043833 ], [ 139.84658809199999, 35.881689364 ], [ 139.846512087, 35.88281023 ], [ 139.84637458200001, 35.884188662 ], [ 139.84618852700001, 35.885813881 ], [ 139.844145077, 35.885537483 ], [ 139.844115394, 35.885533467 ], [ 139.841805523, 35.88519105 ], [ 139.841736907000012, 35.885792379 ], [ 139.841576701, 35.886314468 ], [ 139.843978295999989, 35.88666014 ], [ 139.843986742, 35.886661356 ], [ 139.846069164, 35.886989638 ] ] ] } },
{ "type": "Feature", "properties": { "A29_001": "11243", "A29_002": "埼玉県", "A29_003": "吉川市", "A29_004": 8, "A29_005": "近隣商業地域", "A29_006": 80, "A29_007": 200, "A29_008": null }, "geometry": { "type": "Polygon", "coordinates": [ [ [ 139.84129619, 35.882221707 ], [ 139.841271605, 35.882533517 ], [ 139.841075305, 35.882808176 ], [ 139.840986122, 35.882956176 ], [ 139.840830111, 35.883241444 ], [ 139.84077869399999, 35.883332944 ], [ 139.8407785, 35.883333333 ], [ 139.84071588, 35.883436702 ], [ 139.840611709, 35.883581048 ], [ 139.84045925, 35.883846833 ], [ 139.840365658, 35.88417419 ], [ 139.840321469, 35.884426731 ], [ 139.840304952, 35.884581913 ], [ 139.840310222, 35.884757085 ], [ 139.8403318, 35.884879684 ], [ 139.840332203, 35.88489554 ], [ 139.840333722, 35.884955278 ], [ 139.840340809, 35.885055633 ], [ 139.840343983999986, 35.885159534 ], [ 139.840354522000013, 35.8853006 ], [ 139.840351500999986, 35.885640531 ], [ 139.84064084, 35.885645576 ], [ 139.84088393, 35.885649814 ], [ 139.841113471999989, 35.885654561 ], [ 139.841047659, 35.885814608 ], [ 139.84099847600001, 35.885927609 ], [ 139.840553771, 35.887511331 ], [ 139.840649796, 35.887534474 ], [ 139.840832440000014, 35.887590914 ], [ 139.84089183399999, 35.887609268 ], [ 139.841009613000011, 35.887655209 ], [ 139.841011457, 35.88765616 ], [ 139.841067297, 35.887684938 ], [ 139.841097217, 35.887700358 ], [ 139.841175146000012, 35.887748529 ], [ 139.84121413599999, 35.887624294 ], [ 139.841576701, 35.886314468 ], [ 139.841736907000012, 35.885792379 ], [ 139.841805523, 35.88519105 ], [ 139.84189685699999, 35.883000163 ], [ 139.841913973, 35.882370864 ], [ 139.841993124999988, 35.882011555 ], [ 139.841887246, 35.881996214 ], [ 139.841653283, 35.881962313 ], [ 139.841385984, 35.881929749 ], [ 139.841302431, 35.881917213 ], [ 139.84129619, 35.882221707 ] ] ] } },
{ "type": "Feature", "properties": { "A29_001": "11243", "A29_002": "埼玉県", "A29_003": "吉川市", "A29_004": 12, "A29_005": "工業専用地域", "A29_006": 60, "A29_007": 200, "A29_008": null }, "geometry": { "type": "Polygon", "coordinates": [ [ [ 139.861709143000013, 35.887680519 ], [ 139.864427291, 35.888139508 ], [ 139.864445335, 35.888140265 ], [ 139.86468305599999, 35.887219083 ], [ 139.864932278, 35.886273278 ], [ 139.865190611, 35.885321889 ], [ 139.86544780599999, 35.884358861 ], [ 139.865666139000012, 35.883593417 ], [ 139.865706417000013, 35.883438278 ], [ 139.865732694, 35.883353694 ], [ 139.865738861000011, 35.883333333 ], [ 139.865965561, 35.882602734 ], [ 139.865987373, 35.882516348 ], [ 139.86423605600001, 35.882228167 ], [ 139.863448076, 35.882087561 ], [ 139.862810306, 35.881974306 ], [ 139.861134556, 35.88169875 ], [ 139.861131798, 35.88170907 ], [ 139.861001847000011, 35.882195338 ], [ 139.860892833, 35.882659111 ], [ 139.860779310999988, 35.883125271 ], [ 139.860731028, 35.883333333 ], [ 139.860730389, 35.883336194 ], [ 139.860669777999988, 35.883587111 ], [ 139.860567833, 35.884002861 ], [ 139.86055195599999, 35.88406404 ], [ 139.860497966999986, 35.884272073 ], [ 139.860425916999986, 35.884549694 ], [ 139.86075066699999, 35.884601167 ], [ 139.861392972, 35.884702972 ], [ 139.861555138999989, 35.884714583 ], [ 139.862001128, 35.884775267 ], [ 139.862038281999986, 35.884780323 ], [ 139.862032083, 35.884812917 ], [ 139.861909222, 35.885335889 ], [ 139.86187286099999, 35.885779361 ], [ 139.861855222, 35.886000639 ], [ 139.861824500000012, 35.886317278 ], [ 139.861809611000012, 35.886519417 ], [ 139.861797583, 35.886708444 ], [ 139.861774306, 35.88696425 ], [ 139.86173659100001, 35.887382236 ], [ 139.861709143000013, 35.887680519 ] ] ] } },
{ "type": "Feature", "properties": { "A29_001": "11243", "A29_002": "埼玉県", "A29_003": "吉川市", "A29_004": 10, "A29_005": "準工業地域", "A29_006": 60, "A29_007": 200, "A29_008": null }, "geometry": { "type": "Polygon", "coordinates": [ [ [ 139.856967142, 35.885471973 ], [ 139.857073, 35.885013028 ], [ 139.85717953599999, 35.884544883 ], [ 139.856861783999989, 35.884493731 ], [ 139.856608095000013, 35.884456799 ], [ 139.856393090000012, 35.884418633 ], [ 139.85627903299999, 35.884398386 ], [ 139.855660570999987, 35.88430031 ], [ 139.85531199499999, 35.884245478 ], [ 139.855312903999987, 35.884241861 ], [ 139.85477742899999, 35.884154843 ], [ 139.854478704, 35.884109598 ], [ 139.85433813899999, 35.884086952 ], [ 139.853912466, 35.88402 ], [ 139.853679476999986, 35.883982094 ], [ 139.853528399, 35.884448494 ], [ 139.853454118, 35.8846714 ], [ 139.853371033, 35.884899281 ], [ 139.85332345899999, 35.884888772 ], [ 139.853274676000012, 35.884877997 ], [ 139.853263328999986, 35.884875491 ], [ 139.85324597499999, 35.88487271 ], [ 139.85288723, 35.884815217 ], [ 139.852548235, 35.884761535 ], [ 139.85140261399999, 35.884577713 ], [ 139.85118205099999, 35.884538292 ], [ 139.851172219, 35.884543244 ], [ 139.851159819, 35.884549489 ], [ 139.850965806, 35.884521556 ], [ 139.85059992, 35.884466796 ], [ 139.85059972, 35.884451451 ], [ 139.85, 35.884361333 ], [ 139.84995838899999, 35.884354139 ], [ 139.84933894400001, 35.884252472 ], [ 139.849267544000014, 35.884240843 ], [ 139.84917073, 35.884224358 ], [ 139.849136482, 35.884218526 ], [ 139.849098747999989, 35.884373922 ], [ 139.849051339, 35.884561533 ], [ 139.84903036, 35.884680459 ], [ 139.849013587, 35.884775548 ], [ 139.848928128000011, 35.88512473 ], [ 139.848919633, 35.88515944 ], [ 139.848707037, 35.885124809 ], [ 139.84849090599999, 35.885090609 ], [ 139.848188604, 35.885034925 ], [ 139.848142861000014, 35.8850265 ], [ 139.848084317, 35.885263441 ], [ 139.848019778, 35.885543528 ], [ 139.848994471999987, 35.885694722 ], [ 139.84906252799999, 35.885705278 ], [ 139.84893298099999, 35.886216816 ], [ 139.848832621000014, 35.886650981 ], [ 139.848826640999988, 35.886676851 ], [ 139.84920139, 35.886721672 ], [ 139.849422094, 35.886750662 ], [ 139.849635486000011, 35.886786791 ], [ 139.84984868, 35.88682758 ], [ 139.85, 35.886851879 ], [ 139.850009867000011, 35.886853463 ], [ 139.85050247699999, 35.886935698 ], [ 139.851026194000013, 35.887035444 ], [ 139.851681582999987, 35.887141028 ], [ 139.851851431, 35.887168399 ], [ 139.852208311, 35.887222829 ], [ 139.852760816, 35.887303808 ], [ 139.854055444000011, 35.887525139 ], [ 139.85427122199999, 35.887558639 ], [ 139.854569849, 35.887605684 ], [ 139.85483472199999, 35.887647444 ], [ 139.855069500000013, 35.887685111 ], [ 139.855348611000011, 35.887729889 ], [ 139.855590721999988, 35.88776875 ], [ 139.855685333, 35.887783944 ], [ 139.855873529, 35.8878029 ], [ 139.856144779, 35.887845974 ], [ 139.85644066399999, 35.887892123 ], [ 139.856686165000013, 35.887930161 ], [ 139.856903566999989, 35.887966665 ], [ 139.85722321, 35.888028406 ], [ 139.858209167000012, 35.888190917 ], [ 139.85828238900001, 35.888202806 ], [ 139.858298917000013, 35.888205833 ], [ 139.85833333299999, 35.888211306 ], [ 139.858421611000011, 35.888225306 ], [ 139.85864202799999, 35.888260278 ], [ 139.8588545, 35.888293972 ], [ 139.858952116000012, 35.888311099 ], [ 139.859074, 35.888328806 ], [ 139.859855583000012, 35.888452806 ], [ 139.859866398, 35.888406219 ], [ 139.8599639, 35.887986181 ], [ 139.860066187, 35.887545529 ], [ 139.859987069, 35.887529485 ], [ 139.856620152, 35.88700405 ], [ 139.856616847, 35.886972662 ], [ 139.85661335099999, 35.886939455 ], [ 139.856740553, 35.886413217 ], [ 139.85676725, 35.886304611 ], [ 139.856809277999986, 35.886128278 ], [ 139.856856306, 35.885931083 ], [ 139.856910778000014, 35.885700361 ], [ 139.85692874899999, 35.885633435 ], [ 139.856966046, 35.885475539 ], [ 139.856967142, 35.885471973 ] ] ] } },
{ "type": "Feature", "properties": { "A29_001": "11243", "A29_002": "埼玉県", "A29_003": "吉川市", "A29_004": 11, "A29_005": "工業地域", "A29_006": 60, "A29_007": 200, "A29_008": null }, "geometry": { "type": "Polygon", "coordinates": [ [ [ 139.860497966999986, 35.884272073 ], [ 139.86055195599999, 35.88406404 ], [ 139.860567833, 35.884002861 ], [ 139.860669777999988, 35.883587111 ], [ 139.860730389, 35.883336194 ], [ 139.860731028, 35.883333333 ], [ 139.860779310999988, 35.883125271 ], [ 139.860892833, 35.882659111 ], [ 139.861001847000011, 35.882195338 ], [ 139.861134556, 35.88169875 ], [ 139.86076125, 35.88163425 ], [ 139.860546889, 35.881598972 ], [ 139.860323583, 35.881561806 ], [ 139.859896222, 35.881490694 ], [ 139.85966969399999, 35.881453833 ], [ 139.859459832999988, 35.881419722 ], [ 139.859238721999986, 35.88138375 ], [ 139.859015306, 35.881349306 ], [ 139.858799944, 35.881316139 ], [ 139.858681694000012, 35.881297889 ], [ 139.858410889, 35.881256167 ], [ 139.85833333299999, 35.881245389 ], [ 139.85807722199999, 35.88120525 ], [ 139.858010645, 35.881178237 ], [ 139.858003634, 35.881206067 ], [ 139.85797851, 35.881305792 ], [ 139.857940547999988, 35.881456478 ], [ 139.857879257, 35.881699766 ], [ 139.857827261000011, 35.881909901 ], [ 139.85776694399999, 35.882153667 ], [ 139.857763666000011, 35.882171617 ], [ 139.857744, 35.882279306 ], [ 139.857662628000014, 35.882627106 ], [ 139.857628398, 35.882767078 ], [ 139.85754663899999, 35.88308475 ], [ 139.857902121, 35.883139422 ], [ 139.858130468000013, 35.883178298 ], [ 139.858301861, 35.883207944 ], [ 139.85833333299999, 35.883212853 ], [ 139.858350293, 35.883215497 ], [ 139.858454144, 35.883233054 ], [ 139.858390727999989, 35.883485201 ], [ 139.85824281, 35.884127074 ], [ 139.858222412, 35.884197868 ], [ 139.85813683, 35.884183799 ], [ 139.858105943999988, 35.884178722 ], [ 139.857893870999987, 35.884142451 ], [ 139.857680058, 35.884107425 ], [ 139.857293, 35.884045028 ], [ 139.857190651, 35.884495921 ], [ 139.85717953599999, 35.884544883 ], [ 139.857073, 35.885013028 ], [ 139.856967142, 35.885471973 ], [ 139.856966046, 35.885475539 ], [ 139.85692874899999, 35.885633435 ], [ 139.856910778000014, 35.885700361 ], [ 139.856856306, 35.885931083 ], [ 139.856809277999986, 35.886128278 ], [ 139.85676725, 35.886304611 ], [ 139.856740553, 35.886413217 ], [ 139.85661335099999, 35.886939455 ], [ 139.856616847, 35.886972662 ], [ 139.856620152, 35.88700405 ], [ 139.859987069, 35.887529485 ], [ 139.860066187, 35.887545529 ], [ 139.8599639, 35.887986181 ], [ 139.859866398, 35.888406219 ], [ 139.859855583000012, 35.888452806 ], [ 139.86025408399999, 35.888519904 ], [ 139.860402504, 35.888546994 ], [ 139.860477408, 35.888556023 ], [ 139.860614731, 35.888580856 ], [ 139.860706279, 35.888593272 ], [ 139.860839441, 35.888614718 ], [ 139.861058289, 35.888647031 ], [ 139.861274363, 35.888684479 ], [ 139.861402457, 35.888703202 ], [ 139.86213751, 35.888810637 ], [ 139.862468459000013, 35.88886683 ], [ 139.86280941699999, 35.888929722 ], [ 139.8630705, 35.8889725 ], [ 139.863272222, 35.889005528 ], [ 139.863481498, 35.889038603 ], [ 139.86417724399999, 35.889149661 ], [ 139.864196763, 35.889076279 ], [ 139.864301848999986, 35.8886812 ], [ 139.864432474000012, 35.888190102 ], [ 139.864445335, 35.888140265 ], [ 139.864427291, 35.888139508 ], [ 139.861709143000013, 35.887680519 ], [ 139.86173659100001, 35.887382236 ], [ 139.861774306, 35.88696425 ], [ 139.861797583, 35.886708444 ], [ 139.861809611000012, 35.886519417 ], [ 139.861824500000012, 35.886317278 ], [ 139.861855222, 35.886000639 ], [ 139.86187286099999, 35.885779361 ], [ 139.861909222, 35.885335889 ], [ 139.862032083, 35.884812917 ], [ 139.862038281999986, 35.884780323 ], [ 139.862001128, 35.884775267 ], [ 139.861555138999989, 35.884714583 ], [ 139.861392972, 35.884702972 ], [ 139.86075066699999, 35.884601167 ], [ 139.860425916999986, 35.884549694 ], [ 139.860497966999986, 35.884272073 ] ] ] } },
{ "type": "Feature", "properties": { "A29_001": "11243", "A29_002": "埼玉県", "A29_003": "吉川市", "A29_004": 7, "A29_005": "準住居地域", "A29_006": 60, "A29_007": 200, "A29_008": null }, "geometry": { "type": "Polygon", "coordinates": [ [ [ 139.86280941699999, 35.888929722 ], [ 139.862468459000013, 35.88886683 ], [ 139.86213751, 35.888810637 ], [ 139.861402457, 35.888703202 ], [ 139.861274363, 35.888684479 ], [ 139.861058289, 35.888647031 ], [ 139.860839441, 35.888614718 ], [ 139.860706279, 35.888593272 ], [ 139.860614731, 35.888580856 ], [ 139.860477408, 35.888556023 ], [ 139.860402504, 35.888546994 ], [ 139.86025408399999, 35.888519904 ], [ 139.859855583000012, 35.888452806 ], [ 139.859074, 35.888328806 ], [ 139.858952116000012, 35.888311099 ], [ 139.8588545, 35.888293972 ], [ 139.85864202799999, 35.888260278 ], [ 139.858421611000011, 35.888225306 ], [ 139.85833333299999, 35.888211306 ], [ 139.858298917000013, 35.888205833 ], [ 139.85828238900001, 35.888202806 ], [ 139.858209167000012, 35.888190917 ], [ 139.85722321, 35.888028406 ], [ 139.856903566999989, 35.887966665 ], [ 139.856686165000013, 35.887930161 ], [ 139.85644066399999, 35.887892123 ], [ 139.856144779, 35.887845974 ], [ 139.855873529, 35.8878029 ], [ 139.855685333, 35.887783944 ], [ 139.855590721999988, 35.88776875 ], [ 139.855348611000011, 35.887729889 ], [ 139.855069500000013, 35.887685111 ], [ 139.85483472199999, 35.887647444 ], [ 139.854569849, 35.887605684 ], [ 139.85427122199999, 35.887558639 ], [ 139.854055444000011, 35.887525139 ], [ 139.852760816, 35.887303808 ], [ 139.852208311, 35.887222829 ], [ 139.851851431, 35.887168399 ], [ 139.851681582999987, 35.887141028 ], [ 139.851026194000013, 35.887035444 ], [ 139.85050247699999, 35.886935698 ], [ 139.850009867000011, 35.886853463 ], [ 139.85, 35.886851879 ], [ 139.84984868, 35.88682758 ], [ 139.849635486000011, 35.886786791 ], [ 139.849422094, 35.886750662 ], [ 139.84920139, 35.886721672 ], [ 139.848826640999988, 35.886676851 ], [ 139.848625375000012, 35.886639486 ], [ 139.848465371, 35.886609159 ], [ 139.84824780299999, 35.886569557 ], [ 139.848033944, 35.886539893 ], [ 139.84781522599999, 35.886494408 ], [ 139.847472567000011, 35.886441012 ], [ 139.847031068, 35.886375779 ], [ 139.84694353, 35.886362845 ], [ 139.846353818000011, 35.886275711 ], [ 139.846264197000011, 35.886264974 ], [ 139.846135096000012, 35.886242889 ], [ 139.846069164, 35.886989638 ], [ 139.845982991, 35.887884941 ], [ 139.845871549, 35.888671015 ], [ 139.845958214, 35.888687944 ], [ 139.84599367199999, 35.888694871 ], [ 139.846073080999986, 35.888703973 ], [ 139.84627578199999, 35.888749085 ], [ 139.846648681, 35.888868887 ], [ 139.846708398, 35.888399735 ], [ 139.846749120999988, 35.888063936 ], [ 139.846785417, 35.887743056 ], [ 139.846835139, 35.887394639 ], [ 139.846877861, 35.887013861 ], [ 139.847986444000014, 35.887200583 ], [ 139.84820008299999, 35.887281917 ], [ 139.848640593, 35.887430581 ], [ 139.84909080599999, 35.887602583 ], [ 139.849109476, 35.887540996 ], [ 139.849144413, 35.887425746 ], [ 139.849156361000013, 35.887386333 ], [ 139.84991825, 35.887501861 ], [ 139.849994306000013, 35.887515194 ], [ 139.85, 35.887516139 ], [ 139.85026475, 35.887560389 ], [ 139.85078272199999, 35.887638167 ], [ 139.851525861999988, 35.887757959 ], [ 139.851838765999986, 35.887808333 ], [ 139.853925667, 35.888144 ], [ 139.854431721999987, 35.888211917 ], [ 139.854898, 35.888303083 ], [ 139.855705086, 35.888427161 ], [ 139.85596221899999, 35.888466692 ], [ 139.85808735, 35.888802501 ], [ 139.85833333299999, 35.888843767 ], [ 139.858629834, 35.888893508 ], [ 139.859244294, 35.888994803 ], [ 139.859659512, 35.889063253 ], [ 139.859692685, 35.889068722 ], [ 139.859732408000013, 35.888917225 ], [ 139.85990932199999, 35.888945841 ], [ 139.860157367, 35.888988426 ], [ 139.860288465999986, 35.889009222 ], [ 139.86143431799999, 35.88919099 ], [ 139.861421541999988, 35.889241359 ], [ 139.861401873, 35.8893189 ], [ 139.86167996099999, 35.889369237 ], [ 139.86233977399999, 35.8894786 ], [ 139.862663, 35.889529889 ], [ 139.863379556000012, 35.889642694 ], [ 139.864008004999988, 35.889772899 ], [ 139.864039193999986, 35.889677417 ], [ 139.86410033300001, 35.889468 ], [ 139.864130222, 35.889340417 ], [ 139.86417724399999, 35.889149661 ], [ 139.863481498, 35.889038603 ], [ 139.863272222, 35.889005528 ], [ 139.8630705, 35.8889725 ], [ 139.86280941699999, 35.888929722 ] ] ] } },
{ "type": "Feature", "properties": { "A29_001": "11243", "A29_002": "埼玉県", "A29_003": "吉川市", "A29_004": 4, "A29_005": "第二種中高層住居専用地域", "A29_006": 60, "A29_007": 200, "A29_008": null }, "geometry": { "type": "Polygon", "coordinates": [ [ [ 139.843986742, 35.886661356 ], [ 139.843978295999989, 35.88666014 ], [ 139.843925528, 35.886914 ], [ 139.84391230599999, 35.886966528 ], [ 139.843879861, 35.887136917 ], [ 139.843864, 35.887220139 ], [ 139.84377316699999, 35.887745944 ], [ 139.843769759999986, 35.887766439 ], [ 139.843701888999988, 35.888174639 ], [ 139.843633778, 35.888490639 ], [ 139.84359416699999, 35.888661583 ], [ 139.843446296, 35.889094681 ], [ 139.84342589799999, 35.889153042 ], [ 139.843291889, 35.889547333 ], [ 139.843247889, 35.889676806 ], [ 139.843137055999989, 35.889997917 ], [ 139.842813444, 35.890952861 ], [ 139.842744089, 35.891130261 ], [ 139.842729146000011, 35.891172369 ], [ 139.842686316999988, 35.89129305 ], [ 139.84255372199999, 35.891666667 ], [ 139.842541082999986, 35.891705583 ], [ 139.842398820999989, 35.892120134 ], [ 139.844193718000014, 35.892821345 ], [ 139.844294071, 35.892861672 ], [ 139.84425878799999, 35.892934315 ], [ 139.844332482, 35.892958328 ], [ 139.844412866999988, 35.892984323 ], [ 139.845899583, 35.893543528 ], [ 139.846049556, 35.893593222 ], [ 139.847867852, 35.894238163 ], [ 139.848328583000011, 35.894405887 ], [ 139.84833675499999, 35.894381971 ], [ 139.848456123, 35.894167621 ], [ 139.849054247999987, 35.893093502 ], [ 139.84958196299999, 35.892151263 ], [ 139.850465624, 35.890573435 ], [ 139.850605072, 35.890324425 ], [ 139.850612825000013, 35.890308544 ], [ 139.850584270000013, 35.89029854 ], [ 139.850028028, 35.890103667 ], [ 139.85, 35.890093194 ], [ 139.849957028, 35.890077139 ], [ 139.84912093599999, 35.889784289 ], [ 139.848824417, 35.889662583 ], [ 139.848689869999987, 35.889614154 ], [ 139.848376527999989, 35.889493472 ], [ 139.848206721999986, 35.889432389 ], [ 139.847952666999987, 35.889341 ], [ 139.847048937000011, 35.889020726 ], [ 139.846752796, 35.888908384 ], [ 139.846648681, 35.888868887 ], [ 139.84627578199999, 35.888749085 ], [ 139.846073080999986, 35.888703973 ], [ 139.84599367199999, 35.888694871 ], [ 139.845958214, 35.888687944 ], [ 139.845871549, 35.888671015 ], [ 139.845982991, 35.887884941 ], [ 139.846069164, 35.886989638 ], [ 139.843986742, 35.886661356 ] ] ] } },
{ "type": "Feature", "properties": { "A29_001": "11243", "A29_002": "埼玉県", "A29_003": "吉川市", "A29_004": 3, "A29_005": "第一種中高層住居専用地域", "A29_006": 60, "A29_007": 150, "A29_008": null }, "geometry": { "type": "Polygon", "coordinates": [ [ [ 139.846708398, 35.888399735 ], [ 139.846648681, 35.888868887 ], [ 139.846752796, 35.888908384 ], [ 139.847048937000011, 35.889020726 ], [ 139.847952666999987, 35.889341 ], [ 139.848206721999986, 35.889432389 ], [ 139.848376527999989, 35.889493472 ], [ 139.848689869999987, 35.889614154 ], [ 139.848824417, 35.889662583 ], [ 139.84912093599999, 35.889784289 ], [ 139.849957028, 35.890077139 ], [ 139.85, 35.890093194 ], [ 139.850028028, 35.890103667 ], [ 139.850584270000013, 35.89029854 ], [ 139.850612825000013, 35.890308544 ], [ 139.85067541699999, 35.890330472 ], [ 139.851176611, 35.890519111 ], [ 139.851208716, 35.890530863 ], [ 139.852504417, 35.891005139 ], [ 139.853115972000012, 35.891236556 ], [ 139.853502443999986, 35.891377083 ], [ 139.853953499999989, 35.8915335 ], [ 139.854270222, 35.891647417 ], [ 139.854319, 35.891666667 ], [ 139.854564167, 35.891763444 ], [ 139.855128417, 35.891955472 ], [ 139.855255139, 35.892001417 ], [ 139.855640916999988, 35.89214425 ], [ 139.85573130899999, 35.892174251 ], [ 139.855917694, 35.892231306 ], [ 139.85615925, 35.892314722 ], [ 139.856898527999988, 35.892593194 ], [ 139.857684858999988, 35.892888172 ], [ 139.857865514, 35.892953347 ], [ 139.85810870200001, 35.893039317 ], [ 139.85833333299999, 35.893121972 ], [ 139.858353111000014, 35.893129139 ], [ 139.858375246, 35.893136391 ], [ 139.85860825, 35.893212722 ], [ 139.858825983, 35.893299837 ], [ 139.858886931, 35.893321609 ], [ 139.85910636700001, 35.893396796 ], [ 139.859160675999988, 35.893439287 ], [ 139.859194097, 35.893552312 ], [ 139.85922858399999, 35.893674064 ], [ 139.859266182999988, 35.893759046 ], [ 139.859385249000013, 35.893907338 ], [ 139.859496998999987, 35.894016113 ], [ 139.859712564, 35.894162933 ], [ 139.859819087, 35.894211297 ], [ 139.860253389, 35.894422389 ], [ 139.860322286000013, 35.894496838 ], [ 139.860386389000013, 35.894446722 ], [ 139.86063827699999, 35.894192502 ], [ 139.860688167, 35.894141556 ], [ 139.860808659000014, 35.893928519 ], [ 139.860886693999987, 35.893742278 ], [ 139.86091507399999, 35.893595124 ], [ 139.86097627800001, 35.893299722 ], [ 139.861037611, 35.892996694 ], [ 139.861112028, 35.892695333 ], [ 139.861197694, 35.892570583 ], [ 139.861285167, 35.8924145 ], [ 139.861333694, 35.892327917 ], [ 139.86145646599999, 35.892119607 ], [ 139.86169692199999, 35.891844189 ], [ 139.861852518, 35.891684697 ], [ 139.86187367299999, 35.891666667 ], [ 139.861908411, 35.891637059 ], [ 139.862064178999987, 35.891551652 ], [ 139.862381545, 35.891305226 ], [ 139.862647779000014, 35.891113636 ], [ 139.862969606, 35.890877432 ], [ 139.86307303000001, 35.89079784 ], [ 139.86324274899999, 35.890658434 ], [ 139.863452222, 35.890486361 ], [ 139.863543193999988, 35.890412472 ], [ 139.863676489, 35.890301684 ], [ 139.863749942999988, 35.890222675 ], [ 139.863785404, 35.890180766 ], [ 139.86382762, 35.89012649 ], [ 139.86386142399999, 35.890070061 ], [ 139.863887177, 35.890074183 ], [ 139.86397202399999, 35.889883049 ], [ 139.864008004999988, 35.889772899 ], [ 139.863379556000012, 35.889642694 ], [ 139.862663, 35.889529889 ], [ 139.86233977399999, 35.8894786 ], [ 139.86167996099999, 35.889369237 ], [ 139.861401873, 35.8893189 ], [ 139.861421541999988, 35.889241359 ], [ 139.86143431799999, 35.88919099 ], [ 139.860288465999986, 35.889009222 ], [ 139.860157367, 35.888988426 ], [ 139.85990932199999, 35.888945841 ], [ 139.859732408000013, 35.888917225 ], [ 139.859692685, 35.889068722 ], [ 139.859659512, 35.889063253 ], [ 139.859244294, 35.888994803 ], [ 139.858629834, 35.888893508 ], [ 139.85833333299999, 35.888843767 ], [ 139.85808735, 35.888802501 ], [ 139.85596221899999, 35.888466692 ], [ 139.855705086, 35.888427161 ], [ 139.854898, 35.888303083 ], [ 139.854431721999987, 35.888211917 ], [ 139.853925667, 35.888144 ], [ 139.851838765999986, 35.887808333 ], [ 139.851525861999988, 35.887757959 ], [ 139.85078272199999, 35.887638167 ], [ 139.85026475, 35.887560389 ], [ 139.85, 35.887516139 ], [ 139.849994306000013, 35.887515194 ], [ 139.84991825, 35.887501861 ], [ 139.849156361000013, 35.887386333 ], [ 139.849144413, 35.887425746 ], [ 139.849109476, 35.887540996 ], [ 139.84909080599999, 35.887602583 ], [ 139.848640593, 35.887430581 ], [ 139.84820008299999, 35.887281917 ], [ 139.847986444000014, 35.887200583 ], [ 139.846877861, 35.887013861 ], [ 139.846835139, 35.887394639 ], [ 139.846785417, 35.887743056 ], [ 139.846749120999988, 35.888063936 ], [ 139.846708398, 35.888399735 ] ] ] } },
{ "type": "Feature", "properties": { "A29_001": "11243", "A29_002": "埼玉県", "A29_003": "吉川市", "A29_004": 1, "A29_005": "第一種低層住居専用地域", "A29_006": 50, "A29_007": 100, "A29_008": null }, "geometry": { "type": "Polygon", "coordinates": [ [ [ 139.851788551999988, 35.891035273 ], [ 139.850465624, 35.890573435 ], [ 139.849612734, 35.892096321 ], [ 139.849657237, 35.892110471 ], [ 139.85, 35.892226 ], [ 139.850005333000013, 35.892227806 ], [ 139.85005652800001, 35.892246667 ], [ 139.850136639, 35.892280083 ], [ 139.851101277999987, 35.892634583 ], [ 139.851530610999987, 35.892783167 ], [ 139.852211305999987, 35.893027139 ], [ 139.852982778000012, 35.893296917 ], [ 139.853465833, 35.89348525 ], [ 139.853901694, 35.893645972 ], [ 139.854377806, 35.893815833 ], [ 139.854663558, 35.893915904 ], [ 139.85472798699999, 35.893940308 ], [ 139.854789767, 35.893964226 ], [ 139.85493388899999, 35.894013917 ], [ 139.85591522199999, 35.894358722 ], [ 139.856711444000013, 35.894647694 ], [ 139.856850105, 35.894694736 ], [ 139.856884255000011, 35.894706322 ], [ 139.85765975000001, 35.893301056 ], [ 139.85773272, 35.893177748 ], [ 139.856330299, 35.892668848 ], [ 139.85416701599999, 35.89186554 ], [ 139.851788551999988, 35.891035273 ] ] ] } },
{ "type": "Feature", "properties": { "A29_001": "11243", "A29_002": "埼玉県", "A29_003": "吉川市", "A29_004": 1, "A29_005": "第一種低層住居専用地域", "A29_006": 50, "A29_007": 100, "A29_008": null }, "geometry": { "type": "Polygon", "coordinates": [ [ [ 139.857416328999989, 35.894888561 ], [ 139.857672944, 35.894977222 ], [ 139.85782658299999, 35.895034861 ], [ 139.85824186100001, 35.895187083 ], [ 139.85833333299999, 35.895219806 ], [ 139.858338806, 35.895221778 ], [ 139.85882325, 35.895395139 ], [ 139.859041228, 35.895470548 ], [ 139.859129028000012, 35.895508732 ], [ 139.85943734899999, 35.895139983 ], [ 139.860046086000011, 35.894720093 ], [ 139.860282996, 35.894523923 ], [ 139.860322286000013, 35.894496838 ], [ 139.860253389, 35.894422389 ], [ 139.859819087, 35.894211297 ], [ 139.859712564, 35.894162933 ], [ 139.859496998999987, 35.894016113 ], [ 139.859385249000013, 35.893907338 ], [ 139.859266182999988, 35.893759046 ], [ 139.85922858399999, 35.893674064 ], [ 139.859194097, 35.893552312 ], [ 139.859160675999988, 35.893439287 ], [ 139.85910636700001, 35.893396796 ], [ 139.858886931, 35.893321609 ], [ 139.858825983, 35.893299837 ], [ 139.85860825, 35.893212722 ], [ 139.858375246, 35.893136391 ], [ 139.85837440899999, 35.893138526 ], [ 139.85759264699999, 35.894560814 ], [ 139.857416328999989, 35.894888561 ] ] ] } },
{ "type": "Feature", "properties": { "A29_001": "11243", "A29_002": "埼玉県", "A29_003": "吉川市", "A29_004": 1, "A29_005": "第一種低層住居専用地域", "A29_006": 50, "A29_007": 80, "A29_008": null }, "geometry": { "type": "Polygon", "coordinates": [ [ [ 139.856711444000013, 35.894647694 ], [ 139.85591522199999, 35.894358722 ], [ 139.85493388899999, 35.894013917 ], [ 139.854789767, 35.893964226 ], [ 139.85472798699999, 35.893940308 ], [ 139.854663558, 35.893915904 ], [ 139.854377806, 35.893815833 ], [ 139.853901694, 35.893645972 ], [ 139.853465833, 35.89348525 ], [ 139.852982778000012, 35.893296917 ], [ 139.852211305999987, 35.893027139 ], [ 139.851530610999987, 35.892783167 ], [ 139.851101277999987, 35.892634583 ], [ 139.850136639, 35.892280083 ], [ 139.85005652800001, 35.892246667 ], [ 139.850005333000013, 35.892227806 ], [ 139.85, 35.892226 ], [ 139.849657237, 35.892110471 ], [ 139.849612734, 35.892096321 ], [ 139.84958196299999, 35.892151263 ], [ 139.849054247999987, 35.893093502 ], [ 139.848456123, 35.894167621 ], [ 139.852355811, 35.895515596 ], [ 139.852398778, 35.895434167 ], [ 139.852526555999987, 35.89519925 ], [ 139.852572833000011, 35.895115222 ], [ 139.852623528, 35.895023806 ], [ 139.852740167, 35.89480425 ], [ 139.852772111, 35.894765472 ], [ 139.852897528, 35.894522222 ], [ 139.85292644399999, 35.894463111 ], [ 139.852937663, 35.894467331 ], [ 139.853106056, 35.894530667 ], [ 139.854155021999986, 35.894920529 ], [ 139.854236515, 35.894949873 ], [ 139.854368674, 35.894996846 ], [ 139.854478419, 35.895033969 ], [ 139.854585098, 35.895073769 ], [ 139.854883570999988, 35.895179273 ], [ 139.855368825999989, 35.89535996 ], [ 139.85611565, 35.89563917 ], [ 139.856239638, 35.895685524 ], [ 139.856327677, 35.895719242 ], [ 139.856884255000011, 35.894706322 ], [ 139.856850105, 35.894694736 ], [ 139.856711444000013, 35.894647694 ] ] ] } },
{ "type": "Feature", "properties": { "A29_001": "11243", "A29_002": "埼玉県", "A29_003": "吉川市", "A29_004": 3, "A29_005": "第一種中高層住居専用地域", "A29_006": 60, "A29_007": 150, "A29_008": null }, "geometry": { "type": "Polygon", "coordinates": [ [ [ 139.852204639, 35.895792139 ], [ 139.852251583, 35.895814139 ], [ 139.852937528000012, 35.896061667 ], [ 139.85320088899999, 35.896154917 ], [ 139.85336804100001, 35.896221156 ], [ 139.85340991699999, 35.89623775 ], [ 139.853646222, 35.895857889 ], [ 139.853994806, 35.895208528 ], [ 139.854155021999986, 35.894920529 ], [ 139.853106056, 35.894530667 ], [ 139.852937663, 35.894467331 ], [ 139.85292644399999, 35.894463111 ], [ 139.852897528, 35.894522222 ], [ 139.852772111, 35.894765472 ], [ 139.852740167, 35.89480425 ], [ 139.852623528, 35.895023806 ], [ 139.852572833000011, 35.895115222 ], [ 139.852526555999987, 35.89519925 ], [ 139.852398778, 35.895434167 ], [ 139.852355811, 35.895515596 ], [ 139.852261277999986, 35.89569475 ], [ 139.852204639, 35.895792139 ] ] ] } },
{ "type": "Feature", "properties": { "A29_001": "11243", "A29_002": "埼玉県", "A29_003": "吉川市", "A29_004": 2, "A29_005": "第二種低層住居専用地域", "A29_006": 50, "A29_007": 100, "A29_008": null }, "geometry": { "type": "Polygon", "coordinates": [ [ [ 139.852680518999989, 35.897080913 ], [ 139.85267561, 35.897089737 ], [ 139.852921665, 35.897175176 ], [ 139.85340991699999, 35.89623775 ], [ 139.85336804100001, 35.896221156 ], [ 139.85320088899999, 35.896154917 ], [ 139.852937528000012, 35.896061667 ], [ 139.852251583, 35.895814139 ], [ 139.852204639, 35.895792139 ], [ 139.852261277999986, 35.89569475 ], [ 139.852355811, 35.895515596 ], [ 139.848456123, 35.894167621 ], [ 139.84833675499999, 35.894381971 ], [ 139.848328583000011, 35.894405887 ], [ 139.848379556, 35.894424444 ], [ 139.84871004499999, 35.894540131 ], [ 139.849664722, 35.894874306 ], [ 139.849938583000011, 35.894978 ], [ 139.85, 35.895000694 ], [ 139.850927417, 35.89534325 ], [ 139.850893667, 35.895404944 ], [ 139.850820295, 35.895543785 ], [ 139.853070075, 35.896346755 ], [ 139.853000994000013, 35.896495318 ], [ 139.852919496999988, 35.896629357 ], [ 139.852822194, 35.896789389 ], [ 139.852697398, 35.897046182 ], [ 139.852680518999989, 35.897080913 ] ] ] } },
{ "type": "Feature", "properties": { "A29_001": "11243", "A29_002": "埼玉県", "A29_003": "吉川市", "A29_004": 1, "A29_005": "第一種低層住居専用地域", "A29_006": 50, "A29_007": 80, "A29_008": null }, "geometry": { "type": "Polygon", "coordinates": [ [ [ 139.857672944, 35.894977222 ], [ 139.857416328999989, 35.894888561 ], [ 139.85737321900001, 35.894968694 ], [ 139.856926304000012, 35.895799433 ], [ 139.856399952, 35.896777793 ], [ 139.85626946, 35.896988658 ], [ 139.858883157, 35.897934328 ], [ 139.85889788899999, 35.897906056 ], [ 139.859061739, 35.897539723 ], [ 139.859175407, 35.897334635 ], [ 139.859227084, 35.897241396 ], [ 139.859383172, 35.896950133 ], [ 139.859607305999987, 35.896531889 ], [ 139.859699707, 35.896362546 ], [ 139.8587722, 35.896032561 ], [ 139.858719688, 35.896015193 ], [ 139.85910469800001, 35.89553783 ], [ 139.859129028000012, 35.895508732 ], [ 139.859041228, 35.895470548 ], [ 139.85882325, 35.895395139 ], [ 139.858338806, 35.895221778 ], [ 139.85833333299999, 35.895219806 ], [ 139.85824186100001, 35.895187083 ], [ 139.85782658299999, 35.895034861 ], [ 139.857672944, 35.894977222 ] ] ] } },
{ "type": "Feature", "properties": { "A29_001": "11243", "A29_002": "埼玉県", "A29_003": "吉川市", "A29_004": 1, "A29_005": "第一種低層住居専用地域", "A29_006": 50, "A29_007": 80, "A29_008": null }, "geometry": { "type": "Polygon", "coordinates": [ [ [ 139.842338756, 35.892096668 ], [ 139.840632656, 35.89144682 ], [ 139.840358861, 35.893721026 ], [ 139.83998130399999, 35.895650174 ], [ 139.839715503, 35.897077656 ], [ 139.839686328999989, 35.897348542 ], [ 139.839792589000012, 35.897497586 ], [ 139.839905570000013, 35.897583886 ], [ 139.84008588899999, 35.8976735 ], [ 139.840534112, 35.897852687 ], [ 139.840994222, 35.898043194 ], [ 139.841018193999986, 35.898053111 ], [ 139.841568972, 35.898281 ], [ 139.841666667, 35.898324417 ], [ 139.84186488899999, 35.8984125 ], [ 139.842125861, 35.898511306 ], [ 139.842285585000013, 35.898570514 ], [ 139.842385879, 35.897249853 ], [ 139.842763096999988, 35.896027617 ], [ 139.843422382, 35.894656307 ], [ 139.844294071, 35.892861672 ], [ 139.844193718000014, 35.892821345 ], [ 139.842338756, 35.892096668 ] ] ] } },
{ "type": "Feature", "properties": { "A29_001": "11243", "A29_002": "埼玉県", "A29_003": "吉川市", "A29_004": 6, "A29_005": "第二種住居地域", "A29_006": 60, "A29_007": 200, "A29_008": null }, "geometry": { "type": "Polygon", "coordinates": [ [ [ 139.854155021999986, 35.894920529 ], [ 139.853994806, 35.895208528 ], [ 139.853646222, 35.895857889 ], [ 139.85340991699999, 35.89623775 ], [ 139.852921665, 35.897175176 ], [ 139.852711148, 35.897573924 ], [ 139.852636528, 35.897716611 ], [ 139.852614992000014, 35.897771524 ], [ 139.85260719499999, 35.897791404 ], [ 139.852602778, 35.897802667 ], [ 139.853168111, 35.898028056 ], [ 139.853368101, 35.898107793 ], [ 139.853400111000013, 35.898120556 ], [ 139.854124278, 35.898372833 ], [ 139.854528251, 35.898553986 ], [ 139.854585082999989, 35.898579472 ], [ 139.85481275, 35.898704472 ], [ 139.855379771, 35.897999844 ], [ 139.85560619099999, 35.897636057 ], [ 139.855890417000012, 35.897111889 ], [ 139.856049832999986, 35.896813167 ], [ 139.856241630999989, 35.89643789 ], [ 139.85657735, 35.895814861 ], [ 139.856327677, 35.895719242 ], [ 139.856239638, 35.895685524 ], [ 139.85611565, 35.89563917 ], [ 139.855368825999989, 35.89535996 ], [ 139.854883570999988, 35.895179273 ], [ 139.854585098, 35.895073769 ], [ 139.854478419, 35.895033969 ], [ 139.854368674, 35.894996846 ], [ 139.854236515, 35.894949873 ], [ 139.854155021999986, 35.894920529 ] ] ] } },
{ "type": "Feature", "properties": { "A29_001": "11243", "A29_002": "埼玉県", "A29_003": "吉川市", "A29_004": 3, "A29_005": "第一種中高層住居専用地域", "A29_006": 60, "A29_007": 150, "A29_008": null }, "geometry": { "type": "Polygon", "coordinates": [ [ [ 139.851266417, 35.898662222 ], [ 139.850934889, 35.89930925 ], [ 139.851216389, 35.899403306 ], [ 139.851564389, 35.899519583 ], [ 139.85205577799999, 35.899744583 ], [ 139.8521565, 35.899793639 ], [ 139.852449861, 35.899936472 ], [ 139.85260223, 35.899740401 ], [ 139.852831861, 35.89944875 ], [ 139.852977038, 35.899112307 ], [ 139.853082591, 35.89875716 ], [ 139.853240344999989, 35.898429001 ], [ 139.853400111000013, 35.898120556 ], [ 139.853368101, 35.898107793 ], [ 139.853168111, 35.898028056 ], [ 139.852602778, 35.897802667 ], [ 139.85260719499999, 35.897791404 ], [ 139.852181255, 35.898076073 ], [ 139.85170593699999, 35.898218751 ], [ 139.851665701, 35.898251489 ], [ 139.851606688, 35.898292957 ], [ 139.85147659099999, 35.898397718 ], [ 139.851366353, 35.898505743 ], [ 139.851266417, 35.898662222 ] ] ] } },
{ "type": "Feature", "properties": { "A29_001": "11243", "A29_002": "埼玉県", "A29_003": "吉川市", "A29_004": 1, "A29_005": "第一種低層住居専用地域", "A29_006": 50, "A29_007": 80, "A29_008": null }, "geometry": { "type": "Polygon", "coordinates": [ [ [ 139.853455324, 35.9 ], [ 139.853609768000013, 35.899810876 ], [ 139.8538345, 35.899517306 ], [ 139.853911333000013, 35.899422639 ], [ 139.854073583, 35.899222722 ], [ 139.85430211100001, 35.898930778 ], [ 139.854585082999989, 35.898579472 ], [ 139.854528251, 35.898553986 ], [ 139.854124278, 35.898372833 ], [ 139.853400111000013, 35.898120556 ], [ 139.853240344999989, 35.898429001 ], [ 139.853082591, 35.89875716 ], [ 139.852977038, 35.899112307 ], [ 139.852831861, 35.89944875 ], [ 139.85260223, 35.899740401 ], [ 139.852449861, 35.899936472 ], [ 139.8521565, 35.899793639 ], [ 139.85205577799999, 35.899744583 ], [ 139.851564389, 35.899519583 ], [ 139.851216389, 35.899403306 ], [ 139.850934889, 35.89930925 ], [ 139.851266417, 35.898662222 ], [ 139.851366353, 35.898505743 ], [ 139.85147659099999, 35.898397718 ], [ 139.851606688, 35.898292957 ], [ 139.851665701, 35.898251489 ], [ 139.85170593699999, 35.898218751 ], [ 139.852181255, 35.898076073 ], [ 139.85260719499999, 35.897791404 ], [ 139.852614992000014, 35.897771524 ], [ 139.852636528, 35.897716611 ], [ 139.852711148, 35.897573924 ], [ 139.852921665, 35.897175176 ], [ 139.85267561, 35.897089737 ], [ 139.852680518999989, 35.897080913 ], [ 139.852697398, 35.897046182 ], [ 139.852822194, 35.896789389 ], [ 139.852919496999988, 35.896629357 ], [ 139.853000994000013, 35.896495318 ], [ 139.853070075, 35.896346755 ], [ 139.850820295, 35.895543785 ], [ 139.850435972000014, 35.896271028 ], [ 139.850109333, 35.8968595 ], [ 139.85, 35.897067722 ], [ 139.849940556, 35.897180917 ], [ 139.849463351999987, 35.898053604 ], [ 139.8494575, 35.898064306 ], [ 139.84953249599999, 35.898088397 ], [ 139.84955547199999, 35.898095778 ], [ 139.849527943999988, 35.898129833 ], [ 139.849398333000011, 35.898378639 ], [ 139.849396444, 35.898382278 ], [ 139.849347972, 35.898475333 ], [ 139.849303639, 35.898556361 ], [ 139.849276188, 35.898556954 ], [ 139.84793113, 35.898091156 ], [ 139.84786133599999, 35.898177919 ], [ 139.847839239, 35.898210092 ], [ 139.847923524, 35.898236029 ], [ 139.847897667000012, 35.898317528 ], [ 139.847852546000013, 35.898419542 ], [ 139.847804465, 35.898528248 ], [ 139.84766830699999, 35.898803349 ], [ 139.847508076, 35.899024593 ], [ 139.84809704599999, 35.89929113 ], [ 139.848594752999986, 35.899516362 ], [ 139.84864093600001, 35.899537674 ], [ 139.848995202, 35.899700201 ], [ 139.84934453599999, 35.899860464 ], [ 139.849570430999989, 35.899986194 ], [ 139.849595313, 35.9 ], [ 139.849670518000011, 35.900041727 ], [ 139.84995440599999, 35.900199236 ], [ 139.85043539, 35.900451061 ], [ 139.85046264799999, 35.900464869 ], [ 139.85097710299999, 35.900725489 ], [ 139.851252972999987, 35.900865241 ], [ 139.851281703000012, 35.900879476 ], [ 139.851847177, 35.901159645 ], [ 139.852340096, 35.901410199 ], [ 139.852557955, 35.901122177 ], [ 139.85280319899999, 35.900807217 ], [ 139.853062416, 35.90051998 ], [ 139.853083596, 35.900495564 ], [ 139.853238323999989, 35.900316124 ], [ 139.853371046, 35.900113154 ], [ 139.853453255, 35.900002533 ], [ 139.853455324, 35.9 ] ] ] } },
{ "type": "Feature", "properties": { "A29_001": "11243", "A29_002": "埼玉県", "A29_003": "吉川市", "A29_004": 2, "A29_005": "第二種低層住居専用地域", "A29_006": 50, "A29_007": 100, "A29_008": null }, "geometry": { "type": "Polygon", "coordinates": [ [ [ 139.85504061099999, 35.898833583 ], [ 139.855267306, 35.898552556 ], [ 139.855480806, 35.898284194 ], [ 139.855602471999987, 35.898121417 ], [ 139.855636333, 35.898072583 ], [ 139.855769667, 35.897878417 ], [ 139.855800472, 35.897829667 ], [ 139.855958449000013, 35.897540171 ], [ 139.855976234, 35.897495429 ], [ 139.856008968, 35.897440958 ], [ 139.856078567999987, 35.897462215 ], [ 139.85864743499999, 35.898376093 ], [ 139.85876567299999, 35.898159789 ], [ 139.858883157, 35.897934328 ], [ 139.85626946, 35.896988658 ], [ 139.856399952, 35.896777793 ], [ 139.856926304000012, 35.895799433 ], [ 139.85737321900001, 35.894968694 ], [ 139.857416328999989, 35.894888561 ], [ 139.85759264699999, 35.894560814 ], [ 139.85837440899999, 35.893138526 ], [ 139.858375246, 35.893136391 ], [ 139.858353111000014, 35.893129139 ], [ 139.85833333299999, 35.893121972 ], [ 139.85810870200001, 35.893039317 ], [ 139.857865514, 35.892953347 ], [ 139.857684858999988, 35.892888172 ], [ 139.856898527999988, 35.892593194 ], [ 139.85615925, 35.892314722 ], [ 139.855917694, 35.892231306 ], [ 139.85573130899999, 35.892174251 ], [ 139.855640916999988, 35.89214425 ], [ 139.855255139, 35.892001417 ], [ 139.855128417, 35.891955472 ], [ 139.854564167, 35.891763444 ], [ 139.854319, 35.891666667 ], [ 139.854270222, 35.891647417 ], [ 139.853953499999989, 35.8915335 ], [ 139.853502443999986, 35.891377083 ], [ 139.853115972000012, 35.891236556 ], [ 139.852504417, 35.891005139 ], [ 139.851208716, 35.890530863 ], [ 139.851176611, 35.890519111 ], [ 139.85067541699999, 35.890330472 ], [ 139.850612825000013, 35.890308544 ], [ 139.850605072, 35.890324425 ], [ 139.850465624, 35.890573435 ], [ 139.851788551999988, 35.891035273 ], [ 139.85416701599999, 35.89186554 ], [ 139.856330299, 35.892668848 ], [ 139.85773272, 35.893177748 ], [ 139.85765975000001, 35.893301056 ], [ 139.856884255000011, 35.894706322 ], [ 139.856327677, 35.895719242 ], [ 139.85657735, 35.895814861 ], [ 139.856241630999989, 35.89643789 ], [ 139.856049832999986, 35.896813167 ], [ 139.855890417000012, 35.897111889 ], [ 139.85560619099999, 35.897636057 ], [ 139.855379771, 35.897999844 ], [ 139.85481275, 35.898704472 ], [ 139.854585082999989, 35.898579472 ], [ 139.85430211100001, 35.898930778 ], [ 139.854073583, 35.899222722 ], [ 139.853911333000013, 35.899422639 ], [ 139.8538345, 35.899517306 ], [ 139.853609768000013, 35.899810876 ], [ 139.853455324, 35.9 ], [ 139.853453255, 35.900002533 ], [ 139.853371046, 35.900113154 ], [ 139.853238323999989, 35.900316124 ], [ 139.853083596, 35.900495564 ], [ 139.853062416, 35.90051998 ], [ 139.85280319899999, 35.900807217 ], [ 139.852557955, 35.901122177 ], [ 139.85234403699999, 35.901404989 ], [ 139.852340096, 35.901410199 ], [ 139.852571415, 35.901525894 ], [ 139.852805284, 35.901633266 ], [ 139.852999055999987, 35.901393583 ], [ 139.853231826000012, 35.901097711 ], [ 139.853447353, 35.900850752 ], [ 139.853693529999987, 35.900531228 ], [ 139.853938833, 35.900224667 ], [ 139.854120861000013, 35.9 ], [ 139.854159778, 35.899951972 ], [ 139.85437712, 35.899680469 ], [ 139.854592278000013, 35.899411528 ], [ 139.854798028, 35.899132167 ], [ 139.85504061099999, 35.898833583 ] ] ] } },
{ "type": "Feature", "properties": { "A29_001": "11243", "A29_002": "埼玉県", "A29_003": "吉川市", "A29_004": 1, "A29_005": "第一種低層住居専用地域", "A29_006": 50, "A29_007": 80, "A29_008": null }, "geometry": { "type": "Polygon", "coordinates": [ [ [ 139.856308805999987, 35.898764167 ], [ 139.856554389, 35.898464333 ], [ 139.85656516, 35.898467843 ], [ 139.856767854, 35.898533889 ], [ 139.857669222, 35.898873417 ], [ 139.857688862, 35.898833305 ], [ 139.857823528000011, 35.898558278 ], [ 139.857907528, 35.898397083 ], [ 139.85833333299999, 35.898554361 ], [ 139.858457528, 35.898600222 ], [ 139.858507221999986, 35.898611222 ], [ 139.85853922199999, 35.898574056 ], [ 139.85857124399999, 35.898515476 ], [ 139.85864743499999, 35.898376093 ], [ 139.856078567999987, 35.897462215 ], [ 139.856008968, 35.897440958 ], [ 139.855976234, 35.897495429 ], [ 139.855958449000013, 35.897540171 ], [ 139.855800472, 35.897829667 ], [ 139.855769667, 35.897878417 ], [ 139.855636333, 35.898072583 ], [ 139.855602471999987, 35.898121417 ], [ 139.855480806, 35.898284194 ], [ 139.855267306, 35.898552556 ], [ 139.85504061099999, 35.898833583 ], [ 139.854798028, 35.899132167 ], [ 139.854592278000013, 35.899411528 ], [ 139.85437712, 35.899680469 ], [ 139.854159778, 35.899951972 ], [ 139.854120861000013, 35.9 ], [ 139.853938833, 35.900224667 ], [ 139.853693529999987, 35.900531228 ], [ 139.853447353, 35.900850752 ], [ 139.853231826000012, 35.901097711 ], [ 139.852999055999987, 35.901393583 ], [ 139.852805284, 35.901633266 ], [ 139.853590782999987, 35.902021318 ], [ 139.853768105, 35.901810118 ], [ 139.85405040399999, 35.90144638 ], [ 139.854069856, 35.901424399 ], [ 139.854221188999986, 35.901253398 ], [ 139.85451313199999, 35.900914933 ], [ 139.854528748, 35.900895904 ], [ 139.854728, 35.900653111 ], [ 139.854931889, 35.90041475 ], [ 139.855206278, 35.900088944 ], [ 139.85522334800001, 35.900069076 ], [ 139.85528269400001, 35.9 ], [ 139.855385222, 35.899880694 ], [ 139.85564519499999, 35.899561627 ], [ 139.855671752, 35.899530178 ], [ 139.85587768900001, 35.899286309 ], [ 139.85611302800001, 35.898990861 ], [ 139.856133527, 35.898967125 ], [ 139.856308805999987, 35.898764167 ] ] ] } },
{ "type": "Feature", "properties": { "A29_001": "11243", "A29_002": "埼玉県", "A29_003": "吉川市", "A29_004": 10, "A29_005": "準工業地域", "A29_006": 60, "A29_007": 200, "A29_008": null }, "geometry": { "type": "Polygon", "coordinates": [ [ [ 139.844302972, 35.930936333 ], [ 139.844668250000012, 35.930063972 ], [ 139.84480265799999, 35.929769989 ], [ 139.844308286, 35.929478603 ], [ 139.84365615199999, 35.929098252 ], [ 139.843608179, 35.929070272 ], [ 139.84256873699999, 35.930309421 ], [ 139.842616918, 35.930308124 ], [ 139.84266234099999, 35.930308586 ], [ 139.842710036, 35.930310895 ], [ 139.842759435, 35.930319207 ], [ 139.84280656199999, 35.930333061 ], [ 139.842854824999989, 35.930356613 ], [ 139.842950215, 35.930411566 ], [ 139.843128845, 35.930519055 ], [ 139.843301118999989, 35.930622223 ], [ 139.84351064099999, 35.930744601 ], [ 139.84361589400001, 35.930808339 ], [ 139.843630396, 35.930817122 ], [ 139.843581717, 35.930874413 ], [ 139.84409799299999, 35.93118479 ], [ 139.844172587, 35.931227333 ], [ 139.844206680000013, 35.931154204 ], [ 139.844261444000011, 35.931030295 ], [ 139.844302972, 35.930936333 ] ] ] } },
{ "type": "Feature", "properties": { "A29_001": "11243", "A29_002": "埼玉県", "A29_003": "吉川市", "A29_004": 10, "A29_005": "準工業地域", "A29_006": 60, "A29_007": 200, "A29_008": null }, "geometry": { "type": "Polygon", "coordinates": [ [ [ 139.841896553, 35.931300678 ], [ 139.84162259199999, 35.930567086 ], [ 139.841274777, 35.930658269 ], [ 139.841232173, 35.930669438 ], [ 139.84071959900001, 35.930814126 ], [ 139.840523515, 35.930869476 ], [ 139.840535254, 35.930898628 ], [ 139.840731139000013, 35.931385056 ], [ 139.840805417000013, 35.931568972 ], [ 139.840820906, 35.931607313 ], [ 139.841896553, 35.931300678 ] ] ] } },
{ "type": "Feature", "properties": { "A29_001": "11243", "A29_002": "埼玉県", "A29_003": "吉川市", "A29_004": 12, "A29_005": "工業専用地域", "A29_006": 50, "A29_007": 200, "A29_008": null }, "geometry": { "type": "Polygon", "coordinates": [ [ [ 139.843301118999989, 35.930622223 ], [ 139.843128845, 35.930519055 ], [ 139.842950215, 35.930411566 ], [ 139.842854824999989, 35.930356613 ], [ 139.84280656199999, 35.930333061 ], [ 139.842759435, 35.930319207 ], [ 139.842710036, 35.930310895 ], [ 139.84266234099999, 35.930308586 ], [ 139.842616918, 35.930308124 ], [ 139.84256873699999, 35.930309421 ], [ 139.843608179, 35.929070272 ], [ 139.84365615199999, 35.929098252 ], [ 139.844308286, 35.929478603 ], [ 139.84480265799999, 35.929769989 ], [ 139.84482921599999, 35.929711899 ], [ 139.844870289, 35.929621595 ], [ 139.844882232, 35.929595336 ], [ 139.845202683, 35.928865266 ], [ 139.845167795, 35.928853191 ], [ 139.844515277, 35.928448502 ], [ 139.84299570499999, 35.927546388 ], [ 139.84268788899999, 35.927367583 ], [ 139.841666667, 35.926785972 ], [ 139.841663555999986, 35.926784167 ], [ 139.840917722, 35.926313361 ], [ 139.840248007000014, 35.925913567 ], [ 139.84018275, 35.925874611 ], [ 139.839859475, 35.926239816 ], [ 139.839185418999989, 35.926993349 ], [ 139.838897476999989, 35.927313736 ], [ 139.839885826999989, 35.92763455 ], [ 139.83985676899999, 35.927698542 ], [ 139.839791768, 35.927836537 ], [ 139.839704033, 35.928124739 ], [ 139.839688217, 35.928305808 ], [ 139.839682814000014, 35.928448317 ], [ 139.839683634000011, 35.928489656 ], [ 139.839683747, 35.928495369 ], [ 139.839685626, 35.928590131 ], [ 139.839688303, 35.928722257 ], [ 139.839717984, 35.928878043 ], [ 139.839762982, 35.929017571 ], [ 139.839849832999988, 35.929242333 ], [ 139.839884903000012, 35.929324008 ], [ 139.83996736, 35.929516042 ], [ 139.840157828, 35.929959621 ], [ 139.840219711, 35.930103737 ], [ 139.840316245, 35.93035443 ], [ 139.840508817, 35.930834476 ], [ 139.840523515, 35.930869476 ], [ 139.84071959900001, 35.930814126 ], [ 139.841232173, 35.930669438 ], [ 139.841274777, 35.930658269 ], [ 139.84162259199999, 35.930567086 ], [ 139.841896553, 35.931300678 ], [ 139.840820906, 35.931607313 ], [ 139.840844806, 35.931666472 ], [ 139.84110013899999, 35.932293833 ], [ 139.841141400999987, 35.93239521 ], [ 139.841382055999986, 35.932986472 ], [ 139.841422013999988, 35.933094041 ], [ 139.841488027999986, 35.93327175 ], [ 139.841508083, 35.933333333 ], [ 139.841570222, 35.933524167 ], [ 139.841592139, 35.933716833 ], [ 139.841588472000012, 35.933776583 ], [ 139.841504444, 35.933784056 ], [ 139.840499689000012, 35.934188341 ], [ 139.84042685599999, 35.934216751 ], [ 139.840354222, 35.934245083 ], [ 139.840428659, 35.934427806 ], [ 139.84067469199999, 35.93503174 ], [ 139.840686858, 35.935061604 ], [ 139.840804641, 35.935348641 ], [ 139.840902274, 35.935580183 ], [ 139.84107977, 35.935390816 ], [ 139.841101127, 35.935366511 ], [ 139.841255727, 35.935190571 ], [ 139.841263266, 35.935170178 ], [ 139.841458735, 35.934958554 ], [ 139.84171903699999, 35.934619246 ], [ 139.841754834, 35.934579829 ], [ 139.841910617999986, 35.93440829 ], [ 139.84199949, 35.934310657 ], [ 139.84212767, 35.934169839 ], [ 139.842262721999987, 35.934021472 ], [ 139.842503294000011, 35.933708655 ], [ 139.842555772, 35.933640418 ], [ 139.842671571000011, 35.933487736 ], [ 139.842851083, 35.93324729 ], [ 139.842935584, 35.933214614 ], [ 139.843395071, 35.933036927 ], [ 139.843389941, 35.932958798 ], [ 139.843395206999986, 35.932937058 ], [ 139.843792126000011, 35.932047984 ], [ 139.843846611, 35.931945107 ], [ 139.843559047000014, 35.93177104 ], [ 139.84380149099999, 35.93149164 ], [ 139.843315710000013, 35.931187485 ], [ 139.843630396, 35.930817122 ], [ 139.84361589400001, 35.930808339 ], [ 139.84351064099999, 35.930744601 ], [ 139.843301118999989, 35.930622223 ] ] ] } },
{ "type": "Feature", "properties": { "A29_001": "11243", "A29_002": "埼玉県", "A29_003": "吉川市", "A29_004": 1, "A29_005": "第一種低層住居専用地域", "A29_006": 50, "A29_007": 80, "A29_008": null }, "geometry": { "type": "Polygon", "coordinates": [ [ [ 139.86308314499999, 35.874017829 ], [ 139.863694551, 35.87334695 ], [ 139.86391049, 35.872941479 ], [ 139.86400559099999, 35.872613544 ], [ 139.86404551199999, 35.871662593 ], [ 139.86415522199999, 35.871233301 ], [ 139.864305245999986, 35.870875541 ], [ 139.864978702, 35.869757489 ], [ 139.86517266199999, 35.869381831 ], [ 139.86557125499999, 35.867870354 ], [ 139.865695652999989, 35.867569239 ], [ 139.8657675, 35.867459181 ], [ 139.866034578000011, 35.867046961 ], [ 139.8659145, 35.867042056 ], [ 139.865656698, 35.867026738 ], [ 139.865431222000012, 35.867008611 ], [ 139.865046111, 35.8669325 ], [ 139.864832721999989, 35.866890083 ], [ 139.864546472, 35.866850583 ], [ 139.86416722199999, 35.866802778 ], [ 139.863936833, 35.8667685 ], [ 139.863823639, 35.866755278 ], [ 139.863728638999987, 35.866744194 ], [ 139.863579944, 35.866741167 ], [ 139.863325663000012, 35.866744318 ], [ 139.86324577100001, 35.866745927 ], [ 139.863260395999987, 35.866666667 ], [ 139.863261986999987, 35.866658041 ], [ 139.863314358, 35.866407992 ], [ 139.863418423000013, 35.865982655 ], [ 139.863352478, 35.865971947 ], [ 139.862501535, 35.865804504 ], [ 139.862087019, 35.866148259 ], [ 139.862073888999987, 35.866145806 ], [ 139.86206555699999, 35.866145205 ], [ 139.86205425, 35.866144389 ], [ 139.862037500000014, 35.866147694 ], [ 139.862011528000011, 35.86616375 ], [ 139.861958417000011, 35.866208583 ], [ 139.861797889, 35.866343139 ], [ 139.861677598, 35.866446529 ], [ 139.861672711000011, 35.866448011 ], [ 139.861655186, 35.866453325 ], [ 139.861640685, 35.866454041 ], [ 139.861632981000014, 35.866451254 ], [ 139.86162091, 35.866446887 ], [ 139.861436035999986, 35.86629486 ], [ 139.86105977299999, 35.865998397 ], [ 139.860789388, 35.865770865 ], [ 139.85964863, 35.866666667 ], [ 139.859311585, 35.866931339 ], [ 139.859280864999988, 35.866956888 ], [ 139.859186756000014, 35.867035157 ], [ 139.857465719, 35.868374456 ], [ 139.85696689400001, 35.868773477 ], [ 139.856031191999989, 35.869521948 ], [ 139.855905543, 35.869622454 ], [ 139.854464877999987, 35.870738681 ], [ 139.853341781000012, 35.871554266 ], [ 139.852484983000011, 35.872131256 ], [ 139.852548925, 35.872170263 ], [ 139.85290789699999, 35.87233565 ], [ 139.85310566699999, 35.872299846 ], [ 139.853534207, 35.872377281 ], [ 139.853977375999989, 35.872368263 ], [ 139.854178823000012, 35.872389095 ], [ 139.854299706, 35.872457637 ], [ 139.85466230899999, 35.872487383 ], [ 139.855259335999989, 35.872585649 ], [ 139.855383885, 35.872663132 ], [ 139.855567009999987, 35.872648193 ], [ 139.857017504, 35.873020542 ], [ 139.857299528, 35.87303241 ], [ 139.858837969, 35.873494149 ], [ 139.859771927, 35.873461156 ], [ 139.860672998000013, 35.873654719 ], [ 139.86130298, 35.873681403 ], [ 139.86142389, 35.873803596 ], [ 139.862156485000014, 35.873991226 ], [ 139.862207721, 35.873877935 ], [ 139.86308314499999, 35.874017829 ] ] ] } }
]
}
