{
"type": "FeatureCollection",
"name": "A29-19_28206",
"features": [
{ "type": "Feature", "properties": { "A29_001": "28206", "A29_002": "兵庫県", "A29_003": "芦屋市", "A29_004": 1, "A29_005": "第一種低層住居専用地域", "A29_006": 40, "A29_007": 80, "A29_008": null }, "geometry": { "type": "Polygon", "coordinates": [ [ [ 135.311395255, 34.75460422 ], [ 135.311696267, 34.754196143 ], [ 135.311798783, 34.754053519 ], [ 135.312032079, 34.753729191 ], [ 135.31214821099999, 34.753583572 ], [ 135.312389809, 34.753268822 ], [ 135.31245151499999, 34.753175926 ], [ 135.312526606, 34.753060386 ], [ 135.312617706, 34.752913165 ], [ 135.31266584, 34.752827139 ], [ 135.312667111, 34.752823794 ], [ 135.312689721, 34.752768352 ], [ 135.31272672099999, 34.752664386 ], [ 135.31278457799999, 34.752476867 ], [ 135.312792051, 34.752415958 ], [ 135.312796367, 34.752319016 ], [ 135.3128036, 34.752237826 ], [ 135.312813935, 34.752188162 ], [ 135.312837637, 34.752104946 ], [ 135.312850642, 34.752059408 ], [ 135.312874389, 34.751989354 ], [ 135.312882394000013, 34.751973514 ], [ 135.31289318200001, 34.751962159 ], [ 135.312936653, 34.75194378 ], [ 135.313072393, 34.751877331 ], [ 135.313183587, 34.751813334 ], [ 135.313183560999988, 34.751811081 ], [ 135.313256399000011, 34.751736124 ], [ 135.31331579799999, 34.751679304 ], [ 135.31338614500001, 34.75162465 ], [ 135.31344770699999, 34.751589133 ], [ 135.313516318000012, 34.751550232 ], [ 135.313550142, 34.751527937 ], [ 135.313580867000013, 34.751505893 ], [ 135.313613808000014, 34.7514874 ], [ 135.313648841, 34.751469494 ], [ 135.313689449, 34.751435353 ], [ 135.313718814, 34.751413698 ], [ 135.313800074999989, 34.751380645 ], [ 135.31380339399999, 34.751377716 ], [ 135.313838513, 34.75134672 ], [ 135.31383949100001, 34.751334335 ], [ 135.313893008, 34.751277905 ], [ 135.313901469, 34.75127854 ], [ 135.313908817, 34.751259857 ], [ 135.313937971, 34.751185252 ], [ 135.31396619099999, 34.751031775 ], [ 135.31399091, 34.750812971 ], [ 135.31402602899999, 34.750781137 ], [ 135.314131788, 34.750719437 ], [ 135.314151764, 34.75056152 ], [ 135.31416689299999, 34.750455476 ], [ 135.31419853599999, 34.750360567 ], [ 135.314233309, 34.750299438 ], [ 135.314289683999988, 34.750217852 ], [ 135.314362146, 34.750111346 ], [ 135.314397211999989, 34.750075005 ], [ 135.31449204899999, 34.750013393 ], [ 135.314521840999987, 34.74999287 ], [ 135.314575565000013, 34.749918066 ], [ 135.314731032999987, 34.749682432 ], [ 135.31473612, 34.74965084 ], [ 135.314784448000012, 34.749350714 ], [ 135.314802359, 34.749249155 ], [ 135.314823001, 34.749147574 ], [ 135.314833068000013, 34.749075375 ], [ 135.314816287000014, 34.749041706 ], [ 135.31478309900001, 34.749005915 ], [ 135.314600911000014, 34.748838358 ], [ 135.314380182, 34.748644068 ], [ 135.314450259000012, 34.748566879 ], [ 135.31469178899999, 34.748673109 ], [ 135.314820959, 34.748744185 ], [ 135.315105515999988, 34.748563852 ], [ 135.315896503, 34.747802586 ], [ 135.31591685, 34.747676216 ], [ 135.31596995699999, 34.747549583 ], [ 135.315969876999986, 34.747542823 ], [ 135.315945039000013, 34.747520486 ], [ 135.315829575, 34.747453808 ], [ 135.315744515, 34.747418436 ], [ 135.315714297, 34.747402904 ], [ 135.315705974, 34.747391703 ], [ 135.31570851699999, 34.747375907 ], [ 135.315869013, 34.747095158 ], [ 135.31596191599999, 34.747101169 ], [ 135.316049652, 34.747132013 ], [ 135.316049759, 34.747141026 ], [ 135.316057975, 34.747143214 ], [ 135.31628608599999, 34.746845152 ], [ 135.316493546, 34.746574029 ], [ 135.316367055, 34.746498426 ], [ 135.316417777999987, 34.746401109 ], [ 135.316479742000013, 34.746330745 ], [ 135.316525485, 34.746274034 ], [ 135.316568498, 34.746217346 ], [ 135.316831463999989, 34.746289593 ], [ 135.317042319, 34.746341978 ], [ 135.317103347, 34.746192743 ], [ 135.317166272, 34.746203503 ], [ 135.31724791, 34.745950433 ], [ 135.317258323, 34.74590753 ], [ 135.317265257, 34.745801552 ], [ 135.317258861, 34.745722725 ], [ 135.31724465, 34.745675513 ], [ 135.317188179, 34.745518213 ], [ 135.317137702999986, 34.745405938 ], [ 135.31708075099999, 34.745208076 ], [ 135.317048824000011, 34.745048324 ], [ 135.317006811, 34.744728643 ], [ 135.316657932, 34.744778788 ], [ 135.316513081000011, 34.744766435 ], [ 135.31650631299999, 34.74465606 ], [ 135.31651499, 34.744466683 ], [ 135.316549552, 34.744157652 ], [ 135.316599078, 34.743729056 ], [ 135.316644612, 34.743424444 ], [ 135.316824649000012, 34.74236167 ], [ 135.31625132100001, 34.742186048 ], [ 135.315511619, 34.741953264 ], [ 135.31314505899999, 34.741266478 ], [ 135.312420637, 34.741087049 ], [ 135.31194961, 34.740967492 ], [ 135.311754928, 34.741446107 ], [ 135.311491369, 34.741448017 ], [ 135.311486578, 34.741448051 ], [ 135.311416216, 34.741709569 ], [ 135.31129103, 34.742196586 ], [ 135.311464647, 34.742440763 ], [ 135.311571823, 34.742566095 ], [ 135.31179183899999, 34.742897712 ], [ 135.311677513, 34.742898769 ], [ 135.311637625, 34.743676603 ], [ 135.31175719699999, 34.7436825 ], [ 135.311779902000012, 34.743902506 ], [ 135.311694934, 34.743906016 ], [ 135.31176030099999, 34.744124096 ], [ 135.311467173000011, 34.744238519 ], [ 135.31127762, 34.743983368 ], [ 135.311258755000011, 34.743954997 ], [ 135.311244034999987, 34.74392963 ], [ 135.31123376799999, 34.743907203 ], [ 135.31122363, 34.743880806 ], [ 135.311217524999989, 34.743860569 ], [ 135.311210792, 34.743828974 ], [ 135.310664696, 34.743916503 ], [ 135.31066320299999, 34.743934601 ], [ 135.31064251699999, 34.744029403 ], [ 135.310621872000013, 34.744130984 ], [ 135.310582382, 34.744255252 ], [ 135.310439924, 34.74467783 ], [ 135.310175249, 34.744804251 ], [ 135.309967532, 34.745139119 ], [ 135.30981120199999, 34.745261031 ], [ 135.309556001, 34.745018604 ], [ 135.308973998999988, 34.7454814 ], [ 135.308430987, 34.746016299 ], [ 135.30815756199999, 34.746282977 ], [ 135.307740134999989, 34.746631097 ], [ 135.30686915199999, 34.747354196 ], [ 135.30629417599999, 34.747100789 ], [ 135.305253246, 34.746652545 ], [ 135.304738492000013, 34.747182204 ], [ 135.304339301999988, 34.747600059 ], [ 135.304292624999988, 34.747634495 ], [ 135.304252574, 34.747654837 ], [ 135.30422399299999, 34.747664315 ], [ 135.304151209999986, 34.747676279 ], [ 135.304084681, 34.747683609 ], [ 135.304033186999987, 34.747684019 ], [ 135.303989285, 34.747681221 ], [ 135.303951087, 34.747676803 ], [ 135.303903206, 34.747659867 ], [ 135.303857047, 34.747627174 ], [ 135.30379148599999, 34.747566296 ], [ 135.303578606, 34.747303504 ], [ 135.30296492799999, 34.747746234 ], [ 135.30260740599999, 34.747992474 ], [ 135.302651719000011, 34.748046208 ], [ 135.302692014, 34.748088615 ], [ 135.302753521, 34.748135966 ], [ 135.302816385, 34.748172267 ], [ 135.30289854899999, 34.748205962 ], [ 135.302964228, 34.748228745 ], [ 135.303129864999988, 34.748281402 ], [ 135.303803746, 34.748496769 ], [ 135.303915929999988, 34.748518647 ], [ 135.304012601000011, 34.748532751 ], [ 135.304409367, 34.748535884 ], [ 135.30467270599999, 34.74854638 ], [ 135.30479695, 34.748569002 ], [ 135.30488684, 34.748605468 ], [ 135.304992607, 34.748663476 ], [ 135.305100063999987, 34.748748941 ], [ 135.305264341999987, 34.748902182 ], [ 135.305436359999987, 34.7490284 ], [ 135.305587183, 34.749107416 ], [ 135.30573088700001, 34.749162945 ], [ 135.30629316400001, 34.749369332 ], [ 135.306435765, 34.749422279 ], [ 135.306531592, 34.749485619 ], [ 135.306648668, 34.749580366 ], [ 135.306795431000012, 34.749671196 ], [ 135.306898552, 34.749716987 ], [ 135.30705983499999, 34.749771039 ], [ 135.307260523999986, 34.749481331 ], [ 135.307612702, 34.748988585 ], [ 135.30776054, 34.748771648 ], [ 135.307813341000013, 34.748617978 ], [ 135.307851551999988, 34.748484772 ], [ 135.307846184, 34.748352571 ], [ 135.307966187, 34.748339015 ], [ 135.308032977000011, 34.748341629 ], [ 135.308222489, 34.748399937 ], [ 135.308628422, 34.748533654 ], [ 135.309352558, 34.748801786 ], [ 135.30910839500001, 34.749238774 ], [ 135.308804551, 34.749784077 ], [ 135.308743029, 34.749892745 ], [ 135.308699982, 34.749947178 ], [ 135.308662236, 34.749988046 ], [ 135.308627088, 34.750017625 ], [ 135.308597321, 34.7500404 ], [ 135.308567501, 34.750058668 ], [ 135.308518596, 34.750079343 ], [ 135.308458771, 34.750100105 ], [ 135.308393405, 34.75011415 ], [ 135.308259865, 34.750135502 ], [ 135.30826791199999, 34.750315399 ], [ 135.308475686, 34.75037268 ], [ 135.30861340199999, 34.750409348 ], [ 135.308690603, 34.750429902 ], [ 135.30926152, 34.750598232 ], [ 135.30942781499999, 34.750771767 ], [ 135.309421992000011, 34.750883808 ], [ 135.309408265, 34.751133447 ], [ 135.309368678999988, 34.751208427 ], [ 135.309291793999989, 34.751350509 ], [ 135.309217382000014, 34.751500431 ], [ 135.309191613, 34.751536005 ], [ 135.309076479999987, 34.751664639 ], [ 135.308975516, 34.751783336 ], [ 135.308955895, 34.75180612 ], [ 135.308888623, 34.751884238 ], [ 135.308775962, 34.752020712 ], [ 135.308670328, 34.752147305 ], [ 135.308597622, 34.752240234 ], [ 135.30848496199999, 34.752376708 ], [ 135.308412118, 34.752457848 ], [ 135.308282125, 34.752537481 ], [ 135.30823955599999, 34.7525614 ], [ 135.308182867, 34.752599185 ], [ 135.30830539499999, 34.75269448 ], [ 135.308447704, 34.752852489 ], [ 135.30822755, 34.752888323 ], [ 135.308172573, 34.752917101 ], [ 135.308149982, 34.752942471 ], [ 135.30813759599999, 34.752969406 ], [ 135.308138128, 34.753014475 ], [ 135.308160818, 34.75308641 ], [ 135.30832050399999, 34.753331541 ], [ 135.30837309399999, 34.753490364 ], [ 135.30839620899999, 34.753598353 ], [ 135.308408192, 34.753688402 ], [ 135.308387302999989, 34.753769701 ], [ 135.30835303500001, 34.753827195 ], [ 135.30792844199999, 34.754217881 ], [ 135.30786020299999, 34.754254636 ], [ 135.30778222399999, 34.754274152 ], [ 135.307679489, 34.754297016 ], [ 135.307599790000012, 34.754332289 ], [ 135.307535532, 34.754383181 ], [ 135.307402711, 34.754561845 ], [ 135.30727713600001, 34.754470262 ], [ 135.30719275199999, 34.75443158 ], [ 135.30709144299999, 34.754413497 ], [ 135.30700187299999, 34.75442051 ], [ 135.30627675, 34.753807793 ], [ 135.306259168, 34.753826295 ], [ 135.306228326, 34.75385225 ], [ 135.306188642, 34.75388317 ], [ 135.30616112300001, 34.753939702 ], [ 135.30614011899999, 34.753981549 ], [ 135.306069814000011, 34.754121607 ], [ 135.3060245, 34.754178281 ], [ 135.305917732000012, 34.75432427 ], [ 135.30581622599999, 34.754474226 ], [ 135.305751148000013, 34.754648395 ], [ 135.30568607, 34.754822565 ], [ 135.305616969, 34.754983981 ], [ 135.305570775, 34.755117516 ], [ 135.305534983, 34.75525736 ], [ 135.305495965, 34.755359118 ], [ 135.305414154, 34.755572485 ], [ 135.305380923, 34.755659155 ], [ 135.30532603, 34.755814189 ], [ 135.305298459, 34.755892054 ], [ 135.305259678999988, 34.755994722 ], [ 135.305224594, 34.756087599 ], [ 135.30513847099999, 34.756338639 ], [ 135.305215718999989, 34.756431771 ], [ 135.305239801, 34.756460623 ], [ 135.30526085599999, 34.756485849 ], [ 135.305281044, 34.756510038 ], [ 135.305305534000013, 34.756539378 ], [ 135.305362349, 34.756607447 ], [ 135.305394799999988, 34.756645854 ], [ 135.305471052, 34.756736104 ], [ 135.305543373, 34.7568217 ], [ 135.305562622, 34.756844481 ], [ 135.3056094, 34.756897675 ], [ 135.305685849000014, 34.756984609 ], [ 135.305771942, 34.757082509 ], [ 135.305892410000013, 34.757218606 ], [ 135.305949851, 34.7572835 ], [ 135.30599977899999, 34.757340378 ], [ 135.306084698, 34.757437115 ], [ 135.306157871000011, 34.757520473 ], [ 135.30643405, 34.757735594 ], [ 135.306755785, 34.75797216 ], [ 135.30698330199999, 34.75813945 ], [ 135.30727477799999, 34.758352096 ], [ 135.307475167, 34.75851583 ], [ 135.307525223999988, 34.758479897 ], [ 135.307582008, 34.758432116 ], [ 135.307824492, 34.758152975 ], [ 135.30823703199999, 34.757705702 ], [ 135.308309853, 34.757628494 ], [ 135.308674301999986, 34.757271841 ], [ 135.309003754, 34.756958197 ], [ 135.309257602, 34.756717275 ], [ 135.309382191999987, 34.756630637 ], [ 135.309736558, 34.756346089 ], [ 135.31003893799999, 34.756052942 ], [ 135.310454850000013, 34.755661975 ], [ 135.31097434, 34.755209327 ], [ 135.311043853, 34.755129891 ], [ 135.311073247, 34.755084582 ], [ 135.311132066, 34.754978188 ], [ 135.311166896, 34.754921567 ], [ 135.311220679, 34.754851271 ], [ 135.311395255, 34.75460422 ] ] ] } },
{ "type": "Feature", "properties": { "A29_001": "28206", "A29_002": "兵庫県", "A29_003": "芦屋市", "A29_004": 1, "A29_005": "第一種低層住居専用地域", "A29_006": 40, "A29_007": 80, "A29_008": null }, "geometry": { "type": "Polygon", "coordinates": [ [ [ 135.298137824, 34.747757555 ], [ 135.298273123, 34.747663999 ], [ 135.298385536000012, 34.747748948 ], [ 135.29856417799999, 34.747578962 ], [ 135.29861512, 34.747529462 ], [ 135.29864814199999, 34.747494712 ], [ 135.298680494, 34.747456226 ], [ 135.298742428, 34.747378233 ], [ 135.298755723, 34.747357586 ], [ 135.298820831, 34.74725345 ], [ 135.298852891, 34.747215641 ], [ 135.298873807, 34.74717792 ], [ 135.29890566, 34.747122485 ], [ 135.298929496999989, 34.747096236 ], [ 135.298952504999988, 34.747078425 ], [ 135.29899215099999, 34.747054352 ], [ 135.29915560399999, 34.746977179 ], [ 135.299174975999989, 34.746966296 ], [ 135.299196927, 34.746945192 ], [ 135.299238925999987, 34.746876115 ], [ 135.299260842, 34.746844519 ], [ 135.299287781, 34.746820196 ], [ 135.299305006, 34.746809679 ], [ 135.299321638, 34.746802649 ], [ 135.299350358, 34.746797056 ], [ 135.299399282, 34.746799266 ], [ 135.299401466, 34.746778202 ], [ 135.299443306, 34.746386008 ], [ 135.2994698, 34.746344625 ], [ 135.29977845799999, 34.746044514 ], [ 135.299931133, 34.745909004 ], [ 135.299979701000012, 34.745873149 ], [ 135.30004973199999, 34.745837516 ], [ 135.30047873, 34.74577417 ], [ 135.30058704699999, 34.745773115 ], [ 135.300684875, 34.745782077 ], [ 135.30071171899999, 34.745817112 ], [ 135.300753143, 34.745857349 ], [ 135.300827406, 34.745904086 ], [ 135.30089067, 34.745944149 ], [ 135.30095380099999, 34.745972805 ], [ 135.301014073, 34.745990355 ], [ 135.301063292, 34.745996725 ], [ 135.301139760000012, 34.745998371 ], [ 135.301205176, 34.745988837 ], [ 135.30127051299999, 34.745972542 ], [ 135.301362993, 34.745942509 ], [ 135.30143092899999, 34.745914925 ], [ 135.301476998, 34.745885261 ], [ 135.30151493, 34.745860169 ], [ 135.301539236999986, 34.745837439 ], [ 135.301563466, 34.745807949 ], [ 135.30159831899999, 34.745760345 ], [ 135.301762013, 34.745515788 ], [ 135.301925915, 34.745289118 ], [ 135.30202792, 34.745139565 ], [ 135.302070969, 34.745085134 ], [ 135.30214105499999, 34.745007952 ], [ 135.302224738, 34.744926155 ], [ 135.302267945000011, 34.744885245 ], [ 135.30235448900001, 34.744814693 ], [ 135.302377167, 34.744798784 ], [ 135.303217894999989, 34.745798108 ], [ 135.30517455399999, 34.745049248 ], [ 135.3044104, 34.743739535 ], [ 135.305532548, 34.743418995 ], [ 135.305702749, 34.74337868 ], [ 135.305664256999989, 34.743245205 ], [ 135.30566378099999, 34.743204566 ], [ 135.305679499, 34.743145171 ], [ 135.30571385499999, 34.743100867 ], [ 135.305774879000012, 34.743056349 ], [ 135.305847476, 34.743035668 ], [ 135.306082301, 34.743030186 ], [ 135.306101762999987, 34.742940278 ], [ 135.306121999, 34.742916409 ], [ 135.306261447999987, 34.742835664 ], [ 135.306389195, 34.742783878 ], [ 135.306501641000011, 34.742750804 ], [ 135.306622411, 34.742727824 ], [ 135.306753456, 34.742706455 ], [ 135.30702805199999, 34.742676062 ], [ 135.30732831899999, 34.74266324 ], [ 135.307552998, 34.742659419 ], [ 135.30762834, 34.742644803 ], [ 135.307704480000012, 34.742631113 ], [ 135.307800871000012, 34.742628647 ], [ 135.307883003, 34.742634764 ], [ 135.307928796, 34.742649417 ], [ 135.307969676999988, 34.7426781 ], [ 135.308015463, 34.742733617 ], [ 135.308065946999989, 34.742839901 ], [ 135.308417703, 34.742745638 ], [ 135.308516903999987, 34.742633077 ], [ 135.308397353, 34.742410499 ], [ 135.30830591899999, 34.742311318 ], [ 135.30833039800001, 34.7422112 ], [ 135.308403338, 34.74214526 ], [ 135.30843890599999, 34.742151736 ], [ 135.30851818, 34.742160116 ], [ 135.308665932, 34.742146926 ], [ 135.309181416, 34.742094319 ], [ 135.30947025099999, 34.742058135 ], [ 135.309901064, 34.741709218 ], [ 135.31001936199999, 34.741650692 ], [ 135.310387795, 34.741231148 ], [ 135.310532094, 34.741150154 ], [ 135.310310644999987, 34.740904473 ], [ 135.310197936, 34.740787296 ], [ 135.31005677600001, 34.740646178 ], [ 135.309968188999989, 34.740559718 ], [ 135.30965936699999, 34.740300772 ], [ 135.30929049400001, 34.740522768 ], [ 135.308954489, 34.740721097 ], [ 135.308183985, 34.740204426 ], [ 135.308084863, 34.740133104 ], [ 135.308000343, 34.74005176 ], [ 135.307907715999988, 34.739927188 ], [ 135.307841247, 34.739846589 ], [ 135.307765745000012, 34.739788107 ], [ 135.307441719, 34.739645973 ], [ 135.307185835000013, 34.740217018 ], [ 135.307123366000013, 34.74041397 ], [ 135.30708137100001, 34.740580251 ], [ 135.30703178499999, 34.740827583 ], [ 135.30691700599999, 34.741116027 ], [ 135.30669533, 34.741065767 ], [ 135.306534191999987, 34.741065002 ], [ 135.306326614999989, 34.741057647 ], [ 135.305950637, 34.740979182 ], [ 135.30589667000001, 34.740971203 ], [ 135.305825476, 34.740983787 ], [ 135.30565034899999, 34.741126155 ], [ 135.30557444199999, 34.741171834 ], [ 135.305541578, 34.741163082 ], [ 135.305530447, 34.741145142 ], [ 135.305545773, 34.741095356 ], [ 135.305583353, 34.741000486 ], [ 135.30571329899999, 34.740723315 ], [ 135.305788689, 34.740558405 ], [ 135.305812946, 34.740527729 ], [ 135.30590405800001, 34.740460491 ], [ 135.30599780099999, 34.740384049 ], [ 135.30602073099999, 34.740352626 ], [ 135.306040634, 34.740311617 ], [ 135.306061725, 34.740247768 ], [ 135.306059831999988, 34.740210538 ], [ 135.306041856, 34.740167428 ], [ 135.306025405000014, 34.740130313 ], [ 135.3060032, 34.740099251 ], [ 135.30598544899999, 34.740075363 ], [ 135.30595443199999, 34.740050991 ], [ 135.30586104, 34.740019886 ], [ 135.30578793699999, 34.739994037 ], [ 135.305669579000011, 34.739972136 ], [ 135.305569797, 34.739955573 ], [ 135.305450164, 34.739934902 ], [ 135.305361134, 34.739916388 ], [ 135.305150575, 34.739839971 ], [ 135.30514549, 34.739778736 ], [ 135.305131149, 34.739687118 ], [ 135.305115846, 34.739623561 ], [ 135.305082832000011, 34.73953972 ], [ 135.305040733, 34.73942727 ], [ 135.305027123, 34.739382769 ], [ 135.30502523199999, 34.739345537 ], [ 135.305028442, 34.739310179 ], [ 135.305038935999988, 34.739274036 ], [ 135.305049644, 34.739255922 ], [ 135.305080421000014, 34.739209328 ], [ 135.30510469, 34.739168283 ], [ 135.303839900000014, 34.738391788 ], [ 135.30336529600001, 34.738097465 ], [ 135.303252192, 34.73820103 ], [ 135.303215064999989, 34.738324026 ], [ 135.303151746999987, 34.73838303 ], [ 135.303101160000011, 34.738442703 ], [ 135.30298861, 34.738569226 ], [ 135.3031301, 34.738637219 ], [ 135.303023599999989, 34.738827733 ], [ 135.30289278399999, 34.739043843 ], [ 135.302754306999987, 34.73913131 ], [ 135.302505059, 34.739043542 ], [ 135.302423870000013, 34.738990731 ], [ 135.302335511, 34.738929736 ], [ 135.30189922400001, 34.738794251 ], [ 135.301439146, 34.738671707 ], [ 135.301095771, 34.738589884 ], [ 135.300895846, 34.738550623 ], [ 135.300705669, 34.738515278 ], [ 135.30046492299999, 34.738472119 ], [ 135.300421140999987, 34.738463451 ], [ 135.300300609, 34.738428351 ], [ 135.30020191599999, 34.738393077 ], [ 135.300092304, 34.73835789 ], [ 135.30003760299999, 34.73834931 ], [ 135.29998301, 34.738349743 ], [ 135.299862899, 34.738350698 ], [ 135.299790274, 34.738357199 ], [ 135.299696579999988, 34.738367789 ], [ 135.299590447000014, 34.738397934 ], [ 135.299546875, 34.738407294 ], [ 135.299476094999989, 34.738423627 ], [ 135.299363516, 34.738439578 ], [ 135.299249997, 34.738448699 ], [ 135.29901192299999, 34.738418293 ], [ 135.298948954, 34.738403017 ], [ 135.29881859599999, 34.738365754 ], [ 135.298570826, 34.738284316 ], [ 135.298478069999987, 34.738179919 ], [ 135.298252647999988, 34.737921761 ], [ 135.298174956, 34.737814202 ], [ 135.298116850000014, 34.737730195 ], [ 135.298038297, 34.737610668 ], [ 135.297992314, 34.73753774 ], [ 135.297972761000011, 34.737483828 ], [ 135.297960542, 34.737434663 ], [ 135.297820185, 34.737329705 ], [ 135.297708992999986, 34.737117212 ], [ 135.29724167, 34.736906583 ], [ 135.29700191399999, 34.73681968 ], [ 135.29632872799999, 34.736810136 ], [ 135.296303560000013, 34.736798003 ], [ 135.296105970000013, 34.736708252 ], [ 135.29586394, 34.736601379 ], [ 135.294999022000013, 34.736224176 ], [ 135.29491246, 34.736154293 ], [ 135.294556596, 34.735938324 ], [ 135.294774114, 34.735666825 ], [ 135.29494861, 34.735591224 ], [ 135.29500443, 34.735534906 ], [ 135.295140823, 34.73536109 ], [ 135.295111846999987, 34.735292013 ], [ 135.29467186, 34.735152139 ], [ 135.294589887, 34.735099673 ], [ 135.294328143, 34.734924986 ], [ 135.29411937, 34.734788363 ], [ 135.294038072, 34.734725475 ], [ 135.294036818, 34.734724505 ], [ 135.29395250799999, 34.734656151 ], [ 135.293876403000013, 34.734583614 ], [ 135.293849247999987, 34.734541491 ], [ 135.29381177, 34.734358858 ], [ 135.293772213000011, 34.734249291 ], [ 135.293653543, 34.73419552 ], [ 135.293513123, 34.734066982 ], [ 135.29335640799999, 34.73387134 ], [ 135.293189504, 34.733691517 ], [ 135.293189358, 34.733691359 ], [ 135.293180595, 34.733702435 ], [ 135.293015357, 34.733577532 ], [ 135.292850249, 34.733463895 ], [ 135.292756738, 34.733403783 ], [ 135.29272265899999, 34.73352575 ], [ 135.29269115299999, 34.733634174 ], [ 135.292657178000013, 34.733765155 ], [ 135.292625672000014, 34.733873579 ], [ 135.292602147, 34.733963911 ], [ 135.292586602, 34.734036151 ], [ 135.29256318099999, 34.734135497 ], [ 135.292492786999986, 34.734422268 ], [ 135.292622827, 34.734572239 ], [ 135.292713974, 34.734663922 ], [ 135.292788379, 34.734724185 ], [ 135.292573753999989, 34.735050404 ], [ 135.29255490599999, 34.735073089 ], [ 135.292554932, 34.735075343 ], [ 135.292519915000014, 34.735116184 ], [ 135.292439144000014, 34.735213728 ], [ 135.291972187999988, 34.7356749 ], [ 135.292202035, 34.735957053 ], [ 135.292273268, 34.735979029 ], [ 135.29241766199999, 34.736189737 ], [ 135.292671334, 34.736879616 ], [ 135.291776527, 34.737161608 ], [ 135.291616303000012, 34.737234987 ], [ 135.291548371, 34.737262565 ], [ 135.291408530000012, 34.737446213 ], [ 135.29138211599999, 34.737523045 ], [ 135.291237387, 34.737756312 ], [ 135.291108697, 34.737960154 ], [ 135.291012843, 34.738170499 ], [ 135.29091392, 34.73835157 ], [ 135.290793314000013, 34.738546334 ], [ 135.290734818, 34.738682014 ], [ 135.290700542, 34.738758999 ], [ 135.290660307, 34.738849371 ], [ 135.290590943000012, 34.738989644 ], [ 135.29057534, 34.739055029 ], [ 135.290575444000012, 34.739054948 ], [ 135.290745246, 34.738923139 ], [ 135.2908367, 34.738800902 ], [ 135.291034792, 34.738929675 ], [ 135.291193617, 34.738782824 ], [ 135.29122075699999, 34.738802214 ], [ 135.29140032, 34.738933583 ], [ 135.291479821, 34.738968072 ], [ 135.291704224, 34.739018931 ], [ 135.291881052, 34.739032892 ], [ 135.291879924, 34.739139201 ], [ 135.29218311599999, 34.73936944 ], [ 135.292272655, 34.739491868 ], [ 135.29237782300001, 34.739609832 ], [ 135.292415760000011, 34.739661603 ], [ 135.29250213200001, 34.739749446 ], [ 135.292535324999989, 34.739787948 ], [ 135.292567082, 34.739831483 ], [ 135.292601671, 34.739892258 ], [ 135.292637103, 34.739931553 ], [ 135.292758249, 34.739990545 ], [ 135.292828495, 34.740018461 ], [ 135.292958395999989, 34.740066837 ], [ 135.29303680000001, 34.740093778 ], [ 135.293057366999989, 34.74009513 ], [ 135.29310219300001, 34.74011094 ], [ 135.29310705099999, 34.74011458 ], [ 135.293113441, 34.740116585 ], [ 135.293121318, 34.740121609 ], [ 135.293046887, 34.740209474 ], [ 135.293018799, 34.740231723 ], [ 135.29296411199999, 34.740275042 ], [ 135.292958061, 34.74028856 ], [ 135.29326890199999, 34.740886707 ], [ 135.293223143, 34.740916046 ], [ 135.293171744, 34.740957017 ], [ 135.293125909, 34.741006959 ], [ 135.293088289999986, 34.74105909 ], [ 135.29305893899999, 34.741117917 ], [ 135.293018980999989, 34.741203871 ], [ 135.292973536, 34.741287615 ], [ 135.29296563299999, 34.741312468 ], [ 135.292950088, 34.741384707 ], [ 135.29292910800001, 34.741459244 ], [ 135.292913042, 34.741486414 ], [ 135.29288080399999, 34.741531742 ], [ 135.29284310599999, 34.741577112 ], [ 135.292799949, 34.741622526 ], [ 135.29276758, 34.741656586 ], [ 135.292735107999988, 34.741681632 ], [ 135.292662025, 34.741736296 ], [ 135.29262144099999, 34.741768167 ], [ 135.292545759, 34.741834119 ], [ 135.292429596, 34.741940956 ], [ 135.292362077, 34.742004591 ], [ 135.29231910199999, 34.742065778 ], [ 135.292281508, 34.742120162 ], [ 135.292213753999988, 34.742163515 ], [ 135.292329990000013, 34.742295567 ], [ 135.292614818, 34.742116886 ], [ 135.29288757899999, 34.742117642 ], [ 135.293476749, 34.742070179 ], [ 135.29392128399999, 34.742028361 ], [ 135.29408908799999, 34.742137467 ], [ 135.294133628, 34.742211487 ], [ 135.294185757, 34.742233612 ], [ 135.294235235, 34.74226252 ], [ 135.29427376699999, 34.74228926 ], [ 135.294323037, 34.742300139 ], [ 135.294390983, 34.742317632 ], [ 135.294533895, 34.742354817 ], [ 135.294643431, 34.74238325 ], [ 135.294714723, 34.742409731 ], [ 135.294788823, 34.742442951 ], [ 135.294857463, 34.742476214 ], [ 135.29491794, 34.742511795 ], [ 135.29497581699999, 34.742558665 ], [ 135.295022775, 34.742605622 ], [ 135.295064481, 34.742670649 ], [ 135.295181568, 34.742879315 ], [ 135.29524555899999, 34.742982478 ], [ 135.295278892999988, 34.743031796 ], [ 135.295314826, 34.743069824 ], [ 135.295416722999988, 34.743145644 ], [ 135.295858904999989, 34.743469744 ], [ 135.29586759599999, 34.743475745 ], [ 135.296453953, 34.743592699 ], [ 135.296427862, 34.743698815 ], [ 135.296403123, 34.743812182 ], [ 135.296345462, 34.744059997 ], [ 135.296241576, 34.744498068 ], [ 135.296217219999988, 34.744604201 ], [ 135.29618749, 34.744793329 ], [ 135.296150946000012, 34.745010385 ], [ 135.29616078399999, 34.745152288 ], [ 135.296032838, 34.745184851 ], [ 135.295882556, 34.74517477 ], [ 135.29577605899999, 34.745173358 ], [ 135.295718832, 34.745182825 ], [ 135.295694341, 34.74518978 ], [ 135.29561816099999, 34.745212919 ], [ 135.295533922, 34.745247389 ], [ 135.29544989199999, 34.745299887 ], [ 135.295352473, 34.745375028 ], [ 135.295311993000013, 34.745415914 ], [ 135.295258149, 34.745481695 ], [ 135.295228694, 34.745531509 ], [ 135.295237955, 34.745623836 ], [ 135.29526997100001, 34.745794862 ], [ 135.295343491000011, 34.74620914 ], [ 135.296233779, 34.746501657 ], [ 135.296144653999988, 34.746585747 ], [ 135.29609603599999, 34.746631205 ], [ 135.296057072, 34.746669521 ], [ 135.296075215, 34.746719262 ], [ 135.296104595, 34.746797164 ], [ 135.296113186000014, 34.746850204 ], [ 135.296116059000013, 34.746866936 ], [ 135.29611298, 34.746893112 ], [ 135.296094536999988, 34.746950445 ], [ 135.296085933, 34.746977185 ], [ 135.29607854, 34.746999946 ], [ 135.296108081999989, 34.746995986 ], [ 135.296111314, 34.746995552 ], [ 135.296165816000013, 34.746981774 ], [ 135.296324593, 34.746942086 ], [ 135.29633014, 34.746958026 ], [ 135.296568998, 34.746889139 ], [ 135.296566289, 34.746881489 ], [ 135.296563985, 34.746875016 ], [ 135.296573478999989, 34.74686205 ], [ 135.296586351, 34.746850419 ], [ 135.296596953, 34.746838931 ], [ 135.29662022799999, 34.746813705 ], [ 135.296633286, 34.746808643 ], [ 135.296727667, 34.746840476 ], [ 135.29675660699999, 34.746909056 ], [ 135.297756748000012, 34.746774989 ], [ 135.297830706000013, 34.746774111 ], [ 135.298320495000013, 34.746768298 ], [ 135.298137824, 34.747757555 ] ] ] } },
{ "type": "Feature", "properties": { "A29_001": "28206", "A29_002": "兵庫県", "A29_003": "芦屋市", "A29_004": 3, "A29_005": "第一種中高層住居専用地域", "A29_006": 50, "A29_007": 100, "A29_008": null }, "geometry": { "type": "Polygon", "coordinates": [ [ [ 135.311779902000012, 34.743902506 ], [ 135.31175719699999, 34.7436825 ], [ 135.311637625, 34.743676603 ], [ 135.311677513, 34.742898769 ], [ 135.31179183899999, 34.742897712 ], [ 135.311571823, 34.742566095 ], [ 135.311464647, 34.742440763 ], [ 135.310810607, 34.742393171 ], [ 135.310767274, 34.742644706 ], [ 135.310753674000011, 34.742743528 ], [ 135.310742534000013, 34.742833871 ], [ 135.310737093, 34.742897805 ], [ 135.310728375999986, 34.743209536 ], [ 135.31071506399999, 34.743513689 ], [ 135.31069453399999, 34.743713794 ], [ 135.310664696, 34.743916503 ], [ 135.311210788000011, 34.743828961 ], [ 135.311217524999989, 34.743860569 ], [ 135.31122363, 34.743880806 ], [ 135.31123376799999, 34.743907203 ], [ 135.311244034999987, 34.74392963 ], [ 135.311258755000011, 34.743954997 ], [ 135.31127762, 34.743983368 ], [ 135.311467173000011, 34.744238519 ], [ 135.31176030099999, 34.744124096 ], [ 135.311694934, 34.743906016 ], [ 135.311779902000012, 34.743902506 ] ] ] } },
{ "type": "Feature", "properties": { "A29_001": "28206", "A29_002": "兵庫県", "A29_003": "芦屋市", "A29_004": 4, "A29_005": "第二種中高層住居専用地域", "A29_006": 60, "A29_007": 200, "A29_008": null }, "geometry": { "type": "Polygon", "coordinates": [ [ [ 135.310728375999986, 34.743209536 ], [ 135.31073709399999, 34.742897805 ], [ 135.310742535, 34.74283387 ], [ 135.31075367299999, 34.742743528 ], [ 135.310767274, 34.742644706 ], [ 135.31081060599999, 34.742393171 ], [ 135.310839992000012, 34.742256473 ], [ 135.311248529000011, 34.740783819 ], [ 135.31194961, 34.740967492 ], [ 135.312420637, 34.741087048 ], [ 135.312547238, 34.740490397 ], [ 135.311383146, 34.740160733 ], [ 135.311406234, 34.739889306 ], [ 135.31140243499999, 34.739799826 ], [ 135.311395328, 34.739739558 ], [ 135.311382232999989, 34.739674864 ], [ 135.31135326399999, 34.739574826 ], [ 135.311129206, 34.738999894 ], [ 135.31095387799999, 34.738464413 ], [ 135.310762591000014, 34.737849869 ], [ 135.310711932, 34.737669959 ], [ 135.310695584, 34.737580792 ], [ 135.310678270000011, 34.737486214 ], [ 135.310636944, 34.737074729 ], [ 135.310591635, 34.736770711 ], [ 135.31049227, 34.73636276 ], [ 135.31033815399999, 34.735811809 ], [ 135.310213481, 34.735783167 ], [ 135.310134495, 34.73576502 ], [ 135.30927885, 34.735568448 ], [ 135.308449171, 34.735378575 ], [ 135.308160643, 34.736014011 ], [ 135.30801435399999, 34.736320188 ], [ 135.30792462799999, 34.736514238 ], [ 135.308189472, 34.736599482 ], [ 135.308862119999986, 34.736817716 ], [ 135.309535579999988, 34.737033641 ], [ 135.310027714, 34.737188589 ], [ 135.310183733, 34.737231777 ], [ 135.310239673000012, 34.737242362 ], [ 135.310253447, 34.737377304 ], [ 135.310266321, 34.737501619 ], [ 135.310271655, 34.737537677 ], [ 135.310302199, 34.737711299 ], [ 135.310349244, 34.737896259 ], [ 135.31038900499999, 34.738027665 ], [ 135.310643806, 34.738856282 ], [ 135.31074857199999, 34.739129178 ], [ 135.310951756, 34.739662531 ], [ 135.310965407, 34.73970991 ], [ 135.310975902, 34.739760619 ], [ 135.310983024, 34.739805149 ], [ 135.310986434, 34.73985084 ], [ 135.310987283, 34.739887254 ], [ 135.310986652, 34.739914516 ], [ 135.310977804, 34.739972269 ], [ 135.310964594000012, 34.7400742 ], [ 135.31094497399999, 34.740262442 ], [ 135.31090229899999, 34.740460664 ], [ 135.310865424000013, 34.740607496 ], [ 135.310778604, 34.740934584 ], [ 135.31063835099999, 34.741462054 ], [ 135.310501482, 34.741954385 ], [ 135.31044773299999, 34.742175461 ], [ 135.310372903, 34.742608002 ], [ 135.310335987, 34.742968062 ], [ 135.310315067, 34.743383928 ], [ 135.31072022, 34.743212978 ], [ 135.310728375999986, 34.743209536 ] ] ] } },
{ "type": "Feature", "properties": { "A29_001": "28206", "A29_002": "兵庫県", "A29_003": "芦屋市", "A29_004": 2, "A29_005": "第二種低層住居専用地域", "A29_006": 40, "A29_007": 80, "A29_008": null }, "geometry": { "type": "Polygon", "coordinates": [ [ [ 135.31081060599999, 34.742393171 ], [ 135.311464647, 34.742440762 ], [ 135.31129103, 34.742196586 ], [ 135.311416216, 34.741709569 ], [ 135.311486578, 34.741448051 ], [ 135.311491369, 34.741448017 ], [ 135.311754928, 34.741446107 ], [ 135.31194961, 34.740967492 ], [ 135.311248529000011, 34.740783819 ], [ 135.310839992000012, 34.742256473 ], [ 135.31081060599999, 34.742393171 ] ] ] } },
{ "type": "Feature", "properties": { "A29_001": "28206", "A29_002": "兵庫県", "A29_003": "芦屋市", "A29_004": 3, "A29_005": "第一種中高層住居専用地域", "A29_006": 60, "A29_007": 200, "A29_008": null }, "geometry": { "type": "Polygon", "coordinates": [ [ [ 135.31682465, 34.74236167 ], [ 135.31683843799999, 34.742280272 ], [ 135.316904341999987, 34.741851544 ], [ 135.316934589999988, 34.741639456 ], [ 135.31697099199999, 34.741485913 ], [ 135.31648967699999, 34.741417682 ], [ 135.316554266, 34.741108409 ], [ 135.31628824, 34.741006888 ], [ 135.316321753000011, 34.740839846 ], [ 135.31643367800001, 34.740838943 ], [ 135.31668887699999, 34.740487565 ], [ 135.316715882000011, 34.740462556 ], [ 135.316732234, 34.740460171 ], [ 135.316959026, 34.740476368 ], [ 135.317188441000013, 34.74048353 ], [ 135.317213009999989, 34.740483332 ], [ 135.317223848999987, 34.740476483 ], [ 135.31724531399999, 34.740444758 ], [ 135.317258802999987, 34.740431127 ], [ 135.317272398999989, 34.74042651 ], [ 135.317305076999986, 34.740419485 ], [ 135.317446682, 34.740389043 ], [ 135.31753596499999, 34.740320712 ], [ 135.317622252, 34.740229868 ], [ 135.317684129000014, 34.740152743 ], [ 135.317807484000014, 34.739964692 ], [ 135.317810025999989, 34.739948896 ], [ 135.317807216, 34.739942158 ], [ 135.317790730000013, 34.739933277 ], [ 135.31752157599999, 34.739797978 ], [ 135.317488577, 34.739777962 ], [ 135.317485686999987, 34.739764464 ], [ 135.3174855, 34.739748689 ], [ 135.317572109999986, 34.739455013 ], [ 135.317593361, 34.739405261 ], [ 135.317614932, 34.73938255 ], [ 135.317644800000011, 34.739368787 ], [ 135.317892332000014, 34.739292415 ], [ 135.318034442999988, 34.739304788 ], [ 135.318061046, 34.739245978 ], [ 135.31810121699999, 34.739180297 ], [ 135.318187153999986, 34.739060158 ], [ 135.318339384000012, 34.738774965 ], [ 135.318383087, 34.738776865 ], [ 135.31842887900001, 34.73872466 ], [ 135.318483551000014, 34.738537435 ], [ 135.318557422, 34.738284156 ], [ 135.318669476999986, 34.738294518 ], [ 135.318751397999989, 34.738296109 ], [ 135.3188414, 34.73828862 ], [ 135.318939405, 34.73826529 ], [ 135.318994268000012, 34.738287383 ], [ 135.31921687900001, 34.738181912 ], [ 135.319298505, 34.738158715 ], [ 135.319345018, 34.738167353 ], [ 135.319536692000014, 34.738215382 ], [ 135.319565059000013, 34.738075425 ], [ 135.319536234999987, 34.737947199 ], [ 135.319566075000012, 34.737701399 ], [ 135.31954000799999, 34.737575405 ], [ 135.319548088, 34.737336451 ], [ 135.319433198000013, 34.737317098 ], [ 135.319351038, 34.737295227 ], [ 135.319296898, 34.737333977 ], [ 135.31917435299999, 34.73735976 ], [ 135.319040113, 34.73732028 ], [ 135.319050577000013, 34.737281883 ], [ 135.319099338, 34.737249937 ], [ 135.31929700399999, 34.737113117 ], [ 135.319310546, 34.737103993 ], [ 135.319365248, 34.737112565 ], [ 135.319378922999988, 34.737114708 ], [ 135.31938162599999, 34.737112432 ], [ 135.319506418, 34.737046066 ], [ 135.319711925, 34.737109758 ], [ 135.319835219, 34.737147071 ], [ 135.31986752099999, 34.737108498 ], [ 135.32005059799999, 34.736892916 ], [ 135.320103639, 34.736761774 ], [ 135.32023204399999, 34.736769748 ], [ 135.320464657, 34.73658757 ], [ 135.320543390000012, 34.736550874 ], [ 135.32060836799999, 34.736505274 ], [ 135.32071073, 34.736389507 ], [ 135.320734112999986, 34.736060282 ], [ 135.32061328, 34.736009428 ], [ 135.320411975000013, 34.735839781 ], [ 135.320416039, 34.735826198 ], [ 135.31932387099999, 34.735534953 ], [ 135.317574266, 34.735071652 ], [ 135.316637979, 34.734823775 ], [ 135.316151573000013, 34.73471018 ], [ 135.315605817, 34.734589949 ], [ 135.314955236, 34.734460533 ], [ 135.31436693399999, 34.734340127 ], [ 135.31309267, 34.734080254 ], [ 135.31218592499999, 34.733898134 ], [ 135.310977657, 34.733655308 ], [ 135.310975565, 34.73366128 ], [ 135.310843444999989, 34.734038124 ], [ 135.310668585, 34.734438496 ], [ 135.310586429000011, 34.734641193 ], [ 135.310501628999987, 34.734858224 ], [ 135.310463230000011, 34.734973548 ], [ 135.310301307, 34.735522639 ], [ 135.310303975000011, 34.735658032 ], [ 135.31033815399999, 34.735811809 ], [ 135.31049227, 34.73636276 ], [ 135.310591635, 34.736770711 ], [ 135.310636944, 34.737074729 ], [ 135.310678270000011, 34.737486214 ], [ 135.310695584, 34.737580792 ], [ 135.310711932, 34.737669959 ], [ 135.310762591000014, 34.737849869 ], [ 135.31095387799999, 34.738464413 ], [ 135.311129206, 34.738999894 ], [ 135.31135326399999, 34.739574826 ], [ 135.311382232999989, 34.739674864 ], [ 135.311395328, 34.739739558 ], [ 135.31140243499999, 34.739799826 ], [ 135.311406234, 34.739889306 ], [ 135.311383146, 34.740160733 ], [ 135.312547238, 34.740490397 ], [ 135.312420637, 34.741087048 ], [ 135.31314505899999, 34.741266477 ], [ 135.315511617999988, 34.741953263 ], [ 135.31625132100001, 34.742186048 ], [ 135.31682465, 34.74236167 ] ] ] } },
{ "type": "Feature", "properties": { "A29_001": "28206", "A29_002": "兵庫県", "A29_003": "芦屋市", "A29_004": 8, "A29_005": "近隣商業地域", "A29_006": 80, "A29_007": 200, "A29_008": null }, "geometry": { "type": "Polygon", "coordinates": [ [ [ 135.300881013, 34.734923542 ], [ 135.300626196, 34.73598125 ], [ 135.300271073, 34.735895485 ], [ 135.300090084, 34.735836166 ], [ 135.29985902300001, 34.735695678 ], [ 135.299640949, 34.735879199 ], [ 135.299159413000012, 34.735638597 ], [ 135.298028584, 34.735068805 ], [ 135.297925539, 34.735382132 ], [ 135.297826504999989, 34.735645685 ], [ 135.298239032999987, 34.73581506 ], [ 135.29851097299999, 34.735974095 ], [ 135.29845167, 34.736039017 ], [ 135.29884035, 34.736237558 ], [ 135.298813306, 34.736322057 ], [ 135.29881969600001, 34.73635506 ], [ 135.298854068999987, 34.736384534 ], [ 135.2989955, 34.736495792 ], [ 135.299066027, 34.736575856 ], [ 135.30034080199999, 34.737193033 ], [ 135.300368273, 34.737136037 ], [ 135.30051347599999, 34.73671181 ], [ 135.300591931000014, 34.736513326 ], [ 135.30080337699999, 34.736594395 ], [ 135.300930932999989, 34.736295898 ], [ 135.301036020999987, 34.735943492 ], [ 135.301286921000013, 34.734985947 ], [ 135.301068023, 34.734942615 ], [ 135.300904030999988, 34.73492589 ], [ 135.300881013, 34.734923542 ] ] ] } },
{ "type": "Feature", "properties": { "A29_001": "28206", "A29_002": "兵庫県", "A29_003": "芦屋市", "A29_004": 8, "A29_005": "近隣商業地域", "A29_006": 80, "A29_007": 200, "A29_008": null }, "geometry": { "type": "Polygon", "coordinates": [ [ [ 135.305879409999989, 34.736656583 ], [ 135.305884298, 34.73665791 ], [ 135.306573257, 34.736844979 ], [ 135.30687892099999, 34.736175393 ], [ 135.30649442, 34.736050337 ], [ 135.306196871, 34.735954463 ], [ 135.305879409999989, 34.736656583 ] ] ] } },
{ "type": "Feature", "properties": { "A29_001": "28206", "A29_002": "兵庫県", "A29_003": "芦屋市", "A29_004": 8, "A29_005": "近隣商業地域", "A29_006": 80, "A29_007": 300, "A29_008": null }, "geometry": { "type": "Polygon", "coordinates": [ [ [ 135.30792462799999, 34.736514238 ], [ 135.30801435399999, 34.736320188 ], [ 135.308160643, 34.736014011 ], [ 135.308449171, 34.735378575 ], [ 135.30927885, 34.735568448 ], [ 135.310134495, 34.73576502 ], [ 135.310213481, 34.735783167 ], [ 135.31033815399999, 34.735811809 ], [ 135.310303975000011, 34.735658032 ], [ 135.310301307, 34.735522639 ], [ 135.310222321999987, 34.735504494 ], [ 135.309366516000011, 34.735307885 ], [ 135.308283023, 34.735059924 ], [ 135.308140751, 34.735027364 ], [ 135.30767644, 34.736043758 ], [ 135.305571789999988, 34.73535745 ], [ 135.305992463, 34.734478394 ], [ 135.305939894, 34.73446109 ], [ 135.305800776000012, 34.734415297 ], [ 135.305528333000012, 34.734332635 ], [ 135.305265378, 34.734264699 ], [ 135.304885219999989, 34.734181678 ], [ 135.303993961, 34.733992444 ], [ 135.30354557699999, 34.733895089 ], [ 135.302502161, 34.733675216 ], [ 135.30240939399999, 34.733655668 ], [ 135.302322642, 34.733916485 ], [ 135.30232837599999, 34.733917694 ], [ 135.302421143, 34.733937242 ], [ 135.30346340700001, 34.734156872 ], [ 135.30391150299999, 34.734254165 ], [ 135.304802536000011, 34.734443351 ], [ 135.30517452699999, 34.734524588 ], [ 135.305422850000014, 34.734588744 ], [ 135.305510199, 34.734615247 ], [ 135.305251378, 34.735140114 ], [ 135.305034866999989, 34.735577996 ], [ 135.305310889, 34.735665626 ], [ 135.305445257, 34.735712278 ], [ 135.306196871, 34.735954463 ], [ 135.30649442, 34.736050337 ], [ 135.30687892099999, 34.736175393 ], [ 135.307346921, 34.736327603 ], [ 135.307690525, 34.736438888 ], [ 135.30792462799999, 34.736514238 ] ] ] } },
{ "type": "Feature", "properties": { "A29_001": "28206", "A29_002": "兵庫県", "A29_003": "芦屋市", "A29_004": 9, "A29_005": "商業地域", "A29_006": 80, "A29_007": 500, "A29_008": null }, "geometry": { "type": "Polygon", "coordinates": [ [ [ 135.308399989, 34.734476974 ], [ 135.3080033, 34.734404768 ], [ 135.307350074, 34.734288521 ], [ 135.30619577600001, 34.734077508 ], [ 135.305992463, 34.734478394 ], [ 135.305571789999988, 34.73535745 ], [ 135.30767644, 34.736043758 ], [ 135.308140751, 34.735027364 ], [ 135.30827297799999, 34.734754416 ], [ 135.308399989, 34.734476974 ] ] ] } },
{ "type": "Feature", "properties": { "A29_001": "28206", "A29_002": "兵庫県", "A29_003": "芦屋市", "A29_004": 5, "A29_005": "第一種住居地域", "A29_006": 60, "A29_007": 200, "A29_008": null }, "geometry": { "type": "Polygon", "coordinates": [ [ [ 135.320690621000011, 34.734569362 ], [ 135.319781119, 34.734431192 ], [ 135.319647492, 34.734782853 ], [ 135.319615766999988, 34.734774129 ], [ 135.31800422, 34.73434505 ], [ 135.316872589000013, 34.734050685 ], [ 135.31659816199999, 34.733979298 ], [ 135.31637576, 34.733928009 ], [ 135.316026891, 34.733857091 ], [ 135.314755416, 34.733598617 ], [ 135.313223141, 34.733287353 ], [ 135.31169015099999, 34.732977533 ], [ 135.31036672499999, 34.732710668 ], [ 135.309751102, 34.732589433 ], [ 135.30943391, 34.732521436 ], [ 135.309329152, 34.732501323 ], [ 135.309328701999988, 34.732502271 ], [ 135.309095358, 34.732994057 ], [ 135.308974893999988, 34.733250958 ], [ 135.30915704899999, 34.733287924 ], [ 135.309683142000011, 34.733394684 ], [ 135.310894813, 34.733638658 ], [ 135.310977657, 34.733655308 ], [ 135.31218592499999, 34.733898134 ], [ 135.31309267, 34.734080254 ], [ 135.31436693399999, 34.734340127 ], [ 135.314955236, 34.734460533 ], [ 135.315605817, 34.734589949 ], [ 135.316151573000013, 34.73471018 ], [ 135.316637979, 34.734823775 ], [ 135.317574266, 34.735071652 ], [ 135.31932387099999, 34.735534953 ], [ 135.320416039, 34.735826198 ], [ 135.32048024, 34.735611608 ], [ 135.320474245000014, 34.735566583 ], [ 135.320486286, 34.735431266 ], [ 135.320485373999986, 34.735354648 ], [ 135.32049003, 34.735287001 ], [ 135.320569562, 34.735088034 ], [ 135.320647060999988, 34.734947678 ], [ 135.320690621000011, 34.734569362 ] ] ] } },
{ "type": "Feature", "properties": { "A29_001": "28206", "A29_002": "兵庫県", "A29_003": "芦屋市", "A29_004": 8, "A29_005": "近隣商業地域", "A29_006": 80, "A29_007": 400, "A29_008": null }, "geometry": { "type": "Polygon", "coordinates": [ [ [ 135.310301307, 34.735522639 ], [ 135.310463230000011, 34.734973548 ], [ 135.310501628999987, 34.734858224 ], [ 135.309735518, 34.734711122 ], [ 135.308903901, 34.734564543 ], [ 135.308399989, 34.734476974 ], [ 135.30827297799999, 34.734754416 ], [ 135.308140751, 34.735027364 ], [ 135.308283023, 34.735059924 ], [ 135.309366516000011, 34.735307885 ], [ 135.310222321999987, 34.735504494 ], [ 135.310301307, 34.735522639 ] ] ] } },
{ "type": "Feature", "properties": { "A29_001": "28206", "A29_002": "兵庫県", "A29_003": "芦屋市", "A29_004": 4, "A29_005": "第二種中高層住居専用地域", "A29_006": 60, "A29_007": 200, "A29_008": null }, "geometry": { "type": "Polygon", "coordinates": [ [ [ 135.310501628999987, 34.734858224 ], [ 135.310586429000011, 34.734641193 ], [ 135.310668585, 34.734438496 ], [ 135.310843444999989, 34.734038124 ], [ 135.310975565, 34.73366128 ], [ 135.310977657, 34.733655308 ], [ 135.310894813, 34.733638658 ], [ 135.309683142000011, 34.733394684 ], [ 135.30915704899999, 34.733287924 ], [ 135.308974893999988, 34.733250958 ], [ 135.308399989, 34.734476974 ], [ 135.308903901, 34.734564543 ], [ 135.309735518, 34.734711122 ], [ 135.310501628999987, 34.734858224 ] ] ] } },
{ "type": "Feature", "properties": { "A29_001": "28206", "A29_002": "兵庫県", "A29_003": "芦屋市", "A29_004": 3, "A29_005": "第一種中高層住居専用地域", "A29_006": 60, "A29_007": 200, "A29_008": null }, "geometry": { "type": "Polygon", "coordinates": [ [ [ 135.319647492, 34.734782853 ], [ 135.319781119, 34.734431192 ], [ 135.320690621000011, 34.734569362 ], [ 135.320694073, 34.734539384 ], [ 135.320701538, 34.734478474 ], [ 135.32073830600001, 34.734356479 ], [ 135.32062861, 34.734314548 ], [ 135.320700703, 34.734178744 ], [ 135.32085963899999, 34.73422929 ], [ 135.320950275, 34.734046008 ], [ 135.32108724, 34.734085463 ], [ 135.321260173000013, 34.734165193 ], [ 135.321578327999987, 34.733831323 ], [ 135.321152246, 34.733124875 ], [ 135.321506828, 34.733099462 ], [ 135.321511509, 34.733034068 ], [ 135.32153764099999, 34.732978558 ], [ 135.319603897, 34.732621329 ], [ 135.318987155, 34.732508789 ], [ 135.318400094999987, 34.732396695 ], [ 135.31805755799999, 34.732328713 ], [ 135.317721447, 34.732257949 ], [ 135.31757741199999, 34.732225417 ], [ 135.317387507, 34.732183334 ], [ 135.317234729, 34.732146199 ], [ 135.317157146, 34.732589961 ], [ 135.316937636, 34.733711942 ], [ 135.316872589000013, 34.734050685 ], [ 135.31800422, 34.73434505 ], [ 135.319615766999988, 34.734774129 ], [ 135.319647492, 34.734782853 ] ] ] } },
{ "type": "Feature", "properties": { "A29_001": "28206", "A29_002": "兵庫県", "A29_003": "芦屋市", "A29_004": 8, "A29_005": "近隣商業地域", "A29_006": 80, "A29_007": 300, "A29_008": null }, "geometry": { "type": "Polygon", "coordinates": [ [ [ 135.307350074, 34.734288521 ], [ 135.3080033, 34.734404768 ], [ 135.308399989, 34.734476974 ], [ 135.308974893999988, 34.733250958 ], [ 135.309095358, 34.732994057 ], [ 135.309328701999988, 34.732502271 ], [ 135.309329152, 34.732501323 ], [ 135.309179187000012, 34.73247253 ], [ 135.30889845199999, 34.732413971 ], [ 135.308163963999988, 34.732265947 ], [ 135.306723541, 34.731972562 ], [ 135.306710586, 34.731969923 ], [ 135.306839924, 34.731648094 ], [ 135.307025242, 34.731188755 ], [ 135.307239613, 34.730653086 ], [ 135.307594071000011, 34.729774417 ], [ 135.307747244000012, 34.729374459 ], [ 135.307780063, 34.729288763 ], [ 135.306227157, 34.728810419 ], [ 135.306091306000013, 34.728769246 ], [ 135.305860458000012, 34.728698304 ], [ 135.305512994, 34.728585551 ], [ 135.305424413, 34.72855528 ], [ 135.305191342, 34.728475632 ], [ 135.304921342, 34.72837442 ], [ 135.304547718, 34.728228431 ], [ 135.303604043, 34.727828568 ], [ 135.303470659999988, 34.728432959 ], [ 135.304075697, 34.728524387 ], [ 135.304256431999988, 34.728559348 ], [ 135.304213615, 34.728870812 ], [ 135.304516102, 34.728913151 ], [ 135.304961013, 34.72899354 ], [ 135.30516720599999, 34.729105238 ], [ 135.304565389, 34.730478332 ], [ 135.304205118999988, 34.73131249 ], [ 135.30415281099999, 34.73145416 ], [ 135.304086541, 34.731633638 ], [ 135.304012183, 34.731835021 ], [ 135.304647689, 34.731975333 ], [ 135.304479359999988, 34.732343909 ], [ 135.304908731000012, 34.732426929 ], [ 135.30549471099999, 34.732546558 ], [ 135.304963914000012, 34.733802776 ], [ 135.30579604499999, 34.733994451 ], [ 135.306147371, 34.733225401 ], [ 135.306391469, 34.73272826 ], [ 135.30657395599999, 34.732356587 ], [ 135.30807211199999, 34.732657807 ], [ 135.308001305, 34.73283326 ], [ 135.307920958000011, 34.733019527 ], [ 135.307755539, 34.733384862 ], [ 135.30758395699999, 34.733779777 ], [ 135.307350074, 34.734288521 ] ] ] } },
{ "type": "Feature", "properties": { "A29_001": "28206", "A29_002": "兵庫県", "A29_003": "芦屋市", "A29_004": 8, "A29_005": "近隣商業地域", "A29_006": 80, "A29_007": 400, "A29_008": null }, "geometry": { "type": "Polygon", "coordinates": [ [ [ 135.305992463, 34.734478394 ], [ 135.30619577600001, 34.734077508 ], [ 135.305971164, 34.73402911 ], [ 135.30579604499999, 34.733994451 ], [ 135.304963914000012, 34.733802776 ], [ 135.30419729799999, 34.733610572 ], [ 135.30263111, 34.733208384 ], [ 135.302470914, 34.733516156 ], [ 135.30240939399999, 34.733655668 ], [ 135.302502161, 34.733675216 ], [ 135.30354557699999, 34.733895089 ], [ 135.303993961, 34.733992444 ], [ 135.304885219999989, 34.734181678 ], [ 135.305265378, 34.734264699 ], [ 135.305528333000012, 34.734332635 ], [ 135.305800776000012, 34.734415297 ], [ 135.305939894, 34.73446109 ], [ 135.305992463, 34.734478394 ] ] ] } },
{ "type": "Feature", "properties": { "A29_001": "28206", "A29_002": "兵庫県", "A29_003": "芦屋市", "A29_004": 9, "A29_005": "商業地域", "A29_006": 80, "A29_007": 400, "A29_008": null }, "geometry": { "type": "Polygon", "coordinates": [ [ [ 135.30619577600001, 34.734077508 ], [ 135.307350074, 34.734288521 ], [ 135.30758395699999, 34.733779777 ], [ 135.307755539, 34.733384862 ], [ 135.307920958000011, 34.733019527 ], [ 135.308001305, 34.73283326 ], [ 135.30807211199999, 34.732657807 ], [ 135.30657395599999, 34.732356587 ], [ 135.306391469, 34.73272826 ], [ 135.306147371, 34.733225401 ], [ 135.30579604499999, 34.733994451 ], [ 135.305971164, 34.73402911 ], [ 135.30619577600001, 34.734077508 ] ] ] } },
{ "type": "Feature", "properties": { "A29_001": "28206", "A29_002": "兵庫県", "A29_003": "芦屋市", "A29_004": 1, "A29_005": "第一種低層住居専用地域", "A29_006": 40, "A29_007": 80, "A29_008": null }, "geometry": { "type": "Polygon", "coordinates": [ [ [ 135.302451959, 34.731893675 ], [ 135.302452112, 34.731893282 ], [ 135.30214023, 34.73181853 ], [ 135.301789329, 34.731728615 ], [ 135.301666399999988, 34.732101852 ], [ 135.301561862, 34.7325596 ], [ 135.301309239, 34.732533052 ], [ 135.301258764000011, 34.732670289 ], [ 135.301663259, 34.732738327 ], [ 135.301913794, 34.732776219 ], [ 135.301751977, 34.73321473 ], [ 135.301523804999988, 34.733142796 ], [ 135.301461870999987, 34.733077087 ], [ 135.30142353, 34.733066546 ], [ 135.301333835, 34.733338867 ], [ 135.30134968499999, 34.733419296 ], [ 135.30119031800001, 34.734193429 ], [ 135.30165005399999, 34.734288934 ], [ 135.301660551999987, 34.734252792 ], [ 135.301838065, 34.733557253 ], [ 135.301922464, 34.733304172 ], [ 135.302155196, 34.732662281 ], [ 135.302451959, 34.731893675 ] ] ] } },
{ "type": "Feature", "properties": { "A29_001": "28206", "A29_002": "兵庫県", "A29_003": "芦屋市", "A29_004": 4, "A29_005": "第二種中高層住居専用地域", "A29_006": 60, "A29_007": 200, "A29_008": null }, "geometry": { "type": "Polygon", "coordinates": [ [ [ 135.316026891, 34.733857091 ], [ 135.31637576, 34.733928009 ], [ 135.31659816199999, 34.733979298 ], [ 135.316872589000013, 34.734050685 ], [ 135.316937636, 34.733711942 ], [ 135.317157146, 34.732589961 ], [ 135.317234729, 34.732146199 ], [ 135.317094336999986, 34.732109059 ], [ 135.316911033999986, 34.732057163 ], [ 135.31663711600001, 34.731978244 ], [ 135.316399209, 34.731905722 ], [ 135.316381726, 34.732001045 ], [ 135.316301613, 34.732434212 ], [ 135.316166189, 34.733159231 ], [ 135.316026891, 34.733857091 ] ] ] } },
{ "type": "Feature", "properties": { "A29_001": "28206", "A29_002": "兵庫県", "A29_003": "芦屋市", "A29_004": 3, "A29_005": "第一種中高層住居専用地域", "A29_006": 60, "A29_007": 200, "A29_008": null }, "geometry": { "type": "Polygon", "coordinates": [ [ [ 135.309751102, 34.732589433 ], [ 135.31036672499999, 34.732710668 ], [ 135.31169015099999, 34.732977533 ], [ 135.313223141, 34.733287353 ], [ 135.314755416, 34.733598617 ], [ 135.316026891, 34.733857091 ], [ 135.316166189, 34.733159231 ], [ 135.316301613, 34.732434212 ], [ 135.316381726, 34.732001045 ], [ 135.316399209, 34.731905722 ], [ 135.315613926, 34.731666337 ], [ 135.315976431, 34.731227953 ], [ 135.316089427, 34.731087394 ], [ 135.315661662, 34.730883293 ], [ 135.31483943500001, 34.730487563 ], [ 135.313831641, 34.730004414 ], [ 135.31296354599999, 34.729595525 ], [ 135.31258183700001, 34.72940989 ], [ 135.31184808899999, 34.72905676 ], [ 135.311174494999989, 34.728731897 ], [ 135.310975995, 34.729223146 ], [ 135.31096381099999, 34.729257743 ], [ 135.310940858, 34.729387501 ], [ 135.310938943, 34.729448427 ], [ 135.31094847, 34.72959196 ], [ 135.310957054999989, 34.729703613 ], [ 135.310895942, 34.7300447 ], [ 135.310857879999986, 34.73016079 ], [ 135.31071282, 34.730496894 ], [ 135.310530311, 34.730895744 ], [ 135.31018010299999, 34.731657793 ], [ 135.30980308, 34.732476785 ], [ 135.309751102, 34.732589433 ] ] ] } },
{ "type": "Feature", "properties": { "A29_001": "28206", "A29_002": "兵庫県", "A29_003": "芦屋市", "A29_004": 5, "A29_005": "第一種住居地域", "A29_006": 60, "A29_007": 200, "A29_008": null }, "geometry": { "type": "Polygon", "coordinates": [ [ [ 135.31757741199999, 34.732225417 ], [ 135.317721447, 34.732257949 ], [ 135.31805755799999, 34.732328713 ], [ 135.318400094999987, 34.732396695 ], [ 135.318987155, 34.732508789 ], [ 135.319603897, 34.732621329 ], [ 135.32153764099999, 34.732978558 ], [ 135.32155411, 34.732943576 ], [ 135.32166369, 34.732746618 ], [ 135.322259949999989, 34.732843193 ], [ 135.322382398, 34.732580773 ], [ 135.322467597000013, 34.732399788 ], [ 135.322714065000014, 34.732465397 ], [ 135.32284448499999, 34.732184883 ], [ 135.322490703999989, 34.732048029 ], [ 135.32254957699999, 34.731865818 ], [ 135.322121662, 34.731731592 ], [ 135.32197324, 34.73169164 ], [ 135.321407776, 34.731537328 ], [ 135.32106413, 34.731455624 ], [ 135.320461913, 34.731316274 ], [ 135.319958283, 34.731203166 ], [ 135.31924701299999, 34.731044162 ], [ 135.31855108900001, 34.730863403 ], [ 135.318376167, 34.731099777 ], [ 135.318029588, 34.731477162 ], [ 135.317859317, 34.731751258 ], [ 135.31783787, 34.731787674 ], [ 135.31777868399999, 34.731823697 ], [ 135.31773271099999, 34.731856879 ], [ 135.317696802, 34.731900916 ], [ 135.31757741199999, 34.732225417 ] ] ] } },
{ "type": "Feature", "properties": { "A29_001": "28206", "A29_002": "兵庫県", "A29_003": "芦屋市", "A29_004": 4, "A29_005": "第二種中高層住居専用地域", "A29_006": 60, "A29_007": 200, "A29_008": null }, "geometry": { "type": "Polygon", "coordinates": [ [ [ 135.309329152, 34.732501323 ], [ 135.30943391, 34.732521436 ], [ 135.309751102, 34.732589433 ], [ 135.30980308, 34.732476785 ], [ 135.31018010299999, 34.731657793 ], [ 135.310530311, 34.730895744 ], [ 135.31071282, 34.730496894 ], [ 135.310857879999986, 34.73016079 ], [ 135.310895942, 34.7300447 ], [ 135.310957054999989, 34.729703613 ], [ 135.31094847, 34.72959196 ], [ 135.310938943, 34.729448427 ], [ 135.310940858, 34.729387501 ], [ 135.31096381099999, 34.729257743 ], [ 135.310975995, 34.729223146 ], [ 135.311174494999989, 34.728731897 ], [ 135.310865537000012, 34.728582891 ], [ 135.310394339, 34.728382265 ], [ 135.310155974999986, 34.728970421 ], [ 135.310067374, 34.729267116 ], [ 135.310069198, 34.729559962 ], [ 135.310076812, 34.729649696 ], [ 135.310077785, 34.729668164 ], [ 135.310045288999987, 34.729875226 ], [ 135.310015763, 34.729958746 ], [ 135.309891147, 34.730253556 ], [ 135.309801776, 34.730443698 ], [ 135.309370484999988, 34.731383256 ], [ 135.30899965099999, 34.732189757 ], [ 135.30889845199999, 34.732413971 ], [ 135.309179187000012, 34.73247253 ], [ 135.309329152, 34.732501323 ] ] ] } },
{ "type": "Feature", "properties": { "A29_001": "28206", "A29_002": "兵庫県", "A29_003": "芦屋市", "A29_004": 3, "A29_005": "第一種中高層住居専用地域", "A29_006": 60, "A29_007": 200, "A29_008": null }, "geometry": { "type": "Polygon", "coordinates": [ [ [ 135.306710586, 34.731969923 ], [ 135.306723541, 34.731972562 ], [ 135.308163963999988, 34.732265947 ], [ 135.30889845199999, 34.732413971 ], [ 135.30899965099999, 34.732189757 ], [ 135.309370484999988, 34.731383256 ], [ 135.309801776, 34.730443698 ], [ 135.309891147, 34.730253556 ], [ 135.310015763, 34.729958746 ], [ 135.310045288999987, 34.729875226 ], [ 135.310077785, 34.729668164 ], [ 135.310076812, 34.729649696 ], [ 135.310069198, 34.729559962 ], [ 135.310067374, 34.729267116 ], [ 135.310155974999986, 34.728970421 ], [ 135.310394339, 34.728382265 ], [ 135.310219034, 34.728307624 ], [ 135.309878233, 34.728187072 ], [ 135.308869069999986, 34.727854448 ], [ 135.308006670999987, 34.727570002 ], [ 135.307030972, 34.727248792 ], [ 135.306827785, 34.727181483 ], [ 135.30682244799999, 34.727241126 ], [ 135.306813909, 34.727289442 ], [ 135.306804222000011, 34.727334551 ], [ 135.306773367, 34.72745497 ], [ 135.30670891599999, 34.727631058 ], [ 135.3064627, 34.728245052 ], [ 135.306274061000011, 34.728705588 ], [ 135.306227157, 34.728810419 ], [ 135.307780063, 34.729288763 ], [ 135.307747244000012, 34.729374459 ], [ 135.307594071000011, 34.729774417 ], [ 135.307239613, 34.730653086 ], [ 135.307025242, 34.731188755 ], [ 135.306839924, 34.731648094 ], [ 135.306710586, 34.731969923 ] ] ] } },
{ "type": "Feature", "properties": { "A29_001": "28206", "A29_002": "兵庫県", "A29_003": "芦屋市", "A29_004": 5, "A29_005": "第一種住居地域", "A29_006": 60, "A29_007": 200, "A29_008": null }, "geometry": { "type": "Polygon", "coordinates": [ [ [ 135.302452112999987, 34.731893282 ], [ 135.30278482, 34.731973024 ], [ 135.303081392, 34.732042731 ], [ 135.303342859999987, 34.73211147 ], [ 135.304099939, 34.732266416 ], [ 135.304453962999986, 34.732338999 ], [ 135.304479359999988, 34.732343909 ], [ 135.304647689, 34.731975333 ], [ 135.304012183, 34.731835021 ], [ 135.304086541, 34.731633638 ], [ 135.30415281099999, 34.73145416 ], [ 135.303414163000014, 34.731298217 ], [ 135.302727116999989, 34.731133748 ], [ 135.30272698600001, 34.731134257 ], [ 135.302695601000011, 34.731251697 ], [ 135.302589789, 34.731541008 ], [ 135.302557877, 34.731613379 ], [ 135.30247316399999, 34.731839419 ], [ 135.302452112999987, 34.731893282 ] ] ] } },
{ "type": "Feature", "properties": { "A29_001": "28206", "A29_002": "兵庫県", "A29_003": "芦屋市", "A29_004": 8, "A29_005": "近隣商業地域", "A29_006": 80, "A29_007": 300, "A29_008": null }, "geometry": { "type": "Polygon", "coordinates": [ [ [ 135.317234729, 34.732146199 ], [ 135.317387507, 34.732183334 ], [ 135.31757741199999, 34.732225417 ], [ 135.317696802, 34.731900916 ], [ 135.31773271099999, 34.731856879 ], [ 135.31777868399999, 34.731823697 ], [ 135.31783787, 34.731787674 ], [ 135.317859317, 34.731751258 ], [ 135.318029588, 34.731477162 ], [ 135.318376167, 34.731099777 ], [ 135.31855108900001, 34.730863403 ], [ 135.318730374000012, 34.730528202 ], [ 135.31774768, 34.730162597 ], [ 135.316945933999989, 34.729875726 ], [ 135.316797068, 34.73015855 ], [ 135.316780303, 34.730193776 ], [ 135.316740227999986, 34.730248311 ], [ 135.316574094, 34.730474388 ], [ 135.316280999000014, 34.730849091 ], [ 135.316089427, 34.731087394 ], [ 135.315976431, 34.731227953 ], [ 135.315613926, 34.731666337 ], [ 135.316399209, 34.731905722 ], [ 135.31663711600001, 34.731978244 ], [ 135.316911033999986, 34.732057163 ], [ 135.317094336999986, 34.732109059 ], [ 135.317234729, 34.732146199 ] ] ] } },
{ "type": "Feature", "properties": { "A29_001": "28206", "A29_002": "兵庫県", "A29_003": "芦屋市", "A29_004": 3, "A29_005": "第一種中高層住居専用地域", "A29_006": 50, "A29_007": 100, "A29_008": null }, "geometry": { "type": "Polygon", "coordinates": [ [ [ 135.301789328000012, 34.731728615 ], [ 135.30214023, 34.73181853 ], [ 135.302452112999987, 34.731893282 ], [ 135.30247316399999, 34.731839419 ], [ 135.302557877, 34.731613379 ], [ 135.302589789, 34.731541008 ], [ 135.302695601000011, 34.731251697 ], [ 135.30272698600001, 34.731134257 ], [ 135.302727116999989, 34.731133748 ], [ 135.302598389, 34.731102932 ], [ 135.302263001, 34.731014925 ], [ 135.30218422199999, 34.730995137 ], [ 135.302157204, 34.730988018 ], [ 135.30212967, 34.731262408 ], [ 135.301875854, 34.731467649 ], [ 135.301789328000012, 34.731728615 ] ] ] } },
{ "type": "Feature", "properties": { "A29_001": "28206", "A29_002": "兵庫県", "A29_003": "芦屋市", "A29_004": 5, "A29_005": "第一種住居地域", "A29_006": 60, "A29_007": 200, "A29_008": null }, "geometry": { "type": "Polygon", "coordinates": [ [ [ 135.301875854, 34.731467649 ], [ 135.30212967, 34.731262408 ], [ 135.302157204, 34.730988018 ], [ 135.301892826, 34.730918351 ], [ 135.301239414, 34.730714896 ], [ 135.300556812999986, 34.730495833 ], [ 135.300263245, 34.73040162 ], [ 135.299983263, 34.730311658 ], [ 135.299743068999987, 34.730234611 ], [ 135.29873688699999, 34.729911851 ], [ 135.298008998, 34.729676869 ], [ 135.297138396, 34.72939733 ], [ 135.29577406199999, 34.728965413 ], [ 135.29569041100001, 34.728937072 ], [ 135.295690266, 34.728937023 ], [ 135.295620073, 34.729080288 ], [ 135.295572837, 34.729187666 ], [ 135.295501296, 34.729332772 ], [ 135.29547810299999, 34.729379796 ], [ 135.295329219, 34.729672975 ], [ 135.29532937, 34.729673023 ], [ 135.29577596499999, 34.729817164 ], [ 135.29669302100001, 34.730111994 ], [ 135.297462215, 34.730357949 ], [ 135.297644819999988, 34.730416423 ], [ 135.299646888000012, 34.731059582 ], [ 135.300355164, 34.731285859 ], [ 135.30138770799999, 34.731617793 ], [ 135.30161123100001, 34.731682979 ], [ 135.301789328000012, 34.731728615 ], [ 135.301875854, 34.731467649 ] ] ] } },
{ "type": "Feature", "properties": { "A29_001": "28206", "A29_002": "兵庫県", "A29_003": "芦屋市", "A29_004": 3, "A29_005": "第一種中高層住居専用地域", "A29_006": 60, "A29_007": 200, "A29_008": null }, "geometry": { "type": "Polygon", "coordinates": [ [ [ 135.30415281099999, 34.73145416 ], [ 135.304205118999988, 34.73131249 ], [ 135.304565389, 34.730478332 ], [ 135.30516720599999, 34.729105238 ], [ 135.304961013, 34.72899354 ], [ 135.304516102, 34.728913151 ], [ 135.304213615, 34.728870812 ], [ 135.304256431999988, 34.728559348 ], [ 135.304075697, 34.728524387 ], [ 135.303470659999988, 34.728432959 ], [ 135.303604043, 34.727828568 ], [ 135.304547718, 34.728228431 ], [ 135.304921342, 34.72837442 ], [ 135.305191342, 34.728475632 ], [ 135.305424413, 34.72855528 ], [ 135.305625324, 34.72805838 ], [ 135.30579211700001, 34.72765384 ], [ 135.30591218699999, 34.727338104 ], [ 135.305936167, 34.72726708 ], [ 135.305944633, 34.727234972 ], [ 135.305952719, 34.727199129 ], [ 135.305962187, 34.72704859 ], [ 135.30597106499999, 34.726897742 ], [ 135.304550922, 34.726427811 ], [ 135.304000257000013, 34.726279518 ], [ 135.30379571899999, 34.726216491 ], [ 135.303553324, 34.727098128 ], [ 135.303407641, 34.727712288 ], [ 135.303293551, 34.728227034 ], [ 135.30320066499999, 34.72868752 ], [ 135.303056137999988, 34.729400827 ], [ 135.302953279, 34.729942524 ], [ 135.302881488, 34.730339739 ], [ 135.302820193, 34.730700813 ], [ 135.302779049, 34.730917491 ], [ 135.302747874, 34.731052959 ], [ 135.302727116999989, 34.731133748 ], [ 135.303414163000014, 34.731298217 ], [ 135.30415281099999, 34.73145416 ] ] ] } },
{ "type": "Feature", "properties": { "A29_001": "28206", "A29_002": "兵庫県", "A29_003": "芦屋市", "A29_004": 5, "A29_005": "第一種住居地域", "A29_006": 60, "A29_007": 200, "A29_008": null }, "geometry": { "type": "Polygon", "coordinates": [ [ [ 135.316740227999986, 34.730248311 ], [ 135.31673669700001, 34.730246635 ], [ 135.31548489, 34.72965276 ], [ 135.314474574, 34.729165102 ], [ 135.313530205, 34.728712961 ], [ 135.31320075299999, 34.728553351 ], [ 135.313036028, 34.728473544 ], [ 135.312805478, 34.728367223 ], [ 135.31209167599999, 34.728021391 ], [ 135.311883069, 34.727923906 ], [ 135.311578043999987, 34.727777803 ], [ 135.311357592, 34.727668155 ], [ 135.311189127, 34.727589868 ], [ 135.31098485199999, 34.727510647 ], [ 135.310800018, 34.72744306 ], [ 135.31063787799999, 34.727383887 ], [ 135.310215297000013, 34.727234152 ], [ 135.309919353999987, 34.727137364 ], [ 135.309173988, 34.72689093 ], [ 135.309130106, 34.726873253 ], [ 135.308362804000012, 34.726617976 ], [ 135.30755162599999, 34.726345016 ], [ 135.307485909, 34.726327513 ], [ 135.307058434, 34.726186699 ], [ 135.307003635, 34.726169108 ], [ 135.306652901, 34.726054722 ], [ 135.306214511, 34.725913992 ], [ 135.306343674, 34.725446891 ], [ 135.305717628999986, 34.725440184 ], [ 135.305422736, 34.725452938 ], [ 135.305304373000013, 34.72545774 ], [ 135.305175829, 34.725458123 ], [ 135.305062783000011, 34.725451309 ], [ 135.304846613, 34.725418445 ], [ 135.30486480499999, 34.725338818 ], [ 135.304824201, 34.725332341 ], [ 135.304547528, 34.725284966 ], [ 135.304560278999986, 34.725208239 ], [ 135.304344867, 34.725175258 ], [ 135.304301759, 34.725307786 ], [ 135.30377232, 34.725148481 ], [ 135.30313795399999, 34.724954801 ], [ 135.302911891, 34.724887862 ], [ 135.302410603999988, 34.724727818 ], [ 135.30234741699999, 34.724705846 ], [ 135.301776703, 34.724502025 ], [ 135.301707104, 34.724672095 ], [ 135.30163790099999, 34.724823641 ], [ 135.301568357, 34.724945892 ], [ 135.301491070999987, 34.725106517 ], [ 135.301467142, 34.725151871 ], [ 135.3013224, 34.725425623 ], [ 135.301718099, 34.725563733 ], [ 135.30196132899999, 34.725648727 ], [ 135.302242753, 34.725744305 ], [ 135.302525121, 34.725829106 ], [ 135.30305506900001, 34.725988258 ], [ 135.303068094, 34.725992265 ], [ 135.30379571899999, 34.726216491 ], [ 135.304000257000013, 34.726279518 ], [ 135.304550922, 34.726427811 ], [ 135.30597106499999, 34.726897742 ], [ 135.306159306000012, 34.72696003 ], [ 135.306827785, 34.727181483 ], [ 135.307030972, 34.727248792 ], [ 135.308006670999987, 34.727570002 ], [ 135.308869069999986, 34.727854448 ], [ 135.309878233, 34.728187072 ], [ 135.310219034, 34.728307624 ], [ 135.310394339, 34.728382265 ], [ 135.310865537000012, 34.728582891 ], [ 135.311174494999989, 34.728731897 ], [ 135.31184808899999, 34.72905676 ], [ 135.31258183700001, 34.72940989 ], [ 135.31296354599999, 34.729595525 ], [ 135.313831641, 34.730004414 ], [ 135.31483943500001, 34.730487563 ], [ 135.315661662, 34.730883293 ], [ 135.316089427, 34.731087394 ], [ 135.316280999000014, 34.730849091 ], [ 135.316574094, 34.730474388 ], [ 135.316740227999986, 34.730248311 ] ] ] } },
{ "type": "Feature", "properties": { "A29_001": "28206", "A29_002": "兵庫県", "A29_003": "芦屋市", "A29_004": 1, "A29_005": "第一種低層住居専用地域", "A29_006": 40, "A29_007": 80, "A29_008": null }, "geometry": { "type": "Polygon", "coordinates": [ [ [ 135.302727116999989, 34.731133748 ], [ 135.302747874, 34.731052959 ], [ 135.302779049, 34.730917491 ], [ 135.302820193, 34.730700813 ], [ 135.302881488, 34.730339739 ], [ 135.302953279, 34.729942524 ], [ 135.303056137999988, 34.729400827 ], [ 135.30320066499999, 34.72868752 ], [ 135.303293551, 34.728227034 ], [ 135.303407641, 34.727712288 ], [ 135.303553324, 34.727098128 ], [ 135.30379571899999, 34.726216491 ], [ 135.303068094, 34.725992265 ], [ 135.302946326000011, 34.726544055 ], [ 135.302661642, 34.727911688 ], [ 135.30257361299999, 34.728274578 ], [ 135.302358005, 34.729360201 ], [ 135.302326846999989, 34.729595942 ], [ 135.302267445000012, 34.730119264 ], [ 135.30218624599999, 34.730790801 ], [ 135.302157451999989, 34.730985543 ], [ 135.302157204, 34.730988018 ], [ 135.30218422199999, 34.730995137 ], [ 135.302263001, 34.731014925 ], [ 135.302598389, 34.731102932 ], [ 135.302727116999989, 34.731133748 ] ] ] } },
{ "type": "Feature", "properties": { "A29_001": "28206", "A29_002": "兵庫県", "A29_003": "芦屋市", "A29_004": 3, "A29_005": "第一種中高層住居専用地域", "A29_006": 60, "A29_007": 200, "A29_008": null }, "geometry": { "type": "Polygon", "coordinates": [ [ [ 135.302157451999989, 34.730985543 ], [ 135.30218624599999, 34.730790801 ], [ 135.302267445000012, 34.730119264 ], [ 135.302326846999989, 34.729595942 ], [ 135.302358005, 34.729360201 ], [ 135.30257361299999, 34.728274578 ], [ 135.302661642, 34.727911688 ], [ 135.302946326000011, 34.726544055 ], [ 135.303068094, 34.725992265 ], [ 135.30305506900001, 34.725988258 ], [ 135.302525121, 34.725829106 ], [ 135.301657799, 34.727898872 ], [ 135.300876627, 34.729729411 ], [ 135.300556812999986, 34.730495833 ], [ 135.301239414, 34.730714896 ], [ 135.301892826, 34.730918351 ], [ 135.302157204, 34.730988018 ], [ 135.302157451999989, 34.730985543 ] ] ] } },
{ "type": "Feature", "properties": { "A29_001": "28206", "A29_002": "兵庫県", "A29_003": "芦屋市", "A29_004": 4, "A29_005": "第二種中高層住居専用地域", "A29_006": 60, "A29_007": 200, "A29_008": null }, "geometry": { "type": "Polygon", "coordinates": [ [ [ 135.32134191599999, 34.729109575 ], [ 135.32078182, 34.730143463 ], [ 135.32171553399999, 34.730498906 ], [ 135.32232775, 34.729386533 ], [ 135.32134191599999, 34.729109575 ] ] ] } },
{ "type": "Feature", "properties": { "A29_001": "28206", "A29_002": "兵庫県", "A29_003": "芦屋市", "A29_004": 4, "A29_005": "第二種中高層住居専用地域", "A29_006": 60, "A29_007": 200, "A29_008": null }, "geometry": { "type": "Polygon", "coordinates": [ [ [ 135.300556812999986, 34.730495833 ], [ 135.300876627, 34.729729411 ], [ 135.301657799, 34.727898872 ], [ 135.302525121, 34.725829106 ], [ 135.302242753, 34.725744305 ], [ 135.30196132899999, 34.725648727 ], [ 135.301718099, 34.725563733 ], [ 135.301648228, 34.725730129 ], [ 135.301522688, 34.726029178 ], [ 135.301249038, 34.726686378 ], [ 135.301109126, 34.727011971 ], [ 135.30076000599999, 34.727832516 ], [ 135.30034820899999, 34.728797382 ], [ 135.300145124000011, 34.729282691 ], [ 135.299891112000012, 34.729889635 ], [ 135.299743068999987, 34.730234611 ], [ 135.299983263, 34.730311658 ], [ 135.300263245, 34.73040162 ], [ 135.300556812999986, 34.730495833 ] ] ] } },
{ "type": "Feature", "properties": { "A29_001": "28206", "A29_002": "兵庫県", "A29_003": "芦屋市", "A29_004": 4, "A29_005": "第二種中高層住居専用地域", "A29_006": 60, "A29_007": 200, "A29_008": null }, "geometry": { "type": "Polygon", "coordinates": [ [ [ 135.31774768, 34.730162597 ], [ 135.317995453, 34.729689187 ], [ 135.31857194, 34.728591597 ], [ 135.318827336, 34.728114743 ], [ 135.318875819, 34.728000433 ], [ 135.31901191899999, 34.727638812 ], [ 135.31916009599999, 34.727239408 ], [ 135.319413653999987, 34.726560311 ], [ 135.319688137000014, 34.725825072 ], [ 135.319732929999986, 34.725699772 ], [ 135.319481634, 34.725574703 ], [ 135.319341220000013, 34.725511323 ], [ 135.31911142300001, 34.725403257 ], [ 135.31895835200001, 34.725328587 ], [ 135.31886668199999, 34.725575027 ], [ 135.31833311599999, 34.727009395 ], [ 135.318069049, 34.727711747 ], [ 135.318024632, 34.727814168 ], [ 135.31777313399999, 34.728299452 ], [ 135.317482793000011, 34.72885121 ], [ 135.317454322, 34.728905842 ], [ 135.317170041, 34.729449951 ], [ 135.316945933999989, 34.729875726 ], [ 135.31774768, 34.730162597 ] ] ] } },
{ "type": "Feature", "properties": { "A29_001": "28206", "A29_002": "兵庫県", "A29_003": "芦屋市", "A29_004": 3, "A29_005": "第一種中高層住居専用地域", "A29_006": 60, "A29_007": 200, "A29_008": null }, "geometry": { "type": "Polygon", "coordinates": [ [ [ 135.299743068999987, 34.730234611 ], [ 135.299891112000012, 34.729889635 ], [ 135.300145124000011, 34.729282691 ], [ 135.30034820899999, 34.728797382 ], [ 135.30076000599999, 34.727832516 ], [ 135.301109126, 34.727011971 ], [ 135.301249038, 34.726686378 ], [ 135.301522688, 34.726029178 ], [ 135.301648228, 34.725730129 ], [ 135.301718099, 34.725563733 ], [ 135.3013224, 34.725425623 ], [ 135.301042386, 34.725955209 ], [ 135.300783462999988, 34.726457581 ], [ 135.300748742, 34.726523214 ], [ 135.300724675999987, 34.726566224 ], [ 135.300690034000013, 34.726638617 ], [ 135.30065611399999, 34.726735434 ], [ 135.300631167, 34.726862198 ], [ 135.30060182599999, 34.726921026 ], [ 135.300460027000014, 34.727167803 ], [ 135.300379614, 34.727294647 ], [ 135.300336703999989, 34.727360344 ], [ 135.300279991999986, 34.727469151 ], [ 135.300215715, 34.727593973 ], [ 135.300029405, 34.727966046 ], [ 135.299870311, 34.728265695 ], [ 135.299711644000013, 34.728611404 ], [ 135.299597828, 34.728579764 ], [ 135.299542069000012, 34.728564252 ], [ 135.299419706, 34.72841738 ], [ 135.299402472999986, 34.728400209 ], [ 135.299366601, 34.728367049 ], [ 135.29932061, 34.728327569 ], [ 135.29929745699999, 34.728308461 ], [ 135.299273765, 34.728289808 ], [ 135.299261757000011, 34.728280709 ], [ 135.299248775, 34.728272247 ], [ 135.29921864799999, 34.728244901 ], [ 135.299121657, 34.728204654 ], [ 135.299016916999989, 34.728164738 ], [ 135.298846518, 34.728102805 ], [ 135.298602076, 34.728020996 ], [ 135.298707998, 34.727758821 ], [ 135.298757408, 34.727632314 ], [ 135.298742863, 34.727611515 ], [ 135.298579034, 34.727560528 ], [ 135.298413813, 34.72792522 ], [ 135.298399416, 34.727954721 ], [ 135.29796549299999, 34.727813112 ], [ 135.297866735000014, 34.727771075 ], [ 135.297625339, 34.727669317 ], [ 135.297457571, 34.727608173 ], [ 135.297248849999988, 34.727546361 ], [ 135.297126287999987, 34.727513526 ], [ 135.296831155, 34.727419674 ], [ 135.296765518, 34.727408925 ], [ 135.296606844, 34.727378628 ], [ 135.296560287, 34.727365475 ], [ 135.296420582, 34.72734206 ], [ 135.296374249, 34.727329355 ], [ 135.296092194000011, 34.727252075 ], [ 135.296001967, 34.727446513 ], [ 135.295972482, 34.727493262 ], [ 135.295638443, 34.728159293 ], [ 135.29581837, 34.728186177 ], [ 135.29580732299999, 34.728231608 ], [ 135.29563259299999, 34.728606017 ], [ 135.29565756, 34.72861222 ], [ 135.29579596100001, 34.728636097 ], [ 135.295820595, 34.728623012 ], [ 135.29580228, 34.728691397 ], [ 135.29578359300001, 34.728746535 ], [ 135.295690266, 34.728937023 ], [ 135.29569041100001, 34.728937072 ], [ 135.29577406199999, 34.728965413 ], [ 135.297138396, 34.72939733 ], [ 135.298008998, 34.729676869 ], [ 135.29873688699999, 34.729911851 ], [ 135.299743068999987, 34.730234611 ] ] ] } },
{ "type": "Feature", "properties": { "A29_001": "28206", "A29_002": "兵庫県", "A29_003": "芦屋市", "A29_004": 4, "A29_005": "第二種中高層住居専用地域", "A29_006": 60, "A29_007": 200, "A29_008": null }, "geometry": { "type": "Polygon", "coordinates": [ [ [ 135.306227157, 34.728810419 ], [ 135.306274061000011, 34.728705588 ], [ 135.3064627, 34.728245052 ], [ 135.30670891599999, 34.727631058 ], [ 135.306773367, 34.72745497 ], [ 135.306804222000011, 34.727334551 ], [ 135.306813909, 34.727289442 ], [ 135.30682244799999, 34.727241126 ], [ 135.306827785, 34.727181483 ], [ 135.306159306000012, 34.72696003 ], [ 135.30597106499999, 34.726897742 ], [ 135.305962187, 34.72704859 ], [ 135.305952719, 34.727199129 ], [ 135.305944633, 34.727234972 ], [ 135.305936167, 34.72726708 ], [ 135.30591218699999, 34.727338104 ], [ 135.30579211700001, 34.72765384 ], [ 135.305625324, 34.72805838 ], [ 135.305424413, 34.72855528 ], [ 135.305512994, 34.728585551 ], [ 135.305860458000012, 34.728698304 ], [ 135.306091306000013, 34.728769246 ], [ 135.306227157, 34.728810419 ] ] ] } },
{ "type": "Feature", "properties": { "A29_001": "28206", "A29_002": "兵庫県", "A29_003": "芦屋市", "A29_004": 4, "A29_005": "第二種中高層住居専用地域", "A29_006": 60, "A29_007": 200, "A29_008": null }, "geometry": { "type": "Polygon", "coordinates": [ [ [ 135.311578043999987, 34.727777803 ], [ 135.311934235, 34.727045447 ], [ 135.312387414, 34.7261048 ], [ 135.312634921000011, 34.725594157 ], [ 135.31290488, 34.725036365 ], [ 135.313219672, 34.724388363 ], [ 135.31354008400001, 34.723727802 ], [ 135.313891912, 34.723008912 ], [ 135.31314652899999, 34.722633781 ], [ 135.312851418, 34.723208353 ], [ 135.31241391399999, 34.724112006 ], [ 135.312052676, 34.7248503 ], [ 135.311825903999988, 34.72532644 ], [ 135.311580571, 34.725833419 ], [ 135.31133697199999, 34.726342145 ], [ 135.31109250099999, 34.726841488 ], [ 135.310800018, 34.72744306 ], [ 135.31098485199999, 34.727510647 ], [ 135.311189127, 34.727589868 ], [ 135.311357592, 34.727668155 ], [ 135.311578043999987, 34.727777803 ] ] ] } },
{ "type": "Feature", "properties": { "A29_001": "28206", "A29_002": "兵庫県", "A29_003": "芦屋市", "A29_004": 5, "A29_005": "第一種住居地域", "A29_006": 60, "A29_007": 200, "A29_008": null }, "geometry": { "type": "Polygon", "coordinates": [ [ [ 135.32240389099999, 34.726376297 ], [ 135.322487298999988, 34.726391149 ], [ 135.323341340000013, 34.726470072 ], [ 135.323417869999986, 34.726478463 ], [ 135.324062758, 34.72653632 ], [ 135.324372463, 34.726561169 ], [ 135.324370877, 34.726511266 ], [ 135.324374748999986, 34.726378268 ], [ 135.324367273, 34.726209304 ], [ 135.32434527699999, 34.725960143 ], [ 135.32434298699999, 34.725960142 ], [ 135.324240127, 34.725967952 ], [ 135.322517616999988, 34.725924132 ], [ 135.322454332, 34.726251915 ], [ 135.322441432, 34.72631965 ], [ 135.322431388000012, 34.726330532 ], [ 135.32242256699999, 34.726340087 ], [ 135.322409134999987, 34.726358225 ], [ 135.32240389099999, 34.726376297 ] ] ] } },
{ "type": "Feature", "properties": { "A29_001": "28206", "A29_002": "兵庫県", "A29_003": "芦屋市", "A29_004": 5, "A29_005": "第一種住居地域", "A29_006": 60, "A29_007": 200, "A29_008": null }, "geometry": { "type": "Polygon", "coordinates": [ [ [ 135.319866396, 34.725763428 ], [ 135.320283487000012, 34.725956269 ], [ 135.320439152, 34.726007936 ], [ 135.320516828, 34.726033809 ], [ 135.320697561, 34.726084053 ], [ 135.321403271, 34.72624469 ], [ 135.32169064499999, 34.726303189 ], [ 135.322090234, 34.726392346 ], [ 135.322239692000011, 34.72641977 ], [ 135.32234, 34.725820139 ], [ 135.32235091699999, 34.725820051 ], [ 135.32237157099999, 34.725720721 ], [ 135.323753675, 34.724765022 ], [ 135.323746921, 34.724533153 ], [ 135.32374543099999, 34.724195115 ], [ 135.323748969, 34.723805202 ], [ 135.32376095699999, 34.722292894 ], [ 135.32375935799999, 34.720327686 ], [ 135.323758532, 34.719822447 ], [ 135.323369525, 34.719825231 ], [ 135.32341908399999, 34.719903611 ], [ 135.323465086999988, 34.71999149 ], [ 135.323511338, 34.720100198 ], [ 135.323541913000014, 34.720202216 ], [ 135.323568059, 34.720317527 ], [ 135.323580013, 34.720395301 ], [ 135.323590322, 34.720528921 ], [ 135.323591953, 34.720877321 ], [ 135.32359423599999, 34.721273911 ], [ 135.323585995, 34.721471946 ], [ 135.323556524, 34.721736142 ], [ 135.323521069, 34.72190881 ], [ 135.32346723, 34.722181285 ], [ 135.323371408000014, 34.722584506 ], [ 135.323206467, 34.723307952 ], [ 135.323176249, 34.72341546 ], [ 135.323145137000012, 34.72349435 ], [ 135.32310669, 34.723572544 ], [ 135.323043829, 34.723677023 ], [ 135.322951872, 34.723799129 ], [ 135.322857846, 34.723901214 ], [ 135.32273547599999, 34.72400731 ], [ 135.322629656, 34.72408038 ], [ 135.322539666000011, 34.724137065 ], [ 135.322449569000014, 34.724184676 ], [ 135.322323856999986, 34.724240894 ], [ 135.322177941, 34.724292362 ], [ 135.322060154000013, 34.724325976 ], [ 135.321951195999986, 34.72434489 ], [ 135.32175490099999, 34.724364513 ], [ 135.321438516, 34.72438511 ], [ 135.32112213100001, 34.724405706 ], [ 135.32095848, 34.724416048 ], [ 135.320777392, 34.724428067 ], [ 135.320627452999986, 34.724445563 ], [ 135.3205006, 34.724473848 ], [ 135.320326567, 34.724529347 ], [ 135.320168749, 34.72459947 ], [ 135.32003340899999, 34.724666943 ], [ 135.319957523999989, 34.724712631 ], [ 135.319861291, 34.724779572 ], [ 135.319784491, 34.724840198 ], [ 135.319731784, 34.724889828 ], [ 135.31966812600001, 34.724955547 ], [ 135.319618901000013, 34.72501275 ], [ 135.319567353999986, 34.725078371 ], [ 135.319519719999988, 34.725147162 ], [ 135.31947743, 34.725217109 ], [ 135.319441411000014, 34.725286605 ], [ 135.319341220000013, 34.725511323 ], [ 135.319481634, 34.725574703 ], [ 135.319732929999986, 34.725699772 ], [ 135.319866396, 34.725763428 ] ] ] } },
{ "type": "Feature", "properties": { "A29_001": "28206", "A29_002": "兵庫県", "A29_003": "芦屋市", "A29_004": 1, "A29_005": "第一種低層住居専用地域", "A29_006": 40, "A29_007": 80, "A29_008": null }, "geometry": { "type": "Polygon", "coordinates": [ [ [ 135.304846613, 34.725418445 ], [ 135.305062783000011, 34.725451309 ], [ 135.305175829, 34.725458123 ], [ 135.305304373000013, 34.72545774 ], [ 135.305422736, 34.725452938 ], [ 135.305717628999986, 34.725440184 ], [ 135.306343674, 34.725446891 ], [ 135.30637201, 34.725346521 ], [ 135.30644133199999, 34.725099105 ], [ 135.30649690300001, 34.724905513 ], [ 135.30651357799999, 34.724849329 ], [ 135.30649127, 34.724794649 ], [ 135.306626861000012, 34.724532393 ], [ 135.306738345000014, 34.724308492 ], [ 135.307014544, 34.72371954 ], [ 135.307180786, 34.723361632 ], [ 135.307216417, 34.7233208 ], [ 135.307336185999986, 34.723064633 ], [ 135.30743941, 34.722752546 ], [ 135.307442484, 34.72264519 ], [ 135.30745385899999, 34.722506761 ], [ 135.307461574, 34.722425605 ], [ 135.307475471, 34.722378983 ], [ 135.307473921, 34.722123786 ], [ 135.307506485, 34.72194464 ], [ 135.307521517999987, 34.721871773 ], [ 135.307563320000014, 34.721741448 ], [ 135.307589782, 34.721657757 ], [ 135.30770343399999, 34.721373016 ], [ 135.30781777199999, 34.721146705 ], [ 135.308144053, 34.720519188 ], [ 135.30814941, 34.720483368 ], [ 135.30824710600001, 34.720270104 ], [ 135.30835027399999, 34.720162768 ], [ 135.30877773099999, 34.719186545 ], [ 135.308940701000012, 34.718820624 ], [ 135.308966235000014, 34.718767286 ], [ 135.308925273, 34.718755534 ], [ 135.30912781, 34.718318324 ], [ 135.30898003199999, 34.718318475 ], [ 135.308833002, 34.718325055 ], [ 135.30881664899999, 34.718070174 ], [ 135.308526949, 34.718075897 ], [ 135.308558981, 34.717826319 ], [ 135.30848622100001, 34.717810709 ], [ 135.308413435, 34.717788733 ], [ 135.308371784, 34.717768816 ], [ 135.308327265, 34.71773707 ], [ 135.30828904, 34.717704406 ], [ 135.308242215, 34.717655326 ], [ 135.30815807499999, 34.717561427 ], [ 135.309392913000011, 34.71689102 ], [ 135.30947879499999, 34.716854142 ], [ 135.309543636, 34.716835329 ], [ 135.309604486000012, 34.716823731 ], [ 135.30971332499999, 34.716818136 ], [ 135.30980795799999, 34.716826425 ], [ 135.31037647799999, 34.716937221 ], [ 135.311304365000012, 34.717128067 ], [ 135.311708247000013, 34.715742476 ], [ 135.310021576999986, 34.715408408 ], [ 135.309556724, 34.715314398 ], [ 135.309386855000014, 34.715278277 ], [ 135.308850697999986, 34.715174399 ], [ 135.308763158, 34.715157071 ], [ 135.308720975999989, 34.715283616 ], [ 135.308670269, 34.715442773 ], [ 135.308630978999986, 34.715541499 ], [ 135.30859188299999, 34.715612166 ], [ 135.308541155, 34.715688079 ], [ 135.308494982000013, 34.715744684 ], [ 135.30845148899999, 34.715792031 ], [ 135.30840158, 34.715843074 ], [ 135.308335437000011, 34.715894247 ], [ 135.308274583000014, 34.71593495 ], [ 135.30817783, 34.715990837 ], [ 135.30811862199999, 34.716018122 ], [ 135.308050396, 34.716045479 ], [ 135.307974954, 34.716072894 ], [ 135.307849166000011, 34.716114117 ], [ 135.307723274000011, 34.716146403 ], [ 135.307426342000014, 34.716206869 ], [ 135.307039889, 34.716278579 ], [ 135.30698175, 34.716289367 ], [ 135.306762185999986, 34.716332828 ], [ 135.30669383599999, 34.716349759 ], [ 135.306612930999989, 34.716372748 ], [ 135.306521325, 34.716406249 ], [ 135.306440576999989, 34.716442642 ], [ 135.306359898000011, 34.716484993 ], [ 135.306313350000011, 34.716515155 ], [ 135.306245367, 34.716563362 ], [ 135.306191796, 34.716609965 ], [ 135.30614365400001, 34.716658014 ], [ 135.306088831000011, 34.716725178 ], [ 135.306058252000014, 34.71676716 ], [ 135.30603263, 34.716807372 ], [ 135.306000977999986, 34.716866752 ], [ 135.305981758, 34.716906417 ], [ 135.30596612, 34.716943367 ], [ 135.305952757999989, 34.716993189 ], [ 135.305942957000013, 34.717040622 ], [ 135.30593488400001, 34.717084976 ], [ 135.305928137, 34.717138099 ], [ 135.305923865000011, 34.717192789 ], [ 135.305904999, 34.717388559 ], [ 135.30588984900001, 34.717574382 ], [ 135.305878036, 34.717720302 ], [ 135.3057, 34.717705966 ], [ 135.305594359, 34.718644087 ], [ 135.305591889999988, 34.71866436 ], [ 135.305581131999986, 34.718677968 ], [ 135.30556491499999, 34.718691619 ], [ 135.305543187000012, 34.718700807 ], [ 135.305507761, 34.718705598 ], [ 135.305234958, 34.718719076 ], [ 135.304604833000013, 34.718748859 ], [ 135.304569433000012, 34.718755902 ], [ 135.303586235000012, 34.718937269 ], [ 135.303572642, 34.718941885 ], [ 135.303569966, 34.718946414 ], [ 135.303563147, 34.719063659 ], [ 135.30355781599999, 34.719075016 ], [ 135.30355511799999, 34.719077245 ], [ 135.303544407, 34.719079007 ], [ 135.30354180399999, 34.719108953 ], [ 135.303524313999986, 34.719480949 ], [ 135.30351447699999, 34.719573428 ], [ 135.30349380199999, 34.719672754 ], [ 135.303470397000012, 34.719772102 ], [ 135.303306372, 34.720217382 ], [ 135.303171393000014, 34.720579044 ], [ 135.302970708, 34.721157582 ], [ 135.302928697999988, 34.721299898 ], [ 135.302774379999988, 34.721875813 ], [ 135.302576971, 34.722501651 ], [ 135.302529505, 34.722634995 ], [ 135.302500560999988, 34.722727626 ], [ 135.302049463, 34.723835514 ], [ 135.301776703, 34.724502025 ], [ 135.30234741699999, 34.724705846 ], [ 135.302410603999988, 34.724727818 ], [ 135.302911891, 34.724887862 ], [ 135.30313795399999, 34.724954801 ], [ 135.30377232, 34.725148481 ], [ 135.304301759, 34.725307786 ], [ 135.304344867, 34.725175258 ], [ 135.304560278999986, 34.725208239 ], [ 135.304547528, 34.725284966 ], [ 135.304824201, 34.725332341 ], [ 135.30486480499999, 34.725338818 ], [ 135.304846613, 34.725418445 ] ] ] } },
{ "type": "Feature", "properties": { "A29_001": "28206", "A29_002": "兵庫県", "A29_003": "芦屋市", "A29_004": 4, "A29_005": "第二種中高層住居専用地域", "A29_006": 50, "A29_007": 100, "A29_008": null }, "geometry": { "type": "Polygon", "coordinates": [ [ [ 135.3212049, 34.723941435 ], [ 135.321908828, 34.723681589 ], [ 135.321358073999988, 34.722636672 ], [ 135.321110987, 34.72216213 ], [ 135.321097173999988, 34.722115196 ], [ 135.321091195, 34.722058351 ], [ 135.32111390599999, 34.720766289 ], [ 135.32112192, 34.720718704 ], [ 135.321132987999988, 34.720688923 ], [ 135.32114841399999, 34.720660513 ], [ 135.321157148, 34.720645733 ], [ 135.321173528, 34.720626185 ], [ 135.32120046899999, 34.720600125 ], [ 135.32123507, 34.720570428 ], [ 135.32118655299999, 34.720524999 ], [ 135.321121876, 34.720479526 ], [ 135.320077102, 34.72027613 ], [ 135.319808755999986, 34.721213728 ], [ 135.319918306, 34.721413576 ], [ 135.32020183899999, 34.721937023 ], [ 135.32044872099999, 34.722387273 ], [ 135.320700843, 34.722840059 ], [ 135.320916512, 34.723231398 ], [ 135.321078973, 34.723531632 ], [ 135.321173445, 34.723706524 ], [ 135.321186157, 34.723738101 ], [ 135.321196410999988, 34.723793457 ], [ 135.3212049, 34.723941435 ] ] ] } },
{ "type": "Feature", "properties": { "A29_001": "28206", "A29_002": "兵庫県", "A29_003": "芦屋市", "A29_004": 5, "A29_005": "第一種住居地域", "A29_006": 60, "A29_007": 200, "A29_008": null }, "geometry": { "type": "Polygon", "coordinates": [ [ [ 135.31758399899999, 34.723433724 ], [ 135.317589000999988, 34.723416782 ], [ 135.318203399999987, 34.721346325 ], [ 135.31814389199999, 34.721334657 ], [ 135.3187768, 34.719149326 ], [ 135.318678067, 34.719131329 ], [ 135.318700008, 34.719054554 ], [ 135.318385422, 34.718993095 ], [ 135.317808073, 34.718878805 ], [ 135.316284644, 34.718579386 ], [ 135.316108506, 34.71916122 ], [ 135.317020465000013, 34.719333029 ], [ 135.316581516000014, 34.720836579 ], [ 135.31561858399999, 34.720653901 ], [ 135.31521372099999, 34.720577175 ], [ 135.315423525, 34.719854307 ], [ 135.31571693, 34.718815242 ], [ 135.315813077, 34.718490843 ], [ 135.315898602, 34.718176812 ], [ 135.31590538099999, 34.71815336 ], [ 135.316335614, 34.716664733 ], [ 135.31604013, 34.716604015 ], [ 135.315525788, 34.716499988 ], [ 135.31532892300001, 34.71646133 ], [ 135.31491299000001, 34.716378723 ], [ 135.314737904999987, 34.716344075 ], [ 135.313183978000012, 34.71603206 ], [ 135.311911745, 34.715782996 ], [ 135.311714913, 34.715743796 ], [ 135.311708247000013, 34.715742476 ], [ 135.311304365000012, 34.717128067 ], [ 135.313031598, 34.717470749 ], [ 135.31310717299999, 34.717489368 ], [ 135.313170445999987, 34.717510346 ], [ 135.313208992, 34.717525869 ], [ 135.313258657, 34.717554874 ], [ 135.313349402999989, 34.717626838 ], [ 135.31340317499999, 34.717682772 ], [ 135.313433965, 34.717720102 ], [ 135.31346331200001, 34.717763707 ], [ 135.313483510999987, 34.717803628 ], [ 135.313508675, 34.717878581 ], [ 135.313522967000011, 34.717932328 ], [ 135.313526682, 34.717989917 ], [ 135.31351866899999, 34.718060087 ], [ 135.313503497999989, 34.718129927 ], [ 135.31311585899999, 34.719512305 ], [ 135.312989183000013, 34.71992829 ], [ 135.312957184, 34.719991728 ], [ 135.312913903, 34.720053454 ], [ 135.312842651000011, 34.720137179 ], [ 135.315207418999989, 34.720599278 ], [ 135.31464712799999, 34.722519899 ], [ 135.31695616799999, 34.722970034 ], [ 135.316870696, 34.723292163 ], [ 135.31758399899999, 34.723433724 ] ] ] } },
{ "type": "Feature", "properties": { "A29_001": "28206", "A29_002": "兵庫県", "A29_003": "芦屋市", "A29_004": 6, "A29_005": "第二種住居地域", "A29_006": 60, "A29_007": 200, "A29_008": null }, "geometry": { "type": "Polygon", "coordinates": [ [ [ 135.31314652899999, 34.722633781 ], [ 135.313891912, 34.723008912 ], [ 135.314274149999989, 34.723187745 ], [ 135.31441733299999, 34.723256819 ], [ 135.314489341000012, 34.723025993 ], [ 135.31464712799999, 34.722519899 ], [ 135.315207418999989, 34.720599278 ], [ 135.312842651000011, 34.720137179 ], [ 135.312805340000011, 34.720170911 ], [ 135.312752882000012, 34.72020936 ], [ 135.312644354000014, 34.72026432 ], [ 135.312524696, 34.720301341 ], [ 135.312404824, 34.720320335 ], [ 135.312273822, 34.720321388 ], [ 135.31217485, 34.720309914 ], [ 135.311427986000012, 34.720114507 ], [ 135.311295586, 34.720090488 ], [ 135.311195148, 34.720088023 ], [ 135.311086913, 34.720096525 ], [ 135.31100485499999, 34.720113567 ], [ 135.310939649, 34.720133781 ], [ 135.31089407799999, 34.720149759 ], [ 135.310838224, 34.72018249 ], [ 135.31077950299999, 34.720226581 ], [ 135.31073382400001, 34.720270654 ], [ 135.310529269999989, 34.720515693 ], [ 135.310131503, 34.721041736 ], [ 135.310121872, 34.721054471 ], [ 135.310295359, 34.721142394 ], [ 135.31314652899999, 34.722633781 ] ] ] } },
{ "type": "Feature", "properties": { "A29_001": "28206", "A29_002": "兵庫県", "A29_003": "芦屋市", "A29_004": 1, "A29_005": "第一種低層住居専用地域", "A29_006": 40, "A29_007": 80, "A29_008": null }, "geometry": { "type": "Polygon", "coordinates": [ [ [ 135.323371408000014, 34.722584506 ], [ 135.32346723, 34.722181285 ], [ 135.323521069, 34.72190881 ], [ 135.323556524, 34.721736142 ], [ 135.323585995, 34.721471946 ], [ 135.32359423599999, 34.721273911 ], [ 135.323591953, 34.720877321 ], [ 135.323590322, 34.720528921 ], [ 135.323580013, 34.720395301 ], [ 135.323568059, 34.720317527 ], [ 135.323541913000014, 34.720202216 ], [ 135.323511338, 34.720100198 ], [ 135.323465086999988, 34.71999149 ], [ 135.32341908399999, 34.719903611 ], [ 135.323369525, 34.719825231 ], [ 135.32328656199999, 34.719715306 ], [ 135.32320053699999, 34.719617905 ], [ 135.323137902000013, 34.719558569 ], [ 135.323052665, 34.719488811 ], [ 135.322949958, 34.719415786 ], [ 135.322833546, 34.719347418 ], [ 135.32264303299999, 34.719258441 ], [ 135.322456353, 34.719183067 ], [ 135.32211820500001, 34.719061577 ], [ 135.321865937000013, 34.718973185 ], [ 135.321678942, 34.71890222 ], [ 135.321554201, 34.718843276 ], [ 135.321517403, 34.718824134 ], [ 135.321438897, 34.718779278 ], [ 135.32134919500001, 34.718715585 ], [ 135.321270625000011, 34.71864466 ], [ 135.321155699, 34.71853874 ], [ 135.32107706799999, 34.718451904 ], [ 135.3210092, 34.718362196 ], [ 135.320952471, 34.718272954 ], [ 135.320907225000013, 34.718184733 ], [ 135.32085474499999, 34.71805562 ], [ 135.320821891, 34.717931362 ], [ 135.320805459000013, 34.717826193 ], [ 135.32079816800001, 34.717723736 ], [ 135.320799771, 34.717631514 ], [ 135.32080736099999, 34.717550712 ], [ 135.320688612, 34.71752766 ], [ 135.31999081399999, 34.717389642 ], [ 135.319487189, 34.717288313 ], [ 135.319244833999988, 34.717241584 ], [ 135.316335614, 34.716664733 ], [ 135.31590538099999, 34.71815336 ], [ 135.316305265000011, 34.71822721 ], [ 135.31839996299999, 34.718635556 ], [ 135.318488935, 34.718328971 ], [ 135.318887308, 34.718407722 ], [ 135.318700008, 34.719054554 ], [ 135.318678067, 34.719131329 ], [ 135.3187768, 34.719149326 ], [ 135.321480965, 34.719697129 ], [ 135.321601584, 34.719741224 ], [ 135.32168053, 34.719775755 ], [ 135.32174446499999, 34.719821198 ], [ 135.321806971, 34.719881136 ], [ 135.321855133000014, 34.719946506 ], [ 135.321899766, 34.720027276 ], [ 135.32192299499999, 34.720144278 ], [ 135.321935414, 34.720270383 ], [ 135.321900478, 34.721920353 ], [ 135.321912790999988, 34.722037444 ], [ 135.321930552999987, 34.72209514 ], [ 135.321968879, 34.722163194 ], [ 135.322021678999988, 34.722227849 ], [ 135.322068527, 34.722279576 ], [ 135.32212979900001, 34.722325519 ], [ 135.322189580000014, 34.722359725 ], [ 135.32224499, 34.722390282 ], [ 135.322299394, 34.722412922 ], [ 135.322367399, 34.722434456 ], [ 135.322441744, 34.722447825 ], [ 135.323371408000014, 34.722584506 ] ] ] } },
{ "type": "Feature", "properties": { "A29_001": "28206", "A29_002": "兵庫県", "A29_003": "芦屋市", "A29_004": 6, "A29_005": "第二種住居地域", "A29_006": 60, "A29_007": 200, "A29_008": null }, "geometry": { "type": "Polygon", "coordinates": [ [ [ 135.323758532, 34.719822447 ], [ 135.323755717000012, 34.718191209 ], [ 135.323747258999987, 34.718168791 ], [ 135.323736153999988, 34.718153106 ], [ 135.323714106000011, 34.718135256 ], [ 135.323692112, 34.718121913 ], [ 135.32366201100001, 34.718115396 ], [ 135.321878199999986, 34.717762934 ], [ 135.321592232, 34.718716466 ], [ 135.321554201, 34.718843276 ], [ 135.321678942, 34.71890222 ], [ 135.321865937000013, 34.718973185 ], [ 135.32211820500001, 34.719061577 ], [ 135.322456353, 34.719183067 ], [ 135.32264303299999, 34.719258441 ], [ 135.322833546, 34.719347418 ], [ 135.322949958, 34.719415786 ], [ 135.323052665, 34.719488811 ], [ 135.323137902000013, 34.719558569 ], [ 135.32320053699999, 34.719617905 ], [ 135.32328656199999, 34.719715306 ], [ 135.323369525, 34.719825231 ], [ 135.323758532, 34.719822447 ] ] ] } },
{ "type": "Feature", "properties": { "A29_001": "28206", "A29_002": "兵庫県", "A29_003": "芦屋市", "A29_004": 3, "A29_005": "第一種中高層住居専用地域", "A29_006": 50, "A29_007": 100, "A29_008": null }, "geometry": { "type": "Polygon", "coordinates": [ [ [ 135.308940701000012, 34.718820624 ], [ 135.312125839, 34.719774571 ], [ 135.312277740000013, 34.719341676 ], [ 135.31311585899999, 34.719512305 ], [ 135.313503497999989, 34.718129927 ], [ 135.31351866899999, 34.718060087 ], [ 135.313526682, 34.717989917 ], [ 135.313522967000011, 34.717932328 ], [ 135.313508675, 34.717878581 ], [ 135.313483510999987, 34.717803628 ], [ 135.31346331200001, 34.717763707 ], [ 135.313433965, 34.717720102 ], [ 135.31340317499999, 34.717682772 ], [ 135.313349402999989, 34.717626838 ], [ 135.313258657, 34.717554874 ], [ 135.313208992, 34.717525869 ], [ 135.313170445999987, 34.717510346 ], [ 135.31310717299999, 34.717489368 ], [ 135.313031598, 34.717470749 ], [ 135.311304365000012, 34.717128067 ], [ 135.31037647799999, 34.716937221 ], [ 135.30980795799999, 34.716826425 ], [ 135.30971332499999, 34.716818136 ], [ 135.309604486000012, 34.716823731 ], [ 135.309543636, 34.716835329 ], [ 135.30947879499999, 34.716854142 ], [ 135.309392913000011, 34.71689102 ], [ 135.30815807499999, 34.717561427 ], [ 135.308242215, 34.717655326 ], [ 135.30828904, 34.717704406 ], [ 135.308327265, 34.71773707 ], [ 135.308371784, 34.717768816 ], [ 135.308413435, 34.717788733 ], [ 135.30848622100001, 34.717810709 ], [ 135.308558981, 34.717826319 ], [ 135.30862517, 34.717827817 ], [ 135.30865667, 34.717824961 ], [ 135.30939519, 34.717720932 ], [ 135.309477068, 34.717711599 ], [ 135.309570538, 34.717704777 ], [ 135.309672487, 34.71770396 ], [ 135.309774506999986, 34.717709216 ], [ 135.30991631399999, 34.717725175 ], [ 135.31013667900001, 34.717769348 ], [ 135.31088202699999, 34.717922958 ], [ 135.310935175, 34.717928605 ], [ 135.310972491, 34.71792874 ], [ 135.311021813, 34.717921837 ], [ 135.311079758, 34.717906309 ], [ 135.311140126999987, 34.717989551 ], [ 135.31116500499999, 34.718004534 ], [ 135.31120408699999, 34.718020706 ], [ 135.311275273, 34.718039666 ], [ 135.311845322000011, 34.718155844 ], [ 135.311564489, 34.71915214 ], [ 135.31149144599999, 34.719104861 ], [ 135.31135426, 34.71902245 ], [ 135.311202758, 34.71893495 ], [ 135.311040889, 34.718835767 ], [ 135.310891430999988, 34.718751964 ], [ 135.31080107, 34.718704169 ], [ 135.31066483699999, 34.718639653 ], [ 135.31048217099999, 34.718567907 ], [ 135.310220668999989, 34.718478399 ], [ 135.31000239799999, 34.718419487 ], [ 135.3097616, 34.71836733 ], [ 135.30956478600001, 34.718341864 ], [ 135.309324412, 34.718325762 ], [ 135.30912781, 34.718318324 ], [ 135.308925273, 34.718755534 ], [ 135.308966235000014, 34.718767286 ], [ 135.308940701000012, 34.718820624 ] ] ] } },
{ "type": "Feature", "properties": { "A29_001": "28206", "A29_002": "兵庫県", "A29_003": "芦屋市", "A29_004": 4, "A29_005": "第二種中高層住居専用地域", "A29_006": 50, "A29_007": 100, "A29_008": null }, "geometry": { "type": "Polygon", "coordinates": [ [ [ 135.30912781, 34.718318324 ], [ 135.309324412, 34.718325762 ], [ 135.30956478600001, 34.718341864 ], [ 135.3097616, 34.71836733 ], [ 135.31000239799999, 34.718419487 ], [ 135.310220668999989, 34.718478399 ], [ 135.31048217099999, 34.718567907 ], [ 135.31066483699999, 34.718639653 ], [ 135.31080107, 34.718704169 ], [ 135.310891430999988, 34.718751964 ], [ 135.311040889, 34.718835767 ], [ 135.311202758, 34.71893495 ], [ 135.31135426, 34.71902245 ], [ 135.31149144599999, 34.719104861 ], [ 135.311564489, 34.71915214 ], [ 135.311845322000011, 34.718155844 ], [ 135.311275273, 34.718039666 ], [ 135.31120408699999, 34.718020706 ], [ 135.31116500499999, 34.718004534 ], [ 135.311140126999987, 34.717989551 ], [ 135.311079758, 34.717906309 ], [ 135.311021813, 34.717921837 ], [ 135.310972491, 34.71792874 ], [ 135.310935175, 34.717928605 ], [ 135.31088202699999, 34.717922958 ], [ 135.31013667900001, 34.717769348 ], [ 135.30991631399999, 34.717725175 ], [ 135.309774506999986, 34.717709216 ], [ 135.309672487, 34.71770396 ], [ 135.309570538, 34.717704777 ], [ 135.309477068, 34.717711599 ], [ 135.30939519, 34.717720932 ], [ 135.30865667, 34.717824961 ], [ 135.30862517, 34.717827817 ], [ 135.308558981, 34.717826319 ], [ 135.308526949, 34.718075897 ], [ 135.30881664899999, 34.718070174 ], [ 135.308833002, 34.718325055 ], [ 135.30898003199999, 34.718318475 ], [ 135.30912781, 34.718318324 ] ] ] } },
{ "type": "Feature", "properties": { "A29_001": "28206", "A29_002": "兵庫県", "A29_003": "芦屋市", "A29_004": 5, "A29_005": "第一種住居地域", "A29_006": 60, "A29_007": 200, "A29_008": null }, "geometry": { "type": "Polygon", "coordinates": [ [ [ 135.321592232, 34.718716466 ], [ 135.321878199999986, 34.717762934 ], [ 135.321207987, 34.717630499 ], [ 135.320995705, 34.717588414 ], [ 135.32096287600001, 34.71758199 ], [ 135.32093004699999, 34.717575566 ], [ 135.32080736099999, 34.717550712 ], [ 135.320799771, 34.717631514 ], [ 135.32079816800001, 34.717723736 ], [ 135.320805459000013, 34.717826193 ], [ 135.320821891, 34.717931362 ], [ 135.32085474499999, 34.71805562 ], [ 135.320907225000013, 34.718184733 ], [ 135.320952471, 34.718272954 ], [ 135.3210092, 34.718362196 ], [ 135.32107706799999, 34.718451904 ], [ 135.321155699, 34.71853874 ], [ 135.321270625000011, 34.71864466 ], [ 135.32134919500001, 34.718715585 ], [ 135.321438897, 34.718779278 ], [ 135.321517403, 34.718824134 ], [ 135.321554201, 34.718843276 ], [ 135.321592232, 34.718716466 ] ] ] } },
{ "type": "Feature", "properties": { "A29_001": "28206", "A29_002": "兵庫県", "A29_003": "芦屋市", "A29_004": 5, "A29_005": "第一種住居地域", "A29_006": 60, "A29_007": 200, "A29_008": null }, "geometry": { "type": "Polygon", "coordinates": [ [ [ 135.307039889, 34.716278579 ], [ 135.307432479, 34.714891233 ], [ 135.306377653, 34.714680356 ], [ 135.30621349099999, 34.714645609 ], [ 135.306158805, 34.714637031 ], [ 135.30611514099999, 34.71463738 ], [ 135.306082499000013, 34.714646656 ], [ 135.30605601, 34.714661651 ], [ 135.306031101, 34.714683119 ], [ 135.306020396, 34.714701234 ], [ 135.306015255, 34.714728319 ], [ 135.305955946000012, 34.715286436 ], [ 135.305939174, 34.715459129 ], [ 135.3057, 34.717705966 ], [ 135.305878036, 34.717720302 ], [ 135.30588984900001, 34.717574382 ], [ 135.305904999, 34.717388559 ], [ 135.305923865000011, 34.717192789 ], [ 135.305928137, 34.717138099 ], [ 135.30593488400001, 34.717084976 ], [ 135.305942957000013, 34.717040622 ], [ 135.305952757999989, 34.716993189 ], [ 135.30596612, 34.716943367 ], [ 135.305981758, 34.716906417 ], [ 135.306000977999986, 34.716866752 ], [ 135.30603263, 34.716807372 ], [ 135.306058252000014, 34.71676716 ], [ 135.306088831000011, 34.716725178 ], [ 135.30614365400001, 34.716658014 ], [ 135.306191796, 34.716609965 ], [ 135.306245367, 34.716563362 ], [ 135.306313350000011, 34.716515155 ], [ 135.306359898000011, 34.716484993 ], [ 135.306440576999989, 34.716442642 ], [ 135.306521325, 34.716406249 ], [ 135.306612930999989, 34.716372748 ], [ 135.30669383599999, 34.716349759 ], [ 135.306762185999986, 34.716332828 ], [ 135.30698175, 34.716289367 ], [ 135.307039889, 34.716278579 ] ] ] } },
{ "type": "Feature", "properties": { "A29_001": "28206", "A29_002": "兵庫県", "A29_003": "芦屋市", "A29_004": 6, "A29_005": "第二種住居地域", "A29_006": 60, "A29_007": 200, "A29_008": null }, "geometry": { "type": "Polygon", "coordinates": [ [ [ 135.321508198, 34.714984364 ], [ 135.32150885199999, 34.71483875 ], [ 135.321150034999988, 34.71484203 ], [ 135.320960953, 34.714846763 ], [ 135.320747011, 34.714851445 ], [ 135.320623985999987, 34.714854173 ], [ 135.320433941, 34.714855983 ], [ 135.32029481399999, 34.714853343 ], [ 135.32003921899999, 34.714841945 ], [ 135.319922881999986, 34.714833295 ], [ 135.319817855, 34.714823779 ], [ 135.319708655, 34.714811177 ], [ 135.31961516199999, 34.714799322 ], [ 135.319528502999987, 34.714787476 ], [ 135.319441788, 34.714773592 ], [ 135.319257335, 34.714740722 ], [ 135.318979681, 34.714685517 ], [ 135.31890625299999, 34.714670634 ], [ 135.31890644399999, 34.714670379 ], [ 135.318774135000012, 34.714643854 ], [ 135.318605646, 34.714611521 ], [ 135.318244977, 34.714541418 ], [ 135.318104096000013, 34.714514043 ], [ 135.31778299199999, 34.714455114 ], [ 135.31713388, 34.714332024 ], [ 135.316624429, 34.714236407 ], [ 135.31589835599999, 34.714091179 ], [ 135.315519341, 34.714015672 ], [ 135.314497582, 34.713812863 ], [ 135.313936772, 34.713701421 ], [ 135.313176532, 34.713550241 ], [ 135.31299728499999, 34.713513571 ], [ 135.31231721899999, 34.713377274 ], [ 135.310621596, 34.713047261 ], [ 135.310915513, 34.711953557 ], [ 135.310947209, 34.711835609 ], [ 135.31085932, 34.711798431 ], [ 135.310758969, 34.711757446 ], [ 135.310585894000013, 34.711685327 ], [ 135.31044894499999, 34.711621717 ], [ 135.31035169399999, 34.711575761 ], [ 135.31017736199999, 34.711480094 ], [ 135.31008910599999, 34.711432013 ], [ 135.309972673, 34.71136798 ], [ 135.30979843599999, 34.711270225 ], [ 135.309569157999988, 34.711139594 ], [ 135.309376117999989, 34.711026503 ], [ 135.30922181599999, 34.71092796 ], [ 135.30913348499999, 34.710873459 ], [ 135.308937388, 34.710751258 ], [ 135.30881837699999, 34.710679027 ], [ 135.30871312299999, 34.710613363 ], [ 135.308649548, 34.710575097 ], [ 135.308612855, 34.710548685 ], [ 135.30856423, 34.710512354 ], [ 135.30852468, 34.710480829 ], [ 135.30847051500001, 34.710422972 ], [ 135.30841488199999, 34.710345869 ], [ 135.30840180300001, 34.710321556 ], [ 135.308365536, 34.710248171 ], [ 135.308350006000012, 34.710196681 ], [ 135.308337470999987, 34.710145669 ], [ 135.308331751999987, 34.710098479 ], [ 135.308329965000013, 34.710078721 ], [ 135.308334776, 34.709985213 ], [ 135.30834736, 34.709838744 ], [ 135.30835971799999, 34.709699467 ], [ 135.30837178199999, 34.709531916 ], [ 135.308382, 34.709444706 ], [ 135.308394, 34.709361764 ], [ 135.308416808, 34.709291236 ], [ 135.308447691999987, 34.709220642 ], [ 135.308488065, 34.709162787 ], [ 135.308546596000014, 34.709099869 ], [ 135.30861467, 34.709034407 ], [ 135.30868612399999, 34.708977342 ], [ 135.30871642, 34.708960665 ], [ 135.308781914, 34.708924191 ], [ 135.308809147, 34.708912932 ], [ 135.308880034, 34.708885658 ], [ 135.30898202899999, 34.708859419 ], [ 135.309108691, 34.708841714 ], [ 135.309227431000011, 34.708837939 ], [ 135.309308992000012, 34.708845759 ], [ 135.30951726, 34.708866174 ], [ 135.309843212, 34.708898798 ], [ 135.310108144999987, 34.708925378 ], [ 135.31042940099999, 34.708958375 ], [ 135.31054057, 34.708968646 ], [ 135.310762743, 34.708990695 ], [ 135.31087337400001, 34.709002183 ], [ 135.310991983, 34.709013813 ], [ 135.311102145, 34.709023681 ], [ 135.31118347099999, 34.709035131 ], [ 135.31129362499999, 34.709067885 ], [ 135.311359834, 34.709092262 ], [ 135.311411682999989, 34.709111876 ], [ 135.311505826, 34.709153992 ], [ 135.311556551, 34.709188004 ], [ 135.311682878, 34.709274042 ], [ 135.31175079, 34.709319143 ], [ 135.31182926599999, 34.709373524 ], [ 135.312028077, 34.709514957 ], [ 135.31217129800001, 34.709372062 ], [ 135.312392867, 34.709148676 ], [ 135.312286669, 34.709072018 ], [ 135.311976976000011, 34.708858873 ], [ 135.31154097000001, 34.708496401 ], [ 135.31151936099999, 34.708514252 ], [ 135.31134734599999, 34.708507182 ], [ 135.310548579, 34.708463447 ], [ 135.310024242999987, 34.708433282 ], [ 135.309460515000012, 34.708404531 ], [ 135.308987951, 34.708381299 ], [ 135.308579006, 34.708358656 ], [ 135.308027396999989, 34.708329828 ], [ 135.307407339, 34.708298565 ], [ 135.30696565299999, 34.708277722 ], [ 135.306688987, 34.708267215 ], [ 135.30665866699999, 34.70852709 ], [ 135.30664108799999, 34.708691357 ], [ 135.306601279, 34.70907142 ], [ 135.306554505, 34.709505063 ], [ 135.306515319999988, 34.709836666 ], [ 135.30647683399999, 34.710213338 ], [ 135.306436964, 34.710602979 ], [ 135.30639089499999, 34.711029114 ], [ 135.306354191999986, 34.711346795 ], [ 135.306321225, 34.711654907 ], [ 135.306281211, 34.71190903 ], [ 135.30625892, 34.712113237 ], [ 135.30622033899999, 34.712380042 ], [ 135.306186047000011, 34.712710877 ], [ 135.30615670200001, 34.712984861 ], [ 135.306141035, 34.713131142 ], [ 135.306134348, 34.713154859 ], [ 135.306118884999989, 34.7131862 ], [ 135.306115769, 34.713199746 ], [ 135.306116487999986, 34.713214498 ], [ 135.30612102399999, 34.713229002 ], [ 135.30612535899999, 34.713237415 ], [ 135.30613131199999, 34.713245147 ], [ 135.306148525999987, 34.71325808 ], [ 135.30616949899999, 34.713266586 ], [ 135.306190547999989, 34.713269572 ], [ 135.306209908999989, 34.713268066 ], [ 135.306253986, 34.713267605 ], [ 135.306281318, 34.713270993 ], [ 135.30715716899999, 34.713444948 ], [ 135.309059689, 34.713820846 ], [ 135.309228401000013, 34.713855337 ], [ 135.310549122, 34.714118446 ], [ 135.311534149000011, 34.714311803 ], [ 135.313528334000011, 34.714706079 ], [ 135.314605836999988, 34.714920157 ], [ 135.31496778799999, 34.714992685 ], [ 135.316327425999987, 34.715262792 ], [ 135.317566477000014, 34.715507561 ], [ 135.31781497099999, 34.715557027 ], [ 135.318530649, 34.715696991 ], [ 135.31902588599999, 34.715794436 ], [ 135.31953236699999, 34.715894502 ], [ 135.32010333, 34.71600871 ], [ 135.320288382, 34.716045749 ], [ 135.320567348, 34.716101589 ], [ 135.321050254, 34.716197313 ], [ 135.321286121000014, 34.71624499 ], [ 135.32189191099999, 34.716366039 ], [ 135.32191528199999, 34.716373196 ], [ 135.321959835, 34.716400644 ], [ 135.321981509000011, 34.71641098 ], [ 135.32200358599999, 34.716414894 ], [ 135.32202698899999, 34.716412693 ], [ 135.322040127, 34.716408521 ], [ 135.322054149, 34.71640152 ], [ 135.322063671, 34.716394375 ], [ 135.32207125, 34.716386345 ], [ 135.322081738, 34.716368582 ], [ 135.32208458, 34.716350502 ], [ 135.32207981, 34.716328599 ], [ 135.32206876399999, 34.716312219 ], [ 135.322057202, 34.71629111 ], [ 135.32205016, 34.716265422 ], [ 135.32205056699999, 34.715872562 ], [ 135.32207383299999, 34.715157098 ], [ 135.322071808, 34.714997815 ], [ 135.321931764, 34.714982295 ], [ 135.321508198, 34.714984364 ] ] ] } },
{ "type": "Feature", "properties": { "A29_001": "28206", "A29_002": "兵庫県", "A29_003": "芦屋市", "A29_004": 1, "A29_005": "第一種低層住居専用地域", "A29_006": 50, "A29_007": 100, "A29_008": null }, "geometry": { "type": "Polygon", "coordinates": [ [ [ 135.308763158, 34.715157071 ], [ 135.308675618, 34.715139743 ], [ 135.307432479, 34.714891233 ], [ 135.307039889, 34.716278579 ], [ 135.307426342000014, 34.716206869 ], [ 135.307723274000011, 34.716146403 ], [ 135.307849166000011, 34.716114117 ], [ 135.307974954, 34.716072894 ], [ 135.308050396, 34.716045479 ], [ 135.30811862199999, 34.716018122 ], [ 135.30817783, 34.715990837 ], [ 135.308274583000014, 34.71593495 ], [ 135.308335437000011, 34.715894247 ], [ 135.30840158, 34.715843074 ], [ 135.30845148899999, 34.715792031 ], [ 135.308494982000013, 34.715744684 ], [ 135.308541155, 34.715688079 ], [ 135.30859188299999, 34.715612166 ], [ 135.308630978999986, 34.715541499 ], [ 135.308670269, 34.715442773 ], [ 135.308720975999989, 34.715283616 ], [ 135.308763158, 34.715157071 ] ] ] } },
{ "type": "Feature", "properties": { "A29_001": "28206", "A29_002": "兵庫県", "A29_003": "芦屋市", "A29_004": 6, "A29_005": "第二種住居地域", "A29_006": 60, "A29_007": 300, "A29_008": null }, "geometry": { "type": "Polygon", "coordinates": [ [ [ 135.322071808, 34.714997814 ], [ 135.322067325, 34.714610334 ], [ 135.322064754, 34.714448218 ], [ 135.322064344000012, 34.714198127 ], [ 135.322062206, 34.713802869 ], [ 135.322061643000012, 34.713486017 ], [ 135.322062867, 34.713157494 ], [ 135.322062014000011, 34.712600618 ], [ 135.321661912, 34.712600772 ], [ 135.32149518599999, 34.712617122 ], [ 135.32133894099999, 34.712641957 ], [ 135.321104254, 34.712688853 ], [ 135.320641849, 34.712786873 ], [ 135.320359810000014, 34.712852005 ], [ 135.320295558, 34.712870983 ], [ 135.320219427000012, 34.712901707 ], [ 135.320154812999988, 34.712937238 ], [ 135.320106098, 34.7129719 ], [ 135.320035991, 34.713040314 ], [ 135.319884349, 34.71321286 ], [ 135.319054118999986, 34.714327747 ], [ 135.319126379000011, 34.714363434 ], [ 135.319077955000012, 34.714426956 ], [ 135.318908810000011, 34.71466722 ], [ 135.31890644399999, 34.714670377 ], [ 135.318906252, 34.714670633 ], [ 135.318979680000012, 34.714685517 ], [ 135.319257334000014, 34.714740721 ], [ 135.319441786999988, 34.714773592 ], [ 135.319528502, 34.714787476 ], [ 135.319615161, 34.714799323 ], [ 135.31970865400001, 34.714811177 ], [ 135.319817854, 34.714823779 ], [ 135.319922881, 34.714833295 ], [ 135.320039218, 34.714841945 ], [ 135.320294813, 34.714853342 ], [ 135.320433939999987, 34.714855983 ], [ 135.320623985, 34.714854173 ], [ 135.32074701, 34.714851445 ], [ 135.320960950999989, 34.714846763 ], [ 135.321150034, 34.71484203 ], [ 135.321508851, 34.71483875 ], [ 135.321508198, 34.714984364 ], [ 135.321931763, 34.714982295 ], [ 135.322071808, 34.714997814 ] ] ] } },
{ "type": "Feature", "properties": { "A29_001": "28206", "A29_002": "兵庫県", "A29_003": "芦屋市", "A29_004": 5, "A29_005": "第一種住居地域", "A29_006": 60, "A29_007": 200, "A29_008": null }, "geometry": { "type": "Polygon", "coordinates": [ [ [ 135.31434708399999, 34.713499049 ], [ 135.31433202299999, 34.712446653 ], [ 135.31415292299999, 34.71245166 ], [ 135.314023408, 34.712449839 ], [ 135.313923896, 34.712447484 ], [ 135.31376853899999, 34.712440846 ], [ 135.313621172000012, 34.712431839 ], [ 135.31353278200001, 34.712426437 ], [ 135.31350089099999, 34.712424063 ], [ 135.313477231, 34.712422301 ], [ 135.313434731, 34.712419136 ], [ 135.313233682, 34.712400529 ], [ 135.31322276899999, 34.712399196 ], [ 135.31300067699999, 34.712372068 ], [ 135.31294673799999, 34.712364163 ], [ 135.312922586000013, 34.712360625 ], [ 135.31284366, 34.712349061 ], [ 135.312688662, 34.712315929 ], [ 135.312627021999987, 34.712305063 ], [ 135.31231768, 34.712241744 ], [ 135.31217455699999, 34.712208741 ], [ 135.31201446099999, 34.71217373 ], [ 135.31192336399999, 34.712149465 ], [ 135.311776293, 34.712110254 ], [ 135.311623166, 34.712068318 ], [ 135.311511206, 34.712034938 ], [ 135.311368757, 34.711990012 ], [ 135.311269469, 34.711955887 ], [ 135.311180395, 34.711924753 ], [ 135.310947209, 34.711835609 ], [ 135.310915513, 34.711953557 ], [ 135.310621596, 34.713047261 ], [ 135.31231721899999, 34.713377274 ], [ 135.31299728499999, 34.713513571 ], [ 135.313176532, 34.713550241 ], [ 135.313936772, 34.713701421 ], [ 135.314497582, 34.713812863 ], [ 135.315519341, 34.714015672 ], [ 135.31589835599999, 34.714091179 ], [ 135.316624429, 34.714236407 ], [ 135.31713388, 34.714332024 ], [ 135.31778299199999, 34.714455114 ], [ 135.318104096000013, 34.714514043 ], [ 135.318244977, 34.714541418 ], [ 135.318605646, 34.714611521 ], [ 135.318774135000012, 34.714643854 ], [ 135.31890644399999, 34.714670379 ], [ 135.318908811, 34.71466722 ], [ 135.319077956, 34.714426956 ], [ 135.319126379000011, 34.714363434 ], [ 135.31905412, 34.714327747 ], [ 135.318963321000012, 34.714284429 ], [ 135.318761163, 34.714194005 ], [ 135.318647375000012, 34.714150326 ], [ 135.318543145, 34.714112322 ], [ 135.31840108899999, 34.714068392 ], [ 135.318127264999987, 34.713995475 ], [ 135.317843372, 34.713925975 ], [ 135.317521007000011, 34.713851778 ], [ 135.317251426000013, 34.71379552 ], [ 135.316906923, 34.713729848 ], [ 135.316578751, 34.713677401 ], [ 135.316343797, 34.713642566 ], [ 135.316102375000014, 34.713610597 ], [ 135.315817339, 34.713578358 ], [ 135.315527898, 34.713552309 ], [ 135.315232224999988, 34.713530485 ], [ 135.315015929, 34.713516365 ], [ 135.314685327, 34.71350561 ], [ 135.31434708399999, 34.713499049 ] ] ] } },
{ "type": "Feature", "properties": { "A29_001": "28206", "A29_002": "兵庫県", "A29_003": "芦屋市", "A29_004": 3, "A29_005": "第一種中高層住居専用地域", "A29_006": 60, "A29_007": 200, "A29_008": null }, "geometry": { "type": "Polygon", "coordinates": [ [ [ 135.315827700999989, 34.712402877 ], [ 135.315517410000012, 34.712403944 ], [ 135.315284407, 34.71240991 ], [ 135.31478794099999, 34.712430016 ], [ 135.31433202299999, 34.712446653 ], [ 135.31434708399999, 34.713499049 ], [ 135.314685327, 34.71350561 ], [ 135.315015929, 34.713516365 ], [ 135.315232224999988, 34.713530485 ], [ 135.315527898, 34.713552309 ], [ 135.315817339, 34.713578358 ], [ 135.316102375000014, 34.713610597 ], [ 135.316343797, 34.713642566 ], [ 135.316578751, 34.713677401 ], [ 135.316906923, 34.713729848 ], [ 135.317251426000013, 34.71379552 ], [ 135.317521007000011, 34.713851778 ], [ 135.317843372, 34.713925975 ], [ 135.318127264999987, 34.713995475 ], [ 135.31840108899999, 34.714068392 ], [ 135.318543145, 34.714112322 ], [ 135.318647375000012, 34.714150326 ], [ 135.318761163, 34.714194005 ], [ 135.318963321000012, 34.714284429 ], [ 135.31905412, 34.714327747 ], [ 135.319884349, 34.713212861 ], [ 135.319711152, 34.71314293 ], [ 135.31958433299999, 34.71309682 ], [ 135.319348975, 34.713014452 ], [ 135.319132408, 34.712942001 ], [ 135.318926196, 34.712880752 ], [ 135.318620583000012, 34.712794253 ], [ 135.318364841, 34.712730316 ], [ 135.317963552, 34.712636074 ], [ 135.31767173599999, 34.712579996 ], [ 135.31745494, 34.712541677 ], [ 135.317226033, 34.712505125 ], [ 135.31704176299999, 34.712481569 ], [ 135.316849426, 34.712459748 ], [ 135.3166726, 34.7124439 ], [ 135.316578201999988, 34.712435223 ], [ 135.316321230999989, 34.712418931 ], [ 135.316066318999987, 34.712405961 ], [ 135.315827700999989, 34.712402877 ] ] ] } },
{ "type": "Feature", "properties": { "A29_001": "28206", "A29_002": "兵庫県", "A29_003": "芦屋市", "A29_004": 8, "A29_005": "近隣商業地域", "A29_006": 80, "A29_007": 200, "A29_008": null }, "geometry": { "type": "Polygon", "coordinates": [ [ [ 135.321495187000011, 34.712617122 ], [ 135.321661913000014, 34.712600772 ], [ 135.322062014000011, 34.712600618 ], [ 135.322047491, 34.712075129 ], [ 135.32210522599999, 34.712075679 ], [ 135.322105497, 34.711934957 ], [ 135.322112667, 34.710678331 ], [ 135.322111301, 34.710326058 ], [ 135.322111817, 34.709976319 ], [ 135.322109447, 34.70961237 ], [ 135.322110946, 34.709333998 ], [ 135.32210856099999, 34.709079242 ], [ 135.32210737, 34.708857407 ], [ 135.322106996, 34.708653874 ], [ 135.322107184, 34.708562177 ], [ 135.32209443299999, 34.708515517 ], [ 135.322074941000011, 34.708482855 ], [ 135.322029937, 34.708449422 ], [ 135.32198222299999, 34.708429675 ], [ 135.321938475, 34.708419962 ], [ 135.321856983, 34.708419564 ], [ 135.321753151, 34.708428884 ], [ 135.321627014, 34.708451102 ], [ 135.321520139, 34.708480032 ], [ 135.321437162, 34.708510926 ], [ 135.321368275999987, 34.708545396 ], [ 135.321310226, 34.70857395 ], [ 135.321222307999989, 34.708626589 ], [ 135.321152377, 34.708681202 ], [ 135.321105335, 34.708718143 ], [ 135.321023575, 34.708803054 ], [ 135.320945153, 34.708899065 ], [ 135.320893753, 34.709001215 ], [ 135.320858939, 34.709095282 ], [ 135.32083441, 34.709190856 ], [ 135.320833505, 34.709222655 ], [ 135.320829266, 34.709297929 ], [ 135.320827451000014, 34.709415043 ], [ 135.32082528699999, 34.709557063 ], [ 135.320822012, 34.709728734 ], [ 135.320823587, 34.709845851 ], [ 135.32084425799999, 34.709911387 ], [ 135.320853629, 34.709944162 ], [ 135.32088432, 34.710042996 ], [ 135.320922749, 34.710198994 ], [ 135.320957711, 34.710387341 ], [ 135.320979118, 34.71056891 ], [ 135.320988859000011, 34.710740505 ], [ 135.32098683000001, 34.710893652 ], [ 135.320973622, 34.71107815 ], [ 135.32094960399999, 34.711270684 ], [ 135.320920553, 34.711417691 ], [ 135.320884462, 34.711566344 ], [ 135.320839344, 34.711711362 ], [ 135.320800082, 34.711809175 ], [ 135.320750202, 34.711931447 ], [ 135.320733354, 34.711971322 ], [ 135.320552327, 34.711910796 ], [ 135.320485268999988, 34.711883256 ], [ 135.32017412499999, 34.711780335 ], [ 135.319800517, 34.711658313 ], [ 135.319504838, 34.711560563 ], [ 135.319307063, 34.711494342 ], [ 135.31933211099999, 34.711442213 ], [ 135.319355817, 34.711385326 ], [ 135.31937821599999, 34.71132633 ], [ 135.31941788899999, 34.71120891 ], [ 135.319433815999986, 34.711145198 ], [ 135.319457680999989, 34.711047511 ], [ 135.31947433, 34.71088259 ], [ 135.319475186, 34.710792507 ], [ 135.319474821999989, 34.710707731 ], [ 135.319465451000013, 34.71062091 ], [ 135.319458891000011, 34.710554731 ], [ 135.319440493, 34.710464273 ], [ 135.319428214999988, 34.71040291 ], [ 135.319404991999988, 34.710335288 ], [ 135.319378521, 34.710256517 ], [ 135.319352576999989, 34.710190819 ], [ 135.31934528799999, 34.71017362 ], [ 135.319216783, 34.710195849 ], [ 135.31906642199999, 34.710231435 ], [ 135.318911316, 34.710268601 ], [ 135.318793016, 34.710297308 ], [ 135.318746479, 34.71030951 ], [ 135.31872006399999, 34.710313794 ], [ 135.318699121, 34.710269338 ], [ 135.318660639, 34.710191346 ], [ 135.318613868, 34.710106636 ], [ 135.318551445, 34.710013613 ], [ 135.31846991, 34.709888219 ], [ 135.318384614, 34.709755345 ], [ 135.318176802000011, 34.70984449 ], [ 135.317983386, 34.709929185 ], [ 135.31744860399999, 34.710165094 ], [ 135.317227887, 34.71026334 ], [ 135.31716131499999, 34.710243202 ], [ 135.31710409499999, 34.710233597 ], [ 135.317068739, 34.710228054 ], [ 135.31701418, 34.710226375 ], [ 135.316940398000014, 34.710226971 ], [ 135.316906407, 34.710228305 ], [ 135.31687009699999, 34.710234766 ], [ 135.316823811, 34.710243277 ], [ 135.316793496, 34.710252332 ], [ 135.316768841999988, 34.710261207 ], [ 135.316735587000011, 34.710270483 ], [ 135.31671269899999, 34.710234108 ], [ 135.316670237000011, 34.710170337 ], [ 135.316509902, 34.710231296 ], [ 135.316672215000011, 34.710478796 ], [ 135.316326061000012, 34.710588422 ], [ 135.316412764, 34.710775485 ], [ 135.31643055699999, 34.7108092 ], [ 135.31644389499999, 34.710833718 ], [ 135.316454666999988, 34.710851587 ], [ 135.316469794, 34.710869932 ], [ 135.316492471, 34.710896426 ], [ 135.316512654, 34.710921915 ], [ 135.316537785, 34.710945823 ], [ 135.316558515999986, 34.71096515 ], [ 135.31657861299999, 34.710983456 ], [ 135.316598648, 34.710996633 ], [ 135.316626832, 34.711015901 ], [ 135.31665311099999, 34.711031591 ], [ 135.316685632, 34.711049797 ], [ 135.316713103000012, 34.711061375 ], [ 135.316739949, 34.711072445 ], [ 135.316776739, 34.711083947 ], [ 135.31680728500001, 34.711092935 ], [ 135.316837827, 34.711101409 ], [ 135.316889519, 34.711112278 ], [ 135.316952971, 34.711119461 ], [ 135.31693002, 34.711227887 ], [ 135.31692855599999, 34.711234807 ], [ 135.3166726, 34.712443899 ], [ 135.316849426, 34.712459748 ], [ 135.31704176299999, 34.712481569 ], [ 135.317226033, 34.712505125 ], [ 135.31745494, 34.712541677 ], [ 135.31767173599999, 34.712579996 ], [ 135.317963552, 34.712636074 ], [ 135.318364841, 34.712730316 ], [ 135.318620583000012, 34.712794253 ], [ 135.318926196, 34.712880752 ], [ 135.319132408, 34.712942001 ], [ 135.319348975, 34.713014452 ], [ 135.31958433299999, 34.71309682 ], [ 135.319711152, 34.71314293 ], [ 135.319884349, 34.713212861 ], [ 135.320035991, 34.713040314 ], [ 135.320106097, 34.7129719 ], [ 135.320154812999988, 34.712937237 ], [ 135.320219428, 34.712901707 ], [ 135.320295558999987, 34.712870984 ], [ 135.320359811, 34.712852006 ], [ 135.320641851, 34.712786873 ], [ 135.32110425499999, 34.712688854 ], [ 135.321338942000011, 34.712641958 ], [ 135.321495187000011, 34.712617122 ] ] ] } },
{ "type": "Feature", "properties": { "A29_001": "28206", "A29_002": "兵庫県", "A29_003": "芦屋市", "A29_004": 3, "A29_005": "第一種中高層住居専用地域", "A29_006": 60, "A29_007": 200, "A29_008": null }, "geometry": { "type": "Polygon", "coordinates": [ [ [ 135.31741311799999, 34.709528695 ], [ 135.317735671, 34.709383897 ], [ 135.31785249699999, 34.709333676 ], [ 135.31790715599999, 34.709304407 ], [ 135.317929999, 34.709281685 ], [ 135.317944759, 34.709253395 ], [ 135.317950520000011, 34.709223493 ], [ 135.317950133000011, 34.709195883 ], [ 135.317939088, 34.70916872 ], [ 135.317924578, 34.709135457 ], [ 135.31783954, 34.708998379 ], [ 135.317754517, 34.708862362 ], [ 135.317446187, 34.708995729 ], [ 135.31734660399999, 34.709038923 ], [ 135.317053628, 34.709168454 ], [ 135.316697694999988, 34.709322062 ], [ 135.316598454, 34.709363939 ], [ 135.31651973699999, 34.709396743 ], [ 135.316429529, 34.709261687 ], [ 135.316344143, 34.709132317 ], [ 135.316463414, 34.709079662 ], [ 135.316659331000011, 34.708993387 ], [ 135.317114874, 34.708793281 ], [ 135.317579024, 34.708588333 ], [ 135.317422467, 34.70834737 ], [ 135.31726297599999, 34.708099625 ], [ 135.316956951, 34.708233699 ], [ 135.316535968000011, 34.708421291 ], [ 135.316250673000013, 34.70854917 ], [ 135.316031081, 34.708644726 ], [ 135.315725563, 34.708783846 ], [ 135.316133106, 34.709418231 ], [ 135.31614202599999, 34.709462582 ], [ 135.316145637, 34.70947873 ], [ 135.316137011, 34.709511926 ], [ 135.316120285000011, 34.709543645 ], [ 135.31609754499999, 34.709566682 ], [ 135.31604527499999, 34.709590471 ], [ 135.315859163999988, 34.70966861 ], [ 135.31627061099999, 34.710305345 ], [ 135.316509902, 34.710231296 ], [ 135.316670237000011, 34.710170337 ], [ 135.316599005, 34.710061231 ], [ 135.316513041, 34.70992641 ], [ 135.316922991000013, 34.709745061 ], [ 135.31741311799999, 34.709528695 ] ] ] } },
{ "type": "Feature", "properties": { "A29_001": "28206", "A29_002": "兵庫県", "A29_003": "芦屋市", "A29_004": 5, "A29_005": "第一種住居地域", "A29_006": 60, "A29_007": 200, "A29_008": null }, "geometry": { "type": "Polygon", "coordinates": [ [ [ 135.319537254000011, 34.707328054 ], [ 135.319505142, 34.707402653 ], [ 135.31943510100001, 34.707560418 ], [ 135.319464095, 34.707583889 ], [ 135.319492419999989, 34.707613086 ], [ 135.31951188799999, 34.707638673 ], [ 135.319529367, 34.707668223 ], [ 135.319544189, 34.707703287 ], [ 135.319553457000012, 34.70773895 ], [ 135.319559945, 34.707769981 ], [ 135.319569282, 34.707805023 ], [ 135.319581250999988, 34.707841266 ], [ 135.31959450299999, 34.70787479 ], [ 135.319609523, 34.707907452 ], [ 135.319627859, 34.707942081 ], [ 135.31964539, 34.707971316 ], [ 135.319861448000012, 34.708312816 ], [ 135.31994410199999, 34.708450711 ], [ 135.320118912999988, 34.708374309 ], [ 135.320330848999987, 34.708283046 ], [ 135.320405623, 34.708258066 ], [ 135.320520011000013, 34.70821899 ], [ 135.320613328, 34.708188561 ], [ 135.320723937999986, 34.708152792 ], [ 135.320844819, 34.708123103 ], [ 135.320947821, 34.708097894 ], [ 135.321122559, 34.708062037 ], [ 135.321291636000012, 34.708035762 ], [ 135.321404406, 34.70802266 ], [ 135.321521045999987, 34.708011118 ], [ 135.321689638, 34.707998094 ], [ 135.32184039399999, 34.70799581 ], [ 135.321917985, 34.707992002 ], [ 135.32195388, 34.707989062 ], [ 135.32200541899999, 34.707979865 ], [ 135.322032551, 34.70796469 ], [ 135.322052869, 34.707950108 ], [ 135.32207693399999, 34.70792342 ], [ 135.322089467000012, 34.707898415 ], [ 135.322098009, 34.707861254 ], [ 135.32209893699999, 34.707723483 ], [ 135.32209912, 34.707307541 ], [ 135.322097055, 34.706810549 ], [ 135.32209294, 34.705989161 ], [ 135.322097469, 34.705659158 ], [ 135.321648603999989, 34.705341876 ], [ 135.321282857999989, 34.705085039 ], [ 135.321254368000012, 34.705063015 ], [ 135.32094192, 34.704848306 ], [ 135.32009839700001, 34.704917664 ], [ 135.31899212, 34.705012985 ], [ 135.318616496, 34.705043046 ], [ 135.317893528000013, 34.705107175 ], [ 135.31678599599999, 34.705205136 ], [ 135.31644889399999, 34.705237529 ], [ 135.31568747899999, 34.705306193 ], [ 135.315266377, 34.705342969 ], [ 135.31462994200001, 34.705400552 ], [ 135.314599184, 34.70540398 ], [ 135.313896027999988, 34.705462096 ], [ 135.31352940799999, 34.705494189 ], [ 135.313511487999989, 34.705498042 ], [ 135.311832993, 34.705639767 ], [ 135.311807577, 34.705903651 ], [ 135.311861392, 34.705908177 ], [ 135.31180419899999, 34.706372259 ], [ 135.311761991999987, 34.706754296 ], [ 135.311712752, 34.707160897 ], [ 135.31165830099999, 34.707631809 ], [ 135.311598154, 34.708196736 ], [ 135.31156389899999, 34.708475958 ], [ 135.31154097000001, 34.708496401 ], [ 135.311976976000011, 34.708858873 ], [ 135.312286669, 34.709072018 ], [ 135.312392867, 34.709148676 ], [ 135.312657298, 34.708892638 ], [ 135.312913138, 34.708651466 ], [ 135.31341648599999, 34.708221634 ], [ 135.313358348, 34.708153836 ], [ 135.313301725, 34.708076406 ], [ 135.31324662899999, 34.707995936 ], [ 135.313207103, 34.707923859 ], [ 135.313175387, 34.707858106 ], [ 135.31314413699999, 34.70778207 ], [ 135.31312439300001, 34.707688175 ], [ 135.313107091, 34.707583913 ], [ 135.313104245, 34.707537699 ], [ 135.31310145899999, 34.707492466 ], [ 135.313110666, 34.707398705 ], [ 135.313215761, 34.706471628 ], [ 135.31322989899999, 34.706358663 ], [ 135.313252272999989, 34.706288217 ], [ 135.313284935000013, 34.70622403 ], [ 135.31332344, 34.706166468 ], [ 135.313366304999988, 34.706119088 ], [ 135.313414674, 34.706079138 ], [ 135.313468475, 34.706037354 ], [ 135.313545291, 34.705992022 ], [ 135.31363254199999, 34.705957251 ], [ 135.313737943, 34.705930853 ], [ 135.313843544, 34.705921485 ], [ 135.31393405, 34.705921824 ], [ 135.314024036, 34.705922162 ], [ 135.314276691, 34.705920128 ], [ 135.31442578799999, 34.705917787 ], [ 135.314555098, 34.705915757 ], [ 135.314856509, 34.705894166 ], [ 135.315139848, 34.70587059 ], [ 135.315446138, 34.705825536 ], [ 135.315847831000013, 34.705759218 ], [ 135.31595593899999, 34.705741369 ], [ 135.316475346, 34.70567822 ], [ 135.316605665, 34.705667936 ], [ 135.316862402, 34.705647673 ], [ 135.316950861, 34.705640692 ], [ 135.317436805, 34.705622729 ], [ 135.317436845, 34.705626098 ], [ 135.31769859100001, 34.705626653 ], [ 135.317923584, 34.705631197 ], [ 135.31809255499999, 34.705632216 ], [ 135.318319516, 34.705627997 ], [ 135.318515807000011, 34.705619253 ], [ 135.31872202, 34.705606853 ], [ 135.318919685, 34.705592136 ], [ 135.319151285, 34.705565219 ], [ 135.319426654000011, 34.705527213 ], [ 135.31962683399999, 34.705493393 ], [ 135.31982512499999, 34.705458396 ], [ 135.319980718000011, 34.705427322 ], [ 135.320056513, 34.70541359 ], [ 135.320132957, 34.705405816 ], [ 135.320212344999987, 34.705402787 ], [ 135.320287431999986, 34.705402178 ], [ 135.320364898, 34.705407514 ], [ 135.320450189000013, 34.705415171 ], [ 135.320531218000013, 34.705428826 ], [ 135.320612264, 34.705443672 ], [ 135.320689495000011, 34.705465705 ], [ 135.320774019999988, 34.705491844 ], [ 135.320857729000011, 34.705526355 ], [ 135.320937643, 34.705567447 ], [ 135.321011793999986, 34.705609779 ], [ 135.321079578, 34.705650971 ], [ 135.32114658, 34.705699322 ], [ 135.321206815000011, 34.70574916 ], [ 135.321272528, 34.705810642 ], [ 135.32132522, 34.705869842 ], [ 135.32137797199999, 34.705934172 ], [ 135.321417696, 34.705995863 ], [ 135.321457552, 34.706068644 ], [ 135.321491643, 34.706142308 ], [ 135.321518922, 34.706213999 ], [ 135.321538628000013, 34.706292548 ], [ 135.321552561, 34.706371145 ], [ 135.321559392000012, 34.706459936 ], [ 135.321561589, 34.706523124 ], [ 135.321561137, 34.706606609 ], [ 135.32155914099999, 34.706681756 ], [ 135.321559963999988, 34.706779694 ], [ 135.321557215000013, 34.706905248 ], [ 135.321553735, 34.707021665 ], [ 135.321556829, 34.707124469 ], [ 135.32154843, 34.707263449 ], [ 135.32152537799999, 34.707365051 ], [ 135.32148484699999, 34.707454108 ], [ 135.321397506000011, 34.707531286 ], [ 135.321281008999989, 34.707583092 ], [ 135.321149321, 34.707612299 ], [ 135.320984302, 34.707619637 ], [ 135.320836834, 34.707622788 ], [ 135.320698074, 34.707616398 ], [ 135.320567974999989, 34.707605526 ], [ 135.32045950599999, 34.707592094 ], [ 135.320357062999989, 34.707575273 ], [ 135.320271362999989, 34.70755784 ], [ 135.32014553799999, 34.707527376 ], [ 135.320035733999987, 34.707489149 ], [ 135.319537254000011, 34.707328054 ] ] ] } },
{ "type": "Feature", "properties": { "A29_001": "28206", "A29_002": "兵庫県", "A29_003": "芦屋市", "A29_004": 3, "A29_005": "第一種中高層住居専用地域", "A29_006": 60, "A29_007": 200, "A29_008": null }, "geometry": { "type": "Polygon", "coordinates": [ [ [ 135.307402711, 34.754561845 ], [ 135.307535532, 34.754383181 ], [ 135.307599790000012, 34.754332289 ], [ 135.307679489, 34.754297016 ], [ 135.30778222399999, 34.754274152 ], [ 135.30786020299999, 34.754254636 ], [ 135.30792844199999, 34.754217881 ], [ 135.30835303500001, 34.753827195 ], [ 135.308387302999989, 34.753769701 ], [ 135.308408192, 34.753688402 ], [ 135.30839620899999, 34.753598353 ], [ 135.30837309399999, 34.753490364 ], [ 135.30832050399999, 34.753331541 ], [ 135.308160818, 34.75308641 ], [ 135.308138128, 34.753014475 ], [ 135.30813759599999, 34.752969406 ], [ 135.308149982, 34.752942471 ], [ 135.308172573, 34.752917101 ], [ 135.30822755, 34.752888323 ], [ 135.308447704, 34.752852489 ], [ 135.30830539499999, 34.75269448 ], [ 135.308182867, 34.752599185 ], [ 135.30823955599999, 34.7525614 ], [ 135.308282125, 34.752537481 ], [ 135.308412118, 34.752457848 ], [ 135.30848496199999, 34.752376708 ], [ 135.308597622, 34.752240234 ], [ 135.308670328, 34.752147305 ], [ 135.308775962, 34.752020712 ], [ 135.308888623, 34.751884238 ], [ 135.308955895, 34.75180612 ], [ 135.308975516, 34.751783336 ], [ 135.309076479999987, 34.751664639 ], [ 135.309191613, 34.751536005 ], [ 135.309217382000014, 34.751500431 ], [ 135.309291793999989, 34.751350509 ], [ 135.309368678999988, 34.751208427 ], [ 135.309408265, 34.751133447 ], [ 135.309421992000011, 34.750883808 ], [ 135.30942781499999, 34.750771767 ], [ 135.30926152, 34.750598232 ], [ 135.308690603, 34.750429902 ], [ 135.30861340199999, 34.750409348 ], [ 135.308475686, 34.75037268 ], [ 135.30826791199999, 34.750315399 ], [ 135.308259865, 34.750135502 ], [ 135.308393405, 34.75011415 ], [ 135.308458771, 34.750100105 ], [ 135.308518596, 34.750079343 ], [ 135.308567501, 34.750058668 ], [ 135.308597321, 34.7500404 ], [ 135.308627088, 34.750017625 ], [ 135.308662236, 34.749988046 ], [ 135.308699982, 34.749947178 ], [ 135.308743029, 34.749892745 ], [ 135.308804551, 34.749784077 ], [ 135.30910839500001, 34.749238774 ], [ 135.309352558, 34.748801786 ], [ 135.308628422, 34.748533654 ], [ 135.308222489, 34.748399937 ], [ 135.308032977000011, 34.748341629 ], [ 135.307966187, 34.748339015 ], [ 135.307846184, 34.748352571 ], [ 135.307851551999988, 34.748484772 ], [ 135.307813341000013, 34.748617978 ], [ 135.30776054, 34.748771648 ], [ 135.307612702, 34.748988585 ], [ 135.307260523999986, 34.749481331 ], [ 135.30705983499999, 34.749771039 ], [ 135.306898552, 34.749716987 ], [ 135.306795431000012, 34.749671196 ], [ 135.306648668, 34.749580366 ], [ 135.306531592, 34.749485619 ], [ 135.306435765, 34.749422279 ], [ 135.30629316400001, 34.749369332 ], [ 135.30573088700001, 34.749162945 ], [ 135.305587183, 34.749107416 ], [ 135.305436359999987, 34.7490284 ], [ 135.305264341999987, 34.748902182 ], [ 135.305100063999987, 34.748748941 ], [ 135.304992607, 34.748663476 ], [ 135.30488684, 34.748605468 ], [ 135.30479695, 34.748569002 ], [ 135.30467270599999, 34.74854638 ], [ 135.304409367, 34.748535884 ], [ 135.304012601000011, 34.748532751 ], [ 135.303915929999988, 34.748518647 ], [ 135.303803746, 34.748496769 ], [ 135.303129864999988, 34.748281402 ], [ 135.302964228, 34.748228745 ], [ 135.30289854899999, 34.748205962 ], [ 135.302816385, 34.748172267 ], [ 135.302753521, 34.748135966 ], [ 135.302692014, 34.748088615 ], [ 135.302651719000011, 34.748046208 ], [ 135.30260740599999, 34.747992474 ], [ 135.30296492799999, 34.747746234 ], [ 135.303578606, 34.747303504 ], [ 135.30379148599999, 34.747566296 ], [ 135.303857047, 34.747627174 ], [ 135.303903206, 34.747659867 ], [ 135.303951087, 34.747676803 ], [ 135.303989285, 34.747681221 ], [ 135.304033186999987, 34.747684019 ], [ 135.304084681, 34.747683609 ], [ 135.304151209999986, 34.747676279 ], [ 135.30422399299999, 34.747664315 ], [ 135.304252574, 34.747654837 ], [ 135.304292624999988, 34.747634495 ], [ 135.304339301999988, 34.747600059 ], [ 135.304738492000013, 34.747182204 ], [ 135.305253246, 34.746652545 ], [ 135.30629417599999, 34.747100789 ], [ 135.30686915199999, 34.747354196 ], [ 135.307740134999989, 34.746631097 ], [ 135.30815756199999, 34.746282977 ], [ 135.308430987, 34.746016299 ], [ 135.308973998999988, 34.7454814 ], [ 135.309556001, 34.745018604 ], [ 135.30981120199999, 34.745261031 ], [ 135.309967532, 34.745139119 ], [ 135.310175249, 34.744804251 ], [ 135.310439924, 34.74467783 ], [ 135.310582382, 34.744255252 ], [ 135.310621872000013, 34.744130984 ], [ 135.31064251699999, 34.744029403 ], [ 135.31066320299999, 34.743934601 ], [ 135.310664696, 34.743916503 ], [ 135.31069453399999, 34.743713794 ], [ 135.31071506399999, 34.743513689 ], [ 135.310728375999986, 34.743209536 ], [ 135.31072022, 34.743212978 ], [ 135.310315065999987, 34.743383929 ], [ 135.310335987, 34.742968062 ], [ 135.31037290399999, 34.742608002 ], [ 135.31044773299999, 34.742175461 ], [ 135.310501483, 34.741954385 ], [ 135.310638353, 34.741462054 ], [ 135.310778605, 34.740934583 ], [ 135.310865425, 34.740607496 ], [ 135.3109023, 34.740460664 ], [ 135.310944975000012, 34.740262442 ], [ 135.31096459299999, 34.740074201 ], [ 135.310977804, 34.739972269 ], [ 135.310986652, 34.739914516 ], [ 135.310987283, 34.739887254 ], [ 135.31098643499999, 34.73985084 ], [ 135.310983025000013, 34.73980515 ], [ 135.310975902, 34.739760619 ], [ 135.310965407999987, 34.73970991 ], [ 135.310951757, 34.739662532 ], [ 135.31074857199999, 34.739129178 ], [ 135.310643806, 34.738856282 ], [ 135.31038900499999, 34.738027666 ], [ 135.310349244, 34.73789626 ], [ 135.3103022, 34.7377113 ], [ 135.310271655, 34.737537677 ], [ 135.310266321, 34.73750162 ], [ 135.310253448999987, 34.737377304 ], [ 135.310239673000012, 34.737242362 ], [ 135.31018373399999, 34.737231778 ], [ 135.310027714, 34.73718859 ], [ 135.309535581, 34.737033641 ], [ 135.308862119999986, 34.736817717 ], [ 135.308189472, 34.736599482 ], [ 135.30792462799999, 34.736514238 ], [ 135.307690525, 34.736438889 ], [ 135.307346919999986, 34.736327602 ], [ 135.306878923, 34.736175393 ], [ 135.306573257, 34.736844979 ], [ 135.305884298, 34.73665791 ], [ 135.305879409999989, 34.736656584 ], [ 135.306196871999987, 34.735954463 ], [ 135.30544525799999, 34.735712278 ], [ 135.305310891, 34.735665626 ], [ 135.305034868, 34.735577996 ], [ 135.305251379, 34.735140115 ], [ 135.305510199999986, 34.734615248 ], [ 135.305422851, 34.734588744 ], [ 135.305174528, 34.734524588 ], [ 135.304802536000011, 34.734443351 ], [ 135.303911504000013, 34.734254166 ], [ 135.30346340700001, 34.734156872 ], [ 135.302421143, 34.733937242 ], [ 135.302328377, 34.733917694 ], [ 135.302322643, 34.733916485 ], [ 135.302409395000012, 34.733655669 ], [ 135.302470914, 34.733516156 ], [ 135.30263111, 34.733208384 ], [ 135.304197299, 34.733610572 ], [ 135.30496391599999, 34.733802776 ], [ 135.30549471099999, 34.732546558 ], [ 135.304908731000012, 34.732426929 ], [ 135.304479359999988, 34.732343909 ], [ 135.304453962999986, 34.732338999 ], [ 135.304099939, 34.732266416 ], [ 135.303342859999987, 34.73211147 ], [ 135.303081392, 34.732042731 ], [ 135.30278482, 34.731973024 ], [ 135.302452112, 34.731893282 ], [ 135.302451959, 34.731893675 ], [ 135.302155196, 34.732662281 ], [ 135.301922464, 34.733304172 ], [ 135.301838065, 34.733557253 ], [ 135.301660551999987, 34.734252792 ], [ 135.30165005399999, 34.734288934 ], [ 135.30119031800001, 34.734193429 ], [ 135.30134968499999, 34.733419296 ], [ 135.301333835, 34.733338867 ], [ 135.30142353, 34.733066546 ], [ 135.301461870999987, 34.733077087 ], [ 135.301523804999988, 34.733142796 ], [ 135.301751977, 34.73321473 ], [ 135.301913794, 34.732776219 ], [ 135.301663259, 34.732738327 ], [ 135.301258764000011, 34.732670289 ], [ 135.301309239, 34.732533052 ], [ 135.301561862, 34.7325596 ], [ 135.301666399999988, 34.732101852 ], [ 135.301789329, 34.731728615 ], [ 135.30161123100001, 34.731682979 ], [ 135.30138770799999, 34.731617793 ], [ 135.300355164, 34.731285859 ], [ 135.299646888000012, 34.731059582 ], [ 135.297644819999988, 34.730416423 ], [ 135.297462217, 34.730357949 ], [ 135.296693022999989, 34.730111994 ], [ 135.29577596499999, 34.729817164 ], [ 135.29532937, 34.729673023 ], [ 135.295329219, 34.729672975 ], [ 135.295312633, 34.729705632 ], [ 135.295288851, 34.72977343 ], [ 135.295254516, 34.729872862 ], [ 135.295159207000012, 34.730081494 ], [ 135.295458983, 34.730189105 ], [ 135.29559339799999, 34.730170285 ], [ 135.295979762, 34.730268286 ], [ 135.29597991899999, 34.730281807 ], [ 135.29629405599999, 34.730347115 ], [ 135.295874555000012, 34.731383445 ], [ 135.295504287, 34.731293924 ], [ 135.2950247, 34.731172782 ], [ 135.29465126299999, 34.731070789 ], [ 135.294449952, 34.731576228 ], [ 135.294404723000014, 34.731678 ], [ 135.29440474899999, 34.731680254 ], [ 135.294271452, 34.731993935 ], [ 135.294234671999988, 34.732080496 ], [ 135.294213434999989, 34.732132498 ], [ 135.29409508, 34.732284427 ], [ 135.29396997, 34.732560362 ], [ 135.293852944, 34.732827218 ], [ 135.29379989, 34.732960603 ], [ 135.2937786, 34.733008098 ], [ 135.293744392, 34.733118798 ], [ 135.29372066, 34.733191102 ], [ 135.293629337999988, 34.733320281 ], [ 135.293588889, 34.73336342 ], [ 135.293556472, 34.733392973 ], [ 135.293507702999989, 34.733424909 ], [ 135.29345883, 34.733447831 ], [ 135.29340455, 34.733475303 ], [ 135.293380114, 34.733486764 ], [ 135.293344889, 34.733509579 ], [ 135.29330696, 34.733534668 ], [ 135.293290791, 34.733552825 ], [ 135.293266589000012, 34.733584567 ], [ 135.29322364399999, 34.733648008 ], [ 135.293189358, 34.733691359 ], [ 135.293189504, 34.733691517 ], [ 135.29335640799999, 34.73387134 ], [ 135.293513123, 34.734066982 ], [ 135.293653543, 34.73419552 ], [ 135.293772213000011, 34.734249291 ], [ 135.29381177, 34.734358858 ], [ 135.293849247999987, 34.734541491 ], [ 135.293876403000013, 34.734583614 ], [ 135.29395250799999, 34.734656151 ], [ 135.294036818, 34.734724505 ], [ 135.294038072, 34.734725475 ], [ 135.29411937, 34.734788363 ], [ 135.294328143, 34.734924986 ], [ 135.294589887, 34.735099673 ], [ 135.29467186, 34.735152139 ], [ 135.295111846999987, 34.735292013 ], [ 135.295140823, 34.73536109 ], [ 135.29500443, 34.735534906 ], [ 135.29494861, 34.735591224 ], [ 135.294774114, 34.735666825 ], [ 135.294556596, 34.735938324 ], [ 135.29491246, 34.736154293 ], [ 135.294999022000013, 34.736224176 ], [ 135.29586394, 34.736601379 ], [ 135.296105970000013, 34.736708252 ], [ 135.296303560000013, 34.736798003 ], [ 135.29632872799999, 34.736810136 ], [ 135.29700191399999, 34.73681968 ], [ 135.29724167, 34.736906583 ], [ 135.297708992999986, 34.737117212 ], [ 135.297820185, 34.737329705 ], [ 135.297960542, 34.737434663 ], [ 135.297972761000011, 34.737483828 ], [ 135.297992314, 34.73753774 ], [ 135.298038297, 34.737610668 ], [ 135.298116850000014, 34.737730195 ], [ 135.298174956, 34.737814202 ], [ 135.298252647999988, 34.737921761 ], [ 135.298478069999987, 34.738179919 ], [ 135.298570826, 34.738284316 ], [ 135.29881859599999, 34.738365754 ], [ 135.298948954, 34.738403017 ], [ 135.29901192299999, 34.738418293 ], [ 135.299249997, 34.738448699 ], [ 135.299363516, 34.738439578 ], [ 135.299476094999989, 34.738423627 ], [ 135.299546875, 34.738407294 ], [ 135.299590447000014, 34.738397934 ], [ 135.299696579999988, 34.738367789 ], [ 135.299790274, 34.738357199 ], [ 135.299862899, 34.738350698 ], [ 135.29998301, 34.738349743 ], [ 135.30003760299999, 34.73834931 ], [ 135.300092304, 34.73835789 ], [ 135.30020191599999, 34.738393077 ], [ 135.300300609, 34.738428351 ], [ 135.300421140999987, 34.738463451 ], [ 135.30046492299999, 34.738472119 ], [ 135.300705669, 34.738515278 ], [ 135.300895846, 34.738550623 ], [ 135.301095771, 34.738589884 ], [ 135.301439146, 34.738671707 ], [ 135.30189922400001, 34.738794251 ], [ 135.302335511, 34.738929736 ], [ 135.302423870000013, 34.738990731 ], [ 135.302505059, 34.739043542 ], [ 135.302754306999987, 34.73913131 ], [ 135.30289278399999, 34.739043843 ], [ 135.303023599999989, 34.738827733 ], [ 135.3031301, 34.738637219 ], [ 135.30298861, 34.738569226 ], [ 135.303101160000011, 34.738442703 ], [ 135.303151746999987, 34.73838303 ], [ 135.303215064999989, 34.738324026 ], [ 135.303252192, 34.73820103 ], [ 135.30336529600001, 34.738097465 ], [ 135.303839900000014, 34.738391788 ], [ 135.30510469, 34.739168283 ], [ 135.305080421000014, 34.739209328 ], [ 135.305049644, 34.739255922 ], [ 135.305038935999988, 34.739274036 ], [ 135.305028442, 34.739310179 ], [ 135.30502523199999, 34.739345537 ], [ 135.305027123, 34.739382769 ], [ 135.305040733, 34.73942727 ], [ 135.305082832000011, 34.73953972 ], [ 135.305115846, 34.739623561 ], [ 135.305131149, 34.739687118 ], [ 135.30514549, 34.739778736 ], [ 135.305150575, 34.739839971 ], [ 135.305361134, 34.739916388 ], [ 135.305450164, 34.739934902 ], [ 135.305569797, 34.739955573 ], [ 135.305669579000011, 34.739972136 ], [ 135.30578793699999, 34.739994037 ], [ 135.30586104, 34.740019886 ], [ 135.30595443199999, 34.740050991 ], [ 135.30598544899999, 34.740075363 ], [ 135.3060032, 34.740099251 ], [ 135.306025405000014, 34.740130313 ], [ 135.306041856, 34.740167428 ], [ 135.306059831999988, 34.740210538 ], [ 135.306061725, 34.740247768 ], [ 135.306040634, 34.740311617 ], [ 135.30602073099999, 34.740352626 ], [ 135.30599780099999, 34.740384049 ], [ 135.30590405800001, 34.740460491 ], [ 135.305812946, 34.740527729 ], [ 135.305788689, 34.740558405 ], [ 135.30571329899999, 34.740723315 ], [ 135.305583353, 34.741000486 ], [ 135.305545773, 34.741095356 ], [ 135.305530447, 34.741145142 ], [ 135.305541578, 34.741163082 ], [ 135.30557444199999, 34.741171834 ], [ 135.30565034899999, 34.741126155 ], [ 135.305825476, 34.740983787 ], [ 135.30589667000001, 34.740971203 ], [ 135.305950637, 34.740979182 ], [ 135.306326614999989, 34.741057647 ], [ 135.306534191999987, 34.741065002 ], [ 135.30669533, 34.741065767 ], [ 135.30691700599999, 34.741116027 ], [ 135.30703178499999, 34.740827583 ], [ 135.30708137100001, 34.740580251 ], [ 135.307123366000013, 34.74041397 ], [ 135.307185835000013, 34.740217018 ], [ 135.307441719, 34.739645973 ], [ 135.307765745000012, 34.739788107 ], [ 135.307841247, 34.739846589 ], [ 135.307907715999988, 34.739927188 ], [ 135.308000343, 34.74005176 ], [ 135.308084863, 34.740133104 ], [ 135.308183985, 34.740204426 ], [ 135.308954489, 34.740721097 ], [ 135.30929049400001, 34.740522768 ], [ 135.30965936699999, 34.740300772 ], [ 135.309968188999989, 34.740559718 ], [ 135.31005677600001, 34.740646178 ], [ 135.310197936, 34.740787296 ], [ 135.310310644999987, 34.740904473 ], [ 135.310532094, 34.741150154 ], [ 135.310387795, 34.741231148 ], [ 135.31001936199999, 34.741650692 ], [ 135.309901064, 34.741709218 ], [ 135.30947025099999, 34.742058135 ], [ 135.309181416, 34.742094319 ], [ 135.308665932, 34.742146926 ], [ 135.30851818, 34.742160116 ], [ 135.30843890599999, 34.742151736 ], [ 135.308403338, 34.74214526 ], [ 135.30833039800001, 34.7422112 ], [ 135.30830591899999, 34.742311318 ], [ 135.308397353, 34.742410499 ], [ 135.308516903999987, 34.742633077 ], [ 135.308417703, 34.742745638 ], [ 135.308065946999989, 34.742839901 ], [ 135.308015463, 34.742733617 ], [ 135.307969676999988, 34.7426781 ], [ 135.307928796, 34.742649417 ], [ 135.307883003, 34.742634764 ], [ 135.307800871000012, 34.742628647 ], [ 135.307704480000012, 34.742631113 ], [ 135.30762834, 34.742644803 ], [ 135.307552998, 34.742659419 ], [ 135.30732831899999, 34.74266324 ], [ 135.30702805199999, 34.742676062 ], [ 135.306753456, 34.742706455 ], [ 135.306622411, 34.742727824 ], [ 135.306501641000011, 34.742750804 ], [ 135.306389195, 34.742783878 ], [ 135.306261447999987, 34.742835664 ], [ 135.306121999, 34.742916409 ], [ 135.306101762999987, 34.742940278 ], [ 135.306082301, 34.743030186 ], [ 135.305847476, 34.743035668 ], [ 135.305774879000012, 34.743056349 ], [ 135.30571385499999, 34.743100867 ], [ 135.305679499, 34.743145171 ], [ 135.30566378099999, 34.743204566 ], [ 135.305664256999989, 34.743245205 ], [ 135.305702749, 34.74337868 ], [ 135.305532548, 34.743418995 ], [ 135.3044104, 34.743739535 ], [ 135.30517455399999, 34.745049248 ], [ 135.303217894999989, 34.745798108 ], [ 135.302377167, 34.744798784 ], [ 135.30235448900001, 34.744814693 ], [ 135.302267945000011, 34.744885245 ], [ 135.302224738, 34.744926155 ], [ 135.30214105499999, 34.745007952 ], [ 135.302070969, 34.745085134 ], [ 135.30202792, 34.745139565 ], [ 135.301925915, 34.745289118 ], [ 135.301762013, 34.745515788 ], [ 135.30159831899999, 34.745760345 ], [ 135.301563466, 34.745807949 ], [ 135.301539236999986, 34.745837439 ], [ 135.30151493, 34.745860169 ], [ 135.301476998, 34.745885261 ], [ 135.30143092899999, 34.745914925 ], [ 135.301362993, 34.745942509 ], [ 135.30127051299999, 34.745972542 ], [ 135.301205176, 34.745988837 ], [ 135.301139760000012, 34.745998371 ], [ 135.301063292, 34.745996725 ], [ 135.301014073, 34.745990355 ], [ 135.30095380099999, 34.745972805 ], [ 135.30089067, 34.745944149 ], [ 135.300827406, 34.745904086 ], [ 135.300753143, 34.745857349 ], [ 135.30071171899999, 34.745817112 ], [ 135.300684875, 34.745782077 ], [ 135.30058704699999, 34.745773115 ], [ 135.30047873, 34.74577417 ], [ 135.30004973199999, 34.745837516 ], [ 135.299979701000012, 34.745873149 ], [ 135.299931133, 34.745909004 ], [ 135.29977845799999, 34.746044514 ], [ 135.2994698, 34.746344625 ], [ 135.299443306, 34.746386008 ], [ 135.299401466, 34.746778202 ], [ 135.299399282, 34.746799266 ], [ 135.299350358, 34.746797056 ], [ 135.299321638, 34.746802649 ], [ 135.299305006, 34.746809679 ], [ 135.299287781, 34.746820196 ], [ 135.299260842, 34.746844519 ], [ 135.299238925999987, 34.746876115 ], [ 135.299196927, 34.746945192 ], [ 135.299174975999989, 34.746966296 ], [ 135.29915560399999, 34.746977179 ], [ 135.29899215099999, 34.747054352 ], [ 135.298952504999988, 34.747078425 ], [ 135.298929496999989, 34.747096236 ], [ 135.29890566, 34.747122485 ], [ 135.298873807, 34.74717792 ], [ 135.298852891, 34.747215641 ], [ 135.298820831, 34.74725345 ], [ 135.298755723, 34.747357586 ], [ 135.298742428, 34.747378233 ], [ 135.298680494, 34.747456226 ], [ 135.29864814199999, 34.747494712 ], [ 135.29861512, 34.747529462 ], [ 135.29856417799999, 34.747578962 ], [ 135.298385536000012, 34.747748948 ], [ 135.298273123, 34.747663999 ], [ 135.298137824, 34.747757555 ], [ 135.298127427999987, 34.74780271 ], [ 135.29816144899999, 34.747910614 ], [ 135.298273217, 34.748092932 ], [ 135.298617906, 34.748655197 ], [ 135.29828168099999, 34.748856183 ], [ 135.298536109999986, 34.749133614 ], [ 135.298593339, 34.749358523 ], [ 135.299297829000011, 34.749830702 ], [ 135.299931949000012, 34.749824161 ], [ 135.299951351, 34.749746922 ], [ 135.299957328, 34.749700481 ], [ 135.30014152699999, 34.748892843 ], [ 135.300159278, 34.748680425 ], [ 135.30009628, 34.748105309 ], [ 135.300083594, 34.747989509 ], [ 135.300075284, 34.747947609 ], [ 135.300055281, 34.74790903 ], [ 135.299987859, 34.747828862 ], [ 135.299899619, 34.747752087 ], [ 135.299823374999988, 34.747697813 ], [ 135.299722427, 34.747649116 ], [ 135.299557176, 34.747564343 ], [ 135.299501397, 34.747527582 ], [ 135.299541997, 34.747520359 ], [ 135.299727045999987, 34.747530339 ], [ 135.30010044299999, 34.747475477 ], [ 135.300319503, 34.747508083 ], [ 135.300913548000011, 34.747739973 ], [ 135.30143263799999, 34.747991151 ], [ 135.30268307599999, 34.748370069 ], [ 135.303664317, 34.74868259 ], [ 135.304134715, 34.748856673 ], [ 135.30444226099999, 34.748982066 ], [ 135.305123060999989, 34.749258381 ], [ 135.305123296, 34.749258657 ], [ 135.30546394699999, 34.749391411 ], [ 135.30562930100001, 34.749455725 ], [ 135.305672492000014, 34.749472175 ], [ 135.30570036, 34.749483022 ], [ 135.305825295, 34.749531633 ], [ 135.305594402, 34.749910135 ], [ 135.305438087, 34.75038055 ], [ 135.30529740899999, 34.750662543 ], [ 135.304988965, 34.750697061 ], [ 135.304705942, 34.750692837 ], [ 135.30434011700001, 34.750842297 ], [ 135.304579071, 34.751150649 ], [ 135.304910505, 34.751578472 ], [ 135.304659691000012, 34.751678165 ], [ 135.304219786, 34.752016738 ], [ 135.304289039999986, 34.752048242 ], [ 135.30493506, 34.752367228 ], [ 135.30477547800001, 34.75255935 ], [ 135.305654342999986, 34.752598276 ], [ 135.306138632, 34.752949337 ], [ 135.30633976499999, 34.753335355 ], [ 135.306183866, 34.753525701 ], [ 135.306315781, 34.753623403 ], [ 135.306412679, 34.753693986 ], [ 135.30632308, 34.7537674 ], [ 135.30627675, 34.753807793 ], [ 135.30700187299999, 34.75442051 ], [ 135.30709144299999, 34.754413497 ], [ 135.30719275199999, 34.75443158 ], [ 135.30727713600001, 34.754470262 ], [ 135.307402711, 34.754561845 ] ], [ [ 135.297925539, 34.735382132 ], [ 135.298028584, 34.735068805 ], [ 135.299159413000012, 34.735638597 ], [ 135.299640949, 34.735879199 ], [ 135.29985902300001, 34.735695678 ], [ 135.300090084, 34.735836166 ], [ 135.300271073, 34.735895485 ], [ 135.300626196, 34.73598125 ], [ 135.300881013, 34.734923542 ], [ 135.300904030999988, 34.73492589 ], [ 135.301068023, 34.734942615 ], [ 135.301286921000013, 34.734985947 ], [ 135.301036020999987, 34.735943492 ], [ 135.300930932999989, 34.736295898 ], [ 135.30080337699999, 34.736594395 ], [ 135.300591931000014, 34.736513326 ], [ 135.30051347599999, 34.73671181 ], [ 135.300368273, 34.737136037 ], [ 135.30034080199999, 34.737193033 ], [ 135.299066027, 34.736575856 ], [ 135.2989955, 34.736495792 ], [ 135.298854068999987, 34.736384534 ], [ 135.29881969600001, 34.73635506 ], [ 135.298813306, 34.736322057 ], [ 135.29884035, 34.736237558 ], [ 135.29845167, 34.736039017 ], [ 135.29851097299999, 34.735974095 ], [ 135.298239032999987, 34.73581506 ], [ 135.297826504999989, 34.735645685 ], [ 135.297925539, 34.735382132 ] ] ] } },
{ "type": "Feature", "properties": { "A29_001": "28206", "A29_002": "兵庫県", "A29_003": "芦屋市", "A29_004": 3, "A29_005": "第一種中高層住居専用地域", "A29_006": 60, "A29_007": 200, "A29_008": null }, "geometry": { "type": "Polygon", "coordinates": [ [ [ 135.31855108900001, 34.730863403 ], [ 135.31924701299999, 34.731044162 ], [ 135.319958283, 34.731203166 ], [ 135.320461913, 34.731316274 ], [ 135.32106413, 34.731455624 ], [ 135.321407776, 34.731537328 ], [ 135.32197324, 34.73169164 ], [ 135.322121662, 34.731731592 ], [ 135.32254957699999, 34.731865818 ], [ 135.322664464000013, 34.731510246 ], [ 135.32264021099999, 34.731307613 ], [ 135.32273876, 34.731101729 ], [ 135.322893082, 34.730994553 ], [ 135.322946624999986, 34.730906225 ], [ 135.32328117599999, 34.730804345 ], [ 135.32354102, 34.730847306 ], [ 135.32355413, 34.730802126 ], [ 135.323569338999988, 34.730475221 ], [ 135.323572098, 34.730019958 ], [ 135.323582843, 34.729776475 ], [ 135.32358158, 34.729670563 ], [ 135.32360410199999, 34.729499102 ], [ 135.323642518000014, 34.729286945 ], [ 135.323650195999988, 34.729244063 ], [ 135.323673229, 34.729115416 ], [ 135.323693639999988, 34.728995806 ], [ 135.323730079, 34.728846768 ], [ 135.32376697399999, 34.728736038 ], [ 135.32381221899999, 34.728638763 ], [ 135.323870491, 34.728498562 ], [ 135.323931628, 34.728360591 ], [ 135.323974009000011, 34.72825207 ], [ 135.324032229000011, 34.728098348 ], [ 135.324048148, 34.728059906 ], [ 135.324124371000011, 34.727813636 ], [ 135.324158401, 34.727691661 ], [ 135.324174051999989, 34.727630685 ], [ 135.32423098000001, 34.727368797 ], [ 135.324277419999987, 34.727143052 ], [ 135.324318831, 34.726953408 ], [ 135.324344376999989, 34.726806711 ], [ 135.324370326, 34.726693817 ], [ 135.324375247, 34.726648704 ], [ 135.324372463, 34.726561169 ], [ 135.324062758, 34.72653632 ], [ 135.323417869999986, 34.726478463 ], [ 135.323341340000013, 34.726470072 ], [ 135.322487298999988, 34.726391149 ], [ 135.32240389099999, 34.726376297 ], [ 135.32239348600001, 34.726442882 ], [ 135.322369235, 34.726440309 ], [ 135.322239692000011, 34.72641977 ], [ 135.322090234, 34.726392346 ], [ 135.32169064499999, 34.726303189 ], [ 135.321403271, 34.72624469 ], [ 135.320697561, 34.726084053 ], [ 135.320516828, 34.726033809 ], [ 135.320439152, 34.726007936 ], [ 135.320283487000012, 34.725956269 ], [ 135.319866396, 34.725763428 ], [ 135.319732929999986, 34.725699772 ], [ 135.319688137000014, 34.725825072 ], [ 135.319413653999987, 34.726560311 ], [ 135.31916009599999, 34.727239408 ], [ 135.31901191899999, 34.727638812 ], [ 135.318875819, 34.728000433 ], [ 135.318827336, 34.728114743 ], [ 135.31857194, 34.728591597 ], [ 135.317995453, 34.729689187 ], [ 135.31774768, 34.730162597 ], [ 135.318730374000012, 34.730528202 ], [ 135.31855108900001, 34.730863403 ] ], [ [ 135.32134191599999, 34.729109575 ], [ 135.32232775, 34.729386533 ], [ 135.32171553399999, 34.730498906 ], [ 135.32078182, 34.730143463 ], [ 135.32134191599999, 34.729109575 ] ] ] } },
{ "type": "Feature", "properties": { "A29_001": "28206", "A29_002": "兵庫県", "A29_003": "芦屋市", "A29_004": 3, "A29_005": "第一種中高層住居専用地域", "A29_006": 50, "A29_007": 100, "A29_008": null }, "geometry": { "type": "Polygon", "coordinates": [ [ [ 135.319956654, 34.723721024 ], [ 135.32089477, 34.723834526 ], [ 135.3209377, 34.723846319 ], [ 135.320972633999986, 34.723860383 ], [ 135.321013099, 34.723889854 ], [ 135.321042882, 34.723920515 ], [ 135.32106063099999, 34.723951274 ], [ 135.32107342, 34.723982411 ], [ 135.32109014, 34.724071335 ], [ 135.32112213100001, 34.724405706 ], [ 135.321438516, 34.72438511 ], [ 135.32175490099999, 34.724364513 ], [ 135.321951195999986, 34.72434489 ], [ 135.322060154000013, 34.724325976 ], [ 135.322177941, 34.724292362 ], [ 135.322323856999986, 34.724240894 ], [ 135.322449569000014, 34.724184676 ], [ 135.322539666000011, 34.724137065 ], [ 135.322629656, 34.72408038 ], [ 135.32273547599999, 34.72400731 ], [ 135.322857846, 34.723901214 ], [ 135.322951872, 34.723799129 ], [ 135.323043829, 34.723677023 ], [ 135.32310669, 34.723572544 ], [ 135.323145137000012, 34.72349435 ], [ 135.323176249, 34.72341546 ], [ 135.323206467, 34.723307952 ], [ 135.323371408000014, 34.722584506 ], [ 135.322441744, 34.722447825 ], [ 135.322367399, 34.722434456 ], [ 135.322299394, 34.722412922 ], [ 135.32224499, 34.722390282 ], [ 135.322189580000014, 34.722359725 ], [ 135.32212979900001, 34.722325519 ], [ 135.322068527, 34.722279576 ], [ 135.322021678999988, 34.722227849 ], [ 135.321968879, 34.722163194 ], [ 135.321930552999987, 34.72209514 ], [ 135.321912790999988, 34.722037444 ], [ 135.321900478, 34.721920353 ], [ 135.321935414, 34.720270383 ], [ 135.32192299499999, 34.720144278 ], [ 135.321899766, 34.720027276 ], [ 135.321855133000014, 34.719946506 ], [ 135.321806971, 34.719881136 ], [ 135.32174446499999, 34.719821198 ], [ 135.32168053, 34.719775755 ], [ 135.321601584, 34.719741224 ], [ 135.321480965, 34.719697129 ], [ 135.3187768, 34.719149326 ], [ 135.31814389199999, 34.721334657 ], [ 135.318203399999987, 34.721346325 ], [ 135.31907899399999, 34.721528549 ], [ 135.319144816, 34.72155506 ], [ 135.319221770000013, 34.721599511 ], [ 135.31928812699999, 34.721671091 ], [ 135.319365938, 34.721787652 ], [ 135.319991321, 34.72296351 ], [ 135.320025249999986, 34.723062396 ], [ 135.320037453, 34.723170474 ], [ 135.320027501, 34.723251686 ], [ 135.31995966, 34.72370128 ], [ 135.319956654, 34.723721024 ] ], [ [ 135.3212049, 34.723941435 ], [ 135.321196410999988, 34.723793457 ], [ 135.321186157, 34.723738101 ], [ 135.321173445, 34.723706524 ], [ 135.321078973, 34.723531632 ], [ 135.320916512, 34.723231398 ], [ 135.320700843, 34.722840059 ], [ 135.32044872099999, 34.722387273 ], [ 135.32020183899999, 34.721937023 ], [ 135.319918306, 34.721413576 ], [ 135.319808755999986, 34.721213728 ], [ 135.320077102, 34.72027613 ], [ 135.321121876, 34.720479526 ], [ 135.32118655299999, 34.720524999 ], [ 135.32123507, 34.720570428 ], [ 135.32120046899999, 34.720600125 ], [ 135.321173528, 34.720626185 ], [ 135.321157148, 34.720645733 ], [ 135.32114841399999, 34.720660513 ], [ 135.321132987999988, 34.720688923 ], [ 135.32112192, 34.720718704 ], [ 135.32111390599999, 34.720766289 ], [ 135.321091195, 34.722058351 ], [ 135.321097173999988, 34.722115196 ], [ 135.321110987, 34.72216213 ], [ 135.321358073999988, 34.722636672 ], [ 135.321908828, 34.723681589 ], [ 135.3212049, 34.723941435 ] ] ] } },
{ "type": "Feature", "properties": { "A29_001": "28206", "A29_002": "兵庫県", "A29_003": "芦屋市", "A29_004": 3, "A29_005": "第一種中高層住居専用地域", "A29_006": 60, "A29_007": 200, "A29_008": null }, "geometry": { "type": "Polygon", "coordinates": [ [ [ 135.316945933999989, 34.729875726 ], [ 135.317170041, 34.729449951 ], [ 135.317454322, 34.728905842 ], [ 135.317482793000011, 34.72885121 ], [ 135.31777313399999, 34.728299452 ], [ 135.318024632, 34.727814168 ], [ 135.318069049, 34.727711747 ], [ 135.31833311599999, 34.727009395 ], [ 135.31886668199999, 34.725575027 ], [ 135.31895835200001, 34.725328587 ], [ 135.31911142300001, 34.725403257 ], [ 135.319341220000013, 34.725511323 ], [ 135.319441411000014, 34.725286605 ], [ 135.31947743, 34.725217109 ], [ 135.319519719999988, 34.725147162 ], [ 135.319567353999986, 34.725078371 ], [ 135.319618901000013, 34.72501275 ], [ 135.31966812600001, 34.724955547 ], [ 135.319731784, 34.724889828 ], [ 135.319784491, 34.724840198 ], [ 135.319861291, 34.724779572 ], [ 135.319957523999989, 34.724712631 ], [ 135.32003340899999, 34.724666943 ], [ 135.320168749, 34.72459947 ], [ 135.320326567, 34.724529347 ], [ 135.3205006, 34.724473848 ], [ 135.320627452999986, 34.724445563 ], [ 135.320777392, 34.724428067 ], [ 135.32095848, 34.724416048 ], [ 135.32112213100001, 34.724405706 ], [ 135.32109014, 34.724071335 ], [ 135.32107342, 34.723982411 ], [ 135.32106063099999, 34.723951274 ], [ 135.321042882, 34.723920515 ], [ 135.321013099, 34.723889854 ], [ 135.320972633999986, 34.723860383 ], [ 135.3209377, 34.723846319 ], [ 135.32089477, 34.723834526 ], [ 135.319956654, 34.723721024 ], [ 135.31995966, 34.72370128 ], [ 135.320027501, 34.723251686 ], [ 135.320037453, 34.723170474 ], [ 135.320025249999986, 34.723062396 ], [ 135.319991321, 34.72296351 ], [ 135.319365938, 34.721787652 ], [ 135.31928812699999, 34.721671091 ], [ 135.319221770000013, 34.721599511 ], [ 135.319144816, 34.72155506 ], [ 135.31907899399999, 34.721528549 ], [ 135.318203399999987, 34.721346325 ], [ 135.317589000999988, 34.723416782 ], [ 135.31758399899999, 34.723433724 ], [ 135.316870696, 34.723292163 ], [ 135.31695616799999, 34.722970034 ], [ 135.31464712799999, 34.722519899 ], [ 135.314489341000012, 34.723025993 ], [ 135.31441733299999, 34.723256819 ], [ 135.314274149999989, 34.723187745 ], [ 135.313891912, 34.723008912 ], [ 135.31354008400001, 34.723727802 ], [ 135.313219672, 34.724388363 ], [ 135.31290488, 34.725036365 ], [ 135.312634921000011, 34.725594157 ], [ 135.312387414, 34.7261048 ], [ 135.311934235, 34.727045447 ], [ 135.311578043999987, 34.727777803 ], [ 135.311883069, 34.727923906 ], [ 135.31209167599999, 34.728021391 ], [ 135.312805478, 34.728367223 ], [ 135.313036028, 34.728473544 ], [ 135.31320075299999, 34.728553351 ], [ 135.313530205, 34.728712961 ], [ 135.314474574, 34.729165102 ], [ 135.31548489, 34.72965276 ], [ 135.31673669700001, 34.730246635 ], [ 135.316740227999986, 34.730248311 ], [ 135.316780303, 34.730193776 ], [ 135.316797068, 34.73015855 ], [ 135.316945933999989, 34.729875726 ] ] ] } },
{ "type": "Feature", "properties": { "A29_001": "28206", "A29_002": "兵庫県", "A29_003": "芦屋市", "A29_004": 3, "A29_005": "第一種中高層住居専用地域", "A29_006": 60, "A29_007": 200, "A29_008": null }, "geometry": { "type": "Polygon", "coordinates": [ [ [ 135.310800018, 34.72744306 ], [ 135.31109250099999, 34.726841488 ], [ 135.31133697199999, 34.726342145 ], [ 135.311580571, 34.725833419 ], [ 135.311825903999988, 34.72532644 ], [ 135.312052676, 34.7248503 ], [ 135.31241391399999, 34.724112006 ], [ 135.312851418, 34.723208353 ], [ 135.31314652899999, 34.722633781 ], [ 135.310295359, 34.721142394 ], [ 135.310121872, 34.721054471 ], [ 135.310131503, 34.721041736 ], [ 135.310529269999989, 34.720515693 ], [ 135.31073382400001, 34.720270654 ], [ 135.31077950299999, 34.720226581 ], [ 135.310838224, 34.72018249 ], [ 135.31089407799999, 34.720149759 ], [ 135.310939649, 34.720133781 ], [ 135.31100485499999, 34.720113567 ], [ 135.311086913, 34.720096525 ], [ 135.311195148, 34.720088023 ], [ 135.311295586, 34.720090488 ], [ 135.311427986000012, 34.720114507 ], [ 135.31217485, 34.720309914 ], [ 135.312273822, 34.720321388 ], [ 135.312404824, 34.720320335 ], [ 135.312524696, 34.720301341 ], [ 135.312644354000014, 34.72026432 ], [ 135.312752882000012, 34.72020936 ], [ 135.312805340000011, 34.720170911 ], [ 135.312842651000011, 34.720137179 ], [ 135.312913903, 34.720053454 ], [ 135.312957184, 34.719991728 ], [ 135.312989183000013, 34.71992829 ], [ 135.31311585899999, 34.719512305 ], [ 135.312277740000013, 34.719341676 ], [ 135.312125839, 34.719774571 ], [ 135.308940701000012, 34.718820624 ], [ 135.30877773099999, 34.719186545 ], [ 135.30835027399999, 34.720162768 ], [ 135.30824710600001, 34.720270104 ], [ 135.30814941, 34.720483368 ], [ 135.308144053, 34.720519188 ], [ 135.30781777199999, 34.721146705 ], [ 135.30770343399999, 34.721373016 ], [ 135.307589782, 34.721657757 ], [ 135.307563320000014, 34.721741448 ], [ 135.307521517999987, 34.721871773 ], [ 135.307506485, 34.72194464 ], [ 135.307473921, 34.722123786 ], [ 135.307475471, 34.722378983 ], [ 135.307461574, 34.722425605 ], [ 135.30745385899999, 34.722506761 ], [ 135.307442484, 34.72264519 ], [ 135.30743941, 34.722752546 ], [ 135.307336185999986, 34.723064633 ], [ 135.307216417, 34.7233208 ], [ 135.307180786, 34.723361632 ], [ 135.307014544, 34.72371954 ], [ 135.306738345000014, 34.724308492 ], [ 135.306626861000012, 34.724532393 ], [ 135.30649127, 34.724794649 ], [ 135.30651357799999, 34.724849329 ], [ 135.30649690300001, 34.724905513 ], [ 135.30644133199999, 34.725099105 ], [ 135.30637201, 34.725346521 ], [ 135.306343674, 34.725446891 ], [ 135.306214511, 34.725913992 ], [ 135.306652901, 34.726054722 ], [ 135.307003635, 34.726169108 ], [ 135.307058434, 34.726186699 ], [ 135.307485909, 34.726327513 ], [ 135.30755162599999, 34.726345016 ], [ 135.308362804000012, 34.726617976 ], [ 135.309130106, 34.726873253 ], [ 135.309173988, 34.72689093 ], [ 135.309919353999987, 34.727137364 ], [ 135.310215297000013, 34.727234152 ], [ 135.31063787799999, 34.727383887 ], [ 135.310800018, 34.72744306 ] ] ] } },
{ "type": "Feature", "properties": { "A29_001": "28206", "A29_002": "兵庫県", "A29_003": "芦屋市", "A29_004": 8, "A29_005": "近隣商業地域", "A29_006": 80, "A29_007": 200, "A29_008": null }, "geometry": { "type": "Polygon", "coordinates": [ [ [ 135.31561858399999, 34.720653901 ], [ 135.316581516000014, 34.720836579 ], [ 135.317020465000013, 34.719333029 ], [ 135.316108506, 34.71916122 ], [ 135.316284644, 34.718579386 ], [ 135.317808073, 34.718878805 ], [ 135.318385422, 34.718993095 ], [ 135.318700008, 34.719054554 ], [ 135.318887308, 34.718407722 ], [ 135.318488935, 34.718328971 ], [ 135.31839996299999, 34.718635556 ], [ 135.316305265000011, 34.71822721 ], [ 135.31590538099999, 34.71815336 ], [ 135.315898602, 34.718176812 ], [ 135.315813077, 34.718490843 ], [ 135.31571693, 34.718815242 ], [ 135.315423525, 34.719854307 ], [ 135.31521372099999, 34.720577175 ], [ 135.31561858399999, 34.720653901 ] ] ] } },
{ "type": "Feature", "properties": { "A29_001": "28206", "A29_002": "兵庫県", "A29_003": "芦屋市", "A29_004": 1, "A29_005": "第一種低層住居専用地域", "A29_006": 40, "A29_007": 80, "A29_008": null }, "geometry": { "type": "Polygon", "coordinates": [ [ [ 135.31478794099999, 34.712430016 ], [ 135.315284407, 34.71240991 ], [ 135.315517410000012, 34.712403944 ], [ 135.31518832399999, 34.711313087 ], [ 135.315179591, 34.711284141 ], [ 135.315084332999987, 34.710977669 ], [ 135.316157175, 34.710643189 ], [ 135.316326061000012, 34.710588422 ], [ 135.316672215000011, 34.710478796 ], [ 135.316509902, 34.710231296 ], [ 135.31627061099999, 34.710305345 ], [ 135.315859163999988, 34.70966861 ], [ 135.31604527499999, 34.709590471 ], [ 135.31609754499999, 34.709566682 ], [ 135.316120285000011, 34.709543645 ], [ 135.316137011, 34.709511926 ], [ 135.316145637, 34.70947873 ], [ 135.31614202599999, 34.709462583 ], [ 135.316133106, 34.709418231 ], [ 135.315725563, 34.708783846 ], [ 135.315243942, 34.708037989 ], [ 135.315578856, 34.707891985 ], [ 135.31647397899999, 34.707495401 ], [ 135.316540694, 34.707465843 ], [ 135.316618534000014, 34.707438689 ], [ 135.316787858, 34.70737962 ], [ 135.317079213, 34.707293041 ], [ 135.317368934, 34.707223219 ], [ 135.317394127, 34.707305014 ], [ 135.317438051000011, 34.707447615 ], [ 135.317571703, 34.707646482 ], [ 135.317336955, 34.707736602 ], [ 135.31741719499999, 34.707739664 ], [ 135.317488035, 34.707761875 ], [ 135.317547512, 34.707799545 ], [ 135.317606817000012, 34.707876955 ], [ 135.317810611, 34.708188491 ], [ 135.318013957, 34.70850208 ], [ 135.318104826, 34.708643878 ], [ 135.31823841100001, 34.708854621 ], [ 135.318240827000011, 34.708858432 ], [ 135.318327727, 34.708990195 ], [ 135.318355798, 34.709030768 ], [ 135.31838309599999, 34.709057163 ], [ 135.318421124999986, 34.709074748 ], [ 135.318455191, 34.70907977 ], [ 135.318455300000011, 34.709079766 ], [ 135.318470582, 34.709079117 ], [ 135.318505856, 34.709077771 ], [ 135.318537994, 34.709065394 ], [ 135.318538022000013, 34.709065383 ], [ 135.318540985999988, 34.70906424 ], [ 135.318687152, 34.708999475 ], [ 135.318973129999989, 34.708875294 ], [ 135.319246375, 34.708756281 ], [ 135.319314001, 34.708726826 ], [ 135.31957662799999, 34.708610295 ], [ 135.31985209699999, 34.70849092 ], [ 135.31994410199999, 34.708450711 ], [ 135.319861448000012, 34.708312816 ], [ 135.31964539, 34.707971316 ], [ 135.319627859, 34.707942081 ], [ 135.319609523, 34.707907452 ], [ 135.31959450299999, 34.70787479 ], [ 135.319581250999988, 34.707841266 ], [ 135.319569282, 34.707805023 ], [ 135.319559945, 34.707769981 ], [ 135.319553457000012, 34.70773895 ], [ 135.319544189, 34.707703287 ], [ 135.319529367, 34.707668223 ], [ 135.31951188799999, 34.707638673 ], [ 135.319492419999989, 34.707613086 ], [ 135.319464095, 34.707583889 ], [ 135.31943510100001, 34.707560418 ], [ 135.319505142, 34.707402653 ], [ 135.319537254000011, 34.707328054 ], [ 135.320035733999987, 34.707489149 ], [ 135.32014553799999, 34.707527376 ], [ 135.320271362999989, 34.70755784 ], [ 135.320357062999989, 34.707575273 ], [ 135.32045950599999, 34.707592094 ], [ 135.320567974999989, 34.707605526 ], [ 135.320698074, 34.707616398 ], [ 135.320836834, 34.707622788 ], [ 135.320984302, 34.707619637 ], [ 135.321149321, 34.707612299 ], [ 135.321281008999989, 34.707583092 ], [ 135.321397506000011, 34.707531286 ], [ 135.32148484699999, 34.707454108 ], [ 135.32152537799999, 34.707365051 ], [ 135.32154843, 34.707263449 ], [ 135.321556829, 34.707124469 ], [ 135.321553735, 34.707021665 ], [ 135.321557215000013, 34.706905248 ], [ 135.321559963999988, 34.706779694 ], [ 135.32155914099999, 34.706681756 ], [ 135.321561137, 34.706606609 ], [ 135.321561589, 34.706523124 ], [ 135.321559392000012, 34.706459936 ], [ 135.321552561, 34.706371145 ], [ 135.321538628000013, 34.706292548 ], [ 135.321518922, 34.706213999 ], [ 135.321491643, 34.706142308 ], [ 135.321457552, 34.706068644 ], [ 135.321417696, 34.705995863 ], [ 135.32137797199999, 34.705934172 ], [ 135.32132522, 34.705869842 ], [ 135.321272528, 34.705810642 ], [ 135.321206815000011, 34.70574916 ], [ 135.32114658, 34.705699322 ], [ 135.321079578, 34.705650971 ], [ 135.321011793999986, 34.705609779 ], [ 135.320937643, 34.705567447 ], [ 135.320857729000011, 34.705526355 ], [ 135.320774019999988, 34.705491844 ], [ 135.320689495000011, 34.705465705 ], [ 135.320612264, 34.705443672 ], [ 135.320531218000013, 34.705428826 ], [ 135.320450189000013, 34.705415171 ], [ 135.320364898, 34.705407514 ], [ 135.320287431999986, 34.705402178 ], [ 135.320212344999987, 34.705402787 ], [ 135.320132957, 34.705405816 ], [ 135.320056513, 34.70541359 ], [ 135.319980718000011, 34.705427322 ], [ 135.31982512499999, 34.705458396 ], [ 135.31962683399999, 34.705493393 ], [ 135.319426654000011, 34.705527213 ], [ 135.319151285, 34.705565219 ], [ 135.318919685, 34.705592136 ], [ 135.31872202, 34.705606853 ], [ 135.318515807000011, 34.705619253 ], [ 135.318319516, 34.705627997 ], [ 135.31809255499999, 34.705632216 ], [ 135.317923584, 34.705631197 ], [ 135.31769859100001, 34.705626653 ], [ 135.317436845, 34.705626098 ], [ 135.317436805, 34.705622729 ], [ 135.316950861, 34.705640692 ], [ 135.316862402, 34.705647673 ], [ 135.316605665, 34.705667936 ], [ 135.316475346, 34.70567822 ], [ 135.31595593899999, 34.705741369 ], [ 135.315847831000013, 34.705759218 ], [ 135.315446138, 34.705825536 ], [ 135.315139848, 34.70587059 ], [ 135.314856509, 34.705894166 ], [ 135.314555098, 34.705915757 ], [ 135.31442578799999, 34.705917787 ], [ 135.314276691, 34.705920128 ], [ 135.314024036, 34.705922162 ], [ 135.31393405, 34.705921824 ], [ 135.313843544, 34.705921485 ], [ 135.313737943, 34.705930853 ], [ 135.31363254199999, 34.705957251 ], [ 135.313545291, 34.705992022 ], [ 135.313468475, 34.706037354 ], [ 135.313414674, 34.706079138 ], [ 135.313366304999988, 34.706119088 ], [ 135.31332344, 34.706166468 ], [ 135.313284935000013, 34.70622403 ], [ 135.313252272999989, 34.706288217 ], [ 135.31322989899999, 34.706358663 ], [ 135.313215761, 34.706471628 ], [ 135.313110666, 34.707398705 ], [ 135.31310145899999, 34.707492466 ], [ 135.313104245, 34.707537699 ], [ 135.313107091, 34.707583913 ], [ 135.31312439300001, 34.707688175 ], [ 135.31314413699999, 34.70778207 ], [ 135.313175387, 34.707858106 ], [ 135.313207103, 34.707923859 ], [ 135.31324662899999, 34.707995936 ], [ 135.313301725, 34.708076406 ], [ 135.313358348, 34.708153836 ], [ 135.31341648599999, 34.708221634 ], [ 135.312913138, 34.708651466 ], [ 135.312657298, 34.708892638 ], [ 135.312392867, 34.709148676 ], [ 135.31217129800001, 34.709372062 ], [ 135.312028077, 34.709514957 ], [ 135.31182926599999, 34.709373524 ], [ 135.31175079, 34.709319143 ], [ 135.311682878, 34.709274042 ], [ 135.311556551, 34.709188004 ], [ 135.311505826, 34.709153992 ], [ 135.311411682999989, 34.709111876 ], [ 135.311359834, 34.709092262 ], [ 135.31129362499999, 34.709067885 ], [ 135.31118347099999, 34.709035131 ], [ 135.311102145, 34.709023681 ], [ 135.310991983, 34.709013813 ], [ 135.31087337400001, 34.709002183 ], [ 135.310762743, 34.708990695 ], [ 135.31054057, 34.708968646 ], [ 135.31042940099999, 34.708958375 ], [ 135.310108144999987, 34.708925378 ], [ 135.309843212, 34.708898798 ], [ 135.30951726, 34.708866174 ], [ 135.309308992000012, 34.708845759 ], [ 135.309227431000011, 34.708837939 ], [ 135.309108691, 34.708841714 ], [ 135.30898202899999, 34.708859419 ], [ 135.308880034, 34.708885658 ], [ 135.308809147, 34.708912932 ], [ 135.308781914, 34.708924191 ], [ 135.30871642, 34.708960665 ], [ 135.30868612399999, 34.708977342 ], [ 135.30861467, 34.709034407 ], [ 135.308546596000014, 34.709099869 ], [ 135.308488065, 34.709162787 ], [ 135.308447691999987, 34.709220642 ], [ 135.308416808, 34.709291236 ], [ 135.308394, 34.709361764 ], [ 135.308382, 34.709444706 ], [ 135.30837178199999, 34.709531916 ], [ 135.30835971799999, 34.709699467 ], [ 135.30834736, 34.709838744 ], [ 135.308334776, 34.709985213 ], [ 135.308329965000013, 34.710078721 ], [ 135.308331751999987, 34.710098479 ], [ 135.308337470999987, 34.710145669 ], [ 135.308350006000012, 34.710196681 ], [ 135.308365536, 34.710248171 ], [ 135.30840180300001, 34.710321556 ], [ 135.30841488199999, 34.710345869 ], [ 135.30847051500001, 34.710422972 ], [ 135.30852468, 34.710480829 ], [ 135.30856423, 34.710512354 ], [ 135.308612855, 34.710548685 ], [ 135.308649548, 34.710575097 ], [ 135.30871312299999, 34.710613363 ], [ 135.30881837699999, 34.710679027 ], [ 135.308937388, 34.710751258 ], [ 135.30913348499999, 34.710873459 ], [ 135.30922181599999, 34.71092796 ], [ 135.309376117999989, 34.711026503 ], [ 135.309569157999988, 34.711139594 ], [ 135.30979843599999, 34.711270225 ], [ 135.309972673, 34.71136798 ], [ 135.31008910599999, 34.711432013 ], [ 135.31017736199999, 34.711480094 ], [ 135.31035169399999, 34.711575761 ], [ 135.31044894499999, 34.711621717 ], [ 135.310585894000013, 34.711685327 ], [ 135.310758969, 34.711757446 ], [ 135.31085932, 34.711798431 ], [ 135.310947209, 34.711835609 ], [ 135.311180395, 34.711924753 ], [ 135.311269469, 34.711955887 ], [ 135.311368757, 34.711990012 ], [ 135.311511206, 34.712034938 ], [ 135.311623166, 34.712068318 ], [ 135.311776293, 34.712110254 ], [ 135.31192336399999, 34.712149465 ], [ 135.31201446099999, 34.71217373 ], [ 135.31217455699999, 34.712208741 ], [ 135.31231768, 34.712241744 ], [ 135.312627021999987, 34.712305063 ], [ 135.312688662, 34.712315929 ], [ 135.31284366, 34.712349061 ], [ 135.312922586000013, 34.712360625 ], [ 135.31294673799999, 34.712364163 ], [ 135.31300067699999, 34.712372068 ], [ 135.31322276899999, 34.712399196 ], [ 135.313233682, 34.712400529 ], [ 135.313434731, 34.712419136 ], [ 135.313477231, 34.712422301 ], [ 135.31350089099999, 34.712424063 ], [ 135.31353278200001, 34.712426437 ], [ 135.313621172000012, 34.712431839 ], [ 135.31376853899999, 34.712440846 ], [ 135.313923896, 34.712447484 ], [ 135.314023408, 34.712449839 ], [ 135.31415292299999, 34.71245166 ], [ 135.31433202299999, 34.712446651 ], [ 135.31478794099999, 34.712430016 ] ] ] } },
{ "type": "Feature", "properties": { "A29_001": "28206", "A29_002": "兵庫県", "A29_003": "芦屋市", "A29_004": 5, "A29_005": "第一種住居地域", "A29_006": 60, "A29_007": 200, "A29_008": null }, "geometry": { "type": "Polygon", "coordinates": [ [ [ 135.31518832399999, 34.711313087 ], [ 135.315517410000012, 34.712403944 ], [ 135.315827700999989, 34.712402877 ], [ 135.316066318999987, 34.712405961 ], [ 135.316321230999989, 34.712418931 ], [ 135.316578201999988, 34.712435223 ], [ 135.3166726, 34.7124439 ], [ 135.31692855599999, 34.711234807 ], [ 135.31693002, 34.711227887 ], [ 135.316952971, 34.711119461 ], [ 135.316889519, 34.711112278 ], [ 135.316837827, 34.711101409 ], [ 135.31680728500001, 34.711092936 ], [ 135.316776739, 34.711083947 ], [ 135.316739949, 34.711072445 ], [ 135.316713103000012, 34.711061375 ], [ 135.316685632, 34.711049797 ], [ 135.31665311099999, 34.711031591 ], [ 135.316626832, 34.711015901 ], [ 135.316598648, 34.710996633 ], [ 135.31657861299999, 34.710983456 ], [ 135.316558515999986, 34.71096515 ], [ 135.316537785, 34.710945823 ], [ 135.316512654, 34.710921915 ], [ 135.316492471, 34.710896426 ], [ 135.316469794, 34.710869932 ], [ 135.316454666999988, 34.710851587 ], [ 135.31644389499999, 34.710833718 ], [ 135.31643055699999, 34.7108092 ], [ 135.316412764, 34.710775485 ], [ 135.316326061000012, 34.710588422 ], [ 135.316157175, 34.710643189 ], [ 135.315084332999987, 34.710977669 ], [ 135.315179591, 34.711284141 ], [ 135.31518832399999, 34.711313087 ] ] ] } },
{ "type": "Feature", "properties": { "A29_001": "28206", "A29_002": "兵庫県", "A29_003": "芦屋市", "A29_004": 5, "A29_005": "第一種住居地域", "A29_006": 60, "A29_007": 200, "A29_008": null }, "geometry": { "type": "Polygon", "coordinates": [ [ [ 135.317394127, 34.707305014 ], [ 135.317368934, 34.707223219 ], [ 135.317079213, 34.707293041 ], [ 135.316787858, 34.70737962 ], [ 135.316618534000014, 34.707438689 ], [ 135.316540694, 34.707465843 ], [ 135.31647397899999, 34.707495401 ], [ 135.315578856, 34.707891985 ], [ 135.315243942, 34.708037989 ], [ 135.315725563, 34.708783846 ], [ 135.316031081, 34.708644726 ], [ 135.31594810499999, 34.708518759 ], [ 135.31585079300001, 34.708374361 ], [ 135.31617911, 34.708228707 ], [ 135.316844272, 34.70793656 ], [ 135.317018053999988, 34.707862476 ], [ 135.317174848, 34.707794163 ], [ 135.317259538, 34.707755243 ], [ 135.317336955, 34.707736602 ], [ 135.317571703, 34.707646482 ], [ 135.317438051000011, 34.707447615 ], [ 135.317394127, 34.707305014 ] ] ] } }
]
}
