{
"type": "FeatureCollection",
"name": "A29-19_23441",
"features": [
{ "type": "Feature", "properties": { "A29_001": "23441", "A29_002": "愛知県", "A29_003": "阿久比町", "A29_004": 6, "A29_005": "第二種住居地域", "A29_006": 60, "A29_007": 200, "A29_008": "条件付き公開" }, "geometry": { "type": "Polygon", "coordinates": [ [ [ 136.92383769, 34.915725693 ], [ 136.92277173, 34.915384269 ], [ 136.92276231, 34.915404662 ], [ 136.922398714, 34.916447077 ], [ 136.922392233000011, 34.916467337 ], [ 136.92240228899999, 34.916468866 ], [ 136.922459642, 34.916477583 ], [ 136.922472914999986, 34.91647928 ], [ 136.922600245000012, 34.916498569 ], [ 136.922607527999986, 34.916499672 ], [ 136.922666662000012, 34.91650863 ], [ 136.922788704, 34.916525152 ], [ 136.923073754, 34.916570628 ], [ 136.923209035000014, 34.916592211 ], [ 136.923447255000013, 34.916636207 ], [ 136.923599346, 34.916666466 ], [ 136.92383769, 34.915725693 ] ] ] } },
{ "type": "Feature", "properties": { "A29_001": "23441", "A29_002": "愛知県", "A29_003": "阿久比町", "A29_004": 8, "A29_005": "近隣商業地域", "A29_006": 80, "A29_007": 200, "A29_008": "条件付き公開" }, "geometry": { "type": "Polygon", "coordinates": [ [ [ 136.922078726, 34.916417205 ], [ 136.921937636, 34.916395225 ], [ 136.92184002799999, 34.916666667 ], [ 136.921799093, 34.916781234 ], [ 136.921789639, 34.916807694 ], [ 136.92175961800001, 34.916891912 ], [ 136.921737952, 34.916952691 ], [ 136.921666606, 34.91715284 ], [ 136.921645339, 34.917212502 ], [ 136.921625833, 34.917267222 ], [ 136.921593019, 34.917365233 ], [ 136.921571073, 34.917430785 ], [ 136.921534337, 34.917540514 ], [ 136.92153157300001, 34.917548768 ], [ 136.921529298, 34.917555565 ], [ 136.92152765, 34.917560487 ], [ 136.921492828999988, 34.917664495 ], [ 136.921487402, 34.917680706 ], [ 136.921472833, 34.917724222 ], [ 136.923328848000011, 34.917563347 ], [ 136.923599346, 34.916666466 ], [ 136.923447255000013, 34.916636207 ], [ 136.923209035000014, 34.916592211 ], [ 136.923073754, 34.916570628 ], [ 136.922788704, 34.916525152 ], [ 136.922666662000012, 34.91650863 ], [ 136.922607527999986, 34.916499672 ], [ 136.922600245000012, 34.916498569 ], [ 136.922472914999986, 34.91647928 ], [ 136.922459642, 34.916477583 ], [ 136.92240228899999, 34.916468866 ], [ 136.922392233000011, 34.916467337 ], [ 136.922353253000011, 34.916461413 ], [ 136.922288688, 34.916451599 ], [ 136.9222825, 34.916450658 ], [ 136.922097517999987, 34.916420291 ], [ 136.922078726, 34.916417205 ] ] ] } },
{ "type": "Feature", "properties": { "A29_001": "23441", "A29_002": "愛知県", "A29_003": "阿久比町", "A29_004": 10, "A29_005": "準工業地域", "A29_006": 60, "A29_007": 200, "A29_008": "条件付き公開" }, "geometry": { "type": "Polygon", "coordinates": [ [ [ 136.91481877699999, 34.918344038 ], [ 136.914865549000012, 34.918343329 ], [ 136.91506406799999, 34.918360801 ], [ 136.915139165, 34.918368417 ], [ 136.915302214, 34.918384951 ], [ 136.915308291, 34.918385568 ], [ 136.915310401999989, 34.918378328 ], [ 136.915316139999987, 34.918358642 ], [ 136.915401452, 34.918357754 ], [ 136.915513234, 34.918345132 ], [ 136.915588574999987, 34.918336625 ], [ 136.915705022, 34.918320166 ], [ 136.915882544999988, 34.918287294 ], [ 136.915882794, 34.918287248 ], [ 136.916000835, 34.918263826 ], [ 136.916010073, 34.918261993 ], [ 136.916044144000011, 34.918254807 ], [ 136.916085331, 34.91824169 ], [ 136.916218813, 34.918191106 ], [ 136.916263767, 34.918174202 ], [ 136.916277173999987, 34.918169382 ], [ 136.916288861, 34.918165181 ], [ 136.91644297, 34.918138497 ], [ 136.916543477, 34.918125402 ], [ 136.916783694, 34.918094106 ], [ 136.916803853, 34.918089473 ], [ 136.916825396, 34.918086179 ], [ 136.916873551, 34.918078815 ], [ 136.91694005, 34.918064988 ], [ 136.916988795, 34.918033581 ], [ 136.917024166, 34.91800813 ], [ 136.917096401, 34.917952049 ], [ 136.91706742299999, 34.917877255 ], [ 136.91708157799999, 34.91764149 ], [ 136.917089111, 34.91748702 ], [ 136.917090073999987, 34.917467272 ], [ 136.917091551999988, 34.917419794 ], [ 136.91708193299999, 34.917273309 ], [ 136.917073804000012, 34.917191134 ], [ 136.917073022000011, 34.917182536 ], [ 136.917068820999987, 34.917136354 ], [ 136.917055828, 34.917046736 ], [ 136.917049364, 34.917009992 ], [ 136.91704427499999, 34.916961361 ], [ 136.917099611999987, 34.916962453 ], [ 136.91713624, 34.916965633 ], [ 136.91724661, 34.916973813 ], [ 136.91729870399999, 34.916976413 ], [ 136.917447329, 34.916974546 ], [ 136.91749153, 34.916976713 ], [ 136.91762150400001, 34.917015289 ], [ 136.917783218000011, 34.91706621 ], [ 136.91782074299999, 34.917076722 ], [ 136.91784256, 34.917082834 ], [ 136.917879590000013, 34.917086745 ], [ 136.91810234799999, 34.917083652 ], [ 136.918162654000014, 34.91708295 ], [ 136.918233828000012, 34.917095855 ], [ 136.918288268999987, 34.917088984 ], [ 136.918437044, 34.917070204 ], [ 136.91847829299999, 34.917060807 ], [ 136.918485739, 34.917064008 ], [ 136.918529850999988, 34.917110335 ], [ 136.918570308, 34.917100369 ], [ 136.918709841, 34.917038898 ], [ 136.91899551099999, 34.917009907 ], [ 136.919036336, 34.916994932 ], [ 136.919069795000013, 34.916960051 ], [ 136.919220096, 34.916866632 ], [ 136.91922880199999, 34.916847707 ], [ 136.919234683000013, 34.916834924 ], [ 136.919232558, 34.91680452 ], [ 136.919231110999988, 34.916783818 ], [ 136.91921757099999, 34.916710371 ], [ 136.919217331, 34.916708939 ], [ 136.919210246, 34.916666745 ], [ 136.919210235, 34.916666667 ], [ 136.919203020999987, 34.916615525 ], [ 136.919249619, 34.91660832 ], [ 136.919431865, 34.916580141 ], [ 136.919440153000011, 34.916543595 ], [ 136.91944295499999, 34.916531237 ], [ 136.91944402499999, 34.916515557 ], [ 136.919454030999987, 34.916406257 ], [ 136.91946133, 34.916318939 ], [ 136.921541846, 34.916358146 ], [ 136.921903284, 34.915343037 ], [ 136.921062833, 34.91509525 ], [ 136.920990303, 34.915081739 ], [ 136.920952050000011, 34.915096706 ], [ 136.920747976, 34.915152164 ], [ 136.920519882, 34.915214143 ], [ 136.92040929800001, 34.91524345 ], [ 136.920403927, 34.915174219 ], [ 136.92051862299999, 34.914996606 ], [ 136.92030634, 34.914884938 ], [ 136.920143759000013, 34.915077837 ], [ 136.919937742, 34.91497903 ], [ 136.919933469, 34.914856513 ], [ 136.919811067000012, 34.914810726 ], [ 136.91974862399999, 34.914676027 ], [ 136.919670999, 34.914675727 ], [ 136.919146149999989, 34.9146737 ], [ 136.918733659, 34.914569464 ], [ 136.918649585999987, 34.91473053 ], [ 136.91857174, 34.914879665 ], [ 136.918508766, 34.914981936 ], [ 136.91848198299999, 34.915020293 ], [ 136.91842957899999, 34.915038203 ], [ 136.91842706700001, 34.915039061 ], [ 136.9184268, 34.915038197 ], [ 136.918396459, 34.914940196 ], [ 136.91839013399999, 34.914924308 ], [ 136.918383956000014, 34.914908788 ], [ 136.918359931, 34.914848438 ], [ 136.918353155, 34.914831418 ], [ 136.918351965999989, 34.914828431 ], [ 136.918311902, 34.914772582 ], [ 136.918274763, 34.914718751 ], [ 136.91822215799999, 34.9146425 ], [ 136.918197004, 34.914620551 ], [ 136.91816960599999, 34.914596644 ], [ 136.918145621, 34.914575715 ], [ 136.918140115, 34.914570911 ], [ 136.918064866, 34.914513738 ], [ 136.91805037099999, 34.914507778 ], [ 136.91798947699999, 34.914484114 ], [ 136.917861945999988, 34.914436757 ], [ 136.917860788000013, 34.914436327 ], [ 136.917703076, 34.91439086 ], [ 136.917662947, 34.91437929 ], [ 136.917548033, 34.914333658 ], [ 136.917490428, 34.914310325 ], [ 136.917331417000014, 34.914245917 ], [ 136.917288224, 34.914215849 ], [ 136.917242750000014, 34.914184194 ], [ 136.91712227299999, 34.914080546 ], [ 136.917016522000011, 34.913996302 ], [ 136.916911263, 34.91391178 ], [ 136.916838909, 34.91385963 ], [ 136.916755481, 34.913819531 ], [ 136.91673043599999, 34.913805491 ], [ 136.916668171, 34.913778557 ], [ 136.916666666999987, 34.913777908 ], [ 136.91658669899999, 34.913743392 ], [ 136.916535719, 34.913736217 ], [ 136.916519201999989, 34.91373404 ], [ 136.916517685, 34.913743868 ], [ 136.91651472800001, 34.913763012 ], [ 136.916512211, 34.913779388 ], [ 136.916503885, 34.91385124 ], [ 136.916486719, 34.914044042 ], [ 136.91647667, 34.914114409 ], [ 136.916475365, 34.914146434 ], [ 136.91647583299999, 34.914165313 ], [ 136.916478622, 34.914213582 ], [ 136.916483578999987, 34.91426581 ], [ 136.91649509699999, 34.914321419 ], [ 136.916509004, 34.914385731 ], [ 136.916504272, 34.91443857 ], [ 136.916501963, 34.914464354 ], [ 136.916503868, 34.914498188 ], [ 136.916509732, 34.914562928 ], [ 136.91650894899999, 34.91457905 ], [ 136.916507774, 34.914591141 ], [ 136.916505817, 34.914602909 ], [ 136.91649499, 34.914635422 ], [ 136.91648872799999, 34.914650254 ], [ 136.916482204, 34.914662721 ], [ 136.91647228799999, 34.914672823 ], [ 136.916457935000011, 34.91468701 ], [ 136.916394806, 34.914741639 ], [ 136.916336429000012, 34.914800368 ], [ 136.91626602, 34.914884093 ], [ 136.91623637399999, 34.914922903 ], [ 136.916083423, 34.915086839 ], [ 136.915971415, 34.915104898 ], [ 136.915901346, 34.915077757 ], [ 136.915853344999988, 34.915072938 ], [ 136.915783836, 34.915068815 ], [ 136.915054094, 34.915112941 ], [ 136.915046092000011, 34.915113458 ], [ 136.914382974, 34.915142335 ], [ 136.91437467, 34.915142579 ], [ 136.914348389, 34.915142944 ], [ 136.9143482, 34.915142969 ], [ 136.914280749999989, 34.915151944 ], [ 136.914222222, 34.915164806 ], [ 136.914077666999987, 34.915217722 ], [ 136.914056456999987, 34.915228022 ], [ 136.913869917, 34.915318611 ], [ 136.913833917, 34.915330556 ], [ 136.91360219399999, 34.915397 ], [ 136.913450805999986, 34.915455778 ], [ 136.913411528000012, 34.915478306 ], [ 136.913360281, 34.915520411 ], [ 136.91326913899999, 34.915474694 ], [ 136.913220996, 34.915443242 ], [ 136.91320952800001, 34.91543575 ], [ 136.913180194, 34.91541525 ], [ 136.913129610999988, 34.91539025 ], [ 136.913069611, 34.915366361 ], [ 136.913045704000012, 34.915360461 ], [ 136.91297608299999, 34.915343278 ], [ 136.91290794599999, 34.91531871 ], [ 136.91290639799999, 34.915338916 ], [ 136.912901866, 34.915398111 ], [ 136.91289662599999, 34.915430807 ], [ 136.912887770999987, 34.91546836 ], [ 136.912876926, 34.915498204 ], [ 136.912863976000011, 34.915530555 ], [ 136.91284792799999, 34.915558088 ], [ 136.912804133, 34.915619929 ], [ 136.912786293000011, 34.915647406 ], [ 136.912777917999989, 34.915661487 ], [ 136.912777733000013, 34.915661797 ], [ 136.912765385, 34.915683626 ], [ 136.91275641199999, 34.915702948 ], [ 136.91274326300001, 34.915744999 ], [ 136.91271642000001, 34.915830843 ], [ 136.912703101, 34.915866268 ], [ 136.912695793000012, 34.915884136 ], [ 136.91266623199999, 34.915944026 ], [ 136.912649383, 34.915971232 ], [ 136.91264392799999, 34.915980039 ], [ 136.91264085200001, 34.915984204 ], [ 136.912562667, 34.916090076 ], [ 136.912552024, 34.916114913 ], [ 136.912544201, 34.916152934 ], [ 136.912543605, 34.916166692 ], [ 136.912543605, 34.916175045 ], [ 136.91256000300001, 34.91628028 ], [ 136.912563666000011, 34.916303789 ], [ 136.912581791, 34.916420105 ], [ 136.912587906, 34.91645935 ], [ 136.912592968000013, 34.916522519 ], [ 136.912593859, 34.916533634 ], [ 136.91260452, 34.916666667 ], [ 136.912622279, 34.916888281 ], [ 136.912625722, 34.91693125 ], [ 136.912627004, 34.917028315 ], [ 136.912628772, 34.917162301 ], [ 136.912629801, 34.917213896 ], [ 136.912630095999987, 34.917217418 ], [ 136.912637514000011, 34.917355807 ], [ 136.912637878999988, 34.917362631 ], [ 136.912635722, 34.917375083 ], [ 136.912614668, 34.917418627 ], [ 136.912604861, 34.917448083 ], [ 136.912600621, 34.917511488 ], [ 136.912604361, 34.917555194 ], [ 136.912610906999987, 34.917597766 ], [ 136.91266138899999, 34.917926056 ], [ 136.912663063, 34.917938581 ], [ 136.912664559, 34.917949778 ], [ 136.912664763, 34.917951307 ], [ 136.912668712, 34.917980849 ], [ 136.912672429, 34.917986104 ], [ 136.912684695, 34.918003446 ], [ 136.912712844, 34.917996372 ], [ 136.91275484, 34.917991642 ], [ 136.912814242, 34.917986926 ], [ 136.912853366, 34.917985354 ], [ 136.912889388, 34.917985943 ], [ 136.91291157399999, 34.917986729 ], [ 136.912988719, 34.917995074 ], [ 136.913029661, 34.917999502 ], [ 136.913148699, 34.918005832 ], [ 136.91321514399999, 34.918006996 ], [ 136.913335545, 34.918007434 ], [ 136.91359462599999, 34.918008377 ], [ 136.913573273, 34.9181609 ], [ 136.91356608000001, 34.918217533 ], [ 136.913563602000011, 34.918237039 ], [ 136.91355081399999, 34.918310882 ], [ 136.913547023, 34.918336714 ], [ 136.91354564400001, 34.91835985 ], [ 136.913559443999986, 34.918525472 ], [ 136.913560616000012, 34.918553069 ], [ 136.913588792000013, 34.918551791 ], [ 136.91378073300001, 34.918549619 ], [ 136.913794129, 34.918549468 ], [ 136.913806705000013, 34.918549325 ], [ 136.913946262, 34.918546092 ], [ 136.914069759, 34.918530318 ], [ 136.91408407599999, 34.91852849 ], [ 136.91413068, 34.918522889 ], [ 136.914176174, 34.918512471 ], [ 136.914225789, 34.918503319 ], [ 136.914310766999989, 34.918483559 ], [ 136.914389056, 34.918461083 ], [ 136.914421213, 34.918451676 ], [ 136.91455749, 34.918411809 ], [ 136.914730389, 34.918359861 ], [ 136.914788348, 34.918348112 ], [ 136.91481877699999, 34.918344038 ] ] ] } },
{ "type": "Feature", "properties": { "A29_001": "23441", "A29_002": "愛知県", "A29_003": "阿久比町", "A29_004": 5, "A29_005": "第一種住居地域", "A29_006": 60, "A29_007": 200, "A29_008": "条件付き公開" }, "geometry": { "type": "Polygon", "coordinates": [ [ [ 136.9188221, 34.921502005 ], [ 136.918764697, 34.920803174 ], [ 136.918766096000013, 34.920338069 ], [ 136.918861195, 34.920010301 ], [ 136.919039403, 34.919730407 ], [ 136.919173816000011, 34.919569681 ], [ 136.919888611, 34.918998694 ], [ 136.92042279, 34.918613451 ], [ 136.920632318, 34.918439686 ], [ 136.920919266, 34.918106342 ], [ 136.92106855899999, 34.917808497 ], [ 136.92124769599999, 34.917212566 ], [ 136.921541846, 34.916358146 ], [ 136.91946133, 34.916318939 ], [ 136.919454030999987, 34.916406257 ], [ 136.91944402499999, 34.916515557 ], [ 136.91944295499999, 34.916531237 ], [ 136.919440153000011, 34.916543595 ], [ 136.919431865, 34.916580141 ], [ 136.919249619, 34.91660832 ], [ 136.919203020999987, 34.916615525 ], [ 136.919210235, 34.916666667 ], [ 136.919210246, 34.916666745 ], [ 136.919217331, 34.916708939 ], [ 136.91921757099999, 34.916710371 ], [ 136.919231110999988, 34.916783818 ], [ 136.919232558, 34.91680452 ], [ 136.919234683000013, 34.916834924 ], [ 136.91922880199999, 34.916847707 ], [ 136.919220096, 34.916866632 ], [ 136.919069795000013, 34.916960051 ], [ 136.919036336, 34.916994932 ], [ 136.91899551099999, 34.917009907 ], [ 136.918709841, 34.917038898 ], [ 136.918570308, 34.917100369 ], [ 136.918529850999988, 34.917110335 ], [ 136.918485739, 34.917064008 ], [ 136.91847829299999, 34.917060807 ], [ 136.918437044, 34.917070204 ], [ 136.918288268999987, 34.917088984 ], [ 136.918233828000012, 34.917095855 ], [ 136.918162654000014, 34.91708295 ], [ 136.91810234799999, 34.917083652 ], [ 136.917879590000013, 34.917086745 ], [ 136.91784256, 34.917082834 ], [ 136.91782074299999, 34.917076722 ], [ 136.917783218000011, 34.91706621 ], [ 136.91762150400001, 34.917015289 ], [ 136.91749153, 34.916976713 ], [ 136.917447329, 34.916974546 ], [ 136.91729870399999, 34.916976413 ], [ 136.91724661, 34.916973813 ], [ 136.91713624, 34.916965633 ], [ 136.917099611999987, 34.916962453 ], [ 136.91704427499999, 34.916961361 ], [ 136.917049364, 34.917009992 ], [ 136.917055828, 34.917046736 ], [ 136.917068820999987, 34.917136354 ], [ 136.917073022000011, 34.917182536 ], [ 136.917073804000012, 34.917191134 ], [ 136.91708193299999, 34.917273309 ], [ 136.917091551999988, 34.917419794 ], [ 136.917090073999987, 34.917467272 ], [ 136.917089111, 34.91748702 ], [ 136.91708157799999, 34.91764149 ], [ 136.91706742299999, 34.917877255 ], [ 136.917096401, 34.917952049 ], [ 136.917024166, 34.91800813 ], [ 136.916988795, 34.918033581 ], [ 136.91694005, 34.918064988 ], [ 136.916873551, 34.918078815 ], [ 136.916825396, 34.918086179 ], [ 136.916803853, 34.918089473 ], [ 136.916783694, 34.918094106 ], [ 136.916543477, 34.918125402 ], [ 136.91644297, 34.918138497 ], [ 136.916288861, 34.918165181 ], [ 136.916277173999987, 34.918169382 ], [ 136.916263767, 34.918174202 ], [ 136.916218813, 34.918191106 ], [ 136.916085331, 34.91824169 ], [ 136.916044144000011, 34.918254807 ], [ 136.916010073, 34.918261993 ], [ 136.916000835, 34.918263826 ], [ 136.915882794, 34.918287248 ], [ 136.915882544999988, 34.918287294 ], [ 136.915705022, 34.918320166 ], [ 136.915588574999987, 34.918336625 ], [ 136.915513234, 34.918345132 ], [ 136.915401452, 34.918357754 ], [ 136.915316139999987, 34.918358642 ], [ 136.915310401999989, 34.918378328 ], [ 136.915308291, 34.918385568 ], [ 136.915302214, 34.918384951 ], [ 136.915139165, 34.918368417 ], [ 136.91506406799999, 34.918360801 ], [ 136.914865549000012, 34.918343329 ], [ 136.91481877699999, 34.918344038 ], [ 136.914788348, 34.918348112 ], [ 136.914730389, 34.918359861 ], [ 136.91455749, 34.918411809 ], [ 136.914421213, 34.918451676 ], [ 136.914389056, 34.918461083 ], [ 136.914310766999989, 34.918483559 ], [ 136.914225789, 34.918503319 ], [ 136.914176174, 34.918512471 ], [ 136.91413068, 34.918522889 ], [ 136.91408407599999, 34.91852849 ], [ 136.914069759, 34.918530318 ], [ 136.913946262, 34.918546092 ], [ 136.913806705000013, 34.918549325 ], [ 136.913794129, 34.918549468 ], [ 136.91378073300001, 34.918549619 ], [ 136.913588792000013, 34.918551791 ], [ 136.913560616000012, 34.918553069 ], [ 136.913559443999986, 34.918525472 ], [ 136.91354564400001, 34.91835985 ], [ 136.913547023, 34.918336714 ], [ 136.91355081399999, 34.918310882 ], [ 136.913563602000011, 34.918237039 ], [ 136.91356608000001, 34.918217533 ], [ 136.913573273, 34.9181609 ], [ 136.91359462599999, 34.918008377 ], [ 136.913335545, 34.918007434 ], [ 136.91321514399999, 34.918006996 ], [ 136.913148699, 34.918005832 ], [ 136.913029661, 34.917999502 ], [ 136.912988719, 34.917995074 ], [ 136.91291157399999, 34.917986729 ], [ 136.912889388, 34.917985943 ], [ 136.912853366, 34.917985354 ], [ 136.912814242, 34.917986926 ], [ 136.91275484, 34.917991642 ], [ 136.912712844, 34.917996372 ], [ 136.912684695, 34.918003446 ], [ 136.912699008, 34.918020541 ], [ 136.91279531699999, 34.918109382 ], [ 136.912811850999987, 34.918127186 ], [ 136.912820165999989, 34.918136139 ], [ 136.91281181299999, 34.918139731 ], [ 136.912752807, 34.918165106 ], [ 136.912676401999988, 34.918197963 ], [ 136.91265507, 34.918207137 ], [ 136.912638034, 34.918215721 ], [ 136.912607744000013, 34.918227416 ], [ 136.912586975000011, 34.918233461 ], [ 136.912576093000013, 34.918235972 ], [ 136.91256484199999, 34.918238569 ], [ 136.91255478, 34.918240891 ], [ 136.912497651, 34.918249526 ], [ 136.91227408, 34.918277725 ], [ 136.912177208, 34.918281761 ], [ 136.912141238, 34.918283259 ], [ 136.912112228000012, 34.918282192 ], [ 136.912078720000011, 34.91828096 ], [ 136.912038499, 34.918278793 ], [ 136.91199850699999, 34.918274544 ], [ 136.911989771, 34.918273616 ], [ 136.911954425, 34.918272639 ], [ 136.91193834, 34.91827194 ], [ 136.911886181, 34.918269672 ], [ 136.911863786, 34.918268698 ], [ 136.911779822, 34.918267912 ], [ 136.911672957, 34.91827027 ], [ 136.91161073399999, 34.91827325 ], [ 136.911590901000011, 34.918274199 ], [ 136.911457106, 34.918304614 ], [ 136.911366359999988, 34.91832989 ], [ 136.911394679000011, 34.918333667 ], [ 136.911432144, 34.918338664 ], [ 136.91157177, 34.918351238 ], [ 136.911624778, 34.918357528 ], [ 136.911711195, 34.91837693 ], [ 136.911737611, 34.918382861 ], [ 136.91173289599999, 34.918443077 ], [ 136.911726030000011, 34.918530766 ], [ 136.911725074, 34.918542967 ], [ 136.911717970000012, 34.918633697 ], [ 136.911709306, 34.918744333 ], [ 136.911709621999989, 34.918752592 ], [ 136.91171128, 34.91879601 ], [ 136.91170932, 34.918836064 ], [ 136.91170933, 34.918841413 ], [ 136.91170942, 34.918892594 ], [ 136.911709806, 34.91896375 ], [ 136.911709677, 34.918990823 ], [ 136.911709481, 34.919031658 ], [ 136.911708706000013, 34.919193757 ], [ 136.911708669, 34.919201361 ], [ 136.911705457000011, 34.919212687 ], [ 136.911704802, 34.919260784 ], [ 136.91170452099999, 34.919281375 ], [ 136.911701271, 34.919520005 ], [ 136.91169961, 34.919641956 ], [ 136.91169986700001, 34.919657118 ], [ 136.911699305000013, 34.919692807 ], [ 136.911696912999986, 34.919844728 ], [ 136.911693484000011, 34.920062535 ], [ 136.91169448299999, 34.92013764 ], [ 136.91172909, 34.920131428 ], [ 136.911741116, 34.920129269 ], [ 136.911776077000013, 34.920122993 ], [ 136.911838808, 34.920111731 ], [ 136.911843283, 34.920105364 ], [ 136.911891356000012, 34.920094116 ], [ 136.91201905299999, 34.920070427 ], [ 136.912118805, 34.920051922 ], [ 136.912325474, 34.920013583 ], [ 136.912393863, 34.920000896 ], [ 136.912426656, 34.919994936 ], [ 136.912783294, 34.919930125 ], [ 136.91279325, 34.919927958 ], [ 136.912812699999989, 34.919923726 ], [ 136.912958653, 34.919892481 ], [ 136.913021253000011, 34.91987908 ], [ 136.913234622, 34.91983498 ], [ 136.913293970000012, 34.919821875 ], [ 136.913533882, 34.9197689 ], [ 136.913758177, 34.919719978 ], [ 136.913827828, 34.919706455 ], [ 136.913897229000014, 34.919693752 ], [ 136.914070138999989, 34.919655028 ], [ 136.914138939999987, 34.919640498 ], [ 136.914233908, 34.919620441 ], [ 136.914342935, 34.919597416 ], [ 136.914374012, 34.919590852 ], [ 136.91447286499999, 34.919569975 ], [ 136.91448553399999, 34.919567299 ], [ 136.914531541, 34.919567802 ], [ 136.914623328, 34.919568804 ], [ 136.914639044000012, 34.919568849 ], [ 136.91464222499999, 34.919568858 ], [ 136.914674061, 34.919568949 ], [ 136.914696966, 34.919569014 ], [ 136.914803017, 34.919569316 ], [ 136.914843568, 34.919569432 ], [ 136.914942397, 34.919569714 ], [ 136.91501404499999, 34.919569918 ], [ 136.915023203, 34.919569944 ], [ 136.91512881700001, 34.919570245 ], [ 136.915182361, 34.919570398 ], [ 136.915295691000011, 34.91957072 ], [ 136.915364917, 34.919570917 ], [ 136.915604443, 34.91957173 ], [ 136.915636611999986, 34.919571839 ], [ 136.91571663, 34.91957211 ], [ 136.915996368, 34.919573602 ], [ 136.916044833, 34.919573861 ], [ 136.916310742, 34.919574822 ], [ 136.916340278, 34.919574929 ], [ 136.916620161, 34.919575939 ], [ 136.916666666999987, 34.919576107 ], [ 136.917034293, 34.919576947 ], [ 136.9170268, 34.919751419 ], [ 136.917017329, 34.919971958 ], [ 136.917012734, 34.920066606 ], [ 136.917010113, 34.920120596 ], [ 136.917004227, 34.920205737 ], [ 136.916999557999986, 34.92025807 ], [ 136.91699270399999, 34.920334892 ], [ 136.91698680499999, 34.920401008 ], [ 136.916985103, 34.920420075 ], [ 136.916982960000013, 34.92046068 ], [ 136.916977589, 34.920562415 ], [ 136.916976276000014, 34.920587284 ], [ 136.916973766000012, 34.920634815 ], [ 136.916969177999988, 34.920721726 ], [ 136.916967005, 34.920762882 ], [ 136.916956526, 34.920910686 ], [ 136.916954408, 34.920951543 ], [ 136.916949386999988, 34.92104836 ], [ 136.916942522999989, 34.921093318 ], [ 136.91693935399999, 34.921140002 ], [ 136.916938111, 34.92118727 ], [ 136.91696864, 34.921183447 ], [ 136.91720118399999, 34.921143959 ], [ 136.917410319, 34.921151574 ], [ 136.917626918, 34.921189929 ], [ 136.918267254, 34.921311989 ], [ 136.9188221, 34.921502005 ] ] ] } },
{ "type": "Feature", "properties": { "A29_001": "23441", "A29_002": "愛知県", "A29_003": "阿久比町", "A29_004": 7, "A29_005": "準住居地域", "A29_006": 60, "A29_007": 200, "A29_008": "条件付き公開" }, "geometry": { "type": "Polygon", "coordinates": [ [ [ 136.92184002799999, 34.916666667 ], [ 136.921937636, 34.916395225 ], [ 136.922078726, 34.916417205 ], [ 136.922097517999987, 34.916420291 ], [ 136.9222825, 34.916450658 ], [ 136.922288688, 34.916451599 ], [ 136.922353253000011, 34.916461413 ], [ 136.922392233000011, 34.916467337 ], [ 136.922398714, 34.916447077 ], [ 136.92276231, 34.915404662 ], [ 136.92277173, 34.915384269 ], [ 136.92235084699999, 34.915244956 ], [ 136.92233455600001, 34.915288743 ], [ 136.922286767, 34.915417188 ], [ 136.922273722, 34.91545225 ], [ 136.921903284, 34.915343037 ], [ 136.921541846, 34.916358146 ], [ 136.92124769599999, 34.917212566 ], [ 136.92106855899999, 34.917808497 ], [ 136.920919266, 34.918106342 ], [ 136.920632318, 34.918439686 ], [ 136.92042279, 34.918613451 ], [ 136.919888611, 34.918998694 ], [ 136.919173816000011, 34.919569681 ], [ 136.919039403, 34.919730407 ], [ 136.918861195, 34.920010301 ], [ 136.918766096000013, 34.920338069 ], [ 136.918764697, 34.920803174 ], [ 136.9188221, 34.921502005 ], [ 136.919265485000011, 34.921667694 ], [ 136.919255254, 34.921587075 ], [ 136.91925479299999, 34.921583444 ], [ 136.919253118, 34.921572409 ], [ 136.919251913000011, 34.921560495 ], [ 136.919251443, 34.921555855 ], [ 136.91921542899999, 34.921262528 ], [ 136.919214528, 34.92125519 ], [ 136.919214477, 34.921254776 ], [ 136.91921318199999, 34.921096965 ], [ 136.919212794, 34.921049694 ], [ 136.919193514, 34.92086559 ], [ 136.919192442, 34.920855353 ], [ 136.919154722, 34.920495167 ], [ 136.919152222, 34.9204115 ], [ 136.919173277999988, 34.920293083 ], [ 136.919200361, 34.920194528 ], [ 136.919231833, 34.920135858 ], [ 136.919262556, 34.920078583 ], [ 136.919282111, 34.920050802 ], [ 136.919343778000012, 34.919963194 ], [ 136.919350258, 34.919955573 ], [ 136.919389833, 34.919909028 ], [ 136.919494277000013, 34.919807096 ], [ 136.919539444, 34.919763015 ], [ 136.919627028, 34.919677056 ], [ 136.92003596699999, 34.919359244 ], [ 136.920107573, 34.919304079 ], [ 136.920193441, 34.919237926 ], [ 136.920346488, 34.919117565 ], [ 136.920354417, 34.919111361 ], [ 136.92043577199999, 34.91904751 ], [ 136.920549083999987, 34.918958578 ], [ 136.92064852199999, 34.918880534 ], [ 136.920662333, 34.918869694 ], [ 136.920687528, 34.918849917 ], [ 136.92089247199999, 34.918694 ], [ 136.921043306, 34.918548528 ], [ 136.921094122999989, 34.918501088 ], [ 136.921121639, 34.918463889 ], [ 136.921133227000013, 34.918444601 ], [ 136.921193028, 34.918345056 ], [ 136.921207927000012, 34.918321679 ], [ 136.921241734, 34.918268638 ], [ 136.921262111, 34.918236667 ], [ 136.92128299699999, 34.918201207 ], [ 136.921323139, 34.918133056 ], [ 136.92137380599999, 34.918030361 ], [ 136.92141425299999, 34.917902925 ], [ 136.921472833, 34.917724222 ], [ 136.921487402, 34.917680706 ], [ 136.921492828999988, 34.917664495 ], [ 136.92152765, 34.917560487 ], [ 136.921529298, 34.917555565 ], [ 136.92153157300001, 34.917548768 ], [ 136.921534337, 34.917540514 ], [ 136.921571073, 34.917430785 ], [ 136.921593019, 34.917365233 ], [ 136.921625833, 34.917267222 ], [ 136.921645339, 34.917212502 ], [ 136.921666606, 34.91715284 ], [ 136.921737952, 34.916952691 ], [ 136.92175961800001, 34.916891912 ], [ 136.921789639, 34.916807694 ], [ 136.921799093, 34.916781234 ], [ 136.92184002799999, 34.916666667 ] ] ] } },
{ "type": "Feature", "properties": { "A29_001": "23441", "A29_002": "愛知県", "A29_003": "阿久比町", "A29_004": 10, "A29_005": "準工業地域", "A29_006": 60, "A29_007": 200, "A29_008": "条件付き公開" }, "geometry": { "type": "Polygon", "coordinates": [ [ [ 136.91241272799999, 34.921532117 ], [ 136.912459079, 34.92152649 ], [ 136.91252780799999, 34.921521032 ], [ 136.912623408, 34.921500335 ], [ 136.912683359, 34.921485407 ], [ 136.912723623, 34.921473574 ], [ 136.912768018, 34.921460528 ], [ 136.912786006, 34.921453555 ], [ 136.912806816, 34.921441644 ], [ 136.912808797, 34.921440351 ], [ 136.91294826, 34.921364374 ], [ 136.913075975999988, 34.921312159 ], [ 136.913349751999988, 34.921312273 ], [ 136.913552313, 34.921360398 ], [ 136.913570155, 34.92136528 ], [ 136.913762743, 34.921278934 ], [ 136.91392909699999, 34.921247539 ], [ 136.91411276299999, 34.921212877 ], [ 136.914217036, 34.921184745 ], [ 136.914372445, 34.921142816 ], [ 136.914428708, 34.921154617 ], [ 136.91445884, 34.921158763 ], [ 136.914467766, 34.921160214 ], [ 136.914559838, 34.92117518 ], [ 136.91459651400001, 34.921176761 ], [ 136.914604016, 34.921177085 ], [ 136.914605403, 34.92117678 ], [ 136.914641417000013, 34.921168861 ], [ 136.914644012999986, 34.921166812 ], [ 136.91464638799999, 34.921164939 ], [ 136.914662824, 34.921151971 ], [ 136.914689383, 34.921131017 ], [ 136.914726782, 34.921101511 ], [ 136.9147797, 34.921059761 ], [ 136.91480729, 34.921037993 ], [ 136.914812981000011, 34.921033503 ], [ 136.91483925, 34.921012778 ], [ 136.91514551099999, 34.920691447 ], [ 136.915173707, 34.920648699 ], [ 136.91520731899999, 34.920597741 ], [ 136.91550482400001, 34.920233379 ], [ 136.915571672999988, 34.920240509 ], [ 136.915647267999987, 34.920239394 ], [ 136.91570329000001, 34.920237572 ], [ 136.91571642299999, 34.920236772 ], [ 136.91574515799999, 34.920235022 ], [ 136.915781513000013, 34.920230895 ], [ 136.91582241, 34.920224171 ], [ 136.915878579, 34.920212513 ], [ 136.915900913, 34.920206503 ], [ 136.91590342, 34.920205723 ], [ 136.915922583999986, 34.920199763 ], [ 136.915940054, 34.920192842 ], [ 136.915951553000014, 34.920187378 ], [ 136.916015928, 34.920153538 ], [ 136.916036759, 34.920142587 ], [ 136.916100887, 34.920111624 ], [ 136.916110616, 34.920107253 ], [ 136.916174402, 34.920076433 ], [ 136.91629063900001, 34.920186902 ], [ 136.91667794599999, 34.92018919 ], [ 136.916681387000011, 34.92029367 ], [ 136.91699270399999, 34.920334892 ], [ 136.916999557999986, 34.92025807 ], [ 136.917004227, 34.920205737 ], [ 136.917010113, 34.920120596 ], [ 136.917012734, 34.920066606 ], [ 136.917017329, 34.919971958 ], [ 136.9170268, 34.919751419 ], [ 136.917034293, 34.919576947 ], [ 136.916666666999987, 34.919576107 ], [ 136.916620161, 34.919575939 ], [ 136.916340278, 34.919574929 ], [ 136.916310742, 34.919574822 ], [ 136.916044833, 34.919573861 ], [ 136.915996368, 34.919573602 ], [ 136.91571663, 34.91957211 ], [ 136.915636611999986, 34.919571839 ], [ 136.915604443, 34.91957173 ], [ 136.915364917, 34.919570917 ], [ 136.915295691000011, 34.91957072 ], [ 136.915182361, 34.919570398 ], [ 136.91512881700001, 34.919570245 ], [ 136.915023203, 34.919569944 ], [ 136.91501404499999, 34.919569918 ], [ 136.914942397, 34.919569714 ], [ 136.914843568, 34.919569432 ], [ 136.914803017, 34.919569316 ], [ 136.914696966, 34.919569014 ], [ 136.914674061, 34.919568949 ], [ 136.91464222499999, 34.919568858 ], [ 136.914639044000012, 34.919568849 ], [ 136.914623328, 34.919568804 ], [ 136.914531541, 34.919567802 ], [ 136.91448553399999, 34.919567299 ], [ 136.91447286499999, 34.919569975 ], [ 136.914374012, 34.919590852 ], [ 136.914342935, 34.919597416 ], [ 136.914233908, 34.919620441 ], [ 136.914138939999987, 34.919640498 ], [ 136.914070138999989, 34.919655028 ], [ 136.913897229000014, 34.919693752 ], [ 136.913827828, 34.919706455 ], [ 136.913758177, 34.919719978 ], [ 136.913533882, 34.9197689 ], [ 136.913293970000012, 34.919821875 ], [ 136.913234622, 34.91983498 ], [ 136.913021253000011, 34.91987908 ], [ 136.912958653, 34.919892481 ], [ 136.912812699999989, 34.919923726 ], [ 136.91279325, 34.919927958 ], [ 136.912783294, 34.919930125 ], [ 136.912426656, 34.919994936 ], [ 136.912393863, 34.920000896 ], [ 136.912325474, 34.920013583 ], [ 136.912118805, 34.920051922 ], [ 136.91201905299999, 34.920070427 ], [ 136.911891356000012, 34.920094116 ], [ 136.911843283, 34.920105364 ], [ 136.911838808, 34.920111731 ], [ 136.911776077000013, 34.920122993 ], [ 136.911741116, 34.920129269 ], [ 136.91172909, 34.920131428 ], [ 136.91169448299999, 34.92013764 ], [ 136.911695014, 34.920162416 ], [ 136.911700768, 34.920430945 ], [ 136.911705845, 34.920667929 ], [ 136.911707868, 34.920711483 ], [ 136.911726399, 34.920780067 ], [ 136.91171728399999, 34.920828295 ], [ 136.911725902, 34.920885392 ], [ 136.911738754, 34.921473461 ], [ 136.912192285, 34.921520052 ], [ 136.912214906, 34.921522862 ], [ 136.912253643000014, 34.921527674 ], [ 136.912323324, 34.92153086 ], [ 136.91237787599999, 34.921527761 ], [ 136.91241272799999, 34.921532117 ] ] ] } },
{ "type": "Feature", "properties": { "A29_001": "23441", "A29_002": "愛知県", "A29_003": "阿久比町", "A29_004": 10, "A29_005": "準工業地域", "A29_006": 60, "A29_007": 200, "A29_008": "条件付き公開" }, "geometry": { "type": "Polygon", "coordinates": [ [ [ 136.922300549999989, 34.92146779 ], [ 136.923328848000011, 34.917563347 ], [ 136.921472833, 34.917724222 ], [ 136.92141425299999, 34.917902925 ], [ 136.92137380599999, 34.918030361 ], [ 136.921323139, 34.918133056 ], [ 136.92128299699999, 34.918201207 ], [ 136.921262111, 34.918236667 ], [ 136.921241734, 34.918268638 ], [ 136.921207927000012, 34.918321679 ], [ 136.921193028, 34.918345056 ], [ 136.921133227000013, 34.918444601 ], [ 136.921121639, 34.918463889 ], [ 136.921094122999989, 34.918501088 ], [ 136.921043306, 34.918548528 ], [ 136.92089247199999, 34.918694 ], [ 136.920687528, 34.918849917 ], [ 136.920662333, 34.918869694 ], [ 136.92064852199999, 34.918880534 ], [ 136.920549083999987, 34.918958578 ], [ 136.92043577199999, 34.91904751 ], [ 136.920354417, 34.919111361 ], [ 136.920346488, 34.919117565 ], [ 136.920193441, 34.919237926 ], [ 136.920107573, 34.919304079 ], [ 136.92003596699999, 34.919359244 ], [ 136.919627028, 34.919677056 ], [ 136.919539444, 34.919763015 ], [ 136.919494277000013, 34.919807096 ], [ 136.919389833, 34.919909028 ], [ 136.919350258, 34.919955573 ], [ 136.919343778000012, 34.919963194 ], [ 136.919282111, 34.920050802 ], [ 136.919262556, 34.920078583 ], [ 136.919231833, 34.920135858 ], [ 136.919200361, 34.920194528 ], [ 136.919173277999988, 34.920293083 ], [ 136.919152222, 34.9204115 ], [ 136.919154722, 34.920495167 ], [ 136.919192442, 34.920855353 ], [ 136.919193514, 34.92086559 ], [ 136.919212794, 34.921049694 ], [ 136.91921318199999, 34.921096965 ], [ 136.919214477, 34.921254776 ], [ 136.919214528, 34.92125519 ], [ 136.91921542899999, 34.921262528 ], [ 136.919251443, 34.921555855 ], [ 136.919251913000011, 34.921560495 ], [ 136.919253118, 34.921572409 ], [ 136.91925479299999, 34.921583444 ], [ 136.919255254, 34.921587075 ], [ 136.919265485000011, 34.921667694 ], [ 136.919399950000013, 34.921714561 ], [ 136.920927299999988, 34.921786233 ], [ 136.922281857, 34.92153554 ], [ 136.922300549999989, 34.92146779 ] ] ] } },
{ "type": "Feature", "properties": { "A29_001": "23441", "A29_002": "愛知県", "A29_003": "阿久比町", "A29_004": 5, "A29_005": "第一種住居地域", "A29_006": 60, "A29_007": 200, "A29_008": "条件付き公開" }, "geometry": { "type": "Polygon", "coordinates": [ [ [ 136.920357096, 34.923776914 ], [ 136.920393891, 34.923757739 ], [ 136.920418446000014, 34.923780629 ], [ 136.920424908, 34.923786653 ], [ 136.920446518, 34.92379519 ], [ 136.920476051, 34.923803962 ], [ 136.920484159000011, 34.92380637 ], [ 136.92057449399999, 34.923834803 ], [ 136.920694102999988, 34.923868707 ], [ 136.920753045999987, 34.923874961 ], [ 136.92077737299999, 34.923878847 ], [ 136.920796458000012, 34.923883113 ], [ 136.920827591, 34.923892071 ], [ 136.92084672199999, 34.923897767 ], [ 136.920868571, 34.923902576 ], [ 136.920884788, 34.923905672 ], [ 136.920902184, 34.923907858 ], [ 136.920928634, 34.923911041 ], [ 136.920941039000013, 34.92391215 ], [ 136.921109058000013, 34.923959343 ], [ 136.921373155, 34.924012052 ], [ 136.92150451399999, 34.924030872 ], [ 136.921912209, 34.922882579 ], [ 136.921840774, 34.922842573 ], [ 136.921826105, 34.922834358 ], [ 136.92172532699999, 34.922777919 ], [ 136.921723453, 34.922776869 ], [ 136.921718528000014, 34.922774111 ], [ 136.921660335000013, 34.922738228 ], [ 136.921523194, 34.922653664 ], [ 136.921464511000011, 34.922619965 ], [ 136.921387954000011, 34.922573665 ], [ 136.921276981, 34.922506549 ], [ 136.921264887, 34.922499467 ], [ 136.921227277000014, 34.922477443 ], [ 136.921120851000012, 34.922415122 ], [ 136.92104027799999, 34.922381845 ], [ 136.920993509999988, 34.922362074 ], [ 136.92094219, 34.922341962 ], [ 136.920841204999988, 34.92231026 ], [ 136.920789471, 34.922297648 ], [ 136.92075222299999, 34.922290489 ], [ 136.92068125899999, 34.922281821 ], [ 136.920669981, 34.922280977 ], [ 136.92060345199999, 34.922275995 ], [ 136.920565896999989, 34.92227673 ], [ 136.920512296999988, 34.922278321 ], [ 136.920415278, 34.922288686 ], [ 136.920139686, 34.922492736 ], [ 136.920018462, 34.922685996 ], [ 136.92004708499999, 34.922978009 ], [ 136.920069903000012, 34.923094929 ], [ 136.920131843, 34.923202388 ], [ 136.920159215000012, 34.923248954 ], [ 136.92015766, 34.923284729 ], [ 136.920091589, 34.923320956 ], [ 136.91997516699999, 34.923338861 ], [ 136.919943257999989, 34.92334092 ], [ 136.919903938, 34.923343457 ], [ 136.91992252899999, 34.923894919 ], [ 136.919824333, 34.924281444 ], [ 136.919971161, 34.924269914 ], [ 136.92006947199999, 34.924262194 ], [ 136.920125555999988, 34.924135333 ], [ 136.920155461, 34.924077654 ], [ 136.920263451000011, 34.923838358 ], [ 136.92027030599999, 34.923828264 ], [ 136.920357096, 34.923776914 ] ] ] } },
{ "type": "Feature", "properties": { "A29_001": "23441", "A29_002": "愛知県", "A29_003": "阿久比町", "A29_004": 10, "A29_005": "準工業地域", "A29_006": 60, "A29_007": 200, "A29_008": "条件付き公開" }, "geometry": { "type": "Polygon", "coordinates": [ [ [ 136.92083722000001, 34.92563691 ], [ 136.92150451399999, 34.924030872 ], [ 136.921373155, 34.924012052 ], [ 136.921109058000013, 34.923959343 ], [ 136.920941039000013, 34.92391215 ], [ 136.920928634, 34.923911041 ], [ 136.920902184, 34.923907858 ], [ 136.920884788, 34.923905672 ], [ 136.920868571, 34.923902576 ], [ 136.92084672199999, 34.923897767 ], [ 136.920827591, 34.923892071 ], [ 136.920796458000012, 34.923883113 ], [ 136.92077737299999, 34.923878847 ], [ 136.920753045999987, 34.923874961 ], [ 136.920694102999988, 34.923868707 ], [ 136.92057449399999, 34.923834803 ], [ 136.920484159000011, 34.92380637 ], [ 136.920476051, 34.923803962 ], [ 136.920446518, 34.92379519 ], [ 136.920424908, 34.923786653 ], [ 136.920418446000014, 34.923780629 ], [ 136.920393891, 34.923757739 ], [ 136.920357096, 34.923776914 ], [ 136.92027030599999, 34.923828264 ], [ 136.920263451000011, 34.923838358 ], [ 136.920155461, 34.924077654 ], [ 136.920125555999988, 34.924135333 ], [ 136.92006947199999, 34.924262194 ], [ 136.919971161, 34.924269914 ], [ 136.919824333, 34.924281444 ], [ 136.919817611000013, 34.92436875 ], [ 136.919796917000014, 34.924457139 ], [ 136.919783147, 34.924487451 ], [ 136.919780529, 34.924493215 ], [ 136.919757196, 34.92454178 ], [ 136.919735006, 34.924587371 ], [ 136.91968305099999, 34.924682658 ], [ 136.91963591699999, 34.924770722 ], [ 136.91961636, 34.924824258 ], [ 136.919603110999986, 34.924860528 ], [ 136.91958405599999, 34.924919028 ], [ 136.91956777199999, 34.925 ], [ 136.91955386399999, 34.925109629 ], [ 136.919547032, 34.925141482 ], [ 136.91943899899999, 34.925641719 ], [ 136.919479724000013, 34.925643388 ], [ 136.919576713, 34.925647364 ], [ 136.919811958, 34.925652932 ], [ 136.91992268199999, 34.925656307 ], [ 136.920005333, 34.925660306 ], [ 136.920020469, 34.925659891 ], [ 136.92007225, 34.925658472 ], [ 136.920135171999988, 34.925652714 ], [ 136.92017302799999, 34.92564925 ], [ 136.920241272, 34.925640361 ], [ 136.920287194, 34.925632361 ], [ 136.920329611, 34.925631 ], [ 136.92037338599999, 34.925635422 ], [ 136.92038354799999, 34.925636448 ], [ 136.920419546, 34.925645356 ], [ 136.920450812000013, 34.925657327 ], [ 136.920490212, 34.925667608 ], [ 136.92079314899999, 34.925742976 ], [ 136.92083722000001, 34.92563691 ] ] ] } },
{ "type": "Feature", "properties": { "A29_001": "23441", "A29_002": "愛知県", "A29_003": "阿久比町", "A29_004": 8, "A29_005": "近隣商業地域", "A29_006": 80, "A29_007": 200, "A29_008": "条件付き公開" }, "geometry": { "type": "Polygon", "coordinates": [ [ [ 136.920490212, 34.925667608 ], [ 136.920450812000013, 34.925657327 ], [ 136.920419546, 34.925645356 ], [ 136.92038354799999, 34.925636448 ], [ 136.92037338599999, 34.925635422 ], [ 136.920329611, 34.925631 ], [ 136.920287194, 34.925632361 ], [ 136.920241272, 34.925640361 ], [ 136.92017302799999, 34.92564925 ], [ 136.920135171999988, 34.925652714 ], [ 136.92007225, 34.925658472 ], [ 136.920020469, 34.925659891 ], [ 136.920005333, 34.925660306 ], [ 136.91992268199999, 34.925656307 ], [ 136.919811958, 34.925652932 ], [ 136.919576713, 34.925647364 ], [ 136.919479724000013, 34.925643388 ], [ 136.91943899899999, 34.925641719 ], [ 136.919421046, 34.925725517 ], [ 136.919410153, 34.925777541 ], [ 136.919366634, 34.925985396 ], [ 136.919357151000014, 34.926029663 ], [ 136.919342166, 34.926099611 ], [ 136.919338083000014, 34.926118667 ], [ 136.919289781, 34.926456633 ], [ 136.919357, 34.926754194 ], [ 136.919420679000012, 34.926990117 ], [ 136.919454161, 34.927147445 ], [ 136.919486333, 34.927333333 ], [ 136.919495227, 34.927608766 ], [ 136.91948324, 34.927661304 ], [ 136.919480986, 34.927671182 ], [ 136.919644663000014, 34.927690716 ], [ 136.919695295999986, 34.927696759 ], [ 136.919819157, 34.927687569 ], [ 136.919980159, 34.927675625 ], [ 136.91998164, 34.92766964 ], [ 136.91999001, 34.92765001 ], [ 136.920310019999988, 34.92690001 ], [ 136.92057001, 34.92628 ], [ 136.92079314899999, 34.925742976 ], [ 136.920490212, 34.925667608 ] ] ] } },
{ "type": "Feature", "properties": { "A29_001": "23441", "A29_002": "愛知県", "A29_003": "阿久比町", "A29_004": 7, "A29_005": "準住居地域", "A29_006": 60, "A29_007": 200, "A29_008": "条件付き公開" }, "geometry": { "type": "Polygon", "coordinates": [ [ [ 136.926497023, 34.924591713 ], [ 136.926445277999989, 34.924570639 ], [ 136.926433151999987, 34.924652059 ], [ 136.92638133299999, 34.925 ], [ 136.926362445, 34.925156289 ], [ 136.926361476000011, 34.925164301 ], [ 136.926312789, 34.925478046 ], [ 136.926273423999987, 34.925731715 ], [ 136.926261893, 34.925803464 ], [ 136.926246488, 34.925901083 ], [ 136.926220445000013, 34.926063746 ], [ 136.926217073, 34.926084807 ], [ 136.926215127, 34.926096091 ], [ 136.92616859099999, 34.926365903 ], [ 136.92613853200001, 34.926497264 ], [ 136.926106057999988, 34.926603028 ], [ 136.926099738, 34.926623614 ], [ 136.92606623399999, 34.926720918 ], [ 136.925978066, 34.926922787 ], [ 136.925909608000012, 34.927062913 ], [ 136.925865148000014, 34.927153917 ], [ 136.92573925, 34.927364528 ], [ 136.925736801, 34.927368533 ], [ 136.925370877, 34.927967163 ], [ 136.925497826999987, 34.928095479 ], [ 136.92571365399999, 34.928283173 ], [ 136.92573610299999, 34.928249482 ], [ 136.925792763, 34.928145934 ], [ 136.926189136, 34.927535519 ], [ 136.926440336000013, 34.927050038 ], [ 136.926590121, 34.926582244 ], [ 136.926703739, 34.926102453 ], [ 136.926792545000012, 34.925440743 ], [ 136.926873484999987, 34.924993684 ], [ 136.926920247, 34.92475869 ], [ 136.926853317, 34.924728065 ], [ 136.92678934, 34.924702816 ], [ 136.92662733, 34.924644782 ], [ 136.926497023, 34.924591713 ] ] ] } },
{ "type": "Feature", "properties": { "A29_001": "23441", "A29_002": "愛知県", "A29_003": "阿久比町", "A29_004": 5, "A29_005": "第一種住居地域", "A29_006": 60, "A29_007": 200, "A29_008": "条件付き公開" }, "geometry": { "type": "Polygon", "coordinates": [ [ [ 136.92127833, 34.927897452 ], [ 136.921258534, 34.927578479 ], [ 136.921189849, 34.92758336 ], [ 136.92090155299999, 34.927603976 ], [ 136.920717074, 34.927617168 ], [ 136.920592488000011, 34.927627561 ], [ 136.920414126, 34.92764244 ], [ 136.91983341299999, 34.92868633 ], [ 136.920381197000012, 34.928891445 ], [ 136.920626494, 34.928568598 ], [ 136.920877381, 34.928345853 ], [ 136.92117989499999, 34.928129807 ], [ 136.92106628499999, 34.927987958 ], [ 136.921187384, 34.92793627 ], [ 136.92127833, 34.927897452 ] ] ] } },
{ "type": "Feature", "properties": { "A29_001": "23441", "A29_002": "愛知県", "A29_003": "阿久比町", "A29_004": 5, "A29_005": "第一種住居地域", "A29_006": 60, "A29_007": 200, "A29_008": "条件付き公開" }, "geometry": { "type": "Polygon", "coordinates": [ [ [ 136.917443144, 34.93019208 ], [ 136.918733906, 34.928332798 ], [ 136.919079543, 34.92775808 ], [ 136.919107881, 34.927572644 ], [ 136.918977356, 34.926827656 ], [ 136.9187273, 34.92571506 ], [ 136.91867837800001, 34.925130594 ], [ 136.918890288999989, 34.924481067 ], [ 136.91907274499999, 34.92399546 ], [ 136.919090447, 34.92352517 ], [ 136.918923138999986, 34.922229321 ], [ 136.918813750999988, 34.922236558 ], [ 136.91871552399999, 34.922242589 ], [ 136.918677085000013, 34.922243908 ], [ 136.918606149999988, 34.922246342 ], [ 136.918153964999988, 34.922295991 ], [ 136.918126556, 34.922299 ], [ 136.91796708699999, 34.922316081 ], [ 136.917965736000014, 34.922316226 ], [ 136.91791512899999, 34.922321646 ], [ 136.917849757999988, 34.922328648 ], [ 136.917847738, 34.922328865 ], [ 136.91773217299999, 34.922341243 ], [ 136.917726073000011, 34.922341557 ], [ 136.917698075, 34.922342997 ], [ 136.91769653, 34.922343076 ], [ 136.917663978, 34.92234475 ], [ 136.917623472, 34.922346833 ], [ 136.917588214, 34.922346643 ], [ 136.917569101, 34.92234654 ], [ 136.917565548, 34.922346521 ], [ 136.917469, 34.922346 ], [ 136.917391935000012, 34.922338963 ], [ 136.917367702, 34.92233675 ], [ 136.917352572999988, 34.922328148 ], [ 136.91733211499999, 34.922316516 ], [ 136.91730536, 34.922301303 ], [ 136.917283508999986, 34.92229383 ], [ 136.917215405, 34.922270539 ], [ 136.917150623, 34.922248384 ], [ 136.917068306, 34.922219194 ], [ 136.917046121999988, 34.922211327 ], [ 136.916893313, 34.92215714 ], [ 136.916792570000013, 34.922118683 ], [ 136.916762404, 34.922107167 ], [ 136.91668531799999, 34.922078405 ], [ 136.916666666999987, 34.922071445 ], [ 136.916659234, 34.922068672 ], [ 136.916560503, 34.922041073 ], [ 136.91654672300001, 34.922037221 ], [ 136.916471992999988, 34.922022056 ], [ 136.91641958400001, 34.922012463 ], [ 136.916345275999987, 34.921998863 ], [ 136.916187151, 34.921957829 ], [ 136.916162265999986, 34.921954413 ], [ 136.916109170999988, 34.921947125 ], [ 136.91603335799999, 34.921948909 ], [ 136.91602969600001, 34.921949549 ], [ 136.915961877, 34.921961397 ], [ 136.91582649599999, 34.922001539 ], [ 136.915771260000014, 34.922024732 ], [ 136.915651258, 34.922109477 ], [ 136.91553428899999, 34.922187977 ], [ 136.915509864, 34.922202086 ], [ 136.91545719199999, 34.922228432 ], [ 136.915412247, 34.922248948 ], [ 136.915375425, 34.922265227 ], [ 136.915343747, 34.922265004 ], [ 136.915059829, 34.922375588 ], [ 136.91503944199999, 34.922385949 ], [ 136.914953895, 34.922420499 ], [ 136.91494376899999, 34.922478878 ], [ 136.914939718999989, 34.922507234 ], [ 136.914930086999988, 34.922533151 ], [ 136.914910803999987, 34.922570156 ], [ 136.914818211000011, 34.922699607 ], [ 136.91473788, 34.922821369 ], [ 136.914710203, 34.922873633 ], [ 136.914684552000011, 34.92293646 ], [ 136.91467240099999, 34.922995951 ], [ 136.914663775, 34.923026398 ], [ 136.91466295, 34.92302931 ], [ 136.914648099, 34.923055442 ], [ 136.914637298, 34.923074346 ], [ 136.914618397, 34.923092137 ], [ 136.914522538999989, 34.923168864 ], [ 136.914496888, 34.923187768 ], [ 136.914467185, 34.923232248 ], [ 136.91444963399999, 34.923256711 ], [ 136.914464169000013, 34.923286637 ], [ 136.91449065399999, 34.923344609 ], [ 136.914505942, 34.923463684 ], [ 136.914529355000013, 34.9237197 ], [ 136.91454348900001, 34.923905119 ], [ 136.914544989, 34.923920191 ], [ 136.91454775599999, 34.923973899 ], [ 136.914541906000011, 34.92405914 ], [ 136.914539725, 34.924097485 ], [ 136.914376096000012, 34.924358667 ], [ 136.914372582999988, 34.924364274 ], [ 136.914332927, 34.924427571 ], [ 136.914284013000014, 34.924505647 ], [ 136.914276312, 34.924572094 ], [ 136.914264014, 34.924574893 ], [ 136.914246584000011, 34.92457886 ], [ 136.914239777, 34.924580409 ], [ 136.91423068200001, 34.924583099 ], [ 136.914185753999988, 34.924596387 ], [ 136.914163424, 34.924602991 ], [ 136.914097469000012, 34.924617304 ], [ 136.914056899, 34.924626108 ], [ 136.91397444, 34.924644003 ], [ 136.91395085, 34.92464934 ], [ 136.913937318, 34.924652401 ], [ 136.913725758, 34.924711802 ], [ 136.913668851000011, 34.924730897 ], [ 136.91364786599999, 34.924737939 ], [ 136.913529626000013, 34.924783385 ], [ 136.91349012399999, 34.924798568 ], [ 136.913388223999988, 34.924837733 ], [ 136.913300141, 34.924869991 ], [ 136.913208314, 34.924901829 ], [ 136.913223872, 34.924968053 ], [ 136.913231376999988, 34.925 ], [ 136.913276456, 34.925204892 ], [ 136.913244327, 34.925211906 ], [ 136.913148989, 34.925236527 ], [ 136.913039916, 34.925271129 ], [ 136.912993368, 34.925300873 ], [ 136.912993054, 34.925301074 ], [ 136.912951849, 34.92533368 ], [ 136.912796659, 34.925452311 ], [ 136.91274689299999, 34.925490353 ], [ 136.91257844099999, 34.925639677 ], [ 136.912555348000012, 34.925669514 ], [ 136.912411582, 34.925921147 ], [ 136.912395807, 34.925946663 ], [ 136.912362167999987, 34.925960119 ], [ 136.912293806, 34.925987462 ], [ 136.912081293, 34.926065826 ], [ 136.91250587499999, 34.926419367 ], [ 136.912533279, 34.926402012 ], [ 136.912662331, 34.926334665 ], [ 136.912698505, 34.926315622 ], [ 136.91273878199999, 34.926302107 ], [ 136.912789874, 34.926293814 ], [ 136.912817098, 34.926291357 ], [ 136.912862596, 34.926290436 ], [ 136.912923377, 34.926292536 ], [ 136.912967697, 34.926297249 ], [ 136.913030240000012, 34.926311404 ], [ 136.913114259999986, 34.926330421 ], [ 136.913130786000011, 34.926335172 ], [ 136.91314046299999, 34.926337954 ], [ 136.91313961099999, 34.926347069 ], [ 136.913125054, 34.926392507 ], [ 136.913103073, 34.926545097 ], [ 136.91308203, 34.926568018 ], [ 136.912972121, 34.926661987 ], [ 136.912928158, 34.926719748 ], [ 136.912911995, 34.926748256 ], [ 136.912871313000011, 34.926820011 ], [ 136.91274709699999, 34.926959672 ], [ 136.91273802500001, 34.926975191 ], [ 136.912719183, 34.927117151 ], [ 136.912680658, 34.927420864 ], [ 136.912678441, 34.927438341 ], [ 136.912670436000013, 34.927467936 ], [ 136.912656132, 34.927472265 ], [ 136.912643159999988, 34.927476191 ], [ 136.912481557, 34.927517053 ], [ 136.912440073999988, 34.927533074 ], [ 136.912359334, 34.927581328 ], [ 136.912284309, 34.927634879 ], [ 136.912239295, 34.927669598 ], [ 136.912187135000011, 34.927704318 ], [ 136.91226322599999, 34.927706182 ], [ 136.912400416999986, 34.927683232 ], [ 136.912455289, 34.92767335 ], [ 136.912510309, 34.927667465 ], [ 136.912565507000011, 34.927664375 ], [ 136.91260659299999, 34.927665699 ], [ 136.912658195, 34.927668858 ], [ 136.912698776000013, 34.927670037 ], [ 136.912724868999987, 34.927691182 ], [ 136.912742494000014, 34.92770452 ], [ 136.912789651, 34.927720605 ], [ 136.91283109299999, 34.92774532 ], [ 136.912859673000014, 34.927766897 ], [ 136.912875391999989, 34.927780235 ], [ 136.912888253, 34.927795928 ], [ 136.912897617999988, 34.927810076 ], [ 136.912914406, 34.927833864 ], [ 136.912964710000011, 34.927910771 ], [ 136.912987761000011, 34.927948023 ], [ 136.91301157800001, 34.927993138 ], [ 136.913040955000014, 34.928069452 ], [ 136.913054749999986, 34.928111942 ], [ 136.91306613899999, 34.928135297 ], [ 136.91307144000001, 34.928146168 ], [ 136.913107598000011, 34.928201473 ], [ 136.91312087, 34.928221026 ], [ 136.913259673999988, 34.928361549 ], [ 136.913390494, 34.928484457 ], [ 136.913436413, 34.928523097 ], [ 136.913471764, 34.928549945 ], [ 136.913814304999988, 34.928830625 ], [ 136.913820133, 34.92883842 ], [ 136.913837935, 34.928862229 ], [ 136.913906978999989, 34.928879634 ], [ 136.91388706399999, 34.928932267 ], [ 136.91387963299999, 34.928968008 ], [ 136.91387458, 34.929002526 ], [ 136.913872819, 34.929051344 ], [ 136.913870387, 34.929118751 ], [ 136.91386622499999, 34.929132951 ], [ 136.913858495999989, 34.929147149 ], [ 136.91384754500001, 34.929159853 ], [ 136.9138429, 34.929163643 ], [ 136.913825945000013, 34.929177478 ], [ 136.913817779, 34.929182014 ], [ 136.913800382, 34.929191677 ], [ 136.913790647000013, 34.929195142 ], [ 136.913772765, 34.929201506 ], [ 136.913746013, 34.929210319 ], [ 136.913706776999987, 34.929225007 ], [ 136.91368894199999, 34.929234309 ], [ 136.913666352, 34.929251445 ], [ 136.913621766, 34.929280821 ], [ 136.91359323099999, 34.929302853 ], [ 136.913588847999989, 34.929316786 ], [ 136.913586368000011, 34.92932467 ], [ 136.91358585, 34.929326315 ], [ 136.913587189999987, 34.929326719 ], [ 136.913669811, 34.929351596 ], [ 136.913746323999987, 34.929412436 ], [ 136.91378622, 34.929430576 ], [ 136.913809644, 34.929441226 ], [ 136.913852211, 34.929456928 ], [ 136.91386707699999, 34.929462412 ], [ 136.91393628599999, 34.929487943 ], [ 136.914056389, 34.929526167 ], [ 136.914191499999987, 34.92955675 ], [ 136.914323153999987, 34.929556879 ], [ 136.914340442999986, 34.929556896 ], [ 136.91434936499999, 34.929556905 ], [ 136.914493155, 34.929560164 ], [ 136.914561209999988, 34.929550209 ], [ 136.914581806, 34.929582394 ], [ 136.91468777899999, 34.929634542 ], [ 136.91490912099999, 34.929735455 ], [ 136.91501937699999, 34.929785721 ], [ 136.91519964299999, 34.929865518 ], [ 136.915216388, 34.929872931 ], [ 136.915272671999986, 34.929892244 ], [ 136.91555858699999, 34.929971667 ], [ 136.915548156999989, 34.93000733 ], [ 136.91552018199999, 34.93010299 ], [ 136.915541141, 34.930153447 ], [ 136.91554788, 34.930169668 ], [ 136.91558335900001, 34.93025508 ], [ 136.91567429, 34.93044601 ], [ 136.915776904000012, 34.930661468 ], [ 136.91580014199999, 34.930708877 ], [ 136.915802084, 34.930712839 ], [ 136.915839194, 34.9307905 ], [ 136.915903708, 34.930895404 ], [ 136.915919242, 34.930920664 ], [ 136.91600938900001, 34.93106725 ], [ 136.91611558299999, 34.931199194 ], [ 136.91616213899999, 34.931249934 ], [ 136.91619145300001, 34.931266315 ], [ 136.916235948, 34.931288301 ], [ 136.916274278, 34.93130454 ], [ 136.916286444, 34.931309694 ], [ 136.916295682999987, 34.931313216 ], [ 136.916383047000011, 34.931346521 ], [ 136.916510217, 34.931395 ], [ 136.91654030699999, 34.931406471 ], [ 136.916545047, 34.931408278 ], [ 136.916587528, 34.931424472 ], [ 136.916590417, 34.931423414 ], [ 136.916686774999988, 34.931302611 ], [ 136.917443144, 34.93019208 ] ] ] } },
{ "type": "Feature", "properties": { "A29_001": "23441", "A29_002": "愛知県", "A29_003": "阿久比町", "A29_004": 6, "A29_005": "第二種住居地域", "A29_006": 60, "A29_007": 200, "A29_008": "条件付き公開" }, "geometry": { "type": "Polygon", "coordinates": [ [ [ 136.918552267, 34.92914413 ], [ 136.91910311699999, 34.928346222 ], [ 136.91956343699999, 34.928652034 ], [ 136.91983341299999, 34.92868633 ], [ 136.920414126, 34.92764244 ], [ 136.920307057, 34.927651371 ], [ 136.920180224, 34.927660781 ], [ 136.920119496000012, 34.927665287 ], [ 136.919980159, 34.927675625 ], [ 136.919819157, 34.927687569 ], [ 136.919695295999986, 34.927696759 ], [ 136.919644663000014, 34.927690716 ], [ 136.919480986, 34.927671182 ], [ 136.91948324, 34.927661304 ], [ 136.919495227, 34.927608766 ], [ 136.919486333, 34.927333333 ], [ 136.919454161, 34.927147445 ], [ 136.919420679000012, 34.926990117 ], [ 136.919357, 34.926754194 ], [ 136.919289781, 34.926456633 ], [ 136.919338083000014, 34.926118667 ], [ 136.919342166, 34.926099611 ], [ 136.919357151000014, 34.926029663 ], [ 136.919366634, 34.925985396 ], [ 136.919410153, 34.925777541 ], [ 136.919421046, 34.925725517 ], [ 136.91943899899999, 34.925641719 ], [ 136.919547032, 34.925141482 ], [ 136.91955386399999, 34.925109629 ], [ 136.91956777199999, 34.925 ], [ 136.91958405599999, 34.924919028 ], [ 136.919603110999986, 34.924860528 ], [ 136.91961636, 34.924824258 ], [ 136.91963591699999, 34.924770722 ], [ 136.91968305099999, 34.924682658 ], [ 136.919735006, 34.924587371 ], [ 136.919757196, 34.92454178 ], [ 136.919780529, 34.924493215 ], [ 136.919783147, 34.924487451 ], [ 136.919796917000014, 34.924457139 ], [ 136.919817611000013, 34.92436875 ], [ 136.919824333, 34.924281444 ], [ 136.91992252899999, 34.923894919 ], [ 136.919903938, 34.923343457 ], [ 136.91946672200001, 34.923371667 ], [ 136.919460039, 34.923318626 ], [ 136.91944662, 34.923212125 ], [ 136.91944064099999, 34.923164669 ], [ 136.919418917, 34.92299225 ], [ 136.91939994, 34.922841639 ], [ 136.919394165, 34.922794866 ], [ 136.919392484000014, 34.922781252 ], [ 136.919392183000014, 34.922778817 ], [ 136.91935755599999, 34.922498389 ], [ 136.91934831099999, 34.922418277 ], [ 136.919325444, 34.922220139 ], [ 136.919166675000014, 34.922219413 ], [ 136.919004747, 34.922223922 ], [ 136.918923138999986, 34.922229321 ], [ 136.919090447, 34.92352517 ], [ 136.91907274499999, 34.92399546 ], [ 136.918890288999989, 34.924481067 ], [ 136.91867837800001, 34.925130594 ], [ 136.9187273, 34.92571506 ], [ 136.918977356, 34.926827656 ], [ 136.919107881, 34.927572644 ], [ 136.919079543, 34.92775808 ], [ 136.918733906, 34.928332798 ], [ 136.917443144, 34.93019208 ], [ 136.916686774999988, 34.931302611 ], [ 136.916590417, 34.931423414 ], [ 136.916587528, 34.931424472 ], [ 136.916946278000012, 34.931576116 ], [ 136.91774395600001, 34.930355308 ], [ 136.918552267, 34.92914413 ] ] ] } },
{ "type": "Feature", "properties": { "A29_001": "23441", "A29_002": "愛知県", "A29_003": "阿久比町", "A29_004": 1, "A29_005": "第一種低層住居専用地域", "A29_006": 60, "A29_007": 100, "A29_008": "条件付き公開" }, "geometry": { "type": "Polygon", "coordinates": [ [ [ 136.92490097000001, 34.931964906 ], [ 136.92603723, 34.930278164 ], [ 136.926183689999988, 34.93033212 ], [ 136.926383883, 34.929961324 ], [ 136.92653123, 34.92986071 ], [ 136.927192412000011, 34.929486056 ], [ 136.927245144000011, 34.929456176 ], [ 136.927363430000014, 34.929238762 ], [ 136.926850118, 34.928981344 ], [ 136.92632481699999, 34.928735537 ], [ 136.924551412, 34.931937442 ], [ 136.924865704000013, 34.931965676 ], [ 136.92490097000001, 34.931964906 ] ] ] } },
{ "type": "Feature", "properties": { "A29_001": "23441", "A29_002": "愛知県", "A29_003": "阿久比町", "A29_004": 8, "A29_005": "近隣商業地域", "A29_006": 80, "A29_007": 200, "A29_008": "条件付き公開" }, "geometry": { "type": "Polygon", "coordinates": [ [ [ 136.91956343699999, 34.928652034 ], [ 136.91910311699999, 34.928346222 ], [ 136.918552267, 34.92914413 ], [ 136.91774395600001, 34.930355308 ], [ 136.916946278000012, 34.931576116 ], [ 136.91691128299999, 34.931626376 ], [ 136.916803284, 34.931781483 ], [ 136.916718745, 34.931902898 ], [ 136.916666666999987, 34.931977692 ], [ 136.916587365999987, 34.932091584 ], [ 136.916575461, 34.932108682 ], [ 136.916384362, 34.932383138 ], [ 136.916294325, 34.932512448 ], [ 136.916238851, 34.932605635 ], [ 136.916453698999987, 34.932701824 ], [ 136.916490484, 34.932718596 ], [ 136.916534961, 34.932738875 ], [ 136.916538714000012, 34.932739567 ], [ 136.916550766, 34.932741787 ], [ 136.916666666999987, 34.932793897 ], [ 136.916880537, 34.932890055 ], [ 136.91732054799999, 34.933096736 ], [ 136.91736086, 34.933113644 ], [ 136.917631099, 34.933226984 ], [ 136.917778484, 34.933292069 ], [ 136.91779297, 34.9331693 ], [ 136.91787001, 34.93289001 ], [ 136.91796001, 34.93257001 ], [ 136.91816001, 34.93201001 ], [ 136.91875001, 34.93060001 ], [ 136.91956343699999, 34.928652034 ] ] ] } },
{ "type": "Feature", "properties": { "A29_001": "23441", "A29_002": "愛知県", "A29_003": "阿久比町", "A29_004": 6, "A29_005": "第二種住居地域", "A29_006": 60, "A29_007": 200, "A29_008": "条件付き公開" }, "geometry": { "type": "Polygon", "coordinates": [ [ [ 136.915764817, 34.933641411 ], [ 136.91588848, 34.93330891 ], [ 136.915932723, 34.933309776 ], [ 136.915991337, 34.9333099 ], [ 136.916023196, 34.933309968 ], [ 136.916056864000012, 34.93331004 ], [ 136.91605795000001, 34.933310042 ], [ 136.91626636699999, 34.933310484 ], [ 136.916298598999987, 34.933311033 ], [ 136.916307026999988, 34.933311176 ], [ 136.916422317000013, 34.933313138 ], [ 136.916468473, 34.933318019 ], [ 136.91649525, 34.933320851 ], [ 136.916569893, 34.933328745 ], [ 136.916613274000014, 34.933333333 ], [ 136.916666666999987, 34.93333898 ], [ 136.916696287, 34.933342113 ], [ 136.916731225, 34.933345808 ], [ 136.916772247000011, 34.933350147 ], [ 136.916968903999987, 34.933370945 ], [ 136.916987463, 34.933372908 ], [ 136.917222329999987, 34.933397747 ], [ 136.917393068, 34.933415804 ], [ 136.917475523, 34.933423867 ], [ 136.91749284299999, 34.933426211 ], [ 136.917759886, 34.933449682 ], [ 136.917778484, 34.933292069 ], [ 136.917631099, 34.933226984 ], [ 136.91736086, 34.933113644 ], [ 136.91732054799999, 34.933096736 ], [ 136.916880537, 34.932890055 ], [ 136.916666666999987, 34.932793897 ], [ 136.916550766, 34.932741787 ], [ 136.916538714000012, 34.932739567 ], [ 136.916534961, 34.932738875 ], [ 136.916490484, 34.932718596 ], [ 136.916453698999987, 34.932701824 ], [ 136.916238851, 34.932605635 ], [ 136.916294325, 34.932512448 ], [ 136.916155417, 34.932432801 ], [ 136.916009292000012, 34.932345654 ], [ 136.915983267, 34.932327729 ], [ 136.915801385, 34.932570888 ], [ 136.915653873999986, 34.932862766 ], [ 136.91557683100001, 34.93319653 ], [ 136.915497926, 34.933546689 ], [ 136.915488624, 34.933633203 ], [ 136.915764817, 34.933641411 ] ] ] } },
{ "type": "Feature", "properties": { "A29_001": "23441", "A29_002": "愛知県", "A29_003": "阿久比町", "A29_004": 5, "A29_005": "第一種住居地域", "A29_006": 60, "A29_007": 200, "A29_008": "条件付き公開" }, "geometry": { "type": "Polygon", "coordinates": [ [ [ 136.915268879, 34.933606718 ], [ 136.915269254, 34.933604314 ], [ 136.91541204, 34.93362312 ], [ 136.915488624, 34.933633203 ], [ 136.915497926, 34.933546689 ], [ 136.91557683100001, 34.93319653 ], [ 136.915653873999986, 34.932862766 ], [ 136.915801385, 34.932570888 ], [ 136.915983267, 34.932327729 ], [ 136.915859993999987, 34.932242821 ], [ 136.915744784, 34.9321454 ], [ 136.915738785, 34.932140327 ], [ 136.91563750200001, 34.93203717 ], [ 136.9155259, 34.931943386 ], [ 136.915445992, 34.932008511 ], [ 136.915166723, 34.932341494 ], [ 136.91499817499999, 34.932282805 ], [ 136.914145663, 34.932387079 ], [ 136.91414784299999, 34.932266335 ], [ 136.913823065, 34.932379889 ], [ 136.91380085099999, 34.932294506 ], [ 136.91378942599999, 34.932259169 ], [ 136.913772094, 34.932230855 ], [ 136.91375483499999, 34.932203297 ], [ 136.913725351000011, 34.932164324 ], [ 136.913715083, 34.932152337 ], [ 136.91370050399999, 34.932138728 ], [ 136.913666438, 34.932111389 ], [ 136.91365618399999, 34.932103936 ], [ 136.91363536599999, 34.93209153 ], [ 136.913612687000011, 34.932078985 ], [ 136.913584422000014, 34.932064629 ], [ 136.913562998, 34.932055902 ], [ 136.913546749, 34.932049421 ], [ 136.913515203, 34.932038776 ], [ 136.913343742, 34.93203847 ], [ 136.91320907799999, 34.932037357 ], [ 136.91306827, 34.932037436 ], [ 136.913025621, 34.932033255 ], [ 136.91295149199999, 34.932023499 ], [ 136.912889887, 34.932015972 ], [ 136.912785506, 34.932002713 ], [ 136.912710871, 34.931990796 ], [ 136.912591219, 34.931971788 ], [ 136.912504399, 34.931960813 ], [ 136.912356652, 34.931945132 ], [ 136.912318446, 34.93193873 ], [ 136.912256031, 34.931923866 ], [ 136.91199133399999, 34.931884679 ], [ 136.911730732, 34.931866244 ], [ 136.91157515399999, 34.931836103 ], [ 136.911278571, 34.931746036 ], [ 136.910902205000014, 34.931700522 ], [ 136.910895176999986, 34.931907365 ], [ 136.910854394000012, 34.93310767 ], [ 136.911397318000013, 34.933147571 ], [ 136.911497520000012, 34.933215477 ], [ 136.911534432, 34.933270311 ], [ 136.911547684999988, 34.933289999 ], [ 136.91284635400001, 34.933338218 ], [ 136.91292770199999, 34.933340288 ], [ 136.913052349, 34.93334346 ], [ 136.91307429299999, 34.933344018 ], [ 136.913187130000011, 34.933357123 ], [ 136.91324538, 34.93335925 ], [ 136.91340460699999, 34.933365065 ], [ 136.913502642999987, 34.933368246 ], [ 136.913622960999987, 34.933372151 ], [ 136.913624156999987, 34.93337219 ], [ 136.91368326599999, 34.933374439 ], [ 136.91376138699999, 34.933376822 ], [ 136.913774864, 34.933377516 ], [ 136.91380768, 34.933379204 ], [ 136.9138379, 34.933381587 ], [ 136.913903049999988, 34.93338985 ], [ 136.913929091, 34.933393821 ], [ 136.914015573, 34.933419503 ], [ 136.914084739, 34.933444015 ], [ 136.91415006299999, 34.933470913 ], [ 136.91417155, 34.93347976 ], [ 136.914217653, 34.933501353 ], [ 136.91425169499999, 34.933518349 ], [ 136.91427757299999, 34.933533337 ], [ 136.914372587, 34.933599401 ], [ 136.914493255, 34.933683301 ], [ 136.914531743999987, 34.933709358 ], [ 136.914548602999986, 34.93357118 ], [ 136.914564195, 34.933443385 ], [ 136.914638306, 34.933467669 ], [ 136.914928575, 34.933562778 ], [ 136.914658099, 34.933859113 ], [ 136.914738363999987, 34.93390792 ], [ 136.914865716, 34.933985362 ], [ 136.914896981999988, 34.934001804 ], [ 136.91502812499999, 34.934070769 ], [ 136.915130854000012, 34.934124791 ], [ 136.915137397, 34.934128232 ], [ 136.915179749, 34.934140555 ], [ 136.915179883, 34.934124893 ], [ 136.91518016099999, 34.934092126 ], [ 136.915180432, 34.934060331 ], [ 136.91520566599999, 34.933934429 ], [ 136.915212604, 34.933898458 ], [ 136.915268879, 34.933606718 ] ] ] } },
{ "type": "Feature", "properties": { "A29_001": "23441", "A29_002": "愛知県", "A29_003": "阿久比町", "A29_004": 1, "A29_005": "第一種低層住居専用地域", "A29_006": 60, "A29_007": 100, "A29_008": "条件付き公開" }, "geometry": { "type": "Polygon", "coordinates": [ [ [ 136.910956147, 34.935171426 ], [ 136.911091335, 34.935124771 ], [ 136.91139465099999, 34.935139104 ], [ 136.911756768, 34.935178624 ], [ 136.911760565, 34.935157276 ], [ 136.911769313, 34.935108649 ], [ 136.911777914999988, 34.935060842 ], [ 136.91178023099999, 34.935047967 ], [ 136.911799793, 34.934939235 ], [ 136.91183599199999, 34.934738035 ], [ 136.91184365399999, 34.934739368 ], [ 136.911962628999987, 34.934760063 ], [ 136.912076393, 34.934779852 ], [ 136.912141889999987, 34.934791245 ], [ 136.912197307000014, 34.934800885 ], [ 136.91219866, 34.93480112 ], [ 136.912246269, 34.934809402 ], [ 136.912321897, 34.934834858 ], [ 136.912325597, 34.934834642 ], [ 136.912368762, 34.93483212 ], [ 136.91262641599999, 34.934734545 ], [ 136.912652786, 34.934631744 ], [ 136.912665102, 34.934583736 ], [ 136.912668303, 34.934571255 ], [ 136.91266812399999, 34.93452552 ], [ 136.912695950999989, 34.934530272 ], [ 136.912700199999989, 34.934516855 ], [ 136.912865853, 34.934557273 ], [ 136.912873684, 34.934545019 ], [ 136.91290048499999, 34.934322374 ], [ 136.912965504, 34.934219649 ], [ 136.912906327, 34.934234987 ], [ 136.912705593999988, 34.934239226 ], [ 136.912523851, 34.934244141 ], [ 136.91251065599999, 34.934244498 ], [ 136.912485825, 34.93423975 ], [ 136.91229474799999, 34.934187695 ], [ 136.912093722, 34.934157166 ], [ 136.912018002999986, 34.934091054 ], [ 136.912005408, 34.934080058 ], [ 136.91195439099999, 34.934068736 ], [ 136.911899613, 34.934056581 ], [ 136.911803721000013, 34.93406212 ], [ 136.911779228, 34.934063535 ], [ 136.911770198, 34.934065013 ], [ 136.911646647999987, 34.934085223 ], [ 136.911639847, 34.934088691 ], [ 136.91158898899999, 34.934114627 ], [ 136.911541704, 34.934117409 ], [ 136.911475602, 34.93411721 ], [ 136.91136790199999, 34.934127352 ], [ 136.911201027, 34.934121176 ], [ 136.91111202499999, 34.934055874 ], [ 136.911072073000014, 34.933980578 ], [ 136.910741616, 34.933990795 ], [ 136.910394672, 34.934107354 ], [ 136.910327935, 34.934164384 ], [ 136.910225876, 34.934251598 ], [ 136.910004093, 34.934553748 ], [ 136.909894533999989, 34.934672467 ], [ 136.90974238199999, 34.934796174 ], [ 136.909592632, 34.934892218 ], [ 136.90952446, 34.934937218 ], [ 136.909778458, 34.935153188 ], [ 136.909813367999988, 34.935255585 ], [ 136.909717905, 34.935332493 ], [ 136.910159082, 34.935741021 ], [ 136.910188713, 34.935722869 ], [ 136.910500625, 34.93554464 ], [ 136.910956147, 34.935171426 ] ] ] } },
{ "type": "Feature", "properties": { "A29_001": "23441", "A29_002": "愛知県", "A29_003": "阿久比町", "A29_004": 5, "A29_005": "第一種住居地域", "A29_006": 60, "A29_007": 200, "A29_008": "条件付き公開" }, "geometry": { "type": "Polygon", "coordinates": [ [ [ 136.934254181999989, 34.936371866 ], [ 136.934028993, 34.934062295 ], [ 136.933488473000011, 34.934109608 ], [ 136.933202107999989, 34.934129558 ], [ 136.93310197400001, 34.934135053 ], [ 136.933082485999989, 34.934623975 ], [ 136.933105168, 34.93479184 ], [ 136.933171136, 34.935280066 ], [ 136.933287372, 34.936426308 ], [ 136.934254181999989, 34.936371866 ] ] ] } },
{ "type": "Feature", "properties": { "A29_001": "23441", "A29_002": "愛知県", "A29_003": "阿久比町", "A29_004": 5, "A29_005": "第一種住居地域", "A29_006": 60, "A29_007": 200, "A29_008": "条件付き公開" }, "geometry": { "type": "Polygon", "coordinates": [ [ [ 136.92221858100001, 34.937498387 ], [ 136.922355813, 34.937494609 ], [ 136.92238477, 34.937494912 ], [ 136.922368643, 34.937136771 ], [ 136.922370519999987, 34.936809187 ], [ 136.92228355099999, 34.935122927 ], [ 136.922256792000013, 34.934498269 ], [ 136.92266413199999, 34.93322643 ], [ 136.922664446, 34.93322546 ], [ 136.922669923, 34.933224659 ], [ 136.922681716999989, 34.933222934 ], [ 136.922681809000011, 34.93322292 ], [ 136.922817184, 34.933203118 ], [ 136.922855134, 34.933197567 ], [ 136.92287325, 34.933194917 ], [ 136.922964404999988, 34.933176533 ], [ 136.923041987, 34.933160886 ], [ 136.923147333, 34.933139639 ], [ 136.923160719, 34.933138642 ], [ 136.92334413899999, 34.933124972 ], [ 136.923426647000014, 34.933119394 ], [ 136.92357555000001, 34.933109327 ], [ 136.923843659999989, 34.933117317 ], [ 136.923852899, 34.93312128 ], [ 136.92409322899999, 34.933140092 ], [ 136.924316975000011, 34.933157606 ], [ 136.924508499000012, 34.933185916 ], [ 136.924518447, 34.933113628 ], [ 136.924554465999989, 34.933052517 ], [ 136.924597468, 34.932992905 ], [ 136.92509877099999, 34.932817315 ], [ 136.925322623, 34.932728078 ], [ 136.925525345000011, 34.932625049 ], [ 136.925747695000013, 34.932488806 ], [ 136.925929803, 34.932353048 ], [ 136.926124044, 34.932162619 ], [ 136.92621861, 34.932012242 ], [ 136.926571290999988, 34.931492675 ], [ 136.926800324, 34.931163676 ], [ 136.926920380000013, 34.930976383 ], [ 136.927007730000014, 34.930849917 ], [ 136.927322924, 34.930586485 ], [ 136.92756904699999, 34.930426907 ], [ 136.927799330999989, 34.93044145 ], [ 136.927801485, 34.930409057 ], [ 136.927801001, 34.930270817 ], [ 136.927800069, 34.930004925 ], [ 136.927785158, 34.92983314 ], [ 136.927783979999987, 34.929816783 ], [ 136.927777222, 34.92972294 ], [ 136.927775402, 34.929706829 ], [ 136.927768566, 34.929646307 ], [ 136.927767058, 34.929585586 ], [ 136.927882603, 34.929543455 ], [ 136.927899411, 34.929544811 ], [ 136.92817928299999, 34.929583593 ], [ 136.928204219, 34.929585889 ], [ 136.92820805299999, 34.929565086 ], [ 136.928211409, 34.929546884 ], [ 136.928215978, 34.929534595 ], [ 136.928237739999986, 34.929436564 ], [ 136.928255001, 34.929394535 ], [ 136.928276297999986, 34.929347502 ], [ 136.92828040099999, 34.929336532 ], [ 136.928317127000014, 34.929253219 ], [ 136.928365498, 34.929110884 ], [ 136.92837611499999, 34.92908142 ], [ 136.928379524, 34.929070186 ], [ 136.92838164599999, 34.929052358 ], [ 136.928380833, 34.929033321 ], [ 136.92837753399999, 34.929016771 ], [ 136.928373335, 34.92900368 ], [ 136.928365836000012, 34.928991822 ], [ 136.928422962000013, 34.928940533 ], [ 136.928434458999988, 34.928907501 ], [ 136.928431474, 34.928862948 ], [ 136.928419628, 34.928686146 ], [ 136.928423828, 34.928639633 ], [ 136.92847774, 34.928550557 ], [ 136.928486513, 34.928524495 ], [ 136.928213746000011, 34.928445501 ], [ 136.92817406899999, 34.928386821 ], [ 136.928230659, 34.928154345 ], [ 136.928442794, 34.928106064 ], [ 136.928535571999987, 34.928055023 ], [ 136.928569699, 34.928036248 ], [ 136.928650314, 34.927699501 ], [ 136.928632056999987, 34.927127024 ], [ 136.92860149099999, 34.927059893 ], [ 136.928528668000013, 34.927005368 ], [ 136.92846962499999, 34.926964216 ], [ 136.92855167499999, 34.926778408 ], [ 136.928628134, 34.926605261 ], [ 136.92869851, 34.926557765 ], [ 136.928787594999989, 34.926542962 ], [ 136.929278484, 34.926693423 ], [ 136.929286483999988, 34.92641012 ], [ 136.929286243, 34.926395245 ], [ 136.929295932, 34.926394055 ], [ 136.92935825399999, 34.926386399 ], [ 136.929385104, 34.926381337 ], [ 136.929405674, 34.926377459 ], [ 136.929435098, 34.926369694 ], [ 136.929458866, 34.926360136 ], [ 136.929519758, 34.92634764 ], [ 136.929520782, 34.92634743 ], [ 136.929558347000011, 34.926349909 ], [ 136.929608585000011, 34.926353225 ], [ 136.929673463, 34.926358243 ], [ 136.929709409, 34.926364461 ], [ 136.929731839, 34.92637878 ], [ 136.929744978, 34.926391672 ], [ 136.929770338999987, 34.926364834 ], [ 136.929969629999988, 34.926167496 ], [ 136.93001042, 34.926172667 ], [ 136.930156718, 34.925982239 ], [ 136.930460982, 34.925586195 ], [ 136.930801550000012, 34.925485487 ], [ 136.930957473, 34.925393364 ], [ 136.931316922, 34.925018396 ], [ 136.931487034000014, 34.92502767 ], [ 136.931552305999986, 34.924960091 ], [ 136.93155761599999, 34.924895373 ], [ 136.93163956399999, 34.92485504 ], [ 136.932059562, 34.924826037 ], [ 136.932061441, 34.924826473 ], [ 136.932284501, 34.924465621 ], [ 136.932332304, 34.924388288 ], [ 136.932294442999989, 34.924370989 ], [ 136.932227461999986, 34.924340383 ], [ 136.932307549, 34.92418252 ], [ 136.932362399, 34.92398883 ], [ 136.93242063, 34.923878628 ], [ 136.932390227000013, 34.923831532 ], [ 136.932635694, 34.923590143 ], [ 136.932747218, 34.9234773 ], [ 136.93295794, 34.923308835 ], [ 136.932921537, 34.923278712 ], [ 136.932064491, 34.923730359 ], [ 136.931591035999986, 34.924100636 ], [ 136.93149806400001, 34.924034452 ], [ 136.93142855100001, 34.924038133 ], [ 136.93134573899999, 34.924169668 ], [ 136.931237517, 34.924302691 ], [ 136.931205690000013, 34.924342927 ], [ 136.931110359, 34.924463444 ], [ 136.931198749, 34.924529619 ], [ 136.931136818999988, 34.92459533 ], [ 136.931084571000014, 34.924637446 ], [ 136.93102718, 34.924655223 ], [ 136.930995044000014, 34.924652299 ], [ 136.930954254, 34.924637193 ], [ 136.930915199, 34.924622806 ], [ 136.93084214000001, 34.924583673 ], [ 136.930755172, 34.924614809 ], [ 136.93063567199999, 34.924629485 ], [ 136.930550403000012, 34.924699383 ], [ 136.930513606, 34.924866011 ], [ 136.93035633299999, 34.924948579 ], [ 136.930335680000013, 34.924975748 ], [ 136.930306022, 34.924995364 ], [ 136.930298029999989, 34.925 ], [ 136.930276690999989, 34.925012377 ], [ 136.930264681000011, 34.925018917 ], [ 136.930130588, 34.92509194 ], [ 136.930082883000011, 34.925112185 ], [ 136.93003883, 34.925136204 ], [ 136.93001985399999, 34.925146186 ], [ 136.92997170000001, 34.925172579 ], [ 136.929934605, 34.925194056 ], [ 136.929872351, 34.925235928 ], [ 136.92981102600001, 34.925276589 ], [ 136.92980111, 34.925283446 ], [ 136.929758318000012, 34.925309547 ], [ 136.929745344, 34.925316655 ], [ 136.92973028599999, 34.925323108 ], [ 136.929716208, 34.92532825 ], [ 136.929697890999989, 34.925334371 ], [ 136.929681914000014, 34.925337311 ], [ 136.929665758999988, 34.925338556 ], [ 136.929650998, 34.92533913 ], [ 136.929637401, 34.925338556 ], [ 136.929616403000011, 34.925336448 ], [ 136.92959184899999, 34.925331139 ], [ 136.929574099, 34.925324888 ], [ 136.92955977599999, 34.925317629 ], [ 136.929547727999989, 34.925310369 ], [ 136.929535096, 34.925301842 ], [ 136.92951235000001, 34.925286474 ], [ 136.92949337499999, 34.925277703 ], [ 136.929472, 34.925269512 ], [ 136.929465873999987, 34.925267603 ], [ 136.929441427, 34.925259984 ], [ 136.929424901, 34.925253065 ], [ 136.929412348999989, 34.925246628 ], [ 136.929398759, 34.925237704 ], [ 136.929385536000012, 34.925227419 ], [ 136.92937268099999, 34.925214259 ], [ 136.929352389, 34.925189977 ], [ 136.929325162999987, 34.925157312 ], [ 136.929304048, 34.925129183 ], [ 136.929292663000012, 34.925111792 ], [ 136.92928385, 34.925095913 ], [ 136.92927763099999, 34.92507974 ], [ 136.929260606000014, 34.925022277 ], [ 136.929256439999989, 34.925012586 ], [ 136.929248597999987, 34.9250069 ], [ 136.92924160199999, 34.925003831 ], [ 136.92922532899999, 34.925 ], [ 136.929190154, 34.924993415 ], [ 136.929128598, 34.924984666 ], [ 136.92909076, 34.924980214 ], [ 136.929071069, 34.924982122 ], [ 136.929050991999986, 34.924988799 ], [ 136.929016917000013, 34.924998337 ], [ 136.929008415999988, 34.925 ], [ 136.92899677599999, 34.925002277 ], [ 136.928988849, 34.925 ], [ 136.928966542000012, 34.924993591 ], [ 136.928795716, 34.924967121 ], [ 136.928670049, 34.924945309 ], [ 136.928644510999987, 34.924941185 ], [ 136.928612007999988, 34.924891667 ], [ 136.928570396999987, 34.92488278 ], [ 136.92851896, 34.924872153 ], [ 136.928421257, 34.924851518 ], [ 136.928352966, 34.924835084 ], [ 136.92831406900001, 34.924820264 ], [ 136.928233428, 34.92478901 ], [ 136.928223771, 34.92478435 ], [ 136.928214666, 34.92477806 ], [ 136.92817290799999, 34.924736564 ], [ 136.928111140999988, 34.924684462 ], [ 136.928084232, 34.924666901 ], [ 136.928062678, 34.92465802 ], [ 136.927984944, 34.924635909 ], [ 136.92783531500001, 34.924619652 ], [ 136.92779688499999, 34.924797265 ], [ 136.927478266, 34.924739382 ], [ 136.92727471500001, 34.924800123 ], [ 136.927228383999989, 34.924809309 ], [ 136.927199241000011, 34.924808431 ], [ 136.92715342599999, 34.924801142 ], [ 136.92709532, 34.924786873 ], [ 136.927070797999988, 34.924786214 ], [ 136.92703758499999, 34.924784098 ], [ 136.926920247, 34.92475869 ], [ 136.926873484999987, 34.924993684 ], [ 136.926792545000012, 34.925440743 ], [ 136.926703739, 34.926102453 ], [ 136.926590121, 34.926582244 ], [ 136.926440336000013, 34.927050038 ], [ 136.926189136, 34.927535519 ], [ 136.925792763, 34.928145934 ], [ 136.92573610299999, 34.928249482 ], [ 136.92571365399999, 34.928283173 ], [ 136.925744922, 34.928310365 ], [ 136.925897916999986, 34.928443417 ], [ 136.926115667, 34.928589194 ], [ 136.926284288, 34.928684864 ], [ 136.92633930299999, 34.928711058 ], [ 136.92632481699999, 34.928735537 ], [ 136.926850118, 34.928981344 ], [ 136.927363430000014, 34.929238762 ], [ 136.927245144000011, 34.929456176 ], [ 136.927192412000011, 34.929486056 ], [ 136.92653123, 34.92986071 ], [ 136.926383883, 34.929961324 ], [ 136.926183689999988, 34.93033212 ], [ 136.92603723, 34.930278164 ], [ 136.92490097000001, 34.931964906 ], [ 136.924865704000013, 34.931965676 ], [ 136.924551412, 34.931937442 ], [ 136.924494799, 34.931965784 ], [ 136.92449067199999, 34.931973283 ], [ 136.924334109, 34.932257782 ], [ 136.92432257499999, 34.932274647 ], [ 136.924230598, 34.932409125 ], [ 136.92419658, 34.93243714 ], [ 136.924176324, 34.932446536 ], [ 136.924161583, 34.932452139 ], [ 136.924115801999989, 34.932458833 ], [ 136.92410662099999, 34.932460175 ], [ 136.924046901, 34.93246391 ], [ 136.923951288000012, 34.932457978 ], [ 136.923931256, 34.932456736 ], [ 136.923886028, 34.93245393 ], [ 136.923869851, 34.932452288 ], [ 136.923809336, 34.932446147 ], [ 136.92380199499999, 34.932445402 ], [ 136.923794253000011, 34.932444296 ], [ 136.923784219, 34.932442863 ], [ 136.923746513, 34.932437478 ], [ 136.923744282, 34.932437159 ], [ 136.92374146899999, 34.932436757 ], [ 136.923740175, 34.932440742 ], [ 136.92369216, 34.932539314 ], [ 136.923672721, 34.932579219 ], [ 136.92366064399999, 34.932604013 ], [ 136.923618643999987, 34.93262782 ], [ 136.92358847599999, 34.932635016 ], [ 136.923465153, 34.932664435 ], [ 136.923431829, 34.932672384 ], [ 136.92339693, 34.932680709 ], [ 136.923243724, 34.932717241 ], [ 136.923188923, 34.932725314 ], [ 136.923054377999989, 34.932745132 ], [ 136.92293978699999, 34.932762012 ], [ 136.922693638, 34.932798269 ], [ 136.92267118800001, 34.932801576 ], [ 136.922605586, 34.932818396 ], [ 136.922566418, 34.93284162 ], [ 136.922478323, 34.932872583 ], [ 136.922470672, 34.932875272 ], [ 136.922455292, 34.932880678 ], [ 136.922387439, 34.932908254 ], [ 136.922229355000013, 34.932965766 ], [ 136.92222586299999, 34.932972728 ], [ 136.92220186099999, 34.933020583 ], [ 136.922173863000012, 34.933074221 ], [ 136.92215292, 34.933114343 ], [ 136.922121389000012, 34.93317475 ], [ 136.92205475, 34.933302417 ], [ 136.922046338, 34.933316906 ], [ 136.922036802, 34.933333333 ], [ 136.922036778, 34.933333374 ], [ 136.922023075999988, 34.933365121 ], [ 136.922005936, 34.933404835 ], [ 136.92198241299999, 34.933464243 ], [ 136.92196250399999, 34.933520035 ], [ 136.921960047999988, 34.93352692 ], [ 136.921927081, 34.933619305 ], [ 136.92191401299999, 34.933660201 ], [ 136.921894318999989, 34.933728074 ], [ 136.921880139, 34.933776944 ], [ 136.921877674, 34.933786407 ], [ 136.92184823299999, 34.933899404 ], [ 136.92181385399999, 34.934031355 ], [ 136.921807556, 34.934055528 ], [ 136.921798708000011, 34.934099114 ], [ 136.921778343999989, 34.934199438 ], [ 136.92176920599999, 34.934244459 ], [ 136.92176297899999, 34.934275133 ], [ 136.921748517, 34.934372624 ], [ 136.921747090999986, 34.934382238 ], [ 136.921741844, 34.934417608 ], [ 136.92173070199999, 34.934492718 ], [ 136.921728167, 34.934509806 ], [ 136.921724444, 34.934533528 ], [ 136.92172237299999, 34.934603082 ], [ 136.921720399, 34.93466937 ], [ 136.92171884199999, 34.934721671 ], [ 136.921718027999987, 34.934748985 ], [ 136.92171049, 34.934820719 ], [ 136.92170901599999, 34.93486352 ], [ 136.92170862399999, 34.934874897 ], [ 136.92170714, 34.934917975 ], [ 136.92171338899999, 34.935075972 ], [ 136.921714191, 34.935090682 ], [ 136.921714412, 34.935094734 ], [ 136.92172869, 34.935356589 ], [ 136.921739489, 34.935597706 ], [ 136.921749291, 34.935816565 ], [ 136.921770702, 34.936294618 ], [ 136.921778104, 34.936532771 ], [ 136.921782049, 34.93665967 ], [ 136.921789705, 34.936906001 ], [ 136.921790144, 34.936914423 ], [ 136.92179606, 34.937027873 ], [ 136.921814520999988, 34.93738188 ], [ 136.921821319, 34.937512245 ], [ 136.921831489, 34.937511783 ], [ 136.921846335, 34.93751111 ], [ 136.921985009, 34.937504817 ], [ 136.922153677000011, 34.937500174 ], [ 136.92221858100001, 34.937498387 ] ] ] } },
{ "type": "Feature", "properties": { "A29_001": "23441", "A29_002": "愛知県", "A29_003": "阿久比町", "A29_004": 3, "A29_005": "第一種中高層住居専用地域", "A29_006": 60, "A29_007": 200, "A29_008": "条件付き公開" }, "geometry": { "type": "Polygon", "coordinates": [ [ [ 136.925624836999987, 34.936491645 ], [ 136.925680634, 34.936469949 ], [ 136.925822648, 34.936810117 ], [ 136.925816738, 34.936931428 ], [ 136.925814621, 34.936945369 ], [ 136.92581311, 34.936963044 ], [ 136.925812807999989, 34.936985697 ], [ 136.92581311, 34.93700387 ], [ 136.925814480000014, 34.937020821 ], [ 136.92581689799999, 34.937037084 ], [ 136.925821332, 34.937056335 ], [ 136.925830198999989, 34.937078242 ], [ 136.92584748199999, 34.937112952 ], [ 136.925888918999988, 34.937192471 ], [ 136.925951250999987, 34.937320853 ], [ 136.925963947000014, 34.937344377 ], [ 136.925975566, 34.937363896 ], [ 136.925990479, 34.937382151 ], [ 136.926007809, 34.937398414 ], [ 136.926029977000013, 34.937415341 ], [ 136.92605496499999, 34.937428617 ], [ 136.926088015, 34.937439569 ], [ 136.926174667, 34.937450944 ], [ 136.926261694, 34.937429778 ], [ 136.926350082999988, 34.937397778 ], [ 136.926703056, 34.9372685 ], [ 136.926755528, 34.937234639 ], [ 136.926791694, 34.937211306 ], [ 136.926842179, 34.937145288 ], [ 136.926865265, 34.937070333 ], [ 136.927662621, 34.937220136 ], [ 136.927950723, 34.936097251 ], [ 136.927313131, 34.935961856 ], [ 136.927260864, 34.935948456 ], [ 136.927290056, 34.935936972 ], [ 136.927380083, 34.935908139 ], [ 136.927394663, 34.93590229 ], [ 136.927423134, 34.935890868 ], [ 136.92745094899999, 34.935871245 ], [ 136.927480155000012, 34.93583983 ], [ 136.927510468, 34.935802044 ], [ 136.927565378, 34.935729384 ], [ 136.92766531800001, 34.935587543 ], [ 136.92763776000001, 34.935465961 ], [ 136.927207165999988, 34.935050811 ], [ 136.926748859000014, 34.93469441 ], [ 136.926712511, 34.934632839 ], [ 136.92668892899999, 34.934595489 ], [ 136.92663151799999, 34.934519638 ], [ 136.92658799099999, 34.934474263 ], [ 136.926570459, 34.934455988 ], [ 136.926397337, 34.934299926 ], [ 136.926324810000011, 34.934222631 ], [ 136.926138111, 34.934071667 ], [ 136.926030639, 34.9340005 ], [ 136.925841889, 34.9339095 ], [ 136.92574969399999, 34.93387075 ], [ 136.92551352800001, 34.933718306 ], [ 136.925448351, 34.933677806 ], [ 136.925410889, 34.933654528 ], [ 136.925225791, 34.933515247 ], [ 136.92518394699999, 34.93348376 ], [ 136.925, 34.933368083 ], [ 136.924972207, 34.933353787 ], [ 136.924932444, 34.933333333 ], [ 136.92487810599999, 34.933308054 ], [ 136.9248565, 34.933298003 ], [ 136.924847674, 34.933293897 ], [ 136.92472216499999, 34.933245515 ], [ 136.924701551, 34.933237569 ], [ 136.92466106099999, 34.933226133 ], [ 136.924614063, 34.93321286 ], [ 136.92456788199999, 34.933199816 ], [ 136.924508499000012, 34.933185916 ], [ 136.924316975000011, 34.933157606 ], [ 136.92409322899999, 34.933140092 ], [ 136.923852899, 34.93312128 ], [ 136.923843659999989, 34.933117317 ], [ 136.92357555000001, 34.933109327 ], [ 136.923426647000014, 34.933119394 ], [ 136.92334413899999, 34.933124972 ], [ 136.923160719, 34.933138642 ], [ 136.923147333, 34.933139639 ], [ 136.923041987, 34.933160886 ], [ 136.922964404999988, 34.933176533 ], [ 136.92287325, 34.933194917 ], [ 136.922855134, 34.933197567 ], [ 136.922817184, 34.933203118 ], [ 136.922681809000011, 34.93322292 ], [ 136.922681716999989, 34.933222934 ], [ 136.922669923, 34.933224659 ], [ 136.922664446, 34.93322546 ], [ 136.92266413199999, 34.93322643 ], [ 136.922256792000013, 34.934498269 ], [ 136.92228355099999, 34.935122927 ], [ 136.922370519999987, 34.936809187 ], [ 136.922368643, 34.937136771 ], [ 136.92238477, 34.937494912 ], [ 136.92269188, 34.93749813 ], [ 136.92286399, 34.937504487 ], [ 136.92289764899999, 34.937507253 ], [ 136.923129323000012, 34.937526289 ], [ 136.923231278, 34.937533944 ], [ 136.923439155000011, 34.937549552 ], [ 136.92379533499999, 34.937576294 ], [ 136.923805191000014, 34.937577034 ], [ 136.92381659099999, 34.937577899 ], [ 136.92383801299999, 34.937579525 ], [ 136.924856729999988, 34.937173328 ], [ 136.924853090999989, 34.936870013 ], [ 136.925624836999987, 34.936491645 ] ] ] } },
{ "type": "Feature", "properties": { "A29_001": "23441", "A29_002": "愛知県", "A29_003": "阿久比町", "A29_004": 1, "A29_005": "第一種低層住居専用地域", "A29_006": 60, "A29_007": 100, "A29_008": "条件付き公開" }, "geometry": { "type": "Polygon", "coordinates": [ [ [ 136.927251923999989, 34.937772738 ], [ 136.927320987, 34.93777001 ], [ 136.92739067799999, 34.937775811 ], [ 136.92769334799999, 34.937826827 ], [ 136.927792807, 34.937892402 ], [ 136.927925253000012, 34.937269556 ], [ 136.927662621, 34.937220136 ], [ 136.926865265, 34.937070333 ], [ 136.926842179, 34.937145288 ], [ 136.926791694, 34.937211306 ], [ 136.926755528, 34.937234639 ], [ 136.926703056, 34.9372685 ], [ 136.926350082999988, 34.937397778 ], [ 136.926261694, 34.937429778 ], [ 136.926174667, 34.937450944 ], [ 136.926088015, 34.937439569 ], [ 136.92605496499999, 34.937428617 ], [ 136.926029977000013, 34.937415341 ], [ 136.926007809, 34.937398414 ], [ 136.925990479, 34.937382151 ], [ 136.925975566, 34.937363896 ], [ 136.925637865999988, 34.937473986 ], [ 136.925226318, 34.93756142 ], [ 136.925263636000011, 34.937675983 ], [ 136.92508611, 34.937713176 ], [ 136.925094035, 34.937723849 ], [ 136.925120416999988, 34.937755078 ], [ 136.925159775999987, 34.937800444 ], [ 136.925197244, 34.937830862 ], [ 136.925263505, 34.937871376 ], [ 136.925301843, 34.937896472 ], [ 136.925320887999987, 34.937908297 ], [ 136.925382374, 34.937946475 ], [ 136.92540961099999, 34.937963387 ], [ 136.925434687, 34.937977512 ], [ 136.925465349, 34.937989127 ], [ 136.925513822999989, 34.937995893 ], [ 136.925550635, 34.937999616 ], [ 136.92555807, 34.937999898 ], [ 136.925571624000014, 34.938000413 ], [ 136.925589384, 34.938000147 ], [ 136.925613602999988, 34.93799802 ], [ 136.925630461999987, 34.937996573 ], [ 136.925689842999986, 34.937991478 ], [ 136.925736194, 34.9379875 ], [ 136.92587927, 34.937969742 ], [ 136.925940528000012, 34.937962139 ], [ 136.926053083999989, 34.937948181 ], [ 136.926056466, 34.937947761 ], [ 136.926157361, 34.93793525 ], [ 136.926309948000011, 34.937915663 ], [ 136.92655725, 34.937883917 ], [ 136.926651639, 34.937872111 ], [ 136.927251923999989, 34.937772738 ] ] ] } },
{ "type": "Feature", "properties": { "A29_001": "23441", "A29_002": "愛知県", "A29_003": "阿久比町", "A29_004": 1, "A29_005": "第一種低層住居専用地域", "A29_006": 60, "A29_007": 100, "A29_008": "条件付き公開" }, "geometry": { "type": "Polygon", "coordinates": [ [ [ 136.92922433699999, 34.938184183 ], [ 136.929365107, 34.938183027 ], [ 136.929368237, 34.938303246 ], [ 136.92955418299999, 34.93830504 ], [ 136.92952326, 34.938180474 ], [ 136.92968062, 34.938181146 ], [ 136.92972411400001, 34.938383476 ], [ 136.92976767, 34.93859799 ], [ 136.92977000799999, 34.938619696 ], [ 136.930192119999987, 34.938544592 ], [ 136.93042423599999, 34.93851005 ], [ 136.93070688, 34.93852153 ], [ 136.93108057399999, 34.938681974 ], [ 136.931510924, 34.938680537 ], [ 136.931608148, 34.938597854 ], [ 136.931674974, 34.938525235 ], [ 136.931747384, 34.938419928 ], [ 136.931774743, 34.938377359 ], [ 136.93182732599999, 34.938295541 ], [ 136.93186354299999, 34.938231853 ], [ 136.931864533, 34.938229783 ], [ 136.931960206000014, 34.938029726 ], [ 136.932194235, 34.937400406 ], [ 136.93232984799999, 34.937234705 ], [ 136.932338765, 34.937223809 ], [ 136.932162132, 34.937146396 ], [ 136.93209021199999, 34.937052668 ], [ 136.932207276000014, 34.936963968 ], [ 136.932286592999986, 34.936907715 ], [ 136.932332572, 34.936879479 ], [ 136.932418582999986, 34.936831778 ], [ 136.932446207, 34.936819005 ], [ 136.932843639, 34.936666127 ], [ 136.932884672, 34.936665187 ], [ 136.93295709099999, 34.936665388 ], [ 136.93322633299999, 34.936676416 ], [ 136.933830443, 34.936743364 ], [ 136.93451801099999, 34.936857976 ], [ 136.934688365999989, 34.937072262 ], [ 136.934825768, 34.937135135 ], [ 136.935107276, 34.937169172 ], [ 136.935111842, 34.937170599 ], [ 136.935179995999988, 34.937058996 ], [ 136.935411890000012, 34.936993846 ], [ 136.93553919199999, 34.936785386 ], [ 136.935923279, 34.936672821 ], [ 136.936320386, 34.936701638 ], [ 136.936988143, 34.93651384 ], [ 136.937115240999987, 34.936376933 ], [ 136.93726003399999, 34.936386151 ], [ 136.93755354699999, 34.936294279 ], [ 136.937580924, 34.936255543 ], [ 136.937677674000014, 34.936255803 ], [ 136.937725624, 34.936249201 ], [ 136.937952079000013, 34.93621802 ], [ 136.93799823399999, 34.936209218 ], [ 136.93802204, 34.936200016 ], [ 136.93805021899999, 34.936180411 ], [ 136.938081799, 34.936148804 ], [ 136.938190154000011, 34.936033526 ], [ 136.938454103999987, 34.93575271 ], [ 136.938445605, 34.935733467 ], [ 136.938166107, 34.935285799 ], [ 136.938101577, 34.935056105 ], [ 136.938120679, 34.934695384 ], [ 136.93830331800001, 34.93411136 ], [ 136.93850257299999, 34.933511382 ], [ 136.938602567, 34.932700612 ], [ 136.938525841, 34.932749247 ], [ 136.93833056599999, 34.932873026 ], [ 136.938258001, 34.932778642 ], [ 136.938254812999986, 34.932774495 ], [ 136.938106315, 34.932798068 ], [ 136.938077658, 34.932848596 ], [ 136.938059019, 34.93288146 ], [ 136.93787993699999, 34.932875368 ], [ 136.937854546000011, 34.932882158 ], [ 136.937841756000012, 34.932915757 ], [ 136.937776766000013, 34.932981984 ], [ 136.937804655, 34.933050822 ], [ 136.937806706, 34.933100766 ], [ 136.937791586, 34.933145092 ], [ 136.93775404199999, 34.933204156 ], [ 136.937755345, 34.93324238 ], [ 136.93772542100001, 34.933308769 ], [ 136.937676183, 34.933333333 ], [ 136.937637478999989, 34.933352642 ], [ 136.937585216, 34.933408554 ], [ 136.937548807000013, 34.933416023 ], [ 136.93752774399999, 34.933416142 ], [ 136.937450367, 34.933454948 ], [ 136.93736487000001, 34.933446802 ], [ 136.93729879599999, 34.933464006 ], [ 136.937257396, 34.93349753 ], [ 136.93717283, 34.933495463 ], [ 136.93710596299999, 34.933464282 ], [ 136.93709511899999, 34.933454445 ], [ 136.93706328799999, 34.933425572 ], [ 136.937016191, 34.933391408 ], [ 136.936900713999989, 34.933371209 ], [ 136.936879678999986, 34.933367529 ], [ 136.936806569, 34.933333333 ], [ 136.936784394, 34.933322962 ], [ 136.936763848, 34.933331237 ], [ 136.936630161000011, 34.933307686 ], [ 136.936568587000011, 34.933276027 ], [ 136.936426891999986, 34.933132436 ], [ 136.936394404, 34.933147666 ], [ 136.93634290599999, 34.933143519 ], [ 136.93619417299999, 34.933074439 ], [ 136.93615549899999, 34.933035389 ], [ 136.936034995999989, 34.932999652 ], [ 136.935958443, 34.932995896 ], [ 136.935914139, 34.933010114 ], [ 136.935862595, 34.933052248 ], [ 136.935789954, 34.933085781 ], [ 136.93576278399999, 34.933086641 ], [ 136.935666364000014, 34.933110784 ], [ 136.93555376899999, 34.933115824 ], [ 136.935361261, 34.933096107 ], [ 136.935254257, 34.933176985 ], [ 136.935063989000014, 34.93324847 ], [ 136.935136069, 34.933364884 ], [ 136.93505801399999, 34.933442254 ], [ 136.935137443, 34.93350383 ], [ 136.935287405999986, 34.933620087 ], [ 136.935160919999987, 34.933722108 ], [ 136.934948135000013, 34.933893735 ], [ 136.934942874, 34.933907619 ], [ 136.934924426, 34.933956301 ], [ 136.93487743, 34.933948323 ], [ 136.934826722999986, 34.933939716 ], [ 136.934823376, 34.933842812 ], [ 136.934626458, 34.933703799 ], [ 136.934516038, 34.933703588 ], [ 136.93440187600001, 34.933677097 ], [ 136.934389952, 34.933797287 ], [ 136.934310989000011, 34.933880593 ], [ 136.93420434, 34.933826722 ], [ 136.934016359999987, 34.933961545 ], [ 136.933986678, 34.933982832 ], [ 136.933823953, 34.933915438 ], [ 136.934024397, 34.933599615 ], [ 136.934087600999987, 34.933500029 ], [ 136.934187105, 34.933519599 ], [ 136.934240573000011, 34.933361946 ], [ 136.934224575, 34.933283682 ], [ 136.93398994099999, 34.933468537 ], [ 136.933827048000012, 34.933460771 ], [ 136.933605897, 34.933295854 ], [ 136.933445862000013, 34.933352791 ], [ 136.933309537000014, 34.933218959 ], [ 136.933184089, 34.933335115 ], [ 136.93298906199999, 34.933417422 ], [ 136.932911807000011, 34.933373379 ], [ 136.932598971, 34.93319503 ], [ 136.932472192, 34.933122753 ], [ 136.932416424, 34.93312753 ], [ 136.932387094, 34.933130042 ], [ 136.932279720999986, 34.932810975 ], [ 136.932268623999988, 34.932778001 ], [ 136.932348487000013, 34.932702128 ], [ 136.932328735999988, 34.932645442 ], [ 136.932232836999987, 34.932631841 ], [ 136.932107789000014, 34.932683775 ], [ 136.931919509000011, 34.932692356 ], [ 136.931638601, 34.93280958 ], [ 136.931616701, 34.933070856 ], [ 136.931651789, 34.933108865 ], [ 136.931656369, 34.933115174 ], [ 136.931661818, 34.933122677 ], [ 136.93167818500001, 34.933145218 ], [ 136.931704569, 34.933181553 ], [ 136.931765707000011, 34.933333333 ], [ 136.931778924000014, 34.933366146 ], [ 136.931803374, 34.933393127 ], [ 136.931738187, 34.933447949 ], [ 136.931680183999987, 34.933494934 ], [ 136.931633621, 34.93350923 ], [ 136.931517992000011, 34.93354473 ], [ 136.931452216, 34.933559475 ], [ 136.931402842000011, 34.933566184 ], [ 136.93136824199999, 34.933567606 ], [ 136.931340651999989, 34.933566425 ], [ 136.93129513299999, 34.933561785 ], [ 136.931059135999988, 34.933519949 ], [ 136.93097585699999, 34.933514765 ], [ 136.930644167, 34.933526697 ], [ 136.930551184, 34.933523735 ], [ 136.930507441, 34.933522341 ], [ 136.93040003499999, 34.93359193 ], [ 136.93032313099999, 34.933640549 ], [ 136.93026749500001, 34.933675177 ], [ 136.929896281, 34.933674166 ], [ 136.92922246399999, 34.933292351 ], [ 136.928990519, 34.933376869 ], [ 136.92884375, 34.933427267 ], [ 136.928783872999986, 34.933476344 ], [ 136.928725517, 34.933625303 ], [ 136.92858060099999, 34.933660796 ], [ 136.928354012, 34.933770666 ], [ 136.92823457899999, 34.933757015 ], [ 136.928069695, 34.933811849 ], [ 136.928006205, 34.933857936 ], [ 136.927446569000011, 34.933958205 ], [ 136.927338459999987, 34.933881187 ], [ 136.927182127, 34.933784464 ], [ 136.927056803999989, 34.933719075 ], [ 136.92704351, 34.933712139 ], [ 136.926978350000013, 34.933672548 ], [ 136.926964989, 34.933660519 ], [ 136.926912405, 34.933613158 ], [ 136.926830048, 34.933514278 ], [ 136.926652377000011, 34.933300963 ], [ 136.92662868299999, 34.933272519 ], [ 136.926452871, 34.933134638 ], [ 136.926286403, 34.9329886 ], [ 136.926213447, 34.93285114 ], [ 136.926186143, 34.932603158 ], [ 136.926269494, 34.93251722 ], [ 136.926302819999989, 34.932486068 ], [ 136.92633125899999, 34.932459485 ], [ 136.926361429, 34.932423326 ], [ 136.92638695299999, 34.932392735 ], [ 136.92645759199999, 34.932269762 ], [ 136.926532342, 34.93214229 ], [ 136.926556334999987, 34.932106204 ], [ 136.926587453, 34.932059402 ], [ 136.92668100899999, 34.931971124 ], [ 136.926852037, 34.931854901 ], [ 136.926889624000012, 34.931830308 ], [ 136.926959704000012, 34.931784456 ], [ 136.927165583, 34.931653727 ], [ 136.927219009999988, 34.931614912 ], [ 136.927266543, 34.931580379 ], [ 136.927312429000011, 34.931545817 ], [ 136.92737391599999, 34.931499505 ], [ 136.927440002999987, 34.931421043 ], [ 136.927482817, 34.931359575 ], [ 136.92752291, 34.93130587 ], [ 136.92753037, 34.93129305 ], [ 136.927599221, 34.931174727 ], [ 136.927651935, 34.931046491 ], [ 136.92768569399999, 34.930964366 ], [ 136.927693691, 34.930944182 ], [ 136.927713527, 34.930894116 ], [ 136.927755835, 34.930758982 ], [ 136.927760997, 34.93073559 ], [ 136.92777964699999, 34.930621445 ], [ 136.927787720999987, 34.930572032 ], [ 136.927799330999989, 34.93044145 ], [ 136.92756904699999, 34.930426907 ], [ 136.927322924, 34.930586485 ], [ 136.927007730000014, 34.930849917 ], [ 136.926920380000013, 34.930976383 ], [ 136.926800324, 34.931163676 ], [ 136.926571290999988, 34.931492675 ], [ 136.92621861, 34.932012242 ], [ 136.926124044, 34.932162619 ], [ 136.925929803, 34.932353048 ], [ 136.925747695000013, 34.932488806 ], [ 136.925525345000011, 34.932625049 ], [ 136.925322623, 34.932728078 ], [ 136.92509877099999, 34.932817315 ], [ 136.924597468, 34.932992905 ], [ 136.924554465999989, 34.933052517 ], [ 136.924518447, 34.933113628 ], [ 136.924508499000012, 34.933185916 ], [ 136.92456788199999, 34.933199816 ], [ 136.924614063, 34.93321286 ], [ 136.92466106099999, 34.933226133 ], [ 136.924701551, 34.933237569 ], [ 136.92472216499999, 34.933245515 ], [ 136.924847674, 34.933293897 ], [ 136.9248565, 34.933298003 ], [ 136.92487810599999, 34.933308054 ], [ 136.924932444, 34.933333333 ], [ 136.924972207, 34.933353787 ], [ 136.925, 34.933368083 ], [ 136.92518394699999, 34.93348376 ], [ 136.925225791, 34.933515247 ], [ 136.925410889, 34.933654528 ], [ 136.925448351, 34.933677806 ], [ 136.92551352800001, 34.933718306 ], [ 136.92574969399999, 34.93387075 ], [ 136.925841889, 34.9339095 ], [ 136.926030639, 34.9340005 ], [ 136.926138111, 34.934071667 ], [ 136.926324810000011, 34.934222631 ], [ 136.926397337, 34.934299926 ], [ 136.926570459, 34.934455988 ], [ 136.92658799099999, 34.934474263 ], [ 136.92663151799999, 34.934519638 ], [ 136.92668892899999, 34.934595489 ], [ 136.926712511, 34.934632839 ], [ 136.926748859000014, 34.93469441 ], [ 136.927207165999988, 34.935050811 ], [ 136.92763776000001, 34.935465961 ], [ 136.92766531800001, 34.935587543 ], [ 136.927565378, 34.935729384 ], [ 136.927510468, 34.935802044 ], [ 136.927480155000012, 34.93583983 ], [ 136.92745094899999, 34.935871245 ], [ 136.927423134, 34.935890868 ], [ 136.927394663, 34.93590229 ], [ 136.927380083, 34.935908139 ], [ 136.927290056, 34.935936972 ], [ 136.927260864, 34.935948456 ], [ 136.927313131, 34.935961856 ], [ 136.927950723, 34.936097251 ], [ 136.927662621, 34.937220136 ], [ 136.927925253000012, 34.937269556 ], [ 136.927792807, 34.937892402 ], [ 136.927860541, 34.938009024 ], [ 136.927932658, 34.938166537 ], [ 136.928184162, 34.93836727 ], [ 136.928581127, 34.938611373 ], [ 136.92875945, 34.938680396 ], [ 136.928783235, 34.938687165 ], [ 136.928784603999986, 34.938687554 ], [ 136.92878511399999, 34.938687699 ], [ 136.928793974, 34.93865455 ], [ 136.928865897, 34.93833661 ], [ 136.92922911299999, 34.93833589 ], [ 136.92922433699999, 34.938184183 ] ], [ [ 136.933488473000011, 34.934109608 ], [ 136.934028993, 34.934062295 ], [ 136.934254181999989, 34.936371866 ], [ 136.933287372, 34.936426308 ], [ 136.933171136, 34.935280066 ], [ 136.933105168, 34.93479184 ], [ 136.933082485999989, 34.934623975 ], [ 136.93310197400001, 34.934135053 ], [ 136.933202107999989, 34.934129558 ], [ 136.933488473000011, 34.934109608 ] ] ] } },
{ "type": "Feature", "properties": { "A29_001": "23441", "A29_002": "愛知県", "A29_003": "阿久比町", "A29_004": 1, "A29_005": "第一種低層住居専用地域", "A29_006": 30, "A29_007": 50, "A29_008": "条件付き公開" }, "geometry": { "type": "Polygon", "coordinates": [ [ [ 136.92972411400001, 34.938383476 ], [ 136.92968062, 34.938181146 ], [ 136.92952326, 34.938180474 ], [ 136.92955418299999, 34.93830504 ], [ 136.929368237, 34.938303246 ], [ 136.929365107, 34.938183027 ], [ 136.92922433699999, 34.938184183 ], [ 136.92922911299999, 34.93833589 ], [ 136.928865897, 34.93833661 ], [ 136.928793974, 34.93865455 ], [ 136.92878511399999, 34.938687699 ], [ 136.928870106, 34.938711887 ], [ 136.928936907, 34.938724064 ], [ 136.92907337599999, 34.938734307 ], [ 136.929091199999988, 34.938735645 ], [ 136.929184227, 34.938737205 ], [ 136.92928818499999, 34.938731882 ], [ 136.929456972, 34.938702383 ], [ 136.92977000799999, 34.938619696 ], [ 136.92976767, 34.93859799 ], [ 136.92972411400001, 34.938383476 ] ] ] } },
{ "type": "Feature", "properties": { "A29_001": "23441", "A29_002": "愛知県", "A29_003": "阿久比町", "A29_004": 1, "A29_005": "第一種低層住居専用地域", "A29_006": 60, "A29_007": 100, "A29_008": "条件付き公開" }, "geometry": { "type": "Polygon", "coordinates": [ [ [ 136.923957561, 34.939143495 ], [ 136.923983256000014, 34.939024288 ], [ 136.92352587, 34.938853326 ], [ 136.923643637, 34.938734666 ], [ 136.92374869299999, 34.938761451 ], [ 136.923846214, 34.938677175 ], [ 136.924048152000012, 34.938502663 ], [ 136.92428103200001, 34.938521119 ], [ 136.924356065000012, 34.93844663 ], [ 136.924511695, 34.938464829 ], [ 136.924531516, 34.938495841 ], [ 136.924819334, 34.938466794 ], [ 136.92502069599999, 34.938406923 ], [ 136.925170925, 34.938366262 ], [ 136.92524020499999, 34.938199438 ], [ 136.925226869, 34.938176645 ], [ 136.925182863, 34.938101425 ], [ 136.92515555, 34.93787182 ], [ 136.925197244, 34.937830862 ], [ 136.925159775999987, 34.937800444 ], [ 136.925120416999988, 34.937755078 ], [ 136.925094035, 34.937723849 ], [ 136.92508611, 34.937713176 ], [ 136.92502431299999, 34.937629943 ], [ 136.92500828199999, 34.93760835 ], [ 136.925, 34.93759732 ], [ 136.924965746999987, 34.937551706 ], [ 136.924937094, 34.93748379 ], [ 136.924910667, 34.937396989 ], [ 136.924889369999988, 34.937321676 ], [ 136.924856729999988, 34.937173328 ], [ 136.92383801299999, 34.937579525 ], [ 136.92381659099999, 34.937577899 ], [ 136.923805191000014, 34.937577034 ], [ 136.92379533499999, 34.937576294 ], [ 136.923439155000011, 34.937549552 ], [ 136.923231278, 34.937533944 ], [ 136.923129323000012, 34.937526289 ], [ 136.92289764899999, 34.937507253 ], [ 136.92286399, 34.937504487 ], [ 136.92269188, 34.93749813 ], [ 136.92238477, 34.937494912 ], [ 136.922355813, 34.937494609 ], [ 136.92221858100001, 34.937498387 ], [ 136.922153677000011, 34.937500174 ], [ 136.921985009, 34.937504817 ], [ 136.921846335, 34.93751111 ], [ 136.921831489, 34.937511783 ], [ 136.921821319, 34.937512245 ], [ 136.921833482000011, 34.937725004 ], [ 136.92183347299999, 34.937727788 ], [ 136.921829163000012, 34.937943584 ], [ 136.921826621, 34.938070896 ], [ 136.921826621, 34.938129825 ], [ 136.92182685099999, 34.938179472 ], [ 136.921827189999988, 34.938252381 ], [ 136.92182745299999, 34.938308988 ], [ 136.921828342999987, 34.9385007 ], [ 136.921831007, 34.938558021 ], [ 136.9218323, 34.938585843 ], [ 136.921837032000013, 34.938687635 ], [ 136.921839385, 34.938732857 ], [ 136.921841984999986, 34.938782816 ], [ 136.921843279, 34.938846402 ], [ 136.92184924, 34.939000934 ], [ 136.921857861, 34.939224389 ], [ 136.92185823299999, 34.939252656 ], [ 136.92195156299999, 34.939237801 ], [ 136.922099857, 34.939259028 ], [ 136.92211306499999, 34.939212096 ], [ 136.922140108, 34.939115999 ], [ 136.922400656, 34.939161245 ], [ 136.922465941000013, 34.939122617 ], [ 136.922680469999989, 34.93915426 ], [ 136.92295267, 34.93929948 ], [ 136.92310211099999, 34.939478688 ], [ 136.923087691, 34.939562686 ], [ 136.923083690999988, 34.939585983 ], [ 136.923181244, 34.939654752 ], [ 136.923195533000012, 34.939720373 ], [ 136.92327875399999, 34.939738428 ], [ 136.923549893, 34.939876118 ], [ 136.92370197599999, 34.93987046 ], [ 136.923923043, 34.939799347 ], [ 136.924148011, 34.939632834 ], [ 136.924242568000011, 34.939489913 ], [ 136.924152553, 34.93931979 ], [ 136.924055202, 34.939182449 ], [ 136.923957561, 34.939143495 ] ] ] } },
{ "type": "Feature", "properties": { "A29_001": "23441", "A29_002": "愛知県", "A29_003": "阿久比町", "A29_004": 1, "A29_005": "第一種低層住居専用地域", "A29_006": 30, "A29_007": 50, "A29_008": "条件付き公開" }, "geometry": { "type": "Polygon", "coordinates": [ [ [ 136.91172036099999, 34.938591203 ], [ 136.911718310999987, 34.938580196 ], [ 136.911709105999989, 34.938580865 ], [ 136.91170956799999, 34.938565029 ], [ 136.91171173399999, 34.938528649 ], [ 136.911716399, 34.938450284 ], [ 136.911716901, 34.938408962 ], [ 136.911719827000013, 34.938381591 ], [ 136.911513883999987, 34.938481212 ], [ 136.911445848999989, 34.938518023 ], [ 136.911124323, 34.93854695 ], [ 136.911108305, 34.938548209 ], [ 136.911093548, 34.938548506 ], [ 136.911073391, 34.938549024 ], [ 136.911058814, 34.938549618 ], [ 136.911047825999987, 34.938550533 ], [ 136.911042963, 34.938550937 ], [ 136.911028476000013, 34.938552642 ], [ 136.911017297, 34.938554118 ], [ 136.911010704, 34.938554989 ], [ 136.911003862, 34.93855608 ], [ 136.910996307, 34.938557286 ], [ 136.91096849499999, 34.938562852 ], [ 136.910951039, 34.938566409 ], [ 136.910935112, 34.938567891 ], [ 136.910915875, 34.938568997 ], [ 136.910915765999988, 34.938569003 ], [ 136.910859824, 34.938572159 ], [ 136.91083956599999, 34.93857328 ], [ 136.910816291, 34.938573869 ], [ 136.910798115, 34.938575351 ], [ 136.910782235999989, 34.938577327 ], [ 136.910758542, 34.938580884 ], [ 136.91074018399999, 34.938583312 ], [ 136.910725308, 34.938584399 ], [ 136.910706855, 34.938585176 ], [ 136.91068784, 34.938584138 ], [ 136.910671963, 34.938582892 ], [ 136.91066248300001, 34.938581808 ], [ 136.910656165, 34.93858049 ], [ 136.910646528, 34.938577724 ], [ 136.91063214499999, 34.938573226 ], [ 136.910628573, 34.938572108 ], [ 136.910605065999988, 34.938563167 ], [ 136.910577604, 34.938553046 ], [ 136.910551209, 34.938543317 ], [ 136.910507661999986, 34.938527462 ], [ 136.910471357, 34.938513157 ], [ 136.91043059899999, 34.93850323 ], [ 136.910420163, 34.938501451 ], [ 136.910361784, 34.938488882 ], [ 136.910245683999989, 34.93850208 ], [ 136.90995347399999, 34.938744451 ], [ 136.909584227000011, 34.939003728 ], [ 136.909544275, 34.939059008 ], [ 136.90952628, 34.939077707 ], [ 136.909496829, 34.939108308 ], [ 136.909479629, 34.939123666 ], [ 136.909449185, 34.939150848 ], [ 136.90942106599999, 34.939180988 ], [ 136.909369657000013, 34.939237131 ], [ 136.909361569999987, 34.939267764 ], [ 136.90933902099999, 34.939301792 ], [ 136.909323640999986, 34.939319158 ], [ 136.909269991, 34.939352753 ], [ 136.909219755, 34.939391966 ], [ 136.90926555499999, 34.939409089 ], [ 136.909293878, 34.93941595 ], [ 136.90929413399999, 34.939416012 ], [ 136.909352605, 34.939430178 ], [ 136.90942766399999, 34.939458306 ], [ 136.909476364, 34.939480761 ], [ 136.90953254499999, 34.939505558 ], [ 136.909563736, 34.939520005 ], [ 136.90962603, 34.939548859 ], [ 136.909684086999988, 34.939573873 ], [ 136.909732549000012, 34.939594753 ], [ 136.909795471, 34.939621771 ], [ 136.90986279099999, 34.939651611 ], [ 136.90990623499999, 34.939670868 ], [ 136.90995252799999, 34.939691223 ], [ 136.910008256999987, 34.939714169 ], [ 136.91004601099999, 34.939733783 ], [ 136.910166519, 34.939794069 ], [ 136.910242218, 34.939829647 ], [ 136.910269776, 34.939842599 ], [ 136.910297449000012, 34.939854527 ], [ 136.910303865, 34.939857293 ], [ 136.910335901, 34.939868085 ], [ 136.91037250799999, 34.939874267 ], [ 136.910427637999987, 34.939875913 ], [ 136.910429985, 34.939875977 ], [ 136.91057181, 34.939856092 ], [ 136.910652973999987, 34.939831646 ], [ 136.91091029899999, 34.939711659 ], [ 136.911073173, 34.939634353 ], [ 136.911114636, 34.939612821 ], [ 136.911296846, 34.939518199 ], [ 136.91137097399999, 34.939470982 ], [ 136.911389281, 34.939439324 ], [ 136.911510260999989, 34.939252681 ], [ 136.911618792000013, 34.939085242 ], [ 136.911636716, 34.938933193 ], [ 136.911679924, 34.93882336 ], [ 136.911702205000012, 34.938771598 ], [ 136.91170767, 34.938758472 ], [ 136.911717328, 34.938732102 ], [ 136.91172188199999, 34.938717727 ], [ 136.911726133, 34.938702977 ], [ 136.911727883, 34.938687059 ], [ 136.911728337999989, 34.938673433 ], [ 136.911728642000014, 34.938661308 ], [ 136.911728133999986, 34.938648444 ], [ 136.91172707199999, 34.938636568 ], [ 136.911726009, 34.938626193 ], [ 136.91172036099999, 34.938591203 ] ] ] } },
{ "type": "Feature", "properties": { "A29_001": "23441", "A29_002": "愛知県", "A29_003": "阿久比町", "A29_004": 5, "A29_005": "第一種住居地域", "A29_006": 60, "A29_007": 200, "A29_008": "条件付き公開" }, "geometry": { "type": "Polygon", "coordinates": [ [ [ 136.914641652, 34.939673694 ], [ 136.914683916, 34.939280582 ], [ 136.91479458399999, 34.938609984 ], [ 136.91495351899999, 34.937545933 ], [ 136.915135047, 34.936195709 ], [ 136.91532687099999, 34.934731651 ], [ 136.915335160000012, 34.934696732 ], [ 136.915314473, 34.934692587 ], [ 136.91528197400001, 34.934688885 ], [ 136.91523003, 34.934682968 ], [ 136.915084345999986, 34.934663067 ], [ 136.91506049099999, 34.934663759 ], [ 136.91504652099999, 34.934664164 ], [ 136.91500110699999, 34.934667444 ], [ 136.91498331299999, 34.934667795 ], [ 136.914947164000012, 34.934668508 ], [ 136.914902659, 34.934668165 ], [ 136.914858486000014, 34.934666897 ], [ 136.914824008000011, 34.934665503 ], [ 136.914750473, 34.934658428 ], [ 136.914662463000013, 34.934645307 ], [ 136.914619111, 34.934643403 ], [ 136.914507648000011, 34.934641032 ], [ 136.91445207699999, 34.934639813 ], [ 136.914388137, 34.934636857 ], [ 136.91424931099999, 34.934623708 ], [ 136.914212412000012, 34.934624164 ], [ 136.914150666000012, 34.934624926 ], [ 136.914164419, 34.934566277 ], [ 136.914185804, 34.934499936 ], [ 136.91418205299999, 34.9344988 ], [ 136.914157061999987, 34.934491231 ], [ 136.914092444, 34.934475998 ], [ 136.914057175000011, 34.934470514 ], [ 136.914002423, 34.934462999 ], [ 136.913935705, 34.93445353 ], [ 136.913606096, 34.934420992 ], [ 136.913403155, 34.934407642 ], [ 136.913373293, 34.934405678 ], [ 136.91336998700001, 34.934390381 ], [ 136.91334674699999, 34.934282831 ], [ 136.913341274, 34.934257502 ], [ 136.912965504, 34.934219649 ], [ 136.91290048499999, 34.934322374 ], [ 136.912873684, 34.934545019 ], [ 136.912865853, 34.934557273 ], [ 136.912700199999989, 34.934516855 ], [ 136.912695950999989, 34.934530272 ], [ 136.91266812399999, 34.93452552 ], [ 136.912668303, 34.934571255 ], [ 136.912665102, 34.934583736 ], [ 136.912652786, 34.934631744 ], [ 136.91262641599999, 34.934734545 ], [ 136.912368762, 34.93483212 ], [ 136.912325597, 34.934834642 ], [ 136.912321897, 34.934834858 ], [ 136.912246269, 34.934809402 ], [ 136.91219866, 34.93480112 ], [ 136.912197307000014, 34.934800885 ], [ 136.912141889999987, 34.934791245 ], [ 136.912076393, 34.934779852 ], [ 136.911962628999987, 34.934760063 ], [ 136.91184365399999, 34.934739368 ], [ 136.91183599199999, 34.934738035 ], [ 136.911799793, 34.934939235 ], [ 136.91178023099999, 34.935047967 ], [ 136.911777914999988, 34.935060842 ], [ 136.911769313, 34.935108649 ], [ 136.911760565, 34.935157276 ], [ 136.911756768, 34.935178624 ], [ 136.911788808000011, 34.93518212 ], [ 136.911888511, 34.935196492 ], [ 136.911893466, 34.935235363 ], [ 136.911895715000014, 34.935253008 ], [ 136.91190731899999, 34.935352952 ], [ 136.911909812, 34.935374418 ], [ 136.911912973999989, 34.935397315 ], [ 136.91191439100001, 34.935410164 ], [ 136.911915466000011, 34.935420708 ], [ 136.911915533000013, 34.935421371 ], [ 136.911918003000011, 34.935445602 ], [ 136.911918657, 34.935460687 ], [ 136.911922366, 34.93550721 ], [ 136.911928719, 34.935517748 ], [ 136.911935496000012, 34.935528991 ], [ 136.91193841899999, 34.935545471 ], [ 136.911949908, 34.935544642 ], [ 136.91195106399999, 34.935544558 ], [ 136.91197060799999, 34.935543147 ], [ 136.91207509099999, 34.935538516 ], [ 136.91208941799999, 34.935537881 ], [ 136.912174198, 34.93553474 ], [ 136.912208013999987, 34.935605341 ], [ 136.91227042, 34.93565556 ], [ 136.912347498, 34.935690139 ], [ 136.912348447999989, 34.935791724 ], [ 136.912283083, 34.93598646 ], [ 136.912259753, 34.936178734 ], [ 136.912292404999988, 34.936421143 ], [ 136.912300673, 34.936462854 ], [ 136.912318860999989, 34.936517999 ], [ 136.912329430999989, 34.936543969 ], [ 136.912333741999987, 34.936554559 ], [ 136.912336731000011, 34.936566077 ], [ 136.913119596, 34.936559357 ], [ 136.913241088, 34.936492528 ], [ 136.91334606699999, 34.936497219 ], [ 136.913394162, 34.936549916 ], [ 136.913580970999988, 34.93657893 ], [ 136.913590918000011, 34.936714143 ], [ 136.91405616, 34.936673875 ], [ 136.914059568999988, 34.93671343 ], [ 136.91406593799999, 34.936815796 ], [ 136.91408133199999, 34.936887813 ], [ 136.914089026999989, 34.936922821 ], [ 136.914108822, 34.93697488 ], [ 136.91365046300001, 34.937586085 ], [ 136.913546526, 34.937671998 ], [ 136.913491658, 34.937719984 ], [ 136.91343509, 34.93777064 ], [ 136.913270479, 34.937907816 ], [ 136.913228651, 34.937943812 ], [ 136.913213514, 34.937956781 ], [ 136.91316035299999, 34.938002331 ], [ 136.913116771, 34.938037671 ], [ 136.913093593000013, 34.938057056 ], [ 136.913063238, 34.938079512 ], [ 136.913036484, 34.938094552 ], [ 136.91300410299999, 34.93811143 ], [ 136.912935384, 34.938142659 ], [ 136.912879866999987, 34.938167514 ], [ 136.912842436, 34.938181813 ], [ 136.912794588, 34.938199607 ], [ 136.91273851, 34.938217509 ], [ 136.912696288, 34.938229957 ], [ 136.912586215, 34.938265483 ], [ 136.912543414999988, 34.938280262 ], [ 136.91251871099999, 34.938290199 ], [ 136.91248135399999, 34.938304848 ], [ 136.912453781000011, 34.938319496 ], [ 136.912463989, 34.938381324 ], [ 136.91267138399999, 34.938694045 ], [ 136.912676462, 34.938702415 ], [ 136.912674462000012, 34.938776937 ], [ 136.912671985, 34.938799703 ], [ 136.912669204999986, 34.938825249 ], [ 136.912659409000014, 34.938864273 ], [ 136.91265403599999, 34.938885675 ], [ 136.912626635, 34.938957698 ], [ 136.912529959000011, 34.939211827 ], [ 136.912526340999989, 34.939221338 ], [ 136.912509478, 34.939265664 ], [ 136.912480089000013, 34.939342917 ], [ 136.912459425, 34.939367461 ], [ 136.912402823, 34.939411164 ], [ 136.91233748, 34.939466719 ], [ 136.912315307999989, 34.939541328 ], [ 136.91230997299999, 34.939561019 ], [ 136.912298271, 34.939604209 ], [ 136.912302433, 34.939618903 ], [ 136.91230789799999, 34.939634466 ], [ 136.912313934999986, 34.939651656 ], [ 136.912323281999988, 34.93968182 ], [ 136.912328532, 34.939703799 ], [ 136.912335902, 34.939734657 ], [ 136.912364115, 34.939846219 ], [ 136.912382978000011, 34.939863859 ], [ 136.91249856499999, 34.939942251 ], [ 136.912555733, 34.940031239 ], [ 136.912637514000011, 34.939969256 ], [ 136.912743126, 34.939917554 ], [ 136.913200302, 34.939648601 ], [ 136.913234, 34.939655 ], [ 136.913271959000014, 34.939687323 ], [ 136.913319306, 34.939727639 ], [ 136.91334839699999, 34.939745423 ], [ 136.913357359, 34.939750902 ], [ 136.913403834, 34.939779312 ], [ 136.913431099, 34.93979598 ], [ 136.913626813, 34.939890415 ], [ 136.91364484799999, 34.939899372 ], [ 136.91364973099999, 34.939901797 ], [ 136.913719687, 34.939936541 ], [ 136.913804660000011, 34.939975382 ], [ 136.91380712899999, 34.93997651 ], [ 136.913887491, 34.940012196 ], [ 136.913925704, 34.940028933 ], [ 136.913967493, 34.940043861 ], [ 136.91402192699999, 34.940063456 ], [ 136.914027377, 34.940065231 ], [ 136.914088348, 34.940085085 ], [ 136.914105766, 34.940095425 ], [ 136.91411578200001, 34.940102619 ], [ 136.914127928999989, 34.940112447 ], [ 136.914135999, 34.940119755 ], [ 136.91414922300001, 34.940141793 ], [ 136.914169781, 34.940176054 ], [ 136.91418271399999, 34.940200521 ], [ 136.91428246800001, 34.940455003 ], [ 136.914744684999988, 34.940540186 ], [ 136.91473681299999, 34.940512504 ], [ 136.914641673, 34.94007058 ], [ 136.914641652, 34.939673694 ] ] ] } },
{ "type": "Feature", "properties": { "A29_001": "23441", "A29_002": "愛知県", "A29_003": "阿久比町", "A29_004": 8, "A29_005": "近隣商業地域", "A29_006": 80, "A29_007": 200, "A29_008": "条件付き公開" }, "geometry": { "type": "Polygon", "coordinates": [ [ [ 136.916196988, 34.942665613 ], [ 136.91615141, 34.94217507 ], [ 136.916541302000013, 34.94221854 ], [ 136.916664056, 34.941345274 ], [ 136.916341969, 34.941328939 ], [ 136.916352679, 34.941235939 ], [ 136.915946306, 34.941181523 ], [ 136.915906613, 34.941044683 ], [ 136.915319565, 34.941121635 ], [ 136.915370994, 34.941305244 ], [ 136.915527972, 34.941871556 ], [ 136.915691944, 34.942438056 ], [ 136.915770740999989, 34.942735005 ], [ 136.91579474400001, 34.94282546 ], [ 136.91594207599999, 34.942811808 ], [ 136.916196988, 34.942665613 ] ] ] } },
{ "type": "Feature", "properties": { "A29_001": "23441", "A29_002": "愛知県", "A29_003": "阿久比町", "A29_004": 6, "A29_005": "第二種住居地域", "A29_006": 60, "A29_007": 200, "A29_008": "条件付き公開" }, "geometry": { "type": "Polygon", "coordinates": [ [ [ 136.915319565, 34.941121635 ], [ 136.915906613, 34.941044683 ], [ 136.915946306, 34.941181523 ], [ 136.916352679, 34.941235939 ], [ 136.916341969, 34.941328939 ], [ 136.916664056, 34.941345274 ], [ 136.916737375999986, 34.940579707 ], [ 136.916774197, 34.940377044 ], [ 136.916781012, 34.940343785 ], [ 136.916710912000013, 34.940335223 ], [ 136.916575615999989, 34.940318959 ], [ 136.916399969999986, 34.940297844 ], [ 136.91599951, 34.940249704 ], [ 136.91595827399999, 34.940246949 ], [ 136.915929904, 34.940247273 ], [ 136.91590294, 34.940248903 ], [ 136.915795307, 34.940255413 ], [ 136.915414199999987, 34.940278459 ], [ 136.91513559099999, 34.940295306 ], [ 136.91508439899999, 34.940298402 ], [ 136.91507983, 34.940275916 ], [ 136.915066223999986, 34.94020895 ], [ 136.91504303, 34.940094796 ], [ 136.915042699999987, 34.940091538 ], [ 136.91504086, 34.940073358 ], [ 136.915028895, 34.93995512 ], [ 136.91502672199999, 34.939930242 ], [ 136.91502462599999, 34.939846541 ], [ 136.915024949000014, 34.939611979 ], [ 136.91503779199999, 34.93946246 ], [ 136.91507009899999, 34.939296824 ], [ 136.915151933, 34.938734865 ], [ 136.91515276199999, 34.93872917 ], [ 136.91516135399999, 34.938670169 ], [ 136.915165933999987, 34.938638713 ], [ 136.915515459, 34.938388085 ], [ 136.915712778, 34.938396889 ], [ 136.915740921, 34.93839356 ], [ 136.91575869499999, 34.938390478 ], [ 136.915776188, 34.938386223 ], [ 136.915781837999987, 34.938382987 ], [ 136.915791673, 34.938368895 ], [ 136.915801652, 34.938356857 ], [ 136.91581267699999, 34.938348183 ], [ 136.91582779399999, 34.938332582 ], [ 136.915828557, 34.937939879 ], [ 136.915829782, 34.937811045 ], [ 136.915925945999987, 34.9377802 ], [ 136.916103136, 34.937702035 ], [ 136.91621434699999, 34.93770608 ], [ 136.916182021999987, 34.937465923 ], [ 136.916054462, 34.937439382 ], [ 136.915979402, 34.937423765 ], [ 136.91598117699999, 34.937402651 ], [ 136.91600160199999, 34.937159785 ], [ 136.915934606, 34.937152018 ], [ 136.91576219699999, 34.937136662 ], [ 136.91565881299999, 34.937128126 ], [ 136.915657864, 34.937127855 ], [ 136.915456713, 34.936674339 ], [ 136.915443891, 34.93662769 ], [ 136.91546861899999, 34.936459708 ], [ 136.915524444, 34.936080477 ], [ 136.915524854000012, 34.936077688 ], [ 136.91557752, 34.935715086 ], [ 136.915589578, 34.935630183 ], [ 136.915642048, 34.935255433 ], [ 136.915648879, 34.935207602 ], [ 136.915712097000011, 34.934764921 ], [ 136.915572827, 34.934743776 ], [ 136.91547032599999, 34.934723814 ], [ 136.915335160000012, 34.934696732 ], [ 136.91532687099999, 34.934731651 ], [ 136.915135047, 34.936195709 ], [ 136.91495351899999, 34.937545933 ], [ 136.91479458399999, 34.938609984 ], [ 136.914683916, 34.939280582 ], [ 136.914641652, 34.939673694 ], [ 136.914641673, 34.94007058 ], [ 136.91473681299999, 34.940512504 ], [ 136.914744684999988, 34.940540186 ], [ 136.915026430000012, 34.9415308 ], [ 136.915538795, 34.943299863 ], [ 136.915624275, 34.943765146 ], [ 136.915535914, 34.944244978 ], [ 136.915209777, 34.945517384 ], [ 136.91489768, 34.946635714 ], [ 136.915285594000011, 34.946549465 ], [ 136.915299108, 34.946499995 ], [ 136.915418300999988, 34.946095851 ], [ 136.915473983999988, 34.945889387 ], [ 136.91562848699999, 34.945304288 ], [ 136.915745576, 34.944883531 ], [ 136.915788214, 34.944737047 ], [ 136.915969899, 34.944075497 ], [ 136.915980579, 34.944001844 ], [ 136.91599155599999, 34.943887778 ], [ 136.91599727799999, 34.943824444 ], [ 136.916002639, 34.943734389 ], [ 136.916000395999987, 34.943702285 ], [ 136.91599727799999, 34.943657667 ], [ 136.915975722000013, 34.943507556 ], [ 136.915954123, 34.943415937 ], [ 136.91579474400001, 34.94282546 ], [ 136.915770740999989, 34.942735005 ], [ 136.915691944, 34.942438056 ], [ 136.915527972, 34.941871556 ], [ 136.915370994, 34.941305244 ], [ 136.915319565, 34.941121635 ] ] ] } },
{ "type": "Feature", "properties": { "A29_001": "23441", "A29_002": "愛知県", "A29_003": "阿久比町", "A29_004": 3, "A29_005": "第一種中高層住居専用地域", "A29_006": 60, "A29_007": 200, "A29_008": "条件付き公開" }, "geometry": { "type": "Polygon", "coordinates": [ [ [ 136.91489768, 34.946635714 ], [ 136.915209777, 34.945517384 ], [ 136.915535914, 34.944244978 ], [ 136.915624275, 34.943765146 ], [ 136.915538795, 34.943299863 ], [ 136.915026430000012, 34.9415308 ], [ 136.914744684999988, 34.940540186 ], [ 136.91428246800001, 34.940455003 ], [ 136.91418271399999, 34.940200521 ], [ 136.914169781, 34.940176054 ], [ 136.91414922300001, 34.940141793 ], [ 136.914135999, 34.940119755 ], [ 136.914127928999989, 34.940112447 ], [ 136.91411578200001, 34.940102619 ], [ 136.914105766, 34.940095425 ], [ 136.914088348, 34.940085085 ], [ 136.914027377, 34.940065231 ], [ 136.91402192699999, 34.940063456 ], [ 136.913967493, 34.940043861 ], [ 136.913925704, 34.940028933 ], [ 136.913887491, 34.940012196 ], [ 136.91380712899999, 34.93997651 ], [ 136.913804660000011, 34.939975382 ], [ 136.913719687, 34.939936541 ], [ 136.91364973099999, 34.939901797 ], [ 136.91364484799999, 34.939899372 ], [ 136.913626813, 34.939890415 ], [ 136.913431099, 34.93979598 ], [ 136.913403834, 34.939779312 ], [ 136.913357359, 34.939750902 ], [ 136.91334839699999, 34.939745423 ], [ 136.913319306, 34.939727639 ], [ 136.913271959000014, 34.939687323 ], [ 136.913234, 34.939655 ], [ 136.913200302, 34.939648601 ], [ 136.912743126, 34.939917554 ], [ 136.912637514000011, 34.939969256 ], [ 136.912555733, 34.940031239 ], [ 136.91249856499999, 34.939942251 ], [ 136.912382978000011, 34.939863859 ], [ 136.912364115, 34.939846219 ], [ 136.912335902, 34.939734657 ], [ 136.912328532, 34.939703799 ], [ 136.912323281999988, 34.93968182 ], [ 136.912313934999986, 34.939651656 ], [ 136.91230789799999, 34.939634466 ], [ 136.912302433, 34.939618903 ], [ 136.912298271, 34.939604209 ], [ 136.91230997299999, 34.939561019 ], [ 136.912315307999989, 34.939541328 ], [ 136.91233748, 34.939466719 ], [ 136.912402823, 34.939411164 ], [ 136.912459425, 34.939367461 ], [ 136.912480089000013, 34.939342917 ], [ 136.912509478, 34.939265664 ], [ 136.912526340999989, 34.939221338 ], [ 136.912529959000011, 34.939211827 ], [ 136.912626635, 34.938957698 ], [ 136.91265403599999, 34.938885675 ], [ 136.912659409000014, 34.938864273 ], [ 136.912669204999986, 34.938825249 ], [ 136.912671985, 34.938799703 ], [ 136.912674462000012, 34.938776937 ], [ 136.912676462, 34.938702415 ], [ 136.91267138399999, 34.938694045 ], [ 136.912463989, 34.938381324 ], [ 136.912453781000011, 34.938319496 ], [ 136.91248135399999, 34.938304848 ], [ 136.91251871099999, 34.938290199 ], [ 136.912543414999988, 34.938280262 ], [ 136.912586215, 34.938265483 ], [ 136.912696288, 34.938229957 ], [ 136.91273851, 34.938217509 ], [ 136.912794588, 34.938199607 ], [ 136.912842436, 34.938181813 ], [ 136.912879866999987, 34.938167514 ], [ 136.912935384, 34.938142659 ], [ 136.91300410299999, 34.93811143 ], [ 136.913036484, 34.938094552 ], [ 136.913063238, 34.938079512 ], [ 136.913093593000013, 34.938057056 ], [ 136.913116771, 34.938037671 ], [ 136.91316035299999, 34.938002331 ], [ 136.913213514, 34.937956781 ], [ 136.913228651, 34.937943812 ], [ 136.913270479, 34.937907816 ], [ 136.91343509, 34.93777064 ], [ 136.913491658, 34.937719984 ], [ 136.913546526, 34.937671998 ], [ 136.91365046300001, 34.937586085 ], [ 136.913553893999989, 34.937610006 ], [ 136.913375075, 34.937654302 ], [ 136.91314320399999, 34.937711739 ], [ 136.912721411, 34.937712349 ], [ 136.912358630999989, 34.937801407 ], [ 136.91187107499999, 34.93799418 ], [ 136.911703769000013, 34.937988552 ], [ 136.911553113, 34.938014139 ], [ 136.911490402999988, 34.93806171 ], [ 136.911370895, 34.938211217 ], [ 136.911230874000012, 34.938419222 ], [ 136.911108305, 34.938548209 ], [ 136.911124323, 34.93854695 ], [ 136.911445848999989, 34.938518023 ], [ 136.911513883999987, 34.938481212 ], [ 136.911719827000013, 34.938381591 ], [ 136.911716901, 34.938408962 ], [ 136.911716399, 34.938450284 ], [ 136.91171173399999, 34.938528649 ], [ 136.91170956799999, 34.938565029 ], [ 136.911709105999989, 34.938580865 ], [ 136.911718310999987, 34.938580196 ], [ 136.91172036099999, 34.938591203 ], [ 136.911726009, 34.938626193 ], [ 136.91172707199999, 34.938636568 ], [ 136.911728133999986, 34.938648444 ], [ 136.911728642000014, 34.938661308 ], [ 136.911728337999989, 34.938673433 ], [ 136.911727883, 34.938687059 ], [ 136.911726133, 34.938702977 ], [ 136.91172188199999, 34.938717727 ], [ 136.911717328, 34.938732102 ], [ 136.91170767, 34.938758472 ], [ 136.911702205000012, 34.938771598 ], [ 136.911679924, 34.93882336 ], [ 136.911636716, 34.938933193 ], [ 136.911618792000013, 34.939085242 ], [ 136.911510260999989, 34.939252681 ], [ 136.911389281, 34.939439324 ], [ 136.91137097399999, 34.939470982 ], [ 136.911296846, 34.939518199 ], [ 136.911114636, 34.939612821 ], [ 136.911073173, 34.939634353 ], [ 136.91091029899999, 34.939711659 ], [ 136.910652973999987, 34.939831646 ], [ 136.91057181, 34.939856092 ], [ 136.910518606000011, 34.93991442 ], [ 136.91050589, 34.93993284 ], [ 136.910488017, 34.939955745 ], [ 136.91047633299999, 34.939973508 ], [ 136.910470651999987, 34.93998202 ], [ 136.91046343, 34.93999874 ], [ 136.91046041199999, 34.940007657 ], [ 136.910458991000013, 34.940016137 ], [ 136.910458381000012, 34.940024598 ], [ 136.910457779000012, 34.940032952 ], [ 136.91045635899999, 34.940048253 ], [ 136.910453038000014, 34.940069159 ], [ 136.910445200999987, 34.940145623 ], [ 136.910648646999988, 34.940484107 ], [ 136.910738946, 34.940692446 ], [ 136.910923475, 34.940757825 ], [ 136.911073179999988, 34.940844644 ], [ 136.911104001000012, 34.940873401 ], [ 136.911146183, 34.940898678 ], [ 136.911249527, 34.940976038 ], [ 136.911364154000012, 34.941000608 ], [ 136.91145795700001, 34.941015116 ], [ 136.91159046199999, 34.941085847 ], [ 136.91163532600001, 34.941118815 ], [ 136.911670617999988, 34.941148188 ], [ 136.911714799, 34.941182879 ], [ 136.911727633, 34.941193707 ], [ 136.911809618, 34.941266863 ], [ 136.911835233, 34.941289879 ], [ 136.911863576, 34.941315639 ], [ 136.911880466000014, 34.941330989 ], [ 136.911935218999986, 34.941383152 ], [ 136.911950952000012, 34.941396642 ], [ 136.91212600599999, 34.941548928 ], [ 136.912141698999989, 34.941565476 ], [ 136.912189325000014, 34.941615697 ], [ 136.91220499, 34.941632216 ], [ 136.91223592, 34.941664832 ], [ 136.912237554, 34.941666667 ], [ 136.912241918, 34.941671569 ], [ 136.912266114, 34.941698746 ], [ 136.912283617000014, 34.941719644 ], [ 136.912306589, 34.941748289 ], [ 136.912353110999987, 34.941808046 ], [ 136.912363585, 34.941821501 ], [ 136.912413549, 34.941889299 ], [ 136.912421095000013, 34.941899538 ], [ 136.91248464200001, 34.941987805 ], [ 136.912508844, 34.942021421 ], [ 136.91252038799999, 34.942037392 ], [ 136.912536534999987, 34.942059729 ], [ 136.912572689, 34.942102826 ], [ 136.912603010999987, 34.942139766 ], [ 136.912640067000012, 34.94218222 ], [ 136.912641226, 34.942183547 ], [ 136.91270104099999, 34.942252046 ], [ 136.912731087999987, 34.942280989 ], [ 136.91278450499999, 34.942344059 ], [ 136.912808809000012, 34.942378889 ], [ 136.912823765000013, 34.942398132 ], [ 136.91283498300001, 34.94241218 ], [ 136.912885038000013, 34.942474151 ], [ 136.912907472, 34.942500834 ], [ 136.912935202999989, 34.942539576 ], [ 136.912957237, 34.942573368 ], [ 136.912974893000012, 34.942617308 ], [ 136.912977622999989, 34.942622896 ], [ 136.913050403999989, 34.942768258 ], [ 136.913124248, 34.942915592 ], [ 136.913211397, 34.943088567 ], [ 136.91325137699999, 34.943165636 ], [ 136.91326834, 34.943196834 ], [ 136.913272761, 34.943205382 ], [ 136.91329328899999, 34.943244494 ], [ 136.91331718699999, 34.9432928 ], [ 136.913329858999987, 34.943318417 ], [ 136.913352056, 34.943358806 ], [ 136.91339058, 34.943450821 ], [ 136.913412932, 34.943522682 ], [ 136.913418726, 34.943541308 ], [ 136.913422860999987, 34.943554601 ], [ 136.913440806000011, 34.943634167 ], [ 136.913448699000014, 34.943672096 ], [ 136.913450504, 34.943696371 ], [ 136.91345357599999, 34.943737686 ], [ 136.913453905000011, 34.943742109 ], [ 136.913455821000014, 34.943772162 ], [ 136.913461748, 34.943865157 ], [ 136.913459209, 34.943895475 ], [ 136.913460536, 34.943993265 ], [ 136.913411722, 34.94417739 ], [ 136.91325707499999, 34.944354524 ], [ 136.913258167, 34.944658417 ], [ 136.913257351999988, 34.944689694 ], [ 136.913255278, 34.944769278 ], [ 136.913250435, 34.944889515 ], [ 136.912858688999989, 34.944907669 ], [ 136.912817391, 34.944909583 ], [ 136.912620894000014, 34.944918688 ], [ 136.91211561099999, 34.94475675 ], [ 136.912053874, 34.944748904 ], [ 136.912018029, 34.94474524 ], [ 136.911961923, 34.944739504 ], [ 136.911955197999987, 34.944739277 ], [ 136.911903088, 34.944737516 ], [ 136.911901027, 34.944737447 ], [ 136.911809694, 34.944734361 ], [ 136.911790158, 34.944733891 ], [ 136.911770372, 34.944733415 ], [ 136.911738442, 34.944732648 ], [ 136.911553278000014, 34.944728194 ], [ 136.911532583, 34.944728139 ], [ 136.911488692, 34.944727995 ], [ 136.911484274, 34.94472798 ], [ 136.91143091699999, 34.944727806 ], [ 136.91132325, 34.944725889 ], [ 136.91122611099999, 34.944713528 ], [ 136.910871355000012, 34.94455277 ], [ 136.910852205, 34.945107191 ], [ 136.91096914100001, 34.945306214 ], [ 136.91122166400001, 34.945608468 ], [ 136.911513756, 34.945816766 ], [ 136.912859137999988, 34.94528843 ], [ 136.912925843000011, 34.945247285 ], [ 136.913374999000013, 34.945993052 ], [ 136.913497428, 34.945956805 ], [ 136.913513803, 34.945967846 ], [ 136.913539944, 34.945985472 ], [ 136.91363983299999, 34.946053028 ], [ 136.913618326, 34.946050589 ], [ 136.913632033, 34.946064485 ], [ 136.913652058999986, 34.946084787 ], [ 136.91366442399999, 34.946109537 ], [ 136.913672415, 34.946125515 ], [ 136.913676790000011, 34.946137263 ], [ 136.913680567, 34.946146654 ], [ 136.91368361100001, 34.94615647 ], [ 136.913690608, 34.946188759 ], [ 136.913693607, 34.946200583 ], [ 136.91370132099999, 34.946230994 ], [ 136.913713346, 34.946278405 ], [ 136.913755815, 34.946424356 ], [ 136.913757080000011, 34.946427944 ], [ 136.913797593999988, 34.946542874 ], [ 136.91377882399999, 34.94663339 ], [ 136.91382837, 34.94676471 ], [ 136.913854250000014, 34.946833304 ], [ 136.91489768, 34.946635714 ] ] ] } },
{ "type": "Feature", "properties": { "A29_001": "23441", "A29_002": "愛知県", "A29_003": "阿久比町", "A29_004": 8, "A29_005": "近隣商業地域", "A29_006": 80, "A29_007": 200, "A29_008": "条件付き公開" }, "geometry": { "type": "Polygon", "coordinates": [ [ [ 136.925722545000013, 34.957487355 ], [ 136.92545057000001, 34.957334316 ], [ 136.924709213, 34.958209807 ], [ 136.92496721, 34.958365446 ], [ 136.925722545000013, 34.957487355 ] ] ] } },
{ "type": "Feature", "properties": { "A29_001": "23441", "A29_002": "愛知県", "A29_003": "阿久比町", "A29_004": 1, "A29_005": "第一種低層住居専用地域", "A29_006": 50, "A29_007": 100, "A29_008": "条件付き公開" }, "geometry": { "type": "Polygon", "coordinates": [ [ [ 136.922724203, 34.959017917 ], [ 136.922379471, 34.95861083 ], [ 136.922589611, 34.958478452 ], [ 136.922688131, 34.958570359 ], [ 136.92278255299999, 34.958481106 ], [ 136.922763632999988, 34.95841321 ], [ 136.922753408, 34.95834825 ], [ 136.922708621999988, 34.95823437 ], [ 136.922641051999989, 34.958187782 ], [ 136.922579017, 34.958061043 ], [ 136.92257404099999, 34.957863247 ], [ 136.922583546999988, 34.957798123 ], [ 136.922631071000012, 34.95780085 ], [ 136.922785304, 34.957809701 ], [ 136.92311322899999, 34.95782852 ], [ 136.9231442, 34.957830297 ], [ 136.923276574, 34.957837857 ], [ 136.923525433, 34.95785207 ], [ 136.923767532999989, 34.95789327 ], [ 136.923973088999986, 34.957953492 ], [ 136.924234867, 34.958061547 ], [ 136.924346781999986, 34.958127389 ], [ 136.924377513, 34.958151237 ], [ 136.924452809, 34.958058447 ], [ 136.924709213, 34.958209807 ], [ 136.92545057000001, 34.957334316 ], [ 136.925722545000013, 34.957487355 ], [ 136.925828633, 34.957360912 ], [ 136.926420861, 34.956695731 ], [ 136.926594176, 34.956495546 ], [ 136.926659980000011, 34.956368479 ], [ 136.926704753, 34.956137332 ], [ 136.926705588, 34.956106094 ], [ 136.926664894999988, 34.955862722 ], [ 136.926649712999989, 34.955793748 ], [ 136.926583165000011, 34.955679378 ], [ 136.92646023399999, 34.955543539 ], [ 136.926159259, 34.955327274 ], [ 136.92618213099999, 34.95529938 ], [ 136.926289543, 34.955175766 ], [ 136.92649979399999, 34.9549338 ], [ 136.9265854, 34.95483528 ], [ 136.926779111, 34.954612127 ], [ 136.926901259, 34.954471413 ], [ 136.92699424599999, 34.954357853 ], [ 136.927098081, 34.954257052 ], [ 136.92725735799999, 34.954150535 ], [ 136.927416161, 34.954085986 ], [ 136.927518095000011, 34.954055932 ], [ 136.927708876, 34.954025312 ], [ 136.92783078299999, 34.954024178 ], [ 136.92792492800001, 34.954033233 ], [ 136.928052898, 34.954049347 ], [ 136.928100558000011, 34.954055348 ], [ 136.928404406, 34.95409308 ], [ 136.928864126, 34.954157888 ], [ 136.929531583999989, 34.954251977 ], [ 136.929921029000013, 34.954305736 ], [ 136.93004755199999, 34.954210359 ], [ 136.93021093499999, 34.954061604 ], [ 136.930186069, 34.95405635 ], [ 136.929106499, 34.953852892 ], [ 136.928520142999986, 34.953947988 ], [ 136.92839178, 34.953550025 ], [ 136.92804676, 34.953468263 ], [ 136.927719478, 34.953327466 ], [ 136.927726734, 34.953103187 ], [ 136.927731604, 34.952393104 ], [ 136.927712885, 34.9523939 ], [ 136.927609288000014, 34.952398306 ], [ 136.92751202299999, 34.953188719 ], [ 136.927171363000014, 34.953280473 ], [ 136.92692158, 34.953253147 ], [ 136.925968815, 34.953385427 ], [ 136.925198278000011, 34.952736883 ], [ 136.925045383, 34.952793961 ], [ 136.924951289, 34.952742546 ], [ 136.924797678, 34.952658609 ], [ 136.924675226, 34.952479558 ], [ 136.92462821, 34.952410811 ], [ 136.924418578, 34.952276228 ], [ 136.924030767, 34.952444995 ], [ 136.923932352, 34.952487823 ], [ 136.92397150299999, 34.952571633 ], [ 136.923993163, 34.952592881 ], [ 136.92406422, 34.95265706 ], [ 136.924098668, 34.952696338 ], [ 136.924198017, 34.952857584 ], [ 136.924221284, 34.952914981 ], [ 136.924223848999986, 34.952932403 ], [ 136.924220934, 34.952955198 ], [ 136.924220162000012, 34.952961244 ], [ 136.924203328, 34.953015919 ], [ 136.924122348999987, 34.953227732 ], [ 136.924111211, 34.953269196 ], [ 136.92410299, 34.953345566 ], [ 136.92409926900001, 34.953380049 ], [ 136.92409066499999, 34.953572504 ], [ 136.924078466, 34.95360505 ], [ 136.924048668000012, 34.953745103 ], [ 136.923967440000013, 34.953783103 ], [ 136.923793244, 34.95373589 ], [ 136.923669397, 34.953665634 ], [ 136.92359998399999, 34.953574505 ], [ 136.923569789999988, 34.953512578 ], [ 136.92309537599999, 34.95350857 ], [ 136.92309600199999, 34.953567031 ], [ 136.923093803, 34.953610134 ], [ 136.923093755, 34.953611062 ], [ 136.923093354, 34.95361892 ], [ 136.92308541, 34.953668629 ], [ 136.923079124, 34.953779302 ], [ 136.923078382999989, 34.953792346 ], [ 136.92307681, 34.953820031 ], [ 136.923074813999989, 34.953987136 ], [ 136.923009535, 34.953985014 ], [ 136.922707976999988, 34.953975212 ], [ 136.922649998, 34.954055164 ], [ 136.92263889099999, 34.95407048 ], [ 136.922564332, 34.954156993 ], [ 136.922551680999987, 34.954171674 ], [ 136.92258996000001, 34.954231014 ], [ 136.922692262999988, 34.954389602 ], [ 136.922706541999986, 34.954481474 ], [ 136.922603778, 34.954664472 ], [ 136.922590087, 34.95468737 ], [ 136.922587152, 34.954691719 ], [ 136.92256466399999, 34.954721054 ], [ 136.92255759299999, 34.954729233 ], [ 136.922547981, 34.95474035 ], [ 136.922546391999987, 34.954741855 ], [ 136.922475240000011, 34.95480921 ], [ 136.922474286000011, 34.95481007 ], [ 136.922402828, 34.954874531 ], [ 136.92235100100001, 34.954921283 ], [ 136.92230987100001, 34.954962481 ], [ 136.92230324, 34.954969123 ], [ 136.922257723, 34.955009213 ], [ 136.922280062, 34.955084941 ], [ 136.922284932, 34.95510145 ], [ 136.922285362999986, 34.955123796 ], [ 136.922283897, 34.955149819 ], [ 136.92227918899999, 34.955188965 ], [ 136.922274832, 34.955219326 ], [ 136.922272007, 34.955236476 ], [ 136.92226725, 34.95525544 ], [ 136.922266861999987, 34.955256989 ], [ 136.922265299, 34.955263218 ], [ 136.922254707, 34.955297519 ], [ 136.92224584499999, 34.955323131 ], [ 136.922234194, 34.955351908 ], [ 136.92222289599999, 34.955375453 ], [ 136.922211951, 34.955394928 ], [ 136.922193591, 34.955430972 ], [ 136.922171702000014, 34.95546411 ], [ 136.922150517, 34.95548989 ], [ 136.92214106899999, 34.955501386 ], [ 136.922101527, 34.955564753 ], [ 136.922069091999987, 34.955620728 ], [ 136.922048260999986, 34.955661131 ], [ 136.922034043, 34.955692439 ], [ 136.92203308, 34.955694559 ], [ 136.922018051, 34.955726602 ], [ 136.922016654, 34.955728859 ], [ 136.922010586999988, 34.955750561 ], [ 136.922040751, 34.955819448 ], [ 136.922147118999987, 34.955922101 ], [ 136.922209498, 34.955992651 ], [ 136.922176366, 34.956174453 ], [ 136.92227317199999, 34.956182489 ], [ 136.922262819999986, 34.956623583 ], [ 136.922323818, 34.956749574 ], [ 136.92240977899999, 34.956839785 ], [ 136.922409001, 34.957102151 ], [ 136.922274418, 34.957301637 ], [ 136.922226754, 34.957298738 ], [ 136.922020967, 34.95728622 ], [ 136.92202620099999, 34.957379375 ], [ 136.921994571999988, 34.957493799 ], [ 136.921944147, 34.957545451 ], [ 136.92189335099999, 34.957578144 ], [ 136.921887895, 34.958195294 ], [ 136.92200682399999, 34.958389326 ], [ 136.92204623399999, 34.958532515 ], [ 136.922181669999986, 34.958752384 ], [ 136.922230063, 34.958823577 ], [ 136.92232758599999, 34.958776122 ], [ 136.922450768, 34.958892594 ], [ 136.922562661, 34.95901804 ], [ 136.922582346000013, 34.959038702 ], [ 136.922601375, 34.959037634 ], [ 136.922619601, 34.959036611 ], [ 136.922695465, 34.959026297 ], [ 136.922724203, 34.959017917 ] ] ] } },
{ "type": "Feature", "properties": { "A29_001": "23441", "A29_002": "愛知県", "A29_003": "阿久比町", "A29_004": 1, "A29_005": "第一種低層住居専用地域", "A29_006": 60, "A29_007": 100, "A29_008": "条件付き公開" }, "geometry": { "type": "Polygon", "coordinates": [ [ [ 136.923252133, 34.958702365 ], [ 136.923539626, 34.95852052 ], [ 136.92357618299999, 34.958498134 ], [ 136.923628148, 34.958489428 ], [ 136.92372599, 34.958495138 ], [ 136.92373250599999, 34.958495518 ], [ 136.923742667, 34.958496111 ], [ 136.923808535, 34.958501184 ], [ 136.92384887, 34.958500065 ], [ 136.924003, 34.958462111 ], [ 136.924145388999989, 34.958406583 ], [ 136.92417235100001, 34.958382731 ], [ 136.924200778, 34.958357583 ], [ 136.92422155599999, 34.958333333 ], [ 136.924377513, 34.958151237 ], [ 136.924346781999986, 34.958127389 ], [ 136.924234867, 34.958061547 ], [ 136.923973088999986, 34.957953492 ], [ 136.923767532999989, 34.95789327 ], [ 136.923525433, 34.95785207 ], [ 136.923276574, 34.957837857 ], [ 136.9231442, 34.957830297 ], [ 136.92311322899999, 34.95782852 ], [ 136.922785304, 34.957809701 ], [ 136.922631071000012, 34.95780085 ], [ 136.922583546999988, 34.957798123 ], [ 136.92257404099999, 34.957863247 ], [ 136.922579017, 34.958061043 ], [ 136.922641051999989, 34.958187782 ], [ 136.922708621999988, 34.95823437 ], [ 136.922753408, 34.95834825 ], [ 136.922763632999988, 34.95841321 ], [ 136.92278255299999, 34.958481106 ], [ 136.922688131, 34.958570359 ], [ 136.922589611, 34.958478452 ], [ 136.922379471, 34.95861083 ], [ 136.922724203, 34.959017917 ], [ 136.92276228, 34.959006815 ], [ 136.922830487999988, 34.958975874 ], [ 136.922899715, 34.958942215 ], [ 136.922926778, 34.958929056 ], [ 136.92297577799999, 34.958889778 ], [ 136.92307538599999, 34.95881416 ], [ 136.92313834399999, 34.958774339 ], [ 136.923252133, 34.958702365 ] ] ] } },
{ "type": "Feature", "properties": { "A29_001": "23441", "A29_002": "愛知県", "A29_003": "阿久比町", "A29_004": 1, "A29_005": "第一種低層住居専用地域", "A29_006": 30, "A29_007": 50, "A29_008": "条件付き公開" }, "geometry": { "type": "Polygon", "coordinates": [ [ [ 136.91826587700001, 34.960192217 ], [ 136.919319151, 34.959784418 ], [ 136.919355615, 34.95981132 ], [ 136.91952584399999, 34.959695395 ], [ 136.919608197, 34.959630954 ], [ 136.91956916699999, 34.959561694 ], [ 136.919113423, 34.958950684 ], [ 136.918503890000011, 34.95812358 ], [ 136.91803517, 34.95743987 ], [ 136.917754209, 34.956941393 ], [ 136.917670791, 34.956722333 ], [ 136.917608505, 34.95662357 ], [ 136.917346129, 34.955968604 ], [ 136.917273082, 34.955677911 ], [ 136.91711340099999, 34.955258562 ], [ 136.916884149, 34.954486267 ], [ 136.916762169, 34.953887843 ], [ 136.916532622, 34.953159897 ], [ 136.916257551, 34.952518319 ], [ 136.916240611, 34.952482308 ], [ 136.916052721999989, 34.95254325 ], [ 136.91593602, 34.952569004 ], [ 136.91587663199999, 34.952578239 ], [ 136.915799607, 34.952584289 ], [ 136.916053127, 34.959043097 ], [ 136.916183460000013, 34.959017723 ], [ 136.916545903000014, 34.958920082 ], [ 136.916861103, 34.958876009 ], [ 136.916834002, 34.958747175 ], [ 136.91675757499999, 34.958383857 ], [ 136.91637513, 34.958132406 ], [ 136.916600116000012, 34.957858473 ], [ 136.916509577, 34.957764189 ], [ 136.916631537, 34.957553265 ], [ 136.917080596, 34.957551207 ], [ 136.91715781900001, 34.957761558 ], [ 136.91735448, 34.95776801 ], [ 136.917349675999986, 34.957949626 ], [ 136.91715502299999, 34.95808653 ], [ 136.917234224, 34.958839508 ], [ 136.917605506, 34.958811946 ], [ 136.91771305099999, 34.958729495 ], [ 136.917877936, 34.958695863 ], [ 136.917925610999987, 34.959026067 ], [ 136.917762168, 34.959099977 ], [ 136.91768065799999, 34.95913294 ], [ 136.917514665, 34.959200069 ], [ 136.917443088999988, 34.959229015 ], [ 136.917466123, 34.959396023 ], [ 136.917495492, 34.959467872 ], [ 136.917523114, 34.959530896 ], [ 136.917622754, 34.959694489 ], [ 136.917825377000014, 34.959907013 ], [ 136.917962495000012, 34.960103718 ], [ 136.918208298, 34.960071351 ], [ 136.918249139000011, 34.960161695 ], [ 136.91826587700001, 34.960192217 ] ] ] } },
{ "type": "Feature", "properties": { "A29_001": "23441", "A29_002": "愛知県", "A29_003": "阿久比町", "A29_004": 5, "A29_005": "第一種住居地域", "A29_006": 60, "A29_007": 200, "A29_008": "条件付き公開" }, "geometry": { "type": "Polygon", "coordinates": [ [ [ 136.916921308000013, 34.953355236 ], [ 136.916545939, 34.952382162 ], [ 136.91641057699999, 34.95242718 ], [ 136.916260158999989, 34.952475968 ], [ 136.916240611, 34.952482308 ], [ 136.916257551, 34.952518319 ], [ 136.916532622, 34.953159897 ], [ 136.916762169, 34.953887843 ], [ 136.916884149, 34.954486267 ], [ 136.91711340099999, 34.955258562 ], [ 136.917273082, 34.955677911 ], [ 136.917346129, 34.955968604 ], [ 136.917608505, 34.95662357 ], [ 136.917670791, 34.956722333 ], [ 136.917754209, 34.956941393 ], [ 136.91803517, 34.95743987 ], [ 136.918503890000011, 34.95812358 ], [ 136.919113423, 34.958950684 ], [ 136.91956916699999, 34.959561694 ], [ 136.919608197, 34.959630954 ], [ 136.91975543699999, 34.959839349 ], [ 136.919762655, 34.959848244 ], [ 136.91978691700001, 34.959878139 ], [ 136.919846607000011, 34.959982378 ], [ 136.920342659999989, 34.960848638 ], [ 136.920528017, 34.960628387 ], [ 136.92042544200001, 34.960399598 ], [ 136.920366129, 34.960267304 ], [ 136.920124665, 34.959878055 ], [ 136.91916199, 34.9585289 ], [ 136.91902961400001, 34.958373996 ], [ 136.91838297699999, 34.957389151 ], [ 136.918087555, 34.956881701 ], [ 136.91782125200001, 34.956326606 ], [ 136.917792905, 34.956293485 ], [ 136.91751638, 34.9554696 ], [ 136.91735180500001, 34.954978836 ], [ 136.917165019, 34.954190543 ], [ 136.916921308000013, 34.953355236 ] ] ] } },
{ "type": "Feature", "properties": { "A29_001": "23441", "A29_002": "愛知県", "A29_003": "阿久比町", "A29_004": 8, "A29_005": "近隣商業地域", "A29_006": 80, "A29_007": 200, "A29_008": "条件付き公開" }, "geometry": { "type": "Polygon", "coordinates": [ [ [ 136.915588418, 34.962810744 ], [ 136.915540117, 34.960965979 ], [ 136.91536303699999, 34.960814341 ], [ 136.91514955, 34.960966188 ], [ 136.91510245399999, 34.960436431 ], [ 136.914285295000013, 34.96089807 ], [ 136.91445291299999, 34.961215194 ], [ 136.91467742099999, 34.961224604 ], [ 136.914760218, 34.961192938 ], [ 136.914869657999986, 34.961151082 ], [ 136.914924073, 34.961202788 ], [ 136.914879936, 34.961235135 ], [ 136.914952298, 34.961346235 ], [ 136.914993181, 34.961342225 ], [ 136.915020819, 34.961399526 ], [ 136.91481176, 34.961517379 ], [ 136.91480089, 34.961731556 ], [ 136.914945286, 34.961884505 ], [ 136.91494301899999, 34.961922043 ], [ 136.914939487999987, 34.962225577 ], [ 136.914978743, 34.962330757 ], [ 136.91515504, 34.962549356 ], [ 136.915297345, 34.962686177 ], [ 136.915531474, 34.962677121 ], [ 136.915535702, 34.962810699 ], [ 136.915588418, 34.962810744 ] ] ] } },
{ "type": "Feature", "properties": { "A29_001": "23441", "A29_002": "愛知県", "A29_003": "阿久比町", "A29_004": 6, "A29_005": "第二種住居地域", "A29_006": 60, "A29_007": 200, "A29_008": "条件付き公開" }, "geometry": { "type": "Polygon", "coordinates": [ [ [ 136.91617899799999, 34.962864524 ], [ 136.916053127, 34.959043097 ], [ 136.915799607, 34.952584289 ], [ 136.915623903000011, 34.952593995 ], [ 136.915540298, 34.952596183 ], [ 136.915464863000011, 34.952598158 ], [ 136.91532779799999, 34.952603498 ], [ 136.915215804000013, 34.952608107 ], [ 136.915060861, 34.952614482 ], [ 136.915013492000014, 34.952616431 ], [ 136.91491562600001, 34.952536002 ], [ 136.914894882, 34.952517426 ], [ 136.91473184099999, 34.952371419 ], [ 136.91467564300001, 34.952325754 ], [ 136.914447386, 34.952164361 ], [ 136.91430056199999, 34.952078914 ], [ 136.91430597199999, 34.952152472 ], [ 136.914325796000014, 34.952551474 ], [ 136.914326869, 34.952573076 ], [ 136.91433218899999, 34.952644541 ], [ 136.914333441, 34.952680933 ], [ 136.914335776, 34.952748829 ], [ 136.91433765799999, 34.952772283 ], [ 136.914346102, 34.952877533 ], [ 136.91437180599999, 34.953125472 ], [ 136.914375224999986, 34.953159794 ], [ 136.91440472, 34.953455851 ], [ 136.9144268, 34.953677481 ], [ 136.91445018499999, 34.9539122 ], [ 136.914471115, 34.954122284 ], [ 136.91447541299999, 34.95417375 ], [ 136.914501895, 34.954421948 ], [ 136.914543888999987, 34.954894861 ], [ 136.914631594000014, 34.955785657 ], [ 136.914632974, 34.955828981 ], [ 136.914691194, 34.956397056 ], [ 136.914726833, 34.956779778 ], [ 136.914769549, 34.957231634 ], [ 136.91479197000001, 34.957358983 ], [ 136.91481088899999, 34.957590972 ], [ 136.914827551, 34.957747089 ], [ 136.91488648, 34.958333333 ], [ 136.914895722000011, 34.958425278 ], [ 136.91493090099999, 34.95882366 ], [ 136.914958167, 34.959132194 ], [ 136.915001593999989, 34.959568491 ], [ 136.91500356099999, 34.959589746 ], [ 136.91500552799999, 34.959611 ], [ 136.915031864000014, 34.959836175 ], [ 136.915035837, 34.95986528 ], [ 136.915054287, 34.960000445 ], [ 136.91506422399999, 34.960073242 ], [ 136.915069423, 34.960117939 ], [ 136.915071509, 34.960135871 ], [ 136.91508653299999, 34.960281798 ], [ 136.91509202099999, 34.9603351 ], [ 136.91510245399999, 34.960436431 ], [ 136.91514955, 34.960966188 ], [ 136.91536303699999, 34.960814341 ], [ 136.915540117, 34.960965979 ], [ 136.915588418, 34.962810744 ], [ 136.91571558699999, 34.962812882 ], [ 136.915754768999989, 34.962920935 ], [ 136.91617899799999, 34.962864524 ] ] ] } },
{ "type": "Feature", "properties": { "A29_001": "23441", "A29_002": "愛知県", "A29_003": "阿久比町", "A29_004": 1, "A29_005": "第一種低層住居専用地域", "A29_006": 60, "A29_007": 100, "A29_008": "条件付き公開" }, "geometry": { "type": "Polygon", "coordinates": [ [ [ 136.91830366799999, 34.962883145 ], [ 136.918215564, 34.96246323 ], [ 136.91820773, 34.96223901 ], [ 136.918215319000012, 34.962152112 ], [ 136.91832986599999, 34.962127222 ], [ 136.918541757000014, 34.962074123 ], [ 136.918738456, 34.962030615 ], [ 136.918926621999987, 34.961994062 ], [ 136.919249761, 34.961901701 ], [ 136.919638736, 34.961868796 ], [ 136.91970801, 34.96177101 ], [ 136.919816118999989, 34.961652107 ], [ 136.920088029, 34.961223784 ], [ 136.920233185, 34.961125691 ], [ 136.920342659999989, 34.960848638 ], [ 136.919846607000011, 34.959982378 ], [ 136.91978691700001, 34.959878139 ], [ 136.919762655, 34.959848244 ], [ 136.91975543699999, 34.959839349 ], [ 136.919608197, 34.959630954 ], [ 136.91952584399999, 34.959695395 ], [ 136.919355615, 34.95981132 ], [ 136.919319151, 34.959784418 ], [ 136.91826587700001, 34.960192217 ], [ 136.918249139000011, 34.960161695 ], [ 136.918208298, 34.960071351 ], [ 136.917962495000012, 34.960103718 ], [ 136.917825377000014, 34.959907013 ], [ 136.917622754, 34.959694489 ], [ 136.917523114, 34.959530896 ], [ 136.917495492, 34.959467872 ], [ 136.917466123, 34.959396023 ], [ 136.917443088999988, 34.959229015 ], [ 136.917514665, 34.959200069 ], [ 136.91768065799999, 34.95913294 ], [ 136.917762168, 34.959099977 ], [ 136.917925610999987, 34.959026067 ], [ 136.917877936, 34.958695863 ], [ 136.91771305099999, 34.958729495 ], [ 136.917605506, 34.958811946 ], [ 136.917234224, 34.958839508 ], [ 136.91715502299999, 34.95808653 ], [ 136.917349675999986, 34.957949626 ], [ 136.91735448, 34.95776801 ], [ 136.91715781900001, 34.957761558 ], [ 136.917080596, 34.957551207 ], [ 136.916631537, 34.957553265 ], [ 136.916509577, 34.957764189 ], [ 136.916600116000012, 34.957858473 ], [ 136.91637513, 34.958132406 ], [ 136.91675757499999, 34.958383857 ], [ 136.916834002, 34.958747175 ], [ 136.916861103, 34.958876009 ], [ 136.916545903000014, 34.958920082 ], [ 136.916183460000013, 34.959017723 ], [ 136.916053127, 34.959043097 ], [ 136.91617899799999, 34.962864524 ], [ 136.916486314999986, 34.962893612 ], [ 136.916646875, 34.962787406 ], [ 136.916888374, 34.962832267 ], [ 136.917091421, 34.962945741 ], [ 136.91731944899999, 34.963115521 ], [ 136.917443, 34.9631205 ], [ 136.91756963899999, 34.963107028 ], [ 136.917674285, 34.963081267 ], [ 136.917680076000011, 34.963079842 ], [ 136.917712833, 34.963071778 ], [ 136.91781126399999, 34.963041761 ], [ 136.918039389, 34.962972194 ], [ 136.91814233299999, 34.9629375 ], [ 136.91830366799999, 34.962883145 ] ] ] } },
{ "type": "Feature", "properties": { "A29_001": "23441", "A29_002": "愛知県", "A29_003": "阿久比町", "A29_004": 5, "A29_005": "第一種住居地域", "A29_006": 60, "A29_007": 200, "A29_008": "条件付き公開" }, "geometry": { "type": "Polygon", "coordinates": [ [ [ 136.88988376, 34.9536359 ], [ 136.894655582000013, 34.950070951 ], [ 136.894534383, 34.949991399 ], [ 136.894324318, 34.94985736 ], [ 136.894058363999989, 34.949688519 ], [ 136.894040550999989, 34.949677211 ], [ 136.893922271, 34.949602121 ], [ 136.89295103, 34.950645333 ], [ 136.89292304899999, 34.950588672 ], [ 136.89289817, 34.950537854 ], [ 136.892854276, 34.950443588 ], [ 136.892789045, 34.950303495 ], [ 136.892772767, 34.950254549 ], [ 136.892777540999987, 34.950079382 ], [ 136.892880458, 34.949899633 ], [ 136.89331912, 34.949454497 ], [ 136.893445625999988, 34.949244893 ], [ 136.893466254, 34.949168481 ], [ 136.893473618, 34.949114622 ], [ 136.893477322, 34.949081167 ], [ 136.893497086999986, 34.948960896 ], [ 136.89349786299999, 34.948960852 ], [ 136.89349952399999, 34.94891673 ], [ 136.89351138, 34.948601838 ], [ 136.893515306000012, 34.948497592 ], [ 136.893562213, 34.948377072 ], [ 136.893702053999988, 34.948281652 ], [ 136.894081484999987, 34.948163793 ], [ 136.895773995000013, 34.949078479 ], [ 136.896439447, 34.948592335 ], [ 136.894986533, 34.947833161 ], [ 136.89546761599999, 34.947399103 ], [ 136.895730716, 34.947298212 ], [ 136.896352121, 34.947136847 ], [ 136.897604261999987, 34.946802641 ], [ 136.897883323, 34.946797515 ], [ 136.898411356999986, 34.946743156 ], [ 136.898692711, 34.946747606 ], [ 136.899062148000013, 34.946838411 ], [ 136.89921213299999, 34.946480694 ], [ 136.899240709, 34.94627397 ], [ 136.899544461, 34.945824685 ], [ 136.900041757, 34.945925341 ], [ 136.90031081399999, 34.94594248 ], [ 136.90031826500001, 34.945929104 ], [ 136.900438589, 34.945743916 ], [ 136.900450150000012, 34.945658685 ], [ 136.900458555, 34.945612381 ], [ 136.900445829, 34.945536109 ], [ 136.900428793, 34.945492398 ], [ 136.900399797, 34.945418 ], [ 136.900351981, 34.945310621 ], [ 136.90032797399999, 34.945288214 ], [ 136.900249331, 34.945214808 ], [ 136.90023343499999, 34.945151113 ], [ 136.900229821000011, 34.945136633 ], [ 136.900220229000013, 34.94506892 ], [ 136.90021975, 34.945065543 ], [ 136.900203612000013, 34.944950671 ], [ 136.90017676799999, 34.944867657 ], [ 136.90017074799999, 34.944850283 ], [ 136.900179982, 34.944824435 ], [ 136.900204029, 34.944780662 ], [ 136.900263231, 34.944689813 ], [ 136.900268985, 34.944681314 ], [ 136.900292271000012, 34.944646923 ], [ 136.900326920999987, 34.944600603 ], [ 136.900379278, 34.944536259 ], [ 136.900451086, 34.944454048 ], [ 136.900489807000014, 34.944411915 ], [ 136.90053007899999, 34.944361163 ], [ 136.90057416499999, 34.944311139 ], [ 136.900595716999987, 34.944290086 ], [ 136.900615171999988, 34.944278764 ], [ 136.900664690000013, 34.944249946 ], [ 136.900679497, 34.944240728 ], [ 136.90071014, 34.944221652 ], [ 136.900741256, 34.944195176 ], [ 136.900776817, 34.944164115 ], [ 136.900777823, 34.944163236 ], [ 136.900808708999989, 34.94413204 ], [ 136.900822763, 34.944115476 ], [ 136.900826341999988, 34.944111258 ], [ 136.900846655, 34.944074785 ], [ 136.90086485, 34.944040645 ], [ 136.900875610000014, 34.943974644 ], [ 136.90081157099999, 34.943973364 ], [ 136.90073599199999, 34.943972794 ], [ 136.900677903, 34.943968998 ], [ 136.900629511, 34.9439645 ], [ 136.90060842, 34.943961653 ], [ 136.900587674, 34.943956529 ], [ 136.900565199999988, 34.943949126 ], [ 136.900546182999989, 34.943942009 ], [ 136.900531504000014, 34.943934281 ], [ 136.900525092, 34.943930905 ], [ 136.900508495, 34.94392151 ], [ 136.90048844099999, 34.943907844 ], [ 136.900438971, 34.943871259 ], [ 136.900413648000011, 34.943851062 ], [ 136.900358517, 34.94380709 ], [ 136.90035080199999, 34.943800937 ], [ 136.900302051000011, 34.943757377 ], [ 136.900254022000013, 34.943729825 ], [ 136.900251916, 34.943728337 ], [ 136.90023333100001, 34.943717033 ], [ 136.900214530999989, 34.943705599 ], [ 136.900175319, 34.943698018 ], [ 136.900123492, 34.943693526 ], [ 136.900098836000012, 34.943695424 ], [ 136.9, 34.943722911 ], [ 136.899921705, 34.943744685 ], [ 136.89984668, 34.943765549 ], [ 136.899809933, 34.943778431 ], [ 136.89979689099999, 34.943780955 ], [ 136.899780711, 34.943784086 ], [ 136.89975002700001, 34.943786331 ], [ 136.899628080000014, 34.943790844 ], [ 136.899625957000012, 34.943790936 ], [ 136.899592273, 34.943792397 ], [ 136.899548495, 34.943795352 ], [ 136.899536543000011, 34.943796159 ], [ 136.899478, 34.9438075 ], [ 136.899396446, 34.943820969 ], [ 136.899242262, 34.943846432 ], [ 136.899134556, 34.943864219 ], [ 136.899097957, 34.943871474 ], [ 136.899015377000012, 34.943887844 ], [ 136.898897721999987, 34.943911167 ], [ 136.89884085700001, 34.94392309 ], [ 136.898839071, 34.943923444 ], [ 136.89879835, 34.94393153 ], [ 136.898765184000013, 34.943938116 ], [ 136.898702794, 34.943952854 ], [ 136.89859630399999, 34.944026829 ], [ 136.89856216199999, 34.944050547 ], [ 136.898493468, 34.94409835 ], [ 136.898397327999987, 34.944163197 ], [ 136.898342609, 34.944198568 ], [ 136.898293396000014, 34.94423002 ], [ 136.898269500999987, 34.944236766 ], [ 136.898225341999989, 34.944242471 ], [ 136.898122212, 34.944260017 ], [ 136.898082958, 34.944266695 ], [ 136.898061797, 34.944275969 ], [ 136.897966569, 34.944326873 ], [ 136.89794751, 34.944336869 ], [ 136.897920174, 34.944355684 ], [ 136.897689129000014, 34.944519646 ], [ 136.89762263599999, 34.94459145 ], [ 136.897558761999989, 34.944660426 ], [ 136.897527274999987, 34.944685431 ], [ 136.897395878, 34.944723787 ], [ 136.897340574999987, 34.944737638 ], [ 136.897322296999988, 34.944750278 ], [ 136.897281467, 34.944778515 ], [ 136.89716686599999, 34.944873296 ], [ 136.89712292199999, 34.94491493 ], [ 136.89703996899999, 34.944993523 ], [ 136.896999279, 34.945111204 ], [ 136.896995839, 34.945122939 ], [ 136.896967568, 34.945201908 ], [ 136.896935189, 34.945281514 ], [ 136.896930649000012, 34.945287704 ], [ 136.896857407999988, 34.945346308 ], [ 136.896826161, 34.945371309 ], [ 136.896769554, 34.945415132 ], [ 136.89669439299999, 34.945472338 ], [ 136.896646005, 34.945500035 ], [ 136.896640964, 34.945502921 ], [ 136.896608054000012, 34.945451839 ], [ 136.896599398, 34.945435681 ], [ 136.896579527, 34.945398588 ], [ 136.89654378, 34.945343924 ], [ 136.896453208, 34.945385127 ], [ 136.896459927, 34.945463645 ], [ 136.89612917299999, 34.945633316 ], [ 136.895719603, 34.945728138 ], [ 136.89537803499999, 34.945650788 ], [ 136.895364468999986, 34.945645675 ], [ 136.89536368200001, 34.945614865 ], [ 136.89536820399999, 34.945575551 ], [ 136.89537270400001, 34.945536432 ], [ 136.895380232, 34.945505812 ], [ 136.895382555999987, 34.945496361 ], [ 136.895406624, 34.945408825 ], [ 136.895414284999987, 34.945357308 ], [ 136.89540164600001, 34.945318743 ], [ 136.895399776, 34.945313038 ], [ 136.89539891199999, 34.9453104 ], [ 136.895359576, 34.945195261 ], [ 136.895336390000011, 34.945120024 ], [ 136.895334738, 34.945114662 ], [ 136.895294983000014, 34.944985661 ], [ 136.895283078, 34.94494703 ], [ 136.895274566000012, 34.94493932 ], [ 136.895233279, 34.944912684 ], [ 136.895131158, 34.944848756 ], [ 136.895109781, 34.944835373 ], [ 136.895096287, 34.944826937 ], [ 136.89495084399999, 34.944736017 ], [ 136.894882803, 34.944692494 ], [ 136.894853837, 34.944673966 ], [ 136.894797302, 34.944637262 ], [ 136.894779137, 34.944625468 ], [ 136.894745169, 34.944602441 ], [ 136.894741278, 34.944599804 ], [ 136.89462875699999, 34.944523523 ], [ 136.894617871, 34.944504057 ], [ 136.894610537, 34.944490942 ], [ 136.894575530999987, 34.944428344 ], [ 136.89458434299999, 34.944385115 ], [ 136.894605805999987, 34.944279814 ], [ 136.89461407499999, 34.944222359 ], [ 136.894627926999988, 34.944126123 ], [ 136.894632723, 34.944063214 ], [ 136.894638278, 34.943990361 ], [ 136.894818746999988, 34.943903337 ], [ 136.894861, 34.943782806 ], [ 136.895201566999987, 34.943456155 ], [ 136.895195922, 34.943052141 ], [ 136.895345034, 34.942962484 ], [ 136.895352529, 34.942960849 ], [ 136.895345615, 34.942953763 ], [ 136.895310916999989, 34.942930223 ], [ 136.895309794000013, 34.942929461 ], [ 136.89528795699999, 34.942913549 ], [ 136.895275255, 34.942906613 ], [ 136.89523913299999, 34.942886891 ], [ 136.895216882999989, 34.942874489 ], [ 136.895187708, 34.942858227 ], [ 136.895182877, 34.942855534 ], [ 136.89516889, 34.942844359 ], [ 136.895162747, 34.942838144 ], [ 136.89515871399999, 34.942834064 ], [ 136.895152696, 34.942818598 ], [ 136.895149902000014, 34.942799881 ], [ 136.895149355, 34.942784003 ], [ 136.89514891499999, 34.94277387 ], [ 136.895148807999988, 34.942771391 ], [ 136.895148599, 34.942763067 ], [ 136.89514849299999, 34.942758798 ], [ 136.894824857, 34.942756449 ], [ 136.894808176, 34.942878952 ], [ 136.89476653, 34.942898053 ], [ 136.894731215, 34.942881815 ], [ 136.89471301899999, 34.942825127 ], [ 136.89448218199999, 34.942822425 ], [ 136.89437281799999, 34.942944703 ], [ 136.89434098000001, 34.942969926 ], [ 136.894287499, 34.943000967 ], [ 136.89425696399999, 34.943015954 ], [ 136.894243804000013, 34.943022413 ], [ 136.894217274999988, 34.943033982 ], [ 136.894125417999987, 34.943067807 ], [ 136.894094607999989, 34.943082701 ], [ 136.894064273, 34.94310098 ], [ 136.8940395, 34.943120917 ], [ 136.894004696, 34.943148927 ], [ 136.893934814, 34.943205168 ], [ 136.893877462, 34.943251325 ], [ 136.893857262000012, 34.943263432 ], [ 136.893833124, 34.943270334 ], [ 136.89382498, 34.943272663 ], [ 136.89376632299999, 34.943286571 ], [ 136.893758424, 34.943288444 ], [ 136.893556432999986, 34.943336337 ], [ 136.89352825200001, 34.943343019 ], [ 136.89350000499999, 34.943349716 ], [ 136.893456173, 34.943357536 ], [ 136.893375974, 34.943382376 ], [ 136.893354804000012, 34.943390386 ], [ 136.893324325, 34.943403945 ], [ 136.893189525, 34.943463911 ], [ 136.89316266, 34.943475862 ], [ 136.893101789000013, 34.943503324 ], [ 136.893051359999987, 34.943522106 ], [ 136.893045285, 34.943524369 ], [ 136.892953404999986, 34.943567464 ], [ 136.892923104, 34.943581676 ], [ 136.892817858, 34.943633287 ], [ 136.892800701, 34.94364936 ], [ 136.892787728, 34.943662393 ], [ 136.89277371599999, 34.943678631 ], [ 136.89276138299999, 34.943692968 ], [ 136.892756072, 34.943699141 ], [ 136.89273555599999, 34.943724806 ], [ 136.892729874, 34.943737642 ], [ 136.892698472, 34.943808583 ], [ 136.892695718999988, 34.943813326 ], [ 136.892679917, 34.943840556 ], [ 136.892676625, 34.943858307 ], [ 136.892664931000013, 34.943921362 ], [ 136.892662968, 34.943972363 ], [ 136.89266282299999, 34.943976115 ], [ 136.892663209, 34.944044797 ], [ 136.892663676000012, 34.944128022 ], [ 136.892664165000014, 34.9442151 ], [ 136.89266418599999, 34.944218827 ], [ 136.89266141600001, 34.944239741 ], [ 136.892656335999988, 34.944292598 ], [ 136.892651511999986, 34.944336341 ], [ 136.892650264999986, 34.944347651 ], [ 136.892645813, 34.944378204 ], [ 136.89263679199999, 34.944440119 ], [ 136.892631816, 34.944493826 ], [ 136.892631469, 34.944501953 ], [ 136.892630892, 34.944515501 ], [ 136.89263274000001, 34.944537176 ], [ 136.892636434, 34.944557329 ], [ 136.892640129, 34.944574441 ], [ 136.892643822999986, 34.944592313 ], [ 136.892649826, 34.944610186 ], [ 136.892654474000011, 34.944622941 ], [ 136.892656754, 34.944629199 ], [ 136.892664604, 34.94464631 ], [ 136.892681547, 34.944675485 ], [ 136.89269324599999, 34.944692217 ], [ 136.89270489099999, 34.944707089 ], [ 136.89272341899999, 34.944730751 ], [ 136.892756670000011, 34.944768525 ], [ 136.892794363, 34.94480825 ], [ 136.89280982299999, 34.944824544 ], [ 136.892809862, 34.9448246 ], [ 136.892840406, 34.944868149 ], [ 136.892878567, 34.944971903 ], [ 136.892879728, 34.94497506 ], [ 136.892883469999987, 34.944987434 ], [ 136.892897693, 34.94503447 ], [ 136.892947131999989, 34.94517123 ], [ 136.892931067, 34.945166277 ], [ 136.892921809, 34.945195633 ], [ 136.89292009, 34.945201084 ], [ 136.89290609, 34.945224094 ], [ 136.892901453, 34.945231714 ], [ 136.892862588000014, 34.945277902 ], [ 136.89285230499999, 34.945290359 ], [ 136.892835257, 34.945310012 ], [ 136.89283618799999, 34.94531791 ], [ 136.892833477000011, 34.945349909 ], [ 136.892835084000012, 34.945364175 ], [ 136.892837664000012, 34.945387085 ], [ 136.892855586, 34.945546222 ], [ 136.892858405999988, 34.945571266 ], [ 136.892862551, 34.945608071 ], [ 136.892862745, 34.945611317 ], [ 136.892864092999986, 34.945670283 ], [ 136.892866586999986, 34.945689567 ], [ 136.892870786, 34.945722037 ], [ 136.892888035999988, 34.945855424 ], [ 136.89288876099999, 34.945861028 ], [ 136.892893804000011, 34.945900022 ], [ 136.892898153, 34.945933642 ], [ 136.892904921, 34.946023436 ], [ 136.892911191, 34.946106616 ], [ 136.892917019, 34.946183937 ], [ 136.892920362000012, 34.946210115 ], [ 136.892926448999987, 34.946257786 ], [ 136.892927229, 34.946262642 ], [ 136.89294752699999, 34.946388994 ], [ 136.892954398, 34.946418247 ], [ 136.89294433399999, 34.946451156 ], [ 136.892943766, 34.946453016 ], [ 136.892937409000012, 34.946473803 ], [ 136.892901889, 34.946565278 ], [ 136.892877322, 34.946614103 ], [ 136.89287611899999, 34.946616495 ], [ 136.892852231, 34.94666397 ], [ 136.89282315599999, 34.946713026 ], [ 136.892802184, 34.946747562 ], [ 136.89277719899999, 34.946779134 ], [ 136.892730064, 34.946838696 ], [ 136.89270235399999, 34.94687393 ], [ 136.892743923000012, 34.946902831 ], [ 136.893262357999987, 34.947382672 ], [ 136.893217674, 34.94742926 ], [ 136.893187250000011, 34.94746098 ], [ 136.893151698999986, 34.947507657 ], [ 136.893160598, 34.94755041 ], [ 136.893174477, 34.947617093 ], [ 136.893161682, 34.947652294 ], [ 136.893150389, 34.947683361 ], [ 136.893137515, 34.947707634 ], [ 136.893123859000013, 34.947721419 ], [ 136.893108789, 34.947730539 ], [ 136.893081462, 34.947744644 ], [ 136.893056311, 34.947757368 ], [ 136.893032858999987, 34.947768786 ], [ 136.89301107, 34.947782985 ], [ 136.89300867, 34.947784742 ], [ 136.893000058000013, 34.947791045 ], [ 136.892982316, 34.947806157 ], [ 136.892963294999987, 34.947824404 ], [ 136.892945887, 34.947838546 ], [ 136.892963278, 34.947859393 ], [ 136.892966913, 34.947863749 ], [ 136.892969894, 34.947867323 ], [ 136.892986759, 34.94788547 ], [ 136.893024801, 34.947921086 ], [ 136.893059553, 34.947952751 ], [ 136.89311664499999, 34.948004977 ], [ 136.893125206, 34.94800908 ], [ 136.893138794, 34.948011935 ], [ 136.893175039, 34.948013164 ], [ 136.893203405, 34.94801561 ], [ 136.893224143999987, 34.948018379 ], [ 136.893236194, 34.948023139 ], [ 136.893239644, 34.94802661 ], [ 136.893242327, 34.948035842 ], [ 136.893242902, 34.948053595 ], [ 136.893242716, 34.948058576 ], [ 136.89323977399999, 34.948137019 ], [ 136.893233146, 34.948313755 ], [ 136.893230374000012, 34.948331811 ], [ 136.893227532, 34.948399458 ], [ 136.893029617, 34.948400764 ], [ 136.892924420000014, 34.948567106 ], [ 136.892921242, 34.948823667 ], [ 136.89283696699999, 34.94899197 ], [ 136.892586679, 34.94898656 ], [ 136.89258055, 34.949053344 ], [ 136.892495524, 34.94905618 ], [ 136.892431706999986, 34.949283387 ], [ 136.89228860899999, 34.949557482 ], [ 136.892341499999986, 34.949735668 ], [ 136.89247168, 34.949749365 ], [ 136.89247767399999, 34.950044241 ], [ 136.892642951999989, 34.949992917 ], [ 136.89273815199999, 34.95008191 ], [ 136.892519764000014, 34.950319096 ], [ 136.89248435799999, 34.950309797 ], [ 136.892359633000012, 34.950313112 ], [ 136.89211352699999, 34.950319653 ], [ 136.891984664, 34.950323077 ], [ 136.891940245, 34.950315161 ], [ 136.891891028, 34.950306389 ], [ 136.891836669000014, 34.950294996 ], [ 136.891773333, 34.950281722 ], [ 136.89166666700001, 34.950259889 ], [ 136.89166205, 34.950258945 ], [ 136.89161680699999, 34.95024969 ], [ 136.89161665899999, 34.950249655 ], [ 136.891530762, 34.950229634 ], [ 136.891422637, 34.950206784 ], [ 136.891421197, 34.950206479 ], [ 136.89137292, 34.9501966 ], [ 136.89133823200001, 34.950189501 ], [ 136.891290774, 34.950180817 ], [ 136.891247920000012, 34.950170894 ], [ 136.891222725, 34.950167517 ], [ 136.89120573299999, 34.950166553 ], [ 136.891185812, 34.950166794 ], [ 136.891164976999988, 34.950168275 ], [ 136.89114509, 34.950169688 ], [ 136.89109854099999, 34.950173498 ], [ 136.89109547699999, 34.950173964 ], [ 136.891076572, 34.950176841 ], [ 136.891053989999989, 34.950179217 ], [ 136.89103124799999, 34.950183695 ], [ 136.891012052, 34.950189799 ], [ 136.89099073599999, 34.950197136 ], [ 136.890975502, 34.950203166 ], [ 136.89096231900001, 34.950209919 ], [ 136.890947965, 34.950219085 ], [ 136.890936247000013, 34.950227045 ], [ 136.890889135, 34.950262975 ], [ 136.890867031, 34.950282644 ], [ 136.890788250000014, 34.95035275 ], [ 136.890707279999987, 34.950424861 ], [ 136.89069, 34.95044025 ], [ 136.890653944, 34.950487472 ], [ 136.89041475, 34.950693941 ], [ 136.89039194, 34.950706802 ], [ 136.890383171, 34.950711119 ], [ 136.89036658, 34.950718896 ], [ 136.89034877, 34.950727245 ], [ 136.890322032, 34.950740146 ], [ 136.890298359000013, 34.950751224 ], [ 136.890283883, 34.950757113 ], [ 136.89026186699999, 34.950764278 ], [ 136.890220101000011, 34.950777687 ], [ 136.890185231, 34.950794881 ], [ 136.890168491, 34.950809192 ], [ 136.890165884999988, 34.950813335 ], [ 136.890156803999986, 34.950828753 ], [ 136.890145116000014, 34.950853046 ], [ 136.890125192999989, 34.950869381 ], [ 136.89012340299999, 34.95087286 ], [ 136.890108715999986, 34.950901403 ], [ 136.89009990299999, 34.9509156 ], [ 136.89007492499999, 34.950952939 ], [ 136.890067813, 34.950964119 ], [ 136.890062817, 34.950973606 ], [ 136.890057251, 34.950984172 ], [ 136.890046259, 34.951005822 ], [ 136.890037638, 34.951017889 ], [ 136.890025137, 34.951034748 ], [ 136.890016588, 34.95104321 ], [ 136.889968087, 34.951106302 ], [ 136.889954432, 34.951120846 ], [ 136.889884859, 34.951149878 ], [ 136.88996375, 34.951260778 ], [ 136.890022249999987, 34.951354361 ], [ 136.890030171, 34.951380032 ], [ 136.890041618999987, 34.951417135 ], [ 136.890056028, 34.951463833 ], [ 136.890091788, 34.951614025 ], [ 136.890092579999987, 34.951617352 ], [ 136.890101722, 34.95165575 ], [ 136.890116287000012, 34.951755044 ], [ 136.890134386999989, 34.951878436 ], [ 136.890147576, 34.951968349 ], [ 136.89015466699999, 34.952016694 ], [ 136.890161374, 34.95208334 ], [ 136.890166584000013, 34.952135115 ], [ 136.890168749999987, 34.952156639 ], [ 136.89016097199999, 34.952232389 ], [ 136.89015989399999, 34.952238644 ], [ 136.890156899, 34.952256022 ], [ 136.890149971999989, 34.952296222 ], [ 136.89014871099999, 34.952299485 ], [ 136.890136111, 34.952332083 ], [ 136.89013068, 34.95234612 ], [ 136.890096656, 34.952434063 ], [ 136.890092167, 34.952445667 ], [ 136.890054665, 34.952559896 ], [ 136.89004508299999, 34.952589083 ], [ 136.890029948, 34.952624477 ], [ 136.88999208300001, 34.952713028 ], [ 136.889946978000012, 34.952809377 ], [ 136.88993876399999, 34.952826923 ], [ 136.889930639, 34.952844278 ], [ 136.889918110999986, 34.952862545 ], [ 136.889845278, 34.952968833 ], [ 136.889831757, 34.952991996 ], [ 136.889812812, 34.953024452 ], [ 136.889791078, 34.953061686 ], [ 136.889790675, 34.953062375 ], [ 136.889746306, 34.953138389 ], [ 136.889717960000013, 34.953229598 ], [ 136.889707765, 34.953262403 ], [ 136.889651068, 34.95344484 ], [ 136.88964731199999, 34.953456926 ], [ 136.889625228, 34.953527041 ], [ 136.88960125, 34.953603167 ], [ 136.889594754, 34.953623399 ], [ 136.889572071, 34.953694051 ], [ 136.889564162999989, 34.953725411 ], [ 136.88988376, 34.9536359 ] ] ] } },
{ "type": "Feature", "properties": { "A29_001": "23441", "A29_002": "愛知県", "A29_003": "阿久比町", "A29_004": 3, "A29_005": "第一種中高層住居専用地域", "A29_006": 60, "A29_007": 200, "A29_008": "条件付き公開" }, "geometry": { "type": "Polygon", "coordinates": [ [ [ 136.89295103, 34.950645333 ], [ 136.893922271, 34.949602121 ], [ 136.894040550999989, 34.949677211 ], [ 136.894058363999989, 34.949688519 ], [ 136.894324318, 34.94985736 ], [ 136.894534383, 34.949991399 ], [ 136.895773995000013, 34.949078479 ], [ 136.894081484999987, 34.948163793 ], [ 136.893702053999988, 34.948281652 ], [ 136.893562213, 34.948377072 ], [ 136.893515306000012, 34.948497592 ], [ 136.89351138, 34.948601838 ], [ 136.89349952399999, 34.94891673 ], [ 136.89349786299999, 34.948960852 ], [ 136.893497086999986, 34.948960896 ], [ 136.893477322, 34.949081167 ], [ 136.893473618, 34.949114622 ], [ 136.893466254, 34.949168481 ], [ 136.893445625999988, 34.949244893 ], [ 136.89331912, 34.949454497 ], [ 136.892880458, 34.949899633 ], [ 136.892777540999987, 34.950079382 ], [ 136.892772767, 34.950254549 ], [ 136.892789045, 34.950303495 ], [ 136.892854276, 34.950443588 ], [ 136.89289817, 34.950537854 ], [ 136.89292304899999, 34.950588672 ], [ 136.89295103, 34.950645333 ] ] ] } },
{ "type": "Feature", "properties": { "A29_001": "23441", "A29_002": "愛知県", "A29_003": "阿久比町", "A29_004": 3, "A29_005": "第一種中高層住居専用地域", "A29_006": 60, "A29_007": 200, "A29_008": "条件付き公開" }, "geometry": { "type": "Polygon", "coordinates": [ [ [ 136.89787412199999, 34.947178428 ], [ 136.899658644999988, 34.946881757 ], [ 136.900921204000014, 34.946917075 ], [ 136.901581622, 34.94701363 ], [ 136.90156586399999, 34.946914444 ], [ 136.90153024, 34.946690208 ], [ 136.90150917299999, 34.946557601 ], [ 136.90148925, 34.946432194 ], [ 136.901487629, 34.946421784 ], [ 136.90144812299999, 34.9461681 ], [ 136.901429998999987, 34.946051719 ], [ 136.90141379100001, 34.945947639 ], [ 136.901395511, 34.945838255 ], [ 136.90138212799999, 34.945758178 ], [ 136.901365086, 34.945655163 ], [ 136.901352613, 34.945579764 ], [ 136.90133522, 34.945474623 ], [ 136.901327148, 34.945425829 ], [ 136.901324198999987, 34.945408001 ], [ 136.901271382, 34.945058198 ], [ 136.90124133099999, 34.945053949 ], [ 136.901195632999986, 34.945047678 ], [ 136.90116047399999, 34.945042853 ], [ 136.901156449000013, 34.94504219 ], [ 136.901131178000014, 34.945038028 ], [ 136.901121017, 34.94503649 ], [ 136.901075238, 34.945029558 ], [ 136.901071073999987, 34.945028928 ], [ 136.901048516, 34.945028687 ], [ 136.901029181000013, 34.945030617 ], [ 136.90100222800001, 34.945034959 ], [ 136.900981429000012, 34.94504099 ], [ 136.900972763999988, 34.945044275 ], [ 136.90095916300001, 34.945049431 ], [ 136.900942342, 34.945058441 ], [ 136.900923046, 34.945068776 ], [ 136.90088994199999, 34.945089521 ], [ 136.900858109000012, 34.945108196 ], [ 136.90080139, 34.945141167 ], [ 136.90078118, 34.94515344 ], [ 136.90066155299999, 34.945199759 ], [ 136.90058740399999, 34.945240406 ], [ 136.900574038, 34.945244837 ], [ 136.90054390200001, 34.945254817 ], [ 136.900468383, 34.945279826 ], [ 136.900351981, 34.945310621 ], [ 136.900399797, 34.945418 ], [ 136.900428793, 34.945492398 ], [ 136.900445829, 34.945536109 ], [ 136.900458555, 34.945612381 ], [ 136.900450150000012, 34.945658685 ], [ 136.900438589, 34.945743916 ], [ 136.90031826500001, 34.945929104 ], [ 136.90031081399999, 34.94594248 ], [ 136.900041757, 34.945925341 ], [ 136.899544461, 34.945824685 ], [ 136.899240709, 34.94627397 ], [ 136.89921213299999, 34.946480694 ], [ 136.899062148000013, 34.946838411 ], [ 136.898692711, 34.946747606 ], [ 136.898411356999986, 34.946743156 ], [ 136.897883323, 34.946797515 ], [ 136.897604261999987, 34.946802641 ], [ 136.896352121, 34.947136847 ], [ 136.895730716, 34.947298212 ], [ 136.89546761599999, 34.947399103 ], [ 136.894986533, 34.947833161 ], [ 136.896439447, 34.948592335 ], [ 136.897929094, 34.947495564 ], [ 136.897854774, 34.947183058 ], [ 136.89787412199999, 34.947178428 ] ] ] } },
{ "type": "Feature", "properties": { "A29_001": "23441", "A29_002": "愛知県", "A29_003": "阿久比町", "A29_004": 5, "A29_005": "第一種住居地域", "A29_006": 60, "A29_007": 200, "A29_008": "条件付き公開" }, "geometry": { "type": "Polygon", "coordinates": [ [ [ 136.902486025, 34.94511542 ], [ 136.902468, 34.944875833 ], [ 136.902461533, 34.944754432 ], [ 136.902242116999986, 34.944666243 ], [ 136.901981758, 34.9446427 ], [ 136.90182810499999, 34.944699806 ], [ 136.901588879, 34.944905642 ], [ 136.901507503, 34.945003971 ], [ 136.901495227999987, 34.945013039 ], [ 136.901489794000014, 34.945017053 ], [ 136.901469741, 34.945028632 ], [ 136.901437971, 34.945042998 ], [ 136.901418898, 34.94504871 ], [ 136.901409325, 34.945051576 ], [ 136.901387711000012, 34.94505565 ], [ 136.901365054, 34.945058223 ], [ 136.90134320199999, 34.9450577 ], [ 136.901337860000012, 34.94505713 ], [ 136.901271382, 34.945058198 ], [ 136.901324198999987, 34.945408001 ], [ 136.901327148, 34.945425829 ], [ 136.90133522, 34.945474623 ], [ 136.901352613, 34.945579764 ], [ 136.901365086, 34.945655163 ], [ 136.90138212799999, 34.945758178 ], [ 136.901395511, 34.945838255 ], [ 136.90141379100001, 34.945947639 ], [ 136.901429998999987, 34.946051719 ], [ 136.90144812299999, 34.9461681 ], [ 136.901487629, 34.946421784 ], [ 136.90148925, 34.946432194 ], [ 136.90150917299999, 34.946557601 ], [ 136.90153024, 34.946690208 ], [ 136.90156586399999, 34.946914444 ], [ 136.901581622, 34.94701363 ], [ 136.901585946000012, 34.947014263 ], [ 136.902631608, 34.94720406 ], [ 136.902632845, 34.94720433 ], [ 136.902608101, 34.94673019 ], [ 136.902595227, 34.946583945 ], [ 136.90258436, 34.946460489 ], [ 136.902582833, 34.946443139 ], [ 136.902580883000013, 34.946419338 ], [ 136.902579409, 34.946401352 ], [ 136.902578498, 34.946390237 ], [ 136.902573018, 34.946323359 ], [ 136.902570884, 34.946297315 ], [ 136.90256373, 34.946210002 ], [ 136.902559309, 34.946156055 ], [ 136.90255747, 34.94613361 ], [ 136.90254707299999, 34.946006722 ], [ 136.90254083799999, 34.945930638 ], [ 136.90253934899999, 34.945906556 ], [ 136.902532853, 34.945801497 ], [ 136.902519745, 34.945589525 ], [ 136.90251438300001, 34.945502818 ], [ 136.90251075, 34.945444056 ], [ 136.902502903, 34.945339761 ], [ 136.902486025, 34.94511542 ] ] ] } },
{ "type": "Feature", "properties": { "A29_001": "23441", "A29_002": "愛知県", "A29_003": "阿久比町", "A29_004": 3, "A29_005": "第一種中高層住居専用地域", "A29_006": 60, "A29_007": 200, "A29_008": "条件付き公開" }, "geometry": { "type": "Polygon", "coordinates": [ [ [ 136.905718559, 34.946109687 ], [ 136.905681738999988, 34.946055343 ], [ 136.90563622900001, 34.945990337 ], [ 136.905632583999989, 34.945985131 ], [ 136.905571839, 34.94590447 ], [ 136.905516475000013, 34.945830953 ], [ 136.905485914, 34.945797199 ], [ 136.905482454, 34.945744854 ], [ 136.905481441, 34.94574181 ], [ 136.90545006799999, 34.945647544 ], [ 136.90537488199999, 34.945421633 ], [ 136.904945997, 34.945584211 ], [ 136.90470394499999, 34.945652619 ], [ 136.904143245, 34.945745228 ], [ 136.903838189, 34.945882426 ], [ 136.90374255099999, 34.94597604 ], [ 136.903669083000011, 34.94606932 ], [ 136.90354738100001, 34.946184242 ], [ 136.903167137, 34.946306035 ], [ 136.90291404300001, 34.946190604 ], [ 136.9029, 34.945936694 ], [ 136.90294648299999, 34.945913195 ], [ 136.903017917, 34.945877083 ], [ 136.903037106999989, 34.945861781 ], [ 136.90308769399999, 34.945821444 ], [ 136.903089376999986, 34.945729221 ], [ 136.903089757, 34.945708339 ], [ 136.903094583000012, 34.94544375 ], [ 136.903092746999988, 34.945403496 ], [ 136.902837107000011, 34.94540474 ], [ 136.902815096000012, 34.945139222 ], [ 136.902692859000013, 34.944968921 ], [ 136.902472025, 34.944758649 ], [ 136.902461533, 34.944754432 ], [ 136.902468, 34.944875833 ], [ 136.902486025, 34.94511542 ], [ 136.902502903, 34.945339761 ], [ 136.90251075, 34.945444056 ], [ 136.90251438300001, 34.945502818 ], [ 136.902519745, 34.945589525 ], [ 136.902532853, 34.945801497 ], [ 136.90253934899999, 34.945906556 ], [ 136.90254083799999, 34.945930638 ], [ 136.90254707299999, 34.946006722 ], [ 136.90255747, 34.94613361 ], [ 136.902559309, 34.946156055 ], [ 136.90256373, 34.946210002 ], [ 136.902570884, 34.946297315 ], [ 136.902573018, 34.946323359 ], [ 136.902578498, 34.946390237 ], [ 136.902579409, 34.946401352 ], [ 136.902580883000013, 34.946419338 ], [ 136.902582833, 34.946443139 ], [ 136.90258436, 34.946460489 ], [ 136.902595227, 34.946583945 ], [ 136.902608101, 34.94673019 ], [ 136.902632845, 34.94720433 ], [ 136.904520968000014, 34.9476167 ], [ 136.905116263, 34.947617983 ], [ 136.90629621299999, 34.947448808 ], [ 136.906300421, 34.947448204 ], [ 136.906647523, 34.947251734 ], [ 136.906212364, 34.946885617 ], [ 136.906184188, 34.946849556 ], [ 136.906140240000013, 34.946793311 ], [ 136.90610425, 34.94674725 ], [ 136.90610106, 34.94674202 ], [ 136.906048879999986, 34.946658954 ], [ 136.906011108, 34.946598824 ], [ 136.90591312399999, 34.946442841 ], [ 136.905857325999989, 34.946354014 ], [ 136.905816281, 34.946288674 ], [ 136.90577019599999, 34.946214355 ], [ 136.905761622999989, 34.94620053 ], [ 136.905750979, 34.946183365 ], [ 136.905740422, 34.946159372 ], [ 136.905735951, 34.946149212 ], [ 136.905718559, 34.946109687 ] ] ] } },
{ "type": "Feature", "properties": { "A29_001": "23441", "A29_002": "愛知県", "A29_003": "阿久比町", "A29_004": 7, "A29_005": "準住居地域", "A29_006": 60, "A29_007": 200, "A29_008": "条件付き公開" }, "geometry": { "type": "Polygon", "coordinates": [ [ [ 136.899810456000012, 34.94729431 ], [ 136.899946277999987, 34.947282778 ], [ 136.9, 34.947280611 ], [ 136.90003595499999, 34.947278804 ], [ 136.90015405299999, 34.947272868 ], [ 136.900195102, 34.947272701 ], [ 136.900278555999989, 34.947272361 ], [ 136.90042014799999, 34.947274256 ], [ 136.90046919400001, 34.947276694 ], [ 136.900639520999988, 34.947289238 ], [ 136.900752213, 34.947300416 ], [ 136.900976863000011, 34.947332044 ], [ 136.90106799099999, 34.947350515 ], [ 136.90122205899999, 34.947390119 ], [ 136.901319067, 34.947415055 ], [ 136.901429051, 34.94744054 ], [ 136.901658639, 34.947498417 ], [ 136.901761222, 34.947519222 ], [ 136.90210063699999, 34.947581606 ], [ 136.902534139000011, 34.947679583 ], [ 136.902540139, 34.947680944 ], [ 136.902555576, 34.947601898 ], [ 136.902561778, 34.947570143 ], [ 136.902565392000014, 34.947551639 ], [ 136.902576978000013, 34.947492311 ], [ 136.90259595500001, 34.947395143 ], [ 136.90259986, 34.94737515 ], [ 136.902600533999987, 34.947371698 ], [ 136.902601804, 34.947365198 ], [ 136.902612196, 34.947311984 ], [ 136.902619703, 34.947273548 ], [ 136.90262093699999, 34.947267226 ], [ 136.90263105599999, 34.947215417 ], [ 136.902632845, 34.94720433 ], [ 136.902631608, 34.94720406 ], [ 136.901585946000012, 34.947014263 ], [ 136.901581622, 34.94701363 ], [ 136.900921204000014, 34.946917075 ], [ 136.899658644999988, 34.946881757 ], [ 136.89787412199999, 34.947178428 ], [ 136.897854774, 34.947183058 ], [ 136.897929094, 34.947495564 ], [ 136.896439447, 34.948592335 ], [ 136.895773995000013, 34.949078479 ], [ 136.896219226999989, 34.949313161 ], [ 136.896222434, 34.949310759 ], [ 136.896228779000012, 34.949306008 ], [ 136.896396922, 34.949180104 ], [ 136.896519027000011, 34.949088672 ], [ 136.896564917, 34.949054461 ], [ 136.89664332699999, 34.948998034 ], [ 136.896723087, 34.948940635 ], [ 136.896993778, 34.948745833 ], [ 136.89721652099999, 34.948583504 ], [ 136.89726094400001, 34.948547944 ], [ 136.89734753799999, 34.948481903 ], [ 136.897378473, 34.948458311 ], [ 136.89758939, 34.948297454 ], [ 136.897974721999987, 34.948014222 ], [ 136.898270972, 34.947804639 ], [ 136.898289046, 34.94779456 ], [ 136.898482661, 34.947686589 ], [ 136.89860044, 34.947630341 ], [ 136.898713464, 34.947580709 ], [ 136.89880913499999, 34.947540819 ], [ 136.898914620999989, 34.947498869 ], [ 136.898957501000012, 34.947483673 ], [ 136.899021318, 34.947461058 ], [ 136.899124847, 34.947428428 ], [ 136.89938748899999, 34.947360183 ], [ 136.899679972, 34.947305389 ], [ 136.899810456000012, 34.94729431 ] ] ] } },
{ "type": "Feature", "properties": { "A29_001": "23441", "A29_002": "愛知県", "A29_003": "阿久比町", "A29_004": 6, "A29_005": "第二種住居地域", "A29_006": 60, "A29_007": 200, "A29_008": "条件付き公開" }, "geometry": { "type": "Polygon", "coordinates": [ [ [ 136.906299710000013, 34.947673153 ], [ 136.906297364000011, 34.947452471 ], [ 136.90629621299999, 34.947448808 ], [ 136.905116263, 34.947617983 ], [ 136.904520968000014, 34.9476167 ], [ 136.902632845, 34.94720433 ], [ 136.90263105599999, 34.947215417 ], [ 136.90262093699999, 34.947267226 ], [ 136.902619703, 34.947273548 ], [ 136.902612196, 34.947311984 ], [ 136.902601804, 34.947365198 ], [ 136.902600533999987, 34.947371698 ], [ 136.90259986, 34.94737515 ], [ 136.90259595500001, 34.947395143 ], [ 136.902576978000013, 34.947492311 ], [ 136.902565392000014, 34.947551639 ], [ 136.902561778, 34.947570143 ], [ 136.902555576, 34.947601898 ], [ 136.902551249999988, 34.947624051 ], [ 136.902540139, 34.947680944 ], [ 136.90265060499999, 34.947705742 ], [ 136.902983849, 34.947780551 ], [ 136.903110333, 34.947808944 ], [ 136.903376638999987, 34.947868528 ], [ 136.903498116, 34.947894334 ], [ 136.9037055, 34.947938389 ], [ 136.903808027999986, 34.947957864 ], [ 136.90398686099999, 34.947991833 ], [ 136.904191494, 34.948020329 ], [ 136.904229028, 34.948025556 ], [ 136.904576659000014, 34.948049681 ], [ 136.904601667, 34.948051417 ], [ 136.905014095000013, 34.948047502 ], [ 136.905034722000011, 34.948047306 ], [ 136.905335889000014, 34.948024694 ], [ 136.90534799299999, 34.948023336 ], [ 136.90535478699999, 34.948022573 ], [ 136.905646972, 34.947989778 ], [ 136.90573556199999, 34.947972562 ], [ 136.90581244399999, 34.947957621 ], [ 136.905912626, 34.947938152 ], [ 136.905921080000013, 34.947936509 ], [ 136.905943138999987, 34.947932222 ], [ 136.906207916999989, 34.947880722 ], [ 136.90630172199999, 34.947862472 ], [ 136.90629918, 34.947840714 ], [ 136.906299710000013, 34.947673153 ] ] ] } },
{ "type": "Feature", "properties": { "A29_001": "23441", "A29_002": "愛知県", "A29_003": "阿久比町", "A29_004": 6, "A29_005": "第二種住居地域", "A29_006": 60, "A29_007": 200, "A29_008": "条件付き公開" }, "geometry": { "type": "Polygon", "coordinates": [ [ [ 136.896219226999989, 34.949313161 ], [ 136.895773995000013, 34.949078479 ], [ 136.894534383, 34.949991399 ], [ 136.894655582000013, 34.950070951 ], [ 136.88988376, 34.9536359 ], [ 136.890533626, 34.953477479 ], [ 136.89068566099999, 34.953452889 ], [ 136.89070180499999, 34.953450278 ], [ 136.891061458, 34.953182709 ], [ 136.891162544999986, 34.953107311 ], [ 136.891282694000012, 34.953017694 ], [ 136.891314282, 34.952993832 ], [ 136.89155186799999, 34.952814354 ], [ 136.891591604000013, 34.952784201 ], [ 136.89166666700001, 34.952727241 ], [ 136.89201879, 34.95246004 ], [ 136.892198597, 34.952326453 ], [ 136.89286191, 34.951832177 ], [ 136.893118254, 34.951641157 ], [ 136.89358357099999, 34.951292006 ], [ 136.893690924999987, 34.951211453 ], [ 136.89392913899999, 34.951022583 ], [ 136.894519677, 34.950591351 ], [ 136.894959311, 34.95027031 ], [ 136.895020604, 34.950222575 ], [ 136.895306401, 34.95 ], [ 136.89537063899999, 34.949949972 ], [ 136.895809444, 34.94962 ], [ 136.895971134, 34.94949893 ], [ 136.896176948, 34.949344819 ], [ 136.896219226999989, 34.949313161 ] ] ] } },
{ "type": "Feature", "properties": { "A29_001": "23441", "A29_002": "愛知県", "A29_003": "阿久比町", "A29_004": 12, "A29_005": "工業専用地域", "A29_006": 60, "A29_007": 200, "A29_008": "条件付き公開" }, "geometry": { "type": "Polygon", "coordinates": [ [ [ 136.889890243999986, 34.944748177 ], [ 136.889945129000012, 34.944602797 ], [ 136.889951048, 34.944580163 ], [ 136.889987238, 34.944441771 ], [ 136.890026627999987, 34.944302053 ], [ 136.89003186799999, 34.944283469 ], [ 136.890060223, 34.944182224 ], [ 136.890145818, 34.943876605 ], [ 136.889808853, 34.943807806 ], [ 136.88998779799999, 34.94314573 ], [ 136.890334015, 34.94318074 ], [ 136.890346806, 34.943134894 ], [ 136.890350194, 34.94312275 ], [ 136.890365083, 34.943067694 ], [ 136.890397138, 34.942925938 ], [ 136.890397998, 34.94292332 ], [ 136.890603125000013, 34.942710579 ], [ 136.89083589099999, 34.942638349 ], [ 136.891087169, 34.942592967 ], [ 136.891077343, 34.941359881 ], [ 136.890054195, 34.941376703 ], [ 136.889696004, 34.941899153 ], [ 136.88963402600001, 34.941862078 ], [ 136.889568352999987, 34.942030421 ], [ 136.888466204, 34.942027902 ], [ 136.88848261199999, 34.941300356 ], [ 136.888161672, 34.941318768 ], [ 136.88812871799999, 34.941437403 ], [ 136.88795642, 34.941505937 ], [ 136.887784369, 34.941501713 ], [ 136.887694697, 34.941581559 ], [ 136.88764423500001, 34.941685202 ], [ 136.885305139, 34.941693177 ], [ 136.88520313, 34.941576177 ], [ 136.88501681299999, 34.941663821 ], [ 136.88403487, 34.941868328 ], [ 136.883681728999989, 34.941783259 ], [ 136.883432253, 34.941304004 ], [ 136.882734946999989, 34.941229618 ], [ 136.882320271, 34.941458411 ], [ 136.881705719, 34.941659929 ], [ 136.88151523799999, 34.941605871 ], [ 136.881012558, 34.94173106 ], [ 136.88105707, 34.942305572 ], [ 136.881515037000014, 34.943007426 ], [ 136.882561584, 34.942954352 ], [ 136.882561700999986, 34.942954346 ], [ 136.882644972, 34.944396311 ], [ 136.881788581, 34.944434144 ], [ 136.88178933899999, 34.944482621 ], [ 136.881782913, 34.944509388 ], [ 136.88176552499999, 34.944559498 ], [ 136.88169306899999, 34.944693283 ], [ 136.881683148, 34.944716158 ], [ 136.881648883999986, 34.944824157 ], [ 136.88164378, 34.944850066 ], [ 136.881642505, 34.944870724 ], [ 136.88164165399999, 34.944884729 ], [ 136.88163795299999, 34.944990062 ], [ 136.88193138599999, 34.944988196 ], [ 136.88199718199999, 34.944789222 ], [ 136.88220624600001, 34.944850982 ], [ 136.882153675000012, 34.945260603 ], [ 136.88270255099999, 34.945231252 ], [ 136.883036629, 34.945454137 ], [ 136.883440447999988, 34.945452821 ], [ 136.88344154, 34.945468495 ], [ 136.883454277, 34.945730293 ], [ 136.88382618899999, 34.945679819 ], [ 136.88381793100001, 34.945455959 ], [ 136.88384954599999, 34.945446576 ], [ 136.883851461, 34.945067406 ], [ 136.883865818, 34.945053985 ], [ 136.883956633999986, 34.9449745 ], [ 136.883961948, 34.94497117 ], [ 136.883997722, 34.944952677 ], [ 136.884061717, 34.944919596 ], [ 136.884147409, 34.9448753 ], [ 136.884201358000013, 34.944847412 ], [ 136.884264518, 34.944850079 ], [ 136.88438940099999, 34.944855352 ], [ 136.88453043199999, 34.944920859 ], [ 136.884556409, 34.944944717 ], [ 136.88459311299999, 34.944978427 ], [ 136.884697982, 34.945020113 ], [ 136.884835685000013, 34.945035729 ], [ 136.884899284, 34.945042941 ], [ 136.885014610000013, 34.945052715 ], [ 136.885010290999986, 34.945036994 ], [ 136.885050963999987, 34.94503008 ], [ 136.8851886, 34.945006683 ], [ 136.885198586, 34.945004985 ], [ 136.885236206, 34.945017493 ], [ 136.885427998000011, 34.945081258 ], [ 136.885523497, 34.945113835 ], [ 136.885621528, 34.945147276 ], [ 136.88562349099999, 34.945147319 ], [ 136.885689754, 34.945148781 ], [ 136.88573788799999, 34.945148678 ], [ 136.88589249099999, 34.945159987 ], [ 136.885932144, 34.945162888 ], [ 136.88640684399999, 34.945197257 ], [ 136.88695313299999, 34.945219005 ], [ 136.887307240000013, 34.945318058 ], [ 136.88750335099999, 34.945321586 ], [ 136.887550616, 34.945322401 ], [ 136.88764647799999, 34.94532072 ], [ 136.88766396, 34.945321243 ], [ 136.88777083799999, 34.945324443 ], [ 136.88792911499999, 34.94533282 ], [ 136.88795945699999, 34.945335944 ], [ 136.888031864, 34.945343396 ], [ 136.88811904799999, 34.94535237 ], [ 136.888380619, 34.945382649 ], [ 136.888454462, 34.945391197 ], [ 136.88882618400001, 34.945455253 ], [ 136.88889928899999, 34.945469287 ], [ 136.888913436, 34.945472041 ], [ 136.889310381, 34.945549307 ], [ 136.889414988999988, 34.945411141 ], [ 136.88951208, 34.945300436 ], [ 136.88957366, 34.945230221 ], [ 136.889699544, 34.945074979 ], [ 136.889718447, 34.945049964 ], [ 136.889790158000011, 34.944944985 ], [ 136.889798961, 34.944929478 ], [ 136.88984043100001, 34.944856423 ], [ 136.889890243999986, 34.944748177 ] ] ] } },
{ "type": "Feature", "properties": { "A29_001": "23441", "A29_002": "愛知県", "A29_003": "阿久比町", "A29_004": 12, "A29_005": "工業専用地域", "A29_006": 60, "A29_007": 200, "A29_008": "条件付き公開" }, "geometry": { "type": "Polygon", "coordinates": [ [ [ 136.89586870299999, 34.924649092 ], [ 136.895777861, 34.924220355 ], [ 136.895767510000013, 34.923962954 ], [ 136.89578407, 34.923745524 ], [ 136.895963577, 34.922884308 ], [ 136.896048949, 34.922371358 ], [ 136.889612204, 34.921598632 ], [ 136.889541963999989, 34.921880454 ], [ 136.88940112, 34.922153413 ], [ 136.88934068399999, 34.922543124 ], [ 136.889305699, 34.922876953 ], [ 136.889286019, 34.923198577 ], [ 136.88933192499999, 34.92339817 ], [ 136.889311623999987, 34.923549084 ], [ 136.88925383599999, 34.923618296 ], [ 136.888556623999989, 34.92441083 ], [ 136.88837473699999, 34.924797977 ], [ 136.888303447, 34.925034443 ], [ 136.888347369, 34.925164613 ], [ 136.888423909000011, 34.925161304 ], [ 136.888645892, 34.925106629 ], [ 136.892047015, 34.925132641 ], [ 136.892649384, 34.9251075 ], [ 136.89586870299999, 34.924649092 ] ] ] } },
{ "type": "Feature", "properties": { "A29_001": "23441", "A29_002": "愛知県", "A29_003": "阿久比町", "A29_004": 1, "A29_005": "第一種低層住居専用地域", "A29_006": 30, "A29_007": 50, "A29_008": "条件付き公開" }, "geometry": { "type": "Polygon", "coordinates": [ [ [ 136.909778458, 34.935153188 ], [ 136.90952446, 34.934937218 ], [ 136.90935993799999, 34.935045817 ], [ 136.90924898899999, 34.935059433 ], [ 136.908988674999989, 34.935549707 ], [ 136.909017576, 34.935565961 ], [ 136.90911866499999, 34.935602765 ], [ 136.909335139, 34.935711389 ], [ 136.909502722000013, 34.9358305 ], [ 136.909591385, 34.935898095 ], [ 136.909688703, 34.935972289 ], [ 136.909727663000012, 34.936002284 ], [ 136.90976431199999, 34.93598285 ], [ 136.910159082, 34.935741021 ], [ 136.909717905, 34.935332493 ], [ 136.909813367999988, 34.935255585 ], [ 136.909778458, 34.935153188 ] ] ] } },
{ "type": "Feature", "properties": { "A29_001": "23441", "A29_002": "愛知県", "A29_003": "阿久比町", "A29_004": 1, "A29_005": "第一種低層住居専用地域", "A29_006": 30, "A29_007": 50, "A29_008": "条件付き公開" }, "geometry": { "type": "Polygon", "coordinates": [ [ [ 136.925822648, 34.936810117 ], [ 136.925680634, 34.936469949 ], [ 136.925624836999987, 34.936491645 ], [ 136.924853090999989, 34.936870013 ], [ 136.924856729999988, 34.937173328 ], [ 136.924889369999988, 34.937321676 ], [ 136.924910667, 34.937396989 ], [ 136.924937094, 34.93748379 ], [ 136.924965746999987, 34.937551706 ], [ 136.925, 34.93759732 ], [ 136.92500828199999, 34.93760835 ], [ 136.92502431299999, 34.937629943 ], [ 136.92508611, 34.937713176 ], [ 136.925263636000011, 34.937675983 ], [ 136.925226318, 34.93756142 ], [ 136.925637865999988, 34.937473986 ], [ 136.925975566, 34.937363896 ], [ 136.925963947000014, 34.937344377 ], [ 136.925951250999987, 34.937320853 ], [ 136.925888918999988, 34.937192471 ], [ 136.92584748199999, 34.937112952 ], [ 136.925830198999989, 34.937078242 ], [ 136.925821332, 34.937056335 ], [ 136.92581689799999, 34.937037084 ], [ 136.925814480000014, 34.937020821 ], [ 136.92581311, 34.93700387 ], [ 136.925812807999989, 34.936985697 ], [ 136.92581311, 34.936963044 ], [ 136.925814621, 34.936945369 ], [ 136.925816738, 34.936931428 ], [ 136.925822648, 34.936810117 ] ] ] } },
{ "type": "Feature", "properties": { "A29_001": "23441", "A29_002": "愛知県", "A29_003": "阿久比町", "A29_004": 3, "A29_005": "第一種中高層住居専用地域", "A29_006": 60, "A29_007": 200, "A29_008": "条件付き公開" }, "geometry": { "type": "Polygon", "coordinates": [ [ [ 136.91848059599999, 34.963224506 ], [ 136.91838328, 34.963069272 ], [ 136.91830366799999, 34.962883145 ], [ 136.91814233299999, 34.9629375 ], [ 136.918039389, 34.962972194 ], [ 136.91781126399999, 34.963041761 ], [ 136.917712833, 34.963071778 ], [ 136.917680076000011, 34.963079842 ], [ 136.917674285, 34.963081267 ], [ 136.91756963899999, 34.963107028 ], [ 136.917443, 34.9631205 ], [ 136.91731944899999, 34.963115521 ], [ 136.917329892, 34.963123296 ], [ 136.91753154, 34.963285174 ], [ 136.91769024199999, 34.963500164 ], [ 136.917703827, 34.963798337 ], [ 136.918094857999989, 34.963834915 ], [ 136.918312049, 34.963871137 ], [ 136.91845333, 34.9638595 ], [ 136.918612907000011, 34.963785289 ], [ 136.918827115, 34.963609821 ], [ 136.91865738199999, 34.963448476 ], [ 136.91848059599999, 34.963224506 ] ] ] } }
]
}
