{
"type": "FeatureCollection",
"name": "A29-19_23212",
"features": [
{ "type": "Feature", "properties": { "A29_001": "23212", "A29_002": "愛知県", "A29_003": "安城市", "A29_004": 12, "A29_005": "工業専用地域", "A29_006": 60, "A29_007": 200, "A29_008": null }, "geometry": { "type": "Polygon", "coordinates": [ [ [ 137.09997454, 35.002293335 ], [ 137.09995756699999, 35.002282409 ], [ 137.099919777, 35.002205826 ], [ 137.099928438, 35.002144675 ], [ 137.099902206, 35.002082206 ], [ 137.099868971, 35.001982512 ], [ 137.099858884000014, 35.001965487 ], [ 137.09981868599999, 35.001886441 ], [ 137.099768316, 35.001773703 ], [ 137.099740892999989, 35.001707321 ], [ 137.099723055, 35.001656748 ], [ 137.099704583, 35.001590362 ], [ 137.099675287999986, 35.001469197 ], [ 137.099644137000013, 35.001272181 ], [ 137.09961619, 35.001069893 ], [ 137.099601931, 35.001009892 ], [ 137.099876378, 35.00102379 ], [ 137.099924154, 35.001011872 ], [ 137.099945467999987, 35.001004934 ], [ 137.100087172, 35.001013188 ], [ 137.100933317999989, 35.001061274 ], [ 137.100988093000012, 35.001064386 ], [ 137.101107997000014, 35.001070969 ], [ 137.101314980000012, 35.001084206 ], [ 137.101414287000011, 35.00103558 ], [ 137.101518891000012, 35.000993546 ], [ 137.10177616199999, 35.000880089 ], [ 137.101883241, 35.000839292 ], [ 137.102342287, 35.00067343 ], [ 137.102418363, 35.000644326 ], [ 137.10259829200001, 35.000578902 ], [ 137.102623497, 35.000556036 ], [ 137.10279277399999, 35.000382141 ], [ 137.10285195899999, 35.000320827 ], [ 137.102924976999986, 35.000249919 ], [ 137.10314656700001, 35.000031175 ], [ 137.103091834999987, 34.999816749 ], [ 137.103037812, 34.999593219 ], [ 137.102984432, 34.999430457 ], [ 137.10296601499999, 34.999375088 ], [ 137.102941283, 34.999298098 ], [ 137.102900263, 34.999174998 ], [ 137.102854127, 34.999037382 ], [ 137.102814475, 34.998917438 ], [ 137.10279835599999, 34.998865532 ], [ 137.102790453000011, 34.998560866 ], [ 137.10270606899999, 34.998133586 ], [ 137.102704683000013, 34.998126581 ], [ 137.10269181699999, 34.998062389 ], [ 137.100935584000013, 34.998227971 ], [ 137.097888149, 34.998515232 ], [ 137.09793147799999, 34.998554245 ], [ 137.097961768, 34.998581523 ], [ 137.09813836399999, 34.998742373 ], [ 137.098443155000012, 34.999025617 ], [ 137.09883762699999, 34.999405322 ], [ 137.09886315599999, 34.999428225 ], [ 137.098997249, 34.999548493 ], [ 137.098796455000013, 34.999672739 ], [ 137.09875863, 34.999694687 ], [ 137.098470182, 34.999870989 ], [ 137.098414663, 34.999906232 ], [ 137.098164019, 35.000058819 ], [ 137.09810466499999, 35.000094907 ], [ 137.09796055000001, 35.000183332 ], [ 137.097739125, 35.000319176 ], [ 137.097657594999987, 35.000370721 ], [ 137.097126188, 35.00069594 ], [ 137.097082362, 35.000726078 ], [ 137.09703354199999, 35.000767202 ], [ 137.097008577, 35.0007905 ], [ 137.096961404000012, 35.000840766 ], [ 137.09691279, 35.000909755 ], [ 137.09677234899999, 35.001079377 ], [ 137.096746208000013, 35.001106361 ], [ 137.096712552000014, 35.001133349 ], [ 137.096675358999988, 35.001158146 ], [ 137.09663373, 35.001180379 ], [ 137.09654828699999, 35.001220472 ], [ 137.096382826, 35.001295352 ], [ 137.096351301, 35.001315572 ], [ 137.09641907, 35.001394526 ], [ 137.096424264, 35.00139379 ], [ 137.096432865999986, 35.001403558 ], [ 137.096428679000013, 35.001406449 ], [ 137.09649607899999, 35.00149458 ], [ 137.096582633, 35.001605547 ], [ 137.09662640900001, 35.001659661 ], [ 137.096703037, 35.001731823 ], [ 137.09676870199999, 35.001812993 ], [ 137.096867196, 35.001939256 ], [ 137.096889053000012, 35.002002372 ], [ 137.096921798000011, 35.002146627 ], [ 137.096932715, 35.002191706 ], [ 137.09697641599999, 35.002335967 ], [ 137.096987340999988, 35.002372032 ], [ 137.09700923, 35.002399089 ], [ 137.097053014000011, 35.002444188 ], [ 137.097096807000014, 35.002480272 ], [ 137.097118711, 35.002489299 ], [ 137.097151563000011, 35.002507348 ], [ 137.09725014899999, 35.002525433 ], [ 137.097348735999987, 35.002543519 ], [ 137.097458278, 35.002561611 ], [ 137.097524012, 35.002561649 ], [ 137.097754076, 35.002570794 ], [ 137.097830765999987, 35.002570838 ], [ 137.097962235000011, 35.002570912 ], [ 137.098422376, 35.002571172 ], [ 137.09842236899999, 35.002580186 ], [ 137.09847708, 35.00266135 ], [ 137.098531799, 35.002733498 ], [ 137.09853194199999, 35.002733733 ], [ 137.09856511800001, 35.002717867 ], [ 137.09859233200001, 35.002704847 ], [ 137.098717384, 35.002648233 ], [ 137.098901073, 35.00257675 ], [ 137.09893018299999, 35.002562865 ], [ 137.09899702300001, 35.002536706 ], [ 137.099179, 35.002494573 ], [ 137.09936331099999, 35.002504835 ], [ 137.09955833699999, 35.002475528 ], [ 137.09966513099999, 35.002464562 ], [ 137.099758001, 35.002453579 ], [ 137.099864819, 35.002413189 ], [ 137.099929857, 35.002354376 ], [ 137.09997454, 35.002293335 ] ] ] } },
{ "type": "Feature", "properties": { "A29_001": "23212", "A29_002": "愛知県", "A29_003": "安城市", "A29_004": 12, "A29_005": "工業専用地域", "A29_006": 60, "A29_007": 200, "A29_008": null }, "geometry": { "type": "Polygon", "coordinates": [ [ [ 137.032299622000011, 34.955769644 ], [ 137.03342178299999, 34.954673636 ], [ 137.03280690599999, 34.954258351 ], [ 137.032643258, 34.954150489 ], [ 137.032302646, 34.953909688 ], [ 137.03220479399999, 34.953841815 ], [ 137.030778083, 34.952852981 ], [ 137.030181615, 34.952439065 ], [ 137.029629419, 34.952058172 ], [ 137.029264782000013, 34.951803227 ], [ 137.029223932, 34.951776615 ], [ 137.02917909300001, 34.951745661 ], [ 137.02551692599999, 34.955306677 ], [ 137.025898673, 34.95557284 ], [ 137.02664005299999, 34.956087261 ], [ 137.027396947, 34.956614757 ], [ 137.02741651299999, 34.956628329 ], [ 137.028905853, 34.957659706 ], [ 137.029064893, 34.957774347 ], [ 137.029196402, 34.957864941 ], [ 137.029220529000014, 34.957881565 ], [ 137.02940856, 34.958012573 ], [ 137.029746031, 34.958251034 ], [ 137.030557757999986, 34.957460385 ], [ 137.030863393, 34.957165168 ], [ 137.030999181, 34.95703155 ], [ 137.03120771, 34.956830356 ], [ 137.031372701, 34.956669283 ], [ 137.031593191000013, 34.956457203 ], [ 137.032299622000011, 34.955769644 ] ] ] } },
{ "type": "Feature", "properties": { "A29_001": "23212", "A29_002": "愛知県", "A29_003": "安城市", "A29_004": 12, "A29_005": "工業専用地域", "A29_006": 60, "A29_007": 200, "A29_008": null }, "geometry": { "type": "Polygon", "coordinates": [ [ [ 137.038255404000012, 34.921868592 ], [ 137.03866653599999, 34.921434458 ], [ 137.038613524, 34.921396448 ], [ 137.038374643, 34.921225149 ], [ 137.038302662, 34.921187643 ], [ 137.038213973000012, 34.921139771 ], [ 137.03809117, 34.921070226 ], [ 137.037966942, 34.921002664 ], [ 137.03788262399999, 34.920959213 ], [ 137.037754237, 34.920891556 ], [ 137.03762606699999, 34.920825161 ], [ 137.037482151, 34.920749553 ], [ 137.03737530699999, 34.920693818 ], [ 137.037290773, 34.920649556 ], [ 137.037176931, 34.920589846 ], [ 137.03703574799999, 34.920516225 ], [ 137.036975254, 34.920482886 ], [ 137.037071931000014, 34.920461065 ], [ 137.038802564, 34.92007041 ], [ 137.038785502, 34.920020189 ], [ 137.038750306999987, 34.919919816 ], [ 137.038693642, 34.919760284 ], [ 137.038637418, 34.919598318 ], [ 137.038614646000013, 34.919532666 ], [ 137.038593294, 34.919468548 ], [ 137.038535981, 34.919303336 ], [ 137.038514412000012, 34.919238316 ], [ 137.03852043399999, 34.91923688 ], [ 137.03847619699999, 34.919109363 ], [ 137.03845734699999, 34.919054893 ], [ 137.03843139, 34.918996179 ], [ 137.03840001, 34.918905998 ], [ 137.038379746, 34.918846298 ], [ 137.038330058000014, 34.918705253 ], [ 137.03827819899999, 34.918552667 ], [ 137.038267074, 34.918528316 ], [ 137.03826817699999, 34.918522728 ], [ 137.038235499, 34.918422808 ], [ 137.038173938, 34.918246052 ], [ 137.038101692, 34.918043232 ], [ 137.03808403799999, 34.917993992 ], [ 137.037982384, 34.917700361 ], [ 137.037975284, 34.917691699 ], [ 137.037955842, 34.917666708 ], [ 137.0379423, 34.917648303 ], [ 137.03789061399999, 34.917595872 ], [ 137.037850623999987, 34.91755346 ], [ 137.037738299000011, 34.917435787 ], [ 137.037674052999989, 34.917367116 ], [ 137.037558665, 34.917249169 ], [ 137.037540422, 34.917226973 ], [ 137.03763267799999, 34.917160722 ], [ 137.037822772999988, 34.917026602 ], [ 137.038030724, 34.916880962 ], [ 137.038205369999986, 34.916756922 ], [ 137.038403353, 34.916616319 ], [ 137.038596734, 34.916478776 ], [ 137.038778173, 34.916349154 ], [ 137.038833616, 34.916307203 ], [ 137.039001675, 34.916194604 ], [ 137.03914838099999, 34.916089825 ], [ 137.039283261, 34.915988369 ], [ 137.039370802, 34.915925897 ], [ 137.039427009, 34.91588539 ], [ 137.039482447000012, 34.915846143 ], [ 137.039581164999987, 34.915774308 ], [ 137.039619514, 34.91574568 ], [ 137.03969292, 34.915693922 ], [ 137.039767313999988, 34.91564 ], [ 137.039860003, 34.915573928 ], [ 137.039941078999988, 34.915516227 ], [ 137.040038263000014, 34.915445202 ], [ 137.040129748, 34.915378857 ], [ 137.040206661000013, 34.915323406 ], [ 137.04027787699999, 34.915272186 ], [ 137.04035118199999, 34.915214206 ], [ 137.040522428, 34.915090249 ], [ 137.040661245, 34.914988796 ], [ 137.04077025699999, 34.914911471 ], [ 137.04080794399999, 34.914885457 ], [ 137.040922439000013, 34.914800927 ], [ 137.041082507, 34.914685792 ], [ 137.041121729999986, 34.914657526 ], [ 137.041165443000011, 34.914627552 ], [ 137.04122866, 34.91458119 ], [ 137.041374811999987, 34.914476859 ], [ 137.041536197, 34.914358931 ], [ 137.041609596, 34.914309965 ], [ 137.041708747, 34.91423903 ], [ 137.04188338899999, 34.914110568 ], [ 137.042189828, 34.913888305 ], [ 137.042345617, 34.913778033 ], [ 137.042604614999988, 34.913589977 ], [ 137.042693466, 34.913525972 ], [ 137.04266883299999, 34.913459597 ], [ 137.04265827399999, 34.913421634 ], [ 137.042610638000014, 34.913296369 ], [ 137.042285845, 34.912846827 ], [ 137.042242269000013, 34.912787284 ], [ 137.042096901, 34.912592234 ], [ 137.042047212999989, 34.912522408 ], [ 137.041870394, 34.912283513 ], [ 137.04174350400001, 34.912101733 ], [ 137.041432692, 34.911676183 ], [ 137.041396556, 34.91161836 ], [ 137.04114653900001, 34.91122875 ], [ 137.041127111, 34.911195105 ], [ 137.040837903000011, 34.910744333 ], [ 137.040788088999989, 34.910743723 ], [ 137.040663181000014, 34.910570526 ], [ 137.040580866, 34.910440536 ], [ 137.040519362999987, 34.910297497 ], [ 137.040490295000012, 34.910198754 ], [ 137.040446718999988, 34.910140923 ], [ 137.040385554000011, 34.910063783 ], [ 137.040277843000013, 34.90994591 ], [ 137.039974379, 34.909655793 ], [ 137.040259197000012, 34.909466777 ], [ 137.040313981999986, 34.90942176 ], [ 137.040292262, 34.909313559 ], [ 137.040259596999988, 34.909205347 ], [ 137.040194394, 34.908907788 ], [ 137.040160302, 34.90880309 ], [ 137.040139995, 34.90870039 ], [ 137.040096527, 34.908502018 ], [ 137.040074723, 34.908447906 ], [ 137.040063849, 34.90840282 ], [ 137.040063905000011, 34.908366761 ], [ 137.040042156999988, 34.908276589 ], [ 137.039996468, 34.908098678 ], [ 137.039982471, 34.908020775 ], [ 137.039993414, 34.907878803 ], [ 137.039999034, 34.907852846 ], [ 137.039988147, 34.907816775 ], [ 137.039988174, 34.907798745 ], [ 137.039977314, 34.907744645 ], [ 137.039966413, 34.907717589 ], [ 137.039944665, 34.907627417 ], [ 137.039911974, 34.907537235 ], [ 137.039850298, 34.907296113 ], [ 137.03864819399999, 34.908145946 ], [ 137.038394729, 34.908328113 ], [ 137.036797581, 34.909472593 ], [ 137.035754139, 34.910225837 ], [ 137.03573700699999, 34.910332465 ], [ 137.036844701, 34.911378926 ], [ 137.03799199, 34.912457061 ], [ 137.038054168, 34.912515607 ], [ 137.037839727, 34.912668776 ], [ 137.037494705, 34.91292491 ], [ 137.036880344, 34.913354057 ], [ 137.036530155, 34.913607586 ], [ 137.036131719999986, 34.913891009 ], [ 137.035862769, 34.914086288 ], [ 137.03567843499999, 34.914233735 ], [ 137.035338161, 34.91449716 ], [ 137.034958335999988, 34.914771666 ], [ 137.033859833, 34.915541457 ], [ 137.033706079000012, 34.915649837 ], [ 137.033471026, 34.915801633 ], [ 137.033422234999989, 34.915755451 ], [ 137.032018728999986, 34.914428269 ], [ 137.031854613, 34.914401043 ], [ 137.030638401, 34.915265114 ], [ 137.030395406, 34.915458192 ], [ 137.03025682399999, 34.915568306 ], [ 137.02989306399999, 34.915949406 ], [ 137.029553329, 34.916228483 ], [ 137.029574993000011, 34.916363731 ], [ 137.030213113, 34.916719093 ], [ 137.03024297799999, 34.916733433 ], [ 137.030545539, 34.91639265 ], [ 137.031177273, 34.916740726 ], [ 137.0317417, 34.917058136 ], [ 137.031809382, 34.917096975 ], [ 137.03182104699999, 34.917098457 ], [ 137.031767402000014, 34.917135962 ], [ 137.0316769, 34.917197613 ], [ 137.031656188, 34.917213998 ], [ 137.031552535, 34.917286722 ], [ 137.03139070099999, 34.917399588 ], [ 137.031284007000011, 34.917471012 ], [ 137.031748142, 34.91773624 ], [ 137.032122221, 34.917919205 ], [ 137.032210574, 34.917953614 ], [ 137.032312762, 34.918007942 ], [ 137.032361205, 34.918033417 ], [ 137.032475971, 34.918092681 ], [ 137.032628331000012, 34.918179482 ], [ 137.03272972100001, 34.918240174 ], [ 137.032738665000011, 34.918245412 ], [ 137.032974634, 34.918376928 ], [ 137.033147402, 34.918473487 ], [ 137.033365221, 34.918595066 ], [ 137.03350660800001, 34.91867365 ], [ 137.033647448000011, 34.918751783 ], [ 137.033686813, 34.918773552 ], [ 137.03376109199999, 34.91881557 ], [ 137.03374617099999, 34.91881779 ], [ 137.03372501199999, 34.918839853 ], [ 137.033703616999986, 34.918873004 ], [ 137.033689334, 34.918906884 ], [ 137.033664377, 34.918977263 ], [ 137.033654783, 34.919021515 ], [ 137.033643484, 34.919105792 ], [ 137.033629461, 34.919182222 ], [ 137.03362305600001, 34.919217373 ], [ 137.03361316499999, 34.919242604 ], [ 137.03360066, 34.919260079 ], [ 137.033509767, 34.919359954 ], [ 137.033363709000014, 34.919530084 ], [ 137.033259765, 34.919646352 ], [ 137.032977292, 34.919971189 ], [ 137.032952967999989, 34.919994168 ], [ 137.03295603, 34.919995704 ], [ 137.032948022999989, 34.920006153 ], [ 137.03292104799999, 34.920037945 ], [ 137.032844514, 34.92012389 ], [ 137.033093416000014, 34.920281509 ], [ 137.033174953000014, 34.92032358 ], [ 137.033324783000012, 34.920393664 ], [ 137.033322252, 34.920395464 ], [ 137.03339329100001, 34.920417944 ], [ 137.03346812800001, 34.920406893 ], [ 137.03351121899999, 34.920426412 ], [ 137.033574335999987, 34.920447666 ], [ 137.033906054999989, 34.920527269 ], [ 137.033951782, 34.920541383 ], [ 137.034103808999987, 34.920607177 ], [ 137.034154883000014, 34.920631392 ], [ 137.034347379, 34.920714448 ], [ 137.034456191, 34.920770098 ], [ 137.034470841, 34.92077994 ], [ 137.034554828000012, 34.920823393 ], [ 137.034633969, 34.920886042 ], [ 137.034879902, 34.921090585 ], [ 137.035022950000013, 34.921228848 ], [ 137.035178303, 34.921392744 ], [ 137.035216689, 34.921446649 ], [ 137.035230512, 34.921467407 ], [ 137.035241544, 34.921488342 ], [ 137.03525356899999, 34.921552739 ], [ 137.035261741999989, 34.921609316 ], [ 137.035304696999987, 34.921687215 ], [ 137.035326626, 34.92173856 ], [ 137.03535313399999, 34.921800629 ], [ 137.035398128999987, 34.921800371 ], [ 137.035427485000014, 34.921806903 ], [ 137.03546214299999, 34.921747722 ], [ 137.035476617, 34.921730934 ], [ 137.035487057000012, 34.92172495 ], [ 137.03549474499999, 34.921722236 ], [ 137.035500426999988, 34.921721196 ], [ 137.03550718, 34.921721312 ], [ 137.035516229, 34.921722782 ], [ 137.03554749700001, 34.921737654 ], [ 137.035661510000011, 34.921793768 ], [ 137.035902486999987, 34.921916945 ], [ 137.035971045999986, 34.921938375 ], [ 137.036094580999986, 34.921966887 ], [ 137.036334700999987, 34.922024434 ], [ 137.03642951, 34.922029223 ], [ 137.036569476000011, 34.922021332 ], [ 137.036668526, 34.922002146 ], [ 137.036717944, 34.921966779 ], [ 137.036812889, 34.921934013 ], [ 137.03713147799999, 34.921828717 ], [ 137.037340065, 34.921760778 ], [ 137.03752975899999, 34.921700968 ], [ 137.037672541, 34.921655964 ], [ 137.037827576000012, 34.921607466 ], [ 137.037905935999987, 34.921590791 ], [ 137.03812456, 34.921767154 ], [ 137.038255404000012, 34.921868592 ] ] ] } },
{ "type": "Feature", "properties": { "A29_001": "23212", "A29_002": "愛知県", "A29_003": "安城市", "A29_004": 12, "A29_005": "工業専用地域", "A29_006": 60, "A29_007": 200, "A29_008": null }, "geometry": { "type": "Polygon", "coordinates": [ [ [ 137.063817855, 34.916871969 ], [ 137.063640561, 34.916273052 ], [ 137.063503574, 34.915781284 ], [ 137.063289919999988, 34.915118601 ], [ 137.063217525999988, 34.914760126 ], [ 137.06315216499999, 34.914535537 ], [ 137.063420734, 34.914446293 ], [ 137.06351938, 34.914413924 ], [ 137.063885069, 34.914287214 ], [ 137.06401207499999, 34.914242878 ], [ 137.064033644, 34.914235324 ], [ 137.064092194000011, 34.914235283 ], [ 137.064296716, 34.914164509 ], [ 137.064521711, 34.91408699 ], [ 137.064691415999988, 34.914028175 ], [ 137.064956481, 34.913937618 ], [ 137.065159797, 34.913867292 ], [ 137.065205123, 34.913852635 ], [ 137.065270496000011, 34.914000443 ], [ 137.065313487999987, 34.914103609 ], [ 137.065371432, 34.914241044 ], [ 137.065410711, 34.914337987 ], [ 137.065472253, 34.914486512 ], [ 137.065540559999988, 34.914652172 ], [ 137.065613997000014, 34.914828294 ], [ 137.065676302000014, 34.914979885 ], [ 137.06573326099999, 34.91511813 ], [ 137.065737844000012, 34.915129673 ], [ 137.065746163999989, 34.915127426 ], [ 137.065765588, 34.915173508 ], [ 137.065793297, 34.915246461 ], [ 137.065822859, 34.915325817 ], [ 137.065842382999989, 34.915379832 ], [ 137.065871507, 34.915458736 ], [ 137.065892452000014, 34.915514375 ], [ 137.06589626499999, 34.915528441 ], [ 137.06592587, 34.915572549 ], [ 137.065938526, 34.915604923 ], [ 137.065969612, 34.915690499 ], [ 137.066007140000011, 34.915788882 ], [ 137.066009638, 34.91580466 ], [ 137.06600460300001, 34.915805378 ], [ 137.066009288, 34.915821969 ], [ 137.06603176499999, 34.91587824 ], [ 137.066061654, 34.915958497 ], [ 137.066072670000011, 34.915989517 ], [ 137.066084563, 34.916019006 ], [ 137.066119579, 34.91611315 ], [ 137.066115083, 34.916120809 ], [ 137.066131063, 34.916164174 ], [ 137.06653574500001, 34.916059945 ], [ 137.066714190999988, 34.916014026 ], [ 137.067385723, 34.915838516 ], [ 137.067511403, 34.915804813 ], [ 137.069527397, 34.915280875 ], [ 137.069694949, 34.915208728 ], [ 137.06960955, 34.915126516 ], [ 137.06948886, 34.915013284 ], [ 137.069375933, 34.914907269 ], [ 137.069237974, 34.914775541 ], [ 137.069193995, 34.914734434 ], [ 137.06912942, 34.914673226 ], [ 137.06907607299999, 34.91462315 ], [ 137.06902163399999, 34.914570279 ], [ 137.06898677, 34.914529685 ], [ 137.068953220999987, 34.91448873 ], [ 137.06890765899999, 34.914425499 ], [ 137.06886407499999, 34.914355509 ], [ 137.06881549799999, 34.914251619 ], [ 137.06878462099999, 34.914171632 ], [ 137.068775464, 34.914141245 ], [ 137.06877046299999, 34.914113835 ], [ 137.068769335000013, 34.913957427 ], [ 137.06877089599999, 34.913841046 ], [ 137.06877131499999, 34.913764871 ], [ 137.068770855, 34.913691219 ], [ 137.06876986099999, 34.913514076 ], [ 137.068770924, 34.913356047 ], [ 137.068774244999986, 34.913232636 ], [ 137.06877653699999, 34.913145644 ], [ 137.06877391899999, 34.913046028 ], [ 137.068768775, 34.912954253 ], [ 137.068758186, 34.912839755 ], [ 137.06875026, 34.912786832 ], [ 137.068740572, 34.912742561 ], [ 137.068731203, 34.912706764 ], [ 137.068707733999986, 34.912656172 ], [ 137.068674104, 34.912591959 ], [ 137.06864058299999, 34.912527656 ], [ 137.06858532199999, 34.912430612 ], [ 137.0685504, 34.91244059 ], [ 137.068195629, 34.912601849 ], [ 137.067914333, 34.912727288 ], [ 137.067720852, 34.912814124 ], [ 137.06771483, 34.912816824 ], [ 137.067554089999987, 34.91288746 ], [ 137.067417983000013, 34.912949641 ], [ 137.067408753, 34.912980555 ], [ 137.06524389399999, 34.913739531 ], [ 137.065236137999989, 34.913728346 ], [ 137.065184023, 34.913746062 ], [ 137.06477716099999, 34.912832967 ], [ 137.06410696, 34.913274402 ], [ 137.06383154, 34.91342003 ], [ 137.063509393, 34.913561741 ], [ 137.06290425, 34.913778303 ], [ 137.062555777, 34.913012554 ], [ 137.062441623000012, 34.913019848 ], [ 137.062109507, 34.912479122 ], [ 137.061984687, 34.912182425 ], [ 137.061956761, 34.912102944 ], [ 137.061709501, 34.912057963 ], [ 137.061598671000013, 34.912034609 ], [ 137.061461799999989, 34.912006815 ], [ 137.061433571, 34.912002373 ], [ 137.061405321, 34.912014609 ], [ 137.061290555999989, 34.911987195 ], [ 137.06112917499999, 34.911956855 ], [ 137.060953581, 34.911916676 ], [ 137.060888497, 34.911891829 ], [ 137.060780375, 34.911891194 ], [ 137.060679282, 34.911870191 ], [ 137.06046998799999, 34.911824213 ], [ 137.060298550999988, 34.911870309 ], [ 137.060253448999987, 34.911880997 ], [ 137.06010401899999, 34.911918188 ], [ 137.059829240999989, 34.911989074 ], [ 137.05978096199999, 34.912002013 ], [ 137.059739801, 34.912011893 ], [ 137.05960438299999, 34.91204594 ], [ 137.059426379, 34.912091759 ], [ 137.05919374699999, 34.912151502 ], [ 137.059147169999989, 34.912201854 ], [ 137.059142251, 34.912197883 ], [ 137.059066446, 34.91225497 ], [ 137.058896205, 34.912389321 ], [ 137.058864081, 34.912434097 ], [ 137.058830523000012, 34.912487164 ], [ 137.058760002000014, 34.912603934 ], [ 137.058732639, 34.912606705 ], [ 137.058634872, 34.91255316 ], [ 137.05851469000001, 34.912484179 ], [ 137.058027514, 34.912203833 ], [ 137.058022362, 34.912210229 ], [ 137.057970422000011, 34.91217836 ], [ 137.05742429099999, 34.911877315 ], [ 137.057380986999988, 34.911852305 ], [ 137.057229858, 34.911766979 ], [ 137.05716851, 34.911732216 ], [ 137.05717476, 34.911723207 ], [ 137.05680760300001, 34.911515354 ], [ 137.05654704599999, 34.912039963 ], [ 137.056361484, 34.912416886 ], [ 137.056266466000011, 34.912599982 ], [ 137.05617977, 34.912778668 ], [ 137.056128414999989, 34.912881571 ], [ 137.05605182, 34.913036196 ], [ 137.056001998999989, 34.913137838 ], [ 137.055961394, 34.91322182 ], [ 137.055942198999986, 34.913253445 ], [ 137.055867079, 34.913368947 ], [ 137.055872434, 34.913374 ], [ 137.055806522000012, 34.913477521 ], [ 137.055801272, 34.913475623 ], [ 137.05575072100001, 34.913549498 ], [ 137.055709283999988, 34.913600575 ], [ 137.055661050999987, 34.913659939 ], [ 137.05562125599999, 34.913711016 ], [ 137.055564577000013, 34.913784255 ], [ 137.055552299999988, 34.913798758 ], [ 137.055514821, 34.913836586 ], [ 137.055465067, 34.913887745 ], [ 137.055407644000013, 34.913944486 ], [ 137.055361726, 34.9139906 ], [ 137.055309459, 34.914038241 ], [ 137.05517938700001, 34.914162076 ], [ 137.05513303399999, 34.914206206 ], [ 137.05507605299999, 34.914259252 ], [ 137.054945444999987, 34.914373981 ], [ 137.05433119, 34.914912233 ], [ 137.05425392, 34.91498035 ], [ 137.054082131, 34.915131784 ], [ 137.053668055, 34.915495059 ], [ 137.053309748, 34.915809524 ], [ 137.053089723, 34.916002147 ], [ 137.052954287, 34.916122368 ], [ 137.052756617999989, 34.916292113 ], [ 137.052490787000011, 34.916525439 ], [ 137.052245228, 34.91673904 ], [ 137.05214419699999, 34.916828552 ], [ 137.052072425, 34.916891138 ], [ 137.052058292, 34.916901402 ], [ 137.051982364, 34.916945674 ], [ 137.052245769, 34.917051207 ], [ 137.052445088000013, 34.917130283 ], [ 137.052573854, 34.917182068 ], [ 137.052619435, 34.917199185 ], [ 137.052839745999989, 34.91728616 ], [ 137.05308304, 34.917381638 ], [ 137.053296808999988, 34.917467488 ], [ 137.05358464299999, 34.917542922 ], [ 137.05389468300001, 34.917594189 ], [ 137.05405833099999, 34.917621755 ], [ 137.05425026399999, 34.917653575 ], [ 137.054460830000011, 34.917689892 ], [ 137.054629291, 34.917719265 ], [ 137.05488612, 34.91776289 ], [ 137.055122565, 34.917802808 ], [ 137.055749143000014, 34.917903943 ], [ 137.05615529, 34.918142936 ], [ 137.056282372, 34.918130521 ], [ 137.05660702599999, 34.918101246 ], [ 137.056906504000011, 34.918073932 ], [ 137.057162088000013, 34.918051896 ], [ 137.057221524, 34.91804636 ], [ 137.05735320299999, 34.918034038 ], [ 137.057616337000013, 34.918012549 ], [ 137.057873015000013, 34.917990422 ], [ 137.058091821, 34.917971416 ], [ 137.05815474900001, 34.917973275 ], [ 137.058528545, 34.917941876 ], [ 137.058627715, 34.917932228 ], [ 137.058734218000012, 34.917922406 ], [ 137.059246261999988, 34.917875352 ], [ 137.059427414, 34.917859916 ], [ 137.059821840000012, 34.91778553 ], [ 137.060071762, 34.917739143 ], [ 137.060495086, 34.917660814 ], [ 137.060797552, 34.917605727 ], [ 137.061064001, 34.917557459 ], [ 137.061083378, 34.917553419 ], [ 137.06152093, 34.917472935 ], [ 137.061586072000011, 34.917455412 ], [ 137.061902035, 34.917371577 ], [ 137.063059896999988, 34.9170694 ], [ 137.063073143999986, 34.917065895 ], [ 137.063130073, 34.917050979 ], [ 137.063142992, 34.917047564 ], [ 137.063817855, 34.916871969 ] ] ] } },
{ "type": "Feature", "properties": { "A29_001": "23212", "A29_002": "愛知県", "A29_003": "安城市", "A29_004": 12, "A29_005": "工業専用地域", "A29_006": 60, "A29_007": 200, "A29_008": null }, "geometry": { "type": "Polygon", "coordinates": [ [ [ 137.07223048899999, 34.906490087 ], [ 137.073109518, 34.905929231 ], [ 137.07318440099999, 34.905899449 ], [ 137.073605128, 34.905632752 ], [ 137.073783858000013, 34.90550641 ], [ 137.0749576, 34.904757083 ], [ 137.075196573, 34.904604515 ], [ 137.070312722000011, 34.90059646 ], [ 137.070063403, 34.900392084 ], [ 137.070005041, 34.90044536 ], [ 137.06979421, 34.900628952 ], [ 137.069311703000011, 34.901037184 ], [ 137.06892529000001, 34.901367801 ], [ 137.06757957799999, 34.902639161 ], [ 137.065788365, 34.904319539 ], [ 137.06533081500001, 34.904749438 ], [ 137.065243336, 34.904831599 ], [ 137.065263847000011, 34.904846446 ], [ 137.065298309000013, 34.904861178 ], [ 137.065368443000011, 34.904886964 ], [ 137.06543381099999, 34.904916416 ], [ 137.06550512199999, 34.904955059 ], [ 137.06559067, 34.905010257 ], [ 137.065615275999988, 34.90503203 ], [ 137.065745902, 34.905181893 ], [ 137.065794519, 34.905246111 ], [ 137.065883234000012, 34.90537964 ], [ 137.065899785999989, 34.905409719 ], [ 137.065917973000012, 34.905464175 ], [ 137.065950369, 34.905513594 ], [ 137.06596143499999, 34.905529118 ], [ 137.06597761899999, 34.905547287 ], [ 137.06598408799999, 34.905554549 ], [ 137.065997038, 34.905569092 ], [ 137.066058923000014, 34.905638549 ], [ 137.066101671000013, 34.905678917 ], [ 137.066134035, 34.905709486 ], [ 137.066166962000011, 34.905740586 ], [ 137.066223947999987, 34.905794408 ], [ 137.06626351599999, 34.905831772 ], [ 137.066277899999989, 34.90584536 ], [ 137.066367824, 34.905930282 ], [ 137.066421765, 34.905981234 ], [ 137.066551247, 34.90610351 ], [ 137.066568926, 34.906124781 ], [ 137.066576657000013, 34.90615661 ], [ 137.0665806, 34.90617239 ], [ 137.066594396999989, 34.906227581 ], [ 137.066610950000012, 34.9062938 ], [ 137.066652065999989, 34.906458257 ], [ 137.066665250999989, 34.906510994 ], [ 137.06720567, 34.906197282 ], [ 137.06728267, 34.906152546 ], [ 137.067285180999988, 34.906151216 ], [ 137.067505659, 34.906383194 ], [ 137.067937365, 34.906835281 ], [ 137.068380442, 34.907299185 ], [ 137.06876549099999, 34.907700206 ], [ 137.06899300399999, 34.907935804 ], [ 137.069119924, 34.908063138 ], [ 137.06929044099999, 34.908237744 ], [ 137.06940839, 34.908349523 ], [ 137.06959320499999, 34.908533243 ], [ 137.06981253399999, 34.908750105 ], [ 137.070116402, 34.909053652 ], [ 137.07040267799999, 34.908838571 ], [ 137.0705592, 34.908723066 ], [ 137.070583311, 34.908705914 ], [ 137.070684298, 34.908640579 ], [ 137.07082089299999, 34.908557908 ], [ 137.07101076399999, 34.908445027 ], [ 137.071245465, 34.908305353 ], [ 137.071398706999986, 34.908212109 ], [ 137.071493825, 34.908155152 ], [ 137.07167249599999, 34.908048143 ], [ 137.071443743, 34.907813208 ], [ 137.07138948, 34.907757478 ], [ 137.071331823, 34.907698262 ], [ 137.071302632999988, 34.907668283 ], [ 137.07120833, 34.90757143 ], [ 137.07109465, 34.907454677 ], [ 137.070963495, 34.907315345 ], [ 137.071123758, 34.907209781 ], [ 137.071179062, 34.907173855 ], [ 137.07122297699999, 34.907145132 ], [ 137.07128857699999, 34.907100921 ], [ 137.071310372, 34.907085432 ], [ 137.071549663000013, 34.906925155 ], [ 137.071680528, 34.906841329 ], [ 137.071713163, 34.90682017 ], [ 137.072164671, 34.90653457 ], [ 137.07216193799999, 34.906531683 ], [ 137.07223048899999, 34.906490087 ] ] ] } },
{ "type": "Feature", "properties": { "A29_001": "23212", "A29_002": "愛知県", "A29_003": "安城市", "A29_004": 8, "A29_005": "近隣商業地域", "A29_006": 80, "A29_007": 200, "A29_008": null }, "geometry": { "type": "Polygon", "coordinates": [ [ [ 137.062326745, 34.97261275 ], [ 137.062781244, 34.973401977 ], [ 137.062886311, 34.973587987 ], [ 137.063424110999989, 34.972997329 ], [ 137.063956961, 34.972409234 ], [ 137.064001356, 34.972359492 ], [ 137.064052253999989, 34.972302453 ], [ 137.063680326999986, 34.971992959 ], [ 137.063564383999989, 34.971921057 ], [ 137.063076661999986, 34.971512363 ], [ 137.06283181399999, 34.971713553 ], [ 137.062628862999986, 34.971536717 ], [ 137.062533242, 34.971461001 ], [ 137.06246327400001, 34.971398748 ], [ 137.062395516, 34.971338462 ], [ 137.062317266, 34.971278609 ], [ 137.061713727000011, 34.97152604 ], [ 137.062111288000011, 34.972210037 ], [ 137.06219042399999, 34.972357947 ], [ 137.062326745, 34.97261275 ] ] ] } },
{ "type": "Feature", "properties": { "A29_001": "23212", "A29_002": "愛知県", "A29_003": "安城市", "A29_004": 8, "A29_005": "近隣商業地域", "A29_006": 80, "A29_007": 200, "A29_008": null }, "geometry": { "type": "Polygon", "coordinates": [ [ [ 137.06414382599999, 34.97064667 ], [ 137.06411533799999, 34.97066628 ], [ 137.064039056000013, 34.970722999 ], [ 137.06396670399999, 34.970780795 ], [ 137.063714524, 34.970990437 ], [ 137.064127805999988, 34.971330463 ], [ 137.064114224, 34.971340782 ], [ 137.064571375000014, 34.971721266 ], [ 137.0645788, 34.971712952 ], [ 137.064808943, 34.971469773 ], [ 137.064934919, 34.971336659 ], [ 137.064952432000013, 34.971318157 ], [ 137.065126041000013, 34.971181377 ], [ 137.06529355399999, 34.971076323 ], [ 137.065424334999989, 34.971007515 ], [ 137.065517203000013, 34.970963879 ], [ 137.06565069199999, 34.970909731 ], [ 137.06578756, 34.970859902 ], [ 137.066137505, 34.970743091 ], [ 137.067133103, 34.970357474 ], [ 137.06700369, 34.970121983 ], [ 137.06525869, 34.969943759 ], [ 137.064235443, 34.969857035 ], [ 137.064004643, 34.969988086 ], [ 137.063864822999989, 34.970069398 ], [ 137.063720565000011, 34.970153249 ], [ 137.063631805, 34.97022238 ], [ 137.06414382599999, 34.97064667 ] ] ] } },
{ "type": "Feature", "properties": { "A29_001": "23212", "A29_002": "愛知県", "A29_003": "安城市", "A29_004": 8, "A29_005": "近隣商業地域", "A29_006": 80, "A29_007": 200, "A29_008": null }, "geometry": { "type": "Polygon", "coordinates": [ [ [ 137.057420632, 34.971909745 ], [ 137.057728031000011, 34.971787943 ], [ 137.057964558, 34.971693753 ], [ 137.057971314000014, 34.971686412 ], [ 137.058257571000013, 34.97137628 ], [ 137.05885735699999, 34.970724784 ], [ 137.05952940200001, 34.969996634 ], [ 137.060111038, 34.969366427 ], [ 137.058543299, 34.969208626 ], [ 137.05738599599999, 34.969069691 ], [ 137.057383886, 34.969091721 ], [ 137.057280071, 34.970934698 ], [ 137.057275143, 34.971140366 ], [ 137.057420632, 34.971909745 ] ] ] } },
{ "type": "Feature", "properties": { "A29_001": "23212", "A29_002": "愛知県", "A29_003": "安城市", "A29_004": 8, "A29_005": "近隣商業地域", "A29_006": 80, "A29_007": 200, "A29_008": null }, "geometry": { "type": "Polygon", "coordinates": [ [ [ 137.057157319, 34.966356532 ], [ 137.056769212, 34.966803495 ], [ 137.05629133299999, 34.967366837 ], [ 137.055167152, 34.968692028 ], [ 137.05526541399999, 34.968718721 ], [ 137.055546985, 34.96879702 ], [ 137.055751759, 34.968848708 ], [ 137.05627196, 34.968951031 ], [ 137.056477081, 34.968972519 ], [ 137.057153742999986, 34.969043402 ], [ 137.05725809399999, 34.969054331 ], [ 137.05738599599999, 34.969069691 ], [ 137.057432381000012, 34.968586342 ], [ 137.058706094, 34.967060792 ], [ 137.05819102000001, 34.966747773 ], [ 137.057726198000012, 34.966463634 ], [ 137.058290319, 34.96578621 ], [ 137.058344729999988, 34.965722488 ], [ 137.0587461, 34.96524681 ], [ 137.058843392, 34.96513414 ], [ 137.059698978, 34.965654959 ], [ 137.060489135000012, 34.964704232 ], [ 137.061255877, 34.963785014 ], [ 137.061918125, 34.964197779 ], [ 137.062201828000013, 34.964375515 ], [ 137.063474695, 34.965174385 ], [ 137.063789121000013, 34.96536993 ], [ 137.063323034, 34.965875534 ], [ 137.063033423, 34.966191616 ], [ 137.06214445099999, 34.967156625 ], [ 137.062380201, 34.967574492 ], [ 137.062384277, 34.967581716 ], [ 137.06259082, 34.967499146 ], [ 137.063931106000013, 34.967065496 ], [ 137.065769155, 34.966452779 ], [ 137.065537705999986, 34.965963065 ], [ 137.0648736, 34.965485809 ], [ 137.064810926, 34.965390092 ], [ 137.064612352000012, 34.965242713 ], [ 137.064188949999988, 34.96493608 ], [ 137.064315951999987, 34.964798233 ], [ 137.06441276699999, 34.964693302 ], [ 137.06487694099999, 34.96419201 ], [ 137.065033559, 34.964021834 ], [ 137.064166254000014, 34.963295911 ], [ 137.063931946999986, 34.963575568 ], [ 137.061384849, 34.962118824 ], [ 137.060676468, 34.962936164 ], [ 137.06054334800001, 34.963094239 ], [ 137.060363631, 34.963312528 ], [ 137.06005468399999, 34.963684045 ], [ 137.059706476, 34.964107074 ], [ 137.059267737999988, 34.964208382 ], [ 137.058856456, 34.964440148 ], [ 137.058686173000012, 34.964524015 ], [ 137.058218880999988, 34.964709934 ], [ 137.058168918, 34.964730984 ], [ 137.058156317, 34.964736923 ], [ 137.058145438, 34.964740555 ], [ 137.058373533, 34.964872257 ], [ 137.057820549000013, 34.965538262 ], [ 137.057714113, 34.965666113 ], [ 137.05753024399999, 34.965900657 ], [ 137.057312701, 34.966158698 ], [ 137.05721418600001, 34.966291037 ], [ 137.057157319, 34.966356532 ] ] ] } },
{ "type": "Feature", "properties": { "A29_001": "23212", "A29_002": "愛知県", "A29_003": "安城市", "A29_004": 8, "A29_005": "近隣商業地域", "A29_006": 80, "A29_007": 200, "A29_008": null }, "geometry": { "type": "Polygon", "coordinates": [ [ [ 137.083359666, 34.965232599 ], [ 137.083417204, 34.965198409 ], [ 137.083520631999988, 34.965264838 ], [ 137.083624644, 34.965328373 ], [ 137.083690818, 34.965363909 ], [ 137.085297959, 34.964409105 ], [ 137.08597326, 34.965307672 ], [ 137.086069185000014, 34.965434555 ], [ 137.086262545000011, 34.965690983 ], [ 137.086857783999989, 34.966475148 ], [ 137.087028143, 34.966696077 ], [ 137.087180397, 34.966897026 ], [ 137.087220704, 34.966980682 ], [ 137.087242495, 34.967038481 ], [ 137.087263143, 34.967101743 ], [ 137.087264535, 34.967111155 ], [ 137.087916551, 34.967452239 ], [ 137.088025361, 34.967509157 ], [ 137.088379247, 34.967162506 ], [ 137.088377035, 34.967161982 ], [ 137.088248259000011, 34.967131969 ], [ 137.088157790999986, 34.967110257 ], [ 137.088069823000012, 34.967084445 ], [ 137.08795085599999, 34.967022167 ], [ 137.088096028, 34.966878835 ], [ 137.088359981, 34.966624383 ], [ 137.087984768000013, 34.966326535 ], [ 137.087665511000012, 34.966069425 ], [ 137.087365186, 34.965792512 ], [ 137.086900458, 34.965358965 ], [ 137.086815124999987, 34.965035783 ], [ 137.08674915099999, 34.964704942 ], [ 137.086664417, 34.964218088 ], [ 137.08598143899999, 34.964627845 ], [ 137.08589091799999, 34.964507816 ], [ 137.085719614, 34.964275725 ], [ 137.085696342, 34.964245284 ], [ 137.085502058, 34.963986737 ], [ 137.085519643999987, 34.963933011 ], [ 137.085673093999986, 34.963843281 ], [ 137.085448998, 34.963524765 ], [ 137.085162027, 34.963149792 ], [ 137.085110499, 34.963177181 ], [ 137.084203890999987, 34.9620015 ], [ 137.08418283899999, 34.961974189 ], [ 137.084112260000012, 34.962001438 ], [ 137.08393237300001, 34.962070702 ], [ 137.08360844399999, 34.961653772 ], [ 137.082750112000014, 34.962000477 ], [ 137.08218964, 34.962225107 ], [ 137.081919642, 34.962325262 ], [ 137.081752642, 34.962363837 ], [ 137.080289927, 34.962952283 ], [ 137.080085824, 34.963032477 ], [ 137.07985871299999, 34.963113088 ], [ 137.079668751000014, 34.963189685 ], [ 137.07960609, 34.963212601 ], [ 137.079361283, 34.963302123 ], [ 137.079792585, 34.963485378 ], [ 137.079917868, 34.963539349 ], [ 137.08012924799999, 34.963631423 ], [ 137.08029116599999, 34.963701331 ], [ 137.08037699, 34.963739326 ], [ 137.08040939899999, 34.963754116 ], [ 137.080452455999989, 34.963776404 ], [ 137.08050176, 34.963803204 ], [ 137.08055595799999, 34.963832702 ], [ 137.080656941, 34.963887268 ], [ 137.08096127499999, 34.964049191 ], [ 137.081289051999988, 34.96422603 ], [ 137.081382565000013, 34.964273793 ], [ 137.08162744099999, 34.964402391 ], [ 137.081315576, 34.964805555 ], [ 137.081195559, 34.9648763 ], [ 137.080333028000013, 34.965384728 ], [ 137.07827078299999, 34.965650253 ], [ 137.078608808000013, 34.967344151 ], [ 137.07864255199999, 34.967545071 ], [ 137.078818961, 34.967537048 ], [ 137.079057948000013, 34.967515126 ], [ 137.07908559099999, 34.967512585 ], [ 137.07919653499999, 34.967494158 ], [ 137.079321107, 34.967469583 ], [ 137.079437899, 34.967440387 ], [ 137.079618933, 34.967386556 ], [ 137.079694853, 34.967358853 ], [ 137.079761049000012, 34.967331143 ], [ 137.079764982, 34.967329298 ], [ 137.079817037, 34.967304851 ], [ 137.079891511, 34.967266493 ], [ 137.07999850499999, 34.967212453 ], [ 137.08000746499999, 34.967210981 ], [ 137.080234483999988, 34.9670817 ], [ 137.080294079999987, 34.967039472 ], [ 137.080576387, 34.966871727 ], [ 137.081382829, 34.966396523 ], [ 137.081444763, 34.966359128 ], [ 137.082009734, 34.966027968 ], [ 137.082662801, 34.965641895 ], [ 137.082966058000011, 34.965463413 ], [ 137.08297636899999, 34.965457182 ], [ 137.08304376800001, 34.965416473 ], [ 137.08307495299999, 34.965398708 ], [ 137.083107332, 34.965379204 ], [ 137.083315446, 34.965255664 ], [ 137.083359666, 34.965232599 ] ] ] } },
{ "type": "Feature", "properties": { "A29_001": "23212", "A29_002": "愛知県", "A29_003": "安城市", "A29_004": 8, "A29_005": "近隣商業地域", "A29_006": 80, "A29_007": 300, "A29_008": null }, "geometry": { "type": "Polygon", "coordinates": [ [ [ 137.081707900999987, 34.959220727 ], [ 137.08146869399999, 34.958918194 ], [ 137.081416413, 34.95885079 ], [ 137.081138263000014, 34.958492193 ], [ 137.080605886, 34.957836252 ], [ 137.080452412999989, 34.957627938 ], [ 137.080403259, 34.95751291 ], [ 137.080293761, 34.957283965 ], [ 137.080275395, 34.957245224 ], [ 137.080188706, 34.957308257 ], [ 137.08003463, 34.957403911 ], [ 137.080033041, 34.957404902 ], [ 137.079889228000013, 34.957456301 ], [ 137.07955826599999, 34.957585597 ], [ 137.07929822700001, 34.957682166 ], [ 137.079132262, 34.957732764 ], [ 137.079075139999986, 34.957750671 ], [ 137.079068338000013, 34.957752596 ], [ 137.07898564300001, 34.957775938 ], [ 137.079068202, 34.957880497 ], [ 137.07958127399999, 34.958535385 ], [ 137.079825848000013, 34.958849663 ], [ 137.079851641, 34.958917283 ], [ 137.080224229, 34.959402022 ], [ 137.080300867, 34.959475737 ], [ 137.080595157, 34.959918797 ], [ 137.080813839, 34.960245909 ], [ 137.081247496, 34.960900932 ], [ 137.08150675600001, 34.960781714 ], [ 137.08255666, 34.960299974 ], [ 137.08244724799999, 34.960159141 ], [ 137.082318807, 34.959994703 ], [ 137.082047296000013, 34.959647255 ], [ 137.081707900999987, 34.959220727 ] ] ] } },
{ "type": "Feature", "properties": { "A29_001": "23212", "A29_002": "愛知県", "A29_003": "安城市", "A29_004": 8, "A29_005": "近隣商業地域", "A29_006": 80, "A29_007": 200, "A29_008": null }, "geometry": { "type": "Polygon", "coordinates": [ [ [ 137.086511556, 34.963565948 ], [ 137.087268548, 34.963110666 ], [ 137.087714846000011, 34.962849024 ], [ 137.087888819999989, 34.962742373 ], [ 137.087932263999988, 34.962716298 ], [ 137.087995957, 34.96267807 ], [ 137.088302596, 34.962511194 ], [ 137.088314948, 34.962503954 ], [ 137.08834040799999, 34.962487909 ], [ 137.088484024, 34.962397401 ], [ 137.08924024800001, 34.963090926 ], [ 137.090406234, 34.964168318 ], [ 137.090772077999986, 34.964507187 ], [ 137.09093739299999, 34.96465818 ], [ 137.091027462999989, 34.964740766 ], [ 137.091220295, 34.96491955 ], [ 137.091958584999986, 34.96556844 ], [ 137.092115564000011, 34.964711014 ], [ 137.092158281, 34.96447131 ], [ 137.092208569, 34.964202232 ], [ 137.092263333, 34.963900063 ], [ 137.092327861, 34.96354034 ], [ 137.092351643, 34.963409343 ], [ 137.092367556999989, 34.963321819 ], [ 137.092085000999987, 34.963103371 ], [ 137.091941213000013, 34.962991327 ], [ 137.091820089, 34.962883761 ], [ 137.09175946, 34.962820034 ], [ 137.091650893, 34.962692498 ], [ 137.09114852499999, 34.962006116 ], [ 137.090906321, 34.96167679 ], [ 137.09089664199999, 34.961663866 ], [ 137.090787044, 34.961517649 ], [ 137.090729036, 34.961439139 ], [ 137.09069320399999, 34.96138282 ], [ 137.09062568600001, 34.961262971 ], [ 137.090566165000013, 34.961151294 ], [ 137.090477311, 34.960989694 ], [ 137.090398756000013, 34.960845813 ], [ 137.090359056000011, 34.960780548 ], [ 137.09016177399999, 34.960431254 ], [ 137.090002134, 34.960145736 ], [ 137.089874216, 34.959921476 ], [ 137.089861871000011, 34.959902663 ], [ 137.089815410999989, 34.959925152 ], [ 137.089106606, 34.960269229 ], [ 137.089030011, 34.960314362 ], [ 137.08864035900001, 34.960501783 ], [ 137.087750758, 34.960969905 ], [ 137.087614553, 34.961044594 ], [ 137.086845399, 34.961439281 ], [ 137.086705155, 34.961510009 ], [ 137.086685055, 34.961482997 ], [ 137.08660692, 34.961375309 ], [ 137.08655351199999, 34.96130037 ], [ 137.086484353, 34.961207562 ], [ 137.086386508, 34.961077522 ], [ 137.086089791, 34.961210158 ], [ 137.085849043, 34.961317049 ], [ 137.085658908999989, 34.961399615 ], [ 137.08545301, 34.961489391 ], [ 137.085357921, 34.961530435 ], [ 137.085173727000011, 34.961607514 ], [ 137.085093863, 34.961621641 ], [ 137.085395957, 34.962002322 ], [ 137.085408927, 34.962019467 ], [ 137.08548398799999, 34.96211173 ], [ 137.085571968000011, 34.962218037 ], [ 137.085736862, 34.96242619 ], [ 137.086138963, 34.962928743 ], [ 137.08644517499999, 34.963306756 ], [ 137.086511556, 34.963565948 ] ] ] } },
{ "type": "Feature", "properties": { "A29_001": "23212", "A29_002": "愛知県", "A29_003": "安城市", "A29_004": 8, "A29_005": "近隣商業地域", "A29_006": 80, "A29_007": 200, "A29_008": null }, "geometry": { "type": "Polygon", "coordinates": [ [ [ 137.091746538, 34.959307556 ], [ 137.091810936, 34.959402161 ], [ 137.091842635, 34.959451888 ], [ 137.091903107, 34.959541875 ], [ 137.092048303000013, 34.959761141 ], [ 137.09220210399999, 34.959667256 ], [ 137.092440403000012, 34.959530071 ], [ 137.092596875, 34.959449151 ], [ 137.092781882999986, 34.959355302 ], [ 137.092980261, 34.959260271 ], [ 137.092986074, 34.959200633 ], [ 137.093032569, 34.958930127 ], [ 137.093054521999989, 34.958858401 ], [ 137.093084272, 34.958761239 ], [ 137.093099755999987, 34.958528189 ], [ 137.093114968, 34.958279778 ], [ 137.09306819599999, 34.958028155 ], [ 137.093045272000012, 34.957900537 ], [ 137.093018785, 34.957753066 ], [ 137.09299370299999, 34.957613385 ], [ 137.092945742000012, 34.957235978 ], [ 137.092931752, 34.957085062 ], [ 137.09290049399999, 34.956727345 ], [ 137.09288971, 34.956603259 ], [ 137.092905236, 34.956579893 ], [ 137.092892311000014, 34.956156234 ], [ 137.092867869, 34.95596406 ], [ 137.092860538999986, 34.955822289 ], [ 137.092838199, 34.95547242 ], [ 137.092818443999988, 34.95522972 ], [ 137.092801235, 34.954994027 ], [ 137.09277652599999, 34.954696722 ], [ 137.09255055599999, 34.952953635 ], [ 137.092536319, 34.952847667 ], [ 137.091504218000011, 34.953858719 ], [ 137.091398418000011, 34.953963135 ], [ 137.090637851999986, 34.953579297 ], [ 137.08970803299999, 34.953109032 ], [ 137.089619779, 34.953019477 ], [ 137.08935653099999, 34.952434096 ], [ 137.088202808, 34.952797292 ], [ 137.088523097, 34.953242118 ], [ 137.088962802, 34.953860518 ], [ 137.08929151000001, 34.954315633 ], [ 137.089620637, 34.954770936 ], [ 137.089932632999989, 34.955200599 ], [ 137.09015224699999, 34.955506258 ], [ 137.090601478, 34.956127335 ], [ 137.091227919, 34.956994607 ], [ 137.090448678, 34.957628978 ], [ 137.090102765000012, 34.957909842 ], [ 137.08989925099999, 34.958075027 ], [ 137.089673061000013, 34.958261734 ], [ 137.089112035999989, 34.958713378 ], [ 137.08915530499999, 34.9587766 ], [ 137.089177726, 34.958758494 ], [ 137.08919875, 34.958792539 ], [ 137.089238023, 34.958856028 ], [ 137.089243358, 34.958864658 ], [ 137.089326844999988, 34.958999654 ], [ 137.089396548, 34.959109832 ], [ 137.08940947100001, 34.959130268 ], [ 137.089452911, 34.959198943 ], [ 137.089517873, 34.959308722 ], [ 137.08985192099999, 34.959887503 ], [ 137.089861871000011, 34.959902663 ], [ 137.090881416, 34.959409257 ], [ 137.09158664099999, 34.959072613 ], [ 137.09169459200001, 34.959222389 ], [ 137.09172083499999, 34.959262881 ], [ 137.091746538, 34.959307556 ] ] ] } },
{ "type": "Feature", "properties": { "A29_001": "23212", "A29_002": "愛知県", "A29_003": "安城市", "A29_004": 8, "A29_005": "近隣商業地域", "A29_006": 80, "A29_007": 200, "A29_008": null }, "geometry": { "type": "Polygon", "coordinates": [ [ [ 137.089245396, 34.919035796 ], [ 137.08921472899999, 34.91839428 ], [ 137.089585136000011, 34.918289537 ], [ 137.090737854, 34.917963565 ], [ 137.089962845, 34.917005403 ], [ 137.090379646, 34.916892754 ], [ 137.090454228999988, 34.916871805 ], [ 137.090521270000011, 34.916852754 ], [ 137.090878301, 34.916752678 ], [ 137.091245133, 34.916657168 ], [ 137.09139374099999, 34.916615513 ], [ 137.091860593, 34.916505946 ], [ 137.091471372, 34.916119942 ], [ 137.0912928, 34.915922829 ], [ 137.091148183, 34.915767269 ], [ 137.091045538, 34.915658775 ], [ 137.090932721, 34.915544423 ], [ 137.090823559, 34.915430488 ], [ 137.090698236, 34.915301498 ], [ 137.090629275999987, 34.915231193 ], [ 137.090554543, 34.915154952 ], [ 137.090466123999988, 34.915061981 ], [ 137.090357028999989, 34.914947938 ], [ 137.090246216, 34.914833632 ], [ 137.09016845799999, 34.914751953 ], [ 137.090162827, 34.914746171 ], [ 137.08987359, 34.914471829 ], [ 137.08972498599999, 34.914325279 ], [ 137.089468519, 34.914073719 ], [ 137.089737996, 34.913811882 ], [ 137.08875482799999, 34.91312426 ], [ 137.08838570399999, 34.912718922 ], [ 137.088522264, 34.912553885 ], [ 137.08841063700001, 34.912404292 ], [ 137.08829722199999, 34.912248343 ], [ 137.08816922, 34.912068919 ], [ 137.087769955999988, 34.912152823 ], [ 137.08777234199999, 34.912118424 ], [ 137.08777238, 34.912078849 ], [ 137.08776795899999, 34.912010513 ], [ 137.087759842, 34.91191486 ], [ 137.087756614999989, 34.911856352 ], [ 137.087748483000013, 34.911777827 ], [ 137.087736439, 34.911646824 ], [ 137.08763661, 34.911692744 ], [ 137.08754945699999, 34.91173641 ], [ 137.087446758999988, 34.911784662 ], [ 137.087411363, 34.911811188 ], [ 137.087391125000011, 34.911826365 ], [ 137.08723871699999, 34.911901179 ], [ 137.08685836699999, 34.91208312 ], [ 137.08708796799999, 34.912286312 ], [ 137.087667720000013, 34.912815178 ], [ 137.088099328999988, 34.91322174 ], [ 137.088244479, 34.913369713 ], [ 137.088369985000014, 34.913530123 ], [ 137.08847585800001, 34.913701429 ], [ 137.088556202, 34.913882048 ], [ 137.088599278, 34.914008167 ], [ 137.088632523, 34.914149848 ], [ 137.088662613, 34.914434169 ], [ 137.08867366199999, 34.914600238 ], [ 137.088050277, 34.914601297 ], [ 137.087708628, 34.91460955 ], [ 137.086884934000011, 34.914610743 ], [ 137.08719436199999, 34.915080845 ], [ 137.087411022, 34.915445403 ], [ 137.087594255999988, 34.915792874 ], [ 137.087818645, 34.916273061 ], [ 137.087986865, 34.916713564 ], [ 137.088013882000013, 34.916856151 ], [ 137.087667944, 34.916922312 ], [ 137.08738230899999, 34.916943699 ], [ 137.086679618, 34.916973799 ], [ 137.086221728999988, 34.916995078 ], [ 137.086221704, 34.917020274 ], [ 137.085690559999989, 34.917045524 ], [ 137.08573474799999, 34.917295824 ], [ 137.085798899999986, 34.917668613 ], [ 137.085883394, 34.918190593 ], [ 137.08590154, 34.91826944 ], [ 137.08590561599999, 34.918287148 ], [ 137.08595176899999, 34.918487696 ], [ 137.08612122299999, 34.919497129 ], [ 137.08637592299999, 34.919469208 ], [ 137.086554111999988, 34.919447518 ], [ 137.086652910999987, 34.919435675 ], [ 137.08676543499999, 34.919422587 ], [ 137.086917156999988, 34.919404477 ], [ 137.087064532999989, 34.919387355 ], [ 137.08724810699999, 34.919366128 ], [ 137.087346282, 34.919353039 ], [ 137.087498474, 34.919335379 ], [ 137.087521844, 34.91933214 ], [ 137.087602764, 34.919325423 ], [ 137.08774009199999, 34.919309457 ], [ 137.087909841, 34.919289545 ], [ 137.08811357499999, 34.919267329 ], [ 137.088294249, 34.919245089 ], [ 137.088495142, 34.919218579 ], [ 137.08854623799999, 34.919211842 ], [ 137.089245396, 34.919035796 ] ] ] } },
{ "type": "Feature", "properties": { "A29_001": "23212", "A29_002": "愛知県", "A29_003": "安城市", "A29_004": 8, "A29_005": "近隣商業地域", "A29_006": 80, "A29_007": 200, "A29_008": null }, "geometry": { "type": "Polygon", "coordinates": [ [ [ 137.087514026, 34.985912554 ], [ 137.087370658999987, 34.985987418 ], [ 137.08699400399999, 34.986186605 ], [ 137.086820138, 34.986276927 ], [ 137.086718006000012, 34.986176048 ], [ 137.086617647, 34.98607691 ], [ 137.086611713, 34.986073904 ], [ 137.086382232, 34.986257419 ], [ 137.086226345999989, 34.986341901 ], [ 137.08601407899999, 34.986450965 ], [ 137.086365089, 34.986898014 ], [ 137.086584125, 34.987183935 ], [ 137.086694316, 34.987344633 ], [ 137.086787527000013, 34.987474101 ], [ 137.086797611, 34.987467707 ], [ 137.088247421, 34.986508842 ], [ 137.088012283000012, 34.986230531 ], [ 137.087748553000011, 34.985899392 ], [ 137.087730502, 34.985876735 ], [ 137.087687058, 34.985822186 ], [ 137.087582794000014, 34.985876639 ], [ 137.087539483, 34.985899256 ], [ 137.087514026, 34.985912554 ] ] ] } },
{ "type": "Feature", "properties": { "A29_001": "23212", "A29_002": "愛知県", "A29_003": "安城市", "A29_004": 8, "A29_005": "近隣商業地域", "A29_006": 80, "A29_007": 200, "A29_008": null }, "geometry": { "type": "Polygon", "coordinates": [ [ [ 137.084355757, 34.989045001 ], [ 137.083589442, 34.989542174 ], [ 137.083310522, 34.989723134 ], [ 137.083609776, 34.990287149 ], [ 137.084000481, 34.99102355 ], [ 137.084060609, 34.99113175 ], [ 137.084251088, 34.991464028 ], [ 137.084567427, 34.991967662 ], [ 137.084812392, 34.99238191 ], [ 137.085281830000014, 34.992194846 ], [ 137.08503367, 34.991775196 ], [ 137.084718751, 34.991273863 ], [ 137.084533639999989, 34.990950947 ], [ 137.084476682, 34.990848429 ], [ 137.083936034, 34.989829431 ], [ 137.084427893999987, 34.989642204 ], [ 137.084637648000012, 34.989559429 ], [ 137.084856618, 34.989471953 ], [ 137.084940958, 34.989433787 ], [ 137.08500222, 34.98940417 ], [ 137.085105475, 34.989335908 ], [ 137.085354896000013, 34.989170817 ], [ 137.085541511, 34.989045844 ], [ 137.085644196, 34.988976048 ], [ 137.08569991600001, 34.98904594 ], [ 137.086599807999988, 34.99019013 ], [ 137.08661818499999, 34.990183435 ], [ 137.086778382, 34.990088823 ], [ 137.086855114, 34.990056105 ], [ 137.087008161999989, 34.989990848 ], [ 137.087122631, 34.989924503 ], [ 137.087002317000014, 34.989771858 ], [ 137.08643056599999, 34.989046444 ], [ 137.086169430000012, 34.988714816 ], [ 137.087532685000014, 34.988434092 ], [ 137.087521427000013, 34.988419508 ], [ 137.087118567, 34.987897732 ], [ 137.087089924999987, 34.987860699 ], [ 137.086870347, 34.98757677 ], [ 137.086787571, 34.987474164 ], [ 137.086787527000013, 34.987474101 ], [ 137.08563577699999, 34.988204542 ], [ 137.085342059999988, 34.988393818 ], [ 137.084355757, 34.989045001 ] ] ] } },
{ "type": "Feature", "properties": { "A29_001": "23212", "A29_002": "愛知県", "A29_003": "安城市", "A29_004": 8, "A29_005": "近隣商業地域", "A29_006": 80, "A29_007": 200, "A29_008": null }, "geometry": { "type": "Polygon", "coordinates": [ [ [ 137.08404832299999, 34.983582311 ], [ 137.084357324, 34.983615767 ], [ 137.084323633999986, 34.984259245 ], [ 137.084315554999989, 34.984320152 ], [ 137.084643986, 34.984346725 ], [ 137.084660608, 34.983648606 ], [ 137.084691428000014, 34.982354964 ], [ 137.08470707399999, 34.981887568 ], [ 137.084733846, 34.981433864 ], [ 137.084419916, 34.981398585 ], [ 137.08406168499999, 34.981358334 ], [ 137.08406003799999, 34.981624458 ], [ 137.08405713499999, 34.982093602 ], [ 137.084073671999988, 34.982357998 ], [ 137.08404832299999, 34.983582311 ] ] ] } },
{ "type": "Feature", "properties": { "A29_001": "23212", "A29_002": "愛知県", "A29_003": "安城市", "A29_004": 4, "A29_005": "第二種中高層住居専用地域", "A29_006": 60, "A29_007": 200, "A29_008": null }, "geometry": { "type": "Polygon", "coordinates": [ [ [ 137.073529556000011, 34.990063462 ], [ 137.073616453, 34.990113119 ], [ 137.073761163, 34.990195471 ], [ 137.073830369, 34.990235514 ], [ 137.07406143599999, 34.99035144 ], [ 137.07417401399999, 34.990125715 ], [ 137.074245004, 34.990001825 ], [ 137.074336312000014, 34.989879529 ], [ 137.074396345999986, 34.989796675 ], [ 137.074449267, 34.989736406 ], [ 137.074557021, 34.98961981 ], [ 137.074641351, 34.989545737 ], [ 137.07468581399999, 34.989506358 ], [ 137.074772892999988, 34.989442095 ], [ 137.07488114899999, 34.989356518 ], [ 137.07498022199999, 34.98928297 ], [ 137.075085625000014, 34.989201196 ], [ 137.075282023999989, 34.989038339 ], [ 137.075378505, 34.988960849 ], [ 137.074932639999986, 34.98858348 ], [ 137.074620849000013, 34.988837865 ], [ 137.074397822, 34.989037616 ], [ 137.074200929, 34.9891895 ], [ 137.074126761, 34.989256522 ], [ 137.073981691, 34.989398141 ], [ 137.073832877, 34.989585697 ], [ 137.07371324799999, 34.989741064 ], [ 137.07363171599999, 34.989868146 ], [ 137.073529556000011, 34.990063462 ] ] ] } },
{ "type": "Feature", "properties": { "A29_001": "23212", "A29_002": "愛知県", "A29_003": "安城市", "A29_004": 4, "A29_005": "第二種中高層住居専用地域", "A29_006": 60, "A29_007": 200, "A29_008": null }, "geometry": { "type": "Polygon", "coordinates": [ [ [ 137.090127698, 34.994262689 ], [ 137.08960334599999, 34.993873425 ], [ 137.089500371000014, 34.993793462 ], [ 137.08940248499999, 34.99370767 ], [ 137.089346427, 34.99365296 ], [ 137.089236570999986, 34.993540223 ], [ 137.089177834, 34.993469646 ], [ 137.089099065, 34.993371145 ], [ 137.089031987999988, 34.993280252 ], [ 137.088930878000014, 34.993117868 ], [ 137.088882899999987, 34.993022785 ], [ 137.0888286, 34.992905983 ], [ 137.088612453, 34.992391192 ], [ 137.088534035, 34.992201868 ], [ 137.088424444999987, 34.991881395 ], [ 137.088324225, 34.991639429 ], [ 137.08827114799999, 34.991516073 ], [ 137.088179875, 34.99133471 ], [ 137.088097328, 34.991181829 ], [ 137.087922029, 34.990950388 ], [ 137.08733149, 34.99019894 ], [ 137.087400957, 34.990157617 ], [ 137.08753754, 34.990070642 ], [ 137.087826869999986, 34.989865393 ], [ 137.088012212, 34.989729003 ], [ 137.08831960099999, 34.989502003 ], [ 137.088422595999987, 34.989428022 ], [ 137.08879124, 34.989151758 ], [ 137.088952537000011, 34.989059136 ], [ 137.088974127, 34.98904817 ], [ 137.089185155, 34.988943887 ], [ 137.089294888000012, 34.988900857 ], [ 137.089411414000011, 34.988855849 ], [ 137.08954457499999, 34.988803936 ], [ 137.09009647, 34.988576609 ], [ 137.090179807, 34.988541856 ], [ 137.090558519000012, 34.988384678 ], [ 137.09071412, 34.988311918 ], [ 137.090822293, 34.988260899 ], [ 137.090925674, 34.988213808 ], [ 137.09113768, 34.988125388 ], [ 137.091139411, 34.988124668 ], [ 137.091805394, 34.987835373 ], [ 137.091937961000014, 34.987782277 ], [ 137.092201079, 34.987676659 ], [ 137.092699734, 34.987486266 ], [ 137.093049192, 34.987338763 ], [ 137.09286605299999, 34.986818329 ], [ 137.09241035, 34.98701067 ], [ 137.091922089, 34.987227139 ], [ 137.09166816699999, 34.987339766 ], [ 137.09166048599999, 34.987342844 ], [ 137.091531084, 34.987396916 ], [ 137.091283600999986, 34.987498349 ], [ 137.090867386000014, 34.987670822 ], [ 137.09063987799999, 34.987762928 ], [ 137.090544104, 34.987804345 ], [ 137.090431612, 34.987848104 ], [ 137.090266148000012, 34.987914222 ], [ 137.089842205, 34.9880883 ], [ 137.089630706, 34.988172607 ], [ 137.089260738, 34.988326055 ], [ 137.089122943, 34.988379767 ], [ 137.088992163, 34.98843928 ], [ 137.088716467000012, 34.988576065 ], [ 137.08860672599999, 34.988638719 ], [ 137.08841887299999, 34.988758737 ], [ 137.088255838, 34.988870226 ], [ 137.088019239, 34.989047528 ], [ 137.088014361, 34.989051185 ], [ 137.087913055, 34.989123949 ], [ 137.087602925, 34.989352975 ], [ 137.087422132, 34.989486005 ], [ 137.08714931099999, 34.989679553 ], [ 137.087033477, 34.989753317 ], [ 137.087002317000014, 34.989771858 ], [ 137.087122631, 34.989924503 ], [ 137.087008161999989, 34.989990848 ], [ 137.086855114, 34.990056105 ], [ 137.087006368, 34.990248417 ], [ 137.08766406, 34.991085289 ], [ 137.087846383, 34.991347168 ], [ 137.087551100000013, 34.99143771 ], [ 137.087588632, 34.99152634 ], [ 137.087677783, 34.991703493 ], [ 137.08772406, 34.991811033 ], [ 137.087821154000011, 34.992045452 ], [ 137.087951483000012, 34.992360115 ], [ 137.08803235900001, 34.992555373 ], [ 137.088252066, 34.993078668 ], [ 137.088313045, 34.993209827 ], [ 137.08837373899999, 34.993330113 ], [ 137.088496144, 34.993526696 ], [ 137.088580495, 34.993640994 ], [ 137.088668509, 34.993751066 ], [ 137.088743528, 34.99384119 ], [ 137.088872568, 34.993973627 ], [ 137.088944069, 34.994043393 ], [ 137.08906583800001, 34.994150142 ], [ 137.089187356999986, 34.994244496 ], [ 137.089613152999988, 34.994560427 ], [ 137.089534641, 34.994606451 ], [ 137.089326605, 34.994729488 ], [ 137.089182502, 34.99482735 ], [ 137.089073547999988, 34.994918942 ], [ 137.088934884, 34.995045502 ], [ 137.08880591799999, 34.995167569 ], [ 137.088594505, 34.995372365 ], [ 137.088463850000011, 34.995496152 ], [ 137.088347803, 34.995601649 ], [ 137.088243613, 34.99569282 ], [ 137.088006266, 34.995852723 ], [ 137.087866627000011, 34.995929817 ], [ 137.08774588899999, 34.995991381 ], [ 137.087614529, 34.996047755 ], [ 137.08750947499999, 34.996089776 ], [ 137.087395758000014, 34.996129124 ], [ 137.087273834, 34.996170674 ], [ 137.08736723199999, 34.996321984 ], [ 137.087471412000014, 34.99648219 ], [ 137.087556869999986, 34.996620622 ], [ 137.087632035000013, 34.996595006 ], [ 137.08776264, 34.99654981 ], [ 137.087890511000012, 34.996498671 ], [ 137.088049719, 34.996430344 ], [ 137.08819918399999, 34.996354131 ], [ 137.088372308, 34.99625856 ], [ 137.08866315, 34.996062605 ], [ 137.088798698, 34.995943995 ], [ 137.08892289, 34.995831092 ], [ 137.089059872, 34.995701305 ], [ 137.089267654999986, 34.995500021 ], [ 137.08940947, 34.995378385 ], [ 137.08954239, 34.995279353 ], [ 137.089616705999987, 34.995222084 ], [ 137.08972134699999, 34.995151006 ], [ 137.089911265000012, 34.995038695 ], [ 137.090061526999989, 34.994949535 ], [ 137.09010662, 34.994922771 ], [ 137.090153729, 34.994894981 ], [ 137.090233887000011, 34.994845271 ], [ 137.09118197399999, 34.994297407 ], [ 137.091285059, 34.994235954 ], [ 137.09159326599999, 34.994058483 ], [ 137.091931864, 34.993863658 ], [ 137.092046837999987, 34.993796983 ], [ 137.09216242, 34.993736836 ], [ 137.092281896, 34.993682208 ], [ 137.092368478, 34.993649086 ], [ 137.092498669, 34.993605327 ], [ 137.092567209, 34.99358432 ], [ 137.092669120000011, 34.993558618 ], [ 137.092796139, 34.993533237 ], [ 137.092868759999988, 34.993517803 ], [ 137.092978821, 34.993504627 ], [ 137.09309287799999, 34.993494149 ], [ 137.093228984, 34.993486371 ], [ 137.093422151, 34.993492365 ], [ 137.094793040000013, 34.99355032 ], [ 137.094820895, 34.993052353 ], [ 137.094821774, 34.993036623 ], [ 137.094834738, 34.992805177 ], [ 137.094865438999989, 34.992195672 ], [ 137.09487216, 34.992037801 ], [ 137.09486721499999, 34.991855213 ], [ 137.094856779, 34.991763608 ], [ 137.09484578199999, 34.991687508 ], [ 137.094722248000011, 34.991764899 ], [ 137.09454628899999, 34.991764821 ], [ 137.094512884000011, 34.991571354 ], [ 137.094475361, 34.991413826 ], [ 137.094429251, 34.991280381 ], [ 137.094371365, 34.99114773 ], [ 137.094161766000013, 34.990726229 ], [ 137.093894909999989, 34.990158717 ], [ 137.09388167899999, 34.990119486 ], [ 137.093580167, 34.990181083 ], [ 137.093626414999989, 34.990329908 ], [ 137.093896906999987, 34.990884964 ], [ 137.094085971999988, 34.991237879 ], [ 137.09413810699999, 34.991357346 ], [ 137.09417789, 34.991472497 ], [ 137.094211417, 34.991613255 ], [ 137.094246946999988, 34.991818984 ], [ 137.09425441499999, 34.9918844 ], [ 137.094258478, 34.992034552 ], [ 137.094252461, 34.992175845 ], [ 137.094218003, 34.99277993 ], [ 137.094206684999989, 34.992980186 ], [ 137.093681204, 34.992962346 ], [ 137.09328169299999, 34.992951738 ], [ 137.092985897, 34.99296701 ], [ 137.092823294, 34.992986185 ], [ 137.092695338, 34.993006796 ], [ 137.09256342099999, 34.993034166 ], [ 137.09242090699999, 34.993066523 ], [ 137.092282504, 34.99310695 ], [ 137.092151744, 34.99315134 ], [ 137.092023305, 34.993196947 ], [ 137.091841923, 34.993277887 ], [ 137.09167746, 34.993365022 ], [ 137.091603676, 34.993407462 ], [ 137.091333064, 34.993564963 ], [ 137.09093798699999, 34.993791068 ], [ 137.090823131, 34.993859824 ], [ 137.090127698, 34.994262689 ] ] ] } },
{ "type": "Feature", "properties": { "A29_001": "23212", "A29_002": "愛知県", "A29_003": "安城市", "A29_004": 4, "A29_005": "第二種中高層住居専用地域", "A29_006": 60, "A29_007": 200, "A29_008": null }, "geometry": { "type": "Polygon", "coordinates": [ [ [ 137.07297308299999, 34.982146188 ], [ 137.072704722999987, 34.982020838 ], [ 137.072494694, 34.98191962 ], [ 137.07234466599999, 34.981848161 ], [ 137.071818288, 34.981467039 ], [ 137.072153915, 34.981127264 ], [ 137.072365924, 34.980864811 ], [ 137.072460991000014, 34.980782102 ], [ 137.073120963, 34.980140085 ], [ 137.073208918, 34.980058714 ], [ 137.074057289, 34.979238687 ], [ 137.074812290000011, 34.978501132 ], [ 137.074878942999987, 34.978445921 ], [ 137.075090154, 34.978266831 ], [ 137.075375987, 34.977986173 ], [ 137.07522511499999, 34.977869463 ], [ 137.075132176000011, 34.977796752 ], [ 137.07391235099999, 34.978987353 ], [ 137.072965821999986, 34.979904464 ], [ 137.07274334600001, 34.979726458 ], [ 137.072000523000014, 34.980448468 ], [ 137.071893780000011, 34.980550342 ], [ 137.071673363, 34.980732647 ], [ 137.071339044000013, 34.981049713 ], [ 137.071114877000014, 34.980837384 ], [ 137.070942495, 34.980635137 ], [ 137.070803860000012, 34.980441823 ], [ 137.07066903099999, 34.9802069 ], [ 137.070519225999988, 34.979948184 ], [ 137.07039563399999, 34.979742992 ], [ 137.070294512, 34.979561597 ], [ 137.07008478899999, 34.979198803 ], [ 137.069863763, 34.97886573 ], [ 137.069728868999988, 34.978699174 ], [ 137.06951150099999, 34.978461208 ], [ 137.069384052, 34.978345186 ], [ 137.06908983, 34.978108357 ], [ 137.069030741, 34.978173387 ], [ 137.068779416000012, 34.978447973 ], [ 137.06869468, 34.978555027 ], [ 137.068796698, 34.978641912 ], [ 137.068935326, 34.978760478 ], [ 137.06912330099999, 34.978930422 ], [ 137.069229803000013, 34.979033447 ], [ 137.06928258100001, 34.979091139 ], [ 137.06935281299999, 34.979171192 ], [ 137.06946216, 34.979323278 ], [ 137.069570008, 34.979502127 ], [ 137.069660414999987, 34.979656631 ], [ 137.069973999000013, 34.980199056 ], [ 137.070047511000013, 34.980332758 ], [ 137.070197949, 34.980583831 ], [ 137.070339168, 34.980785928 ], [ 137.07048685699999, 34.980981322 ], [ 137.07060773, 34.981124807 ], [ 137.07072881, 34.981260322 ], [ 137.070914681, 34.981448147 ], [ 137.070593468999988, 34.981716263 ], [ 137.070424865, 34.981888356 ], [ 137.070576971, 34.982084034 ], [ 137.07064737499999, 34.982179231 ], [ 137.070674032999989, 34.982181191 ], [ 137.070818120000013, 34.982294485 ], [ 137.071095165, 34.982106628 ], [ 137.071392077000013, 34.981844154 ], [ 137.07160206099999, 34.981992386 ], [ 137.07169521599999, 34.982059438 ], [ 137.071869198, 34.982160458 ], [ 137.071992231, 34.982228814 ], [ 137.072231968000011, 34.982355685 ], [ 137.072438772, 34.982451582 ], [ 137.07253585399999, 34.982495848 ], [ 137.072922081, 34.982658899 ], [ 137.07340044099999, 34.982866914 ], [ 137.073595355, 34.982951315 ], [ 137.073722249000014, 34.9830078 ], [ 137.073909711, 34.98309645 ], [ 137.07404219599999, 34.983168471 ], [ 137.074150333, 34.983230385 ], [ 137.074244834000012, 34.983291217 ], [ 137.07455883099999, 34.983514318 ], [ 137.074665415999988, 34.983603122 ], [ 137.07478392199999, 34.983708378 ], [ 137.074943327, 34.983873568 ], [ 137.075021104, 34.983954074 ], [ 137.074939959, 34.984044846 ], [ 137.074812189999989, 34.984200804 ], [ 137.07465628700001, 34.984341866 ], [ 137.074060903, 34.984871967 ], [ 137.073955713, 34.984972951 ], [ 137.07370964399999, 34.985206074 ], [ 137.073424378, 34.985490947 ], [ 137.073238244, 34.985676274 ], [ 137.073482231000014, 34.985881249 ], [ 137.073742865000014, 34.985613738 ], [ 137.074079692, 34.985267234 ], [ 137.074470967, 34.984929334 ], [ 137.074911988, 34.984552409 ], [ 137.075219199, 34.984165683 ], [ 137.075371987000011, 34.984333743 ], [ 137.075773585, 34.98477519 ], [ 137.07596345799999, 34.984966914 ], [ 137.076119998, 34.985112159 ], [ 137.076400755, 34.985352413 ], [ 137.076716994, 34.985621368 ], [ 137.077075447999988, 34.985891986 ], [ 137.077175011, 34.985967152 ], [ 137.07721605899999, 34.985892089 ], [ 137.07746379299999, 34.985439055 ], [ 137.077170677999987, 34.985217635 ], [ 137.076825199000012, 34.984983745 ], [ 137.076746926999988, 34.984922801 ], [ 137.07679385, 34.984884145 ], [ 137.076761234, 34.984851352 ], [ 137.076594641000014, 34.984713988 ], [ 137.076066305000012, 34.984176766 ], [ 137.075956076000011, 34.984062386 ], [ 137.075757392000014, 34.983857142 ], [ 137.075671188, 34.983758988 ], [ 137.075501336, 34.983591439 ], [ 137.075445997, 34.983525373 ], [ 137.075382563, 34.983449646 ], [ 137.07516138, 34.98324736 ], [ 137.075011388, 34.983128351 ], [ 137.07486515799999, 34.983015295 ], [ 137.074646015000013, 34.982862104 ], [ 137.074558878, 34.98280766 ], [ 137.074415159000011, 34.982732576 ], [ 137.074201370999987, 34.982619467 ], [ 137.073755025, 34.982422947 ], [ 137.073284812999987, 34.982226534 ], [ 137.07298852, 34.982123348 ], [ 137.07297308299999, 34.982146188 ] ] ] } },
{ "type": "Feature", "properties": { "A29_001": "23212", "A29_002": "愛知県", "A29_003": "安城市", "A29_004": 4, "A29_005": "第二種中高層住居専用地域", "A29_006": 60, "A29_007": 200, "A29_008": null }, "geometry": { "type": "Polygon", "coordinates": [ [ [ 137.094291889, 34.962106408 ], [ 137.094211234, 34.962174827 ], [ 137.094193316, 34.962191142 ], [ 137.094357537, 34.962255407 ], [ 137.09450657799999, 34.962310685 ], [ 137.095045997999989, 34.962079919 ], [ 137.095069087000013, 34.962048218 ], [ 137.09509053, 34.962008566 ], [ 137.095125013, 34.961944816 ], [ 137.095140816999987, 34.961916816 ], [ 137.095177866, 34.961848821 ], [ 137.09519232299999, 34.961820956 ], [ 137.095214266999989, 34.961771072 ], [ 137.095226854, 34.961740564 ], [ 137.095254012, 34.961663423 ], [ 137.095269272, 34.961618295 ], [ 137.09528511100001, 34.961562142 ], [ 137.09530186, 34.961491575 ], [ 137.09531918, 34.961420296 ], [ 137.09533035699999, 34.961347959 ], [ 137.09533359, 34.961318906 ], [ 137.095345118000012, 34.961157503 ], [ 137.095344977, 34.961081193 ], [ 137.095343047, 34.961033206 ], [ 137.095334232, 34.96091965 ], [ 137.09532385899999, 34.960822474 ], [ 137.09528575499999, 34.960579052 ], [ 137.095266154, 34.960453149 ], [ 137.09524943299999, 34.960339246 ], [ 137.095083339000013, 34.959259113 ], [ 137.09507582399999, 34.959200657 ], [ 137.094918065, 34.959215456 ], [ 137.094639171000011, 34.959250863 ], [ 137.09447302699999, 34.959275637 ], [ 137.09451875900001, 34.95961993 ], [ 137.094640891000012, 34.960401423 ], [ 137.094657643, 34.960515524 ], [ 137.094677549000011, 34.960643401 ], [ 137.09471409299999, 34.960876852 ], [ 137.09472273899999, 34.960957846 ], [ 137.094730481, 34.96105768 ], [ 137.094731789, 34.961089954 ], [ 137.094731884999987, 34.96114306 ], [ 137.094722517, 34.96127413 ], [ 137.094721187, 34.961280593 ], [ 137.094699348, 34.961397646 ], [ 137.094686225, 34.961452926 ], [ 137.094674411999989, 34.961488103 ], [ 137.09466268599999, 34.961523092 ], [ 137.094649721, 34.961560342 ], [ 137.09463971299999, 34.96158519 ], [ 137.094623738, 34.961620699 ], [ 137.094580767, 34.961711065 ], [ 137.094566608, 34.961736136 ], [ 137.09452087, 34.961821857 ], [ 137.094476015999987, 34.961885583 ], [ 137.094420093999986, 34.961958579 ], [ 137.094377126000012, 34.962008134 ], [ 137.094291889, 34.962106408 ] ] ] } },
{ "type": "Feature", "properties": { "A29_001": "23212", "A29_002": "愛知県", "A29_003": "安城市", "A29_004": 1, "A29_005": "第一種低層住居専用地域", "A29_006": 60, "A29_007": 100, "A29_008": null }, "geometry": { "type": "Polygon", "coordinates": [ [ [ 137.075831356, 34.987856151 ], [ 137.07606256, 34.987665328 ], [ 137.07613114899999, 34.987608722 ], [ 137.076275207, 34.987464359 ], [ 137.076358684000013, 34.98736634 ], [ 137.076396996, 34.987320547 ], [ 137.076469218, 34.987226387 ], [ 137.076571625000014, 34.987076133 ], [ 137.076611369, 34.98701196 ], [ 137.076812924, 34.986635139 ], [ 137.077175011, 34.985967152 ], [ 137.077075447999988, 34.985891986 ], [ 137.076716994, 34.985621368 ], [ 137.076400755, 34.985352413 ], [ 137.076119998, 34.985112159 ], [ 137.07596345799999, 34.984966914 ], [ 137.075773585, 34.98477519 ], [ 137.075371987000011, 34.984333743 ], [ 137.075219199, 34.984165683 ], [ 137.074911988, 34.984552409 ], [ 137.074470967, 34.984929334 ], [ 137.074079692, 34.985267234 ], [ 137.073742865000014, 34.985613738 ], [ 137.073482231000014, 34.985881249 ], [ 137.073491795, 34.985889289 ], [ 137.073681636, 34.986048779 ], [ 137.07395237099999, 34.98627623 ], [ 137.074253558, 34.986523274 ], [ 137.074499543, 34.986728817 ], [ 137.075831356, 34.987856151 ] ] ] } },
{ "type": "Feature", "properties": { "A29_001": "23212", "A29_002": "愛知県", "A29_003": "安城市", "A29_004": 1, "A29_005": "第一種低層住居専用地域", "A29_006": 60, "A29_007": 100, "A29_008": null }, "geometry": { "type": "Polygon", "coordinates": [ [ [ 137.05486921799999, 34.978496957 ], [ 137.055678977000014, 34.978737095 ], [ 137.05677130399999, 34.979053822 ], [ 137.057140944999986, 34.978658372 ], [ 137.057688911000014, 34.978072139 ], [ 137.05796124, 34.97778575 ], [ 137.05895673399999, 34.976729286 ], [ 137.060093024, 34.975504271 ], [ 137.060449491000014, 34.975124801 ], [ 137.05989456899999, 34.97478809 ], [ 137.05923134599999, 34.974385293 ], [ 137.058969321, 34.974677338 ], [ 137.058946536, 34.974680653 ], [ 137.058591861999986, 34.974466508 ], [ 137.058476934, 34.974497687 ], [ 137.058401443, 34.974521959 ], [ 137.058330766000012, 34.974549572 ], [ 137.058251536, 34.974584839 ], [ 137.058198823, 34.974610664 ], [ 137.058120347, 34.974655758 ], [ 137.058026297999987, 34.974716524 ], [ 137.057932182, 34.974778948 ], [ 137.05781009099999, 34.974893073 ], [ 137.057730888, 34.974990128 ], [ 137.05739438399999, 34.975362135 ], [ 137.057266946, 34.975501767 ], [ 137.057144969, 34.975635418 ], [ 137.057130742999988, 34.975651001 ], [ 137.056785706, 34.976028372 ], [ 137.056528584, 34.976312411 ], [ 137.056186145, 34.976691549 ], [ 137.05591912599999, 34.976985854 ], [ 137.05558278, 34.977358533 ], [ 137.055966739000013, 34.977594007 ], [ 137.055935906, 34.977628289 ], [ 137.05549067699999, 34.978099435 ], [ 137.055252345000014, 34.977958253 ], [ 137.05495179799999, 34.978345134 ], [ 137.05486921799999, 34.978496957 ] ] ] } },
{ "type": "Feature", "properties": { "A29_001": "23212", "A29_002": "愛知県", "A29_003": "安城市", "A29_004": 1, "A29_005": "第一種低層住居専用地域", "A29_006": 60, "A29_007": 100, "A29_008": null }, "geometry": { "type": "Polygon", "coordinates": [ [ [ 137.076746926999988, 34.984922801 ], [ 137.076825199000012, 34.984983745 ], [ 137.077170677999987, 34.985217635 ], [ 137.07746379299999, 34.985439055 ], [ 137.078327429000012, 34.98385967 ], [ 137.077865253999988, 34.983709499 ], [ 137.077337841, 34.98349137 ], [ 137.076606862, 34.98318577 ], [ 137.076067601, 34.982950048 ], [ 137.075852276, 34.982858558 ], [ 137.075445997, 34.983525373 ], [ 137.075501336, 34.983591439 ], [ 137.075671188, 34.983758988 ], [ 137.075757392000014, 34.983857142 ], [ 137.075956076000011, 34.984062386 ], [ 137.076066305000012, 34.984176766 ], [ 137.076594641000014, 34.984713988 ], [ 137.076761234, 34.984851352 ], [ 137.07679385, 34.984884145 ], [ 137.076746926999988, 34.984922801 ] ] ] } },
{ "type": "Feature", "properties": { "A29_001": "23212", "A29_002": "愛知県", "A29_003": "安城市", "A29_004": 1, "A29_005": "第一種低層住居専用地域", "A29_006": 60, "A29_007": 100, "A29_008": null }, "geometry": { "type": "Polygon", "coordinates": [ [ [ 137.083949732, 34.972778183 ], [ 137.083983604, 34.972813165 ], [ 137.084094111000013, 34.972874685 ], [ 137.08432332699999, 34.972989905 ], [ 137.084866675, 34.973291483 ], [ 137.08530816699999, 34.973490312 ], [ 137.085419099, 34.973145842 ], [ 137.085667281000013, 34.972375875 ], [ 137.085682133, 34.972329793 ], [ 137.085982795, 34.971398613 ], [ 137.086127893, 34.970951036 ], [ 137.086180022, 34.970782837 ], [ 137.08651239299999, 34.969779676 ], [ 137.086980506, 34.96832471 ], [ 137.087014524000011, 34.968218637 ], [ 137.086785424999988, 34.968072276 ], [ 137.0863874, 34.968437031 ], [ 137.085778312, 34.968607394 ], [ 137.084826977, 34.968906516 ], [ 137.084096648000013, 34.969037042 ], [ 137.083545848999989, 34.969138182 ], [ 137.08324285099999, 34.9692114 ], [ 137.082791155, 34.969381558 ], [ 137.082449958000012, 34.969528191 ], [ 137.08251198799999, 34.969591842 ], [ 137.082546592, 34.969625428 ], [ 137.08256222599999, 34.969640611 ], [ 137.082914622, 34.969982614 ], [ 137.082945403, 34.970007714 ], [ 137.082960573, 34.97002652 ], [ 137.083061041, 34.970113627 ], [ 137.08314692499999, 34.970175527 ], [ 137.08348800499999, 34.970503313 ], [ 137.083521668, 34.970537169 ], [ 137.08362304900001, 34.9706322 ], [ 137.08357716099999, 34.970741942 ], [ 137.083561218, 34.970738658 ], [ 137.083515062, 34.970864825 ], [ 137.083482379, 34.9709329 ], [ 137.083336742, 34.971271602 ], [ 137.083299536999988, 34.971349491 ], [ 137.083296673, 34.97135497 ], [ 137.083259526, 34.971419202 ], [ 137.083189131000012, 34.971579554 ], [ 137.083156744, 34.971647187 ], [ 137.083043269, 34.971921528 ], [ 137.08293358899999, 34.972146723 ], [ 137.082941909, 34.972149577 ], [ 137.08284658299999, 34.972367146 ], [ 137.082839906, 34.972373957 ], [ 137.082832671, 34.972381335 ], [ 137.082922099, 34.972417293 ], [ 137.083256374, 34.972551717 ], [ 137.083949732, 34.972778183 ] ] ] } },
{ "type": "Feature", "properties": { "A29_001": "23212", "A29_002": "愛知県", "A29_003": "安城市", "A29_004": 1, "A29_005": "第一種低層住居専用地域", "A29_006": 60, "A29_007": 100, "A29_008": null }, "geometry": { "type": "Polygon", "coordinates": [ [ [ 137.091440815, 34.948484476 ], [ 137.091267286, 34.947126909 ], [ 137.091252499, 34.947014864 ], [ 137.091192092999989, 34.946732374 ], [ 137.091104492999989, 34.946412852 ], [ 137.09100170100001, 34.946113307 ], [ 137.09075076900001, 34.945493175 ], [ 137.090709643, 34.945392165 ], [ 137.09068627799999, 34.945334735 ], [ 137.090515688000011, 34.94491553 ], [ 137.090379316, 34.944563632 ], [ 137.090312055, 34.944382509 ], [ 137.090280584999988, 34.944293766 ], [ 137.090208866000012, 34.944057 ], [ 137.090172688, 34.943909793 ], [ 137.09012135899999, 34.943891614 ], [ 137.09011580399999, 34.943896208 ], [ 137.090065436, 34.943951265 ], [ 137.090012043, 34.944022142 ], [ 137.089703686, 34.944487382 ], [ 137.089632779999988, 34.944587979 ], [ 137.089482898999989, 34.944812506 ], [ 137.08935984499999, 34.944996862 ], [ 137.089288471, 34.944999548 ], [ 137.08916377700001, 34.945181216 ], [ 137.089017543000011, 34.945285379 ], [ 137.088924878, 34.945332215 ], [ 137.088923015, 34.94533362 ], [ 137.088918041, 34.945337367 ], [ 137.088877394, 34.945369235 ], [ 137.088836226000012, 34.945406314 ], [ 137.088769782000014, 34.945429881 ], [ 137.08872761, 34.945441258 ], [ 137.088669606, 34.945453021 ], [ 137.087989128, 34.945563248 ], [ 137.08794673700001, 34.945574119 ], [ 137.087060522, 34.94571457 ], [ 137.087030391000013, 34.94570503 ], [ 137.08688894299999, 34.945725383 ], [ 137.086837064, 34.945743135 ], [ 137.086835502000014, 34.945738969 ], [ 137.08682091599999, 34.945742674 ], [ 137.086822477, 34.94574684 ], [ 137.086763452000014, 34.945761847 ], [ 137.086666443000013, 34.945814745 ], [ 137.086606206999988, 34.94583635 ], [ 137.08654686599999, 34.9458612 ], [ 137.086481256000013, 34.945892366 ], [ 137.086021533, 34.946123031 ], [ 137.085992868, 34.946137453 ], [ 137.085314221, 34.946478824 ], [ 137.08519242700001, 34.946539313 ], [ 137.08501486599999, 34.946629757 ], [ 137.084874558, 34.946701222 ], [ 137.08482071899999, 34.946729375 ], [ 137.084730065, 34.946774532 ], [ 137.084627446000013, 34.946819573 ], [ 137.084627713, 34.946825767 ], [ 137.084477670000012, 34.946876869 ], [ 137.084268701000013, 34.946940174 ], [ 137.084221829, 34.946953268 ], [ 137.084144423, 34.946977086 ], [ 137.08404477, 34.947010824 ], [ 137.084392807, 34.947492686 ], [ 137.085097203, 34.9484803 ], [ 137.08575388599999, 34.949394977 ], [ 137.085852423, 34.949530219 ], [ 137.08644164, 34.950347901 ], [ 137.086486492, 34.950409448 ], [ 137.086813807, 34.950330297 ], [ 137.086874978999987, 34.950306845 ], [ 137.088128407, 34.949861104 ], [ 137.088136721000012, 34.94989057 ], [ 137.08902687299999, 34.949580149 ], [ 137.090358646999988, 34.949112782 ], [ 137.091080075, 34.948861431 ], [ 137.09147273, 34.948723613 ], [ 137.091459955, 34.948613489 ], [ 137.091440815, 34.948484476 ] ] ] } },
{ "type": "Feature", "properties": { "A29_001": "23212", "A29_002": "愛知県", "A29_003": "安城市", "A29_004": 1, "A29_005": "第一種低層住居専用地域", "A29_006": 60, "A29_007": 100, "A29_008": null }, "geometry": { "type": "Polygon", "coordinates": [ [ [ 137.083647662, 34.947379872 ], [ 137.082640163, 34.948478671 ], [ 137.082404386, 34.948735808 ], [ 137.081927159, 34.949256586 ], [ 137.081897895999987, 34.949285738 ], [ 137.08185684099999, 34.949326195 ], [ 137.081816882999988, 34.949363957 ], [ 137.08178715, 34.949392666 ], [ 137.081753134, 34.949423203 ], [ 137.081714242, 34.949456765 ], [ 137.08167387099999, 34.949491272 ], [ 137.081634215, 34.949523202 ], [ 137.08158924599999, 34.949557427 ], [ 137.081538088, 34.949595514 ], [ 137.081458563000012, 34.949652045 ], [ 137.08140500799999, 34.949689094 ], [ 137.081170909, 34.94982984 ], [ 137.081101499, 34.949867581 ], [ 137.080974688999987, 34.949932443 ], [ 137.080854433000013, 34.949990702 ], [ 137.080698345, 34.95006665 ], [ 137.081282198999986, 34.950942363 ], [ 137.081907427, 34.951886985 ], [ 137.082035682999987, 34.95207936 ], [ 137.08230862, 34.951982794 ], [ 137.082398618000013, 34.951932166 ], [ 137.08262935499999, 34.951849435 ], [ 137.082961547999986, 34.951730173 ], [ 137.08319537700001, 34.951598222 ], [ 137.083349024, 34.951512092 ], [ 137.08345731599999, 34.951450793 ], [ 137.08371937699999, 34.951301336 ], [ 137.0840189, 34.95113281 ], [ 137.084086504, 34.951095543 ], [ 137.084433671999989, 34.950897273 ], [ 137.084873738999988, 34.950788752 ], [ 137.085257657999989, 34.950692074 ], [ 137.085456396000012, 34.950641445 ], [ 137.08559043599999, 34.95062675 ], [ 137.08592054799999, 34.95054343 ], [ 137.085363500999989, 34.949770399 ], [ 137.08526448399999, 34.949634498 ], [ 137.084568776, 34.948661908 ], [ 137.08443801300001, 34.948479919 ], [ 137.083647662, 34.947379872 ] ] ] } },
{ "type": "Feature", "properties": { "A29_001": "23212", "A29_002": "愛知県", "A29_003": "安城市", "A29_004": 1, "A29_005": "第一種低層住居専用地域", "A29_006": 60, "A29_007": 100, "A29_008": null }, "geometry": { "type": "Polygon", "coordinates": [ [ [ 137.078819769, 34.953563609 ], [ 137.079072948, 34.953419519 ], [ 137.079679527, 34.953074291 ], [ 137.080138156, 34.952812513 ], [ 137.08029419799999, 34.952723504 ], [ 137.08032531399999, 34.952703991 ], [ 137.080407, 34.952657235 ], [ 137.080425459, 34.952647179 ], [ 137.080665927000013, 34.95250771 ], [ 137.08112218299999, 34.952247342 ], [ 137.081132263, 34.952262692 ], [ 137.081350081000011, 34.952137603 ], [ 137.080725045, 34.951193258 ], [ 137.08015189599999, 34.950333587 ], [ 137.07918983799999, 34.950816335 ], [ 137.079075657, 34.950873623 ], [ 137.07906509599999, 34.950878925 ], [ 137.077819645, 34.951493074 ], [ 137.078273048999989, 34.952434496 ], [ 137.078819769, 34.953563609 ] ] ] } },
{ "type": "Feature", "properties": { "A29_001": "23212", "A29_002": "愛知県", "A29_003": "安城市", "A29_004": 1, "A29_005": "第一種低層住居専用地域", "A29_006": 60, "A29_007": 100, "A29_008": null }, "geometry": { "type": "Polygon", "coordinates": [ [ [ 137.083898913000013, 34.918884745 ], [ 137.083910995, 34.918951282 ], [ 137.08391459, 34.918968503 ], [ 137.083934062999987, 34.91908598 ], [ 137.083948541000012, 34.919163968 ], [ 137.08396703, 34.919280092 ], [ 137.083987498999988, 34.919387293 ], [ 137.084007406000012, 34.919508736 ], [ 137.08403254699999, 34.919649475 ], [ 137.084040049, 34.919699242 ], [ 137.08405387900001, 34.919769117 ], [ 137.084063773999986, 34.91983367 ], [ 137.08408586499999, 34.919959713 ], [ 137.084106756000011, 34.920082599 ], [ 137.08412634199999, 34.920197191 ], [ 137.084147347999988, 34.92031494 ], [ 137.084169108, 34.920444047 ], [ 137.084189672, 34.920566122 ], [ 137.084206329000011, 34.920654299 ], [ 137.084217861000013, 34.920723721 ], [ 137.084222211999986, 34.920751219 ], [ 137.084259108, 34.920958586 ], [ 137.084293385, 34.921157927 ], [ 137.084306429, 34.921237159 ], [ 137.085835014, 34.921054039 ], [ 137.085800342999988, 34.920817159 ], [ 137.085742382, 34.920501646 ], [ 137.085571840999989, 34.919531868 ], [ 137.085510582000012, 34.919099997 ], [ 137.08537019799999, 34.918286791 ], [ 137.085363244, 34.91824649 ], [ 137.084992064, 34.918286537 ], [ 137.083818901, 34.918413105 ], [ 137.08382656, 34.918458293 ], [ 137.083860837, 34.918656102 ], [ 137.08389434899999, 34.918852919 ], [ 137.083898913000013, 34.918884745 ] ] ] } },
{ "type": "Feature", "properties": { "A29_001": "23212", "A29_002": "愛知県", "A29_003": "安城市", "A29_004": 1, "A29_005": "第一種低層住居専用地域", "A29_006": 60, "A29_007": 100, "A29_008": null }, "geometry": { "type": "Polygon", "coordinates": [ [ [ 137.073444582, 34.987341475 ], [ 137.072447020999988, 34.986513836 ], [ 137.072433275, 34.986552021 ], [ 137.072223586, 34.987003046 ], [ 137.072026697000013, 34.987466476 ], [ 137.071845359, 34.987883655 ], [ 137.071836853, 34.987917616 ], [ 137.071828232, 34.988012931 ], [ 137.071787467, 34.9881408 ], [ 137.071707675999988, 34.988352413 ], [ 137.071637919000011, 34.988592277 ], [ 137.071615560999987, 34.988669228 ], [ 137.071945228, 34.98892746 ], [ 137.072087756, 34.989035938 ], [ 137.072386013, 34.989262936 ], [ 137.072479339000012, 34.989331313 ], [ 137.072696309, 34.989500084 ], [ 137.072810505, 34.989586074 ], [ 137.072991994, 34.989718217 ], [ 137.073061790999986, 34.989768032 ], [ 137.073216618, 34.989871866 ], [ 137.073437481000013, 34.990010845 ], [ 137.073529556000011, 34.990063462 ], [ 137.07363171599999, 34.989868146 ], [ 137.07371324799999, 34.989741064 ], [ 137.073832877, 34.989585697 ], [ 137.073981691, 34.989398141 ], [ 137.074126761, 34.989256522 ], [ 137.074200929, 34.9891895 ], [ 137.074397822, 34.989037616 ], [ 137.074620849000013, 34.988837865 ], [ 137.074932639999986, 34.98858348 ], [ 137.07479783799999, 34.988469386 ], [ 137.073810447999989, 34.987641523 ], [ 137.073444582, 34.987341475 ] ] ] } },
{ "type": "Feature", "properties": { "A29_001": "23212", "A29_002": "愛知県", "A29_003": "安城市", "A29_004": 1, "A29_005": "第一種低層住居専用地域", "A29_006": 60, "A29_007": 100, "A29_008": null }, "geometry": { "type": "Polygon", "coordinates": [ [ [ 137.090061526999989, 34.994949535 ], [ 137.09022872700001, 34.995105604 ], [ 137.09034432499999, 34.995196022 ], [ 137.090433939, 34.9952506 ], [ 137.090533806, 34.995306869 ], [ 137.09070094399999, 34.995364317 ], [ 137.090828587, 34.995390837 ], [ 137.091083860999987, 34.995433005 ], [ 137.091779011999989, 34.995550104 ], [ 137.092395606999986, 34.995656253 ], [ 137.09311433900001, 34.99578269 ], [ 137.093880178, 34.995923141 ], [ 137.093972478000012, 34.995941857 ], [ 137.094119747, 34.995976174 ], [ 137.09422184499999, 34.996002675 ], [ 137.094339657, 34.996049415 ], [ 137.094453522, 34.996099253 ], [ 137.094625478000012, 34.99621469 ], [ 137.094774682, 34.996304998 ], [ 137.095283853000012, 34.996661254 ], [ 137.096353088, 34.997407667 ], [ 137.09646800199999, 34.997387469 ], [ 137.096503447, 34.997381242 ], [ 137.09664042599999, 34.997333309 ], [ 137.09674022499999, 34.997296874 ], [ 137.096884585, 34.99726418 ], [ 137.097289123, 34.997172579 ], [ 137.097423142999986, 34.997137714 ], [ 137.097962961, 34.997022488 ], [ 137.098061311, 34.997001927 ], [ 137.09816831099999, 34.996986211 ], [ 137.098480998000014, 34.99694867 ], [ 137.098582469, 34.996940911 ], [ 137.098842303, 34.996923838 ], [ 137.09895537599999, 34.996916293 ], [ 137.099259939, 34.996899244 ], [ 137.09940932, 34.99688814 ], [ 137.099740020000013, 34.996872222 ], [ 137.099837337999986, 34.996867273 ], [ 137.10009323700001, 34.996852566 ], [ 137.10018856100001, 34.996846191 ], [ 137.100115189, 34.996664855 ], [ 137.100121446, 34.996663227 ], [ 137.100009002, 34.996436246 ], [ 137.09993187500001, 34.996265275 ], [ 137.09987405199999, 34.996147466 ], [ 137.099766697, 34.995915043 ], [ 137.099664488, 34.995700273 ], [ 137.09964821599999, 34.995704565 ], [ 137.099278069, 34.994922394 ], [ 137.09921928, 34.994796407 ], [ 137.099129852, 34.994588433 ], [ 137.099133939000012, 34.994587128 ], [ 137.099032704, 34.994377343 ], [ 137.099023125, 34.994356902 ], [ 137.098951239, 34.994212265 ], [ 137.09895299199999, 34.99418506 ], [ 137.099217987, 34.993902198 ], [ 137.099178009000013, 34.993800995 ], [ 137.099169875, 34.99378095 ], [ 137.099158418, 34.993751907 ], [ 137.098489293, 34.993762342 ], [ 137.09822294899999, 34.993755314 ], [ 137.097965460000012, 34.993744414 ], [ 137.097384801, 34.993706168 ], [ 137.096710723, 34.993665531 ], [ 137.096546640000014, 34.993659252 ], [ 137.09574443, 34.993616624 ], [ 137.094793040000013, 34.99355032 ], [ 137.093422151, 34.993492365 ], [ 137.093228984, 34.993486371 ], [ 137.09309287799999, 34.993494149 ], [ 137.092978821, 34.993504627 ], [ 137.092868759999988, 34.993517803 ], [ 137.092796139, 34.993533237 ], [ 137.092669120000011, 34.993558618 ], [ 137.092567209, 34.99358432 ], [ 137.092498669, 34.993605327 ], [ 137.092368478, 34.993649086 ], [ 137.092281896, 34.993682208 ], [ 137.09216242, 34.993736836 ], [ 137.092046837999987, 34.993796983 ], [ 137.091931864, 34.993863658 ], [ 137.09159326599999, 34.994058483 ], [ 137.091285059, 34.994235954 ], [ 137.09118197399999, 34.994297407 ], [ 137.090233887000011, 34.994845271 ], [ 137.090153729, 34.994894981 ], [ 137.09010662, 34.994922771 ], [ 137.090061526999989, 34.994949535 ] ] ] } },
{ "type": "Feature", "properties": { "A29_001": "23212", "A29_002": "愛知県", "A29_003": "安城市", "A29_004": 1, "A29_005": "第一種低層住居専用地域", "A29_006": 60, "A29_007": 100, "A29_008": null }, "geometry": { "type": "Polygon", "coordinates": [ [ [ 137.094821774, 34.993036623 ], [ 137.095240843, 34.993081466 ], [ 137.096698728, 34.993163276 ], [ 137.097307024, 34.993198287 ], [ 137.097965863000013, 34.99323619 ], [ 137.098467348000014, 34.993263796 ], [ 137.098141774999988, 34.992941345 ], [ 137.098082264, 34.992882535 ], [ 137.097966222, 34.992766459 ], [ 137.097673984000011, 34.992474152 ], [ 137.097644859000013, 34.992443891 ], [ 137.097605535000014, 34.992402356 ], [ 137.097566164, 34.9923515 ], [ 137.09753771199999, 34.992303146 ], [ 137.097518345, 34.992263768 ], [ 137.097454699, 34.992083292 ], [ 137.09740883, 34.99196969 ], [ 137.097413037, 34.991968664 ], [ 137.09738152700001, 34.991884277 ], [ 137.09737737399999, 34.991885447 ], [ 137.097364056, 34.991856538 ], [ 137.097342263, 34.991823135 ], [ 137.097310771, 34.991782749 ], [ 137.097288357999986, 34.991757747 ], [ 137.097011396999989, 34.991515489 ], [ 137.096939139, 34.991455075 ], [ 137.09679973499999, 34.991337957 ], [ 137.096657768999989, 34.991221143 ], [ 137.096326258, 34.990955539 ], [ 137.09621081899999, 34.990856941 ], [ 137.096194180999987, 34.990842733 ], [ 137.09484578199999, 34.991687508 ], [ 137.094856779, 34.991763608 ], [ 137.09486721499999, 34.991855213 ], [ 137.09487216, 34.992037801 ], [ 137.094865438999989, 34.992195672 ], [ 137.094834738, 34.992805177 ], [ 137.094821774, 34.993036623 ] ] ] } },
{ "type": "Feature", "properties": { "A29_001": "23212", "A29_002": "愛知県", "A29_003": "安城市", "A29_004": 3, "A29_005": "第一種中高層住居専用地域", "A29_006": 60, "A29_007": 150, "A29_008": null }, "geometry": { "type": "Polygon", "coordinates": [ [ [ 137.090909643, 34.93523831 ], [ 137.09117194, 34.934962358 ], [ 137.092594478, 34.933481322 ], [ 137.092520678999989, 34.933137469 ], [ 137.09243788399999, 34.932767999 ], [ 137.092423391000011, 34.932732184 ], [ 137.092236410999988, 34.932251362 ], [ 137.092132068000012, 34.931987281 ], [ 137.092115059, 34.931936544 ], [ 137.09207239700001, 34.931819911 ], [ 137.092070115000013, 34.931813356 ], [ 137.092043159000013, 34.931735857 ], [ 137.091997286, 34.931623531 ], [ 137.09198536, 34.931593288 ], [ 137.09197387899999, 34.931566948 ], [ 137.091961481, 34.931538715 ], [ 137.091938254000013, 34.931489453 ], [ 137.091923951000012, 34.931460993 ], [ 137.091907125, 34.93142642 ], [ 137.091867837, 34.931356278 ], [ 137.091833716, 34.931309128 ], [ 137.09176009399999, 34.931210325 ], [ 137.091720701000014, 34.931159646 ], [ 137.09154478100001, 34.930946247 ], [ 137.091489544000012, 34.931176794 ], [ 137.091453358, 34.931210316 ], [ 137.091415461, 34.931235254 ], [ 137.09126570699999, 34.931328636 ], [ 137.091200547999989, 34.931371858 ], [ 137.090953159, 34.931554092 ], [ 137.090764516, 34.931679137 ], [ 137.090653417, 34.931754584 ], [ 137.090530656, 34.931812401 ], [ 137.09051063699999, 34.931821827 ], [ 137.090556682, 34.932231995 ], [ 137.09061061700001, 34.932703189 ], [ 137.090775449, 34.934094028 ], [ 137.090877264, 34.934962211 ], [ 137.090909643, 34.93523831 ] ] ] } },
{ "type": "Feature", "properties": { "A29_001": "23212", "A29_002": "愛知県", "A29_003": "安城市", "A29_004": 3, "A29_005": "第一種中高層住居専用地域", "A29_006": 60, "A29_007": 150, "A29_008": null }, "geometry": { "type": "Polygon", "coordinates": [ [ [ 137.081932289, 34.914407567 ], [ 137.081771949, 34.91454476 ], [ 137.081377113, 34.914880774 ], [ 137.081052633000013, 34.915216647 ], [ 137.080882438, 34.915408823 ], [ 137.08078484699999, 34.915525587 ], [ 137.08057816199999, 34.915928035 ], [ 137.08050586600001, 34.916440154 ], [ 137.081179373, 34.916455062 ], [ 137.081818545, 34.916473486 ], [ 137.082643577, 34.916488429 ], [ 137.083155825, 34.916499564 ], [ 137.085147987, 34.916884408 ], [ 137.08511191299999, 34.916576265 ], [ 137.084942541, 34.915635776 ], [ 137.084873941000012, 34.91517388 ], [ 137.084375111000014, 34.914084819 ], [ 137.08337651, 34.913321148 ], [ 137.08285811799999, 34.913711108 ], [ 137.08280703599999, 34.913749539 ], [ 137.081932289, 34.914407567 ] ] ] } },
{ "type": "Feature", "properties": { "A29_001": "23212", "A29_002": "愛知県", "A29_003": "安城市", "A29_004": 3, "A29_005": "第一種中高層住居専用地域", "A29_006": 60, "A29_007": 150, "A29_008": null }, "geometry": { "type": "Polygon", "coordinates": [ [ [ 137.076058679, 34.991296511 ], [ 137.076102299000013, 34.991317043 ], [ 137.076914452000011, 34.99088071 ], [ 137.076234312999986, 34.989878406 ], [ 137.076197834999988, 34.989809434 ], [ 137.07606044100001, 34.989638511 ], [ 137.075938248, 34.989489848 ], [ 137.075865722, 34.989409932 ], [ 137.075792017999987, 34.989336064 ], [ 137.07564899499999, 34.989194507 ], [ 137.07550960899999, 34.989072856 ], [ 137.075470223999986, 34.98903848 ], [ 137.075378505, 34.988960849 ], [ 137.075282023999989, 34.989038339 ], [ 137.075085625000014, 34.989201196 ], [ 137.07498022199999, 34.98928297 ], [ 137.07488114899999, 34.989356518 ], [ 137.074772892999988, 34.989442095 ], [ 137.07468581399999, 34.989506358 ], [ 137.074641351, 34.989545737 ], [ 137.074557021, 34.98961981 ], [ 137.074449267, 34.989736406 ], [ 137.074396345999986, 34.989796675 ], [ 137.074336312000014, 34.989879529 ], [ 137.074245004, 34.990001825 ], [ 137.07417401399999, 34.990125715 ], [ 137.07406143599999, 34.99035144 ], [ 137.074103290000011, 34.99037244 ], [ 137.07424358, 34.990440635 ], [ 137.074288653999986, 34.990452199 ], [ 137.074427587, 34.990518843 ], [ 137.074779537000012, 34.990682042 ], [ 137.074776746999987, 34.990688801 ], [ 137.07496026699999, 34.990773047 ], [ 137.074989335, 34.990786835 ], [ 137.075093939999988, 34.990832519 ], [ 137.075161544, 34.990867241 ], [ 137.07532916, 34.99095051 ], [ 137.075549577, 34.991052957 ], [ 137.076058679, 34.991296511 ] ] ] } },
{ "type": "Feature", "properties": { "A29_001": "23212", "A29_002": "愛知県", "A29_003": "安城市", "A29_004": 3, "A29_005": "第一種中高層住居専用地域", "A29_006": 60, "A29_007": 150, "A29_008": null }, "geometry": { "type": "Polygon", "coordinates": [ [ [ 137.077260008, 34.989041858 ], [ 137.07807749599999, 34.990247431 ], [ 137.07877309700001, 34.989874294 ], [ 137.079034279000012, 34.989736647 ], [ 137.079315452, 34.989588467 ], [ 137.07964127, 34.98942127 ], [ 137.080355880000013, 34.989042142 ], [ 137.080712648, 34.988855312 ], [ 137.080366744, 34.98855337 ], [ 137.079950198, 34.988192168 ], [ 137.079650479, 34.987965079 ], [ 137.079197639, 34.987582844 ], [ 137.079036725, 34.987441331 ], [ 137.07865991, 34.987109938 ], [ 137.078255954000014, 34.986748189 ], [ 137.078198218000011, 34.986706796 ], [ 137.078165885, 34.986684344 ], [ 137.07804328200001, 34.986602401 ], [ 137.0779139, 34.986518541 ], [ 137.077829407, 34.986465599 ], [ 137.07774362399999, 34.98640886 ], [ 137.077659993999987, 34.986347598 ], [ 137.077386499999989, 34.986847012 ], [ 137.07719746699999, 34.987204056 ], [ 137.07713529099999, 34.987317443 ], [ 137.077068372000014, 34.987420783 ], [ 137.07697036799999, 34.987551551 ], [ 137.076894583000012, 34.987648214 ], [ 137.076765552000012, 34.987795095 ], [ 137.076713624, 34.987851426 ], [ 137.076611033, 34.987949566 ], [ 137.076495435, 34.988051239 ], [ 137.076408998, 34.988121859 ], [ 137.076675290999987, 34.988357342 ], [ 137.076763032, 34.988436763 ], [ 137.076879643000012, 34.9885504 ], [ 137.076995544, 34.988682984 ], [ 137.077136222, 34.988856658 ], [ 137.077260008, 34.989041858 ] ] ] } },
{ "type": "Feature", "properties": { "A29_001": "23212", "A29_002": "愛知県", "A29_003": "安城市", "A29_004": 3, "A29_005": "第一種中高層住居専用地域", "A29_006": 60, "A29_007": 150, "A29_008": null }, "geometry": { "type": "Polygon", "coordinates": [ [ [ 137.089613152999988, 34.994560427 ], [ 137.089187356999986, 34.994244496 ], [ 137.08906583800001, 34.994150142 ], [ 137.088944069, 34.994043393 ], [ 137.088872568, 34.993973627 ], [ 137.088743528, 34.99384119 ], [ 137.088668509, 34.993751066 ], [ 137.088580495, 34.993640994 ], [ 137.088496144, 34.993526696 ], [ 137.08837373899999, 34.993330113 ], [ 137.088313045, 34.993209827 ], [ 137.088252066, 34.993078668 ], [ 137.08803235900001, 34.992555373 ], [ 137.087951483000012, 34.992360115 ], [ 137.087821154000011, 34.992045452 ], [ 137.08772406, 34.991811033 ], [ 137.087677783, 34.991703493 ], [ 137.087588632, 34.99152634 ], [ 137.087551100000013, 34.99143771 ], [ 137.087027911, 34.991598128 ], [ 137.08639941199999, 34.991796318 ], [ 137.086066163999988, 34.991904202 ], [ 137.08559766799999, 34.992082463 ], [ 137.08528332099999, 34.992194252 ], [ 137.085281830000014, 34.992194846 ], [ 137.084812392, 34.99238191 ], [ 137.08461033899999, 34.992490537 ], [ 137.084467041000011, 34.992581137 ], [ 137.084205630000014, 34.992751113 ], [ 137.084014228, 34.992866047 ], [ 137.08385368, 34.992962576 ], [ 137.083502841000012, 34.99317988 ], [ 137.083196356, 34.993384331 ], [ 137.082923806, 34.993578889 ], [ 137.082531996, 34.993909631 ], [ 137.08230005199999, 34.994093028 ], [ 137.082116012, 34.994244239 ], [ 137.082167500999986, 34.994284932 ], [ 137.082289959, 34.994384783 ], [ 137.08244443000001, 34.994470693 ], [ 137.082765994999988, 34.994651994 ], [ 137.083019181, 34.994802066 ], [ 137.08315949499999, 34.994925845 ], [ 137.083220318, 34.994988106 ], [ 137.08333905500001, 34.99509815 ], [ 137.083443088, 34.99501589 ], [ 137.083623883, 34.994897812 ], [ 137.083772288, 34.994810038 ], [ 137.083931484, 34.994699716 ], [ 137.083990433999986, 34.994663986 ], [ 137.084142656000012, 34.994602645 ], [ 137.084354835999989, 34.994528129 ], [ 137.084488418, 34.994493999 ], [ 137.084586644000012, 34.994466075 ], [ 137.08470449399999, 34.994444375 ], [ 137.084818415, 34.994441342 ], [ 137.084959801, 34.994447666 ], [ 137.085101185000013, 34.994466431 ], [ 137.085289714, 34.994522557 ], [ 137.08555274599999, 34.994634723 ], [ 137.085698011, 34.99470637 ], [ 137.08580794, 34.994753103 ], [ 137.085953225999987, 34.99481542 ], [ 137.086090641, 34.994871502 ], [ 137.086208467, 34.994908928 ], [ 137.086579379999989, 34.99494589 ], [ 137.086671567, 34.995100779 ], [ 137.08670701, 34.995152817 ], [ 137.08674861099999, 34.995213866 ], [ 137.086867138, 34.995409572 ], [ 137.08694447900001, 34.995544917 ], [ 137.086971963, 34.995580471 ], [ 137.087156252999989, 34.99598017 ], [ 137.087273834, 34.996170674 ], [ 137.087395758000014, 34.996129124 ], [ 137.08750947499999, 34.996089776 ], [ 137.087614529, 34.996047755 ], [ 137.08774588899999, 34.995991381 ], [ 137.087866627000011, 34.995929817 ], [ 137.088006266, 34.995852723 ], [ 137.088243613, 34.99569282 ], [ 137.088347803, 34.995601649 ], [ 137.088463850000011, 34.995496152 ], [ 137.088594505, 34.995372365 ], [ 137.08880591799999, 34.995167569 ], [ 137.088934884, 34.995045502 ], [ 137.089073547999988, 34.994918942 ], [ 137.089182502, 34.99482735 ], [ 137.089326605, 34.994729488 ], [ 137.089534641, 34.994606451 ], [ 137.089613152999988, 34.994560427 ] ] ] } },
{ "type": "Feature", "properties": { "A29_001": "23212", "A29_002": "愛知県", "A29_003": "安城市", "A29_004": 3, "A29_005": "第一種中高層住居専用地域", "A29_006": 60, "A29_007": 150, "A29_008": null }, "geometry": { "type": "Polygon", "coordinates": [ [ [ 137.087983240999989, 34.997578147 ], [ 137.08809203199999, 34.997524995 ], [ 137.088217082, 34.997458439 ], [ 137.08848297599999, 34.997327942 ], [ 137.088619394, 34.997265034 ], [ 137.088724609, 34.997227826 ], [ 137.088941968, 34.997169577 ], [ 137.08899419799999, 34.99716138 ], [ 137.08998588099999, 34.996902485 ], [ 137.090063076, 34.996885126 ], [ 137.090342029, 34.996807631 ], [ 137.090819431, 34.996683283 ], [ 137.090818042, 34.99667992 ], [ 137.09097313800001, 34.996637503 ], [ 137.091800959000011, 34.99712054 ], [ 137.091986646, 34.997230264 ], [ 137.092065623, 34.997264578 ], [ 137.09232972, 34.997394011 ], [ 137.092584052, 34.997516181 ], [ 137.092973582000013, 34.997699679 ], [ 137.09318932299999, 34.997807337 ], [ 137.09380189699999, 34.998120707 ], [ 137.094624219, 34.997839532 ], [ 137.09512547, 34.997675887 ], [ 137.095575736, 34.997549035 ], [ 137.095775629, 34.997529346 ], [ 137.096160610999988, 34.997441496 ], [ 137.096353088, 34.997407667 ], [ 137.095283853000012, 34.996661254 ], [ 137.094774682, 34.996304998 ], [ 137.094625478000012, 34.99621469 ], [ 137.094453522, 34.996099253 ], [ 137.094339657, 34.996049415 ], [ 137.09422184499999, 34.996002675 ], [ 137.094119747, 34.995976174 ], [ 137.093972478000012, 34.995941857 ], [ 137.093880178, 34.995923141 ], [ 137.09311433900001, 34.99578269 ], [ 137.092395606999986, 34.995656253 ], [ 137.091779011999989, 34.995550104 ], [ 137.091083860999987, 34.995433005 ], [ 137.090828587, 34.995390837 ], [ 137.09070094399999, 34.995364317 ], [ 137.090533806, 34.995306869 ], [ 137.090433939, 34.9952506 ], [ 137.09034432499999, 34.995196022 ], [ 137.09022872700001, 34.995105604 ], [ 137.090061526999989, 34.994949535 ], [ 137.089911265000012, 34.995038695 ], [ 137.08972134699999, 34.995151006 ], [ 137.089616705999987, 34.995222084 ], [ 137.08954239, 34.995279353 ], [ 137.08940947, 34.995378385 ], [ 137.089267654999986, 34.995500021 ], [ 137.089059872, 34.995701305 ], [ 137.08892289, 34.995831092 ], [ 137.088798698, 34.995943995 ], [ 137.08866315, 34.996062605 ], [ 137.088372308, 34.99625856 ], [ 137.08819918399999, 34.996354131 ], [ 137.088049719, 34.996430344 ], [ 137.087890511000012, 34.996498671 ], [ 137.08776264, 34.99654981 ], [ 137.087632035000013, 34.996595006 ], [ 137.087556869999986, 34.996620622 ], [ 137.087626938999989, 34.996734136 ], [ 137.087639634999988, 34.996757484 ], [ 137.08778247, 34.997016182 ], [ 137.087847622999988, 34.997160632 ], [ 137.08790121199999, 34.997301387 ], [ 137.08792799599999, 34.997381951 ], [ 137.087969859, 34.99753823 ], [ 137.087983240999989, 34.997578147 ] ] ] } },
{ "type": "Feature", "properties": { "A29_001": "23212", "A29_002": "愛知県", "A29_003": "安城市", "A29_004": 3, "A29_005": "第一種中高層住居専用地域", "A29_006": 60, "A29_007": 150, "A29_008": null }, "geometry": { "type": "Polygon", "coordinates": [ [ [ 137.090127698, 34.994262689 ], [ 137.090823131, 34.993859824 ], [ 137.09093798699999, 34.993791068 ], [ 137.091333064, 34.993564963 ], [ 137.091603676, 34.993407462 ], [ 137.09167746, 34.993365022 ], [ 137.091841923, 34.993277887 ], [ 137.092023305, 34.993196947 ], [ 137.092151744, 34.99315134 ], [ 137.092282504, 34.99310695 ], [ 137.09242090699999, 34.993066523 ], [ 137.09256342099999, 34.993034166 ], [ 137.092695338, 34.993006796 ], [ 137.092823294, 34.992986185 ], [ 137.092985897, 34.99296701 ], [ 137.09328169299999, 34.992951738 ], [ 137.093681204, 34.992962346 ], [ 137.094206684999989, 34.992980186 ], [ 137.094218003, 34.99277993 ], [ 137.094252461, 34.992175845 ], [ 137.094258478, 34.992034552 ], [ 137.09425441499999, 34.9918844 ], [ 137.094246946999988, 34.991818984 ], [ 137.094211417, 34.991613255 ], [ 137.09417789, 34.991472497 ], [ 137.09413810699999, 34.991357346 ], [ 137.094085971999988, 34.991237879 ], [ 137.093896906999987, 34.990884964 ], [ 137.093626414999989, 34.990329908 ], [ 137.093580167, 34.990181083 ], [ 137.09354180599999, 34.99005763 ], [ 137.09353050199999, 34.990008276 ], [ 137.093482404000014, 34.989748514 ], [ 137.093441711, 34.989488721 ], [ 137.093417455, 34.989233895 ], [ 137.093396433, 34.989051018 ], [ 137.09327037599999, 34.988216194 ], [ 137.093229944, 34.987983941 ], [ 137.09312770299999, 34.98761486 ], [ 137.09305543100001, 34.98735649 ], [ 137.093049192, 34.987338763 ], [ 137.092699734, 34.987486266 ], [ 137.092201079, 34.987676659 ], [ 137.091937961000014, 34.987782277 ], [ 137.091805394, 34.987835373 ], [ 137.091139411, 34.988124668 ], [ 137.09113768, 34.988125388 ], [ 137.090925674, 34.988213808 ], [ 137.090822293, 34.988260899 ], [ 137.09071412, 34.988311918 ], [ 137.090558519000012, 34.988384678 ], [ 137.090179807, 34.988541856 ], [ 137.09009647, 34.988576609 ], [ 137.08954457499999, 34.988803936 ], [ 137.089411414000011, 34.988855849 ], [ 137.089294888000012, 34.988900857 ], [ 137.089185155, 34.988943887 ], [ 137.088974127, 34.98904817 ], [ 137.088952537000011, 34.989059136 ], [ 137.08879124, 34.989151758 ], [ 137.088422595999987, 34.989428022 ], [ 137.08831960099999, 34.989502003 ], [ 137.088012212, 34.989729003 ], [ 137.087826869999986, 34.989865393 ], [ 137.08753754, 34.990070642 ], [ 137.087400957, 34.990157617 ], [ 137.08733149, 34.99019894 ], [ 137.087922029, 34.990950388 ], [ 137.088097328, 34.991181829 ], [ 137.088179875, 34.99133471 ], [ 137.08827114799999, 34.991516073 ], [ 137.088324225, 34.991639429 ], [ 137.088424444999987, 34.991881395 ], [ 137.088534035, 34.992201868 ], [ 137.088612453, 34.992391192 ], [ 137.0888286, 34.992905983 ], [ 137.088882899999987, 34.993022785 ], [ 137.088930878000014, 34.993117868 ], [ 137.089031987999988, 34.993280252 ], [ 137.089099065, 34.993371145 ], [ 137.089177834, 34.993469646 ], [ 137.089236570999986, 34.993540223 ], [ 137.089346427, 34.99365296 ], [ 137.08940248499999, 34.99370767 ], [ 137.089500371000014, 34.993793462 ], [ 137.08960334599999, 34.993873425 ], [ 137.090127698, 34.994262689 ] ] ] } },
{ "type": "Feature", "properties": { "A29_001": "23212", "A29_002": "愛知県", "A29_003": "安城市", "A29_004": 3, "A29_005": "第一種中高層住居専用地域", "A29_006": 60, "A29_007": 150, "A29_008": null }, "geometry": { "type": "Polygon", "coordinates": [ [ [ 137.094793040000013, 34.99355032 ], [ 137.09574443, 34.993616624 ], [ 137.096546640000014, 34.993659252 ], [ 137.096710723, 34.993665531 ], [ 137.097384801, 34.993706168 ], [ 137.097965460000012, 34.993744414 ], [ 137.09822294899999, 34.993755314 ], [ 137.098489293, 34.993762342 ], [ 137.099158418, 34.993751907 ], [ 137.099070046, 34.993527869 ], [ 137.09873761599999, 34.993531082 ], [ 137.098704524, 34.993516252 ], [ 137.098581524999986, 34.993385893 ], [ 137.098520379, 34.993316319 ], [ 137.098467348000014, 34.993263796 ], [ 137.097965863000013, 34.99323619 ], [ 137.097307024, 34.993198287 ], [ 137.096698728, 34.993163276 ], [ 137.095240843, 34.993081466 ], [ 137.094821774, 34.993036623 ], [ 137.094820895, 34.993052353 ], [ 137.094793040000013, 34.99355032 ] ] ] } },
{ "type": "Feature", "properties": { "A29_001": "23212", "A29_002": "愛知県", "A29_003": "安城市", "A29_004": 3, "A29_005": "第一種中高層住居専用地域", "A29_006": 60, "A29_007": 150, "A29_008": null }, "geometry": { "type": "Polygon", "coordinates": [ [ [ 137.086169430000012, 34.988714816 ], [ 137.08643056599999, 34.989046444 ], [ 137.087002317000014, 34.989771858 ], [ 137.087033477, 34.989753317 ], [ 137.08714931099999, 34.989679553 ], [ 137.087422132, 34.989486005 ], [ 137.087602925, 34.989352975 ], [ 137.087913055, 34.989123949 ], [ 137.088014361, 34.989051185 ], [ 137.088019239, 34.989047528 ], [ 137.088255838, 34.988870226 ], [ 137.08841887299999, 34.988758737 ], [ 137.08860672599999, 34.988638719 ], [ 137.088716467000012, 34.988576065 ], [ 137.088992163, 34.98843928 ], [ 137.089122943, 34.988379767 ], [ 137.089260738, 34.988326055 ], [ 137.089630706, 34.988172607 ], [ 137.089842205, 34.9880883 ], [ 137.090266148000012, 34.987914222 ], [ 137.090431612, 34.987848104 ], [ 137.090544104, 34.987804345 ], [ 137.09063987799999, 34.987762928 ], [ 137.090867386000014, 34.987670822 ], [ 137.091283600999986, 34.987498349 ], [ 137.091531084, 34.987396916 ], [ 137.09166048599999, 34.987342844 ], [ 137.09166816699999, 34.987339766 ], [ 137.091922089, 34.987227139 ], [ 137.09241035, 34.98701067 ], [ 137.09286605299999, 34.986818329 ], [ 137.09277727, 34.986566033 ], [ 137.092556906, 34.986637693 ], [ 137.092460475, 34.986681869 ], [ 137.09172336200001, 34.986836524 ], [ 137.091309677, 34.986977547 ], [ 137.090758112, 34.987171436 ], [ 137.090273586, 34.987371962 ], [ 137.089664941, 34.987606322 ], [ 137.088508604999987, 34.988046098 ], [ 137.087521427000013, 34.988419508 ], [ 137.087532685000014, 34.988434092 ], [ 137.086169430000012, 34.988714816 ] ] ] } },
{ "type": "Feature", "properties": { "A29_001": "23212", "A29_002": "愛知県", "A29_003": "安城市", "A29_004": 3, "A29_005": "第一種中高層住居専用地域", "A29_006": 60, "A29_007": 150, "A29_008": null }, "geometry": { "type": "Polygon", "coordinates": [ [ [ 137.045318677000012, 34.979461382 ], [ 137.045371799, 34.97955637 ], [ 137.04547525800001, 34.979802008 ], [ 137.04551552800001, 34.979960275 ], [ 137.045541426999989, 34.980089501 ], [ 137.04555499, 34.980206445 ], [ 137.045558363, 34.980318069 ], [ 137.045546024, 34.980493493 ], [ 137.045591115, 34.980457091 ], [ 137.045669155000013, 34.980486503 ], [ 137.04572383199999, 34.980500737 ], [ 137.045737557, 34.980514985 ], [ 137.045823264, 34.980484366 ], [ 137.045863042, 34.98045628 ], [ 137.045885266999989, 34.980455283 ], [ 137.045926587, 34.98046607 ], [ 137.045939704, 34.980483572 ], [ 137.045925735999987, 34.980545679 ], [ 137.045900802, 34.980646213 ], [ 137.045984981, 34.98064188 ], [ 137.046118997, 34.980606756 ], [ 137.046205845, 34.980626783 ], [ 137.046299559, 34.980633132 ], [ 137.04638709, 34.980666015 ], [ 137.046438682, 34.980693218 ], [ 137.04668253, 34.980704403 ], [ 137.04674424000001, 34.980718636 ], [ 137.04685972199999, 34.980714215 ], [ 137.047013228999987, 34.980779904 ], [ 137.04712433899999, 34.980837419 ], [ 137.04727731700001, 34.980860242 ], [ 137.047416180999988, 34.98086521 ], [ 137.047631252, 34.980637871 ], [ 137.04772016199999, 34.980543141 ], [ 137.047695643999987, 34.98048645 ], [ 137.047656287, 34.980405468 ], [ 137.04779504699999, 34.980376035 ], [ 137.047932172, 34.980355598 ], [ 137.048172193999989, 34.980254858 ], [ 137.048206346, 34.980238971 ], [ 137.04815462799999, 34.980124136 ], [ 137.048158626, 34.979128324 ], [ 137.049449114, 34.979231885 ], [ 137.05032794600001, 34.979299863 ], [ 137.051396493, 34.978153736 ], [ 137.051364995, 34.978145169 ], [ 137.051261759999988, 34.978119514 ], [ 137.05113366399999, 34.978092736 ], [ 137.051024834, 34.978073701 ], [ 137.05089422399999, 34.9780514 ], [ 137.05075943599999, 34.978033305 ], [ 137.050619565, 34.978015052 ], [ 137.050447240000011, 34.977998823 ], [ 137.05029186499999, 34.977993148 ], [ 137.050127628000013, 34.977988745 ], [ 137.05004607, 34.977985439 ], [ 137.049959546999986, 34.977984364 ], [ 137.049676368, 34.977993747 ], [ 137.049519186999987, 34.978002907 ], [ 137.049325181, 34.978021651 ], [ 137.049293371, 34.97802418 ], [ 137.04907359500001, 34.978057124 ], [ 137.048905967, 34.978088324 ], [ 137.048673665, 34.978141601 ], [ 137.048553096, 34.978174514 ], [ 137.04843341099999, 34.978209871 ], [ 137.048242867, 34.978272924 ], [ 137.048122908000011, 34.978316375 ], [ 137.048032846000012, 34.978361045 ], [ 137.04551546, 34.979381852 ], [ 137.045318677000012, 34.979461382 ] ] ] } },
{ "type": "Feature", "properties": { "A29_001": "23212", "A29_002": "愛知県", "A29_003": "安城市", "A29_004": 3, "A29_005": "第一種中高層住居専用地域", "A29_006": 60, "A29_007": 150, "A29_008": null }, "geometry": { "type": "Polygon", "coordinates": [ [ [ 137.044492233, 34.980662437 ], [ 137.044501970999988, 34.980661771 ], [ 137.044551536, 34.980666734 ], [ 137.044563321, 34.980666746 ], [ 137.044581287999989, 34.980663816 ], [ 137.044625931000013, 34.980649626 ], [ 137.044642659, 34.980648174 ], [ 137.04467596399999, 34.980649605 ], [ 137.044731566, 34.980660776 ], [ 137.044784816, 34.980684745 ], [ 137.044793180999989, 34.98068671 ], [ 137.044807735, 34.980687959 ], [ 137.044914258, 34.980683983 ], [ 137.04493941199999, 34.980412952 ], [ 137.044944643, 34.980312172 ], [ 137.044942378, 34.980236699 ], [ 137.044932872, 34.980154646 ], [ 137.044913193000014, 34.980056527 ], [ 137.044881573999987, 34.979944163 ], [ 137.04480534699999, 34.979764332 ], [ 137.044735051, 34.97963252 ], [ 137.044078923, 34.979644281 ], [ 137.043547431, 34.979835235 ], [ 137.04367335399999, 34.979908707 ], [ 137.04373275899999, 34.979932719 ], [ 137.04379203799999, 34.980004257 ], [ 137.043952021, 34.980197308 ], [ 137.043859292, 34.980243775 ], [ 137.043818859, 34.980313355 ], [ 137.04373781000001, 34.980371157 ], [ 137.043778382999989, 34.980405265 ], [ 137.04382468899999, 34.980458102 ], [ 137.04385618399999, 34.980505948 ], [ 137.04387209699999, 34.980513861 ], [ 137.04392549100001, 34.980522101 ], [ 137.04399508, 34.980525353 ], [ 137.044023535, 34.980540446 ], [ 137.044292466, 34.980683141 ], [ 137.04430859499999, 34.980686484 ], [ 137.044330903, 34.980688472 ], [ 137.044377666, 34.980685039 ], [ 137.044413324, 34.980680703 ], [ 137.044439978000014, 34.980676312 ], [ 137.044473450999988, 34.980668485 ], [ 137.044492233, 34.980662437 ] ] ] } },
{ "type": "Feature", "properties": { "A29_001": "23212", "A29_002": "愛知県", "A29_003": "安城市", "A29_004": 3, "A29_005": "第一種中高層住居専用地域", "A29_006": 60, "A29_007": 150, "A29_008": null }, "geometry": { "type": "Polygon", "coordinates": [ [ [ 137.048046097999986, 34.976288077 ], [ 137.046775929, 34.976778757 ], [ 137.045661206, 34.977200948 ], [ 137.04512993099999, 34.97739181 ], [ 137.045371063, 34.977835036 ], [ 137.045227110000013, 34.977889765 ], [ 137.044916029, 34.977962464 ], [ 137.04466707200001, 34.978056293 ], [ 137.044544675, 34.9781171 ], [ 137.04506723, 34.979028584 ], [ 137.04775625100001, 34.977944193 ], [ 137.04785692199999, 34.97789426 ], [ 137.048019169000014, 34.977835489 ], [ 137.04822840599999, 34.977766253 ], [ 137.048364920000012, 34.97772591 ], [ 137.048505440000014, 34.977687562 ], [ 137.048764912, 34.977628047 ], [ 137.04895831799999, 34.977592049 ], [ 137.049213849000012, 34.977553758 ], [ 137.049263819, 34.977549777 ], [ 137.049465196, 34.977530328 ], [ 137.049644414999989, 34.977519882 ], [ 137.049952115, 34.977509685 ], [ 137.050064617, 34.977511073 ], [ 137.05015119, 34.977514582 ], [ 137.050314036, 34.977518957 ], [ 137.050492846999987, 34.977525492 ], [ 137.050697498, 34.977544754 ], [ 137.050850989999986, 34.977564778 ], [ 137.05099924699999, 34.977584698 ], [ 137.051143302000014, 34.977609292 ], [ 137.05126457099999, 34.977630493 ], [ 137.05141613, 34.977662171 ], [ 137.051541842, 34.977693427 ], [ 137.05165981799999, 34.977727416 ], [ 137.051763912000013, 34.977757335 ], [ 137.05229843, 34.97718616 ], [ 137.052893391, 34.976532148 ], [ 137.053234285, 34.976147653 ], [ 137.053618094, 34.975742049 ], [ 137.053629137, 34.975716007 ], [ 137.053833309999987, 34.975498643 ], [ 137.054172112, 34.975139918 ], [ 137.054419091, 34.97488401 ], [ 137.054515363, 34.974777463 ], [ 137.05456466199999, 34.97472662 ], [ 137.054581866, 34.974687386 ], [ 137.054576792, 34.974207119 ], [ 137.054516304, 34.974231719 ], [ 137.05451766600001, 34.973682162 ], [ 137.05417388699999, 34.973817732 ], [ 137.053459268000012, 34.974100429 ], [ 137.05335374399999, 34.974141799 ], [ 137.052393166, 34.974522223 ], [ 137.050227623000012, 34.97537418 ], [ 137.049922763000012, 34.975494992 ], [ 137.049094201, 34.975824485 ], [ 137.048046097999986, 34.976288077 ] ] ] } },
{ "type": "Feature", "properties": { "A29_001": "23212", "A29_002": "愛知県", "A29_003": "安城市", "A29_004": 3, "A29_005": "第一種中高層住居専用地域", "A29_006": 60, "A29_007": 150, "A29_008": null }, "geometry": { "type": "Polygon", "coordinates": [ [ [ 137.04793685300001, 34.975131908 ], [ 137.050327046, 34.974096297 ], [ 137.051227035000011, 34.973728812 ], [ 137.05282806400001, 34.973102085 ], [ 137.054175415, 34.972683973 ], [ 137.05446496, 34.972594039 ], [ 137.054458797, 34.972351049 ], [ 137.05445417199999, 34.97216882 ], [ 137.054597973, 34.970926627 ], [ 137.054666244, 34.970380062 ], [ 137.05417832, 34.970510875 ], [ 137.053707572, 34.970637636 ], [ 137.05333886, 34.970730605 ], [ 137.05279181099999, 34.970888564 ], [ 137.05149100700001, 34.971296977 ], [ 137.051658839999988, 34.971744206 ], [ 137.050818405, 34.971856822 ], [ 137.05070660199999, 34.971886374 ], [ 137.049703576000013, 34.972322493 ], [ 137.049649034999987, 34.97234651 ], [ 137.048304374, 34.972938604 ], [ 137.04800706899999, 34.973087382 ], [ 137.048451083, 34.973694049 ], [ 137.047342875, 34.974242244 ], [ 137.047501532000013, 34.974457168 ], [ 137.04685292799999, 34.974783414 ], [ 137.047285108000011, 34.97537849 ], [ 137.04793685300001, 34.975131908 ] ] ] } },
{ "type": "Feature", "properties": { "A29_001": "23212", "A29_002": "愛知県", "A29_003": "安城市", "A29_004": 3, "A29_005": "第一種中高層住居専用地域", "A29_006": 60, "A29_007": 150, "A29_008": null }, "geometry": { "type": "Polygon", "coordinates": [ [ [ 137.071392077000013, 34.981844154 ], [ 137.071095165, 34.982106628 ], [ 137.070818120000013, 34.982294485 ], [ 137.07085972499999, 34.982327196 ], [ 137.070916016000012, 34.982371458 ], [ 137.07098451600001, 34.982418848 ], [ 137.07112629299999, 34.982513056 ], [ 137.071222465, 34.982566057 ], [ 137.071332121000012, 34.982619087 ], [ 137.071398561, 34.982648663 ], [ 137.07160916, 34.982730655 ], [ 137.07168738499999, 34.982760852 ], [ 137.071757013, 34.982789952 ], [ 137.071969872000011, 34.982878914 ], [ 137.072007106, 34.98289452 ], [ 137.072392877, 34.98304561 ], [ 137.072446262, 34.983065863 ], [ 137.072611437, 34.983131231 ], [ 137.072651129, 34.983152221 ], [ 137.072993758, 34.983284903 ], [ 137.07349081000001, 34.98348105 ], [ 137.07355335599999, 34.98350734 ], [ 137.073650327, 34.983544032 ], [ 137.073697237, 34.983565514 ], [ 137.07370103400001, 34.983559766 ], [ 137.07396596000001, 34.983666162 ], [ 137.074058493, 34.983704428 ], [ 137.07406228799999, 34.983710183 ], [ 137.074068624, 34.983714893 ], [ 137.07442811300001, 34.98385879 ], [ 137.074826639, 34.984013641 ], [ 137.074939959, 34.984044846 ], [ 137.075021104, 34.983954074 ], [ 137.074943327, 34.983873568 ], [ 137.07478392199999, 34.983708378 ], [ 137.074665415999988, 34.983603122 ], [ 137.07455883099999, 34.983514318 ], [ 137.074244834000012, 34.983291217 ], [ 137.074150333, 34.983230385 ], [ 137.07404219599999, 34.983168471 ], [ 137.073909711, 34.98309645 ], [ 137.073722249000014, 34.9830078 ], [ 137.073595355, 34.982951315 ], [ 137.07340044099999, 34.982866914 ], [ 137.072922081, 34.982658899 ], [ 137.07253585399999, 34.982495848 ], [ 137.072438772, 34.982451582 ], [ 137.072231968000011, 34.982355685 ], [ 137.071992231, 34.982228814 ], [ 137.071869198, 34.982160458 ], [ 137.07169521599999, 34.982059438 ], [ 137.07160206099999, 34.981992386 ], [ 137.071392077000013, 34.981844154 ] ] ] } },
{ "type": "Feature", "properties": { "A29_001": "23212", "A29_002": "愛知県", "A29_003": "安城市", "A29_004": 3, "A29_005": "第一種中高層住居専用地域", "A29_006": 60, "A29_007": 150, "A29_008": null }, "geometry": { "type": "Polygon", "coordinates": [ [ [ 137.07297308299999, 34.982146188 ], [ 137.07298852, 34.982123348 ], [ 137.073284812999987, 34.982226534 ], [ 137.073755025, 34.982422947 ], [ 137.074201370999987, 34.982619467 ], [ 137.074415159000011, 34.982732576 ], [ 137.074558878, 34.98280766 ], [ 137.074646015000013, 34.982862104 ], [ 137.07486515799999, 34.983015295 ], [ 137.075011388, 34.983128351 ], [ 137.07516138, 34.98324736 ], [ 137.075382563, 34.983449646 ], [ 137.075445997, 34.983525373 ], [ 137.075852276, 34.982858558 ], [ 137.076067601, 34.982950048 ], [ 137.076606862, 34.98318577 ], [ 137.077337841, 34.98349137 ], [ 137.077865253999988, 34.983709499 ], [ 137.078327429000012, 34.98385967 ], [ 137.07884234, 34.982917984 ], [ 137.079041931, 34.982555185 ], [ 137.079131778, 34.982391875 ], [ 137.079284605999987, 34.982114078 ], [ 137.079132281999989, 34.981918267 ], [ 137.079042732, 34.981803147 ], [ 137.078858602999986, 34.98156644 ], [ 137.078526845, 34.981139936 ], [ 137.077947671, 34.980394472 ], [ 137.07762955199999, 34.979985167 ], [ 137.077409757, 34.979728418 ], [ 137.07724568899999, 34.979544315 ], [ 137.07702258, 34.979315464 ], [ 137.076809048, 34.979113691 ], [ 137.076677864, 34.978997655 ], [ 137.076543288000011, 34.978878867 ], [ 137.076413919, 34.978775867 ], [ 137.076269438, 34.978661786 ], [ 137.076072374, 34.978507135 ], [ 137.075664579, 34.978209415 ], [ 137.075375987, 34.977986173 ], [ 137.075090154, 34.978266831 ], [ 137.074878942999987, 34.978445921 ], [ 137.074812290000011, 34.978501132 ], [ 137.074057289, 34.979238687 ], [ 137.073208918, 34.980058714 ], [ 137.073120963, 34.980140085 ], [ 137.072460991000014, 34.980782102 ], [ 137.072365924, 34.980864811 ], [ 137.072153915, 34.981127264 ], [ 137.071818288, 34.981467039 ], [ 137.07234466599999, 34.981848161 ], [ 137.072494694, 34.98191962 ], [ 137.072704722999987, 34.982020838 ], [ 137.07297308299999, 34.982146188 ] ] ] } },
{ "type": "Feature", "properties": { "A29_001": "23212", "A29_002": "愛知県", "A29_003": "安城市", "A29_004": 3, "A29_005": "第一種中高層住居専用地域", "A29_006": 60, "A29_007": 150, "A29_008": null }, "geometry": { "type": "Polygon", "coordinates": [ [ [ 137.068625728, 34.978642135 ], [ 137.068748978, 34.979120657 ], [ 137.068785031, 34.979260622 ], [ 137.06888423800001, 34.979704697 ], [ 137.068903868, 34.979748858 ], [ 137.068927292000012, 34.979872073 ], [ 137.069066601, 34.980073836 ], [ 137.06927214000001, 34.980352188 ], [ 137.069296817, 34.980388528 ], [ 137.069421729, 34.980559458 ], [ 137.069591557, 34.980787604 ], [ 137.069598315, 34.980796931 ], [ 137.069688146, 34.980920838 ], [ 137.069722993, 34.980962298 ], [ 137.06973968599999, 34.980989896 ], [ 137.069996752, 34.981342632 ], [ 137.070001213000012, 34.981339877 ], [ 137.070042758, 34.981395081 ], [ 137.070039043, 34.981396917 ], [ 137.070344001, 34.981784334 ], [ 137.070424865, 34.981888356 ], [ 137.070593468999988, 34.981716263 ], [ 137.070914681, 34.981448147 ], [ 137.07072881, 34.981260322 ], [ 137.07060773, 34.981124807 ], [ 137.07048685699999, 34.980981322 ], [ 137.070339168, 34.980785928 ], [ 137.070197949, 34.980583831 ], [ 137.070047511000013, 34.980332758 ], [ 137.069973999000013, 34.980199056 ], [ 137.069660414999987, 34.979656631 ], [ 137.069570008, 34.979502127 ], [ 137.06946216, 34.979323278 ], [ 137.06935281299999, 34.979171192 ], [ 137.06928258100001, 34.979091139 ], [ 137.069229803000013, 34.979033447 ], [ 137.06912330099999, 34.978930422 ], [ 137.068935326, 34.978760478 ], [ 137.068796698, 34.978641912 ], [ 137.06869468, 34.978555027 ], [ 137.068625728, 34.978642135 ] ] ] } },
{ "type": "Feature", "properties": { "A29_001": "23212", "A29_002": "愛知県", "A29_003": "安城市", "A29_004": 3, "A29_005": "第一種中高層住居専用地域", "A29_006": 60, "A29_007": 150, "A29_008": null }, "geometry": { "type": "Polygon", "coordinates": [ [ [ 137.068811704000012, 34.977536777 ], [ 137.069082608, 34.977263118 ], [ 137.069719896, 34.976583374 ], [ 137.070506878, 34.975744896 ], [ 137.070725874, 34.975513092 ], [ 137.071058144, 34.975161382 ], [ 137.071041954, 34.975164056 ], [ 137.071042827000014, 34.975166761 ], [ 137.070575013, 34.975302695 ], [ 137.07048220499999, 34.975330693 ], [ 137.070545646, 34.97551295 ], [ 137.07056385300001, 34.97556525 ], [ 137.069803654999987, 34.976279373 ], [ 137.069057909, 34.976802534 ], [ 137.068975241, 34.976857917 ], [ 137.068757885, 34.977047701 ], [ 137.068739047, 34.977066022 ], [ 137.068415378999987, 34.977344803 ], [ 137.068402889, 34.977357576 ], [ 137.068349641999987, 34.977409008 ], [ 137.068270136, 34.977512018 ], [ 137.06820209599999, 34.977588065 ], [ 137.06802489399999, 34.977736674 ], [ 137.068201065000011, 34.977882198 ], [ 137.068231351, 34.977907329 ], [ 137.068351694, 34.978010898 ], [ 137.06867374699999, 34.977674367 ], [ 137.068811704000012, 34.977536777 ] ] ] } },
{ "type": "Feature", "properties": { "A29_001": "23212", "A29_002": "愛知県", "A29_003": "安城市", "A29_004": 3, "A29_005": "第一種中高層住居専用地域", "A29_006": 60, "A29_007": 150, "A29_008": null }, "geometry": { "type": "Polygon", "coordinates": [ [ [ 137.071142608, 34.977763453 ], [ 137.071338751000013, 34.977569248 ], [ 137.071400578, 34.977521564 ], [ 137.071671998999989, 34.977408686 ], [ 137.071507478, 34.977091003 ], [ 137.071402646, 34.97688881 ], [ 137.07109160499999, 34.976318832 ], [ 137.070940337, 34.976107849 ], [ 137.070937640000011, 34.976110704 ], [ 137.07036051, 34.976729472 ], [ 137.06972076, 34.977411084 ], [ 137.069356158, 34.977815266 ], [ 137.06908983, 34.978108357 ], [ 137.069384052, 34.978345186 ], [ 137.06951150099999, 34.978461208 ], [ 137.069728868999988, 34.978699174 ], [ 137.069863763, 34.97886573 ], [ 137.07008478899999, 34.979198803 ], [ 137.070294512, 34.979561597 ], [ 137.07039563399999, 34.979742992 ], [ 137.070519225999988, 34.979948184 ], [ 137.07066903099999, 34.9802069 ], [ 137.070803860000012, 34.980441823 ], [ 137.070942495, 34.980635137 ], [ 137.071114877000014, 34.980837384 ], [ 137.071339044000013, 34.981049713 ], [ 137.071673363, 34.980732647 ], [ 137.071893780000011, 34.980550342 ], [ 137.072000523000014, 34.980448468 ], [ 137.07274334600001, 34.979726458 ], [ 137.072729755000012, 34.979715585 ], [ 137.072395467, 34.979400665 ], [ 137.07224055399999, 34.979246546 ], [ 137.071956336999989, 34.978861728 ], [ 137.07167853199999, 34.978485171 ], [ 137.071142608, 34.977763453 ] ] ] } },
{ "type": "Feature", "properties": { "A29_001": "23212", "A29_002": "愛知県", "A29_003": "安城市", "A29_004": 3, "A29_005": "第一種中高層住居専用地域", "A29_006": 60, "A29_007": 150, "A29_008": null }, "geometry": { "type": "Polygon", "coordinates": [ [ [ 137.089504763, 34.976049099 ], [ 137.088790831000011, 34.975829215 ], [ 137.088599784, 34.975768261 ], [ 137.087861018000012, 34.975525656 ], [ 137.08771943, 34.975478552 ], [ 137.086887138, 34.975212883 ], [ 137.086617072, 34.975120016 ], [ 137.085551522, 34.974774872 ], [ 137.085311030000014, 34.975523857 ], [ 137.08515366899999, 34.976010116 ], [ 137.08489186, 34.976810812 ], [ 137.085916857, 34.977042799 ], [ 137.087780321999986, 34.97745672 ], [ 137.089167608999986, 34.977642118 ], [ 137.089171889, 34.977622144 ], [ 137.089246257000013, 34.977259348 ], [ 137.08934570400001, 34.976794456 ], [ 137.089428881, 34.976404125 ], [ 137.089504763, 34.976049099 ] ] ] } },
{ "type": "Feature", "properties": { "A29_001": "23212", "A29_002": "愛知県", "A29_003": "安城市", "A29_004": 3, "A29_005": "第一種中高層住居専用地域", "A29_006": 60, "A29_007": 150, "A29_008": null }, "geometry": { "type": "Polygon", "coordinates": [ [ [ 137.089892963000011, 34.974243524 ], [ 137.089949358000013, 34.973981257 ], [ 137.09001025500001, 34.973682393 ], [ 137.090052826, 34.973493245 ], [ 137.090069054, 34.97341388 ], [ 137.090102288, 34.973254547 ], [ 137.09011654299999, 34.973189199 ], [ 137.090144927000011, 34.973062442 ], [ 137.09018483, 34.972867919 ], [ 137.09021961, 34.972706495 ], [ 137.090231491, 34.972648727 ], [ 137.090257732, 34.972530136 ], [ 137.09027036399999, 34.972466446 ], [ 137.090288001, 34.972378869 ], [ 137.090292412999986, 34.972356948 ], [ 137.090299307, 34.972327646 ], [ 137.090306641000012, 34.972296504 ], [ 137.090319177999987, 34.972228739 ], [ 137.09037530099999, 34.971973395 ], [ 137.090447864, 34.971633123 ], [ 137.090525256, 34.971270426 ], [ 137.090614439, 34.970850826 ], [ 137.090691064, 34.970486506 ], [ 137.090723707, 34.970335394 ], [ 137.09026266399999, 34.969978687 ], [ 137.090169206000013, 34.969941713 ], [ 137.090039598, 34.969846408 ], [ 137.090035591, 34.969833163 ], [ 137.08985757, 34.969709873 ], [ 137.08982233, 34.96967389 ], [ 137.089699579000012, 34.969611638 ], [ 137.08951939100001, 34.969523323 ], [ 137.089335842999986, 34.969434023 ], [ 137.08897686899999, 34.96924881 ], [ 137.088816463, 34.96916963 ], [ 137.08840605899999, 34.968966399 ], [ 137.08756668800001, 34.968554826 ], [ 137.08739744499999, 34.969080629 ], [ 137.087172613, 34.969807974 ], [ 137.08690559499999, 34.970611512 ], [ 137.086793504000013, 34.970918508 ], [ 137.086742496999989, 34.971083067 ], [ 137.086596622, 34.971533087 ], [ 137.086325348, 34.972376312 ], [ 137.086312375, 34.972416654 ], [ 137.086113267, 34.973037388 ], [ 137.085893287, 34.973719588 ], [ 137.086509645, 34.973982786 ], [ 137.08685662799999, 34.974114837 ], [ 137.087449372, 34.974351854 ], [ 137.087881127, 34.974517772 ], [ 137.08830426599999, 34.974670801 ], [ 137.08910912499999, 34.97492155 ], [ 137.08958124899999, 34.975071027 ], [ 137.08977902399999, 34.974214245 ], [ 137.089892963000011, 34.974243524 ] ] ] } },
{ "type": "Feature", "properties": { "A29_001": "23212", "A29_002": "愛知県", "A29_003": "安城市", "A29_004": 3, "A29_005": "第一種中高層住居専用地域", "A29_006": 60, "A29_007": 150, "A29_008": null }, "geometry": { "type": "Polygon", "coordinates": [ [ [ 137.084621446999989, 34.975614208 ], [ 137.084650801, 34.975523467 ], [ 137.084785829999987, 34.975106075 ], [ 137.084919207000013, 34.974695136 ], [ 137.08496122599999, 34.97456674 ], [ 137.084248816000013, 34.974230441 ], [ 137.083410762999989, 34.973848328 ], [ 137.082527778000014, 34.973437962 ], [ 137.08188684699999, 34.97411256 ], [ 137.08161008799999, 34.974264491 ], [ 137.081566595, 34.974361667 ], [ 137.081379704999989, 34.974303868 ], [ 137.08122768699999, 34.974645484 ], [ 137.08122539199999, 34.974650639 ], [ 137.081123794, 34.974878966 ], [ 137.080839435, 34.975508257 ], [ 137.080876933000013, 34.975520769 ], [ 137.081090096999986, 34.975591902 ], [ 137.081377702, 34.975696387 ], [ 137.081658690000012, 34.975782928 ], [ 137.081750427, 34.975813453 ], [ 137.081998346, 34.975871645 ], [ 137.082137762, 34.975887824 ], [ 137.082192596, 34.975902241 ], [ 137.08153242899999, 34.976051281 ], [ 137.08186539799999, 34.97612594 ], [ 137.082780686, 34.976331247 ], [ 137.082820828, 34.976340127 ], [ 137.08352308100001, 34.976497557 ], [ 137.083572804, 34.976509364 ], [ 137.084280433, 34.976671445 ], [ 137.084351566, 34.976454914 ], [ 137.084525272, 34.975913938 ], [ 137.084621446999989, 34.975614208 ] ] ] } },
{ "type": "Feature", "properties": { "A29_001": "23212", "A29_002": "愛知県", "A29_003": "安城市", "A29_004": 3, "A29_005": "第一種中高層住居専用地域", "A29_006": 60, "A29_007": 150, "A29_008": null }, "geometry": { "type": "Polygon", "coordinates": [ [ [ 137.046106814000012, 34.972343045 ], [ 137.046386898, 34.972721844 ], [ 137.047194209, 34.97234412 ], [ 137.047735448, 34.972090885 ], [ 137.04771318600001, 34.972058843 ], [ 137.048199944, 34.971831029 ], [ 137.049714797, 34.971123269 ], [ 137.050153118, 34.970910401 ], [ 137.051384417, 34.970334288 ], [ 137.05142023499999, 34.970314183 ], [ 137.051422859000013, 34.970286104 ], [ 137.051448627000013, 34.970012972 ], [ 137.051932185999988, 34.970052545 ], [ 137.052099413, 34.969974959 ], [ 137.05221157599999, 34.96992872 ], [ 137.052300816000013, 34.969891501 ], [ 137.052373882000012, 34.969868582 ], [ 137.052483343, 34.969827992 ], [ 137.052625502000012, 34.969781366 ], [ 137.052784586, 34.969730952 ], [ 137.052929827000014, 34.969688376 ], [ 137.053127206, 34.969639196 ], [ 137.05383451599999, 34.969451536 ], [ 137.054091226, 34.969348231 ], [ 137.054162536, 34.969311706 ], [ 137.05417995, 34.969302734 ], [ 137.054350582000012, 34.969214881 ], [ 137.054460688, 34.969149472 ], [ 137.054568695, 34.969073469 ], [ 137.054707157, 34.968965104 ], [ 137.05485258499999, 34.968839617 ], [ 137.055004359, 34.968693717 ], [ 137.055036234, 34.968656462 ], [ 137.055167152, 34.968692028 ], [ 137.05629133299999, 34.967366837 ], [ 137.056769212, 34.966803495 ], [ 137.057157319, 34.966356532 ], [ 137.05721418600001, 34.966291037 ], [ 137.057312701, 34.966158698 ], [ 137.05753024399999, 34.965900657 ], [ 137.057714113, 34.965666113 ], [ 137.057820549000013, 34.965538262 ], [ 137.058373533, 34.964872257 ], [ 137.058145438, 34.964740555 ], [ 137.058064838, 34.964767491 ], [ 137.057438502999986, 34.96498067 ], [ 137.057159027000012, 34.965072657 ], [ 137.056648059, 34.965240844 ], [ 137.05664969599999, 34.965244902 ], [ 137.056598556000012, 34.965268898 ], [ 137.05657523, 34.965326779 ], [ 137.056431444, 34.965737362 ], [ 137.056399543999987, 34.965843708 ], [ 137.05636547, 34.965938422 ], [ 137.05637214699999, 34.965940141 ], [ 137.056328501, 34.966067751 ], [ 137.056265483, 34.966186869 ], [ 137.056186704, 34.966300023 ], [ 137.056149190000014, 34.966345874 ], [ 137.05612605799999, 34.966365415 ], [ 137.056105898999988, 34.966371797 ], [ 137.05599945099999, 34.966375937 ], [ 137.055978415, 34.96638331 ], [ 137.05595353699999, 34.96639726 ], [ 137.05593928499999, 34.966409597 ], [ 137.055922586, 34.966448977 ], [ 137.05551137099999, 34.967508649 ], [ 137.055482802, 34.96757993 ], [ 137.055290265, 34.968077459 ], [ 137.055272462, 34.968123418 ], [ 137.055154894999987, 34.968411152 ], [ 137.055076418, 34.968540893 ], [ 137.055041695999989, 34.968545459 ], [ 137.054954267, 34.968718913 ], [ 137.054754397000011, 34.968661936 ], [ 137.054181011999987, 34.968509543 ], [ 137.05404633, 34.968472331 ], [ 137.054049848, 34.968462418 ], [ 137.053111261999987, 34.968194166 ], [ 137.053049402999989, 34.9681832 ], [ 137.053035607, 34.968181384 ], [ 137.052959066, 34.968175453 ], [ 137.052589395000012, 34.968146169 ], [ 137.05258204899999, 34.968152653 ], [ 137.052525979, 34.96815224 ], [ 137.051728069, 34.968236947 ], [ 137.051678450999987, 34.96824294 ], [ 137.051194672, 34.968290079 ], [ 137.050922149, 34.968330927 ], [ 137.050889288, 34.968336214 ], [ 137.050383012, 34.968415151 ], [ 137.050331091, 34.968424026 ], [ 137.049676704, 34.968537524 ], [ 137.049640885, 34.9685438 ], [ 137.04921225699999, 34.968618389 ], [ 137.049185201, 34.968623231 ], [ 137.048698424, 34.968696049 ], [ 137.048413082, 34.968738772 ], [ 137.048342217, 34.968746186 ], [ 137.047793782000014, 34.968743937 ], [ 137.04743140799999, 34.96874232 ], [ 137.047183362999988, 34.968741265 ], [ 137.047129046, 34.968740761 ], [ 137.04707101299999, 34.968734754 ], [ 137.046965105, 34.968711031 ], [ 137.046838932000014, 34.96867638 ], [ 137.046686109, 34.968637465 ], [ 137.046635315, 34.968624344 ], [ 137.046523436, 34.968594845 ], [ 137.04636163699999, 34.968553757 ], [ 137.045876996, 34.968430811 ], [ 137.045696599, 34.968384611 ], [ 137.045621409, 34.968353886 ], [ 137.045618991, 34.968360103 ], [ 137.045278765, 34.968267002 ], [ 137.04525096, 34.968259852 ], [ 137.044952136, 34.968163095 ], [ 137.044587325, 34.968033817 ], [ 137.04433371799999, 34.967945758 ], [ 137.043689362, 34.967719468 ], [ 137.043569948, 34.967677969 ], [ 137.043442762000012, 34.967633758 ], [ 137.043177337, 34.967541087 ], [ 137.043185791000013, 34.967526491 ], [ 137.04314781, 34.967513832 ], [ 137.043042294, 34.967478567 ], [ 137.043010005000014, 34.967467446 ], [ 137.04297673100001, 34.967456053 ], [ 137.04293929799999, 34.967443124 ], [ 137.042680702000013, 34.967354002 ], [ 137.04267823699999, 34.967362302 ], [ 137.04284238599999, 34.968713829 ], [ 137.043213157999986, 34.968628576 ], [ 137.043414423, 34.968612157 ], [ 137.04355391499999, 34.968600768 ], [ 137.043708436, 34.968593379 ], [ 137.04380121599999, 34.968607446 ], [ 137.04398854199999, 34.968633634 ], [ 137.044012799, 34.968640699 ], [ 137.044451923999986, 34.968926955 ], [ 137.04435422899999, 34.969028724 ], [ 137.044232618, 34.969107787 ], [ 137.043952738, 34.96926063 ], [ 137.04365433699999, 34.969245363 ], [ 137.043359861, 34.969242721 ], [ 137.043083849, 34.969268493 ], [ 137.042983714, 34.969295165 ], [ 137.043220058, 34.969606208 ], [ 137.04262207299999, 34.970105991 ], [ 137.04430419799999, 34.970203569 ], [ 137.044142927, 34.971270485 ], [ 137.045820346, 34.971368444 ], [ 137.045751524, 34.971861628 ], [ 137.046106814000012, 34.972343045 ] ] ] } },
{ "type": "Feature", "properties": { "A29_001": "23212", "A29_002": "愛知県", "A29_003": "安城市", "A29_004": 3, "A29_005": "第一種中高層住居専用地域", "A29_006": 60, "A29_007": 150, "A29_008": null }, "geometry": { "type": "Polygon", "coordinates": [ [ [ 137.087180886999988, 34.967704823 ], [ 137.087241503, 34.9675109 ], [ 137.08726242099999, 34.967418233 ], [ 137.08727937099999, 34.967272899 ], [ 137.08727677499999, 34.967194171 ], [ 137.087264535, 34.967111155 ], [ 137.087263143, 34.967101743 ], [ 137.087242495, 34.967038481 ], [ 137.087220704, 34.966980682 ], [ 137.087180397, 34.966897026 ], [ 137.087028143, 34.966696077 ], [ 137.086857783999989, 34.966475148 ], [ 137.086262545000011, 34.965690983 ], [ 137.086069185000014, 34.965434555 ], [ 137.08597326, 34.965307672 ], [ 137.085297959, 34.964409105 ], [ 137.08369081699999, 34.965363909 ], [ 137.083677822, 34.965371626 ], [ 137.0826644, 34.96597391 ], [ 137.082593175, 34.966778331 ], [ 137.082584833, 34.966840221 ], [ 137.08247895299999, 34.967959513 ], [ 137.082476272, 34.967978695 ], [ 137.082464189, 34.96809998 ], [ 137.082438642999989, 34.968375643 ], [ 137.08243591199999, 34.968390209 ], [ 137.08240487099999, 34.968747687 ], [ 137.082398453, 34.968780983 ], [ 137.082337475, 34.969412769 ], [ 137.082449958000012, 34.969528191 ], [ 137.082791155, 34.969381558 ], [ 137.08324285099999, 34.9692114 ], [ 137.083545848999989, 34.969138182 ], [ 137.084096648000013, 34.969037042 ], [ 137.084826977, 34.968906516 ], [ 137.085778312, 34.968607394 ], [ 137.0863874, 34.968437031 ], [ 137.086785424999988, 34.968072276 ], [ 137.087180886999988, 34.967704823 ] ] ] } },
{ "type": "Feature", "properties": { "A29_001": "23212", "A29_002": "愛知県", "A29_003": "安城市", "A29_004": 3, "A29_005": "第一種中高層住居専用地域", "A29_006": 60, "A29_007": 150, "A29_008": null }, "geometry": { "type": "Polygon", "coordinates": [ [ [ 137.094291889, 34.962106408 ], [ 137.094377126000012, 34.962008134 ], [ 137.094420093999986, 34.961958579 ], [ 137.094476015999987, 34.961885583 ], [ 137.09452087, 34.961821857 ], [ 137.094566608, 34.961736136 ], [ 137.094580767, 34.961711065 ], [ 137.094623738, 34.961620699 ], [ 137.09463971299999, 34.96158519 ], [ 137.094649721, 34.961560342 ], [ 137.09466268599999, 34.961523092 ], [ 137.094674411999989, 34.961488103 ], [ 137.094686225, 34.961452926 ], [ 137.094699348, 34.961397646 ], [ 137.094721187, 34.961280593 ], [ 137.094722517, 34.96127413 ], [ 137.094731884999987, 34.96114306 ], [ 137.094731789, 34.961089954 ], [ 137.094730481, 34.96105768 ], [ 137.09472273899999, 34.960957846 ], [ 137.09471409299999, 34.960876852 ], [ 137.094677549000011, 34.960643401 ], [ 137.094657643, 34.960515524 ], [ 137.094640891000012, 34.960401423 ], [ 137.09451875900001, 34.95961993 ], [ 137.09447302699999, 34.959275637 ], [ 137.094106165, 34.959330327 ], [ 137.093803197999989, 34.95946891 ], [ 137.093520804, 34.95959722 ], [ 137.093532891, 34.959685743 ], [ 137.093625006, 34.960360475 ], [ 137.09364186900001, 34.960484023 ], [ 137.093236346999987, 34.961827938 ], [ 137.09350504599999, 34.961926236 ], [ 137.093610351, 34.961968443 ], [ 137.093811389, 34.962042629 ], [ 137.094124827, 34.962160352 ], [ 137.094122951, 34.962163605 ], [ 137.094193316, 34.962191142 ], [ 137.094211234, 34.962174827 ], [ 137.094291889, 34.962106408 ] ] ] } },
{ "type": "Feature", "properties": { "A29_001": "23212", "A29_002": "愛知県", "A29_003": "安城市", "A29_004": 3, "A29_005": "第一種中高層住居専用地域", "A29_006": 60, "A29_007": 150, "A29_008": null }, "geometry": { "type": "Polygon", "coordinates": [ [ [ 137.097798632, 34.958955938 ], [ 137.097070034000012, 34.95902033 ], [ 137.097069147000013, 34.959020411 ], [ 137.09658694, 34.959062845 ], [ 137.09596710400001, 34.959117053 ], [ 137.09507582399999, 34.959200657 ], [ 137.095083339000013, 34.959259113 ], [ 137.09524943299999, 34.960339246 ], [ 137.095266154, 34.960453149 ], [ 137.09528575499999, 34.960579052 ], [ 137.09532385899999, 34.960822474 ], [ 137.095334232, 34.96091965 ], [ 137.095343047, 34.961033206 ], [ 137.095344977, 34.961081193 ], [ 137.095345118000012, 34.961157503 ], [ 137.09533359, 34.961318906 ], [ 137.09533035699999, 34.961347959 ], [ 137.09531918, 34.961420296 ], [ 137.09530186, 34.961491575 ], [ 137.09528511100001, 34.961562142 ], [ 137.095269272, 34.961618295 ], [ 137.095254012, 34.961663423 ], [ 137.095226854, 34.961740564 ], [ 137.095214266999989, 34.961771072 ], [ 137.09519232299999, 34.961820956 ], [ 137.095177866, 34.961848821 ], [ 137.095140816999987, 34.961916816 ], [ 137.095125013, 34.961944816 ], [ 137.09509053, 34.962008566 ], [ 137.095069087000013, 34.962048218 ], [ 137.095045997999989, 34.962079919 ], [ 137.095212626, 34.962008638 ], [ 137.09567235, 34.961811619 ], [ 137.095569485, 34.961631704 ], [ 137.095470057999989, 34.961502699 ], [ 137.09533547, 34.961335476 ], [ 137.095656031, 34.961193348 ], [ 137.095731148999988, 34.961155539 ], [ 137.095885841000012, 34.961056015 ], [ 137.096221160999988, 34.960823052 ], [ 137.096303078, 34.960774374 ], [ 137.096766339, 34.960474404 ], [ 137.096854882, 34.960435484 ], [ 137.097435123, 34.96018415 ], [ 137.097495519, 34.960268022 ], [ 137.097572474, 34.960400917 ], [ 137.097656483, 34.960572011 ], [ 137.097704232000012, 34.960668794 ], [ 137.09775599299999, 34.96065586 ], [ 137.097882596, 34.960606838 ], [ 137.097902712, 34.960593949 ], [ 137.097917528000011, 34.960580228 ], [ 137.097962951999989, 34.960523902 ], [ 137.097976673, 34.96051064 ], [ 137.098065205000012, 34.960457899 ], [ 137.098198056, 34.960374362 ], [ 137.098208375000013, 34.960370131 ], [ 137.098236748, 34.960368083 ], [ 137.098252362000011, 34.960356219 ], [ 137.09825554599999, 34.960359096 ], [ 137.098513637, 34.960165459 ], [ 137.09870872499999, 34.960018781 ], [ 137.098933944, 34.95984841 ], [ 137.098986027, 34.959815841 ], [ 137.098800135, 34.959661792 ], [ 137.09860863, 34.959502177 ], [ 137.098274041, 34.959278107 ], [ 137.097992729, 34.959089142 ], [ 137.097798632, 34.958955938 ] ] ] } },
{ "type": "Feature", "properties": { "A29_001": "23212", "A29_002": "愛知県", "A29_003": "安城市", "A29_004": 3, "A29_005": "第一種中高層住居専用地域", "A29_006": 60, "A29_007": 150, "A29_008": null }, "geometry": { "type": "Polygon", "coordinates": [ [ [ 137.10973267599999, 34.969357665 ], [ 137.109268541, 34.969398221 ], [ 137.10936948599999, 34.969498386 ], [ 137.109540299, 34.969570486 ], [ 137.109752082999989, 34.969608186 ], [ 137.110047382, 34.969678603 ], [ 137.110179558, 34.969705385 ], [ 137.110336081000014, 34.969729031 ], [ 137.110418331, 34.969737255 ], [ 137.11055484, 34.969737318 ], [ 137.11058195199999, 34.969742541 ], [ 137.11071119499999, 34.969782797 ], [ 137.11077265599999, 34.969796222 ], [ 137.110876612999988, 34.969802967 ], [ 137.11095706399999, 34.969799281 ], [ 137.111093571999987, 34.969801588 ], [ 137.11113153299999, 34.969812027 ], [ 137.11121649399999, 34.969845556 ], [ 137.111458668000012, 34.969984106 ], [ 137.111722495, 34.97020232 ], [ 137.111752308, 34.970229874 ], [ 137.111766741999986, 34.970263379 ], [ 137.111870458, 34.970615498 ], [ 137.11187124700001, 34.970796362 ], [ 137.11186848299999, 34.970867821 ], [ 137.11181037899999, 34.971058367 ], [ 137.11183216399999, 34.97110392 ], [ 137.111887034, 34.971067416 ], [ 137.111865083, 34.971139525 ], [ 137.111952725, 34.97109449 ], [ 137.11212801, 34.971004421 ], [ 137.11217168499999, 34.970987331 ], [ 137.11224851899999, 34.970941372 ], [ 137.112390936, 34.970869318 ], [ 137.112522396, 34.970806273 ], [ 137.11254431099999, 34.970788253 ], [ 137.112587975, 34.971004627 ], [ 137.11262083599999, 34.970995627 ], [ 137.112620818000011, 34.971022671 ], [ 137.112624528999987, 34.971025729 ], [ 137.112761744000011, 34.97095323 ], [ 137.11308519, 34.970797904 ], [ 137.113535845, 34.970611343 ], [ 137.113744333, 34.970502914 ], [ 137.11409964, 34.970319356 ], [ 137.114115295, 34.970311268 ], [ 137.114308470999987, 34.970167494 ], [ 137.11453227199999, 34.970068653 ], [ 137.114620215, 34.970080806 ], [ 137.114882380000012, 34.969960553 ], [ 137.115095402, 34.96986396 ], [ 137.115236425, 34.969790829 ], [ 137.115264031, 34.96976056 ], [ 137.115233517, 34.969556119 ], [ 137.115242719, 34.969533405 ], [ 137.115206124, 34.969245683 ], [ 137.115169506, 34.968995814 ], [ 137.115148482, 34.968974918 ], [ 137.11508761799999, 34.968602825 ], [ 137.115072371, 34.968484202 ], [ 137.114989922, 34.967992032 ], [ 137.114933653, 34.967751313 ], [ 137.114840168, 34.967777939 ], [ 137.114728238, 34.967811489 ], [ 137.114412968000011, 34.96791113 ], [ 137.11394535, 34.968054551 ], [ 137.113379753, 34.968226938 ], [ 137.113293403, 34.96826103 ], [ 137.11329093099999, 34.968255935 ], [ 137.11270105700001, 34.968438296 ], [ 137.112698927999986, 34.968445858 ], [ 137.112597532, 34.968477446 ], [ 137.112596000999986, 34.968474227 ], [ 137.112569975000014, 34.968482239 ], [ 137.112527027, 34.968495453 ], [ 137.11241920099999, 34.968528643 ], [ 137.112355814000011, 34.968547338 ], [ 137.112065863999987, 34.968638591 ], [ 137.1119859, 34.968668484 ], [ 137.11192530400001, 34.968689335 ], [ 137.11176082599999, 34.968739356 ], [ 137.11175343, 34.968729824 ], [ 137.111125910999988, 34.96892552 ], [ 137.11107042, 34.968943244 ], [ 137.111032454, 34.968957191 ], [ 137.110900304000012, 34.969007072 ], [ 137.110810751, 34.969044497 ], [ 137.110703591, 34.969095056 ], [ 137.110664942, 34.969114014 ], [ 137.11062222699999, 34.96913792 ], [ 137.110567425999989, 34.96917051 ], [ 137.110492333, 34.969219498 ], [ 137.110428258000013, 34.969264596 ], [ 137.11036098400001, 34.969313353 ], [ 137.110244429, 34.969313768 ], [ 137.10980415899999, 34.969351397 ], [ 137.10973267599999, 34.969357665 ] ] ] } },
{ "type": "Feature", "properties": { "A29_001": "23212", "A29_002": "愛知県", "A29_003": "安城市", "A29_004": 3, "A29_005": "第一種中高層住居専用地域", "A29_006": 60, "A29_007": 150, "A29_008": null }, "geometry": { "type": "Polygon", "coordinates": [ [ [ 137.07179182199999, 34.949313215 ], [ 137.0724995, 34.948471188 ], [ 137.07310724300001, 34.947748048 ], [ 137.07228020299999, 34.948067488 ], [ 137.07218157299999, 34.94810128 ], [ 137.071191696, 34.948470167 ], [ 137.070585368, 34.948702136 ], [ 137.070474733999987, 34.948748294 ], [ 137.069846162, 34.948732091 ], [ 137.06956659, 34.948805717 ], [ 137.06961112, 34.948832166 ], [ 137.06991729, 34.94897827 ], [ 137.07050719899999, 34.948980181 ], [ 137.070854274999988, 34.949070243 ], [ 137.071703417, 34.94929033 ], [ 137.07179182199999, 34.949313215 ] ] ] } },
{ "type": "Feature", "properties": { "A29_001": "23212", "A29_002": "愛知県", "A29_003": "安城市", "A29_004": 3, "A29_005": "第一種中高層住居専用地域", "A29_006": 60, "A29_007": 150, "A29_008": null }, "geometry": { "type": "Polygon", "coordinates": [ [ [ 137.071216439000011, 34.956169054 ], [ 137.07123744399999, 34.956185026 ], [ 137.071337105999987, 34.95626146 ], [ 137.071490933, 34.956368496 ], [ 137.071624839, 34.956469972 ], [ 137.071683285, 34.956406977 ], [ 137.072277915, 34.95575641 ], [ 137.072998619, 34.954970995 ], [ 137.07382591699999, 34.954074694 ], [ 137.074614668, 34.953216265 ], [ 137.075927532, 34.951812719 ], [ 137.07610137, 34.951623367 ], [ 137.076556547, 34.951127584 ], [ 137.076838947, 34.950820713 ], [ 137.076806272, 34.950753934 ], [ 137.076702498, 34.950544209 ], [ 137.07666734899999, 34.950477068 ], [ 137.076616073999986, 34.950388144 ], [ 137.076555011000011, 34.950289513 ], [ 137.076475304000013, 34.950169422 ], [ 137.076372893000013, 34.950026443 ], [ 137.076328614, 34.949968427 ], [ 137.07610345399999, 34.949708867 ], [ 137.07593491, 34.94953892 ], [ 137.075850073, 34.94945529 ], [ 137.075621705, 34.949257451 ], [ 137.07547225, 34.949134882 ], [ 137.074814906, 34.948593236 ], [ 137.074668198000012, 34.94847285 ], [ 137.073797641, 34.947758476 ], [ 137.07365683899999, 34.947917894 ], [ 137.073191393, 34.948471722 ], [ 137.072362816, 34.949457627 ], [ 137.072385802000014, 34.94946327 ], [ 137.072541037, 34.949506877 ], [ 137.072805558999988, 34.949918347 ], [ 137.072843818, 34.949972645 ], [ 137.073460582, 34.950931737 ], [ 137.07377173899999, 34.951416268 ], [ 137.073082126, 34.951844393 ], [ 137.07304893700001, 34.951856177 ], [ 137.07213764, 34.952438188 ], [ 137.072091274, 34.952482595 ], [ 137.071756541000013, 34.952689944 ], [ 137.071753151, 34.952686336 ], [ 137.07139693799999, 34.952908903 ], [ 137.071345207, 34.952952764 ], [ 137.070848081, 34.953264916 ], [ 137.070777642, 34.953295241 ], [ 137.070551698, 34.953442725 ], [ 137.07042332, 34.953581811 ], [ 137.07040369500001, 34.953604062 ], [ 137.070240555, 34.953787294 ], [ 137.070146142, 34.953906846 ], [ 137.07012047399999, 34.9539464 ], [ 137.069854243, 34.954551262 ], [ 137.069846344000013, 34.954564868 ], [ 137.06981174500001, 34.954657061 ], [ 137.069655931999989, 34.955031141 ], [ 137.069632993, 34.955077549 ], [ 137.069574863000014, 34.95516116 ], [ 137.069531764, 34.955217919 ], [ 137.069472854999987, 34.955311626 ], [ 137.069391644, 34.955468779 ], [ 137.06938713400001, 34.955485633 ], [ 137.070224314, 34.955687601 ], [ 137.070292404000014, 34.955701267 ], [ 137.07047840199999, 34.955730803 ], [ 137.070633292999986, 34.955731782 ], [ 137.07072095699999, 34.955711162 ], [ 137.070830848000014, 34.955841242 ], [ 137.070946768, 34.955966459 ], [ 137.071216439000011, 34.956169054 ] ] ] } },
{ "type": "Feature", "properties": { "A29_001": "23212", "A29_002": "愛知県", "A29_003": "安城市", "A29_004": 3, "A29_005": "第一種中高層住居専用地域", "A29_006": 60, "A29_007": 150, "A29_008": null }, "geometry": { "type": "Polygon", "coordinates": [ [ [ 137.075532871, 34.948473502 ], [ 137.07569199400001, 34.948614504 ], [ 137.075897706, 34.94878401 ], [ 137.076052489, 34.948910955 ], [ 137.07610427099999, 34.948955807 ], [ 137.076299868, 34.949125241 ], [ 137.076399229, 34.949223189 ], [ 137.07655863, 34.949383924 ], [ 137.076619367, 34.949449272 ], [ 137.076671299999987, 34.949506645 ], [ 137.076746429, 34.949597345 ], [ 137.076828670999987, 34.949691781 ], [ 137.076887262000014, 34.949768532 ], [ 137.076999021, 34.949924552 ], [ 137.07708758199999, 34.950057992 ], [ 137.077156428, 34.950169195 ], [ 137.07721217299999, 34.950265866 ], [ 137.07816241099999, 34.94923324 ], [ 137.078346762, 34.94903146 ], [ 137.078816694000011, 34.948523501 ], [ 137.078898146, 34.948435458 ], [ 137.077432447, 34.946228313 ], [ 137.077120777, 34.946334386 ], [ 137.077038654, 34.946364111 ], [ 137.076749922, 34.946458219 ], [ 137.076747759, 34.946454188 ], [ 137.076669853, 34.946482581 ], [ 137.076671929000014, 34.946486648 ], [ 137.07665762100001, 34.946494571 ], [ 137.07656033399999, 34.946555042 ], [ 137.076106716, 34.946712166 ], [ 137.075833568, 34.946800335 ], [ 137.075688874, 34.946850772 ], [ 137.075665124000011, 34.9468626 ], [ 137.075637992, 34.946874642 ], [ 137.07492384, 34.947122724 ], [ 137.074911652, 34.947125031 ], [ 137.07489758299999, 34.947125535 ], [ 137.074881962, 34.947122954 ], [ 137.074867912, 34.947116768 ], [ 137.074857935000011, 34.947109044 ], [ 137.074821422000014, 34.94706012 ], [ 137.074778772, 34.946987446 ], [ 137.074782956, 34.946985637 ], [ 137.074641445, 34.946763234 ], [ 137.07414772300001, 34.947344522 ], [ 137.07461163, 34.947725569 ], [ 137.075532871, 34.948473502 ] ] ] } },
{ "type": "Feature", "properties": { "A29_001": "23212", "A29_002": "愛知県", "A29_003": "安城市", "A29_004": 3, "A29_005": "第一種中高層住居専用地域", "A29_006": 60, "A29_007": 150, "A29_008": null }, "geometry": { "type": "Polygon", "coordinates": [ [ [ 137.0958349, 34.9543118 ], [ 137.096072463000013, 34.954214308 ], [ 137.096496092, 34.954048383 ], [ 137.096572775999988, 34.954014992 ], [ 137.096997879000014, 34.953850329 ], [ 137.097081559, 34.953818194 ], [ 137.097613087000013, 34.953613852 ], [ 137.097462689999986, 34.95339111 ], [ 137.097218226, 34.953002 ], [ 137.097011595, 34.952767316 ], [ 137.096944130999987, 34.952697088 ], [ 137.09664085899999, 34.952417851 ], [ 137.096522678000014, 34.952299103 ], [ 137.09628479, 34.952078175 ], [ 137.095821532, 34.951663126 ], [ 137.095656326000011, 34.951507055 ], [ 137.095176807, 34.951051832 ], [ 137.095075763000011, 34.951148619 ], [ 137.09476039899999, 34.951452565 ], [ 137.09469804599999, 34.951513288 ], [ 137.094523164, 34.951681347 ], [ 137.094622909, 34.952232291 ], [ 137.094647314000014, 34.952358693 ], [ 137.094769391, 34.953016702 ], [ 137.094804931, 34.953142669 ], [ 137.09491717, 34.95350788 ], [ 137.094927323, 34.953542142 ], [ 137.094955588, 34.953637491 ], [ 137.095036697000012, 34.95390453 ], [ 137.095072304000013, 34.954018489 ], [ 137.095097866, 34.954137373 ], [ 137.095277661000011, 34.954532255 ], [ 137.0958349, 34.9543118 ] ] ] } },
{ "type": "Feature", "properties": { "A29_001": "23212", "A29_002": "愛知県", "A29_003": "安城市", "A29_004": 3, "A29_005": "第一種中高層住居専用地域", "A29_006": 60, "A29_007": 150, "A29_008": null }, "geometry": { "type": "Polygon", "coordinates": [ [ [ 137.088059566, 34.952597405 ], [ 137.090059967, 34.951961706 ], [ 137.09178477399999, 34.951423416 ], [ 137.091560447, 34.949591875 ], [ 137.09107473, 34.949758338 ], [ 137.091001697, 34.949787555 ], [ 137.09039420799999, 34.949963568 ], [ 137.08984844, 34.950121704 ], [ 137.089465663999988, 34.950234336 ], [ 137.08927713599999, 34.950316485 ], [ 137.08851714, 34.950670713 ], [ 137.087049502000013, 34.951191447 ], [ 137.087831701, 34.952279738 ], [ 137.088059566, 34.952597405 ] ] ] } },
{ "type": "Feature", "properties": { "A29_001": "23212", "A29_002": "愛知県", "A29_003": "安城市", "A29_004": 3, "A29_005": "第一種中高層住居専用地域", "A29_006": 60, "A29_007": 150, "A29_008": null }, "geometry": { "type": "Polygon", "coordinates": [ [ [ 137.083667811999987, 34.954533387 ], [ 137.08512744, 34.953879964 ], [ 137.086209024, 34.953393345 ], [ 137.086609169000013, 34.953207138 ], [ 137.087540671999989, 34.952795817 ], [ 137.0873416, 34.952518302 ], [ 137.086580966000014, 34.951460015 ], [ 137.086521146, 34.951375939 ], [ 137.086235421999987, 34.951477122 ], [ 137.086095752, 34.95152726 ], [ 137.08594426499999, 34.951580761 ], [ 137.08550820100001, 34.951735435 ], [ 137.085183448, 34.951852149 ], [ 137.085177937999987, 34.951854498 ], [ 137.085085924999987, 34.95188551 ], [ 137.084877492, 34.951959553 ], [ 137.08379010199999, 34.952339006 ], [ 137.082514333, 34.952784181 ], [ 137.083667811999987, 34.954533387 ] ] ] } },
{ "type": "Feature", "properties": { "A29_001": "23212", "A29_002": "愛知県", "A29_003": "安城市", "A29_004": 3, "A29_005": "第一種中高層住居専用地域", "A29_006": 60, "A29_007": 150, "A29_008": null }, "geometry": { "type": "Polygon", "coordinates": [ [ [ 137.07974787399999, 34.954296359 ], [ 137.079659631999988, 34.95434961 ], [ 137.07930034099999, 34.954554871 ], [ 137.080147067000013, 34.956304889 ], [ 137.081207694, 34.955698791 ], [ 137.081669565, 34.95543499 ], [ 137.081907257000012, 34.955327953 ], [ 137.082366373000013, 34.955120111 ], [ 137.082500148, 34.955060571 ], [ 137.082773581, 34.954916875 ], [ 137.083093983, 34.954765891 ], [ 137.082656207000014, 34.954098088 ], [ 137.081947797999987, 34.953034093 ], [ 137.08168794299999, 34.953181186 ], [ 137.08162763199999, 34.953215265 ], [ 137.081396106, 34.953358411 ], [ 137.080924341000014, 34.953628144 ], [ 137.080487207, 34.953876499 ], [ 137.080387081, 34.953933816 ], [ 137.080137955999987, 34.954075865 ], [ 137.07987163199999, 34.954225691 ], [ 137.07974787399999, 34.954296359 ] ] ] } },
{ "type": "Feature", "properties": { "A29_001": "23212", "A29_002": "愛知県", "A29_003": "安城市", "A29_004": 3, "A29_005": "第一種中高層住居専用地域", "A29_006": 60, "A29_007": 150, "A29_008": null }, "geometry": { "type": "Polygon", "coordinates": [ [ [ 137.07972151199999, 34.948599552 ], [ 137.080424345000011, 34.949655462 ], [ 137.080565239, 34.949586914 ], [ 137.080680072, 34.949531275 ], [ 137.080794360999988, 34.949472822 ], [ 137.080844993999989, 34.949445291 ], [ 137.080995776, 34.949353843 ], [ 137.081087174, 34.949291768 ], [ 137.081157407, 34.949241849 ], [ 137.081238688000013, 34.949180389 ], [ 137.08127825599999, 34.949148865 ], [ 137.081305783, 34.949125617 ], [ 137.08136291, 34.949076346 ], [ 137.081428249, 34.949015001 ], [ 137.081512565, 34.948929203 ], [ 137.08189093499999, 34.948517635 ], [ 137.081821934, 34.948478057 ], [ 137.081803747, 34.948468768 ], [ 137.081724398, 34.948399154 ], [ 137.081547427, 34.948228858 ], [ 137.081488415, 34.948154318 ], [ 137.08121239799999, 34.947758293 ], [ 137.08115089, 34.947683832 ], [ 137.080947697, 34.947316146 ], [ 137.080935579, 34.947293943 ], [ 137.07983578, 34.948476681 ], [ 137.07972151199999, 34.948599552 ] ] ] } },
{ "type": "Feature", "properties": { "A29_001": "23212", "A29_002": "愛知県", "A29_003": "安城市", "A29_004": 3, "A29_005": "第一種中高層住居専用地域", "A29_006": 60, "A29_007": 150, "A29_008": null }, "geometry": { "type": "Polygon", "coordinates": [ [ [ 137.091195113999987, 34.93764002 ], [ 137.09149843899999, 34.940216726 ], [ 137.09181820399999, 34.942974701 ], [ 137.091903349, 34.942910523 ], [ 137.09199701899999, 34.942837624 ], [ 137.092064991, 34.942780106 ], [ 137.09245354399999, 34.942423294 ], [ 137.092519987, 34.942360465 ], [ 137.092636701, 34.94225143 ], [ 137.092785781, 34.942160282 ], [ 137.092832133, 34.94212471 ], [ 137.092842706, 34.942126754 ], [ 137.092967584, 34.942056045 ], [ 137.092928687000011, 34.942044339 ], [ 137.09289089699999, 34.942029712 ], [ 137.092876848, 34.94202195 ], [ 137.092857571, 34.942006641 ], [ 137.092850628, 34.941996963 ], [ 137.092848556, 34.941988119 ], [ 137.092848529, 34.94198124 ], [ 137.092909341, 34.941898431 ], [ 137.09295624399999, 34.941834581 ], [ 137.09301300199999, 34.941767274 ], [ 137.093284188000013, 34.94148312 ], [ 137.093294445999987, 34.941470226 ], [ 137.09339968399999, 34.941337294 ], [ 137.09338154, 34.941303901 ], [ 137.09342470499999, 34.941206819 ], [ 137.09349816299999, 34.941035284 ], [ 137.093551996, 34.940907 ], [ 137.093643886, 34.940701589 ], [ 137.093702244000013, 34.940593834 ], [ 137.093757326, 34.940513897 ], [ 137.093823649, 34.940424275 ], [ 137.093850495999988, 34.940382237 ], [ 137.093853429, 34.940383744 ], [ 137.093935729, 34.940275544 ], [ 137.094394712, 34.937244267 ], [ 137.094147045999989, 34.93684543 ], [ 137.094022295, 34.936682692 ], [ 137.093556940000013, 34.936027711 ], [ 137.09331998799999, 34.93566491 ], [ 137.093227893, 34.935566305 ], [ 137.09314090699999, 34.9354582 ], [ 137.093040175999988, 34.935321267 ], [ 137.092963784, 34.935217009 ], [ 137.092895219000013, 34.935137809 ], [ 137.09281126, 34.934963411 ], [ 137.092801779000013, 34.934940327 ], [ 137.092792624999987, 34.934772429 ], [ 137.09277298, 34.934560118 ], [ 137.092409272999987, 34.93496313 ], [ 137.091050321000012, 34.936430537 ], [ 137.091195113999987, 34.93764002 ] ] ] } },
{ "type": "Feature", "properties": { "A29_001": "23212", "A29_002": "愛知県", "A29_003": "安城市", "A29_004": 3, "A29_005": "第一種中高層住居専用地域", "A29_006": 60, "A29_007": 150, "A29_008": null }, "geometry": { "type": "Polygon", "coordinates": [ [ [ 137.08760597599999, 34.936002565 ], [ 137.08760812, 34.936005027 ], [ 137.088405929, 34.935544571 ], [ 137.08855602599999, 34.935458584 ], [ 137.088659990999986, 34.935408844 ], [ 137.088812224, 34.935355547 ], [ 137.08893179099999, 34.935325902 ], [ 137.08903253, 34.935307603 ], [ 137.089200277, 34.935286841 ], [ 137.08916613400001, 34.934961131 ], [ 137.089154904, 34.934853974 ], [ 137.08911587899999, 34.934481727 ], [ 137.089102571000012, 34.934374487 ], [ 137.089095343, 34.934319221 ], [ 137.089067519999986, 34.934117848 ], [ 137.089016558, 34.933833596 ], [ 137.088964271, 34.933595391 ], [ 137.08893099, 34.933459903 ], [ 137.088883661000011, 34.93329354 ], [ 137.08875851900001, 34.932854618 ], [ 137.088739635, 34.932879307 ], [ 137.08872123899999, 34.932897721 ], [ 137.088715947, 34.932902496 ], [ 137.088685435, 34.932930035 ], [ 137.08864417, 34.932961109 ], [ 137.088535941, 34.933032131 ], [ 137.088099863999986, 34.933262449 ], [ 137.087799329, 34.933431499 ], [ 137.087754604, 34.933452348 ], [ 137.087388309, 34.933589595 ], [ 137.087342715, 34.933534683 ], [ 137.087291244, 34.933409712 ], [ 137.087178327, 34.93314115 ], [ 137.08705731399999, 34.932857139 ], [ 137.087060839, 34.932856601 ], [ 137.087059857000014, 34.932853084 ], [ 137.086675097000011, 34.932911491 ], [ 137.08657132, 34.932927388 ], [ 137.086263558000013, 34.932973756 ], [ 137.08615157, 34.932990638 ], [ 137.085858433999988, 34.933034815 ], [ 137.08576004299999, 34.933049633 ], [ 137.085463382, 34.933094329 ], [ 137.085366655, 34.933108895 ], [ 137.085085889999988, 34.933151185 ], [ 137.08497815699999, 34.933170846 ], [ 137.084968143, 34.933179403 ], [ 137.085062294000011, 34.933665916 ], [ 137.085069831, 34.933704811 ], [ 137.08507281499999, 34.933720273 ], [ 137.085086297, 34.933789949 ], [ 137.085124503, 34.933987372 ], [ 137.085141375, 34.934049784 ], [ 137.085269444, 34.934721628 ], [ 137.08525946899999, 34.934735838 ], [ 137.085116019, 34.934751004 ], [ 137.084877087, 34.93481456 ], [ 137.084842923999986, 34.934823408 ], [ 137.084846822, 34.934833543 ], [ 137.08486928, 34.934893876 ], [ 137.084876992, 34.934909937 ], [ 137.084901980000012, 34.934958336 ], [ 137.084915986, 34.934985471 ], [ 137.085011207, 34.935178155 ], [ 137.085053847000012, 34.935275472 ], [ 137.085058245, 34.935288952 ], [ 137.085078352000011, 34.93532516 ], [ 137.085085599, 34.935336118 ], [ 137.085315057, 34.935865749 ], [ 137.08534581699999, 34.935955314 ], [ 137.085340306, 34.936181871 ], [ 137.08534365, 34.936232266 ], [ 137.087593312, 34.936001655 ], [ 137.087593551, 34.936003611 ], [ 137.08760597599999, 34.936002565 ] ] ] } },
{ "type": "Feature", "properties": { "A29_001": "23212", "A29_002": "愛知県", "A29_003": "安城市", "A29_004": 3, "A29_005": "第一種中高層住居専用地域", "A29_006": 60, "A29_007": 150, "A29_008": null }, "geometry": { "type": "Polygon", "coordinates": [ [ [ 137.085982159, 34.92192489 ], [ 137.085899375, 34.921440178 ], [ 137.085835014, 34.921054039 ], [ 137.084306429, 34.921237159 ], [ 137.084321996, 34.921331753 ], [ 137.08433710599999, 34.921436002 ], [ 137.08437075399999, 34.921652183 ], [ 137.08438791899999, 34.921736492 ], [ 137.084446797, 34.922093926 ], [ 137.0844501, 34.922129014 ], [ 137.084456617, 34.922168025 ], [ 137.08445449300001, 34.92216824 ], [ 137.084455907, 34.922177599 ], [ 137.084458184, 34.922177366 ], [ 137.084505513000011, 34.922460284 ], [ 137.084518366999987, 34.922532871 ], [ 137.08458997299999, 34.922957852 ], [ 137.084596943, 34.922993538 ], [ 137.084672187, 34.922986548 ], [ 137.084888901999989, 34.92296395 ], [ 137.086133386, 34.922820714 ], [ 137.086055699000013, 34.922338188 ], [ 137.085982159, 34.92192489 ] ] ] } },
{ "type": "Feature", "properties": { "A29_001": "23212", "A29_002": "愛知県", "A29_003": "安城市", "A29_004": 3, "A29_005": "第一種中高層住居専用地域", "A29_006": 60, "A29_007": 150, "A29_008": null }, "geometry": { "type": "Polygon", "coordinates": [ [ [ 137.087016377, 34.909449603 ], [ 137.08697343599999, 34.908803993 ], [ 137.086937475000013, 34.908804916 ], [ 137.086687957, 34.908816021 ], [ 137.08637822599999, 34.908827241 ], [ 137.08624431699999, 34.908836512 ], [ 137.08607204899999, 34.908850355 ], [ 137.08583238599999, 34.90887184 ], [ 137.085626495000014, 34.908895135 ], [ 137.08555491300001, 34.908903065 ], [ 137.084987958, 34.908996269 ], [ 137.08495227899999, 34.908999761 ], [ 137.084902809, 34.909005948 ], [ 137.084761843, 34.909022621 ], [ 137.08454874899999, 34.909050423 ], [ 137.08445648, 34.909067579 ], [ 137.084280686999989, 34.909099634 ], [ 137.084746102, 34.909500614 ], [ 137.085792981, 34.910402541 ], [ 137.086362979, 34.909957927 ], [ 137.087016377, 34.909449603 ] ] ] } },
{ "type": "Feature", "properties": { "A29_001": "23212", "A29_002": "愛知県", "A29_003": "安城市", "A29_004": 3, "A29_005": "第一種中高層住居専用地域", "A29_006": 60, "A29_007": 150, "A29_008": null }, "geometry": { "type": "Polygon", "coordinates": [ [ [ 137.095925023, 34.913728179 ], [ 137.09589459599999, 34.913603215 ], [ 137.095865913000011, 34.913487718 ], [ 137.095816528, 34.913265293 ], [ 137.095777287, 34.913082719 ], [ 137.095745889, 34.912942609 ], [ 137.095709594, 34.912771035 ], [ 137.09568561399999, 34.912659417 ], [ 137.095676357, 34.912606044 ], [ 137.09567089, 34.912601173 ], [ 137.095663231, 34.912599005 ], [ 137.095650207, 34.912599808 ], [ 137.095620438, 34.912602586 ], [ 137.095544147, 34.912236087 ], [ 137.095506218, 34.912055858 ], [ 137.09549704599999, 34.912031873 ], [ 137.09547531199999, 34.911981016 ], [ 137.095468646, 34.911970014 ], [ 137.095461535999988, 34.911965953 ], [ 137.09545355, 34.911962252 ], [ 137.095346299, 34.911965435 ], [ 137.095310466, 34.911894016 ], [ 137.095374002999989, 34.911820402 ], [ 137.095476323000014, 34.911710733 ], [ 137.095452118, 34.91156832 ], [ 137.095399335, 34.911253923 ], [ 137.095353584, 34.911008151 ], [ 137.09532319600001, 34.910840637 ], [ 137.095308167000013, 34.910756609 ], [ 137.095295322, 34.910677902 ], [ 137.095284095000011, 34.910625248 ], [ 137.09527419, 34.910563491 ], [ 137.095259055000014, 34.910474956 ], [ 137.09524283799999, 34.910372267 ], [ 137.095213753, 34.910218096 ], [ 137.095197504, 34.910152368 ], [ 137.095166318, 34.910022806 ], [ 137.095149544, 34.909931656 ], [ 137.095120769, 34.909798399 ], [ 137.095116526, 34.909769369 ], [ 137.09511043, 34.909732855 ], [ 137.095059101, 34.909737512 ], [ 137.094978663, 34.909741792 ], [ 137.09490150900001, 34.909745893 ], [ 137.094816807, 34.909745573 ], [ 137.094804114, 34.909743582 ], [ 137.094792082999987, 34.909736273 ], [ 137.094777212, 34.909722021 ], [ 137.094766942, 34.909702813 ], [ 137.094751771, 34.909657369 ], [ 137.09472983, 34.909594162 ], [ 137.094749449, 34.909495731 ], [ 137.094724549, 34.909500855 ], [ 137.09455205, 34.909536361 ], [ 137.094449707, 34.909561993 ], [ 137.094330291, 34.909589056 ], [ 137.094316507, 34.909583008 ], [ 137.094265947, 34.909584871 ], [ 137.094208302999988, 34.909678501 ], [ 137.09421078, 34.909723577 ], [ 137.09424832900001, 34.909833942 ], [ 137.09425281599999, 34.909832863 ], [ 137.09427051599999, 34.909865597 ], [ 137.094266575, 34.909866676 ], [ 137.094286012, 34.909915639 ], [ 137.094321376000011, 34.910021224 ], [ 137.094327177999986, 34.910019154 ], [ 137.094330559000014, 34.910031777 ], [ 137.094333393, 34.91004485 ], [ 137.094254909999989, 34.910066259 ], [ 137.09425359799999, 34.910064184 ], [ 137.094048359, 34.910120134 ], [ 137.093885586999988, 34.910168537 ], [ 137.093797911, 34.910190391 ], [ 137.09368333, 34.910192756 ], [ 137.09365631099999, 34.910180209 ], [ 137.093607017000011, 34.910111757 ], [ 137.093593088, 34.910084758 ], [ 137.093555597, 34.910095409 ], [ 137.093328573, 34.910159458 ], [ 137.093268601, 34.910161134 ], [ 137.09320925899999, 34.910193552 ], [ 137.093161751999986, 34.910206685 ], [ 137.093127162, 34.91021622 ], [ 137.09307002599999, 34.910229167 ], [ 137.092661204, 34.910321952 ], [ 137.092510702, 34.910353502 ], [ 137.09253536, 34.910193594 ], [ 137.092540864999989, 34.910155554 ], [ 137.09254447699999, 34.910155557 ], [ 137.092575525, 34.909947062 ], [ 137.092600084, 34.90977363 ], [ 137.09261286, 34.909683219 ], [ 137.092643896999988, 34.909486714 ], [ 137.09267493499999, 34.909288676 ], [ 137.092688587999987, 34.90919529 ], [ 137.092686447, 34.909142192 ], [ 137.092691233000011, 34.909052226 ], [ 137.092693795, 34.909003006 ], [ 137.09269964, 34.908952076 ], [ 137.092703957999987, 34.908896096 ], [ 137.092703325, 34.908870494 ], [ 137.092699742, 34.908838849 ], [ 137.092684041000012, 34.908774203 ], [ 137.092674675000012, 34.908724435 ], [ 137.092657452, 34.908649331 ], [ 137.092644481, 34.908591808 ], [ 137.092634349, 34.908541139 ], [ 137.092620724, 34.908480731 ], [ 137.092580048, 34.90842036 ], [ 137.09248886899999, 34.90846866 ], [ 137.09239855199999, 34.90850791 ], [ 137.09236231700001, 34.908522402 ], [ 137.092312725, 34.908543647 ], [ 137.092235329, 34.908573889 ], [ 137.09218310899999, 34.908596124 ], [ 137.092138008, 34.908612594 ], [ 137.092110313, 34.908622132 ], [ 137.092083933999987, 34.908628517 ], [ 137.092029101, 34.908636416 ], [ 137.091978208, 34.908643777 ], [ 137.09189251399999, 34.908652829 ], [ 137.091786246999987, 34.90866232 ], [ 137.091623836999986, 34.90867493 ], [ 137.091511989, 34.908683426 ], [ 137.09142936, 34.908691398 ], [ 137.091318497, 34.908699623 ], [ 137.091309419, 34.908694839 ], [ 137.091254721000013, 34.908674612 ], [ 137.091181239, 34.908731901 ], [ 137.091132944, 34.908770094 ], [ 137.091052787, 34.908827018 ], [ 137.09095193600001, 34.908896009 ], [ 137.090904523, 34.908926901 ], [ 137.090885358, 34.908943025 ], [ 137.090827979000011, 34.908981753 ], [ 137.09078155099999, 34.909013096 ], [ 137.090748045, 34.90903426 ], [ 137.09069264499999, 34.909062983 ], [ 137.09063713899999, 34.90908837 ], [ 137.090590832, 34.909107002 ], [ 137.090539818, 34.909126442 ], [ 137.090476548999987, 34.909143801 ], [ 137.090426417, 34.90915603 ], [ 137.090380009, 34.909165557 ], [ 137.090350459, 34.909168964 ], [ 137.090311390000011, 34.909170562 ], [ 137.090305311, 34.909116829 ], [ 137.090276444000011, 34.909091389 ], [ 137.090145772999989, 34.908982408 ], [ 137.090069774, 34.908920247 ], [ 137.08986565399999, 34.908833035 ], [ 137.089787328999989, 34.908801884 ], [ 137.089719312999989, 34.908863683 ], [ 137.089694681, 34.908874305 ], [ 137.089465862, 34.908985133 ], [ 137.089382107, 34.909026548 ], [ 137.089373679, 34.909028165 ], [ 137.08935529499999, 34.909027432 ], [ 137.089175278, 34.908992367 ], [ 137.08842569, 34.909585074 ], [ 137.088181931, 34.909706248 ], [ 137.088115286, 34.909740092 ], [ 137.08779511899999, 34.909906885 ], [ 137.087650107, 34.909976629 ], [ 137.087664268999987, 34.910145883 ], [ 137.087679939999987, 34.910363053 ], [ 137.087487648, 34.910378965 ], [ 137.08667345399999, 34.911188868 ], [ 137.086819162000012, 34.911308483 ], [ 137.086946318, 34.911419359 ], [ 137.087091729, 34.911541317 ], [ 137.087192569, 34.911626862 ], [ 137.087294558, 34.911712724 ], [ 137.087411363, 34.911811188 ], [ 137.087446758999988, 34.911784662 ], [ 137.08754945699999, 34.91173641 ], [ 137.08763661, 34.911692744 ], [ 137.087736439, 34.911646824 ], [ 137.087748483000013, 34.911777827 ], [ 137.087756614999989, 34.911856352 ], [ 137.087759842, 34.91191486 ], [ 137.08776795899999, 34.912010513 ], [ 137.08777238, 34.912078849 ], [ 137.08777234199999, 34.912118424 ], [ 137.087769955999988, 34.912152823 ], [ 137.08816922, 34.912068919 ], [ 137.08829722199999, 34.912248343 ], [ 137.08841063700001, 34.912404292 ], [ 137.088522264, 34.912553885 ], [ 137.08838570399999, 34.912718922 ], [ 137.08875482799999, 34.91312426 ], [ 137.089737996, 34.913811882 ], [ 137.089468519, 34.914073719 ], [ 137.08972498599999, 34.914325279 ], [ 137.08987359, 34.914471829 ], [ 137.090162827, 34.914746171 ], [ 137.09127755599999, 34.9148433 ], [ 137.09133848499999, 34.914851577 ], [ 137.091494426, 34.914865133 ], [ 137.09167225499999, 34.914878729 ], [ 137.09177224199999, 34.914889203 ], [ 137.09190346299999, 34.914899551 ], [ 137.092177138000011, 34.914916622 ], [ 137.092303664000013, 34.914927473 ], [ 137.092408707, 34.914937408 ], [ 137.09251657199999, 34.914950293 ], [ 137.092584923, 34.914955978 ], [ 137.092693567999987, 34.914964897 ], [ 137.09276240299999, 34.914969356 ], [ 137.09280874800001, 34.914973152 ], [ 137.093059129000011, 34.914995823 ], [ 137.09315440099999, 34.915003976 ], [ 137.093303361000011, 34.915028947 ], [ 137.093370765, 34.915041546 ], [ 137.093456882999988, 34.915055345 ], [ 137.093546027, 34.915063422 ], [ 137.093652678000012, 34.915062468 ], [ 137.093755347000013, 34.915060384 ], [ 137.093851766, 34.915070944 ], [ 137.093934036, 34.915066955 ], [ 137.094115751, 34.915080766 ], [ 137.094179035, 34.915087772 ], [ 137.094442324999989, 34.915104435 ], [ 137.094602167, 34.915113184 ], [ 137.094737665999986, 34.915100968 ], [ 137.09492016199999, 34.915072905 ], [ 137.095147086999987, 34.915049257 ], [ 137.095576919, 34.91498371 ], [ 137.095935680999986, 34.914941594 ], [ 137.096308679, 34.914888957 ], [ 137.096302393, 34.914854805 ], [ 137.096248135, 34.914698005 ], [ 137.096120743, 34.914317324 ], [ 137.09603188299999, 34.914055571 ], [ 137.095989092999986, 34.913927445 ], [ 137.095928184, 34.913742514 ], [ 137.095925023, 34.913728179 ] ] ] } },
{ "type": "Feature", "properties": { "A29_001": "23212", "A29_002": "愛知県", "A29_003": "安城市", "A29_004": 3, "A29_005": "第一種中高層住居専用地域", "A29_006": 60, "A29_007": 150, "A29_008": null }, "geometry": { "type": "Polygon", "coordinates": [ [ [ 137.078413151, 34.950362797 ], [ 137.07842267, 34.950440268 ], [ 137.078425872999986, 34.950465395 ], [ 137.0784318, 34.950523995 ], [ 137.078440898999986, 34.950614979 ], [ 137.078443861000011, 34.950640034 ], [ 137.078771558999989, 34.950477266 ], [ 137.078964391, 34.950383191 ], [ 137.07907623599999, 34.950328624 ], [ 137.079885506000011, 34.949933807 ], [ 137.079301117, 34.94905585 ], [ 137.079077331, 34.949298963 ], [ 137.07896736699999, 34.94941842 ], [ 137.078515822000014, 34.949909472 ], [ 137.078444628, 34.949944659 ], [ 137.078398435, 34.949975384 ], [ 137.07839667799999, 34.95005209 ], [ 137.078396623, 34.950103501 ], [ 137.07839802699999, 34.950152209 ], [ 137.078399356, 34.950188946 ], [ 137.078402036999989, 34.950231326 ], [ 137.078406343000012, 34.950289682 ], [ 137.07841084, 34.950342999 ], [ 137.078413151, 34.950362797 ] ] ] } },
{ "type": "Feature", "properties": { "A29_001": "23212", "A29_002": "愛知県", "A29_003": "安城市", "A29_004": 5, "A29_005": "第一種住居地域", "A29_006": 60, "A29_007": 200, "A29_008": null }, "geometry": { "type": "Polygon", "coordinates": [ [ [ 137.085541511, 34.989045844 ], [ 137.085354896000013, 34.989170817 ], [ 137.085105475, 34.989335908 ], [ 137.08500222, 34.98940417 ], [ 137.084940958, 34.989433787 ], [ 137.084856618, 34.989471953 ], [ 137.084637648000012, 34.989559429 ], [ 137.084427893999987, 34.989642204 ], [ 137.083936034, 34.989829431 ], [ 137.084476682, 34.990848429 ], [ 137.084533639999989, 34.990950947 ], [ 137.084718751, 34.991273863 ], [ 137.08503367, 34.991775196 ], [ 137.085281830000014, 34.992194846 ], [ 137.08528332099999, 34.992194252 ], [ 137.08559766799999, 34.992082463 ], [ 137.086066163999988, 34.991904202 ], [ 137.08639941199999, 34.991796318 ], [ 137.087027911, 34.991598128 ], [ 137.087551100000013, 34.99143771 ], [ 137.087846383, 34.991347168 ], [ 137.08766406, 34.991085289 ], [ 137.087006368, 34.990248417 ], [ 137.086855114, 34.990056105 ], [ 137.086778382, 34.990088823 ], [ 137.08661818499999, 34.990183435 ], [ 137.086599807999988, 34.99019013 ], [ 137.08569991600001, 34.98904594 ], [ 137.085644196, 34.988976048 ], [ 137.085541511, 34.989045844 ] ] ] } },
{ "type": "Feature", "properties": { "A29_001": "23212", "A29_002": "愛知県", "A29_003": "安城市", "A29_004": 5, "A29_005": "第一種住居地域", "A29_006": 60, "A29_007": 200, "A29_008": null }, "geometry": { "type": "Polygon", "coordinates": [ [ [ 137.100813858, 34.997520527 ], [ 137.10053964, 34.996813506 ], [ 137.100203746, 34.996845171 ], [ 137.10018856100001, 34.996846191 ], [ 137.10009323700001, 34.996852566 ], [ 137.099837337999986, 34.996867273 ], [ 137.099740020000013, 34.996872222 ], [ 137.09940932, 34.99688814 ], [ 137.099259939, 34.996899244 ], [ 137.09895537599999, 34.996916293 ], [ 137.098842303, 34.996923838 ], [ 137.098582469, 34.996940911 ], [ 137.098480998000014, 34.99694867 ], [ 137.09816831099999, 34.996986211 ], [ 137.098061311, 34.997001927 ], [ 137.097962961, 34.997022488 ], [ 137.097423142999986, 34.997137714 ], [ 137.097289123, 34.997172579 ], [ 137.096884585, 34.99726418 ], [ 137.09674022499999, 34.997296874 ], [ 137.09664042599999, 34.997333309 ], [ 137.096503447, 34.997381242 ], [ 137.09646800199999, 34.997387469 ], [ 137.096536124000011, 34.997434295 ], [ 137.096561568999988, 34.997451212 ], [ 137.097118435, 34.99788177 ], [ 137.097402609999989, 34.998103713 ], [ 137.097766627, 34.998405796 ], [ 137.097888149, 34.998515232 ], [ 137.100935584000013, 34.998227971 ], [ 137.10269181699999, 34.998062389 ], [ 137.102512904, 34.997169538 ], [ 137.102473303000011, 34.996956553 ], [ 137.101934637999989, 34.997077263 ], [ 137.101997458, 34.997281534 ], [ 137.101391080000013, 34.997439752 ], [ 137.10136413399999, 34.997379239 ], [ 137.100936174999987, 34.997489123 ], [ 137.100813858, 34.997520527 ] ] ] } },
{ "type": "Feature", "properties": { "A29_001": "23212", "A29_002": "愛知県", "A29_003": "安城市", "A29_004": 5, "A29_005": "第一種住居地域", "A29_006": 60, "A29_007": 200, "A29_008": null }, "geometry": { "type": "Polygon", "coordinates": [ [ [ 137.080366744, 34.98855337 ], [ 137.080712648, 34.988855312 ], [ 137.080355880000013, 34.989042142 ], [ 137.07964127, 34.98942127 ], [ 137.079315452, 34.989588467 ], [ 137.079034279000012, 34.989736647 ], [ 137.07877309700001, 34.989874294 ], [ 137.07807749599999, 34.990247431 ], [ 137.07903223400001, 34.991655362 ], [ 137.079109396, 34.991769148 ], [ 137.079264948, 34.991778662 ], [ 137.080484211, 34.9909497 ], [ 137.081076043, 34.990593071 ], [ 137.081298108999988, 34.990464109 ], [ 137.082695472000012, 34.989618806 ], [ 137.083216752999988, 34.98932624 ], [ 137.083013154000014, 34.989044065 ], [ 137.082584704999988, 34.988439664 ], [ 137.082256943, 34.988610563 ], [ 137.08132864800001, 34.987414459 ], [ 137.081944349, 34.98713601 ], [ 137.082032109000011, 34.987094126 ], [ 137.081321175, 34.986382589 ], [ 137.081313711, 34.986387173 ], [ 137.08122168700001, 34.986294346 ], [ 137.081199424, 34.986268377 ], [ 137.081012875, 34.986077583 ], [ 137.08098886799999, 34.986053227 ], [ 137.08082582599999, 34.985894695 ], [ 137.080802791999986, 34.985872034 ], [ 137.080030263, 34.985111803 ], [ 137.080406393, 34.984808832 ], [ 137.081011466, 34.984317452 ], [ 137.079697145000011, 34.982627548 ], [ 137.079130426, 34.983662477 ], [ 137.079040577, 34.983826553 ], [ 137.07790916499999, 34.985892598 ], [ 137.077659993999987, 34.986347598 ], [ 137.07774362399999, 34.98640886 ], [ 137.077829407, 34.986465599 ], [ 137.0779139, 34.986518541 ], [ 137.07804328200001, 34.986602401 ], [ 137.078165885, 34.986684344 ], [ 137.078198218000011, 34.986706796 ], [ 137.078255954000014, 34.986748189 ], [ 137.07865991, 34.987109938 ], [ 137.079036725, 34.987441331 ], [ 137.079197639, 34.987582844 ], [ 137.079650479, 34.987965079 ], [ 137.079950198, 34.988192168 ], [ 137.080366744, 34.98855337 ] ] ] } },
{ "type": "Feature", "properties": { "A29_001": "23212", "A29_002": "愛知県", "A29_003": "安城市", "A29_004": 5, "A29_005": "第一種住居地域", "A29_006": 60, "A29_007": 200, "A29_008": null }, "geometry": { "type": "Polygon", "coordinates": [ [ [ 137.093075258, 34.986474345 ], [ 137.093668562, 34.986287629 ], [ 137.093509712000014, 34.985943557 ], [ 137.093608921999987, 34.98590306 ], [ 137.093646275999987, 34.985887811 ], [ 137.093653862, 34.985880442 ], [ 137.09455138199999, 34.985008115 ], [ 137.094331747000012, 34.984481225 ], [ 137.09432961600001, 34.984476347 ], [ 137.092935955, 34.985026482 ], [ 137.091907354999989, 34.985433644 ], [ 137.090894467999988, 34.985870349 ], [ 137.090874909, 34.985878739 ], [ 137.090822179000014, 34.985901351 ], [ 137.090374462, 34.986093355 ], [ 137.090177657999988, 34.986176591 ], [ 137.089993103000012, 34.986257724 ], [ 137.088841529, 34.98686107 ], [ 137.088043812, 34.98727958 ], [ 137.087089924999987, 34.987860699 ], [ 137.087118567, 34.987897732 ], [ 137.087521427000013, 34.988419508 ], [ 137.088508604999987, 34.988046098 ], [ 137.089664941, 34.987606322 ], [ 137.090273586, 34.987371962 ], [ 137.090758112, 34.987171436 ], [ 137.091309677, 34.986977547 ], [ 137.09172336200001, 34.986836524 ], [ 137.092460475, 34.986681869 ], [ 137.092556906, 34.986637693 ], [ 137.09277727, 34.986566033 ], [ 137.09286605299999, 34.986818329 ], [ 137.093049192, 34.987338763 ], [ 137.09305543100001, 34.98735649 ], [ 137.09312770299999, 34.98761486 ], [ 137.093229944, 34.987983941 ], [ 137.09327037599999, 34.988216194 ], [ 137.093396433, 34.989051018 ], [ 137.093417455, 34.989233895 ], [ 137.093441711, 34.989488721 ], [ 137.093482404000014, 34.989748514 ], [ 137.09353050199999, 34.990008276 ], [ 137.09354180599999, 34.99005763 ], [ 137.093580167, 34.990181083 ], [ 137.09388167899999, 34.990119486 ], [ 137.09385467300001, 34.989988206 ], [ 137.09377983499999, 34.989567317 ], [ 137.093713484, 34.989051218 ], [ 137.093578044, 34.98818243 ], [ 137.093535378000013, 34.987937384 ], [ 137.093450751, 34.987577852 ], [ 137.09333403, 34.987170612 ], [ 137.09325714799999, 34.986935046 ], [ 137.093075258, 34.986474345 ] ] ] } },
{ "type": "Feature", "properties": { "A29_001": "23212", "A29_002": "愛知県", "A29_003": "安城市", "A29_004": 5, "A29_005": "第一種住居地域", "A29_006": 60, "A29_007": 200, "A29_008": null }, "geometry": { "type": "Polygon", "coordinates": [ [ [ 137.048046097999986, 34.976288077 ], [ 137.049094201, 34.975824485 ], [ 137.049922763000012, 34.975494992 ], [ 137.050227623000012, 34.97537418 ], [ 137.052393166, 34.974522223 ], [ 137.05335374399999, 34.974141799 ], [ 137.053459268000012, 34.974100429 ], [ 137.05417388699999, 34.973817732 ], [ 137.05451766600001, 34.973682162 ], [ 137.054516304, 34.974231719 ], [ 137.054576792, 34.974207119 ], [ 137.054581866, 34.974687386 ], [ 137.05456466199999, 34.97472662 ], [ 137.054515363, 34.974777463 ], [ 137.054419091, 34.97488401 ], [ 137.054172112, 34.975139918 ], [ 137.053833309999987, 34.975498643 ], [ 137.053629137, 34.975716007 ], [ 137.053618094, 34.975742049 ], [ 137.053234285, 34.976147653 ], [ 137.052893391, 34.976532148 ], [ 137.05229843, 34.97718616 ], [ 137.051763912000013, 34.977757335 ], [ 137.05165981799999, 34.977727416 ], [ 137.051541842, 34.977693427 ], [ 137.05141613, 34.977662171 ], [ 137.05126457099999, 34.977630493 ], [ 137.051143302000014, 34.977609292 ], [ 137.05099924699999, 34.977584698 ], [ 137.050850989999986, 34.977564778 ], [ 137.050697498, 34.977544754 ], [ 137.050492846999987, 34.977525492 ], [ 137.050314036, 34.977518957 ], [ 137.05015119, 34.977514582 ], [ 137.050064617, 34.977511073 ], [ 137.049952115, 34.977509685 ], [ 137.049644414999989, 34.977519882 ], [ 137.049465196, 34.977530328 ], [ 137.049263819, 34.977549777 ], [ 137.049213849000012, 34.977553758 ], [ 137.04895831799999, 34.977592049 ], [ 137.048764912, 34.977628047 ], [ 137.048505440000014, 34.977687562 ], [ 137.048364920000012, 34.97772591 ], [ 137.04822840599999, 34.977766253 ], [ 137.048019169000014, 34.977835489 ], [ 137.04785692199999, 34.97789426 ], [ 137.04775625100001, 34.977944193 ], [ 137.04506723, 34.979028584 ], [ 137.044544675, 34.9781171 ], [ 137.044353731, 34.978211969 ], [ 137.04445302100001, 34.978384882 ], [ 137.04446195599999, 34.978393915 ], [ 137.04468548299999, 34.978780503 ], [ 137.044620048000013, 34.979041793 ], [ 137.044842851999988, 34.979429282 ], [ 137.04458721099999, 34.979463002 ], [ 137.04418863399999, 34.97952089 ], [ 137.044188598, 34.979529769 ], [ 137.044176007, 34.979541746 ], [ 137.043857467, 34.97959536 ], [ 137.043637276999988, 34.979608091 ], [ 137.043616176, 34.979612181 ], [ 137.0434148, 34.979692325 ], [ 137.04339171699999, 34.979739981 ], [ 137.04325259399999, 34.979821071 ], [ 137.04332600699999, 34.979874693 ], [ 137.043412159000013, 34.979890404 ], [ 137.04352006, 34.979857456 ], [ 137.043546303999989, 34.979834576 ], [ 137.043547431, 34.979835235 ], [ 137.044078923, 34.979644281 ], [ 137.044735051, 34.97963252 ], [ 137.04480534699999, 34.979764332 ], [ 137.044881573999987, 34.979944163 ], [ 137.044913193000014, 34.980056527 ], [ 137.044932872, 34.980154646 ], [ 137.044942378, 34.980236699 ], [ 137.044944643, 34.980312172 ], [ 137.04493941199999, 34.980412952 ], [ 137.044914258, 34.980683983 ], [ 137.044922998, 34.980683658 ], [ 137.044996422, 34.980686796 ], [ 137.045006042000011, 34.98068412 ], [ 137.04502401799999, 34.980675285 ], [ 137.04518391900001, 34.98056387 ], [ 137.045199228, 34.980573107 ], [ 137.045251656, 34.980545646 ], [ 137.045273592, 34.980569251 ], [ 137.045389296, 34.980518595 ], [ 137.04540552200001, 34.980515366 ], [ 137.04547421, 34.98052829 ], [ 137.045535156999989, 34.980502262 ], [ 137.045546024, 34.980493493 ], [ 137.045558363, 34.980318069 ], [ 137.04555499, 34.980206445 ], [ 137.045541426999989, 34.980089501 ], [ 137.04551552800001, 34.979960275 ], [ 137.04547525800001, 34.979802008 ], [ 137.045371799, 34.97955637 ], [ 137.045318677000012, 34.979461382 ], [ 137.04551546, 34.979381852 ], [ 137.048032846000012, 34.978361045 ], [ 137.048122908000011, 34.978316375 ], [ 137.048242867, 34.978272924 ], [ 137.04843341099999, 34.978209871 ], [ 137.048553096, 34.978174514 ], [ 137.048673665, 34.978141601 ], [ 137.048905967, 34.978088324 ], [ 137.04907359500001, 34.978057124 ], [ 137.049293371, 34.97802418 ], [ 137.049325181, 34.978021651 ], [ 137.049519186999987, 34.978002907 ], [ 137.049676368, 34.977993747 ], [ 137.049959546999986, 34.977984364 ], [ 137.05004607, 34.977985439 ], [ 137.050127628000013, 34.977988745 ], [ 137.05029186499999, 34.977993148 ], [ 137.050447240000011, 34.977998823 ], [ 137.050619565, 34.978015052 ], [ 137.05075943599999, 34.978033305 ], [ 137.05089422399999, 34.9780514 ], [ 137.051024834, 34.978073701 ], [ 137.05113366399999, 34.978092736 ], [ 137.051261759999988, 34.978119514 ], [ 137.051364995, 34.978145169 ], [ 137.051396493, 34.978153736 ], [ 137.05032794600001, 34.979299863 ], [ 137.050567531000013, 34.979318393 ], [ 137.05064536, 34.979287357 ], [ 137.051053521999989, 34.979365156 ], [ 137.051059358, 34.979366559 ], [ 137.051214961, 34.97919558 ], [ 137.05159358, 34.978782666 ], [ 137.051664592, 34.978715393 ], [ 137.05210247799999, 34.978241992 ], [ 137.052227571, 34.978097089 ], [ 137.052922779, 34.977330018 ], [ 137.05299897099999, 34.977261162 ], [ 137.053339075, 34.976879705 ], [ 137.05341169, 34.976823638 ], [ 137.053484389, 34.976737831 ], [ 137.05383909299999, 34.97636861 ], [ 137.054170938999988, 34.976013565 ], [ 137.054301595, 34.975856576 ], [ 137.054616474999989, 34.975499333 ], [ 137.05471764699999, 34.975389175 ], [ 137.054859794, 34.975236416 ], [ 137.054967373000011, 34.975134648 ], [ 137.055648149, 34.974408772 ], [ 137.05596874, 34.97406425 ], [ 137.056037505, 34.973992735 ], [ 137.056481573000013, 34.973526895 ], [ 137.056721871, 34.973270913 ], [ 137.056896443999989, 34.97310592 ], [ 137.05714869900001, 34.972833451 ], [ 137.05759200599999, 34.972353904 ], [ 137.057815962, 34.972110436 ], [ 137.057895368, 34.972023514 ], [ 137.058170101, 34.97172456 ], [ 137.058150987, 34.971619511 ], [ 137.057964558, 34.971693753 ], [ 137.057728031000011, 34.971787943 ], [ 137.057420632, 34.971909745 ], [ 137.057275143, 34.971140366 ], [ 137.057280071, 34.970934698 ], [ 137.057383886, 34.969091721 ], [ 137.05738599599999, 34.969069691 ], [ 137.05725809399999, 34.969054331 ], [ 137.057153742999986, 34.969043402 ], [ 137.056477081, 34.968972519 ], [ 137.056403252, 34.969059193 ], [ 137.056218292000011, 34.969282537 ], [ 137.056125326, 34.969388764 ], [ 137.05593694800001, 34.969579083 ], [ 137.055747438999987, 34.96974599 ], [ 137.05555752, 34.969884374 ], [ 137.055327016, 34.970028777 ], [ 137.054997742000012, 34.970228919 ], [ 137.054884671, 34.970291485 ], [ 137.054805124000012, 34.970328625 ], [ 137.054666244, 34.970380062 ], [ 137.054597973, 34.970926627 ], [ 137.05445417199999, 34.97216882 ], [ 137.054458797, 34.972351049 ], [ 137.05446496, 34.972594039 ], [ 137.054175415, 34.972683973 ], [ 137.05282806400001, 34.973102085 ], [ 137.051227035000011, 34.973728812 ], [ 137.050327046, 34.974096297 ], [ 137.04793685300001, 34.975131908 ], [ 137.047285108000011, 34.97537849 ], [ 137.04705511200001, 34.975492228 ], [ 137.047022945, 34.975508135 ], [ 137.046906508, 34.975579047 ], [ 137.04708554199999, 34.975843158 ], [ 137.047101520000012, 34.975866729 ], [ 137.04686536599999, 34.975936469 ], [ 137.046843346, 34.975948212 ], [ 137.04659613199999, 34.976293729 ], [ 137.04544350099999, 34.976795148 ], [ 137.045578535, 34.977001441 ], [ 137.045033593, 34.977214736 ], [ 137.04512993099999, 34.97739181 ], [ 137.045661206, 34.977200948 ], [ 137.046775929, 34.976778757 ], [ 137.048046097999986, 34.976288077 ] ] ] } },
{ "type": "Feature", "properties": { "A29_001": "23212", "A29_002": "愛知県", "A29_003": "安城市", "A29_004": 5, "A29_005": "第一種住居地域", "A29_006": 60, "A29_007": 200, "A29_008": null }, "geometry": { "type": "Polygon", "coordinates": [ [ [ 137.069030741, 34.978173387 ], [ 137.06908983, 34.978108357 ], [ 137.069356158, 34.977815266 ], [ 137.06972076, 34.977411084 ], [ 137.07036051, 34.976729472 ], [ 137.070937640000011, 34.976110704 ], [ 137.070940337, 34.976107849 ], [ 137.070773007000014, 34.975874478 ], [ 137.071113239999988, 34.975513398 ], [ 137.07154359899999, 34.975035322 ], [ 137.071441936000014, 34.974964981 ], [ 137.07136138199999, 34.97501358 ], [ 137.071369256999986, 34.975022871 ], [ 137.071300975000014, 34.975065728 ], [ 137.07120716599999, 34.975116678 ], [ 137.071150845, 34.975140883 ], [ 137.071153358, 34.975145663 ], [ 137.071058144, 34.975161382 ], [ 137.070725874, 34.975513092 ], [ 137.070506878, 34.975744896 ], [ 137.069719896, 34.976583374 ], [ 137.069082608, 34.977263118 ], [ 137.068811704000012, 34.977536777 ], [ 137.06867374699999, 34.977674367 ], [ 137.068351694, 34.978010898 ], [ 137.068385885, 34.978040323 ], [ 137.06839089499999, 34.97803655 ], [ 137.068455392, 34.978093323 ], [ 137.068465085000014, 34.978203329 ], [ 137.068420929000013, 34.97825483 ], [ 137.068325410999989, 34.978374776 ], [ 137.068512922, 34.978454221 ], [ 137.068573679, 34.978488599 ], [ 137.06858160499999, 34.97850064 ], [ 137.068592314, 34.978512377 ], [ 137.068625728, 34.978642135 ], [ 137.06869468, 34.978555027 ], [ 137.068779416000012, 34.978447973 ], [ 137.069030741, 34.978173387 ] ] ] } },
{ "type": "Feature", "properties": { "A29_001": "23212", "A29_002": "愛知県", "A29_003": "安城市", "A29_004": 5, "A29_005": "第一種住居地域", "A29_006": 60, "A29_007": 200, "A29_008": null }, "geometry": { "type": "Polygon", "coordinates": [ [ [ 137.054797283999989, 34.978624098 ], [ 137.054654027, 34.978903784 ], [ 137.054991285, 34.979004979 ], [ 137.054810104000012, 34.979409412 ], [ 137.054255301000012, 34.980616229 ], [ 137.05438118699999, 34.980660797 ], [ 137.05452259899999, 34.980700953 ], [ 137.054679902, 34.980734255 ], [ 137.05481438000001, 34.980751714 ], [ 137.054944572000011, 34.980762805 ], [ 137.055156969, 34.98076337 ], [ 137.055353679, 34.980749649 ], [ 137.05596232100001, 34.980689843 ], [ 137.056222168, 34.980664171 ], [ 137.05629561500001, 34.980576155 ], [ 137.05633180800001, 34.980539948 ], [ 137.056399233, 34.980459003 ], [ 137.056529568, 34.980330598 ], [ 137.05662780099999, 34.980233814 ], [ 137.057045778, 34.979767787 ], [ 137.057139608999989, 34.979661119 ], [ 137.057301593, 34.979476976 ], [ 137.05790948399999, 34.978792625 ], [ 137.057936289, 34.978764523 ], [ 137.058369175, 34.978285325 ], [ 137.05854907299999, 34.978082626 ], [ 137.058760889000013, 34.977861547 ], [ 137.058791805, 34.977830482 ], [ 137.059465757, 34.977146516 ], [ 137.059506107, 34.977103587 ], [ 137.060158228, 34.976446777 ], [ 137.060197125, 34.976409373 ], [ 137.061097554000014, 34.975505149 ], [ 137.061363718, 34.975227626 ], [ 137.06139793, 34.975195022 ], [ 137.061576456000012, 34.975017856 ], [ 137.061581821, 34.975019033 ], [ 137.061758158, 34.974841053 ], [ 137.061755095, 34.974838166 ], [ 137.062052491, 34.974542288 ], [ 137.062444594, 34.974180321 ], [ 137.062802514, 34.973825446 ], [ 137.06303409099999, 34.973618006 ], [ 137.064426706, 34.973720179 ], [ 137.064523742, 34.973718278 ], [ 137.064547874, 34.973599844 ], [ 137.064585975999989, 34.973254971 ], [ 137.064588307, 34.973230182 ], [ 137.064686725, 34.972360069 ], [ 137.064707676000012, 34.972174833 ], [ 137.064714169000013, 34.972149417 ], [ 137.064808943, 34.971469773 ], [ 137.0645788, 34.971712952 ], [ 137.064571375000014, 34.971721266 ], [ 137.064180963000013, 34.972158226 ], [ 137.064052253999989, 34.972302453 ], [ 137.064001356, 34.972359492 ], [ 137.063956961, 34.972409234 ], [ 137.063424110999989, 34.972997329 ], [ 137.062886311, 34.973587987 ], [ 137.062781244, 34.973401977 ], [ 137.062326745, 34.97261275 ], [ 137.06219042399999, 34.972357947 ], [ 137.062111288000011, 34.972210037 ], [ 137.061713727000011, 34.97152604 ], [ 137.061672442, 34.971455022 ], [ 137.061609809, 34.971352326 ], [ 137.061514192, 34.9711884 ], [ 137.060453902, 34.971139942 ], [ 137.060474957, 34.9713979 ], [ 137.060513106, 34.971649148 ], [ 137.060566851, 34.972001511 ], [ 137.06059393699999, 34.972356563 ], [ 137.060602757999987, 34.972472095 ], [ 137.060555525000012, 34.972725513 ], [ 137.060478673, 34.97299048 ], [ 137.060432416999987, 34.973123281 ], [ 137.06024973800001, 34.973319878 ], [ 137.059494073, 34.973191988 ], [ 137.059206804000013, 34.974099386 ], [ 137.05907842799999, 34.974097397 ], [ 137.05888034, 34.974088459 ], [ 137.058615988000014, 34.974108958 ], [ 137.058443853, 34.974144044 ], [ 137.058328934, 34.974177548 ], [ 137.058076964, 34.974275936 ], [ 137.057928723, 34.974346777 ], [ 137.057857052, 34.974388676 ], [ 137.0577604, 34.974455128 ], [ 137.057683878, 34.974513619 ], [ 137.057537055000012, 34.974645743 ], [ 137.057145709, 34.975079235 ], [ 137.056764648000012, 34.975501323 ], [ 137.055124302, 34.977310109 ], [ 137.054814365, 34.977652881 ], [ 137.054267845999988, 34.978457512 ], [ 137.054797283999989, 34.978624098 ] ], [ [ 137.05486921799999, 34.978496957 ], [ 137.05495179799999, 34.978345134 ], [ 137.055252345000014, 34.977958253 ], [ 137.05549067699999, 34.978099435 ], [ 137.055935906, 34.977628289 ], [ 137.055966739000013, 34.977594007 ], [ 137.05558278, 34.977358533 ], [ 137.05591912599999, 34.976985854 ], [ 137.056186145, 34.976691549 ], [ 137.056528584, 34.976312411 ], [ 137.056785706, 34.976028372 ], [ 137.057130742999988, 34.975651001 ], [ 137.057144969, 34.975635418 ], [ 137.057266946, 34.975501767 ], [ 137.05739438399999, 34.975362135 ], [ 137.057730888, 34.974990128 ], [ 137.05781009099999, 34.974893073 ], [ 137.057932182, 34.974778948 ], [ 137.058026297999987, 34.974716524 ], [ 137.058120347, 34.974655758 ], [ 137.058198823, 34.974610664 ], [ 137.058251536, 34.974584839 ], [ 137.058330766000012, 34.974549572 ], [ 137.058401443, 34.974521959 ], [ 137.058476934, 34.974497687 ], [ 137.058591861999986, 34.974466508 ], [ 137.058946536, 34.974680653 ], [ 137.058969321, 34.974677338 ], [ 137.05923134599999, 34.974385293 ], [ 137.05989456899999, 34.97478809 ], [ 137.060449491000014, 34.975124801 ], [ 137.060093024, 34.975504271 ], [ 137.05895673399999, 34.976729286 ], [ 137.05796124, 34.97778575 ], [ 137.057688911000014, 34.978072139 ], [ 137.057140944999986, 34.978658372 ], [ 137.05677130399999, 34.979053822 ], [ 137.055678977000014, 34.978737095 ], [ 137.05486921799999, 34.978496957 ] ] ] } },
{ "type": "Feature", "properties": { "A29_001": "23212", "A29_002": "愛知県", "A29_003": "安城市", "A29_004": 5, "A29_005": "第一種住居地域", "A29_006": 60, "A29_007": 200, "A29_008": null }, "geometry": { "type": "Polygon", "coordinates": [ [ [ 137.084922432000013, 34.980278795 ], [ 137.08445122399999, 34.980210514 ], [ 137.084419916, 34.981398585 ], [ 137.084733846, 34.981433864 ], [ 137.08470707399999, 34.981887568 ], [ 137.084691428000014, 34.982354964 ], [ 137.084660608, 34.983648606 ], [ 137.084643986, 34.984346725 ], [ 137.084828765, 34.984361669 ], [ 137.085141341999986, 34.984392638 ], [ 137.085551141, 34.984402234 ], [ 137.08579430399999, 34.984447317 ], [ 137.08587251099999, 34.984458989 ], [ 137.085951490000014, 34.984475818 ], [ 137.086044148000013, 34.984504925 ], [ 137.086118035, 34.984531757 ], [ 137.08614567, 34.984543179 ], [ 137.086224096, 34.984588151 ], [ 137.086351481, 34.984669585 ], [ 137.086454018000012, 34.984745701 ], [ 137.086506694, 34.984789223 ], [ 137.08657346699999, 34.984855724 ], [ 137.086601597, 34.984887168 ], [ 137.086662045, 34.984959082 ], [ 137.086726121, 34.985061559 ], [ 137.08676673299999, 34.985144224 ], [ 137.086794319, 34.985218271 ], [ 137.086814092, 34.985283704 ], [ 137.08682601699999, 34.985354721 ], [ 137.086832191000013, 34.985436931 ], [ 137.086834684, 34.98557768 ], [ 137.086818413, 34.985673226 ], [ 137.08680009, 34.985738625 ], [ 137.08674622800001, 34.985865995 ], [ 137.08674044599999, 34.985876088 ], [ 137.086727466000013, 34.985898724 ], [ 137.086680384, 34.985980863 ], [ 137.086617647, 34.98607691 ], [ 137.086718006000012, 34.986176048 ], [ 137.086826112000011, 34.98610309 ], [ 137.086976472, 34.985989711 ], [ 137.087090749999987, 34.985898963 ], [ 137.087114527000011, 34.985880083 ], [ 137.08711847399999, 34.985876336 ], [ 137.087230521, 34.985769945 ], [ 137.087306525, 34.985693712 ], [ 137.08740229, 34.985592854 ], [ 137.08754559499999, 34.985421343 ], [ 137.087655283, 34.985273347 ], [ 137.087727932, 34.985153606 ], [ 137.087810268999988, 34.985015923 ], [ 137.087891301000013, 34.984857118 ], [ 137.087942020000014, 34.984737849 ], [ 137.08799473799999, 34.984601716 ], [ 137.088057787999986, 34.984392623 ], [ 137.088111854, 34.984162854 ], [ 137.08817014600001, 34.983900589 ], [ 137.088269555000011, 34.983421149 ], [ 137.088362417000013, 34.982982371 ], [ 137.088464531, 34.982513228 ], [ 137.088561368, 34.982050643 ], [ 137.088658423, 34.981600004 ], [ 137.088745718000013, 34.981183434 ], [ 137.088835012, 34.980772995 ], [ 137.088868735, 34.980611319 ], [ 137.088551736999989, 34.980600559 ], [ 137.088239777000013, 34.980591415 ], [ 137.087498676, 34.980567892 ], [ 137.08670580099999, 34.980545007 ], [ 137.086569677999989, 34.980536101 ], [ 137.086320306, 34.980488681 ], [ 137.08583591499999, 34.980413979 ], [ 137.084922432000013, 34.980278795 ] ] ] } },
{ "type": "Feature", "properties": { "A29_001": "23212", "A29_002": "愛知県", "A29_003": "安城市", "A29_004": 5, "A29_005": "第一種住居地域", "A29_006": 60, "A29_007": 200, "A29_008": null }, "geometry": { "type": "Polygon", "coordinates": [ [ [ 137.08404832299999, 34.983582312 ], [ 137.084073671999988, 34.982357998 ], [ 137.08405713499999, 34.982093602 ], [ 137.08406003799999, 34.981624458 ], [ 137.083582498, 34.981571693 ], [ 137.083415327000012, 34.981546499 ], [ 137.083261407, 34.981523298 ], [ 137.083075095999988, 34.981502292 ], [ 137.082981461, 34.981490427 ], [ 137.082871742, 34.981471564 ], [ 137.082769694, 34.981450111 ], [ 137.082579684, 34.981394755 ], [ 137.082458811, 34.981347966 ], [ 137.082330141, 34.981290074 ], [ 137.082259494, 34.981259131 ], [ 137.082192491, 34.981230201 ], [ 137.082034341999986, 34.981134291 ], [ 137.081932435999988, 34.981060461 ], [ 137.081691138999986, 34.98085262 ], [ 137.080039317, 34.982131125 ], [ 137.080968356999989, 34.983325672 ], [ 137.08285246599999, 34.983502279 ], [ 137.082854282, 34.983489368 ], [ 137.084047844999986, 34.983599867 ], [ 137.08404832299999, 34.983582312 ] ] ] } },
{ "type": "Feature", "properties": { "A29_001": "23212", "A29_002": "愛知県", "A29_003": "安城市", "A29_004": 5, "A29_005": "第一種住居地域", "A29_006": 60, "A29_007": 200, "A29_008": null }, "geometry": { "type": "Polygon", "coordinates": [ [ [ 137.083949732, 34.972778183 ], [ 137.083256374, 34.972551717 ], [ 137.082922099, 34.972417293 ], [ 137.082882024000014, 34.972516266 ], [ 137.082962923, 34.972895077 ], [ 137.082984073, 34.97295769 ], [ 137.082527778000014, 34.973437962 ], [ 137.083410762999989, 34.973848328 ], [ 137.084248816000013, 34.974230441 ], [ 137.08496122599999, 34.97456674 ], [ 137.084964203, 34.974557628 ], [ 137.085063163, 34.97425113 ], [ 137.08530816699999, 34.973490312 ], [ 137.084866675, 34.973291483 ], [ 137.08432332699999, 34.972989905 ], [ 137.084094111000013, 34.972874685 ], [ 137.083983604, 34.972813165 ], [ 137.083949732, 34.972778183 ] ] ] } },
{ "type": "Feature", "properties": { "A29_001": "23212", "A29_002": "愛知県", "A29_003": "安城市", "A29_004": 5, "A29_005": "第一種住居地域", "A29_006": 60, "A29_007": 200, "A29_008": null }, "geometry": { "type": "Polygon", "coordinates": [ [ [ 137.06759306399999, 34.97113149 ], [ 137.068974250999986, 34.971244229 ], [ 137.069011373, 34.971247144 ], [ 137.069131335, 34.971258293 ], [ 137.068653009, 34.97053586 ], [ 137.068610274, 34.970463617 ], [ 137.068499008, 34.970279446 ], [ 137.068470916, 34.9702348 ], [ 137.06841879800001, 34.970134153 ], [ 137.068395181, 34.970102492 ], [ 137.068182626, 34.969817092 ], [ 137.06818701, 34.969814752 ], [ 137.06793495, 34.969397253 ], [ 137.06777192199999, 34.96929291 ], [ 137.067753431999989, 34.969278471 ], [ 137.067614359, 34.969180006 ], [ 137.06760942599999, 34.969184329 ], [ 137.067368808999987, 34.969016097 ], [ 137.067321654000011, 34.968979098 ], [ 137.066482602, 34.968320348 ], [ 137.066298971, 34.968393442 ], [ 137.065698325, 34.968629582 ], [ 137.065159403, 34.968843846 ], [ 137.064844389, 34.968968717 ], [ 137.06446895799999, 34.969117767 ], [ 137.064337740000013, 34.969169861 ], [ 137.063402287, 34.969539541 ], [ 137.063902687, 34.969828835 ], [ 137.064235443, 34.969857035 ], [ 137.06525869, 34.969943759 ], [ 137.06700369, 34.970121983 ], [ 137.067133103, 34.970357474 ], [ 137.066137505, 34.970743091 ], [ 137.06578756, 34.970859902 ], [ 137.06565069199999, 34.970909731 ], [ 137.065517203000013, 34.970963879 ], [ 137.065424334999989, 34.971007515 ], [ 137.06529355399999, 34.971076323 ], [ 137.065126041000013, 34.971181377 ], [ 137.064952432000013, 34.971318157 ], [ 137.064934919, 34.971336659 ], [ 137.065623206, 34.971398705 ], [ 137.065734131999989, 34.971409345 ], [ 137.066574142, 34.971481166 ], [ 137.066620134, 34.971485441 ], [ 137.066988728000013, 34.971516575 ], [ 137.067416215, 34.971569301 ], [ 137.06755001799999, 34.971591226 ], [ 137.067546927, 34.971520638 ], [ 137.06759306399999, 34.97113149 ] ] ] } },
{ "type": "Feature", "properties": { "A29_001": "23212", "A29_002": "愛知県", "A29_003": "安城市", "A29_004": 5, "A29_005": "第一種住居地域", "A29_006": 60, "A29_007": 200, "A29_008": null }, "geometry": { "type": "Polygon", "coordinates": [ [ [ 137.081861387, 34.96644863 ], [ 137.0826644, 34.96597391 ], [ 137.083677822, 34.965371626 ], [ 137.08369081699999, 34.965363909 ], [ 137.083624644, 34.965328373 ], [ 137.083520631999988, 34.965264838 ], [ 137.083417204, 34.965198409 ], [ 137.083359666, 34.965232599 ], [ 137.083315446, 34.965255664 ], [ 137.083107332, 34.965379204 ], [ 137.08307495299999, 34.965398708 ], [ 137.08304376800001, 34.965416473 ], [ 137.08297636899999, 34.965457182 ], [ 137.082966058000011, 34.965463413 ], [ 137.082662801, 34.965641895 ], [ 137.082009734, 34.966027968 ], [ 137.081444763, 34.966359128 ], [ 137.081382829, 34.966396523 ], [ 137.080576387, 34.966871727 ], [ 137.080294079999987, 34.967039472 ], [ 137.080234483999988, 34.9670817 ], [ 137.08000746499999, 34.967210981 ], [ 137.07999850499999, 34.967212453 ], [ 137.079891511, 34.967266493 ], [ 137.079817037, 34.967304851 ], [ 137.079764982, 34.967329298 ], [ 137.080015855, 34.967520978 ], [ 137.080143064999987, 34.967456713 ], [ 137.081861387, 34.96644863 ] ] ] } },
{ "type": "Feature", "properties": { "A29_001": "23212", "A29_002": "愛知県", "A29_003": "安城市", "A29_004": 5, "A29_005": "第一種住居地域", "A29_006": 60, "A29_007": 200, "A29_008": null }, "geometry": { "type": "Polygon", "coordinates": [ [ [ 137.084604662, 34.977705929 ], [ 137.08452016699999, 34.977966038 ], [ 137.084456644999989, 34.978150104 ], [ 137.084456393000011, 34.978150843 ], [ 137.084447643, 34.978171706 ], [ 137.085079979, 34.978255411 ], [ 137.08652866599999, 34.978460533 ], [ 137.087321261, 34.978570988 ], [ 137.08833625599999, 34.978709492 ], [ 137.08924462600001, 34.978841573 ], [ 137.089251459, 34.978808556 ], [ 137.08949568700001, 34.97766811 ], [ 137.089570055, 34.977305295 ], [ 137.089669312000012, 34.976841268 ], [ 137.089752499000014, 34.976450918 ], [ 137.089850611, 34.97599184 ], [ 137.089954126, 34.975527041 ], [ 137.089956666, 34.975516342 ], [ 137.089995800999986, 34.975325831 ], [ 137.090049996, 34.975074822 ], [ 137.090094497, 34.974859947 ], [ 137.090156095999987, 34.974571882 ], [ 137.090203925, 34.974346183 ], [ 137.090222479, 34.974262817 ], [ 137.090273142, 34.974027193 ], [ 137.09033383, 34.973729392 ], [ 137.090376378, 34.973540325 ], [ 137.09039296899999, 34.973459203 ], [ 137.09042589399999, 34.97330133 ], [ 137.090439796, 34.973237613 ], [ 137.090468488, 34.973109468 ], [ 137.090508578, 34.972914044 ], [ 137.090543344999986, 34.972752674 ], [ 137.090555095000013, 34.972695519 ], [ 137.090581500000013, 34.972576171 ], [ 137.090594560999989, 34.972510353 ], [ 137.090615817000014, 34.972404776 ], [ 137.090621865, 34.972379079 ], [ 137.090630452, 34.972342602 ], [ 137.090643296, 34.972273178 ], [ 137.09069875899999, 34.972020844 ], [ 137.090771464, 34.971679896 ], [ 137.090848865, 34.971317127 ], [ 137.09093812399999, 34.970897202 ], [ 137.09101467, 34.970533242 ], [ 137.091072763, 34.970264233 ], [ 137.091102553000013, 34.970119005 ], [ 137.09117129399999, 34.969798212 ], [ 137.091225971, 34.969538855 ], [ 137.091297303, 34.96919759 ], [ 137.09133618300001, 34.969002976 ], [ 137.091413412, 34.968571712 ], [ 137.091587354000012, 34.967619273 ], [ 137.091781938999986, 34.966541009 ], [ 137.090204166, 34.966945123 ], [ 137.090119136, 34.966963342 ], [ 137.089872214, 34.967020385 ], [ 137.089516151999987, 34.967091232 ], [ 137.08911643499999, 34.967188499 ], [ 137.08888846799999, 34.967234284 ], [ 137.088792652, 34.967251405 ], [ 137.088715291999989, 34.967241682 ], [ 137.088379247, 34.967162506 ], [ 137.088025361, 34.967509157 ], [ 137.087916551, 34.967452239 ], [ 137.08758306499999, 34.968503948 ], [ 137.08756668800001, 34.968554826 ], [ 137.08840605899999, 34.968966399 ], [ 137.088816463, 34.96916963 ], [ 137.08897686899999, 34.96924881 ], [ 137.089335842999986, 34.969434023 ], [ 137.08951939100001, 34.969523323 ], [ 137.089699579000012, 34.969611638 ], [ 137.08982233, 34.96967389 ], [ 137.08985757, 34.969709873 ], [ 137.090035591, 34.969833163 ], [ 137.090039598, 34.969846408 ], [ 137.090169206000013, 34.969941713 ], [ 137.09026266399999, 34.969978687 ], [ 137.090723707, 34.970335394 ], [ 137.090691064, 34.970486506 ], [ 137.090614439, 34.970850826 ], [ 137.090525256, 34.971270426 ], [ 137.090447864, 34.971633123 ], [ 137.09037530099999, 34.971973395 ], [ 137.090319177999987, 34.972228739 ], [ 137.090306641000012, 34.972296504 ], [ 137.090299307, 34.972327646 ], [ 137.090292412999986, 34.972356948 ], [ 137.090288001, 34.972378869 ], [ 137.09027036399999, 34.972466446 ], [ 137.090257732, 34.972530136 ], [ 137.090231491, 34.972648727 ], [ 137.09021961, 34.972706495 ], [ 137.09018483, 34.972867919 ], [ 137.090144927000011, 34.973062442 ], [ 137.09011654299999, 34.973189199 ], [ 137.090102288, 34.973254547 ], [ 137.090069054, 34.97341388 ], [ 137.090052826, 34.973493245 ], [ 137.09001025500001, 34.973682393 ], [ 137.089949358000013, 34.973981257 ], [ 137.089892963000011, 34.974243524 ], [ 137.08977902399999, 34.974214245 ], [ 137.08958124899999, 34.975071027 ], [ 137.08910912499999, 34.97492155 ], [ 137.08830426599999, 34.974670801 ], [ 137.087881127, 34.974517772 ], [ 137.087449372, 34.974351854 ], [ 137.08685662799999, 34.974114837 ], [ 137.086509645, 34.973982786 ], [ 137.085893287, 34.973719588 ], [ 137.085806744, 34.97398799 ], [ 137.08565145899999, 34.974463641 ], [ 137.085551522, 34.974774872 ], [ 137.086617072, 34.975120016 ], [ 137.086887138, 34.975212883 ], [ 137.08771943, 34.975478552 ], [ 137.087861018000012, 34.975525656 ], [ 137.088599784, 34.975768261 ], [ 137.088790831000011, 34.975829215 ], [ 137.089504763, 34.976049099 ], [ 137.089428881, 34.976404125 ], [ 137.08934570400001, 34.976794456 ], [ 137.089246257000013, 34.977259348 ], [ 137.089171889, 34.977622144 ], [ 137.089167608999986, 34.977642118 ], [ 137.087780321999986, 34.97745672 ], [ 137.085916857, 34.977042799 ], [ 137.08489186, 34.976810812 ], [ 137.08484449299999, 34.976952294 ], [ 137.08465243500001, 34.977543064 ], [ 137.084604662, 34.977705929 ] ] ] } },
{ "type": "Feature", "properties": { "A29_001": "23212", "A29_002": "愛知県", "A29_003": "安城市", "A29_004": 5, "A29_005": "第一種住居地域", "A29_006": 60, "A29_007": 200, "A29_008": null }, "geometry": { "type": "Polygon", "coordinates": [ [ [ 137.073861013, 34.956791673 ], [ 137.07402334, 34.956627502 ], [ 137.07416296, 34.956509334 ], [ 137.07435797299999, 34.956391939 ], [ 137.07469221, 34.956205856 ], [ 137.075145845, 34.955945473 ], [ 137.07572697, 34.955618375 ], [ 137.07609725899999, 34.955410707 ], [ 137.07714610299999, 34.954822476 ], [ 137.077106985, 34.954747732 ], [ 137.07701637400001, 34.954561401 ], [ 137.076937149, 34.954396417 ], [ 137.076925710000012, 34.9543738 ], [ 137.077177353, 34.954288336 ], [ 137.077666396000012, 34.954123346 ], [ 137.078034744, 34.953999806 ], [ 137.078145251, 34.953973193 ], [ 137.07833866199999, 34.953908932 ], [ 137.077713463, 34.952617683 ], [ 137.077153607000014, 34.951455236 ], [ 137.076976706000011, 34.951092007 ], [ 137.07694174400001, 34.951023523 ], [ 137.076887411, 34.950917081 ], [ 137.07685595699999, 34.95085546 ], [ 137.076838947, 34.950820713 ], [ 137.076556547, 34.951127584 ], [ 137.07610137, 34.951623367 ], [ 137.075927532, 34.951812719 ], [ 137.074614668, 34.953216265 ], [ 137.07382591699999, 34.954074694 ], [ 137.072998619, 34.954970995 ], [ 137.072277915, 34.95575641 ], [ 137.071683285, 34.956406977 ], [ 137.071624839, 34.956469972 ], [ 137.07183926499999, 34.956632532 ], [ 137.071070437, 34.95746148 ], [ 137.070490282, 34.958092995 ], [ 137.070462335, 34.958123524 ], [ 137.070981092000011, 34.958832299 ], [ 137.07098862399999, 34.958843023 ], [ 137.07108398299999, 34.958978852 ], [ 137.071303022, 34.959275187 ], [ 137.071519857999988, 34.959546071 ], [ 137.072114419, 34.958843905 ], [ 137.072201545000013, 34.958741006 ], [ 137.072342541000012, 34.958574495 ], [ 137.073861013, 34.956791673 ] ] ] } },
{ "type": "Feature", "properties": { "A29_001": "23212", "A29_002": "愛知県", "A29_003": "安城市", "A29_004": 5, "A29_005": "第一種住居地域", "A29_006": 60, "A29_007": 200, "A29_008": null }, "geometry": { "type": "Polygon", "coordinates": [ [ [ 137.077386503000014, 34.962661944 ], [ 137.077557442999989, 34.962587373 ], [ 137.077813036, 34.962467051 ], [ 137.078830380999989, 34.961998337 ], [ 137.079063436000013, 34.962359106 ], [ 137.079102256999988, 34.962419199 ], [ 137.07960609, 34.963212601 ], [ 137.079668751000014, 34.963189685 ], [ 137.07985871299999, 34.963113088 ], [ 137.080085824, 34.963032477 ], [ 137.080289927, 34.962952283 ], [ 137.081752642, 34.962363837 ], [ 137.081919642, 34.962325262 ], [ 137.08218964, 34.962225107 ], [ 137.082750112000014, 34.962000477 ], [ 137.08360844399999, 34.961653772 ], [ 137.08255666, 34.960299974 ], [ 137.08150675600001, 34.960781714 ], [ 137.081247496, 34.960900932 ], [ 137.080813839, 34.960245909 ], [ 137.080595157, 34.959918797 ], [ 137.080300867, 34.959475737 ], [ 137.080224229, 34.959402022 ], [ 137.079851641, 34.958917283 ], [ 137.079825848000013, 34.958849663 ], [ 137.07958127399999, 34.958535385 ], [ 137.079068202, 34.957880497 ], [ 137.07898564300001, 34.957775938 ], [ 137.079068338000013, 34.957752596 ], [ 137.079075139999986, 34.957750671 ], [ 137.079132262, 34.957732764 ], [ 137.07929822700001, 34.957682166 ], [ 137.07955826599999, 34.957585597 ], [ 137.079889228000013, 34.957456301 ], [ 137.080033041, 34.957404902 ], [ 137.08003463, 34.957403911 ], [ 137.079781311, 34.956881954 ], [ 137.07968298, 34.956656559 ], [ 137.079070838, 34.955402972 ], [ 137.078792083, 34.954832106 ], [ 137.07751759199999, 34.955572474 ], [ 137.077433187999986, 34.955395902 ], [ 137.077395258, 34.955315381 ], [ 137.076096573, 34.956043726 ], [ 137.07551984, 34.956368341 ], [ 137.075197925999987, 34.956601185 ], [ 137.075005715, 34.956710228 ], [ 137.074912641, 34.956761605 ], [ 137.074573663, 34.956975477 ], [ 137.07449946599999, 34.957015861 ], [ 137.074354252, 34.957123252 ], [ 137.07288825, 34.958844505 ], [ 137.07286304199999, 34.958874099 ], [ 137.07280097099999, 34.958947404 ], [ 137.070830906999987, 34.961273981 ], [ 137.070701337, 34.961420612 ], [ 137.070213491, 34.96199106 ], [ 137.06978183699999, 34.962495779 ], [ 137.07014612899999, 34.962668901 ], [ 137.070364425, 34.962772735 ], [ 137.07051677199999, 34.962844361 ], [ 137.070748662999989, 34.962953254 ], [ 137.07097358499999, 34.963058318 ], [ 137.071120185000012, 34.963128163 ], [ 137.071387675000011, 34.963287033 ], [ 137.07149947799999, 34.96336481 ], [ 137.07165094199999, 34.963482166 ], [ 137.071774588000011, 34.963592901 ], [ 137.07192478799999, 34.963753085 ], [ 137.072028592, 34.963883592 ], [ 137.07211085099999, 34.963999469 ], [ 137.07218196, 34.964117375 ], [ 137.072312892000014, 34.964360118 ], [ 137.07511066, 34.96346097 ], [ 137.073731220000013, 34.96324757 ], [ 137.072176199000012, 34.963002403 ], [ 137.073414528, 34.961993569 ], [ 137.07355932499999, 34.961876506 ], [ 137.07358642, 34.961854026 ], [ 137.073941416999986, 34.961564156 ], [ 137.074198493000011, 34.96135319 ], [ 137.074254437, 34.961314766 ], [ 137.074276567999988, 34.961295068 ], [ 137.074297953000013, 34.961276036 ], [ 137.074444655, 34.961167357 ], [ 137.07508515399999, 34.960647733 ], [ 137.07515376399999, 34.960573142 ], [ 137.07586089099999, 34.959919262 ], [ 137.076010524999987, 34.959788615 ], [ 137.076092593, 34.959711401 ], [ 137.076516618999989, 34.959315192 ], [ 137.076662876, 34.959176454 ], [ 137.07682360199999, 34.959024034 ], [ 137.077186785, 34.959311135 ], [ 137.077429357, 34.959505447 ], [ 137.07762041399999, 34.959656287 ], [ 137.077949313, 34.959917651 ], [ 137.07846337699999, 34.960325052 ], [ 137.078322371000013, 34.960407128 ], [ 137.078176539, 34.960700634 ], [ 137.078086474, 34.960883713 ], [ 137.077960768, 34.961135936 ], [ 137.07790444599999, 34.961272126 ], [ 137.077806697, 34.961492169 ], [ 137.077764851000012, 34.961587866 ], [ 137.077697607, 34.961747965 ], [ 137.07765837, 34.961851029 ], [ 137.077619875000011, 34.961956456 ], [ 137.077608027, 34.961996725 ], [ 137.077587819, 34.962052233 ], [ 137.077564462999987, 34.962121377 ], [ 137.077546095, 34.962196565 ], [ 137.077386503000014, 34.962661944 ] ] ] } },
{ "type": "Feature", "properties": { "A29_001": "23212", "A29_002": "愛知県", "A29_003": "安城市", "A29_004": 5, "A29_005": "第一種住居地域", "A29_006": 60, "A29_007": 200, "A29_008": null }, "geometry": { "type": "Polygon", "coordinates": [ [ [ 137.072362816, 34.949457627 ], [ 137.073191393, 34.948471722 ], [ 137.07365683899999, 34.947917894 ], [ 137.073797641, 34.947758476 ], [ 137.07354647599999, 34.947552367 ], [ 137.073511593, 34.947591862 ], [ 137.07310724300001, 34.947748048 ], [ 137.0724995, 34.948471188 ], [ 137.07179182199999, 34.949313215 ], [ 137.071983181, 34.949362757 ], [ 137.072162795999986, 34.949408512 ], [ 137.072362816, 34.949457627 ] ] ] } },
{ "type": "Feature", "properties": { "A29_001": "23212", "A29_002": "愛知県", "A29_003": "安城市", "A29_004": 5, "A29_005": "第一種住居地域", "A29_006": 60, "A29_007": 200, "A29_008": null }, "geometry": { "type": "Polygon", "coordinates": [ [ [ 137.073894644, 34.947136654 ], [ 137.07414772300001, 34.947344522 ], [ 137.074641445, 34.946763234 ], [ 137.07453823099999, 34.946601024 ], [ 137.074479561, 34.946442725 ], [ 137.073894644, 34.947136654 ] ] ] } },
{ "type": "Feature", "properties": { "A29_001": "23212", "A29_002": "愛知県", "A29_003": "安城市", "A29_004": 5, "A29_005": "第一種住居地域", "A29_006": 60, "A29_007": 200, "A29_008": null }, "geometry": { "type": "Polygon", "coordinates": [ [ [ 137.093520804, 34.95959722 ], [ 137.093803197999989, 34.95946891 ], [ 137.094106165, 34.959330327 ], [ 137.09447302699999, 34.959275637 ], [ 137.094639171000011, 34.959250863 ], [ 137.094918065, 34.959215456 ], [ 137.09507582399999, 34.959200657 ], [ 137.09596710400001, 34.959117053 ], [ 137.09658694, 34.959062845 ], [ 137.097069147000013, 34.959020411 ], [ 137.09705102800001, 34.958860757 ], [ 137.097012041, 34.958517298 ], [ 137.096714604999988, 34.958045031 ], [ 137.097993652000014, 34.957930877 ], [ 137.098161667, 34.957915583 ], [ 137.09844073299999, 34.957890977 ], [ 137.09893034800001, 34.957844671 ], [ 137.098850903999988, 34.957568846 ], [ 137.09878775199999, 34.957348643 ], [ 137.098680910000013, 34.956984286 ], [ 137.098658639, 34.956904456 ], [ 137.098586579999989, 34.956651308 ], [ 137.098508729, 34.95638512 ], [ 137.098445848000011, 34.956170533 ], [ 137.098316498, 34.955725868 ], [ 137.097995363, 34.95585303 ], [ 137.09697395399999, 34.956257681 ], [ 137.096362048, 34.95525656 ], [ 137.096045100999987, 34.954737998 ], [ 137.09780540599999, 34.953998983 ], [ 137.097676658000012, 34.953732433 ], [ 137.097622153, 34.95362728 ], [ 137.097613087000013, 34.953613852 ], [ 137.097081559, 34.953818194 ], [ 137.096997879000014, 34.953850329 ], [ 137.096572775999988, 34.954014992 ], [ 137.096496092, 34.954048383 ], [ 137.096072463000013, 34.954214308 ], [ 137.0958349, 34.9543118 ], [ 137.095277661000011, 34.954532255 ], [ 137.095097866, 34.954137373 ], [ 137.095072304000013, 34.954018489 ], [ 137.095036697000012, 34.95390453 ], [ 137.094955588, 34.953637491 ], [ 137.094927323, 34.953542142 ], [ 137.09491717, 34.95350788 ], [ 137.094804931, 34.953142669 ], [ 137.094769391, 34.953016702 ], [ 137.094647314000014, 34.952358693 ], [ 137.094622909, 34.952232291 ], [ 137.094523164, 34.951681347 ], [ 137.09469804599999, 34.951513288 ], [ 137.09476039899999, 34.951452565 ], [ 137.095075763000011, 34.951148619 ], [ 137.095176807, 34.951051832 ], [ 137.095134436, 34.95101161 ], [ 137.094684167999986, 34.950593283 ], [ 137.094716584, 34.950559064 ], [ 137.094592024, 34.95044104 ], [ 137.094415712, 34.950270393 ], [ 137.09412304899999, 34.949986568 ], [ 137.094059477, 34.949927573 ], [ 137.093957370999988, 34.949826249 ], [ 137.09386904199999, 34.949733298 ], [ 137.09376217499999, 34.949618025 ], [ 137.093646653, 34.949484572 ], [ 137.093555092, 34.949370949 ], [ 137.09348658799999, 34.949282058 ], [ 137.093398865000012, 34.949162144 ], [ 137.093302587000011, 34.949021743 ], [ 137.09320720299999, 34.948874564 ], [ 137.093189962, 34.948846148 ], [ 137.093134109, 34.948752558 ], [ 137.092380956999989, 34.949017748 ], [ 137.092245698999989, 34.949065372 ], [ 137.09182212499999, 34.949214505 ], [ 137.09185645, 34.949490415 ], [ 137.091560447, 34.949591875 ], [ 137.09178477399999, 34.951423416 ], [ 137.090059967, 34.951961706 ], [ 137.088059566, 34.952597405 ], [ 137.087831701, 34.952279738 ], [ 137.087049502000013, 34.951191447 ], [ 137.08670838, 34.951312472 ], [ 137.086521146, 34.951375939 ], [ 137.086580966000014, 34.951460015 ], [ 137.0873416, 34.952518302 ], [ 137.087540671999989, 34.952795817 ], [ 137.086609169000013, 34.953207138 ], [ 137.086209024, 34.953393345 ], [ 137.08512744, 34.953879964 ], [ 137.083667811999987, 34.954533387 ], [ 137.082514333, 34.952784181 ], [ 137.081947797999987, 34.953034093 ], [ 137.082656207000014, 34.954098088 ], [ 137.083093983, 34.954765891 ], [ 137.082773581, 34.954916875 ], [ 137.082500148, 34.955060571 ], [ 137.082366373000013, 34.955120111 ], [ 137.081907257000012, 34.955327953 ], [ 137.081669565, 34.95543499 ], [ 137.081207694, 34.955698791 ], [ 137.080147067000013, 34.956304889 ], [ 137.080257155999988, 34.95653242 ], [ 137.08100373, 34.956105125 ], [ 137.081366178, 34.955899049 ], [ 137.081539385000013, 34.955796303 ], [ 137.081760866, 34.955675172 ], [ 137.081994199, 34.955558576 ], [ 137.08220558799999, 34.95545389 ], [ 137.082544859, 34.955302595 ], [ 137.082855423000012, 34.95516894 ], [ 137.083419899, 34.954910342 ], [ 137.08362943899999, 34.954822474 ], [ 137.085266735, 34.954091869 ], [ 137.08785519700001, 34.952921246 ], [ 137.088073877, 34.952837884 ], [ 137.088202808, 34.952797292 ], [ 137.08935653099999, 34.952434096 ], [ 137.090162477, 34.95218037 ], [ 137.091998722999989, 34.951609055 ], [ 137.092252135, 34.9515264 ], [ 137.092377763, 34.951490616 ], [ 137.09250443, 34.952610387 ], [ 137.092536319, 34.952847667 ], [ 137.09255055599999, 34.952953635 ], [ 137.09277652599999, 34.954696722 ], [ 137.092801235, 34.954994027 ], [ 137.092818443999988, 34.95522972 ], [ 137.092838199, 34.95547242 ], [ 137.092860538999986, 34.955822289 ], [ 137.092867869, 34.95596406 ], [ 137.092892311000014, 34.956156234 ], [ 137.092905236, 34.956579893 ], [ 137.09288971, 34.956603259 ], [ 137.09290049399999, 34.956727345 ], [ 137.092931752, 34.957085062 ], [ 137.092945742000012, 34.957235978 ], [ 137.09299370299999, 34.957613385 ], [ 137.093018785, 34.957753066 ], [ 137.093045272000012, 34.957900537 ], [ 137.09306819599999, 34.958028155 ], [ 137.093114968, 34.958279778 ], [ 137.093099755999987, 34.958528189 ], [ 137.093084272, 34.958761239 ], [ 137.093054521999989, 34.958858401 ], [ 137.093032569, 34.958930127 ], [ 137.092986074, 34.959200633 ], [ 137.092980261, 34.959260271 ], [ 137.092966988, 34.959396558 ], [ 137.09287942200001, 34.959969819 ], [ 137.092823538, 34.960317485 ], [ 137.092778979, 34.960565122 ], [ 137.09273191599999, 34.960759812 ], [ 137.092608211999988, 34.961598744 ], [ 137.092675515, 34.961620528 ], [ 137.092718461, 34.961634428 ], [ 137.093236346999987, 34.961827938 ], [ 137.09364186900001, 34.960484023 ], [ 137.093625006, 34.960360475 ], [ 137.093532891, 34.959685743 ], [ 137.093520804, 34.95959722 ] ] ] } },
{ "type": "Feature", "properties": { "A29_001": "23212", "A29_002": "愛知県", "A29_003": "安城市", "A29_004": 5, "A29_005": "第一種住居地域", "A29_006": 60, "A29_007": 200, "A29_008": null }, "geometry": { "type": "Polygon", "coordinates": [ [ [ 137.076601446000012, 34.991551987 ], [ 137.07605812599999, 34.991818563 ], [ 137.075729493000011, 34.9919797 ], [ 137.076057252999988, 34.992611238 ], [ 137.076179739999986, 34.992844793 ], [ 137.07627705199999, 34.993040738 ], [ 137.076744633, 34.992840904 ], [ 137.0779063, 34.992342315 ], [ 137.076914452000011, 34.99088071 ], [ 137.076102299000013, 34.991317043 ], [ 137.076601446000012, 34.991551987 ] ] ] } },
{ "type": "Feature", "properties": { "A29_001": "23212", "A29_002": "愛知県", "A29_003": "安城市", "A29_004": 5, "A29_005": "第一種住居地域", "A29_006": 60, "A29_007": 200, "A29_008": null }, "geometry": { "type": "Polygon", "coordinates": [ [ [ 137.07684953, 34.994106516 ], [ 137.077331699000013, 34.994851354 ], [ 137.077382281000013, 34.99491884 ], [ 137.07746279700001, 34.995030961 ], [ 137.077662839999988, 34.995295538 ], [ 137.07797668500001, 34.995659746 ], [ 137.07809439, 34.995796712 ], [ 137.078176305999989, 34.995902388 ], [ 137.078206096, 34.995970607 ], [ 137.07820846199999, 34.995980786 ], [ 137.07829978, 34.995870161 ], [ 137.07839546299999, 34.995775296 ], [ 137.078445765999987, 34.995725436 ], [ 137.078595057, 34.995573529 ], [ 137.078612107999987, 34.995558514 ], [ 137.078739377, 34.99545993 ], [ 137.078827796000013, 34.995396026 ], [ 137.078899869999987, 34.995342386 ], [ 137.079028408999989, 34.995244128 ], [ 137.07925468900001, 34.995071145 ], [ 137.079510303, 34.994878116 ], [ 137.079685039999987, 34.994745265 ], [ 137.079029917000014, 34.993829104 ], [ 137.07900816099999, 34.993798681 ], [ 137.078654782, 34.993322997 ], [ 137.077502551, 34.993840008 ], [ 137.076846337, 34.994101637 ], [ 137.07684953, 34.994106516 ] ] ] } },
{ "type": "Feature", "properties": { "A29_001": "23212", "A29_002": "愛知県", "A29_003": "安城市", "A29_004": 5, "A29_005": "第一種住居地域", "A29_006": 60, "A29_007": 200, "A29_008": null }, "geometry": { "type": "Polygon", "coordinates": [ [ [ 137.080687766000011, 34.994172507 ], [ 137.081122601, 34.993917471 ], [ 137.081523288999989, 34.993757994 ], [ 137.082045719, 34.994188687 ], [ 137.082116012, 34.994244239 ], [ 137.08230005199999, 34.994093028 ], [ 137.082531996, 34.993909631 ], [ 137.082923806, 34.993578889 ], [ 137.083196356, 34.993384331 ], [ 137.083502841000012, 34.99317988 ], [ 137.08385368, 34.992962576 ], [ 137.084014228, 34.992866047 ], [ 137.084205630000014, 34.992751113 ], [ 137.084467041000011, 34.992581137 ], [ 137.08461033899999, 34.992490537 ], [ 137.084812392, 34.99238191 ], [ 137.084567427, 34.991967662 ], [ 137.084251088, 34.991464028 ], [ 137.084060609, 34.99113175 ], [ 137.084000481, 34.99102355 ], [ 137.083609776, 34.990287149 ], [ 137.081847764, 34.991421626 ], [ 137.08133662899999, 34.991736144 ], [ 137.080688986000013, 34.992157388 ], [ 137.080174375000013, 34.99250757 ], [ 137.079705417000014, 34.99280821 ], [ 137.080134789, 34.993409998 ], [ 137.08044907499999, 34.993838368 ], [ 137.080687766000011, 34.994172507 ] ] ] } },
{ "type": "Feature", "properties": { "A29_001": "23212", "A29_002": "愛知県", "A29_003": "安城市", "A29_004": 5, "A29_005": "第一種住居地域", "A29_006": 60, "A29_007": 200, "A29_008": null }, "geometry": { "type": "Polygon", "coordinates": [ [ [ 137.078816694000011, 34.948523501 ], [ 137.078346762, 34.94903146 ], [ 137.07816241099999, 34.94923324 ], [ 137.07721217299999, 34.950265866 ], [ 137.077216029999988, 34.950272549 ], [ 137.07725788799999, 34.950352514 ], [ 137.077364394999989, 34.950567749 ], [ 137.077407154000014, 34.950655133 ], [ 137.07746003299999, 34.95075923 ], [ 137.077533781999989, 34.950903665 ], [ 137.077712967999986, 34.951271583 ], [ 137.077819645, 34.951493074 ], [ 137.07906509599999, 34.950878925 ], [ 137.079075657, 34.950873623 ], [ 137.07918983799999, 34.950816335 ], [ 137.08015189599999, 34.950333587 ], [ 137.080725045, 34.951193258 ], [ 137.081350081000011, 34.952137603 ], [ 137.081612576, 34.951986861 ], [ 137.081742459, 34.952183096 ], [ 137.082035682999987, 34.95207936 ], [ 137.081907427, 34.951886985 ], [ 137.081282198999986, 34.950942363 ], [ 137.080698345, 34.95006665 ], [ 137.080854433000013, 34.949990702 ], [ 137.080974688999987, 34.949932443 ], [ 137.081101499, 34.949867581 ], [ 137.081170909, 34.94982984 ], [ 137.08140500799999, 34.949689094 ], [ 137.081458563000012, 34.949652045 ], [ 137.081538088, 34.949595514 ], [ 137.08158924599999, 34.949557427 ], [ 137.081634215, 34.949523202 ], [ 137.08167387099999, 34.949491272 ], [ 137.081714242, 34.949456765 ], [ 137.081753134, 34.949423203 ], [ 137.08178715, 34.949392666 ], [ 137.081816882999988, 34.949363957 ], [ 137.08185684099999, 34.949326195 ], [ 137.081897895999987, 34.949285738 ], [ 137.081927159, 34.949256586 ], [ 137.082404386, 34.948735808 ], [ 137.082640163, 34.948478671 ], [ 137.083647662, 34.947379872 ], [ 137.08443801300001, 34.948479919 ], [ 137.084568776, 34.948661908 ], [ 137.08526448399999, 34.949634498 ], [ 137.085363500999989, 34.949770399 ], [ 137.08592054799999, 34.95054343 ], [ 137.085927250999987, 34.950541739 ], [ 137.086131407000011, 34.950492708 ], [ 137.086268603, 34.95046214 ], [ 137.086486492, 34.950409448 ], [ 137.08644164, 34.950347901 ], [ 137.085852423, 34.949530219 ], [ 137.08575388599999, 34.949394977 ], [ 137.085097203, 34.9484803 ], [ 137.084392807, 34.947492686 ], [ 137.08404477, 34.947010824 ], [ 137.08391888599999, 34.947053451 ], [ 137.08391573, 34.947046165 ], [ 137.083843953000013, 34.947067048 ], [ 137.083825916, 34.94706141 ], [ 137.083788043999988, 34.947008702 ], [ 137.083630441, 34.946803742 ], [ 137.08339929600001, 34.946481863 ], [ 137.082877005, 34.94705508 ], [ 137.082255690000011, 34.94773397 ], [ 137.081488415, 34.948154318 ], [ 137.081547427, 34.948228858 ], [ 137.081724398, 34.948399154 ], [ 137.081803747, 34.948468768 ], [ 137.081821934, 34.948478057 ], [ 137.08189093499999, 34.948517635 ], [ 137.081512565, 34.948929203 ], [ 137.081428249, 34.949015001 ], [ 137.08136291, 34.949076346 ], [ 137.081305783, 34.949125617 ], [ 137.08127825599999, 34.949148865 ], [ 137.081238688000013, 34.949180389 ], [ 137.081157407, 34.949241849 ], [ 137.081087174, 34.949291768 ], [ 137.080995776, 34.949353843 ], [ 137.080844993999989, 34.949445291 ], [ 137.080794360999988, 34.949472822 ], [ 137.080680072, 34.949531275 ], [ 137.080565239, 34.949586914 ], [ 137.080424345000011, 34.949655462 ], [ 137.07972151199999, 34.948599552 ], [ 137.07983578, 34.948476681 ], [ 137.080935579, 34.947293943 ], [ 137.080862637, 34.947160374 ], [ 137.080778495, 34.946901932 ], [ 137.080060591, 34.947681798 ], [ 137.079959054, 34.947536903 ], [ 137.079945536, 34.94751276 ], [ 137.079707258000013, 34.947157226 ], [ 137.07968382199999, 34.947121457 ], [ 137.079435964, 34.946747651 ], [ 137.079397840000013, 34.946687783 ], [ 137.079097307000012, 34.946235663 ], [ 137.079080619, 34.946207787 ], [ 137.07877539899999, 34.945750371 ], [ 137.07867203399999, 34.945794622 ], [ 137.078674056000011, 34.945797824 ], [ 137.078528503, 34.945855548 ], [ 137.078324041, 34.945931548 ], [ 137.077863079, 34.946122497 ], [ 137.077852658000012, 34.946120714 ], [ 137.077854042000013, 34.946116342 ], [ 137.077820766, 34.946110657 ], [ 137.077627704, 34.946161855 ], [ 137.077432447, 34.946228313 ], [ 137.078898146, 34.948435458 ], [ 137.078816694000011, 34.948523501 ] ], [ [ 137.078413151, 34.950362797 ], [ 137.07841084, 34.950342999 ], [ 137.078406343000012, 34.950289682 ], [ 137.078402036999989, 34.950231326 ], [ 137.078399356, 34.950188946 ], [ 137.07839802699999, 34.950152209 ], [ 137.078396623, 34.950103501 ], [ 137.07839667799999, 34.95005209 ], [ 137.078398435, 34.949975384 ], [ 137.078444628, 34.949944659 ], [ 137.078515822000014, 34.949909472 ], [ 137.07896736699999, 34.94941842 ], [ 137.079077331, 34.949298963 ], [ 137.079301117, 34.94905585 ], [ 137.079885506000011, 34.949933807 ], [ 137.07907623599999, 34.950328624 ], [ 137.078964391, 34.950383191 ], [ 137.078771558999989, 34.950477266 ], [ 137.078443861000011, 34.950640034 ], [ 137.078440898999986, 34.950614979 ], [ 137.0784318, 34.950523995 ], [ 137.078425872999986, 34.950465395 ], [ 137.07842267, 34.950440268 ], [ 137.078413151, 34.950362797 ] ] ] } },
{ "type": "Feature", "properties": { "A29_001": "23212", "A29_002": "愛知県", "A29_003": "安城市", "A29_004": 5, "A29_005": "第一種住居地域", "A29_006": 60, "A29_007": 200, "A29_008": null }, "geometry": { "type": "Polygon", "coordinates": [ [ [ 137.097975991999988, 34.951719966 ], [ 137.098158186, 34.951638215 ], [ 137.097998996, 34.95139166 ], [ 137.097966181, 34.951340834 ], [ 137.097956442999987, 34.951345147 ], [ 137.09758525399999, 34.95078161 ], [ 137.09764178, 34.950746935 ], [ 137.09774388400001, 34.950687504 ], [ 137.097999695, 34.950540735 ], [ 137.098135667, 34.950462707 ], [ 137.098529192, 34.950234719 ], [ 137.098592688999986, 34.950215877 ], [ 137.09873932799999, 34.950133744 ], [ 137.09873680199999, 34.950130128 ], [ 137.098863507, 34.950056683 ], [ 137.09887233399999, 34.950054263 ], [ 137.098873494, 34.950054471 ], [ 137.098882393999986, 34.95005609 ], [ 137.09891771, 34.95007468 ], [ 137.098920407, 34.950071247 ], [ 137.099093536, 34.95015519 ], [ 137.099140291, 34.950177681 ], [ 137.099272637000013, 34.950221729 ], [ 137.099438155, 34.950254878 ], [ 137.09955868599999, 34.950287749 ], [ 137.09979386099999, 34.950307044 ], [ 137.099881751999988, 34.950287927 ], [ 137.09993963299999, 34.950253225 ], [ 137.099799485, 34.950095875 ], [ 137.09976287, 34.950058777 ], [ 137.099680529000011, 34.949958064 ], [ 137.099649531000011, 34.94992077 ], [ 137.099592438, 34.949860754 ], [ 137.099486504999987, 34.94973145 ], [ 137.099408305999987, 34.949627989 ], [ 137.099291482000012, 34.949469381 ], [ 137.099269631, 34.949439665 ], [ 137.09923372, 34.949385349 ], [ 137.099169829, 34.949298465 ], [ 137.099120812, 34.949217854 ], [ 137.099075669, 34.949167292 ], [ 137.09905675499999, 34.949147124 ], [ 137.09901954599999, 34.94910065 ], [ 137.098994261, 34.949065695 ], [ 137.09899243699999, 34.949047971 ], [ 137.098877945999988, 34.948889463 ], [ 137.09876272299999, 34.948729863 ], [ 137.09867419, 34.948600334 ], [ 137.09864217099999, 34.948553746 ], [ 137.09859730299999, 34.948488787 ], [ 137.098477363, 34.948248754 ], [ 137.098475689999987, 34.94820633 ], [ 137.098430243, 34.948126604 ], [ 137.098389556, 34.948050496 ], [ 137.098340963999988, 34.947948196 ], [ 137.09823914099999, 34.947752247 ], [ 137.098177106, 34.947595922 ], [ 137.098147203, 34.947573386 ], [ 137.098002352, 34.947301634 ], [ 137.0978758, 34.947064211 ], [ 137.09780221599999, 34.946920771 ], [ 137.097792696999988, 34.946912968 ], [ 137.097795228, 34.946910905 ], [ 137.097723737, 34.94685637 ], [ 137.097620998, 34.946778009 ], [ 137.097526662, 34.946692567 ], [ 137.09743695099999, 34.94661516 ], [ 137.097303665999988, 34.946499144 ], [ 137.097278144, 34.946474438 ], [ 137.097027327, 34.946257596 ], [ 137.09695001099999, 34.946192438 ], [ 137.096911331, 34.946153075 ], [ 137.0969072, 34.946157075 ], [ 137.096654500999989, 34.945980213 ], [ 137.09659038699999, 34.945942016 ], [ 137.09642483499999, 34.945857605 ], [ 137.09618095, 34.945758138 ], [ 137.09614817100001, 34.945745039 ], [ 137.096146275, 34.945748283 ], [ 137.096078002000013, 34.945709804 ], [ 137.096051996, 34.945828857 ], [ 137.096054896999988, 34.945829282 ], [ 137.096041772, 34.945890683 ], [ 137.096031067000013, 34.945952176 ], [ 137.095968879999987, 34.946081512 ], [ 137.095943847, 34.946125309 ], [ 137.095938233, 34.946122502 ], [ 137.095923019, 34.946143137 ], [ 137.09589071, 34.94615646 ], [ 137.09538175, 34.946243192 ], [ 137.095115754, 34.946290066 ], [ 137.094993428, 34.946316281 ], [ 137.094916186, 34.94633147 ], [ 137.094562924, 34.94639953 ], [ 137.09451298, 34.946409723 ], [ 137.094408953, 34.946431081 ], [ 137.094260017000011, 34.946462499 ], [ 137.094175173, 34.946481713 ], [ 137.09414596, 34.946485689 ], [ 137.09401412599999, 34.946503721 ], [ 137.09382169599999, 34.946531777 ], [ 137.093656581, 34.946548382 ], [ 137.09362377799999, 34.946550436 ], [ 137.093572975, 34.946455101 ], [ 137.093480752, 34.946276489 ], [ 137.09341249, 34.946153639 ], [ 137.093416432, 34.946152073 ], [ 137.09330502899999, 34.945961486 ], [ 137.093264363, 34.945928386 ], [ 137.093242559, 34.945911507 ], [ 137.092990988999986, 34.945766658 ], [ 137.092918563000012, 34.945721576 ], [ 137.092836514999988, 34.945650814 ], [ 137.092760803, 34.945583959 ], [ 137.09276373899999, 34.945581283 ], [ 137.09255727499999, 34.945427401 ], [ 137.092440923999987, 34.94533582 ], [ 137.092401845000012, 34.945305065 ], [ 137.092405590999988, 34.945302813 ], [ 137.09236844899999, 34.945272726 ], [ 137.092333763999989, 34.945262401 ], [ 137.092295908000011, 34.945235027 ], [ 137.091937752, 34.944956754 ], [ 137.091839986999986, 34.944882196 ], [ 137.09172245900001, 34.944786323 ], [ 137.09152618499999, 34.943163219 ], [ 137.09154687899999, 34.94316096 ], [ 137.091676041999989, 34.943075859 ], [ 137.091795593, 34.942991743 ], [ 137.09181820399999, 34.942974701 ], [ 137.09149843899999, 34.940216726 ], [ 137.091195113999987, 34.93764002 ], [ 137.091050321000012, 34.936430537 ], [ 137.092409272999987, 34.93496313 ], [ 137.09277298, 34.934560118 ], [ 137.092792624999987, 34.934772429 ], [ 137.092801779000013, 34.934940327 ], [ 137.09281126, 34.934963411 ], [ 137.092895219000013, 34.935137809 ], [ 137.092963784, 34.935217009 ], [ 137.093040175999988, 34.935321267 ], [ 137.09314090699999, 34.9354582 ], [ 137.093227893, 34.935566305 ], [ 137.09331998799999, 34.93566491 ], [ 137.093556940000013, 34.936027711 ], [ 137.094022295, 34.936682692 ], [ 137.094147045999989, 34.93684543 ], [ 137.094394712, 34.937244267 ], [ 137.093935729, 34.940275544 ], [ 137.094079306999987, 34.940086778 ], [ 137.094204267, 34.939930968 ], [ 137.09422100399999, 34.939821006 ], [ 137.094600969, 34.939843445 ], [ 137.09533961, 34.934964903 ], [ 137.09537460300001, 34.934640255 ], [ 137.095591746999986, 34.934545699 ], [ 137.095729976, 34.934489041 ], [ 137.095803918, 34.934454007 ], [ 137.09620440099999, 34.934277324 ], [ 137.096502656000013, 34.934108198 ], [ 137.096687161, 34.934005445 ], [ 137.096711102, 34.933992117 ], [ 137.09689875, 34.933887608 ], [ 137.096933237, 34.933868399 ], [ 137.096899186, 34.933824811 ], [ 137.09671657199999, 34.933570046 ], [ 137.096702292, 34.933550872 ], [ 137.096658988, 34.933486247 ], [ 137.09641006199999, 34.933114836 ], [ 137.096403877, 34.933089708 ], [ 137.096230018, 34.932905146 ], [ 137.096084628999989, 34.932748501 ], [ 137.096061936000012, 34.932724301 ], [ 137.095951895000013, 34.932605773 ], [ 137.095861789999987, 34.932509262 ], [ 137.09581934799999, 34.932461179 ], [ 137.095782705, 34.932416661 ], [ 137.095702345, 34.932330657 ], [ 137.095659299, 34.932284593 ], [ 137.09563892700001, 34.932260674 ], [ 137.095531784, 34.932132889 ], [ 137.095420679, 34.931992517 ], [ 137.095355291, 34.931910507 ], [ 137.095279669, 34.931815284 ], [ 137.095268362000013, 34.931801052 ], [ 137.095237462, 34.931761963 ], [ 137.095204504, 34.931722865 ], [ 137.095167421000014, 34.931681221 ], [ 137.09510870599999, 34.931616641 ], [ 137.095105245000013, 34.931618856 ], [ 137.095060803, 34.931581364 ], [ 137.095022183, 34.931545066 ], [ 137.094940621, 34.931470609 ], [ 137.09477303, 34.9313112 ], [ 137.094758179, 34.931295542 ], [ 137.094725987, 34.931256732 ], [ 137.094671495999989, 34.931207145 ], [ 137.09464709299999, 34.931173397 ], [ 137.094440875, 34.930988344 ], [ 137.094376946000011, 34.930929097 ], [ 137.09402709, 34.930610619 ], [ 137.093648623, 34.930266945 ], [ 137.093567188, 34.930201097 ], [ 137.093517915, 34.930156381 ], [ 137.093245165000013, 34.929892568 ], [ 137.093249566999987, 34.929890191 ], [ 137.093250764, 34.929726518 ], [ 137.093134515, 34.929704091 ], [ 137.092995387, 34.929659356 ], [ 137.09297146599999, 34.929650805 ], [ 137.092956104, 34.929644034 ], [ 137.092945031999989, 34.929637843 ], [ 137.092936478000013, 34.929631654 ], [ 137.092915062, 34.929613098 ], [ 137.09286591, 34.929569571 ], [ 137.092857694, 34.929564265 ], [ 137.092850559999988, 34.929561025 ], [ 137.09284234099999, 34.92955955 ], [ 137.09283412, 34.929559545 ], [ 137.092828043, 34.929561894 ], [ 137.092723396999986, 34.929625593 ], [ 137.09263760799999, 34.929679107 ], [ 137.09254253899999, 34.929731146 ], [ 137.092497989, 34.929754827 ], [ 137.092411148, 34.929797748 ], [ 137.092357182, 34.929823903 ], [ 137.09229892499999, 34.929850362 ], [ 137.092245478, 34.929871064 ], [ 137.092147914, 34.929909858 ], [ 137.092124684, 34.929924258 ], [ 137.092095781000012, 34.929930073 ], [ 137.09193756499999, 34.929979188 ], [ 137.091667066000014, 34.930075002 ], [ 137.091697592, 34.930186012 ], [ 137.091704056999987, 34.930298755 ], [ 137.091699608999988, 34.930375054 ], [ 137.091651468, 34.930387158 ], [ 137.091651364, 34.930501629 ], [ 137.091380066, 34.93066682 ], [ 137.09118788699999, 34.930687092 ], [ 137.091116183999986, 34.930740001 ], [ 137.091058075, 34.930819205 ], [ 137.090986767, 34.93087114 ], [ 137.09089950500001, 34.930906388 ], [ 137.090804799000011, 34.930976266 ], [ 137.09073424499999, 34.931041985 ], [ 137.09066098299999, 34.931112057 ], [ 137.090654333, 34.931129965 ], [ 137.090636238, 34.931166536 ], [ 137.090604332, 34.931211184 ], [ 137.090596463999987, 34.931232355 ], [ 137.090519653, 34.931316704 ], [ 137.0904705, 34.931379804 ], [ 137.090409384, 34.931466597 ], [ 137.09034664699999, 34.9315531 ], [ 137.090301235999988, 34.931642255 ], [ 137.09029478299999, 34.931671279 ], [ 137.090302638999987, 34.931698554 ], [ 137.090379727999988, 34.931812306 ], [ 137.090402235, 34.931845522 ], [ 137.090389934, 34.931855205 ], [ 137.090353920000013, 34.931878864 ], [ 137.090340196999989, 34.931886275 ], [ 137.090228180999986, 34.931936039 ], [ 137.090195165000011, 34.931949306 ], [ 137.09018622, 34.931869654 ], [ 137.090179202, 34.93181218 ], [ 137.090162254, 34.931673512 ], [ 137.090129407, 34.931363516 ], [ 137.090123374, 34.931306566 ], [ 137.089563864000013, 34.931811791 ], [ 137.08923801099999, 34.932106026 ], [ 137.089261291000014, 34.93217898 ], [ 137.088848431, 34.932382308 ], [ 137.08858080600001, 34.932435639 ], [ 137.088675916999989, 34.9327621 ], [ 137.088715947, 34.932902496 ], [ 137.08872123899999, 34.932897721 ], [ 137.088739635, 34.932879307 ], [ 137.08875851900001, 34.932854618 ], [ 137.088883661000011, 34.93329354 ], [ 137.08893099, 34.933459903 ], [ 137.088964271, 34.933595391 ], [ 137.089016558, 34.933833596 ], [ 137.089067519999986, 34.934117848 ], [ 137.089095343, 34.934319221 ], [ 137.089102571000012, 34.934374487 ], [ 137.08911587899999, 34.934481727 ], [ 137.089154904, 34.934853974 ], [ 137.08916613400001, 34.934961131 ], [ 137.089200277, 34.935286841 ], [ 137.08903253, 34.935307603 ], [ 137.08893179099999, 34.935325902 ], [ 137.088812224, 34.935355547 ], [ 137.088659990999986, 34.935408844 ], [ 137.08855602599999, 34.935458584 ], [ 137.088405929, 34.935544571 ], [ 137.08760812, 34.936005027 ], [ 137.087664598, 34.936069998 ], [ 137.087725823999989, 34.936127201 ], [ 137.087862664999989, 34.936270977 ], [ 137.088119806, 34.936480792 ], [ 137.088168203, 34.936526366 ], [ 137.088625912, 34.936889751 ], [ 137.088680118000013, 34.93692837 ], [ 137.088736925, 34.93697184 ], [ 137.089230702, 34.93737867 ], [ 137.08929999099999, 34.937455016 ], [ 137.089493505, 34.9373714 ], [ 137.089636778999989, 34.937325533 ], [ 137.089375477, 34.937601203 ], [ 137.089670305, 34.940481599 ], [ 137.089891798, 34.942533936 ], [ 137.089933878000011, 34.942877905 ], [ 137.090021694, 34.943439512 ], [ 137.090093765, 34.943791757 ], [ 137.09012135899999, 34.943891614 ], [ 137.090172688, 34.943909793 ], [ 137.090208866000012, 34.944057 ], [ 137.090280584999988, 34.944293766 ], [ 137.090312055, 34.944382509 ], [ 137.090379316, 34.944563632 ], [ 137.090515688000011, 34.94491553 ], [ 137.09068627799999, 34.945334735 ], [ 137.090709643, 34.945392165 ], [ 137.09075076900001, 34.945493175 ], [ 137.09100170100001, 34.946113307 ], [ 137.091104492999989, 34.946412852 ], [ 137.091192092999989, 34.946732374 ], [ 137.091252499, 34.947014864 ], [ 137.091267286, 34.947126909 ], [ 137.091440815, 34.948484476 ], [ 137.091459955, 34.948613489 ], [ 137.09147273, 34.948723613 ], [ 137.091477836, 34.948767627 ], [ 137.092278893000014, 34.948485028 ], [ 137.09349038, 34.948058453 ], [ 137.09410311799999, 34.947841852 ], [ 137.09443920699999, 34.948486331 ], [ 137.094533840999986, 34.948617012 ], [ 137.094604135, 34.948713107 ], [ 137.094657262999988, 34.948782039 ], [ 137.094729292000011, 34.948871418 ], [ 137.094819593000011, 34.948975737 ], [ 137.09490863100001, 34.949071779 ], [ 137.09498050799999, 34.94914742 ], [ 137.09505667799999, 34.949223009 ], [ 137.095115326000013, 34.94927743 ], [ 137.095416862, 34.949569858 ], [ 137.095493624999989, 34.949644149 ], [ 137.09575593, 34.949877867 ], [ 137.09777067499999, 34.951826937 ], [ 137.097998464999989, 34.95204151 ], [ 137.098117462, 34.952156083 ], [ 137.0982249, 34.952255181 ], [ 137.098412972, 34.95243936 ], [ 137.098410781000013, 34.952361498 ], [ 137.09836997799999, 34.952303545 ], [ 137.09826113599999, 34.952142327 ], [ 137.09797758900001, 34.951722338 ], [ 137.097975991999988, 34.951719966 ] ], [ [ 137.090909643, 34.93523831 ], [ 137.090877264, 34.934962211 ], [ 137.090775449, 34.934094028 ], [ 137.09061061700001, 34.932703189 ], [ 137.090556682, 34.932231995 ], [ 137.09051063699999, 34.931821827 ], [ 137.090530656, 34.931812401 ], [ 137.090653417, 34.931754584 ], [ 137.090764516, 34.931679137 ], [ 137.090953159, 34.931554092 ], [ 137.091200547999989, 34.931371858 ], [ 137.09126570699999, 34.931328636 ], [ 137.091415461, 34.931235254 ], [ 137.091453358, 34.931210316 ], [ 137.091489544000012, 34.931176794 ], [ 137.09154478100001, 34.930946247 ], [ 137.091720701000014, 34.931159646 ], [ 137.09176009399999, 34.931210325 ], [ 137.091833716, 34.931309128 ], [ 137.091867837, 34.931356278 ], [ 137.091907125, 34.93142642 ], [ 137.091923951000012, 34.931460993 ], [ 137.091938254000013, 34.931489453 ], [ 137.091961481, 34.931538715 ], [ 137.09197387899999, 34.931566948 ], [ 137.09198536, 34.931593288 ], [ 137.091997286, 34.931623531 ], [ 137.092043159000013, 34.931735857 ], [ 137.092070115000013, 34.931813356 ], [ 137.09207239700001, 34.931819911 ], [ 137.092115059, 34.931936544 ], [ 137.092132068000012, 34.931987281 ], [ 137.092236410999988, 34.932251362 ], [ 137.092423391000011, 34.932732184 ], [ 137.09243788399999, 34.932767999 ], [ 137.092520678999989, 34.933137469 ], [ 137.092594478, 34.933481322 ], [ 137.09117194, 34.934962358 ], [ 137.090909643, 34.93523831 ] ] ] } },
{ "type": "Feature", "properties": { "A29_001": "23212", "A29_002": "愛知県", "A29_003": "安城市", "A29_004": 5, "A29_005": "第一種住居地域", "A29_006": 60, "A29_007": 200, "A29_008": null }, "geometry": { "type": "Polygon", "coordinates": [ [ [ 137.096021193000013, 34.929788578 ], [ 137.09601700499999, 34.929578719 ], [ 137.09603024099999, 34.929448652 ], [ 137.09612212, 34.929450445 ], [ 137.09603697, 34.929259623 ], [ 137.09599540100001, 34.929256129 ], [ 137.095973577, 34.929214494 ], [ 137.09613983700001, 34.929200717 ], [ 137.096249422, 34.92918249 ], [ 137.096000858999986, 34.928622461 ], [ 137.09608841299999, 34.928573417 ], [ 137.096290328, 34.92847593 ], [ 137.09654673899999, 34.928356893 ], [ 137.09662166699999, 34.92833924 ], [ 137.096654636000011, 34.928339025 ], [ 137.096687917999986, 34.92829278 ], [ 137.09670341899999, 34.928239087 ], [ 137.096731521, 34.928170834 ], [ 137.096758835, 34.928114309 ], [ 137.096772327, 34.928092726 ], [ 137.096802591, 34.928030081 ], [ 137.096823715, 34.927979854 ], [ 137.096832033999988, 34.927954455 ], [ 137.09683376800001, 34.927949236 ], [ 137.09683899800001, 34.927950727 ], [ 137.09689746699999, 34.927774989 ], [ 137.096925908, 34.927679817 ], [ 137.09696158599999, 34.927595152 ], [ 137.096982741, 34.927547485 ], [ 137.096996839000013, 34.927520999 ], [ 137.09702368399999, 34.927462156 ], [ 137.097077281999987, 34.927336799 ], [ 137.09711275699999, 34.927168792 ], [ 137.09715208899999, 34.926852745 ], [ 137.09716909799999, 34.926723004 ], [ 137.09717123499999, 34.926681168 ], [ 137.097169173, 34.926634713 ], [ 137.097162012000013, 34.926585749 ], [ 137.097145762, 34.926528532 ], [ 137.097122015, 34.926444482 ], [ 137.097098816999988, 34.926384511 ], [ 137.09705105399999, 34.92615959 ], [ 137.097039252, 34.926123758 ], [ 137.097014487, 34.926067167 ], [ 137.09696845900001, 34.925965038 ], [ 137.09689549, 34.925882015 ], [ 137.09687469799999, 34.925876693 ], [ 137.096865552, 34.92587072 ], [ 137.096836977, 34.925840225 ], [ 137.096792695, 34.925785263 ], [ 137.096774108, 34.925760993 ], [ 137.096731452, 34.925698135 ], [ 137.096705163, 34.925656327 ], [ 137.096659853, 34.925573671 ], [ 137.096609965, 34.925482196 ], [ 137.096549925, 34.925383439 ], [ 137.09647092, 34.92526877 ], [ 137.096347928, 34.925099328 ], [ 137.096289465000012, 34.925000347 ], [ 137.096258764999988, 34.924946889 ], [ 137.09620469, 34.924849453 ], [ 137.096163925000013, 34.924777788 ], [ 137.096108343999987, 34.92467596 ], [ 137.096076334, 34.924618129 ], [ 137.09605513599999, 34.924576658 ], [ 137.096025913, 34.924510805 ], [ 137.095998681999987, 34.924445883 ], [ 137.09591778399999, 34.924280801 ], [ 137.095921780999987, 34.924279325 ], [ 137.095850219999988, 34.924126571 ], [ 137.095872436, 34.924078896 ], [ 137.095995152, 34.924043701 ], [ 137.096119655, 34.924018379 ], [ 137.096138432, 34.922873459 ], [ 137.096139512, 34.922787088 ], [ 137.09611906399999, 34.922547083 ], [ 137.096084872, 34.922482896 ], [ 137.096077847, 34.922468675 ], [ 137.096069023000013, 34.922369047 ], [ 137.096041428, 34.921899204 ], [ 137.096041358, 34.921839508 ], [ 137.096044510000013, 34.921712472 ], [ 137.096751912, 34.921564993 ], [ 137.096829254, 34.921546286 ], [ 137.096869434000013, 34.921531633 ], [ 137.096914303, 34.9215128 ], [ 137.096938139, 34.921501869 ], [ 137.09697352, 34.921481327 ], [ 137.09701198, 34.921456251 ], [ 137.097028813, 34.921443866 ], [ 137.097102487, 34.921375043 ], [ 137.09715993099999, 34.921317408 ], [ 137.09718621499999, 34.921245674 ], [ 137.09722643, 34.921190076 ], [ 137.097263357, 34.921138982 ], [ 137.097291848, 34.921098612 ], [ 137.097332408, 34.92102228 ], [ 137.097376924, 34.92092819 ], [ 137.09743076399999, 34.920808503 ], [ 137.097481320000014, 34.920689085 ], [ 137.097506325000012, 34.92062861 ], [ 137.097546781, 34.920546147 ], [ 137.09760501299999, 34.920409154 ], [ 137.097651514, 34.920295053 ], [ 137.097798125, 34.919921687 ], [ 137.097751947, 34.919819216 ], [ 137.09774157199999, 34.919792977 ], [ 137.097709344, 34.919721741 ], [ 137.097669360999987, 34.919633553 ], [ 137.09763167, 34.919551316 ], [ 137.09762206100001, 34.919525077 ], [ 137.097594859, 34.919464302 ], [ 137.097576616, 34.919423815 ], [ 137.097546685999987, 34.919353662 ], [ 137.097525381, 34.919309748 ], [ 137.097494465000011, 34.919240676 ], [ 137.09749086299999, 34.919229406 ], [ 137.097471309000014, 34.919185492 ], [ 137.097467157000011, 34.919176565 ], [ 137.09746082699999, 34.919155737 ], [ 137.097458531, 34.919152401 ], [ 137.097421276, 34.919073319 ], [ 137.097391342, 34.919009206 ], [ 137.097343273, 34.918904697 ], [ 137.097321095000012, 34.918857807 ], [ 137.097278378999988, 34.918765651 ], [ 137.09725434399999, 34.918714613 ], [ 137.097227688, 34.918656362 ], [ 137.09721217399999, 34.91862435 ], [ 137.097201248, 34.918602167 ], [ 137.097188469, 34.918571509 ], [ 137.097172738000012, 34.918536793 ], [ 137.097156895000012, 34.918504421 ], [ 137.097118876, 34.918423896 ], [ 137.097092656, 34.918368801 ], [ 137.097072005, 34.918327501 ], [ 137.097062279, 34.918310637 ], [ 137.09705320899999, 34.918294045 ], [ 137.097014962, 34.918224158 ], [ 137.097003521, 34.918164203 ], [ 137.097001225000014, 34.918161317 ], [ 137.096990846000011, 34.918140306 ], [ 137.09697227800001, 34.918095491 ], [ 137.096955240999989, 34.918052751 ], [ 137.096928807000012, 34.917991255 ], [ 137.096884456, 34.917891976 ], [ 137.096860206, 34.917837242 ], [ 137.09681094699999, 34.917718127 ], [ 137.09676736599999, 34.917615243 ], [ 137.096724220999988, 34.917514432 ], [ 137.09670226899999, 34.917459338 ], [ 137.09668371699999, 34.917396404 ], [ 137.096671934, 34.917352855 ], [ 137.096655564, 34.917297945 ], [ 137.096636573000012, 34.917236543 ], [ 137.096610481999988, 34.91715882 ], [ 137.096576860999988, 34.917055581 ], [ 137.096569017, 34.917013116 ], [ 137.09656149599999, 34.916976511 ], [ 137.096542206, 34.916880763 ], [ 137.09652400499999, 34.916791956 ], [ 137.09650351499999, 34.916690977 ], [ 137.09649916399999, 34.916659603 ], [ 137.096478684, 34.916548528 ], [ 137.09646092700001, 34.916451518 ], [ 137.096443935, 34.916356762 ], [ 137.09643895, 34.916298433 ], [ 137.096429526, 34.91618421 ], [ 137.096422066, 34.916076207 ], [ 137.09641925599999, 34.916034737 ], [ 137.09641331099999, 34.91594738 ], [ 137.096405986, 34.915809448 ], [ 137.096392189, 34.915561261 ], [ 137.096374913, 34.915286298 ], [ 137.096362978, 34.915165402 ], [ 137.096348603, 34.915080834 ], [ 137.096342184, 34.915036838 ], [ 137.096328887, 34.914972194 ], [ 137.096314594, 34.914921161 ], [ 137.096310671999987, 34.914899794 ], [ 137.096308679, 34.914888957 ], [ 137.095935680999986, 34.914941594 ], [ 137.095576919, 34.91498371 ], [ 137.095147086999987, 34.915049257 ], [ 137.09492016199999, 34.915072905 ], [ 137.094737665999986, 34.915100968 ], [ 137.094602167, 34.915113184 ], [ 137.094442324999989, 34.915104435 ], [ 137.094179035, 34.915087772 ], [ 137.094115751, 34.915080766 ], [ 137.093934036, 34.915066955 ], [ 137.093851766, 34.915070944 ], [ 137.093755347000013, 34.915060384 ], [ 137.093652678000012, 34.915062468 ], [ 137.093546027, 34.915063422 ], [ 137.093456882999988, 34.915055345 ], [ 137.093370765, 34.915041546 ], [ 137.093303361000011, 34.915028947 ], [ 137.09315440099999, 34.915003976 ], [ 137.093059129000011, 34.914995823 ], [ 137.09280874800001, 34.914973152 ], [ 137.09276240299999, 34.914969356 ], [ 137.092693567999987, 34.914964897 ], [ 137.092584923, 34.914955978 ], [ 137.09251657199999, 34.914950293 ], [ 137.092408707, 34.914937408 ], [ 137.092303664000013, 34.914927473 ], [ 137.092177138000011, 34.914916622 ], [ 137.09190346299999, 34.914899551 ], [ 137.09177224199999, 34.914889203 ], [ 137.09167225499999, 34.914878729 ], [ 137.091494426, 34.914865133 ], [ 137.09133848499999, 34.914851577 ], [ 137.09127755599999, 34.9148433 ], [ 137.090162827, 34.914746171 ], [ 137.09016845799999, 34.914751953 ], [ 137.090246216, 34.914833632 ], [ 137.090357028999989, 34.914947938 ], [ 137.090466123999988, 34.915061981 ], [ 137.090554543, 34.915154952 ], [ 137.090629275999987, 34.915231193 ], [ 137.090698236, 34.915301498 ], [ 137.090823559, 34.915430488 ], [ 137.090932721, 34.915544423 ], [ 137.091045538, 34.915658775 ], [ 137.091148183, 34.915767269 ], [ 137.0912928, 34.915922829 ], [ 137.091471372, 34.916119942 ], [ 137.091860593, 34.916505946 ], [ 137.09139374099999, 34.916615513 ], [ 137.091245133, 34.916657168 ], [ 137.090878301, 34.916752678 ], [ 137.090521270000011, 34.916852754 ], [ 137.090454228999988, 34.916871805 ], [ 137.090379646, 34.916892754 ], [ 137.089962845, 34.917005403 ], [ 137.090737854, 34.917963565 ], [ 137.089585136000011, 34.918289537 ], [ 137.08921472899999, 34.91839428 ], [ 137.089245396, 34.919035796 ], [ 137.08854623799999, 34.919211842 ], [ 137.088495142, 34.919218579 ], [ 137.088792098, 34.921055708 ], [ 137.088811639, 34.921143552 ], [ 137.088445621, 34.921198831 ], [ 137.08749571199999, 34.921310685 ], [ 137.087155587000012, 34.921344773 ], [ 137.08644881699999, 34.921423153 ], [ 137.08632502, 34.920759884 ], [ 137.086280278, 34.920444605 ], [ 137.08612122299999, 34.919497129 ], [ 137.08595176899999, 34.918487696 ], [ 137.08590561599999, 34.918287148 ], [ 137.08590154, 34.91826944 ], [ 137.085883394, 34.918190593 ], [ 137.085798899999986, 34.917668613 ], [ 137.08573474799999, 34.917295824 ], [ 137.085690559999989, 34.917045524 ], [ 137.086221704, 34.917020274 ], [ 137.086221728999988, 34.916995078 ], [ 137.086679618, 34.916973799 ], [ 137.08738230899999, 34.916943699 ], [ 137.087667944, 34.916922312 ], [ 137.088013882000013, 34.916856151 ], [ 137.087986865, 34.916713564 ], [ 137.087818645, 34.916273061 ], [ 137.087594255999988, 34.915792874 ], [ 137.087411022, 34.915445403 ], [ 137.08719436199999, 34.915080845 ], [ 137.086884934000011, 34.914610743 ], [ 137.087708628, 34.91460955 ], [ 137.088050277, 34.914601297 ], [ 137.08867366199999, 34.914600238 ], [ 137.088662613, 34.914434169 ], [ 137.088632523, 34.914149848 ], [ 137.088599278, 34.914008167 ], [ 137.088556202, 34.913882048 ], [ 137.08847585800001, 34.913701429 ], [ 137.088369985000014, 34.913530123 ], [ 137.088244479, 34.913369713 ], [ 137.088099328999988, 34.91322174 ], [ 137.087667720000013, 34.912815178 ], [ 137.08708796799999, 34.912286312 ], [ 137.08685836699999, 34.91208312 ], [ 137.08723871699999, 34.911901179 ], [ 137.087391125000011, 34.911826365 ], [ 137.087411363, 34.911811188 ], [ 137.087294558, 34.911712724 ], [ 137.087192569, 34.911626862 ], [ 137.087091729, 34.911541317 ], [ 137.086946318, 34.911419359 ], [ 137.086819162000012, 34.911308483 ], [ 137.08667345399999, 34.911188868 ], [ 137.087487648, 34.910378965 ], [ 137.087679939999987, 34.910363053 ], [ 137.087664268999987, 34.910145883 ], [ 137.087650107, 34.909976629 ], [ 137.08779511899999, 34.909906885 ], [ 137.088115286, 34.909740092 ], [ 137.088181931, 34.909706248 ], [ 137.08842569, 34.909585074 ], [ 137.089175278, 34.908992367 ], [ 137.089134718, 34.908984471 ], [ 137.088945322, 34.908950364 ], [ 137.088877714, 34.908938602 ], [ 137.088874526000012, 34.908942296 ], [ 137.088713361, 34.90891037 ], [ 137.08858709899999, 34.908885318 ], [ 137.088438629, 34.90885358 ], [ 137.088349677, 34.908836214 ], [ 137.088235110999989, 34.908824421 ], [ 137.08807874199999, 34.908813592 ], [ 137.087896328999989, 34.908802025 ], [ 137.087855295, 34.908798663 ], [ 137.087810099, 34.908798093 ], [ 137.087650873, 34.908799432 ], [ 137.087611368000012, 34.908799136 ], [ 137.08745511, 34.908786864 ], [ 137.087411006, 34.90878981 ], [ 137.087365479, 34.908792124 ], [ 137.08713982099999, 34.90879973 ], [ 137.08697343599999, 34.908803993 ], [ 137.087016377, 34.909449603 ], [ 137.086362979, 34.909957927 ], [ 137.085792981, 34.910402541 ], [ 137.084746102, 34.909500614 ], [ 137.084280686999989, 34.909099634 ], [ 137.084271975, 34.909101224 ], [ 137.084267345, 34.909102068 ], [ 137.08405500500001, 34.909141589 ], [ 137.083732134, 34.909205934 ], [ 137.084632876, 34.910001692 ], [ 137.085062751, 34.910416224 ], [ 137.08582570499999, 34.91107984 ], [ 137.08484277299999, 34.911820394 ], [ 137.08443397, 34.912129039 ], [ 137.08436386599999, 34.912181972 ], [ 137.083588760999987, 34.912762507 ], [ 137.082599974, 34.913505679 ], [ 137.08255916600001, 34.913536346 ], [ 137.082539454999988, 34.913536585 ], [ 137.082115165, 34.913541763 ], [ 137.081949036999987, 34.913541918 ], [ 137.08179779, 34.913543615 ], [ 137.081625422, 34.913545027 ], [ 137.081458198, 34.913546262 ], [ 137.081300168000013, 34.9135457 ], [ 137.081138306000014, 34.913546939 ], [ 137.08097754, 34.913547276 ], [ 137.080732395000013, 34.913548546 ], [ 137.08068194399999, 34.913548149 ], [ 137.08067308, 34.913547422 ], [ 137.080565178, 34.913542838 ], [ 137.080213875999988, 34.913544933 ], [ 137.079780822, 34.913547509 ], [ 137.079250914999989, 34.913550194 ], [ 137.07911532, 34.913550276 ], [ 137.078552911, 34.913551492 ], [ 137.078474656999987, 34.913556123 ], [ 137.078489254, 34.913619869 ], [ 137.078490281, 34.913682072 ], [ 137.07849282699999, 34.913860388 ], [ 137.078493529000013, 34.914022656 ], [ 137.07849345, 34.914096037 ], [ 137.07850133, 34.914096223 ], [ 137.078501319999987, 34.914105058 ], [ 137.07849970800001, 34.914282108 ], [ 137.07849844399999, 34.914440589 ], [ 137.07849858599999, 34.914513158 ], [ 137.078501396, 34.914546335 ], [ 137.078502702, 34.914552917 ], [ 137.078503675, 34.914564457 ], [ 137.078503218, 34.914684083 ], [ 137.078503969, 34.914902875 ], [ 137.078503727999987, 34.915128724 ], [ 137.078835201, 34.915048885 ], [ 137.079071105, 34.914994245 ], [ 137.07910088599999, 34.915084865 ], [ 137.079113651, 34.915122196 ], [ 137.079179769, 34.915313539 ], [ 137.079242943999986, 34.915494513 ], [ 137.079258, 34.915538967 ], [ 137.079263473, 34.915537709 ], [ 137.07932327099999, 34.915704346 ], [ 137.079388295, 34.91589695 ], [ 137.079432594, 34.916023821 ], [ 137.079507669, 34.916232749 ], [ 137.079579900999988, 34.916440323 ], [ 137.079643298, 34.916620035 ], [ 137.07970493900001, 34.916804613 ], [ 137.079668774, 34.916850473 ], [ 137.079594445999987, 34.916865204 ], [ 137.079243598, 34.91694266 ], [ 137.079285500999987, 34.917058441 ], [ 137.079326642000012, 34.917171517 ], [ 137.07940158, 34.917376613 ], [ 137.079470471, 34.91735967 ], [ 137.07965296, 34.91731698 ], [ 137.079852195, 34.917272138 ], [ 137.079849556, 34.917387437 ], [ 137.079849153999987, 34.917458023 ], [ 137.079850208000011, 34.917600188 ], [ 137.07985141099999, 34.917704851 ], [ 137.07985379199999, 34.917730545 ], [ 137.07988549800001, 34.917886858 ], [ 137.07994613599999, 34.917891715 ], [ 137.080163629, 34.917835969 ], [ 137.080255040999987, 34.917811514 ], [ 137.080300583, 34.917799196 ], [ 137.08031886399999, 34.917795152 ], [ 137.080341965, 34.917787686 ], [ 137.080343932, 34.917790572 ], [ 137.08037776899999, 34.917773017 ], [ 137.080382257999986, 34.917666014 ], [ 137.080387252, 34.91760048 ], [ 137.08041178900001, 34.917580214 ], [ 137.080562611, 34.917572658 ], [ 137.080679285, 34.917566881 ], [ 137.080795083, 34.917561103 ], [ 137.080937801, 34.917559131 ], [ 137.081207914, 34.917555264 ], [ 137.081455263, 34.91755075 ], [ 137.081732052, 34.917547068 ], [ 137.081865687, 34.917544006 ], [ 137.08186569099999, 34.917539949 ], [ 137.08195281, 34.917538928 ], [ 137.082088849, 34.917538752 ], [ 137.08208884699999, 34.917541277 ], [ 137.082201687, 34.9175382 ], [ 137.08246041699999, 34.917535404 ], [ 137.08248634, 34.917550297 ], [ 137.082502933, 34.917592228 ], [ 137.082569479999989, 34.917802049 ], [ 137.08258496799999, 34.917854346 ], [ 137.082754704, 34.917866814 ], [ 137.08280778, 34.917871809 ], [ 137.082890851, 34.917868711 ], [ 137.082906517999987, 34.917853036 ], [ 137.08292404, 34.917842681 ], [ 137.082932250999988, 34.917839892 ], [ 137.082959401000011, 34.917832608 ], [ 137.083016652, 34.917820838 ], [ 137.083015888, 34.917818764 ], [ 137.083120861, 34.917804233 ], [ 137.083265555, 34.91778458 ], [ 137.08340274299999, 34.917786279 ], [ 137.08341012599999, 34.91779017 ], [ 137.08356521499999, 34.917871409 ], [ 137.08368676500001, 34.917936904 ], [ 137.08374486299999, 34.917964493 ], [ 137.083797293, 34.918285728 ], [ 137.083818901, 34.918413105 ], [ 137.084992064, 34.918286537 ], [ 137.085363244, 34.91824649 ], [ 137.08537019799999, 34.918286791 ], [ 137.085510582000012, 34.919099997 ], [ 137.085571840999989, 34.919531868 ], [ 137.085742382, 34.920501646 ], [ 137.085800342999988, 34.920817159 ], [ 137.085835014, 34.921054039 ], [ 137.085899375, 34.921440178 ], [ 137.085982159, 34.92192489 ], [ 137.086055699000013, 34.922338188 ], [ 137.086133386, 34.922820714 ], [ 137.086268507999989, 34.922805154 ], [ 137.086584256, 34.922768807 ], [ 137.08675517399999, 34.922747582 ], [ 137.089014542, 34.922485074 ], [ 137.089292884, 34.924353209 ], [ 137.089475775000011, 34.925856262 ], [ 137.089541588, 34.926361811 ], [ 137.089565454, 34.926567211 ], [ 137.089630585, 34.927066423 ], [ 137.089747601999989, 34.928125623 ], [ 137.089749863, 34.928142987 ], [ 137.090125046, 34.928056592 ], [ 137.090151007, 34.928130566 ], [ 137.090188146, 34.928189555 ], [ 137.090249349, 34.928243358 ], [ 137.090304067, 34.928267634 ], [ 137.09043750399999, 34.928260776 ], [ 137.090559727999988, 34.928221674 ], [ 137.090720245999989, 34.928178341 ], [ 137.0908832, 34.928151335 ], [ 137.090949566, 34.928042612 ], [ 137.091048027999989, 34.928025329 ], [ 137.09124050599999, 34.92806707 ], [ 137.091334603, 34.92803591 ], [ 137.091385051, 34.92809736 ], [ 137.09143115399999, 34.928086363 ], [ 137.091504364, 34.928068902 ], [ 137.091580811999989, 34.928042698 ], [ 137.091753522, 34.927999966 ], [ 137.09196648599999, 34.927888998 ], [ 137.09212888499999, 34.927736215 ], [ 137.092147888, 34.927698238 ], [ 137.092131698, 34.927602725 ], [ 137.092110393000013, 34.927559215 ], [ 137.09203272900001, 34.927479711 ], [ 137.091987716, 34.927314802 ], [ 137.091975827999988, 34.927242549 ], [ 137.091984008, 34.927130085 ], [ 137.091983529, 34.927115418 ], [ 137.092318314000011, 34.927109253 ], [ 137.09247466, 34.927131287 ], [ 137.092946856999987, 34.927230233 ], [ 137.093234400999989, 34.92726559 ], [ 137.09352880599999, 34.927332939 ], [ 137.09352506499999, 34.927341772 ], [ 137.093498767999989, 34.927397242 ], [ 137.093457132, 34.927470057 ], [ 137.093419882, 34.927544614 ], [ 137.093391378, 34.927620908 ], [ 137.093380381, 34.927678127 ], [ 137.093375952, 34.92773536 ], [ 137.09337807599999, 34.927808201 ], [ 137.093391165000014, 34.927860234 ], [ 137.09343269499999, 34.927894948 ], [ 137.093520156000011, 34.927940093 ], [ 137.09362293800001, 34.927976575 ], [ 137.093690723, 34.928016506 ], [ 137.093738806, 34.928080693 ], [ 137.093765004, 34.928150078 ], [ 137.09379771, 34.928261098 ], [ 137.093817311, 34.928351285 ], [ 137.093836931999988, 34.928431069 ], [ 137.093850035, 34.928467497 ], [ 137.09391120399999, 34.928562919 ], [ 137.093965639, 34.92884737 ], [ 137.093989593, 34.928967057 ], [ 137.094015758000012, 34.929060727 ], [ 137.094055056, 34.929145725 ], [ 137.094094379000012, 34.929215117 ], [ 137.094140278, 34.929261968 ], [ 137.094155558000011, 34.929300137 ], [ 137.094183953, 34.929348717 ], [ 137.094242976, 34.929395575 ], [ 137.09432388499999, 34.929425102 ], [ 137.09438075, 34.929449421 ], [ 137.09447043, 34.92946334 ], [ 137.094557933, 34.929475535 ], [ 137.094625718, 34.929505062 ], [ 137.094647560999988, 34.929536294 ], [ 137.094675943999988, 34.929598747 ], [ 137.094684661, 34.929643845 ], [ 137.09471523799999, 34.929701089 ], [ 137.09477426699999, 34.929742745 ], [ 137.09486613199999, 34.929761875 ], [ 137.094955829000014, 34.92976886 ], [ 137.095111147000011, 34.92976375 ], [ 137.09531462699999, 34.929746544 ], [ 137.09560121199999, 34.92973977 ], [ 137.095790123, 34.929913515 ], [ 137.095933677, 34.929943961 ], [ 137.096021193000013, 34.929788578 ] ], [ [ 137.08057816199999, 34.915928035 ], [ 137.08078484699999, 34.915525587 ], [ 137.080882438, 34.915408823 ], [ 137.081052633000013, 34.915216647 ], [ 137.081377113, 34.914880774 ], [ 137.081771949, 34.91454476 ], [ 137.081932289, 34.914407567 ], [ 137.08280703599999, 34.913749539 ], [ 137.08285811799999, 34.913711108 ], [ 137.08337651, 34.913321148 ], [ 137.084375111000014, 34.914084819 ], [ 137.084873941000012, 34.91517388 ], [ 137.084942541, 34.915635776 ], [ 137.08511191299999, 34.916576265 ], [ 137.085147987, 34.916884408 ], [ 137.083155825, 34.916499564 ], [ 137.082643577, 34.916488429 ], [ 137.081818545, 34.916473486 ], [ 137.081179373, 34.916455062 ], [ 137.08050586600001, 34.916440154 ], [ 137.08057816199999, 34.915928035 ] ] ] } },
{ "type": "Feature", "properties": { "A29_001": "23212", "A29_002": "愛知県", "A29_003": "安城市", "A29_004": 5, "A29_005": "第一種住居地域", "A29_006": 60, "A29_007": 200, "A29_008": null }, "geometry": { "type": "Polygon", "coordinates": [ [ [ 137.08366602000001, 34.978378884 ], [ 137.08371015, 34.978302275 ], [ 137.083753019, 34.978218112 ], [ 137.083787636000011, 34.978143096 ], [ 137.083850141, 34.977994015 ], [ 137.08390774899999, 34.977827068 ], [ 137.084029402, 34.97745261 ], [ 137.084029574, 34.977452639 ], [ 137.084219053, 34.976860434 ], [ 137.084280433, 34.976671445 ], [ 137.083572804, 34.976509364 ], [ 137.08352308100001, 34.976497557 ], [ 137.082820828, 34.976340127 ], [ 137.082780686, 34.976331247 ], [ 137.08186539799999, 34.97612594 ], [ 137.08153242899999, 34.976051281 ], [ 137.08137753599999, 34.976015753 ], [ 137.08135355600001, 34.976010246 ], [ 137.08123743499999, 34.975983607 ], [ 137.080948167, 34.976097774 ], [ 137.08016797, 34.976237328 ], [ 137.079492206999987, 34.976317852 ], [ 137.07913819699999, 34.976359326 ], [ 137.079048519999986, 34.976369827 ], [ 137.07802511, 34.97648972 ], [ 137.07782273, 34.976573599 ], [ 137.077781003000013, 34.976582583 ], [ 137.077276273, 34.976788723 ], [ 137.076978249, 34.976427254 ], [ 137.076376823, 34.976809981 ], [ 137.076213951, 34.976899259 ], [ 137.076074002000013, 34.976988897 ], [ 137.075936629000012, 34.977086118 ], [ 137.07610670599999, 34.977257985 ], [ 137.075627817999987, 34.977450651 ], [ 137.075725561000013, 34.977527106 ], [ 137.076073122, 34.977798494 ], [ 137.07669901599999, 34.978304571 ], [ 137.076812348, 34.978398949 ], [ 137.077000395999988, 34.978546263 ], [ 137.077125238, 34.978652315 ], [ 137.07726491299999, 34.978775875 ], [ 137.077481596000013, 34.978980597 ], [ 137.07767959899999, 34.978878668 ], [ 137.077635335999986, 34.978811133 ], [ 137.077640919, 34.978792621 ], [ 137.078370626, 34.978516022 ], [ 137.078401302, 34.978395724 ], [ 137.07857293, 34.978332205 ], [ 137.07879368799999, 34.978558644 ], [ 137.079002938, 34.978783597 ], [ 137.079045893999989, 34.978834732 ], [ 137.07913545, 34.978941343 ], [ 137.079145831, 34.9789537 ], [ 137.079302348999988, 34.979144962 ], [ 137.079877067000012, 34.979892085 ], [ 137.08068092100001, 34.98091823 ], [ 137.08118494499999, 34.980523343 ], [ 137.082458288999987, 34.979526001 ], [ 137.08299927499999, 34.979105575 ], [ 137.08301030199999, 34.979096946 ], [ 137.083042979999988, 34.979071355 ], [ 137.083186025, 34.978953945 ], [ 137.083241928, 34.978901449 ], [ 137.083332813999988, 34.978810522 ], [ 137.08341516199999, 34.97872095 ], [ 137.083493225000012, 34.978626986 ], [ 137.083558829999987, 34.978539224 ], [ 137.083609203, 34.978467304 ], [ 137.08366602000001, 34.978378884 ] ] ] } },
{ "type": "Feature", "properties": { "A29_001": "23212", "A29_002": "愛知県", "A29_003": "安城市", "A29_004": 9, "A29_005": "商業地域", "A29_006": 80, "A29_007": 400, "A29_008": null }, "geometry": { "type": "Polygon", "coordinates": [ [ [ 137.084355757, 34.989045001 ], [ 137.085342059999988, 34.988393818 ], [ 137.08563577699999, 34.988204542 ], [ 137.086787527000013, 34.987474101 ], [ 137.086694316, 34.987344633 ], [ 137.086584125, 34.987183935 ], [ 137.086365089, 34.986898014 ], [ 137.08601407899999, 34.986450965 ], [ 137.086226345999989, 34.986341901 ], [ 137.086382232, 34.986257419 ], [ 137.086611713, 34.986073904 ], [ 137.086617647, 34.98607691 ], [ 137.086680384, 34.985980863 ], [ 137.086727466000013, 34.985898724 ], [ 137.08674044599999, 34.985876088 ], [ 137.08674622800001, 34.985865995 ], [ 137.08680009, 34.985738625 ], [ 137.086818413, 34.985673226 ], [ 137.086834684, 34.98557768 ], [ 137.086832191000013, 34.985436931 ], [ 137.08682601699999, 34.985354721 ], [ 137.086814092, 34.985283704 ], [ 137.086794319, 34.985218271 ], [ 137.08676673299999, 34.985144224 ], [ 137.086726121, 34.985061559 ], [ 137.086662045, 34.984959082 ], [ 137.086601597, 34.984887168 ], [ 137.08657346699999, 34.984855724 ], [ 137.086506694, 34.984789223 ], [ 137.086454018000012, 34.984745701 ], [ 137.086351481, 34.984669585 ], [ 137.086224096, 34.984588151 ], [ 137.08614567, 34.984543179 ], [ 137.086118035, 34.984531757 ], [ 137.086044148000013, 34.984504925 ], [ 137.085951490000014, 34.984475818 ], [ 137.08587251099999, 34.984458989 ], [ 137.08579430399999, 34.984447317 ], [ 137.085551141, 34.984402234 ], [ 137.085141341999986, 34.984392638 ], [ 137.084828765, 34.984361669 ], [ 137.084643986, 34.984346725 ], [ 137.084315554999989, 34.984320152 ], [ 137.084174186000013, 34.985385276 ], [ 137.084103133000013, 34.985874323 ], [ 137.084099845999987, 34.985896966 ], [ 137.084089809, 34.985966021 ], [ 137.08321238, 34.986522839 ], [ 137.083049555, 34.986608494 ], [ 137.082032109000011, 34.987094126 ], [ 137.081944349, 34.98713601 ], [ 137.08132864800001, 34.987414459 ], [ 137.082256943, 34.988610563 ], [ 137.082584704999988, 34.988439664 ], [ 137.083013154000014, 34.989044065 ], [ 137.083216752999988, 34.98932624 ], [ 137.083430611000011, 34.989279727 ], [ 137.08363426, 34.989232854 ], [ 137.083589442, 34.989542174 ], [ 137.084355757, 34.989045001 ] ] ] } },
{ "type": "Feature", "properties": { "A29_001": "23212", "A29_002": "愛知県", "A29_003": "安城市", "A29_004": 9, "A29_005": "商業地域", "A29_006": 80, "A29_007": 400, "A29_008": null }, "geometry": { "type": "Polygon", "coordinates": [ [ [ 137.06414382599999, 34.97064667 ], [ 137.063631805, 34.97022238 ], [ 137.063720565000011, 34.970153249 ], [ 137.063864822999989, 34.970069398 ], [ 137.064004643, 34.969988086 ], [ 137.064235443, 34.969857035 ], [ 137.063902687, 34.969828835 ], [ 137.063402287, 34.969539541 ], [ 137.064337740000013, 34.969169861 ], [ 137.06446895799999, 34.969117767 ], [ 137.064096049, 34.96844587 ], [ 137.063099628, 34.968848904 ], [ 137.062384277, 34.967581716 ], [ 137.062380201, 34.967574492 ], [ 137.06214445099999, 34.967156625 ], [ 137.063033423, 34.966191616 ], [ 137.063323034, 34.965875534 ], [ 137.063789121000013, 34.96536993 ], [ 137.063474695, 34.965174385 ], [ 137.062201828000013, 34.964375515 ], [ 137.061918125, 34.964197779 ], [ 137.061255877, 34.963785014 ], [ 137.060489135000012, 34.964704232 ], [ 137.059698978, 34.965654959 ], [ 137.058843392, 34.96513414 ], [ 137.0587461, 34.96524681 ], [ 137.058344729999988, 34.965722488 ], [ 137.058290319, 34.96578621 ], [ 137.057726198000012, 34.966463634 ], [ 137.05819102000001, 34.966747773 ], [ 137.058706094, 34.967060792 ], [ 137.057432381000012, 34.968586342 ], [ 137.05738599599999, 34.969069691 ], [ 137.058543299, 34.969208626 ], [ 137.060111038, 34.969366427 ], [ 137.05952940200001, 34.969996634 ], [ 137.05885735699999, 34.970724784 ], [ 137.058257571000013, 34.97137628 ], [ 137.057971314000014, 34.971686412 ], [ 137.057964558, 34.971693753 ], [ 137.058150987, 34.971619511 ], [ 137.058266029, 34.971573702 ], [ 137.058884655000014, 34.97132942 ], [ 137.059368001, 34.971138546 ], [ 137.059747351, 34.970987432 ], [ 137.060275343, 34.970778699 ], [ 137.060275453, 34.970778699 ], [ 137.06093313, 34.970518882 ], [ 137.061091065999989, 34.970455781 ], [ 137.06131780199999, 34.970851681 ], [ 137.061514192, 34.9711884 ], [ 137.061609809, 34.971352326 ], [ 137.061672442, 34.971455022 ], [ 137.061713727000011, 34.97152604 ], [ 137.062317266, 34.971278609 ], [ 137.062395516, 34.971338462 ], [ 137.06246327400001, 34.971398748 ], [ 137.062533242, 34.971461001 ], [ 137.062628862999986, 34.971536717 ], [ 137.06283181399999, 34.971713553 ], [ 137.063076661999986, 34.971512363 ], [ 137.063564383999989, 34.971921057 ], [ 137.063680326999986, 34.971992959 ], [ 137.064052253999989, 34.972302453 ], [ 137.064180963000013, 34.972158226 ], [ 137.064571375000014, 34.971721266 ], [ 137.064114224, 34.971340782 ], [ 137.064127805999988, 34.971330463 ], [ 137.063714524, 34.970990437 ], [ 137.06396670399999, 34.970780795 ], [ 137.064039056000013, 34.970722999 ], [ 137.06411533799999, 34.97066628 ], [ 137.06414382599999, 34.97064667 ] ] ] } },
{ "type": "Feature", "properties": { "A29_001": "23212", "A29_002": "愛知県", "A29_003": "安城市", "A29_004": 9, "A29_005": "商業地域", "A29_006": 80, "A29_007": 400, "A29_008": null }, "geometry": { "type": "Polygon", "coordinates": [ [ [ 137.092252135, 34.9515264 ], [ 137.091998722999989, 34.951609055 ], [ 137.090162477, 34.95218037 ], [ 137.08935653099999, 34.952434096 ], [ 137.089619779, 34.953019477 ], [ 137.08970803299999, 34.953109032 ], [ 137.090637851999986, 34.953579297 ], [ 137.091398418000011, 34.953963135 ], [ 137.091504218000011, 34.953858719 ], [ 137.092536319, 34.952847667 ], [ 137.09250443, 34.952610387 ], [ 137.092377763, 34.951490616 ], [ 137.092252135, 34.9515264 ] ] ] } },
{ "type": "Feature", "properties": { "A29_001": "23212", "A29_002": "愛知県", "A29_003": "安城市", "A29_004": 9, "A29_005": "商業地域", "A29_006": 80, "A29_007": 300, "A29_008": null }, "geometry": { "type": "Polygon", "coordinates": [ [ [ 137.08644881699999, 34.921423153 ], [ 137.087155587000012, 34.921344773 ], [ 137.08749571199999, 34.921310685 ], [ 137.088445621, 34.921198831 ], [ 137.088811639, 34.921143552 ], [ 137.088792098, 34.921055708 ], [ 137.088495142, 34.919218579 ], [ 137.088294249, 34.919245089 ], [ 137.08811357499999, 34.919267329 ], [ 137.087909841, 34.919289545 ], [ 137.08774009199999, 34.919309457 ], [ 137.087602764, 34.919325423 ], [ 137.087521844, 34.91933214 ], [ 137.087498474, 34.919335379 ], [ 137.087346282, 34.919353039 ], [ 137.08724810699999, 34.919366128 ], [ 137.087064532999989, 34.919387355 ], [ 137.086917156999988, 34.919404477 ], [ 137.08676543499999, 34.919422587 ], [ 137.086652910999987, 34.919435675 ], [ 137.086554111999988, 34.919447518 ], [ 137.08637592299999, 34.919469208 ], [ 137.08612122299999, 34.919497129 ], [ 137.086280278, 34.920444605 ], [ 137.08632502, 34.920759884 ], [ 137.08644881699999, 34.921423153 ] ] ] } },
{ "type": "Feature", "properties": { "A29_001": "23212", "A29_002": "愛知県", "A29_003": "安城市", "A29_004": 9, "A29_005": "商業地域", "A29_006": 80, "A29_007": 400, "A29_008": null }, "geometry": { "type": "Polygon", "coordinates": [ [ [ 137.084903209, 34.958853187 ], [ 137.085166434, 34.958710029 ], [ 137.085808168999989, 34.958359422 ], [ 137.08551113499999, 34.958011775 ], [ 137.08521178699999, 34.957648513 ], [ 137.085375316000011, 34.957576919 ], [ 137.085576177, 34.957445095 ], [ 137.085698081, 34.957333807 ], [ 137.085842078000013, 34.95750403 ], [ 137.086021910999989, 34.957721776 ], [ 137.086322345000013, 34.958076446 ], [ 137.086779838000012, 34.957829986 ], [ 137.086697984000011, 34.957574534 ], [ 137.086872430999989, 34.957478199 ], [ 137.08697673099999, 34.957395439 ], [ 137.087165758999987, 34.957199302 ], [ 137.087280179, 34.957556264 ], [ 137.087396066, 34.957482003 ], [ 137.087467398, 34.957430837 ], [ 137.08752359799999, 34.957390749 ], [ 137.08757887199999, 34.957345639 ], [ 137.087636855999989, 34.957294418 ], [ 137.087692626, 34.957245657 ], [ 137.08774080399999, 34.957201065 ], [ 137.087904748999989, 34.957022733 ], [ 137.088073485, 34.95712489 ], [ 137.088219189, 34.957278794 ], [ 137.088301446, 34.957414024 ], [ 137.088239843999986, 34.957480856 ], [ 137.088162849000014, 34.957557622 ], [ 137.088069147, 34.957643409 ], [ 137.087983134000012, 34.957715003 ], [ 137.08793334, 34.957754429 ], [ 137.087825079999988, 34.957834419 ], [ 137.087724322000014, 34.957900864 ], [ 137.08753058100001, 34.958009502 ], [ 137.087656899, 34.958168335 ], [ 137.088023439000011, 34.958621323 ], [ 137.088107056000013, 34.958721342 ], [ 137.088216526, 34.958855372 ], [ 137.088336983, 34.959007908 ], [ 137.088523407999986, 34.95885557 ], [ 137.088970182, 34.958490469 ], [ 137.08906998, 34.958651943 ], [ 137.089112035999989, 34.958713378 ], [ 137.089673061000013, 34.958261734 ], [ 137.08989925099999, 34.958075027 ], [ 137.090102765000012, 34.957909842 ], [ 137.090448678, 34.957628978 ], [ 137.091227919, 34.956994607 ], [ 137.090601478, 34.956127335 ], [ 137.09015224699999, 34.955506258 ], [ 137.089932632999989, 34.955200599 ], [ 137.089620637, 34.954770936 ], [ 137.08929151000001, 34.954315633 ], [ 137.088962802, 34.953860518 ], [ 137.088523097, 34.953242118 ], [ 137.088202808, 34.952797292 ], [ 137.088073877, 34.952837884 ], [ 137.08785519700001, 34.952921246 ], [ 137.085266735, 34.954091869 ], [ 137.08362943899999, 34.954822474 ], [ 137.083419899, 34.954910342 ], [ 137.082855423000012, 34.95516894 ], [ 137.082544859, 34.955302595 ], [ 137.08220558799999, 34.95545389 ], [ 137.081994199, 34.955558576 ], [ 137.081760866, 34.955675172 ], [ 137.081539385000013, 34.955796303 ], [ 137.081366178, 34.955899049 ], [ 137.08100373, 34.956105125 ], [ 137.080257155999988, 34.95653242 ], [ 137.080005623, 34.956676378 ], [ 137.080275395, 34.957245224 ], [ 137.080293761, 34.957283965 ], [ 137.080403259, 34.95751291 ], [ 137.080452412999989, 34.957627938 ], [ 137.080605886, 34.957836252 ], [ 137.081138263000014, 34.958492193 ], [ 137.081416413, 34.95885079 ], [ 137.08146869399999, 34.958918194 ], [ 137.081707900999987, 34.959220727 ], [ 137.082047296000013, 34.959647255 ], [ 137.082318807, 34.959994703 ], [ 137.08244724799999, 34.960159141 ], [ 137.08255666, 34.960299974 ], [ 137.08360844399999, 34.961653772 ], [ 137.08393237300001, 34.962070702 ], [ 137.084112258, 34.962001438 ], [ 137.08418283899999, 34.961974189 ], [ 137.084650040000014, 34.961793822 ], [ 137.08507480599999, 34.961625009 ], [ 137.085093863, 34.961621641 ], [ 137.085173727000011, 34.961607514 ], [ 137.085357921, 34.961530435 ], [ 137.08545301, 34.961489391 ], [ 137.085658908999989, 34.961399615 ], [ 137.085849043, 34.961317049 ], [ 137.086089791, 34.961210158 ], [ 137.086386508, 34.961077522 ], [ 137.086484353, 34.961207562 ], [ 137.08655351199999, 34.96130037 ], [ 137.08660692, 34.961375309 ], [ 137.086685055, 34.961482997 ], [ 137.086705155, 34.961510009 ], [ 137.086845399, 34.961439281 ], [ 137.087614553, 34.961044594 ], [ 137.087750758, 34.960969905 ], [ 137.08864035900001, 34.960501783 ], [ 137.089030011, 34.960314362 ], [ 137.089106606, 34.960269229 ], [ 137.089815410999989, 34.959925152 ], [ 137.089861871000011, 34.959902663 ], [ 137.08985192099999, 34.959887503 ], [ 137.089517873, 34.959308722 ], [ 137.089452911, 34.959198943 ], [ 137.08940947100001, 34.959130268 ], [ 137.089396548, 34.959109832 ], [ 137.089326844999988, 34.958999654 ], [ 137.089243358, 34.958864658 ], [ 137.089238023, 34.958856028 ], [ 137.08919875, 34.958792539 ], [ 137.089177726, 34.958758494 ], [ 137.08915530499999, 34.9587766 ], [ 137.08905709699999, 34.958855912 ], [ 137.088603828, 34.959221965 ], [ 137.08850372500001, 34.959300014 ], [ 137.088221866, 34.959525689 ], [ 137.088177854, 34.959471986 ], [ 137.087680086, 34.95967913 ], [ 137.086836498999986, 34.960047861 ], [ 137.086788323, 34.959986618 ], [ 137.086291675000012, 34.960183769 ], [ 137.08624533299999, 34.960129199 ], [ 137.085873463000013, 34.960345469 ], [ 137.085780383000014, 34.960238095 ], [ 137.085767049, 34.960245803 ], [ 137.084969403, 34.959303692 ], [ 137.084699590000014, 34.958956549 ], [ 137.084685823, 34.95893805 ], [ 137.084903209, 34.958853187 ] ] ] } },
{ "type": "Feature", "properties": { "A29_001": "23212", "A29_002": "愛知県", "A29_003": "安城市", "A29_004": 9, "A29_005": "商業地域", "A29_006": 80, "A29_007": 400, "A29_008": null }, "geometry": { "type": "Polygon", "coordinates": [ [ [ 137.085978667, 34.958853906 ], [ 137.085391961999989, 34.959172188 ], [ 137.085920474, 34.959796418 ], [ 137.08650064, 34.959449454 ], [ 137.086641261000011, 34.959369702 ], [ 137.08621616, 34.958854064 ], [ 137.086142674, 34.958764931 ], [ 137.085978667, 34.958853906 ] ] ] } },
{ "type": "Feature", "properties": { "A29_001": "23212", "A29_002": "愛知県", "A29_003": "安城市", "A29_004": 9, "A29_005": "商業地域", "A29_006": 80, "A29_007": 500, "A29_008": null }, "geometry": { "type": "Polygon", "coordinates": [ [ [ 137.084903209, 34.958853187 ], [ 137.084685823, 34.95893805 ], [ 137.084699590000014, 34.958956549 ], [ 137.084969403, 34.959303692 ], [ 137.085767049, 34.960245803 ], [ 137.085780383000014, 34.960238095 ], [ 137.085873463000013, 34.960345469 ], [ 137.08624533299999, 34.960129199 ], [ 137.086291675000012, 34.960183769 ], [ 137.086788323, 34.959986618 ], [ 137.086836498999986, 34.960047861 ], [ 137.087680086, 34.95967913 ], [ 137.088177854, 34.959471986 ], [ 137.088221866, 34.959525689 ], [ 137.08850372500001, 34.959300014 ], [ 137.088603828, 34.959221965 ], [ 137.08905709699999, 34.958855912 ], [ 137.08915530499999, 34.9587766 ], [ 137.089112035999989, 34.958713378 ], [ 137.08906998, 34.958651943 ], [ 137.088970182, 34.958490469 ], [ 137.088523407999986, 34.95885557 ], [ 137.088336983, 34.959007908 ], [ 137.088216526, 34.958855372 ], [ 137.088107056000013, 34.958721342 ], [ 137.088023439000011, 34.958621323 ], [ 137.087656899, 34.958168335 ], [ 137.08753058100001, 34.958009502 ], [ 137.087724322000014, 34.957900864 ], [ 137.087825079999988, 34.957834419 ], [ 137.08793334, 34.957754429 ], [ 137.087983134000012, 34.957715003 ], [ 137.088069147, 34.957643409 ], [ 137.088162849000014, 34.957557622 ], [ 137.088239843999986, 34.957480856 ], [ 137.088301446, 34.957414024 ], [ 137.088219189, 34.957278794 ], [ 137.088073485, 34.95712489 ], [ 137.087904748999989, 34.957022733 ], [ 137.08774080399999, 34.957201065 ], [ 137.087692626, 34.957245657 ], [ 137.087636855999989, 34.957294418 ], [ 137.08757887199999, 34.957345639 ], [ 137.08752359799999, 34.957390749 ], [ 137.087467398, 34.957430837 ], [ 137.087396066, 34.957482003 ], [ 137.087280179, 34.957556264 ], [ 137.087165758999987, 34.957199302 ], [ 137.08697673099999, 34.957395439 ], [ 137.086872430999989, 34.957478199 ], [ 137.086697984000011, 34.957574534 ], [ 137.086779838000012, 34.957829986 ], [ 137.086322345000013, 34.958076446 ], [ 137.086021910999989, 34.957721776 ], [ 137.085842078000013, 34.95750403 ], [ 137.085698081, 34.957333807 ], [ 137.085576177, 34.957445095 ], [ 137.085375316000011, 34.957576919 ], [ 137.08521178699999, 34.957648513 ], [ 137.08551113499999, 34.958011775 ], [ 137.085808168999989, 34.958359422 ], [ 137.085166434, 34.958710029 ], [ 137.084903209, 34.958853187 ] ], [ [ 137.085978667, 34.958853906 ], [ 137.086142674, 34.958764931 ], [ 137.08621616, 34.958854064 ], [ 137.086641261000011, 34.959369702 ], [ 137.08650064, 34.959449454 ], [ 137.085920474, 34.959796418 ], [ 137.085391961999989, 34.959172188 ], [ 137.085978667, 34.958853906 ] ] ] } },
{ "type": "Feature", "properties": { "A29_001": "23212", "A29_002": "愛知県", "A29_003": "安城市", "A29_004": 7, "A29_005": "準住居地域", "A29_006": 60, "A29_007": 200, "A29_008": null }, "geometry": { "type": "Polygon", "coordinates": [ [ [ 137.071702982, 34.964561042 ], [ 137.07189052199999, 34.96449585 ], [ 137.072312892000014, 34.964360118 ], [ 137.07218196, 34.964117375 ], [ 137.07211085099999, 34.963999469 ], [ 137.072028592, 34.963883592 ], [ 137.07192478799999, 34.963753085 ], [ 137.071774588000011, 34.963592901 ], [ 137.07165094199999, 34.963482166 ], [ 137.07149947799999, 34.96336481 ], [ 137.071387675000011, 34.963287033 ], [ 137.071120185000012, 34.963128163 ], [ 137.07097358499999, 34.963058318 ], [ 137.070748662999989, 34.962953254 ], [ 137.07051677199999, 34.962844361 ], [ 137.070364425, 34.962772735 ], [ 137.07014612899999, 34.962668901 ], [ 137.06978183699999, 34.962495779 ], [ 137.070213491, 34.96199106 ], [ 137.070701337, 34.961420612 ], [ 137.070830906999987, 34.961273981 ], [ 137.07280097099999, 34.958947404 ], [ 137.07286304199999, 34.958874099 ], [ 137.07288825, 34.958844505 ], [ 137.074354252, 34.957123252 ], [ 137.07449946599999, 34.957015861 ], [ 137.074573663, 34.956975477 ], [ 137.074912641, 34.956761605 ], [ 137.075005715, 34.956710228 ], [ 137.075197925999987, 34.956601185 ], [ 137.07551984, 34.956368341 ], [ 137.076096573, 34.956043726 ], [ 137.077395258, 34.955315381 ], [ 137.077433187999986, 34.955395902 ], [ 137.07751759199999, 34.955572474 ], [ 137.078792083, 34.954832106 ], [ 137.079070838, 34.955402972 ], [ 137.07968298, 34.956656559 ], [ 137.079781311, 34.956881954 ], [ 137.08003463, 34.957403911 ], [ 137.080188706, 34.957308257 ], [ 137.080275395, 34.957245224 ], [ 137.080005623, 34.956676378 ], [ 137.080257155999988, 34.95653242 ], [ 137.080147067000013, 34.956304889 ], [ 137.07930034099999, 34.954554871 ], [ 137.079659631999988, 34.95434961 ], [ 137.07974787399999, 34.954296359 ], [ 137.07987163199999, 34.954225691 ], [ 137.080137955999987, 34.954075865 ], [ 137.080387081, 34.953933816 ], [ 137.080487207, 34.953876499 ], [ 137.080924341000014, 34.953628144 ], [ 137.081396106, 34.953358411 ], [ 137.08162763199999, 34.953215265 ], [ 137.08168794299999, 34.953181186 ], [ 137.081947797999987, 34.953034093 ], [ 137.082514333, 34.952784181 ], [ 137.08379010199999, 34.952339006 ], [ 137.084877492, 34.951959553 ], [ 137.085085924999987, 34.95188551 ], [ 137.085177937999987, 34.951854498 ], [ 137.085183448, 34.951852149 ], [ 137.08550820100001, 34.951735435 ], [ 137.08594426499999, 34.951580761 ], [ 137.086095752, 34.95152726 ], [ 137.086235421999987, 34.951477122 ], [ 137.086521146, 34.951375939 ], [ 137.08670838, 34.951312472 ], [ 137.087049502000013, 34.951191447 ], [ 137.08851714, 34.950670713 ], [ 137.08927713599999, 34.950316485 ], [ 137.089465663999988, 34.950234336 ], [ 137.08984844, 34.950121704 ], [ 137.09039420799999, 34.949963568 ], [ 137.091001697, 34.949787555 ], [ 137.09107473, 34.949758338 ], [ 137.091560447, 34.949591875 ], [ 137.09185645, 34.949490415 ], [ 137.09182212499999, 34.949214505 ], [ 137.092245698999989, 34.949065372 ], [ 137.092380956999989, 34.949017748 ], [ 137.093134109, 34.948752558 ], [ 137.093189962, 34.948846148 ], [ 137.09320720299999, 34.948874564 ], [ 137.093302587000011, 34.949021743 ], [ 137.093398865000012, 34.949162144 ], [ 137.09348658799999, 34.949282058 ], [ 137.093555092, 34.949370949 ], [ 137.093646653, 34.949484572 ], [ 137.09376217499999, 34.949618025 ], [ 137.09386904199999, 34.949733298 ], [ 137.093957370999988, 34.949826249 ], [ 137.094059477, 34.949927573 ], [ 137.09412304899999, 34.949986568 ], [ 137.094415712, 34.950270393 ], [ 137.094592024, 34.95044104 ], [ 137.094716584, 34.950559064 ], [ 137.094684167999986, 34.950593283 ], [ 137.095134436, 34.95101161 ], [ 137.095176807, 34.951051832 ], [ 137.095656326000011, 34.951507055 ], [ 137.095821532, 34.951663126 ], [ 137.09628479, 34.952078175 ], [ 137.096522678000014, 34.952299103 ], [ 137.09664085899999, 34.952417851 ], [ 137.096944130999987, 34.952697088 ], [ 137.097011595, 34.952767316 ], [ 137.097218226, 34.953002 ], [ 137.097462689999986, 34.95339111 ], [ 137.097613087000013, 34.953613852 ], [ 137.097622153, 34.95362728 ], [ 137.097676658000012, 34.953732433 ], [ 137.09780540599999, 34.953998983 ], [ 137.097996943, 34.953918572 ], [ 137.098455155000011, 34.953725643 ], [ 137.098877034, 34.953534513 ], [ 137.09877573899999, 34.953406635 ], [ 137.098703051, 34.953281965 ], [ 137.098701796, 34.953276988 ], [ 137.098701801, 34.953271191 ], [ 137.09870407299999, 34.953264981 ], [ 137.098707100000013, 34.953258141 ], [ 137.09870836499999, 34.953251723 ], [ 137.098708581000011, 34.95324251 ], [ 137.09870833299999, 34.953236704 ], [ 137.098707581000014, 34.953233188 ], [ 137.098704816, 34.953226966 ], [ 137.098645677, 34.953123146 ], [ 137.098562034999986, 34.952979232 ], [ 137.098522967, 34.952915358 ], [ 137.098431041999987, 34.952751931 ], [ 137.098422733, 34.952737404 ], [ 137.098419154999988, 34.952721058 ], [ 137.09842435499999, 34.95272125 ], [ 137.098424935999986, 34.952721268 ], [ 137.098417864, 34.952613619 ], [ 137.098412972, 34.95243936 ], [ 137.0982249, 34.952255181 ], [ 137.098117462, 34.952156083 ], [ 137.097998464999989, 34.95204151 ], [ 137.09777067499999, 34.951826937 ], [ 137.09575593, 34.949877867 ], [ 137.095493624999989, 34.949644149 ], [ 137.095416862, 34.949569858 ], [ 137.095115326000013, 34.94927743 ], [ 137.09505667799999, 34.949223009 ], [ 137.09498050799999, 34.94914742 ], [ 137.09490863100001, 34.949071779 ], [ 137.094819593000011, 34.948975737 ], [ 137.094729292000011, 34.948871418 ], [ 137.094657262999988, 34.948782039 ], [ 137.094604135, 34.948713107 ], [ 137.094533840999986, 34.948617012 ], [ 137.09443920699999, 34.948486331 ], [ 137.09410311799999, 34.947841852 ], [ 137.09349038, 34.948058453 ], [ 137.092278893000014, 34.948485028 ], [ 137.091477836, 34.948767627 ], [ 137.09147273, 34.948723613 ], [ 137.091080075, 34.948861431 ], [ 137.090358646999988, 34.949112782 ], [ 137.08902687299999, 34.949580149 ], [ 137.088136721000012, 34.94989057 ], [ 137.088128407, 34.949861104 ], [ 137.086874978999987, 34.950306845 ], [ 137.086813807, 34.950330297 ], [ 137.086486492, 34.950409448 ], [ 137.086268603, 34.95046214 ], [ 137.086131407000011, 34.950492708 ], [ 137.085927250999987, 34.950541739 ], [ 137.08592054799999, 34.95054343 ], [ 137.08559043599999, 34.95062675 ], [ 137.085456396000012, 34.950641445 ], [ 137.085257657999989, 34.950692074 ], [ 137.084873738999988, 34.950788752 ], [ 137.084433671999989, 34.950897273 ], [ 137.084086504, 34.951095543 ], [ 137.0840189, 34.95113281 ], [ 137.08371937699999, 34.951301336 ], [ 137.08345731599999, 34.951450793 ], [ 137.083349024, 34.951512092 ], [ 137.08319537700001, 34.951598222 ], [ 137.082961547999986, 34.951730173 ], [ 137.08262935499999, 34.951849435 ], [ 137.082398618000013, 34.951932166 ], [ 137.08230862, 34.951982794 ], [ 137.082035682999987, 34.95207936 ], [ 137.081742459, 34.952183096 ], [ 137.081612576, 34.951986861 ], [ 137.081350081000011, 34.952137603 ], [ 137.081132263, 34.952262692 ], [ 137.08112218299999, 34.952247342 ], [ 137.080665927000013, 34.95250771 ], [ 137.080425459, 34.952647179 ], [ 137.080407, 34.952657235 ], [ 137.08032531399999, 34.952703991 ], [ 137.08029419799999, 34.952723504 ], [ 137.080138156, 34.952812513 ], [ 137.079679527, 34.953074291 ], [ 137.079072948, 34.953419519 ], [ 137.078819769, 34.953563609 ], [ 137.078273048999989, 34.952434496 ], [ 137.077819645, 34.951493074 ], [ 137.077712967999986, 34.951271583 ], [ 137.077533781999989, 34.950903665 ], [ 137.07746003299999, 34.95075923 ], [ 137.077407154000014, 34.950655133 ], [ 137.077364394999989, 34.950567749 ], [ 137.07725788799999, 34.950352514 ], [ 137.077216029999988, 34.950272549 ], [ 137.07721217299999, 34.950265866 ], [ 137.077156428, 34.950169195 ], [ 137.07708758199999, 34.950057992 ], [ 137.076999021, 34.949924552 ], [ 137.076887262000014, 34.949768532 ], [ 137.076828670999987, 34.949691781 ], [ 137.076746429, 34.949597345 ], [ 137.076671299999987, 34.949506645 ], [ 137.076619367, 34.949449272 ], [ 137.07655863, 34.949383924 ], [ 137.076399229, 34.949223189 ], [ 137.076299868, 34.949125241 ], [ 137.07610427099999, 34.948955807 ], [ 137.076052489, 34.948910955 ], [ 137.075897706, 34.94878401 ], [ 137.07569199400001, 34.948614504 ], [ 137.075532871, 34.948473502 ], [ 137.07461163, 34.947725569 ], [ 137.07414772300001, 34.947344522 ], [ 137.073894644, 34.947136654 ], [ 137.073797051000014, 34.947252438 ], [ 137.073656572, 34.947427723 ], [ 137.07354647599999, 34.947552367 ], [ 137.073797641, 34.947758476 ], [ 137.074668198000012, 34.94847285 ], [ 137.074814906, 34.948593236 ], [ 137.07547225, 34.949134882 ], [ 137.075621705, 34.949257451 ], [ 137.075850073, 34.94945529 ], [ 137.07593491, 34.94953892 ], [ 137.07610345399999, 34.949708867 ], [ 137.076328614, 34.949968427 ], [ 137.076372893000013, 34.950026443 ], [ 137.076475304000013, 34.950169422 ], [ 137.076555011000011, 34.950289513 ], [ 137.076616073999986, 34.950388144 ], [ 137.07666734899999, 34.950477068 ], [ 137.076702498, 34.950544209 ], [ 137.076806272, 34.950753934 ], [ 137.076838947, 34.950820713 ], [ 137.07685595699999, 34.95085546 ], [ 137.076887411, 34.950917081 ], [ 137.07694174400001, 34.951023523 ], [ 137.076976706000011, 34.951092007 ], [ 137.077153607000014, 34.951455236 ], [ 137.077713463, 34.952617683 ], [ 137.07833866199999, 34.953908932 ], [ 137.078145251, 34.953973193 ], [ 137.078034744, 34.953999806 ], [ 137.077666396000012, 34.954123346 ], [ 137.077177353, 34.954288336 ], [ 137.076925710000012, 34.9543738 ], [ 137.076937149, 34.954396417 ], [ 137.07701637400001, 34.954561401 ], [ 137.077106985, 34.954747732 ], [ 137.07714610299999, 34.954822476 ], [ 137.07609725899999, 34.955410707 ], [ 137.07572697, 34.955618375 ], [ 137.075145845, 34.955945473 ], [ 137.07469221, 34.956205856 ], [ 137.07435797299999, 34.956391939 ], [ 137.07416296, 34.956509334 ], [ 137.07402334, 34.956627502 ], [ 137.073861013, 34.956791673 ], [ 137.072342541000012, 34.958574495 ], [ 137.072201545000013, 34.958741006 ], [ 137.072114419, 34.958843905 ], [ 137.071519857999988, 34.959546071 ], [ 137.071650807, 34.959709675 ], [ 137.071702225, 34.959779147 ], [ 137.070977008, 34.960640699 ], [ 137.069833087, 34.96199073 ], [ 137.069458059999988, 34.962426079 ], [ 137.06910079299999, 34.962841266 ], [ 137.069647346000011, 34.963078649 ], [ 137.070147402, 34.963310953 ], [ 137.070639023000012, 34.963538452 ], [ 137.070719532, 34.963576297 ], [ 137.070817006999988, 34.963629029 ], [ 137.070925386, 34.963693768 ], [ 137.07103476899999, 34.963771183 ], [ 137.07124444199999, 34.963930306 ], [ 137.07141650599999, 34.964121518 ], [ 137.071523023, 34.964263783 ], [ 137.071702982, 34.964561042 ] ] ] } },
{ "type": "Feature", "properties": { "A29_001": "23212", "A29_002": "愛知県", "A29_003": "安城市", "A29_004": 7, "A29_005": "準住居地域", "A29_006": 60, "A29_007": 200, "A29_008": null }, "geometry": { "type": "Polygon", "coordinates": [ [ [ 137.087748553000011, 34.985899392 ], [ 137.088012283000012, 34.986230531 ], [ 137.088247421, 34.986508842 ], [ 137.086797611, 34.987467707 ], [ 137.086787527000013, 34.987474101 ], [ 137.086787571, 34.987474164 ], [ 137.086870347, 34.98757677 ], [ 137.087089924999987, 34.987860699 ], [ 137.088043812, 34.98727958 ], [ 137.088841529, 34.98686107 ], [ 137.089993103000012, 34.986257724 ], [ 137.090177657999988, 34.986176591 ], [ 137.090374462, 34.986093355 ], [ 137.090822179000014, 34.985901351 ], [ 137.090874909, 34.985878739 ], [ 137.090894467999988, 34.985870349 ], [ 137.091907354999989, 34.985433644 ], [ 137.092935955, 34.985026482 ], [ 137.09432961600001, 34.984476347 ], [ 137.094140372999988, 34.984043769 ], [ 137.093739179000011, 34.983262121 ], [ 137.093640689000011, 34.983161583 ], [ 137.093370571, 34.983274294 ], [ 137.092780971, 34.98352013 ], [ 137.092106414999989, 34.983800212 ], [ 137.091461799, 34.984069968 ], [ 137.090721847999987, 34.984379201 ], [ 137.08995980099999, 34.984698881 ], [ 137.089417841999989, 34.9849408 ], [ 137.089230557, 34.985025735 ], [ 137.08862152899999, 34.985333073 ], [ 137.088332872, 34.98548346 ], [ 137.08798092399999, 34.985668206 ], [ 137.08769104699999, 34.985820106 ], [ 137.087687058, 34.985822186 ], [ 137.087730502, 34.985876735 ], [ 137.087748553000011, 34.985899392 ] ] ] } },
{ "type": "Feature", "properties": { "A29_001": "23212", "A29_002": "愛知県", "A29_003": "安城市", "A29_004": 7, "A29_005": "準住居地域", "A29_006": 60, "A29_007": 200, "A29_008": null }, "geometry": { "type": "Polygon", "coordinates": [ [ [ 137.051658839999988, 34.971744206 ], [ 137.05149100700001, 34.971296977 ], [ 137.05279181099999, 34.970888564 ], [ 137.05333886, 34.970730605 ], [ 137.053707572, 34.970637636 ], [ 137.05417832, 34.970510875 ], [ 137.054666244, 34.970380062 ], [ 137.054805124000012, 34.970328625 ], [ 137.054884671, 34.970291485 ], [ 137.054997742000012, 34.970228919 ], [ 137.055327016, 34.970028777 ], [ 137.05555752, 34.969884374 ], [ 137.055747438999987, 34.96974599 ], [ 137.05593694800001, 34.969579083 ], [ 137.056125326, 34.969388764 ], [ 137.056218292000011, 34.969282537 ], [ 137.056403252, 34.969059193 ], [ 137.056477081, 34.968972519 ], [ 137.05627196, 34.968951031 ], [ 137.055751759, 34.968848708 ], [ 137.055546985, 34.96879702 ], [ 137.05526541399999, 34.968718721 ], [ 137.055167152, 34.968692028 ], [ 137.055036234, 34.968656462 ], [ 137.055004359, 34.968693717 ], [ 137.05485258499999, 34.968839617 ], [ 137.054707157, 34.968965104 ], [ 137.054568695, 34.969073469 ], [ 137.054460688, 34.969149472 ], [ 137.054350582000012, 34.969214881 ], [ 137.05417995, 34.969302734 ], [ 137.054162536, 34.969311706 ], [ 137.054091226, 34.969348231 ], [ 137.05383451599999, 34.969451536 ], [ 137.053127206, 34.969639196 ], [ 137.052929827000014, 34.969688376 ], [ 137.052784586, 34.969730952 ], [ 137.052625502000012, 34.969781366 ], [ 137.052483343, 34.969827992 ], [ 137.052373882000012, 34.969868582 ], [ 137.052300816000013, 34.969891501 ], [ 137.05221157599999, 34.96992872 ], [ 137.052099413, 34.969974959 ], [ 137.051932185999988, 34.970052545 ], [ 137.051448627000013, 34.970012972 ], [ 137.051422859000013, 34.970286104 ], [ 137.05142023499999, 34.970314183 ], [ 137.051384417, 34.970334288 ], [ 137.050153118, 34.970910401 ], [ 137.049714797, 34.971123269 ], [ 137.048199944, 34.971831029 ], [ 137.04771318600001, 34.972058843 ], [ 137.047735448, 34.972090885 ], [ 137.047911895999988, 34.972344824 ], [ 137.048196819999987, 34.97275302 ], [ 137.04786860499999, 34.972898198 ], [ 137.04800706899999, 34.973087382 ], [ 137.048304374, 34.972938604 ], [ 137.049649034999987, 34.97234651 ], [ 137.049703576000013, 34.972322493 ], [ 137.05070660199999, 34.971886374 ], [ 137.050818405, 34.971856822 ], [ 137.051658839999988, 34.971744206 ] ] ] } },
{ "type": "Feature", "properties": { "A29_001": "23212", "A29_002": "愛知県", "A29_003": "安城市", "A29_004": 7, "A29_005": "準住居地域", "A29_006": 60, "A29_007": 200, "A29_008": null }, "geometry": { "type": "Polygon", "coordinates": [ [ [ 137.080134789, 34.993409998 ], [ 137.079705417000014, 34.99280821 ], [ 137.080174375000013, 34.99250757 ], [ 137.080688986000013, 34.992157388 ], [ 137.08133662899999, 34.991736144 ], [ 137.081847764, 34.991421626 ], [ 137.083609776, 34.990287149 ], [ 137.083310522, 34.989723134 ], [ 137.083589442, 34.989542174 ], [ 137.08363426, 34.989232854 ], [ 137.083430611000011, 34.989279727 ], [ 137.083216752999988, 34.98932624 ], [ 137.082695472000012, 34.989618806 ], [ 137.081298108999988, 34.990464109 ], [ 137.081076043, 34.990593071 ], [ 137.080484211, 34.9909497 ], [ 137.079264948, 34.991778662 ], [ 137.079109396, 34.991769148 ], [ 137.07903223400001, 34.991655362 ], [ 137.07807749599999, 34.990247431 ], [ 137.077260008, 34.989041858 ], [ 137.077136222, 34.988856658 ], [ 137.076995544, 34.988682984 ], [ 137.076879643000012, 34.9885504 ], [ 137.076763032, 34.988436763 ], [ 137.076675290999987, 34.988357342 ], [ 137.076408998, 34.988121859 ], [ 137.076495435, 34.988051239 ], [ 137.076611033, 34.987949566 ], [ 137.076713624, 34.987851426 ], [ 137.076765552000012, 34.987795095 ], [ 137.076894583000012, 34.987648214 ], [ 137.07697036799999, 34.987551551 ], [ 137.077068372000014, 34.987420783 ], [ 137.07713529099999, 34.987317443 ], [ 137.07719746699999, 34.987204056 ], [ 137.077386499999989, 34.986847012 ], [ 137.077659993999987, 34.986347598 ], [ 137.07790916499999, 34.985892598 ], [ 137.079040577, 34.983826553 ], [ 137.079130426, 34.983662477 ], [ 137.079697145000011, 34.982627548 ], [ 137.081011466, 34.984317452 ], [ 137.081226519000012, 34.984142807 ], [ 137.080561377, 34.983287612 ], [ 137.080968356999989, 34.983325672 ], [ 137.080039317, 34.982131125 ], [ 137.081691138999986, 34.98085262 ], [ 137.081932435999988, 34.981060461 ], [ 137.082034341999986, 34.981134291 ], [ 137.082192491, 34.981230201 ], [ 137.082259494, 34.981259131 ], [ 137.082330141, 34.981290074 ], [ 137.082458811, 34.981347966 ], [ 137.082579684, 34.981394755 ], [ 137.082769694, 34.981450111 ], [ 137.082871742, 34.981471564 ], [ 137.082981461, 34.981490427 ], [ 137.083075095999988, 34.981502292 ], [ 137.083261407, 34.981523298 ], [ 137.083415327000012, 34.981546499 ], [ 137.083582498, 34.981571693 ], [ 137.08406003799999, 34.981624458 ], [ 137.08406168499999, 34.981358334 ], [ 137.084419916, 34.981398585 ], [ 137.08445122399999, 34.980210514 ], [ 137.084452316000011, 34.980169164 ], [ 137.084275488, 34.980154441 ], [ 137.084155231000011, 34.980138809 ], [ 137.08405638, 34.980119558 ], [ 137.08384171099999, 34.980059797 ], [ 137.08371392399999, 34.980017719 ], [ 137.08341178, 34.97991021 ], [ 137.08318674, 34.979828769 ], [ 137.08305567, 34.979780847 ], [ 137.083436256999988, 34.979485073 ], [ 137.08348437399999, 34.979447404 ], [ 137.083488085, 34.979444429 ], [ 137.083644486999987, 34.979316049 ], [ 137.083654532999986, 34.979307229 ], [ 137.08372394, 34.979242055 ], [ 137.083728379, 34.979237754 ], [ 137.083828763000014, 34.979137317 ], [ 137.08383426899999, 34.979131574 ], [ 137.083927753000012, 34.979029897 ], [ 137.083933906, 34.979022859 ], [ 137.08402326699999, 34.978915284 ], [ 137.084029004, 34.978908008 ], [ 137.084102989, 34.97880904 ], [ 137.084106206, 34.978804597 ], [ 137.08416334, 34.978723016 ], [ 137.084167193000013, 34.978717273 ], [ 137.084231816, 34.978616712 ], [ 137.084236111, 34.978609661 ], [ 137.084288226000012, 34.978519197 ], [ 137.084292317, 34.978511655 ], [ 137.084341601, 34.978414888 ], [ 137.084344359999989, 34.9784092 ], [ 137.084383755, 34.97832383 ], [ 137.08438604299999, 34.978318632 ], [ 137.08444764399999, 34.978171706 ], [ 137.084454405, 34.978155582 ], [ 137.08445443799999, 34.978155503 ], [ 137.084456507, 34.978150084 ], [ 137.084456644999989, 34.978150104 ], [ 137.08452016699999, 34.977966038 ], [ 137.084604662, 34.977705929 ], [ 137.08465243500001, 34.977543064 ], [ 137.08484449299999, 34.976952294 ], [ 137.08489186, 34.976810812 ], [ 137.08515366899999, 34.976010116 ], [ 137.085311030000014, 34.975523857 ], [ 137.085551522, 34.974774872 ], [ 137.08565145899999, 34.974463641 ], [ 137.085806744, 34.97398799 ], [ 137.085893287, 34.973719588 ], [ 137.086113267, 34.973037388 ], [ 137.086312375, 34.972416654 ], [ 137.086325348, 34.972376312 ], [ 137.086596622, 34.971533087 ], [ 137.086742496999989, 34.971083067 ], [ 137.086793504000013, 34.970918508 ], [ 137.08690559499999, 34.970611512 ], [ 137.087172613, 34.969807974 ], [ 137.08739744499999, 34.969080629 ], [ 137.08756668800001, 34.968554826 ], [ 137.08758306499999, 34.968503948 ], [ 137.087916551, 34.967452239 ], [ 137.087264535, 34.967111155 ], [ 137.08727677499999, 34.967194171 ], [ 137.08727937099999, 34.967272899 ], [ 137.08726242099999, 34.967418233 ], [ 137.087241503, 34.9675109 ], [ 137.087180886999988, 34.967704823 ], [ 137.086785424999988, 34.968072276 ], [ 137.087014524000011, 34.968218637 ], [ 137.086980506, 34.96832471 ], [ 137.08651239299999, 34.969779676 ], [ 137.086180022, 34.970782837 ], [ 137.086127893, 34.970951036 ], [ 137.085982795, 34.971398613 ], [ 137.085682133, 34.972329793 ], [ 137.085667281000013, 34.972375875 ], [ 137.085419099, 34.973145842 ], [ 137.08530816699999, 34.973490312 ], [ 137.085063163, 34.97425113 ], [ 137.084964203, 34.974557628 ], [ 137.08496122599999, 34.97456674 ], [ 137.084919207000013, 34.974695136 ], [ 137.084785829999987, 34.975106075 ], [ 137.084650801, 34.975523467 ], [ 137.084621446999989, 34.975614208 ], [ 137.084525272, 34.975913938 ], [ 137.084351566, 34.976454914 ], [ 137.084280433, 34.976671445 ], [ 137.084219053, 34.976860434 ], [ 137.084029574, 34.977452639 ], [ 137.084029402, 34.97745261 ], [ 137.08390774899999, 34.977827068 ], [ 137.083850141, 34.977994015 ], [ 137.083787636000011, 34.978143096 ], [ 137.083753019, 34.978218112 ], [ 137.08371015, 34.978302275 ], [ 137.08366602000001, 34.978378884 ], [ 137.083609203, 34.978467304 ], [ 137.083558829999987, 34.978539224 ], [ 137.083493225000012, 34.978626986 ], [ 137.08341516199999, 34.97872095 ], [ 137.083332813999988, 34.978810522 ], [ 137.083241928, 34.978901449 ], [ 137.083186025, 34.978953945 ], [ 137.083042979999988, 34.979071355 ], [ 137.08301030199999, 34.979096946 ], [ 137.08299927499999, 34.979105575 ], [ 137.082458288999987, 34.979526001 ], [ 137.08118494499999, 34.980523343 ], [ 137.08068092100001, 34.98091823 ], [ 137.080855409, 34.981140973 ], [ 137.079638311999986, 34.982082609 ], [ 137.079132794, 34.981437294 ], [ 137.07904324399999, 34.981322976 ], [ 137.078492605, 34.980620048 ], [ 137.077926743, 34.979884419 ], [ 137.0777888, 34.979715859 ], [ 137.07767425099999, 34.979579499 ], [ 137.07750061199999, 34.979392829 ], [ 137.077268663000012, 34.979154903 ], [ 137.077224844, 34.979112754 ], [ 137.077481596000013, 34.978980597 ], [ 137.07726491299999, 34.978775875 ], [ 137.077125238, 34.978652315 ], [ 137.077000395999988, 34.978546263 ], [ 137.076812348, 34.978398949 ], [ 137.07669901599999, 34.978304571 ], [ 137.076073122, 34.977798494 ], [ 137.075725561000013, 34.977527106 ], [ 137.075627817999987, 34.977450651 ], [ 137.07541302300001, 34.977537059 ], [ 137.075287846, 34.97758742 ], [ 137.075314316, 34.977618974 ], [ 137.075205879, 34.977724816 ], [ 137.075132176000011, 34.977796752 ], [ 137.07522511499999, 34.977869463 ], [ 137.075375987, 34.977986173 ], [ 137.075664579, 34.978209415 ], [ 137.076072374, 34.978507135 ], [ 137.076269438, 34.978661786 ], [ 137.076413919, 34.978775867 ], [ 137.076543288000011, 34.978878867 ], [ 137.076677864, 34.978997655 ], [ 137.076809048, 34.979113691 ], [ 137.07702258, 34.979315464 ], [ 137.07724568899999, 34.979544315 ], [ 137.077409757, 34.979728418 ], [ 137.07762955199999, 34.979985167 ], [ 137.077947671, 34.980394472 ], [ 137.078526845, 34.981139936 ], [ 137.078858602999986, 34.98156644 ], [ 137.079042732, 34.981803147 ], [ 137.079132281999989, 34.981918267 ], [ 137.079284605999987, 34.982114078 ], [ 137.079131778, 34.982391875 ], [ 137.079041931, 34.982555185 ], [ 137.07884234, 34.982917984 ], [ 137.078327429000012, 34.98385967 ], [ 137.07746379299999, 34.985439055 ], [ 137.07721605899999, 34.985892089 ], [ 137.077175011, 34.985967152 ], [ 137.076812924, 34.986635139 ], [ 137.076611369, 34.98701196 ], [ 137.076571625000014, 34.987076133 ], [ 137.076469218, 34.987226387 ], [ 137.076396996, 34.987320547 ], [ 137.076358684000013, 34.98736634 ], [ 137.076275207, 34.987464359 ], [ 137.07613114899999, 34.987608722 ], [ 137.07606256, 34.987665328 ], [ 137.075831356, 34.987856151 ], [ 137.074499543, 34.986728817 ], [ 137.074253558, 34.986523274 ], [ 137.07395237099999, 34.98627623 ], [ 137.073681636, 34.986048779 ], [ 137.073491795, 34.985889289 ], [ 137.073482231000014, 34.985881249 ], [ 137.073238244, 34.985676274 ], [ 137.072944524, 34.985888867 ], [ 137.07288037699999, 34.985911247 ], [ 137.072572455, 34.986041605 ], [ 137.072566376, 34.98607015 ], [ 137.07253745599999, 34.986196875 ], [ 137.07248063599999, 34.986420478 ], [ 137.072447020999988, 34.986513836 ], [ 137.073444582, 34.987341475 ], [ 137.073810447999989, 34.987641523 ], [ 137.07479783799999, 34.988469386 ], [ 137.074932639999986, 34.98858348 ], [ 137.075378505, 34.988960849 ], [ 137.075470223999986, 34.98903848 ], [ 137.07550960899999, 34.989072856 ], [ 137.07564899499999, 34.989194507 ], [ 137.075792017999987, 34.989336064 ], [ 137.075865722, 34.989409932 ], [ 137.075938248, 34.989489848 ], [ 137.07606044100001, 34.989638511 ], [ 137.076197834999988, 34.989809434 ], [ 137.076234312999986, 34.989878406 ], [ 137.076914452000011, 34.99088071 ], [ 137.0779063, 34.992342315 ], [ 137.076744633, 34.992840904 ], [ 137.07627705199999, 34.993040738 ], [ 137.076352066999988, 34.993191773 ], [ 137.076406034, 34.993316199 ], [ 137.076416611000013, 34.993390839 ], [ 137.076625881000012, 34.993806403 ], [ 137.076733399, 34.993927623 ], [ 137.076781944, 34.994003121 ], [ 137.076846337, 34.994101637 ], [ 137.077502551, 34.993840008 ], [ 137.078654782, 34.993322997 ], [ 137.07900816099999, 34.993798681 ], [ 137.079029917000014, 34.993829104 ], [ 137.079685039999987, 34.994745265 ], [ 137.07971813899999, 34.994720102 ], [ 137.080660439000013, 34.994188533 ], [ 137.080687766000011, 34.994172507 ], [ 137.08044907499999, 34.993838368 ], [ 137.080134789, 34.993409998 ] ] ] } },
{ "type": "Feature", "properties": { "A29_001": "23212", "A29_002": "愛知県", "A29_003": "安城市", "A29_004": 10, "A29_005": "準工業地域", "A29_006": 60, "A29_007": 200, "A29_008": null }, "geometry": { "type": "Polygon", "coordinates": [ [ [ 137.078468601, 34.996579265 ], [ 137.07858232800001, 34.996503489 ], [ 137.07879924, 34.996356787 ], [ 137.079014855999986, 34.996231963 ], [ 137.07902734699999, 34.996240752 ], [ 137.079071516, 34.996271831 ], [ 137.079113162999988, 34.99631716 ], [ 137.079178006, 34.996387738 ], [ 137.079416986000012, 34.996647859 ], [ 137.07949758699999, 34.996735585 ], [ 137.079650042, 34.996906172 ], [ 137.079878979999989, 34.997155143 ], [ 137.080005309, 34.997294402 ], [ 137.08011009, 34.997402879 ], [ 137.080122104, 34.997395595 ], [ 137.080293254, 34.997542035 ], [ 137.080629699000013, 34.997842609 ], [ 137.080680911, 34.997887908 ], [ 137.081165836999986, 34.998301017 ], [ 137.08128455, 34.998404815 ], [ 137.081388206000014, 34.998500958 ], [ 137.081534683, 34.998358746 ], [ 137.081632988, 34.998259265 ], [ 137.081735224, 34.998150456 ], [ 137.081825702, 34.998013649 ], [ 137.081971286999988, 34.997777321 ], [ 137.082089321000012, 34.997572084 ], [ 137.08223100399999, 34.997304643 ], [ 137.082400347, 34.996866131 ], [ 137.082475147, 34.996685743 ], [ 137.08258136399999, 34.996527167 ], [ 137.082664029, 34.996356133 ], [ 137.082813668, 34.995986046 ], [ 137.082904281, 34.995712358 ], [ 137.083002689000011, 34.995485327 ], [ 137.083148232000013, 34.995283218 ], [ 137.083313366999988, 34.99511846 ], [ 137.08333905500001, 34.99509815 ], [ 137.083220318, 34.994988106 ], [ 137.08315949499999, 34.994925845 ], [ 137.083019181, 34.994802066 ], [ 137.082765994999988, 34.994651994 ], [ 137.08244443000001, 34.994470693 ], [ 137.082289959, 34.994384783 ], [ 137.082167500999986, 34.994284932 ], [ 137.082116012, 34.994244239 ], [ 137.082045719, 34.994188687 ], [ 137.081523288999989, 34.993757994 ], [ 137.081122601, 34.993917471 ], [ 137.080687766000011, 34.994172507 ], [ 137.080660439000013, 34.994188533 ], [ 137.07971813899999, 34.994720102 ], [ 137.079685039999987, 34.994745265 ], [ 137.079510303, 34.994878116 ], [ 137.07925468900001, 34.995071145 ], [ 137.079028408999989, 34.995244128 ], [ 137.078899869999987, 34.995342386 ], [ 137.078827796000013, 34.995396026 ], [ 137.078739377, 34.99545993 ], [ 137.078612107999987, 34.995558514 ], [ 137.078595057, 34.995573529 ], [ 137.078445765999987, 34.995725436 ], [ 137.07839546299999, 34.995775296 ], [ 137.07829978, 34.995870161 ], [ 137.07820846199999, 34.995980786 ], [ 137.078314060999986, 34.996434701 ], [ 137.078363298, 34.996643437 ], [ 137.078415602, 34.996608498 ], [ 137.078468601, 34.996579265 ] ] ] } },
{ "type": "Feature", "properties": { "A29_001": "23212", "A29_002": "愛知県", "A29_003": "安城市", "A29_004": 10, "A29_005": "準工業地域", "A29_006": 60, "A29_007": 200, "A29_008": null }, "geometry": { "type": "Polygon", "coordinates": [ [ [ 137.09796841799999, 34.989889728 ], [ 137.099740348000012, 34.989054852 ], [ 137.100114604999987, 34.988887465 ], [ 137.100177637, 34.98886993 ], [ 137.100592381000013, 34.988726181 ], [ 137.100670063, 34.988702939 ], [ 137.10083079, 34.988646954 ], [ 137.100943277, 34.988605042 ], [ 137.10149598699999, 34.988399128 ], [ 137.102065769, 34.988183232 ], [ 137.10205982799999, 34.988173889 ], [ 137.102402149, 34.988045403 ], [ 137.102351312, 34.987974944 ], [ 137.10227831, 34.987885479 ], [ 137.1018583, 34.987380781 ], [ 137.101832202, 34.987278459 ], [ 137.10152119599999, 34.9873301 ], [ 137.100944132, 34.987534397 ], [ 137.097969615000011, 34.988587386 ], [ 137.096848954, 34.989053125 ], [ 137.096359917, 34.98926871 ], [ 137.096153447, 34.989355357 ], [ 137.09591057099999, 34.989462221 ], [ 137.095626005000014, 34.989579616 ], [ 137.09532053, 34.989693185 ], [ 137.095140851, 34.989755488 ], [ 137.094943230000013, 34.989817456 ], [ 137.094644934, 34.989911637 ], [ 137.09423459199999, 34.990026665 ], [ 137.09402385300001, 34.990081051 ], [ 137.09388167899999, 34.990119486 ], [ 137.093894909999989, 34.990158717 ], [ 137.094161766000013, 34.990726229 ], [ 137.094371365, 34.99114773 ], [ 137.094429251, 34.991280381 ], [ 137.094475361, 34.991413826 ], [ 137.094512884000011, 34.991571354 ], [ 137.09454628899999, 34.991764821 ], [ 137.094722248000011, 34.991764899 ], [ 137.09484578199999, 34.991687508 ], [ 137.096194180999987, 34.990842733 ], [ 137.09621081899999, 34.990856941 ], [ 137.096672842, 34.990577832 ], [ 137.097195408, 34.990242901 ], [ 137.09796841799999, 34.989889728 ] ] ] } },
{ "type": "Feature", "properties": { "A29_001": "23212", "A29_002": "愛知県", "A29_003": "安城市", "A29_004": 10, "A29_005": "準工業地域", "A29_006": 60, "A29_007": 200, "A29_008": null }, "geometry": { "type": "Polygon", "coordinates": [ [ [ 137.075841233, 34.975906942 ], [ 137.075565676999986, 34.975609023 ], [ 137.075445948, 34.975588965 ], [ 137.075395707000013, 34.975582275 ], [ 137.07503907899999, 34.975516369 ], [ 137.074975021, 34.975506134 ], [ 137.074830087, 34.975510009 ], [ 137.074803867000014, 34.975539847 ], [ 137.074746084, 34.975607891 ], [ 137.07473926, 34.9756084 ], [ 137.074605429, 34.975516078 ], [ 137.07405609700001, 34.975150886 ], [ 137.073842022, 34.975019648 ], [ 137.073339307999987, 34.974741428 ], [ 137.07327089899999, 34.974705406 ], [ 137.07227283, 34.974141103 ], [ 137.072012502, 34.974425875 ], [ 137.071854484999989, 34.974598745 ], [ 137.071595609000013, 34.974856996 ], [ 137.071539258, 34.974906263 ], [ 137.071441936000014, 34.974964981 ], [ 137.07154359899999, 34.975035322 ], [ 137.071113239999988, 34.975513398 ], [ 137.070773007000014, 34.975874478 ], [ 137.070940337, 34.976107849 ], [ 137.07109160499999, 34.976318832 ], [ 137.071402646, 34.97688881 ], [ 137.071507478, 34.977091003 ], [ 137.071671998999989, 34.977408686 ], [ 137.071400578, 34.977521564 ], [ 137.071338751000013, 34.977569248 ], [ 137.071142608, 34.977763453 ], [ 137.07167853199999, 34.978485171 ], [ 137.071956336999989, 34.978861728 ], [ 137.07224055399999, 34.979246546 ], [ 137.072395467, 34.979400665 ], [ 137.072729755000012, 34.979715585 ], [ 137.07274334600001, 34.979726458 ], [ 137.072965821999986, 34.979904464 ], [ 137.07391235099999, 34.978987353 ], [ 137.075132176000011, 34.977796752 ], [ 137.075205879, 34.977724816 ], [ 137.075314316, 34.977618974 ], [ 137.075287846, 34.97758742 ], [ 137.07541302300001, 34.977537059 ], [ 137.075627817999987, 34.977450651 ], [ 137.07610670599999, 34.977257985 ], [ 137.075936629000012, 34.977086118 ], [ 137.076074002000013, 34.976988897 ], [ 137.076213951, 34.976899259 ], [ 137.076376823, 34.976809981 ], [ 137.076978249, 34.976427254 ], [ 137.077276273, 34.976788723 ], [ 137.077781003000013, 34.976582583 ], [ 137.07771994, 34.976545992 ], [ 137.07755866, 34.976452102 ], [ 137.07753555299999, 34.976439645 ], [ 137.077085807, 34.976160064 ], [ 137.077014702000014, 34.976112044 ], [ 137.076987212, 34.976092425 ], [ 137.076400021000012, 34.975740648 ], [ 137.07634656799999, 34.975707353 ], [ 137.076075261999989, 34.975815491 ], [ 137.075841233, 34.975906942 ] ] ] } },
{ "type": "Feature", "properties": { "A29_001": "23212", "A29_002": "愛知県", "A29_003": "安城市", "A29_004": 10, "A29_005": "準工業地域", "A29_006": 60, "A29_007": 200, "A29_008": null }, "geometry": { "type": "Polygon", "coordinates": [ [ [ 137.07857293, 34.978332205 ], [ 137.078401302, 34.978395724 ], [ 137.078370626, 34.978516022 ], [ 137.077640919, 34.978792621 ], [ 137.077635335999986, 34.978811133 ], [ 137.07767959899999, 34.978878668 ], [ 137.077481596000013, 34.978980597 ], [ 137.077224844, 34.979112754 ], [ 137.077268663000012, 34.979154903 ], [ 137.07750061199999, 34.979392829 ], [ 137.07767425099999, 34.979579499 ], [ 137.0777888, 34.979715859 ], [ 137.077926743, 34.979884419 ], [ 137.078492605, 34.980620048 ], [ 137.07904324399999, 34.981322976 ], [ 137.079132794, 34.981437294 ], [ 137.079638311999986, 34.982082609 ], [ 137.080855409, 34.981140973 ], [ 137.08068092100001, 34.98091823 ], [ 137.079877067000012, 34.979892085 ], [ 137.079302348999988, 34.979144962 ], [ 137.079145831, 34.9789537 ], [ 137.07913545, 34.978941343 ], [ 137.079045893999989, 34.978834732 ], [ 137.079002938, 34.978783597 ], [ 137.07879368799999, 34.978558644 ], [ 137.07857293, 34.978332205 ] ] ] } },
{ "type": "Feature", "properties": { "A29_001": "23212", "A29_002": "愛知県", "A29_003": "安城市", "A29_004": 10, "A29_005": "準工業地域", "A29_006": 60, "A29_007": 200, "A29_008": null }, "geometry": { "type": "Polygon", "coordinates": [ [ [ 137.077907038, 34.963905411 ], [ 137.078369900000013, 34.963720062 ], [ 137.07849189, 34.963668622 ], [ 137.079062306, 34.96342138 ], [ 137.079232346, 34.963349267 ], [ 137.079361283, 34.963302123 ], [ 137.07960609, 34.963212601 ], [ 137.079102256999988, 34.962419199 ], [ 137.079063436000013, 34.962359106 ], [ 137.078830380999989, 34.961998337 ], [ 137.077813036, 34.962467051 ], [ 137.077557442999989, 34.962587373 ], [ 137.077386503000014, 34.962661944 ], [ 137.077546095, 34.962196565 ], [ 137.077564462999987, 34.962121377 ], [ 137.077587819, 34.962052233 ], [ 137.077608027, 34.961996725 ], [ 137.077619875000011, 34.961956456 ], [ 137.07765837, 34.961851029 ], [ 137.077697607, 34.961747965 ], [ 137.077764851000012, 34.961587866 ], [ 137.077806697, 34.961492169 ], [ 137.07790444599999, 34.961272126 ], [ 137.077960768, 34.961135936 ], [ 137.078086474, 34.960883713 ], [ 137.078176539, 34.960700634 ], [ 137.078322371000013, 34.960407128 ], [ 137.07846337699999, 34.960325052 ], [ 137.077949313, 34.959917651 ], [ 137.07762041399999, 34.959656287 ], [ 137.077429357, 34.959505447 ], [ 137.077186785, 34.959311135 ], [ 137.07682360199999, 34.959024034 ], [ 137.076662876, 34.959176454 ], [ 137.076516618999989, 34.959315192 ], [ 137.076092593, 34.959711401 ], [ 137.076010524999987, 34.959788615 ], [ 137.07586089099999, 34.959919262 ], [ 137.07515376399999, 34.960573142 ], [ 137.07508515399999, 34.960647733 ], [ 137.074444655, 34.961167357 ], [ 137.074297953000013, 34.961276036 ], [ 137.074276567999988, 34.961295068 ], [ 137.07518292099999, 34.961994914 ], [ 137.075484759, 34.96222985 ], [ 137.075797279999989, 34.962470527 ], [ 137.076089376, 34.962684846 ], [ 137.076443855, 34.962943068 ], [ 137.07681073399999, 34.96320851 ], [ 137.076943191999987, 34.96329835 ], [ 137.077004843, 34.96333916 ], [ 137.077121119999987, 34.963406244 ], [ 137.07722865299999, 34.963457798 ], [ 137.077568219, 34.963619042 ], [ 137.077739079, 34.963701283 ], [ 137.077755757, 34.963711527 ], [ 137.077828229, 34.963771412 ], [ 137.077907038, 34.963905411 ] ] ] } },
{ "type": "Feature", "properties": { "A29_001": "23212", "A29_002": "愛知県", "A29_003": "安城市", "A29_004": 10, "A29_005": "準工業地域", "A29_006": 60, "A29_007": 200, "A29_008": null }, "geometry": { "type": "Polygon", "coordinates": [ [ [ 137.085519643, 34.963933011 ], [ 137.085502058, 34.963986737 ], [ 137.085696340999988, 34.964245284 ], [ 137.085719614, 34.964275725 ], [ 137.08589091799999, 34.964507816 ], [ 137.08598143899999, 34.964627845 ], [ 137.08666441599999, 34.964218088 ], [ 137.08674915099999, 34.964704942 ], [ 137.086815124999987, 34.965035783 ], [ 137.086900458, 34.965358965 ], [ 137.087365186, 34.965792511 ], [ 137.087665511000012, 34.966069425 ], [ 137.087984768000013, 34.966326535 ], [ 137.088359981, 34.966624383 ], [ 137.088096028, 34.966878835 ], [ 137.08795085599999, 34.967022166 ], [ 137.088069823000012, 34.967084445 ], [ 137.08815779, 34.967110257 ], [ 137.08824825799999, 34.967131969 ], [ 137.088377035, 34.967161981 ], [ 137.088379247, 34.967162506 ], [ 137.088715291999989, 34.967241682 ], [ 137.088792652, 34.967251405 ], [ 137.08888846799999, 34.967234284 ], [ 137.08911643499999, 34.967188499 ], [ 137.089516151999987, 34.967091232 ], [ 137.089872214, 34.967020385 ], [ 137.090119136, 34.966963342 ], [ 137.090204166, 34.966945123 ], [ 137.091781938999986, 34.966541009 ], [ 137.091879038, 34.966002913 ], [ 137.091958584999986, 34.96556844 ], [ 137.091220295, 34.96491955 ], [ 137.091027462999989, 34.964740766 ], [ 137.09093739299999, 34.96465818 ], [ 137.090772077999986, 34.964507187 ], [ 137.090406234, 34.964168318 ], [ 137.08924024800001, 34.963090926 ], [ 137.088484024, 34.962397401 ], [ 137.08834040799999, 34.962487909 ], [ 137.088314948, 34.962503954 ], [ 137.088302596, 34.962511194 ], [ 137.087995957, 34.96267807 ], [ 137.087932263999988, 34.962716298 ], [ 137.087888819999989, 34.962742373 ], [ 137.087714846000011, 34.962849024 ], [ 137.087268548, 34.963110666 ], [ 137.086511556, 34.963565948 ], [ 137.08644517499999, 34.963306756 ], [ 137.086138963, 34.962928743 ], [ 137.085736862, 34.96242619 ], [ 137.085571968000011, 34.962218037 ], [ 137.08548398799999, 34.96211173 ], [ 137.085408927, 34.962019467 ], [ 137.085395957, 34.962002322 ], [ 137.085093863, 34.961621641 ], [ 137.08507480599999, 34.961625009 ], [ 137.084650040000014, 34.961793822 ], [ 137.08418283899999, 34.961974189 ], [ 137.084203890999987, 34.9620015 ], [ 137.085110499, 34.963177181 ], [ 137.085162027, 34.963149792 ], [ 137.085448998, 34.963524765 ], [ 137.085673093999986, 34.963843281 ], [ 137.085519643, 34.963933011 ] ] ] } },
{ "type": "Feature", "properties": { "A29_001": "23212", "A29_002": "愛知県", "A29_003": "安城市", "A29_004": 10, "A29_005": "準工業地域", "A29_006": 60, "A29_007": 200, "A29_008": null }, "geometry": { "type": "Polygon", "coordinates": [ [ [ 137.091746538, 34.959307556 ], [ 137.09172083499999, 34.959262881 ], [ 137.09169459200001, 34.959222389 ], [ 137.09158664099999, 34.959072613 ], [ 137.090881416, 34.959409257 ], [ 137.089861871000011, 34.959902663 ], [ 137.089874216, 34.959921476 ], [ 137.090002134, 34.960145736 ], [ 137.09016177399999, 34.960431254 ], [ 137.090359056000011, 34.960780548 ], [ 137.090398756000013, 34.960845813 ], [ 137.090477311, 34.960989694 ], [ 137.090566165000013, 34.961151294 ], [ 137.09062568600001, 34.961262971 ], [ 137.09069320399999, 34.96138282 ], [ 137.090729036, 34.961439139 ], [ 137.090787044, 34.961517649 ], [ 137.09089664199999, 34.961663866 ], [ 137.090906321, 34.96167679 ], [ 137.09114852499999, 34.962006116 ], [ 137.091650893, 34.962692498 ], [ 137.09175946, 34.962820034 ], [ 137.091820089, 34.962883761 ], [ 137.091941213000013, 34.962991327 ], [ 137.092085000999987, 34.963103371 ], [ 137.092367556999989, 34.963321819 ], [ 137.092405151, 34.963115052 ], [ 137.092457622000012, 34.962826746 ], [ 137.092515580999986, 34.962501392 ], [ 137.092573485, 34.962174759 ], [ 137.092604701999988, 34.962007039 ], [ 137.092675515, 34.961620528 ], [ 137.092608211999988, 34.961598744 ], [ 137.09273191599999, 34.960759812 ], [ 137.092778979, 34.960565122 ], [ 137.092823538, 34.960317485 ], [ 137.09287942200001, 34.959969819 ], [ 137.092966988, 34.959396558 ], [ 137.092980261, 34.959260271 ], [ 137.092781882999986, 34.959355302 ], [ 137.092596875, 34.959449151 ], [ 137.092440403000012, 34.959530071 ], [ 137.09220210399999, 34.959667256 ], [ 137.092048303000013, 34.959761141 ], [ 137.091903107, 34.959541875 ], [ 137.091842635, 34.959451888 ], [ 137.091810936, 34.959402161 ], [ 137.091746538, 34.959307556 ] ] ] } },
{ "type": "Feature", "properties": { "A29_001": "23212", "A29_002": "愛知県", "A29_003": "安城市", "A29_004": 10, "A29_005": "準工業地域", "A29_006": 60, "A29_007": 200, "A29_008": null }, "geometry": { "type": "Polygon", "coordinates": [ [ [ 137.108574664, 34.97287279 ], [ 137.10864143, 34.972836033 ], [ 137.109017101, 34.972598726 ], [ 137.109308115, 34.972389343 ], [ 137.10941837499999, 34.972312805 ], [ 137.109577836999989, 34.972180525 ], [ 137.109696412, 34.972084114 ], [ 137.10982315699999, 34.972003419 ], [ 137.109931764, 34.971940655 ], [ 137.110069388999989, 34.971867807 ], [ 137.110217913000014, 34.971808424 ], [ 137.110312736999987, 34.971769326 ], [ 137.110354883000014, 34.971763468 ], [ 137.110399503999986, 34.971757404 ], [ 137.110399486, 34.971784448 ], [ 137.110443311000012, 34.971757424 ], [ 137.110443323, 34.971739394 ], [ 137.11091440300001, 34.971505227 ], [ 137.111374431, 34.97141529 ], [ 137.11183216399999, 34.97110392 ], [ 137.11181037899999, 34.971058367 ], [ 137.11186848299999, 34.970867821 ], [ 137.11187124700001, 34.970796362 ], [ 137.111870458, 34.970615498 ], [ 137.111766741999986, 34.970263379 ], [ 137.111752308, 34.970229874 ], [ 137.111722495, 34.97020232 ], [ 137.111458668000012, 34.969984106 ], [ 137.11121649399999, 34.969845556 ], [ 137.11113153299999, 34.969812027 ], [ 137.111093571999987, 34.969801588 ], [ 137.11095706399999, 34.969799281 ], [ 137.110876612999988, 34.969802967 ], [ 137.11077265599999, 34.969796222 ], [ 137.11071119499999, 34.969782797 ], [ 137.11058195199999, 34.969742541 ], [ 137.11055484, 34.969737318 ], [ 137.110418331, 34.969737255 ], [ 137.110336081000014, 34.969729031 ], [ 137.110179558, 34.969705385 ], [ 137.110047382, 34.969678603 ], [ 137.109752082999989, 34.969608186 ], [ 137.109540299, 34.969570486 ], [ 137.10936948599999, 34.969498386 ], [ 137.109268541, 34.969398221 ], [ 137.109027986, 34.96915954 ], [ 137.108946909999986, 34.969024234 ], [ 137.108925639, 34.968888975 ], [ 137.108909923999988, 34.968873787 ], [ 137.108629771000011, 34.96902567 ], [ 137.108140349, 34.969914914 ], [ 137.108068323, 34.969944754 ], [ 137.107914224000012, 34.970008604 ], [ 137.10773047399999, 34.970078614 ], [ 137.107604847, 34.970128702 ], [ 137.107521391, 34.970167975 ], [ 137.10746346900001, 34.970198705 ], [ 137.10740555699999, 34.970229426 ], [ 137.10735181699999, 34.970262241 ], [ 137.106887668000013, 34.970494522 ], [ 137.106713203, 34.970580672 ], [ 137.10662551499999, 34.97062398 ], [ 137.106610913, 34.970629337 ], [ 137.10653853, 34.970664846 ], [ 137.106243153, 34.970893855 ], [ 137.106139896, 34.970962055 ], [ 137.10617250199999, 34.970987538 ], [ 137.106252993999988, 34.971049014 ], [ 137.10639407, 34.97115727 ], [ 137.10642964199999, 34.971185008 ], [ 137.10647979399999, 34.971224121 ], [ 137.106602097, 34.971319504 ], [ 137.106661057999986, 34.971368195 ], [ 137.10685068699999, 34.971515409 ], [ 137.106855603000014, 34.971517125 ], [ 137.107014015, 34.971642048 ], [ 137.107236922, 34.971813537 ], [ 137.107391033999988, 34.971934303 ], [ 137.107429055000011, 34.971969037 ], [ 137.10775187499999, 34.972217551 ], [ 137.107969561, 34.972388703 ], [ 137.108175152, 34.972550347 ], [ 137.108390355000012, 34.972719541 ], [ 137.10843273399999, 34.972756521 ], [ 137.10850221699999, 34.972812068 ], [ 137.10853287399999, 34.972838171 ], [ 137.108574664, 34.97287279 ] ] ] } },
{ "type": "Feature", "properties": { "A29_001": "23212", "A29_002": "愛知県", "A29_003": "安城市", "A29_004": 10, "A29_005": "準工業地域", "A29_006": 60, "A29_007": 200, "A29_008": null }, "geometry": { "type": "Polygon", "coordinates": [ [ [ 137.097798632, 34.958955938 ], [ 137.097992729, 34.959089142 ], [ 137.098274041, 34.959278107 ], [ 137.09860863, 34.959502177 ], [ 137.098800135, 34.959661792 ], [ 137.098986027, 34.959815841 ], [ 137.099014074, 34.959798305 ], [ 137.099165188, 34.959688066 ], [ 137.09916479099999, 34.959677248 ], [ 137.09952241900001, 34.959409256 ], [ 137.099659487, 34.959306897 ], [ 137.0998964, 34.959133637 ], [ 137.09986952700001, 34.958946854 ], [ 137.09985888599999, 34.958862334 ], [ 137.099853751000012, 34.958821548 ], [ 137.099838080000012, 34.958729553 ], [ 137.099800738, 34.958557413 ], [ 137.099781809, 34.958472898 ], [ 137.099754503000014, 34.958347126 ], [ 137.099785067, 34.95833043 ], [ 137.099938901, 34.958317118 ], [ 137.1006094, 34.958256148 ], [ 137.10055681099999, 34.957842187 ], [ 137.100524624, 34.957604729 ], [ 137.100499996999986, 34.957414133 ], [ 137.100473865999987, 34.95721656 ], [ 137.10046728, 34.957168976 ], [ 137.100459226999988, 34.957120247 ], [ 137.100451937, 34.957076801 ], [ 137.100441942, 34.957032893 ], [ 137.100424667, 34.956960351 ], [ 137.10040662899999, 34.956897282 ], [ 137.1003891, 34.956841147 ], [ 137.100364606, 34.956772116 ], [ 137.10033587, 34.956696196 ], [ 137.100298721, 34.956611166 ], [ 137.100217441000012, 34.956461999 ], [ 137.100197157999986, 34.956427181 ], [ 137.100173428, 34.956388973 ], [ 137.099509549, 34.955253067 ], [ 137.099613076, 34.955212675 ], [ 137.099549594, 34.955101586 ], [ 137.099541781, 34.955069318 ], [ 137.099461106, 34.95493461 ], [ 137.099354124, 34.954753976 ], [ 137.099202142, 34.954492336 ], [ 137.09909283499999, 34.954304894 ], [ 137.099017851000013, 34.954175823 ], [ 137.09895537599999, 34.954067376 ], [ 137.098943649, 34.954054641 ], [ 137.098760822, 34.953730051 ], [ 137.098773233, 34.953644165 ], [ 137.098839219000013, 34.953610621 ], [ 137.098903099000012, 34.953567404 ], [ 137.098877034, 34.953534513 ], [ 137.098455155000011, 34.953725643 ], [ 137.097996943, 34.953918572 ], [ 137.09780540599999, 34.953998983 ], [ 137.096045100999987, 34.954737998 ], [ 137.096362048, 34.95525656 ], [ 137.09697395399999, 34.956257681 ], [ 137.097995363, 34.95585303 ], [ 137.098316498, 34.955725868 ], [ 137.098445848000011, 34.956170533 ], [ 137.098508729, 34.95638512 ], [ 137.098586579999989, 34.956651308 ], [ 137.098658639, 34.956904456 ], [ 137.098680910000013, 34.956984286 ], [ 137.09878775199999, 34.957348643 ], [ 137.098850903999988, 34.957568846 ], [ 137.09893034800001, 34.957844671 ], [ 137.09844073299999, 34.957890977 ], [ 137.098161667, 34.957915583 ], [ 137.097993652000014, 34.957930877 ], [ 137.096714604999988, 34.958045031 ], [ 137.097012041, 34.958517298 ], [ 137.09705102800001, 34.958860757 ], [ 137.097069147000013, 34.959020411 ], [ 137.097070034000012, 34.95902033 ], [ 137.097798632, 34.958955938 ] ] ] } },
{ "type": "Feature", "properties": { "A29_001": "23212", "A29_002": "愛知県", "A29_003": "安城市", "A29_004": 11, "A29_005": "工業地域", "A29_006": 60, "A29_007": 200, "A29_008": null }, "geometry": { "type": "Polygon", "coordinates": [ [ [ 137.09620791399999, 35.007430102 ], [ 137.09621239, 35.007429658 ], [ 137.096212396, 35.007429653 ], [ 137.099263455, 35.004167988 ], [ 137.099054939000013, 35.003877237 ], [ 137.099153124999987, 35.003612331 ], [ 137.098946127, 35.003289569 ], [ 137.098861679, 35.003157673 ], [ 137.098843972999987, 35.003131755 ], [ 137.09881631499999, 35.003139321 ], [ 137.098794418000011, 35.003121279 ], [ 137.098739706, 35.003040116 ], [ 137.098630281999988, 35.002877789 ], [ 137.098553681, 35.00276957 ], [ 137.09854274, 35.002751534 ], [ 137.09853194199999, 35.002733733 ], [ 137.098531799, 35.002733498 ], [ 137.09847708, 35.00266135 ], [ 137.09842236899999, 35.002580186 ], [ 137.098422376, 35.002571172 ], [ 137.097962235000011, 35.002570912 ], [ 137.097830765999987, 35.002570838 ], [ 137.097754076, 35.002570794 ], [ 137.097524012, 35.002561649 ], [ 137.097458278, 35.002561611 ], [ 137.097348735999987, 35.002543519 ], [ 137.09725014899999, 35.002525433 ], [ 137.097151563000011, 35.002507348 ], [ 137.097118711, 35.002489299 ], [ 137.097096807000014, 35.002480272 ], [ 137.097053014000011, 35.002444188 ], [ 137.09700923, 35.002399089 ], [ 137.096987340999988, 35.002372032 ], [ 137.09697641599999, 35.002335967 ], [ 137.096932715, 35.002191706 ], [ 137.096921798000011, 35.002146627 ], [ 137.096889053000012, 35.002002372 ], [ 137.096867196, 35.001939256 ], [ 137.09676870199999, 35.001812993 ], [ 137.096703037, 35.001731823 ], [ 137.09662640900001, 35.001659661 ], [ 137.096582633, 35.001605547 ], [ 137.09649607899999, 35.00149458 ], [ 137.09644215899999, 35.001541462 ], [ 137.096332174999986, 35.001645058 ], [ 137.096251384999988, 35.001737827 ], [ 137.096213556, 35.001788225 ], [ 137.096164851999987, 35.001859341 ], [ 137.096070270000013, 35.002014772 ], [ 137.095747781999989, 35.002644749 ], [ 137.095519962, 35.003082858 ], [ 137.09538152799999, 35.003431512 ], [ 137.09511496799999, 35.003951288 ], [ 137.095090594999988, 35.003984565 ], [ 137.095090586999987, 35.00399358 ], [ 137.094991835, 35.004164802 ], [ 137.094980894, 35.004146766 ], [ 137.094959006000011, 35.004119709 ], [ 137.094707311, 35.003786015 ], [ 137.094444662, 35.003452314 ], [ 137.094411826, 35.003416235 ], [ 137.09387533200001, 35.003028282 ], [ 137.09376583, 35.002965113 ], [ 137.093732979, 35.002947064 ], [ 137.09348108399999, 35.00284775 ], [ 137.093404392999986, 35.002847704 ], [ 137.093316722999987, 35.002874695 ], [ 137.093174264999988, 35.002910668 ], [ 137.093053727000012, 35.002937639 ], [ 137.09294414499999, 35.002964616 ], [ 137.092703069, 35.003018558 ], [ 137.092626362, 35.003036541 ], [ 137.092451044, 35.003063478 ], [ 137.092330514, 35.003081434 ], [ 137.09220998399999, 35.003099389 ], [ 137.09215520399999, 35.003099356 ], [ 137.092023718, 35.003117304 ], [ 137.092001798000013, 35.003126306 ], [ 137.091979887, 35.003126292 ], [ 137.091979869999989, 35.003144322 ], [ 137.09196871, 35.003369683 ], [ 137.09196865199999, 35.003432786 ], [ 137.091957565, 35.003577015 ], [ 137.091957557, 35.00358603 ], [ 137.091935301, 35.003964634 ], [ 137.09192432099999, 35.003991672 ], [ 137.091924304, 35.004009701 ], [ 137.091902030999989, 35.004406336 ], [ 137.091902006999987, 35.00443338 ], [ 137.091901982, 35.004460424 ], [ 137.091891010000012, 35.004478447 ], [ 137.091858124999987, 35.004496456 ], [ 137.09149645299999, 35.004631453 ], [ 137.09113478, 35.00476645 ], [ 137.090992301999989, 35.004820449 ], [ 137.090937505, 35.004838445 ], [ 137.09082790299999, 35.00488345 ], [ 137.090411372, 35.005099542 ], [ 137.090367523, 35.005126559 ], [ 137.090225035, 35.005189572 ], [ 137.090181194, 35.005207574 ], [ 137.090082572, 35.005225541 ], [ 137.09096623100001, 35.007872404 ], [ 137.091285354, 35.007831549 ], [ 137.091416831, 35.007831631 ], [ 137.091560106, 35.007846179 ], [ 137.091855097, 35.007822887 ], [ 137.091908374000013, 35.00780334 ], [ 137.091989703, 35.007744587 ], [ 137.092107218, 35.007687822 ], [ 137.092216807, 35.007660845 ], [ 137.09239210199999, 35.007669967 ], [ 137.092622154, 35.007706166 ], [ 137.092899917000011, 35.007760919 ], [ 137.092966866000012, 35.007767514 ], [ 137.093039675, 35.007763637 ], [ 137.093129828, 35.00773479 ], [ 137.093178212, 35.007722451 ], [ 137.093835901, 35.007579252 ], [ 137.09481549099999, 35.007481314 ], [ 137.094997532, 35.007480511 ], [ 137.095423431, 35.007491715 ], [ 137.09583334300001, 35.007467498 ], [ 137.09620791399999, 35.007430102 ] ] ] } },
{ "type": "Feature", "properties": { "A29_001": "23212", "A29_002": "愛知県", "A29_003": "安城市", "A29_004": 11, "A29_005": "工業地域", "A29_006": 60, "A29_007": 200, "A29_008": null }, "geometry": { "type": "Polygon", "coordinates": [ [ [ 137.076526143, 34.999108014 ], [ 137.076687357, 34.999051331 ], [ 137.076773347999989, 34.999009179 ], [ 137.076860605, 34.998960771 ], [ 137.076901104, 34.998933189 ], [ 137.076949801000012, 34.998892055 ], [ 137.07706367899999, 34.998782691 ], [ 137.077469936999989, 34.998314449 ], [ 137.077502235999987, 34.998251415 ], [ 137.077545254, 34.998213918 ], [ 137.077596492999987, 34.998161842 ], [ 137.07764269399999, 34.998097772 ], [ 137.07767191100001, 34.998068099 ], [ 137.077716858, 34.998019146 ], [ 137.07773963599999, 34.997997266 ], [ 137.077858058, 34.997868126 ], [ 137.077975135, 34.997726455 ], [ 137.078135229999987, 34.997525922 ], [ 137.078170050000011, 34.997480603 ], [ 137.078250438, 34.99735871 ], [ 137.078309101, 34.997248016 ], [ 137.078317137999989, 34.997231381 ], [ 137.078346, 34.997154028 ], [ 137.078360960999987, 34.997055337 ], [ 137.078363247999988, 34.997016548 ], [ 137.078304987, 34.996682383 ], [ 137.078363298, 34.996643437 ], [ 137.078314060999986, 34.996434701 ], [ 137.07820846199999, 34.995980786 ], [ 137.078206096, 34.995970607 ], [ 137.078176305999989, 34.995902388 ], [ 137.07809439, 34.995796712 ], [ 137.07797668500001, 34.995659746 ], [ 137.077662839999988, 34.995295538 ], [ 137.07746279700001, 34.995030961 ], [ 137.077382281000013, 34.99491884 ], [ 137.077331699000013, 34.994851354 ], [ 137.07684953, 34.994106516 ], [ 137.076846337, 34.994101637 ], [ 137.076781944, 34.994003121 ], [ 137.076733399, 34.993927623 ], [ 137.076625881000012, 34.993806403 ], [ 137.076416611000013, 34.993390839 ], [ 137.076406034, 34.993316199 ], [ 137.076352066999988, 34.993191773 ], [ 137.07627705199999, 34.993040738 ], [ 137.076179739999986, 34.992844793 ], [ 137.076057252999988, 34.992611238 ], [ 137.075729493000011, 34.9919797 ], [ 137.07241484, 34.993604847 ], [ 137.070557511, 34.994527266 ], [ 137.07053862699999, 34.99456304 ], [ 137.070469032, 34.994722392 ], [ 137.07030577099999, 34.994948929 ], [ 137.070165409, 34.995181768 ], [ 137.070083032000014, 34.995375339 ], [ 137.07001498299999, 34.995782976 ], [ 137.069965972, 34.996424714 ], [ 137.069911472, 34.996713107 ], [ 137.069979178000011, 34.99672753 ], [ 137.070005810999987, 34.997099535 ], [ 137.070037610000014, 34.997288618 ], [ 137.07007816699999, 34.997352673 ], [ 137.07012721699999, 34.997395829 ], [ 137.070555079, 34.997675625 ], [ 137.07064586300001, 34.997714569 ], [ 137.070716946, 34.997736837 ], [ 137.070870944, 34.997800982 ], [ 137.070962228000013, 34.997842774 ], [ 137.071026542999988, 34.99786373 ], [ 137.071222669, 34.997876847 ], [ 137.071273378, 34.997944831 ], [ 137.071319018999986, 34.99800889 ], [ 137.071315578, 34.998057233 ], [ 137.07129412399999, 34.998155188 ], [ 137.07134886599999, 34.998165508 ], [ 137.07181555, 34.998274988 ], [ 137.071960095, 34.998310952 ], [ 137.072035672999988, 34.998332052 ], [ 137.07210651599999, 34.998354707 ], [ 137.07221608399999, 34.998397648 ], [ 137.072295427, 34.998431236 ], [ 137.072356818, 34.998461672 ], [ 137.072607108, 34.998599052 ], [ 137.07282522700001, 34.998741843 ], [ 137.07311229699999, 34.998936125 ], [ 137.073193499000013, 34.998992304 ], [ 137.073270951000012, 34.99903211 ], [ 137.073373916, 34.99907427 ], [ 137.073438146, 34.999094584 ], [ 137.073645039000013, 34.999140736 ], [ 137.073680943, 34.999147002 ], [ 137.07375276799999, 34.999154846 ], [ 137.073879387, 34.999166634 ], [ 137.074056093, 34.999169889 ], [ 137.07417801, 34.999163743 ], [ 137.074297097, 34.999151367 ], [ 137.074844351, 34.999069955 ], [ 137.075043767000011, 34.999042836 ], [ 137.075169456999987, 34.999042931 ], [ 137.07527434299999, 34.999052358 ], [ 137.07535182, 34.999061765 ], [ 137.075419848, 34.999075068 ], [ 137.075467085000014, 34.99908757 ], [ 137.07558041199999, 34.999112058 ], [ 137.075963089, 34.999213418 ], [ 137.076050216, 34.999184104 ], [ 137.076130729, 34.999171435 ], [ 137.07624269499999, 34.999159088 ], [ 137.076364754999986, 34.99914306 ], [ 137.076416575, 34.999141323 ], [ 137.076471590000011, 34.999124163 ], [ 137.076526143, 34.999108014 ] ] ] } },
{ "type": "Feature", "properties": { "A29_001": "23212", "A29_002": "愛知県", "A29_003": "安城市", "A29_004": 11, "A29_005": "工業地域", "A29_006": 60, "A29_007": 200, "A29_008": null }, "geometry": { "type": "Polygon", "coordinates": [ [ [ 137.08321238, 34.986522839 ], [ 137.084089809, 34.985966021 ], [ 137.084099845999987, 34.985896966 ], [ 137.084103133000013, 34.985874323 ], [ 137.084174186000013, 34.985385276 ], [ 137.084315554999989, 34.984320152 ], [ 137.084323633999986, 34.984259245 ], [ 137.084357324, 34.983615767 ], [ 137.08404832299999, 34.983582311 ], [ 137.084047844999986, 34.983599867 ], [ 137.082854282, 34.983489368 ], [ 137.08285246599999, 34.983502279 ], [ 137.080968356999989, 34.983325672 ], [ 137.080561377, 34.983287612 ], [ 137.081226519000012, 34.984142807 ], [ 137.081011466, 34.984317452 ], [ 137.080406393, 34.984808832 ], [ 137.080030263, 34.985111803 ], [ 137.080802791999986, 34.985872034 ], [ 137.08082582599999, 34.985894695 ], [ 137.08098886799999, 34.986053227 ], [ 137.081012875, 34.986077583 ], [ 137.081199424, 34.986268377 ], [ 137.08122168700001, 34.986294346 ], [ 137.081313711, 34.986387173 ], [ 137.081321175, 34.986382589 ], [ 137.082032109000011, 34.987094126 ], [ 137.083049555, 34.986608494 ], [ 137.08321238, 34.986522839 ] ] ] } },
{ "type": "Feature", "properties": { "A29_001": "23212", "A29_002": "愛知県", "A29_003": "安城市", "A29_004": 11, "A29_005": "工業地域", "A29_006": 60, "A29_007": 200, "A29_008": null }, "geometry": { "type": "MultiPolygon", "coordinates": [ [ [ [ 137.085079979, 34.978255411 ], [ 137.084447643, 34.978171706 ], [ 137.08438604299999, 34.978318632 ], [ 137.084383755, 34.97832383 ], [ 137.084344359999989, 34.9784092 ], [ 137.084341601, 34.978414888 ], [ 137.084292317, 34.978511655 ], [ 137.084288226000012, 34.978519197 ], [ 137.084236111, 34.978609661 ], [ 137.084231816, 34.978616712 ], [ 137.084167193000013, 34.978717273 ], [ 137.08416334, 34.978723016 ], [ 137.084106206, 34.978804597 ], [ 137.084102989, 34.97880904 ], [ 137.084029004, 34.978908008 ], [ 137.08402326699999, 34.978915284 ], [ 137.083933906, 34.979022859 ], [ 137.083927753000012, 34.979029897 ], [ 137.08383426899999, 34.979131574 ], [ 137.083828763000014, 34.979137317 ], [ 137.083728379, 34.979237754 ], [ 137.08372394, 34.979242055 ], [ 137.083654532999986, 34.979307229 ], [ 137.083644486999987, 34.979316049 ], [ 137.083488085, 34.979444429 ], [ 137.08348437399999, 34.979447404 ], [ 137.083436256999988, 34.979485073 ], [ 137.08305567, 34.979780847 ], [ 137.08318674, 34.979828769 ], [ 137.08341178, 34.97991021 ], [ 137.08371392399999, 34.980017719 ], [ 137.08384171099999, 34.980059797 ], [ 137.08405638, 34.980119558 ], [ 137.084155231000011, 34.980138809 ], [ 137.084275488, 34.980154441 ], [ 137.084452316000011, 34.980169164 ], [ 137.08445122399999, 34.980210514 ], [ 137.084922432000013, 34.980278795 ], [ 137.08583591499999, 34.980413979 ], [ 137.086320306, 34.980488681 ], [ 137.086569677999989, 34.980536101 ], [ 137.08670580099999, 34.980545007 ], [ 137.087498676, 34.980567892 ], [ 137.088239777000013, 34.980591415 ], [ 137.088551736999989, 34.980600559 ], [ 137.088868735, 34.980611319 ], [ 137.088894216999989, 34.980489221 ], [ 137.088978534, 34.980104047 ], [ 137.089068059999988, 34.979677174 ], [ 137.089165121, 34.979225858 ], [ 137.08924462600001, 34.978841573 ], [ 137.08833625599999, 34.978709492 ], [ 137.087321261, 34.978570988 ], [ 137.08652866599999, 34.978460533 ], [ 137.085079979, 34.978255411 ] ] ], [ [ [ 137.084456644999989, 34.978150104 ], [ 137.084456507, 34.978150084 ], [ 137.08445444, 34.978155499 ], [ 137.084456393000011, 34.978150843 ], [ 137.084456644999989, 34.978150104 ] ] ] ] } },
{ "type": "Feature", "properties": { "A29_001": "23212", "A29_002": "愛知県", "A29_003": "安城市", "A29_004": 11, "A29_005": "工業地域", "A29_006": 60, "A29_007": 200, "A29_008": null }, "geometry": { "type": "Polygon", "coordinates": [ [ [ 137.07864255199999, 34.967545071 ], [ 137.078608808000013, 34.967344151 ], [ 137.07827078299999, 34.965650253 ], [ 137.080333028000013, 34.965384728 ], [ 137.081195559, 34.9648763 ], [ 137.081315576, 34.964805555 ], [ 137.081627442000013, 34.96440239 ], [ 137.081382565000013, 34.964273793 ], [ 137.081289051999988, 34.96422603 ], [ 137.08096127499999, 34.964049191 ], [ 137.080656941, 34.963887268 ], [ 137.08055595799999, 34.963832702 ], [ 137.08050176, 34.963803204 ], [ 137.080452455999989, 34.963776404 ], [ 137.08040939899999, 34.963754116 ], [ 137.08037699, 34.963739326 ], [ 137.08029116599999, 34.963701331 ], [ 137.08012924799999, 34.963631423 ], [ 137.079917868, 34.963539349 ], [ 137.079792585, 34.963485378 ], [ 137.079361283, 34.963302123 ], [ 137.079232346, 34.963349267 ], [ 137.079062306, 34.96342138 ], [ 137.07849189, 34.963668623 ], [ 137.078369900000013, 34.963720062 ], [ 137.077907038, 34.963905411 ], [ 137.077828229, 34.963771412 ], [ 137.077755758, 34.963711527 ], [ 137.077739079, 34.963701283 ], [ 137.077568219, 34.963619042 ], [ 137.07722865299999, 34.963457798 ], [ 137.077121119999987, 34.963406244 ], [ 137.077004843, 34.96333916 ], [ 137.076943191999987, 34.96329835 ], [ 137.076810735, 34.96320851 ], [ 137.076443855, 34.962943068 ], [ 137.076089376999988, 34.962684846 ], [ 137.075797279999989, 34.962470527 ], [ 137.075484759, 34.96222985 ], [ 137.07518292099999, 34.961994914 ], [ 137.074276567999988, 34.961295068 ], [ 137.074254437, 34.961314766 ], [ 137.074198493000011, 34.96135319 ], [ 137.073941416999986, 34.961564156 ], [ 137.07358642, 34.961854026 ], [ 137.07355932499999, 34.961876506 ], [ 137.073414528, 34.961993569 ], [ 137.072176199000012, 34.963002403 ], [ 137.073731220000013, 34.96324757 ], [ 137.07511066, 34.96346097 ], [ 137.072312892000014, 34.964360118 ], [ 137.07189052199999, 34.96449585 ], [ 137.071702982, 34.964561042 ], [ 137.071523023, 34.964263783 ], [ 137.07141650599999, 34.964121518 ], [ 137.071244443000012, 34.963930306 ], [ 137.071034770000011, 34.963771183 ], [ 137.070925386, 34.963693768 ], [ 137.070817008, 34.963629029 ], [ 137.070719532, 34.963576297 ], [ 137.070639023000012, 34.963538452 ], [ 137.070147402, 34.963310953 ], [ 137.069647346000011, 34.963078649 ], [ 137.06910079299999, 34.962841266 ], [ 137.069458059999988, 34.962426079 ], [ 137.069833087, 34.96199073 ], [ 137.070977008, 34.960640699 ], [ 137.071702225, 34.959779147 ], [ 137.071650807999987, 34.959709675 ], [ 137.071519857999988, 34.959546071 ], [ 137.071303022, 34.959275187 ], [ 137.07108398299999, 34.958978852 ], [ 137.070988625000012, 34.958843023 ], [ 137.070981092000011, 34.958832299 ], [ 137.070462335, 34.958123524 ], [ 137.06987199400001, 34.958768461 ], [ 137.06980383199999, 34.958842084 ], [ 137.069792474, 34.958854353 ], [ 137.06943572899999, 34.959239973 ], [ 137.06888884899999, 34.959833771 ], [ 137.068340065, 34.960429685 ], [ 137.067882118, 34.960922926 ], [ 137.06750286, 34.961339308 ], [ 137.067295779, 34.961567384 ], [ 137.06690840499999, 34.961988381 ], [ 137.065033559, 34.964021834 ], [ 137.06487694099999, 34.96419201 ], [ 137.064412768000011, 34.964693302 ], [ 137.064315951999987, 34.964798233 ], [ 137.064188949999988, 34.96493608 ], [ 137.064612352000012, 34.965242713 ], [ 137.064810926, 34.965390092 ], [ 137.0648736, 34.965485809 ], [ 137.065537705999986, 34.965963065 ], [ 137.065769155, 34.966452779 ], [ 137.063931106000013, 34.967065496 ], [ 137.06259082, 34.967499146 ], [ 137.062384277, 34.967581716 ], [ 137.063099628, 34.968848904 ], [ 137.064096049, 34.96844587 ], [ 137.06446895799999, 34.969117767 ], [ 137.064844389, 34.968968717 ], [ 137.065159403, 34.968843847 ], [ 137.065698327, 34.968629582 ], [ 137.066298971, 34.968393442 ], [ 137.066482602, 34.968320348 ], [ 137.066911460999989, 34.968149637 ], [ 137.067815986999989, 34.967791507 ], [ 137.068265644, 34.967614092 ], [ 137.068888629000014, 34.967366328 ], [ 137.069563179, 34.96709977 ], [ 137.07033701899999, 34.966793604 ], [ 137.07113393899999, 34.966477463 ], [ 137.071567026999986, 34.966307244 ], [ 137.072288988, 34.966020929 ], [ 137.072388905999986, 34.965980792 ], [ 137.07254219, 34.965919223 ], [ 137.072636576, 34.965881308 ], [ 137.07325289, 34.965640304 ], [ 137.073971836999988, 34.96535624 ], [ 137.074677063, 34.965077309 ], [ 137.075206723, 34.964867106 ], [ 137.075191209, 34.964991355 ], [ 137.07495748, 34.965341591 ], [ 137.074497736000012, 34.965973775 ], [ 137.074488921000011, 34.966061978 ], [ 137.074350998, 34.966302477 ], [ 137.07417247399999, 34.966616417 ], [ 137.074040472, 34.966849079 ], [ 137.073898837, 34.967097029 ], [ 137.073993523000013, 34.967142148 ], [ 137.07421997099999, 34.967910254 ], [ 137.07424161, 34.967949575 ], [ 137.07426272399999, 34.967969604 ], [ 137.07430014900001, 34.967995054 ], [ 137.074344262000011, 34.968012126 ], [ 137.07440097599999, 34.968024068 ], [ 137.075725691, 34.967896653 ], [ 137.076083798000013, 34.967872832 ], [ 137.076174995, 34.967866761 ], [ 137.076520773999988, 34.967829589 ], [ 137.076693643999988, 34.967823325 ], [ 137.076777161, 34.967829788 ], [ 137.077012104, 34.967892262 ], [ 137.07715341799999, 34.967952613 ], [ 137.077179959, 34.967916645 ], [ 137.07720138799999, 34.967898163 ], [ 137.077253984, 34.967850405 ], [ 137.077304637, 34.96780573 ], [ 137.077407846999989, 34.967739519 ], [ 137.077503264, 34.96768871 ], [ 137.077639538, 34.967639472 ], [ 137.07772713899999, 34.967616423 ], [ 137.077793321, 34.967602598 ], [ 137.07792567199999, 34.967585728 ], [ 137.078063855000011, 34.967573497 ], [ 137.0782137, 34.967562824 ], [ 137.078445305, 34.967552193 ], [ 137.078585417999989, 34.96754767 ], [ 137.07864255199999, 34.967545071 ] ] ] } },
{ "type": "Feature", "properties": { "A29_001": "23212", "A29_002": "愛知県", "A29_003": "安城市", "A29_004": 11, "A29_005": "工業地域", "A29_006": 60, "A29_007": 200, "A29_008": null }, "geometry": { "type": "Polygon", "coordinates": [ [ [ 137.05210247799999, 34.978241992 ], [ 137.051664592, 34.978715393 ], [ 137.05159358, 34.978782666 ], [ 137.051214961, 34.97919558 ], [ 137.051059358, 34.979366559 ], [ 137.05155424099999, 34.979485429 ], [ 137.05190202899999, 34.979565809 ], [ 137.052058589000012, 34.979611419 ], [ 137.052168947000013, 34.979651828 ], [ 137.05257215200001, 34.979838894 ], [ 137.052863561, 34.979972964 ], [ 137.053209433, 34.98013559 ], [ 137.053519926, 34.980275473 ], [ 137.05377237799999, 34.98039464 ], [ 137.05416481899999, 34.980577084 ], [ 137.05422897299999, 34.98060691 ], [ 137.054255301000012, 34.980616229 ], [ 137.054810104000012, 34.979409412 ], [ 137.054991285, 34.979004979 ], [ 137.054654027, 34.978903784 ], [ 137.054797283999989, 34.978624098 ], [ 137.054267845999988, 34.978457512 ], [ 137.054814365, 34.977652881 ], [ 137.055124302, 34.977310109 ], [ 137.056764648000012, 34.975501323 ], [ 137.057145709, 34.975079235 ], [ 137.057537055000012, 34.974645743 ], [ 137.057683878, 34.974513619 ], [ 137.0577604, 34.974455128 ], [ 137.057857052, 34.974388676 ], [ 137.057928723, 34.974346777 ], [ 137.058076964, 34.974275936 ], [ 137.058328934, 34.974177548 ], [ 137.058443853, 34.974144044 ], [ 137.058615988000014, 34.974108958 ], [ 137.05888034, 34.974088459 ], [ 137.05907842799999, 34.974097397 ], [ 137.059206804000013, 34.974099386 ], [ 137.059494073, 34.973191988 ], [ 137.06024973800001, 34.973319878 ], [ 137.060432416999987, 34.973123281 ], [ 137.060478673, 34.97299048 ], [ 137.060555525000012, 34.972725513 ], [ 137.060602757999987, 34.972472095 ], [ 137.06059393699999, 34.972356563 ], [ 137.060566851, 34.972001511 ], [ 137.060513106, 34.971649148 ], [ 137.060474957, 34.9713979 ], [ 137.060453902, 34.971139942 ], [ 137.061514192, 34.9711884 ], [ 137.06131780199999, 34.970851681 ], [ 137.061091065999989, 34.970455781 ], [ 137.06093313, 34.970518882 ], [ 137.060275453, 34.970778699 ], [ 137.060275343, 34.970778699 ], [ 137.059747351, 34.970987432 ], [ 137.059368001, 34.971138546 ], [ 137.058884655000014, 34.97132942 ], [ 137.058266029, 34.971573702 ], [ 137.058150987, 34.971619511 ], [ 137.058170101, 34.97172456 ], [ 137.057895368, 34.972023514 ], [ 137.057815962, 34.972110436 ], [ 137.05759200599999, 34.972353904 ], [ 137.05714869900001, 34.972833451 ], [ 137.056896443999989, 34.97310592 ], [ 137.056721871, 34.973270913 ], [ 137.056481573000013, 34.973526895 ], [ 137.056037505, 34.973992735 ], [ 137.05596874, 34.97406425 ], [ 137.055648149, 34.974408772 ], [ 137.054967373000011, 34.975134648 ], [ 137.054859794, 34.975236416 ], [ 137.05471764699999, 34.975389175 ], [ 137.054616474999989, 34.975499333 ], [ 137.054301595, 34.975856576 ], [ 137.054170938999988, 34.976013565 ], [ 137.05383909299999, 34.97636861 ], [ 137.053484389, 34.976737831 ], [ 137.05341169, 34.976823638 ], [ 137.053339075, 34.976879705 ], [ 137.05299897099999, 34.977261162 ], [ 137.052922779, 34.977330018 ], [ 137.052227571, 34.978097089 ], [ 137.05210247799999, 34.978241992 ] ] ] } },
{ "type": "Feature", "properties": { "A29_001": "23212", "A29_002": "愛知県", "A29_003": "安城市", "A29_004": 11, "A29_005": "工業地域", "A29_006": 60, "A29_007": 200, "A29_008": null }, "geometry": { "type": "MultiPolygon", "coordinates": [ [ [ [ 137.093075258, 34.986474345 ], [ 137.09325714799999, 34.986935046 ], [ 137.09333403, 34.987170612 ], [ 137.093450751, 34.987577852 ], [ 137.093535378000013, 34.987937384 ], [ 137.093578044, 34.98818243 ], [ 137.093713484, 34.989051218 ], [ 137.09377983499999, 34.989567317 ], [ 137.09385467300001, 34.989988206 ], [ 137.09388167899999, 34.990119486 ], [ 137.09402385300001, 34.990081051 ], [ 137.09423459199999, 34.990026665 ], [ 137.094644934, 34.989911637 ], [ 137.094943230000013, 34.989817456 ], [ 137.095140851, 34.989755488 ], [ 137.09532053, 34.989693185 ], [ 137.095626005000014, 34.989579616 ], [ 137.09591057099999, 34.989462221 ], [ 137.096153447, 34.989355357 ], [ 137.096359917, 34.98926871 ], [ 137.096848954, 34.989053125 ], [ 137.097969615000011, 34.988587386 ], [ 137.100944132, 34.987534397 ], [ 137.10152119599999, 34.9873301 ], [ 137.101832202, 34.987278459 ], [ 137.101815691000013, 34.987213751 ], [ 137.10173225299999, 34.987148088 ], [ 137.101537560999986, 34.986956519 ], [ 137.101497892999987, 34.986920421 ], [ 137.100945055000011, 34.986380112 ], [ 137.100802914000013, 34.986238693 ], [ 137.10074845599999, 34.986180058 ], [ 137.10070080599999, 34.986114207 ], [ 137.100673613999987, 34.986037927 ], [ 137.100649435, 34.985907092 ], [ 137.10064622199999, 34.985884445 ], [ 137.100642595000011, 34.985858904 ], [ 137.100649508, 34.985844521 ], [ 137.10070496899999, 34.985717136 ], [ 137.10075384699999, 34.985439409 ], [ 137.100896342, 34.984890416 ], [ 137.10094637899999, 34.984723435 ], [ 137.10099295399999, 34.984570164 ], [ 137.1010583, 34.984380755 ], [ 137.10111289299999, 34.984227452 ], [ 137.101232823, 34.983935322 ], [ 137.10139076199999, 34.983572517 ], [ 137.101421982, 34.983471398 ], [ 137.101439567, 34.983381494 ], [ 137.101444492000013, 34.983304438 ], [ 137.101432894999988, 34.98319045 ], [ 137.10140475899999, 34.98309083 ], [ 137.101352286, 34.982976008 ], [ 137.101293008, 34.982865167 ], [ 137.10123953199999, 34.982785664 ], [ 137.101187028, 34.982710173 ], [ 137.10106654099999, 34.982576915 ], [ 137.101083447, 34.982594743 ], [ 137.101066573, 34.982576741 ], [ 137.101579202000011, 34.982173212 ], [ 137.101695584, 34.982249549 ], [ 137.101772186, 34.982308492 ], [ 137.10206102399999, 34.982594811 ], [ 137.102354988, 34.982883033 ], [ 137.102402203999986, 34.982928511 ], [ 137.102490222, 34.983014134 ], [ 137.10289838700001, 34.983443236 ], [ 137.10293975, 34.983480795 ], [ 137.103311617, 34.983858257 ], [ 137.10352808, 34.984095323 ], [ 137.103558372, 34.984130226 ], [ 137.103941991999989, 34.984571823 ], [ 137.104149807, 34.984834692 ], [ 137.104492894, 34.985190888 ], [ 137.104529931, 34.985215337 ], [ 137.104609334, 34.985169547 ], [ 137.105552120999988, 34.984605845 ], [ 137.10558351899999, 34.984583901 ], [ 137.105883444, 34.984406037 ], [ 137.105916549, 34.98438642 ], [ 137.10641966099999, 34.984081602 ], [ 137.106480978, 34.984051631 ], [ 137.10657602500001, 34.984059431 ], [ 137.106831254000014, 34.983840129 ], [ 137.106974654, 34.983703995 ], [ 137.107031236000012, 34.983647456 ], [ 137.107139713, 34.983501127 ], [ 137.107224682, 34.983373033 ], [ 137.10726851199999, 34.983303776 ], [ 137.107318228999986, 34.983212174 ], [ 137.10732754, 34.983195303 ], [ 137.107332257, 34.98318593 ], [ 137.107339630000013, 34.983183536 ], [ 137.107464474000011, 34.982940874 ], [ 137.107653793, 34.982628389 ], [ 137.107654849, 34.982622638 ], [ 137.108088204000012, 34.981890723 ], [ 137.10800676, 34.981840913 ], [ 137.107809288, 34.981703658 ], [ 137.107600631, 34.98155466 ], [ 137.106726579999986, 34.980945672 ], [ 137.10660472699999, 34.980857943 ], [ 137.106044451, 34.980462908 ], [ 137.105886035, 34.980351938 ], [ 137.10537224399999, 34.979992045 ], [ 137.102392404, 34.980864098 ], [ 137.102160588, 34.980932109 ], [ 137.10208032700001, 34.980692418 ], [ 137.10206908399999, 34.980643597 ], [ 137.102047954, 34.980409003 ], [ 137.102037306, 34.980188442 ], [ 137.102037610999986, 34.980148633 ], [ 137.102096085, 34.979817075 ], [ 137.101968035999988, 34.979749143 ], [ 137.101710091, 34.97985702 ], [ 137.10167593599999, 34.979806817 ], [ 137.101221237, 34.979995892 ], [ 137.100950065, 34.980109295 ], [ 137.100495921, 34.980299224 ], [ 137.09991069, 34.980543528 ], [ 137.099290219000011, 34.980803415 ], [ 137.098780659, 34.981016195 ], [ 137.098290905, 34.981221033 ], [ 137.097975066, 34.981353597 ], [ 137.097668002, 34.981482469 ], [ 137.097110969999989, 34.981712551 ], [ 137.096435326, 34.981993684 ], [ 137.095782652, 34.982267353 ], [ 137.095139859, 34.982533867 ], [ 137.094585231, 34.982767968 ], [ 137.093957046000014, 34.983029581 ], [ 137.093640689000011, 34.983161583 ], [ 137.093739179000011, 34.983262121 ], [ 137.094140372999988, 34.984043769 ], [ 137.09432961600001, 34.984476347 ], [ 137.094331747000012, 34.984481225 ], [ 137.09455138199999, 34.985008115 ], [ 137.093653862, 34.985880442 ], [ 137.093646275999987, 34.985887811 ], [ 137.093608921999987, 34.98590306 ], [ 137.093509712000014, 34.985943557 ], [ 137.093668562, 34.986287629 ], [ 137.093075258, 34.986474345 ] ] ], [ [ [ 137.101122847, 34.98263629 ], [ 137.101083493, 34.982594791 ], [ 137.101095625, 34.982607929 ], [ 137.101122847, 34.98263629 ] ] ] ] } },
{ "type": "Feature", "properties": { "A29_001": "23212", "A29_002": "愛知県", "A29_003": "安城市", "A29_004": 11, "A29_005": "工業地域", "A29_006": 60, "A29_007": 200, "A29_008": null }, "geometry": { "type": "Polygon", "coordinates": [ [ [ 137.023842394000013, 34.954145012 ], [ 137.023946337000012, 34.954219542 ], [ 137.02486924199999, 34.954856301 ], [ 137.025487332000012, 34.955286044 ], [ 137.025505618000011, 34.955298794 ], [ 137.02551692599999, 34.955306677 ], [ 137.02917909300001, 34.951745661 ], [ 137.027545559, 34.950618177 ], [ 137.027481765, 34.950622098 ], [ 137.027452634000014, 34.950626067 ], [ 137.026418715, 34.951634752 ], [ 137.026244388, 34.951806787 ], [ 137.02579795, 34.952243812 ], [ 137.02554328799999, 34.952485861 ], [ 137.025266124000012, 34.952753008 ], [ 137.025169979, 34.952848669 ], [ 137.025098452, 34.952917035 ], [ 137.024878309, 34.953132764 ], [ 137.024641534000011, 34.953361139 ], [ 137.02415846, 34.953832786 ], [ 137.023842394000013, 34.954145012 ] ] ] } },
{ "type": "Feature", "properties": { "A29_001": "23212", "A29_002": "愛知県", "A29_003": "安城市", "A29_004": 11, "A29_005": "工業地域", "A29_006": 60, "A29_007": 200, "A29_008": null }, "geometry": { "type": "Polygon", "coordinates": [ [ [ 137.050873583, 34.921408785 ], [ 137.050977589000013, 34.921598377 ], [ 137.05110664599999, 34.921829478 ], [ 137.05118914, 34.92197721 ], [ 137.051197502, 34.921992201 ], [ 137.051259558999988, 34.92210326 ], [ 137.051610783, 34.922732342 ], [ 137.052024081000013, 34.923472491 ], [ 137.05214618799999, 34.923644699 ], [ 137.052230415, 34.923626118 ], [ 137.053018087999988, 34.923453024 ], [ 137.05314402499999, 34.923436518 ], [ 137.053645597000013, 34.923335371 ], [ 137.053668096, 34.923322509 ], [ 137.053673472000014, 34.923321306 ], [ 137.053674441, 34.923325328 ], [ 137.053775132999988, 34.923304083 ], [ 137.054195174, 34.923234094 ], [ 137.05424262599999, 34.92322268 ], [ 137.054896015999987, 34.923065559 ], [ 137.055097713, 34.923025574 ], [ 137.055443668, 34.922952574 ], [ 137.05570315599999, 34.922895422 ], [ 137.056412497999986, 34.922749838 ], [ 137.056462484, 34.922741707 ], [ 137.057215496999987, 34.922586512 ], [ 137.057771145, 34.922471928 ], [ 137.058017955999986, 34.922422639 ], [ 137.05784817, 34.921772012 ], [ 137.057843711, 34.921751102 ], [ 137.057756243999989, 34.921415212 ], [ 137.057735853999986, 34.921324081 ], [ 137.057847551, 34.921196621 ], [ 137.05803203100001, 34.920986199 ], [ 137.058071603, 34.920940168 ], [ 137.05823207899999, 34.920755958 ], [ 137.058257395999988, 34.920729747 ], [ 137.05829444599999, 34.920686329 ], [ 137.058388603, 34.920579857 ], [ 137.058467197, 34.920488787 ], [ 137.058531534999986, 34.920418709 ], [ 137.05845065, 34.920253575 ], [ 137.058368613999988, 34.92021609 ], [ 137.05806607299999, 34.92007014 ], [ 137.05772066099999, 34.919900082 ], [ 137.057307543, 34.919700392 ], [ 137.057219384, 34.919658042 ], [ 137.057091410999988, 34.919597699 ], [ 137.056678952999988, 34.919397737 ], [ 137.056196058000012, 34.919164265 ], [ 137.05593049399999, 34.919036193 ], [ 137.055967014, 34.91889875 ], [ 137.05612317, 34.918263706 ], [ 137.05615529, 34.918142936 ], [ 137.055749143000014, 34.917903943 ], [ 137.055122565, 34.917802808 ], [ 137.05488612, 34.91776289 ], [ 137.054629291, 34.917719265 ], [ 137.054460830000011, 34.917689892 ], [ 137.05425026399999, 34.917653575 ], [ 137.05405833099999, 34.917621755 ], [ 137.05389468300001, 34.917594189 ], [ 137.05358464299999, 34.917542922 ], [ 137.053296808999988, 34.917467488 ], [ 137.05308304, 34.917381638 ], [ 137.052839745999989, 34.91728616 ], [ 137.052619435, 34.917199185 ], [ 137.052573854, 34.917182068 ], [ 137.052445088000013, 34.917130283 ], [ 137.052245769, 34.917051207 ], [ 137.051982364, 34.916945674 ], [ 137.051958727, 34.916959454 ], [ 137.05190568899999, 34.917008174 ], [ 137.051834465000013, 34.917069588 ], [ 137.051716887, 34.917173238 ], [ 137.051715793999989, 34.917172335 ], [ 137.05162725400001, 34.917250681 ], [ 137.05158079200001, 34.917291925 ], [ 137.05150847199999, 34.917353968 ], [ 137.05138103499999, 34.917464009 ], [ 137.051240228000012, 34.917586117 ], [ 137.051098762, 34.917709306 ], [ 137.051060740999986, 34.917741092 ], [ 137.050998171, 34.917796023 ], [ 137.05090985199999, 34.917871573 ], [ 137.050794467, 34.917970807 ], [ 137.050686861, 34.918064279 ], [ 137.050465398, 34.918258427 ], [ 137.050411923000013, 34.918305253 ], [ 137.05035154699999, 34.9183564 ], [ 137.050348917, 34.918358561 ], [ 137.050305524, 34.91839539 ], [ 137.050236164000012, 34.918452658 ], [ 137.050151672999988, 34.918529925 ], [ 137.049970866, 34.918686249 ], [ 137.04987093299999, 34.91876963 ], [ 137.049828744, 34.918806461 ], [ 137.049687823999989, 34.918927755 ], [ 137.04959764, 34.919005286 ], [ 137.049483135, 34.91909911 ], [ 137.04931632099999, 34.919265273 ], [ 137.04913055, 34.919447194 ], [ 137.04902784, 34.919558157 ], [ 137.048979944, 34.919604988 ], [ 137.048962377, 34.919644096 ], [ 137.048953938000011, 34.919652021 ], [ 137.048941004, 34.919665981 ], [ 137.048991171000011, 34.919790795 ], [ 137.04901490099999, 34.919881688 ], [ 137.049027548, 34.919916227 ], [ 137.049067400000013, 34.919983246 ], [ 137.049100806000013, 34.920042956 ], [ 137.04914875, 34.920115753 ], [ 137.049206763, 34.920188829 ], [ 137.04922195099999, 34.920206423 ], [ 137.049272336, 34.920256143 ], [ 137.049317263, 34.920295581 ], [ 137.04935706, 34.920324828 ], [ 137.049415337, 34.920366443 ], [ 137.04946476, 34.920399395 ], [ 137.049519436, 34.920433704 ], [ 137.049584724, 34.920470277 ], [ 137.049675715, 34.920520036 ], [ 137.04976047400001, 34.920564651 ], [ 137.049807281, 34.920590929 ], [ 137.049859343, 34.92061586 ], [ 137.04987039, 34.9206211 ], [ 137.04991599600001, 34.920644762 ], [ 137.050069753, 34.920734968 ], [ 137.050211491, 34.92081137 ], [ 137.05037410700001, 34.920906181 ], [ 137.050427027000012, 34.920944004 ], [ 137.050472293000013, 34.920976952 ], [ 137.050560526999988, 34.921041582 ], [ 137.050610922, 34.921085262 ], [ 137.050676821, 34.92115501 ], [ 137.050721954000011, 34.921204905 ], [ 137.050761066, 34.921254885 ], [ 137.050836780999987, 34.921349973 ], [ 137.050873583, 34.921408785 ] ] ] } },
{ "type": "Feature", "properties": { "A29_001": "23212", "A29_002": "愛知県", "A29_003": "安城市", "A29_004": 11, "A29_005": "工業地域", "A29_006": 60, "A29_007": 200, "A29_008": null }, "geometry": { "type": "Polygon", "coordinates": [ [ [ 137.078654199999988, 34.904759816 ], [ 137.078744945000011, 34.904845253 ], [ 137.078938646000012, 34.904760022 ], [ 137.078965446000012, 34.904748232 ], [ 137.079123108, 34.904666761 ], [ 137.07912475099999, 34.904665915 ], [ 137.079380184, 34.904534066 ], [ 137.079595324, 34.9044246 ], [ 137.079744992, 34.90434799 ], [ 137.079909878, 34.904263278 ], [ 137.07991271899999, 34.904267067 ], [ 137.079945116, 34.904260419 ], [ 137.08003643, 34.904211443 ], [ 137.08018107, 34.904128158 ], [ 137.080340605, 34.904031542 ], [ 137.080482295, 34.903944018 ], [ 137.080479453, 34.903940681 ], [ 137.08049083899999, 34.90393528 ], [ 137.080559185999988, 34.903872945 ], [ 137.080630915, 34.90382089 ], [ 137.08070723899999, 34.903769379 ], [ 137.08090949000001, 34.903633307 ], [ 137.081203284, 34.903435998 ], [ 137.081466748999986, 34.903256066 ], [ 137.081613592, 34.903155743 ], [ 137.081832268999989, 34.903005618 ], [ 137.082149058999988, 34.902787768 ], [ 137.08218245899999, 34.90276282 ], [ 137.082188811, 34.902757596 ], [ 137.082265134000011, 34.902704732 ], [ 137.082409678, 34.902603866 ], [ 137.082526515000012, 34.902523894 ], [ 137.08269941899999, 34.902403485 ], [ 137.08277223799999, 34.902353052 ], [ 137.082947071, 34.902239441 ], [ 137.082617340000013, 34.902199602 ], [ 137.08241274299999, 34.902174038 ], [ 137.082301803, 34.902158005 ], [ 137.082255522999986, 34.902151663 ], [ 137.082211543999989, 34.902142527 ], [ 137.082124679, 34.902125248 ], [ 137.081965295, 34.902079973 ], [ 137.081730321, 34.902013008 ], [ 137.081509896, 34.901950922 ], [ 137.08133443299999, 34.901900406 ], [ 137.081150435000012, 34.901849342 ], [ 137.080987877000013, 34.901805416 ], [ 137.080910649, 34.901781472 ], [ 137.080615074, 34.901697695 ], [ 137.080355379, 34.901624671 ], [ 137.07992776899999, 34.901504919 ], [ 137.07990053099999, 34.901497597 ], [ 137.07987285499999, 34.901489915 ], [ 137.079733419, 34.901414992 ], [ 137.079399647, 34.901238602 ], [ 137.079330857, 34.901203395 ], [ 137.07912853799999, 34.901097144 ], [ 137.078313693000013, 34.900664832 ], [ 137.07823953799999, 34.900633676 ], [ 137.07724488400001, 34.900105281 ], [ 137.076876059999989, 34.900706328 ], [ 137.076784524, 34.900860956 ], [ 137.076661854, 34.90106938 ], [ 137.07657766299999, 34.901210039 ], [ 137.076481847999986, 34.901374219 ], [ 137.07639688399999, 34.901522271 ], [ 137.076352931, 34.901589309 ], [ 137.07624579099999, 34.901503047 ], [ 137.07615668599999, 34.901434558 ], [ 137.076002811, 34.901309839 ], [ 137.07549961699999, 34.901746387 ], [ 137.075184318999987, 34.901465021 ], [ 137.07497344399999, 34.901283753 ], [ 137.074840841999986, 34.901168173 ], [ 137.07470824, 34.901053944 ], [ 137.07459771500001, 34.900963261 ], [ 137.074442686999987, 34.900843967 ], [ 137.074239556, 34.900687314 ], [ 137.07420959800001, 34.900665836 ], [ 137.07397629499999, 34.90048518 ], [ 137.073836567, 34.900384197 ], [ 137.073134939999989, 34.899914795 ], [ 137.072948735000011, 34.89979259 ], [ 137.072589985, 34.899564597 ], [ 137.071618847, 34.898973448 ], [ 137.07148985500001, 34.899113565 ], [ 137.07128015, 34.899152246 ], [ 137.070782924000014, 34.899641633 ], [ 137.07008152099999, 34.900375547 ], [ 137.070063403, 34.900392084 ], [ 137.070312722000011, 34.90059646 ], [ 137.075196573, 34.904604515 ], [ 137.075382889999986, 34.904757403 ], [ 137.076152293, 34.905388722 ], [ 137.075981896, 34.904757852 ], [ 137.075808615999989, 34.904212052 ], [ 137.07577030600001, 34.904122416 ], [ 137.075415991999989, 34.903411805 ], [ 137.07615474, 34.903148961 ], [ 137.076394994, 34.903048669 ], [ 137.07649029800001, 34.903004007 ], [ 137.076645847, 34.90320364 ], [ 137.076899604, 34.903506006 ], [ 137.077083151000011, 34.903730567 ], [ 137.07718033399999, 34.903658745 ], [ 137.07717508499999, 34.903655586 ], [ 137.077244185000012, 34.903607047 ], [ 137.07729653199999, 34.903569493 ], [ 137.07738420699999, 34.903647085 ], [ 137.077607986, 34.90384729 ], [ 137.07780542, 34.904023405 ], [ 137.07799181499999, 34.904188783 ], [ 137.078119722999986, 34.904301202 ], [ 137.078216477000012, 34.90438466 ], [ 137.078414465, 34.904556447 ], [ 137.078626783, 34.904734104 ], [ 137.078651708, 34.904757471 ], [ 137.078654199999988, 34.904759816 ] ] ] } }
]
}
