{
"type": "FeatureCollection",
"name": "A29-19_37202",
"features": [
{ "type": "Feature", "properties": { "A29_001": "37202", "A29_002": "香川県", "A29_003": "丸亀市", "A29_004": 12, "A29_005": "工業専用地域", "A29_006": 60, "A29_007": 200, "A29_008": null }, "geometry": { "type": "Polygon", "coordinates": [ [ [ 133.778731655, 34.300256511 ], [ 133.778588019000011, 34.30048142 ], [ 133.77793910599999, 34.301497163 ], [ 133.777500945000014, 34.302184254 ], [ 133.777237657, 34.302597229 ], [ 133.777131520000012, 34.30276399 ], [ 133.77676047, 34.303346975 ], [ 133.776415936, 34.303900326 ], [ 133.776414956, 34.303899878 ], [ 133.77550724299999, 34.304129209 ], [ 133.775241617, 34.304196793 ], [ 133.774552516, 34.304368556 ], [ 133.774286342000011, 34.304435418 ], [ 133.774051649, 34.304494365 ], [ 133.77361255, 34.304605429 ], [ 133.773168347, 34.304717224 ], [ 133.772919647, 34.304779445 ], [ 133.772916513000013, 34.304784411 ], [ 133.77290769699999, 34.304779472 ], [ 133.77230678, 34.305717904 ], [ 133.772141495999989, 34.305976031 ], [ 133.77234245, 34.306065111 ], [ 133.77338192799999, 34.30652431 ], [ 133.774194232000013, 34.30688123 ], [ 133.774265939, 34.306914789 ], [ 133.775517404999988, 34.30747339 ], [ 133.77714946399999, 34.308192949 ], [ 133.777556395, 34.308372342 ], [ 133.778066149000011, 34.30859712 ], [ 133.78067686899999, 34.309746801 ], [ 133.781847981999988, 34.310262065 ], [ 133.782491486, 34.310545299 ], [ 133.782741968000011, 34.310655525 ], [ 133.782799856, 34.310681086 ], [ 133.782920719, 34.310467224 ], [ 133.78315500799999, 34.310058451 ], [ 133.783671408, 34.309150365 ], [ 133.78394132299999, 34.308675874 ], [ 133.78406607299999, 34.308456503 ], [ 133.784123865, 34.308357376 ], [ 133.784211363, 34.308207061 ], [ 133.78496581600001, 34.306890366 ], [ 133.785109025999986, 34.306637682 ], [ 133.785372276, 34.306188808 ], [ 133.785719949, 34.305582321 ], [ 133.786085549, 34.304945679 ], [ 133.78637921399999, 34.304434252 ], [ 133.786394333, 34.30440771 ], [ 133.786641108, 34.303974108 ], [ 133.787063386999989, 34.303236444 ], [ 133.787430355999987, 34.302592853 ], [ 133.787561791, 34.302363995 ], [ 133.786658616000011, 34.301964732 ], [ 133.785798758, 34.301585916 ], [ 133.785556568, 34.301479645 ], [ 133.78535876699999, 34.301392112 ], [ 133.785083831, 34.301271671 ], [ 133.784622946000013, 34.301066192 ], [ 133.784186548, 34.300872826 ], [ 133.78391466, 34.300753277 ], [ 133.783813802999987, 34.300708883 ], [ 133.78363583399999, 34.300638161 ], [ 133.783255583999988, 34.300470717 ], [ 133.783073892, 34.300390716 ], [ 133.783022233, 34.300471256 ], [ 133.782993054, 34.300516853 ], [ 133.782985273, 34.300528952 ], [ 133.782834619999988, 34.30076407 ], [ 133.782460702, 34.301351856 ], [ 133.782374678, 34.30148702 ], [ 133.782189546000012, 34.30177595 ], [ 133.782151906, 34.30176062 ], [ 133.782131451999987, 34.301751561 ], [ 133.78193398, 34.301664202 ], [ 133.781914832000012, 34.301655772 ], [ 133.78154142599999, 34.301488938 ], [ 133.781432087000013, 34.301441586 ], [ 133.781074794, 34.30128427 ], [ 133.77987825, 34.30075986 ], [ 133.779240598, 34.300479934 ], [ 133.778731655, 34.300256511 ] ] ] } },
{ "type": "Feature", "properties": { "A29_001": "37202", "A29_002": "香川県", "A29_003": "丸亀市", "A29_004": 11, "A29_005": "工業地域", "A29_006": 60, "A29_007": 200, "A29_008": null }, "geometry": { "type": "Polygon", "coordinates": [ [ [ 133.799295202, 34.307205544 ], [ 133.799343048, 34.307245015 ], [ 133.799375825999988, 34.307266212 ], [ 133.799422408, 34.307289179 ], [ 133.79964245299999, 34.30739133 ], [ 133.799680112, 34.307410351 ], [ 133.799707982, 34.307426421 ], [ 133.799735965, 34.307443572 ], [ 133.799847954, 34.307497573 ], [ 133.800003369, 34.307572834 ], [ 133.800311169999986, 34.30772724 ], [ 133.80046224, 34.307802422 ], [ 133.800513155, 34.307821771 ], [ 133.80093297799999, 34.308038289 ], [ 133.80115435499999, 34.308147376 ], [ 133.801296482, 34.308212752 ], [ 133.801340353, 34.308236806 ], [ 133.801389123, 34.308263913 ], [ 133.801497847, 34.308315756 ], [ 133.80159481699999, 34.308362039 ], [ 133.80411018, 34.309616307 ], [ 133.804218373999987, 34.309670764 ], [ 133.804315792000011, 34.309719838 ], [ 133.805563839, 34.310348191 ], [ 133.805618772, 34.310366086 ], [ 133.805650175000011, 34.310367089 ], [ 133.80567579800001, 34.310361886 ], [ 133.80569737499999, 34.310349751 ], [ 133.805715424999988, 34.310323651 ], [ 133.80596743000001, 34.309887022 ], [ 133.805936099, 34.309876101 ], [ 133.806276426000011, 34.309287787 ], [ 133.806649025000013, 34.308642231 ], [ 133.806666478000011, 34.308302836 ], [ 133.806692352, 34.307799063 ], [ 133.806742961999987, 34.306837681 ], [ 133.806746632, 34.306741655 ], [ 133.806756146, 34.306668964 ], [ 133.806759648, 34.306556349 ], [ 133.806771962999989, 34.306298018 ], [ 133.806785641, 34.30602616 ], [ 133.806794559999986, 34.305819587 ], [ 133.806812666000013, 34.305450799 ], [ 133.806827193, 34.305173439 ], [ 133.806838655, 34.304919528 ], [ 133.806843947, 34.304701966 ], [ 133.806850457, 34.304520373 ], [ 133.80685301, 34.30450531 ], [ 133.806844109, 34.304358106 ], [ 133.806841217, 34.304309789 ], [ 133.807010268999989, 34.304102094 ], [ 133.807221895, 34.303831182 ], [ 133.807398639000013, 34.303609312 ], [ 133.806290753000013, 34.303024019 ], [ 133.805555698, 34.302647735 ], [ 133.805377424, 34.302558879 ], [ 133.804477434, 34.302099514 ], [ 133.804018697, 34.301865442 ], [ 133.803305969, 34.301502135 ], [ 133.803156054999988, 34.301422654 ], [ 133.80270565399999, 34.302041083 ], [ 133.802717300000012, 34.302047185 ], [ 133.80264811699999, 34.302143554 ], [ 133.802608924999987, 34.302211629 ], [ 133.801221758999986, 34.304112497 ], [ 133.80064531799999, 34.304969865 ], [ 133.800175182, 34.305753222 ], [ 133.79992524299999, 34.30616459 ], [ 133.799295202, 34.307205544 ] ] ] } },
{ "type": "Feature", "properties": { "A29_001": "37202", "A29_002": "香川県", "A29_003": "丸亀市", "A29_004": 10, "A29_005": "準工業地域", "A29_006": 60, "A29_007": 200, "A29_008": null }, "geometry": { "type": "Polygon", "coordinates": [ [ [ 133.797025733999988, 34.301072091 ], [ 133.79658, 34.301661537 ], [ 133.796684806, 34.301714657 ], [ 133.79651504899999, 34.301943887 ], [ 133.796494289, 34.301972066 ], [ 133.796435022, 34.301967747 ], [ 133.795982024000011, 34.302582407 ], [ 133.79545703299999, 34.303283926 ], [ 133.795003732999987, 34.303890695 ], [ 133.79463065600001, 34.304388179 ], [ 133.794602540999989, 34.304425842 ], [ 133.794563583000013, 34.304407543 ], [ 133.79453975199999, 34.304396601 ], [ 133.794516275, 34.304393683 ], [ 133.79449326400001, 34.304399688 ], [ 133.794476573, 34.304411088 ], [ 133.794466836999987, 34.304423193 ], [ 133.794465572, 34.304434195 ], [ 133.794470528, 34.304453296 ], [ 133.794486452, 34.304471199 ], [ 133.794545782, 34.304505587 ], [ 133.79438260500001, 34.30472461 ], [ 133.794375575, 34.304733733 ], [ 133.793837829000012, 34.305461421 ], [ 133.793884415, 34.305486193 ], [ 133.79342325499999, 34.306120112 ], [ 133.793381506, 34.306174216 ], [ 133.79336397599999, 34.306194453 ], [ 133.793271569000012, 34.306333697 ], [ 133.793214817, 34.30644743 ], [ 133.792946819, 34.306580783 ], [ 133.792790900999989, 34.306640028 ], [ 133.792644951, 34.306738324 ], [ 133.792391720000012, 34.306603296 ], [ 133.79195501699999, 34.306366593 ], [ 133.791260244999989, 34.305995763 ], [ 133.79107401600001, 34.30624402 ], [ 133.791375638, 34.306404937 ], [ 133.791469475000014, 34.306458628 ], [ 133.791538914, 34.306494435 ], [ 133.791667909000012, 34.306566975 ], [ 133.791697187000011, 34.306582052 ], [ 133.79178251499999, 34.306625395 ], [ 133.79159031399999, 34.306874776 ], [ 133.791282279, 34.307276619 ], [ 133.791420832, 34.307347784 ], [ 133.79155029899999, 34.307179513 ], [ 133.791784353, 34.306874314 ], [ 133.791812467, 34.30683539 ], [ 133.79191857399999, 34.306698368 ], [ 133.7922069, 34.306849866 ], [ 133.792248483, 34.306873208 ], [ 133.79259135, 34.30705595 ], [ 133.79230742499999, 34.307422395 ], [ 133.79212343899999, 34.307659407 ], [ 133.79190733499999, 34.30794022 ], [ 133.791728334, 34.308174334 ], [ 133.79160005, 34.308339808 ], [ 133.791577335999989, 34.308369163 ], [ 133.791380154, 34.308624596 ], [ 133.79129567699999, 34.308733707 ], [ 133.79096967800001, 34.308560298 ], [ 133.790730751000012, 34.308431129 ], [ 133.790626473, 34.308374758 ], [ 133.790652435999988, 34.30834206 ], [ 133.790730107, 34.308244055 ], [ 133.790759423, 34.308207111 ], [ 133.790978125, 34.307922236 ], [ 133.791126842000011, 34.307727504 ], [ 133.790988289000012, 34.307656248 ], [ 133.790777897999988, 34.307924965 ], [ 133.79072922899999, 34.307989273 ], [ 133.790622047, 34.308130803 ], [ 133.790492682, 34.308298352 ], [ 133.790334527, 34.308213979 ], [ 133.790092226000013, 34.308082473 ], [ 133.789818591999989, 34.307938238 ], [ 133.79008835499999, 34.307588691 ], [ 133.790368717, 34.307225595 ], [ 133.79047656, 34.307087038 ], [ 133.790298919, 34.306990991 ], [ 133.790089389, 34.30687834 ], [ 133.789922864, 34.306791823 ], [ 133.789856455, 34.306878891 ], [ 133.788940083999989, 34.308068336 ], [ 133.789155383, 34.30818341 ], [ 133.789456129, 34.308344892 ], [ 133.789624843000013, 34.308435462 ], [ 133.790732808, 34.309027785 ], [ 133.79122110599999, 34.309288892 ], [ 133.79238992, 34.309907922 ], [ 133.79239467299999, 34.309899886 ], [ 133.792508097, 34.309960832 ], [ 133.792552484999987, 34.310009231 ], [ 133.797022535, 34.306026509 ], [ 133.79814303500001, 34.304596148 ], [ 133.798127869000012, 34.304577793 ], [ 133.79819035599999, 34.304521203 ], [ 133.798197069999986, 34.304515146 ], [ 133.798279718, 34.304445343 ], [ 133.79825967299999, 34.304429795 ], [ 133.798282308000012, 34.304409905 ], [ 133.798291615000011, 34.304399514 ], [ 133.79831414099999, 34.304379264 ], [ 133.798318255999988, 34.304375558 ], [ 133.798324462000011, 34.304379239 ], [ 133.798342426, 34.304390014 ], [ 133.798354663999987, 34.304379165 ], [ 133.798520908, 34.304231534 ], [ 133.79856095, 34.30418771 ], [ 133.798701999, 34.304012641 ], [ 133.798912236, 34.303740755 ], [ 133.799083333999988, 34.303522879 ], [ 133.79937956099999, 34.303144937 ], [ 133.799735277, 34.302693642 ], [ 133.800145917, 34.302169003 ], [ 133.80052867399999, 34.301686715 ], [ 133.80069608, 34.30147164 ], [ 133.800714013, 34.301443287 ], [ 133.800870046999989, 34.301238337 ], [ 133.80113838, 34.300902563 ], [ 133.80117353899999, 34.300860824 ], [ 133.801239614, 34.300806657 ], [ 133.801242338, 34.300808814 ], [ 133.801318630999987, 34.300756155 ], [ 133.80144324599999, 34.300667134 ], [ 133.801501239, 34.300600816 ], [ 133.80151140699999, 34.300588529 ], [ 133.801566737, 34.300506891 ], [ 133.801628265, 34.30042677 ], [ 133.80170724300001, 34.300335156 ], [ 133.80182273299999, 34.300185842 ], [ 133.801871584999986, 34.300115489 ], [ 133.802110844, 34.299811376 ], [ 133.801617392, 34.299554877 ], [ 133.800921984000013, 34.299190341 ], [ 133.800376589, 34.298903122 ], [ 133.80054296, 34.298658135 ], [ 133.800884602, 34.298206141 ], [ 133.800858616, 34.298038341 ], [ 133.80068157, 34.298100966 ], [ 133.800579875000011, 34.298130742 ], [ 133.800538214, 34.29814315 ], [ 133.800365715999988, 34.298207675 ], [ 133.80035971699999, 34.298201108 ], [ 133.800317404999987, 34.298216539 ], [ 133.800219543999987, 34.298252211 ], [ 133.79985189300001, 34.298396191 ], [ 133.799628958999989, 34.298483287 ], [ 133.798708565999988, 34.298840304 ], [ 133.798699685, 34.298847989 ], [ 133.798713948, 34.298856789 ], [ 133.798617796, 34.298946189 ], [ 133.798548068, 34.299042918 ], [ 133.798475983, 34.299056707 ], [ 133.798417488000013, 34.299134745 ], [ 133.798410286, 34.299144166 ], [ 133.798361273000012, 34.299212625 ], [ 133.798373626, 34.299219221 ], [ 133.79826031499999, 34.2993718 ], [ 133.798237798, 34.299360414 ], [ 133.798113795, 34.299527822 ], [ 133.79812831699999, 34.299536217 ], [ 133.798021565, 34.299688112 ], [ 133.798005585, 34.299679126 ], [ 133.797887456000012, 34.299836738 ], [ 133.79790561499999, 34.29984753 ], [ 133.797789419, 34.300001919 ], [ 133.79777488900001, 34.299994128 ], [ 133.797652368, 34.300151147 ], [ 133.79766762700001, 34.300158935 ], [ 133.797544941000012, 34.30032478 ], [ 133.79752460099999, 34.300314597 ], [ 133.797399213, 34.30047832 ], [ 133.797415919, 34.300486709 ], [ 133.797298293000011, 34.300645924 ], [ 133.79727359, 34.300633939 ], [ 133.797154705, 34.30079642 ], [ 133.797171415, 34.300806008 ], [ 133.797052474999987, 34.300968616 ], [ 133.797020874, 34.300950562 ], [ 133.796955865, 34.301037099 ], [ 133.797025733999988, 34.301072091 ] ] ] } },
{ "type": "Feature", "properties": { "A29_001": "37202", "A29_002": "香川県", "A29_003": "丸亀市", "A29_004": 8, "A29_005": "近隣商業地域", "A29_006": 80, "A29_007": 200, "A29_008": null }, "geometry": { "type": "Polygon", "coordinates": [ [ [ 133.815679784, 34.304335566 ], [ 133.815796427, 34.30444138 ], [ 133.815941528, 34.304342374 ], [ 133.81595312499999, 34.304334861 ], [ 133.815981412000014, 34.304316486 ], [ 133.816030939, 34.304283902 ], [ 133.816073311999986, 34.304255573 ], [ 133.8161508, 34.304204615 ], [ 133.81616554199999, 34.304195651 ], [ 133.816181597, 34.304218239 ], [ 133.816201148, 34.304246047 ], [ 133.816243422000014, 34.304307335 ], [ 133.81632606299999, 34.304268715 ], [ 133.81639599499999, 34.304239522 ], [ 133.816217783000013, 34.303869743 ], [ 133.816183955000014, 34.303861842 ], [ 133.816134067, 34.30385611 ], [ 133.816066804, 34.303750737 ], [ 133.816023691, 34.303653992 ], [ 133.815984207000014, 34.303519742 ], [ 133.815927914000014, 34.303367035 ], [ 133.81589254799999, 34.30328218 ], [ 133.815773013000012, 34.303062261 ], [ 133.815645037, 34.30282463 ], [ 133.81561449599999, 34.302757334 ], [ 133.81553041, 34.302568996 ], [ 133.81543019899999, 34.302332934 ], [ 133.815358277, 34.302163759 ], [ 133.815319195, 34.302078382 ], [ 133.815269164999989, 34.30197895 ], [ 133.815196501, 34.301852258 ], [ 133.815131653, 34.301767678 ], [ 133.8148046, 34.301998798 ], [ 133.814771221, 34.301988507 ], [ 133.81424165199999, 34.301554912 ], [ 133.81439611, 34.301431388 ], [ 133.814273141, 34.301346414 ], [ 133.814347738, 34.301277974 ], [ 133.814255331, 34.30126063 ], [ 133.814218469, 34.301251529 ], [ 133.81410481099999, 34.301216479 ], [ 133.814037393, 34.301199612 ], [ 133.813954349999989, 34.301129682 ], [ 133.813936328000011, 34.301074462 ], [ 133.813896441, 34.300953087 ], [ 133.813942688999987, 34.300944529 ], [ 133.813957104999986, 34.300941463 ], [ 133.813833202000012, 34.300684003 ], [ 133.813816524, 34.300680584 ], [ 133.81380188899999, 34.300668513 ], [ 133.813764017000011, 34.300571727 ], [ 133.813649829000013, 34.300674276 ], [ 133.813483545, 34.300319473 ], [ 133.813376162, 34.300352854 ], [ 133.812818918, 34.299517276 ], [ 133.8122386, 34.298623089 ], [ 133.811752135, 34.297879737 ], [ 133.811577976, 34.297633194 ], [ 133.811302686, 34.297376432 ], [ 133.811089146, 34.297185192 ], [ 133.811176702000012, 34.297104973 ], [ 133.811901726, 34.29644014 ], [ 133.812179601999986, 34.296186306 ], [ 133.812384097, 34.295994543 ], [ 133.81261424499999, 34.29576905 ], [ 133.812701534000013, 34.29567638 ], [ 133.81276175, 34.295609339 ], [ 133.81293385, 34.295417757 ], [ 133.81305235, 34.29527011 ], [ 133.813128733000013, 34.295166089 ], [ 133.813232642, 34.295017849 ], [ 133.813437486, 34.294704903 ], [ 133.81356241200001, 34.294494742 ], [ 133.81366219099999, 34.294331897 ], [ 133.814177949999987, 34.293476479 ], [ 133.814561698, 34.292840408 ], [ 133.814688332, 34.292638293 ], [ 133.814965352, 34.292178058 ], [ 133.815373754, 34.29150923 ], [ 133.815684199, 34.290964421 ], [ 133.81572085, 34.29089486 ], [ 133.815125262, 34.290854705 ], [ 133.814817032, 34.290765367 ], [ 133.81480345599999, 34.290792197 ], [ 133.81466584399999, 34.291032215 ], [ 133.814557895, 34.291210671 ], [ 133.814448276, 34.291390059 ], [ 133.813930742, 34.292240208 ], [ 133.81367570399999, 34.292662933 ], [ 133.813288363999987, 34.293304537 ], [ 133.812942306999986, 34.293875432 ], [ 133.812880992, 34.293976691 ], [ 133.812726997, 34.294231021 ], [ 133.812667556, 34.294322024 ], [ 133.812498862000012, 34.294599923 ], [ 133.812351411, 34.294803243 ], [ 133.812312566, 34.294859195 ], [ 133.812246923, 34.294941928 ], [ 133.812143716, 34.295057042 ], [ 133.812069374, 34.29514939 ], [ 133.811966602000012, 34.295255984 ], [ 133.811827834000013, 34.29539636 ], [ 133.811513004, 34.295691335 ], [ 133.81131329499999, 34.295873573 ], [ 133.81104555600001, 34.296119328 ], [ 133.81081554799999, 34.296331132 ], [ 133.810482307, 34.296637574 ], [ 133.80961889400001, 34.295872629 ], [ 133.808842156, 34.295174229 ], [ 133.80846598299999, 34.294845282 ], [ 133.808236539, 34.294671044 ], [ 133.808123196, 34.294590801 ], [ 133.807828462, 34.294409244 ], [ 133.806977187, 34.293904317 ], [ 133.807025753, 34.293829013 ], [ 133.807144356, 34.293656605 ], [ 133.807204961999986, 34.293558587 ], [ 133.807226504, 34.293520289 ], [ 133.807227829, 34.293511288 ], [ 133.807206115000014, 34.293502335 ], [ 133.807146381, 34.293469866 ], [ 133.807069023, 34.293432942 ], [ 133.807032357999987, 34.293408286 ], [ 133.80700245700001, 34.293382486 ], [ 133.806967098, 34.293346574 ], [ 133.806938567, 34.293324152 ], [ 133.806877807, 34.293284031 ], [ 133.806815365, 34.293250441 ], [ 133.806647105, 34.29317999 ], [ 133.806581986999987, 34.293154277 ], [ 133.806553506, 34.293148732 ], [ 133.806529124, 34.293149911 ], [ 133.80649664399999, 34.29315899 ], [ 133.806438469999989, 34.293181639 ], [ 133.806383028, 34.293212151 ], [ 133.806328971999989, 34.293247159 ], [ 133.806274933, 34.293290038 ], [ 133.806219556, 34.293338546 ], [ 133.806148011, 34.293409588 ], [ 133.806082346000011, 34.293373752 ], [ 133.806013766, 34.293456923 ], [ 133.805965367999988, 34.293530702 ], [ 133.80596683499999, 34.293545755 ], [ 133.805951375, 34.293565989 ], [ 133.805812264999986, 34.293727717 ], [ 133.805817313, 34.293771792 ], [ 133.805824524, 34.293813246 ], [ 133.805816658999987, 34.293951207 ], [ 133.805809642000014, 34.294083214 ], [ 133.805809059000012, 34.294123074 ], [ 133.80588035299999, 34.294162277 ], [ 133.805927005, 34.294191146 ], [ 133.806105495999986, 34.294329552 ], [ 133.806414733999986, 34.294647737 ], [ 133.806762163, 34.29500592 ], [ 133.807293313, 34.295561671 ], [ 133.80766034199999, 34.295933505 ], [ 133.808143199999989, 34.29641613 ], [ 133.808672202999986, 34.296988785 ], [ 133.80845075900001, 34.297120575 ], [ 133.80834065900001, 34.297462188 ], [ 133.808329496, 34.297522937 ], [ 133.80892266399999, 34.297741706 ], [ 133.808976844999989, 34.297698781 ], [ 133.809501957, 34.297316442 ], [ 133.81032621, 34.298178649 ], [ 133.809951049, 34.298479444 ], [ 133.809723264000013, 34.298668791 ], [ 133.809587639, 34.298768109 ], [ 133.809970443999987, 34.299107322 ], [ 133.81008172, 34.299205042 ], [ 133.811015672, 34.300063225 ], [ 133.811081648, 34.300042772 ], [ 133.811166945999986, 34.299988732 ], [ 133.81118297099999, 34.300003928 ], [ 133.811191771000011, 34.300003905 ], [ 133.81135297099999, 34.299970138 ], [ 133.811491224, 34.299929306 ], [ 133.811506243999986, 34.299951716 ], [ 133.81155338, 34.3000221 ], [ 133.811638859, 34.30016424 ], [ 133.81172695699999, 34.300339012 ], [ 133.811753804, 34.300401332 ], [ 133.811777361999987, 34.300455907 ], [ 133.81180551599999, 34.300519306 ], [ 133.811827254, 34.300551527 ], [ 133.811848093, 34.300575636 ], [ 133.811883617, 34.300604937 ], [ 133.811912374, 34.300625781 ], [ 133.811932946000013, 34.300636457 ], [ 133.811839912000011, 34.300713598 ], [ 133.811829273, 34.300715699 ], [ 133.81181494, 34.300717538 ], [ 133.811784597000013, 34.300746781 ], [ 133.812148736000012, 34.301086693 ], [ 133.812387315, 34.301294799 ], [ 133.81274930699999, 34.301619704 ], [ 133.812870838, 34.301727312 ], [ 133.813253237, 34.302046483 ], [ 133.81359322599999, 34.302354221 ], [ 133.813839465, 34.302575197 ], [ 133.814238821, 34.302918366 ], [ 133.814125510999986, 34.302997454 ], [ 133.814337319, 34.30317599 ], [ 133.814647818, 34.303439263 ], [ 133.81475157700001, 34.303528523 ], [ 133.814853588, 34.303615172 ], [ 133.814962132, 34.303705501 ], [ 133.815038318, 34.303771391 ], [ 133.815064604000014, 34.303799091 ], [ 133.81514629899999, 34.303885432 ], [ 133.815211209000012, 34.30395703 ], [ 133.815229851999987, 34.303974563 ], [ 133.815319124000013, 34.304053401 ], [ 133.815442647, 34.304139904 ], [ 133.815556394999987, 34.304226884 ], [ 133.815618312999987, 34.304282982 ], [ 133.815679784, 34.304335566 ] ] ] } },
{ "type": "Feature", "properties": { "A29_001": "37202", "A29_002": "香川県", "A29_003": "丸亀市", "A29_004": 1, "A29_005": "第一種低層住居専用地域", "A29_006": 50, "A29_007": 80, "A29_008": null }, "geometry": { "type": "Polygon", "coordinates": [ [ [ 133.816217783000013, 34.303869743 ], [ 133.816293725, 34.303887488 ], [ 133.81633197299999, 34.303863092 ], [ 133.816360696, 34.30383643 ], [ 133.81638045, 34.303793897 ], [ 133.81638215800001, 34.303640896 ], [ 133.816382549, 34.303600324 ], [ 133.816383083, 34.303540008 ], [ 133.816373701, 34.30335566 ], [ 133.81627913299999, 34.303168558 ], [ 133.81622492299999, 34.303081877 ], [ 133.816203871, 34.303053721 ], [ 133.816144122, 34.303008156 ], [ 133.81609127499999, 34.302972077 ], [ 133.816054810999987, 34.302945006 ], [ 133.816034737, 34.302925431 ], [ 133.816018258000014, 34.302893783 ], [ 133.815948991999988, 34.302749782 ], [ 133.815888556, 34.302630714 ], [ 133.815875648, 34.302583965 ], [ 133.81585896499999, 34.30249798 ], [ 133.815847123999987, 34.30230676 ], [ 133.815844972, 34.302219232 ], [ 133.815863078, 34.302198062 ], [ 133.8158794, 34.302187453 ], [ 133.815904832, 34.302184367 ], [ 133.815935751000012, 34.302187308 ], [ 133.815963047, 34.302194784 ], [ 133.81601948799999, 34.302218782 ], [ 133.816083225, 34.302247297 ], [ 133.81619067599999, 34.302298328 ], [ 133.816232496999987, 34.302302746 ], [ 133.816256130999989, 34.302301179 ], [ 133.816274255, 34.302287546 ], [ 133.816286909000013, 34.302269409 ], [ 133.816320862, 34.302110852 ], [ 133.816427857, 34.301597014 ], [ 133.816484530999986, 34.301130024 ], [ 133.81648762, 34.301113644 ], [ 133.81644386, 34.301096203 ], [ 133.816414396, 34.301084135 ], [ 133.816389284, 34.301050752 ], [ 133.816368798000013, 34.301005365 ], [ 133.816349175, 34.300958083 ], [ 133.816334447, 34.300912592 ], [ 133.81632188899999, 34.300866374 ], [ 133.816316804, 34.300814006 ], [ 133.81631446899999, 34.300770646 ], [ 133.816323966999988, 34.300725182 ], [ 133.81634190599999, 34.300670861 ], [ 133.816361174, 34.300623479 ], [ 133.816374341, 34.300600275 ], [ 133.816388475, 34.300574273 ], [ 133.816414783, 34.300547059 ], [ 133.816448025, 34.300517888 ], [ 133.816473497, 34.300505353 ], [ 133.816617487, 34.300517603 ], [ 133.816743099, 34.300524852 ], [ 133.816798226, 34.300508679 ], [ 133.816982378, 34.300511972 ], [ 133.816975464, 34.300551208 ], [ 133.817154084, 34.300614397 ], [ 133.817238169, 34.300643146 ], [ 133.817410263999989, 34.299953782 ], [ 133.81749529699999, 34.299657125 ], [ 133.817612739, 34.299254719 ], [ 133.817625219, 34.299222501 ], [ 133.817649928, 34.299166044 ], [ 133.817677618, 34.299116881 ], [ 133.81785591900001, 34.298923031 ], [ 133.818032053, 34.29875975 ], [ 133.81807433899999, 34.298709153 ], [ 133.818143451, 34.29818735 ], [ 133.818059319000014, 34.298211704 ], [ 133.818031544, 34.298220972 ], [ 133.817892816000011, 34.298260875 ], [ 133.817960379, 34.297947584 ], [ 133.81796743699999, 34.29792939 ], [ 133.81778139, 34.297871468 ], [ 133.817596457, 34.29774012 ], [ 133.817563971999988, 34.297713319 ], [ 133.81755771499999, 34.297690291 ], [ 133.817560703999987, 34.29766467 ], [ 133.817585111, 34.297591633 ], [ 133.817591822, 34.297582303 ], [ 133.817598925, 34.297576235 ], [ 133.817607753, 34.297572146 ], [ 133.817617840999986, 34.297571065 ], [ 133.817731560999988, 34.297603641 ], [ 133.81776259599999, 34.297605977 ], [ 133.817777358, 34.297599799 ], [ 133.81779762, 34.297585943 ], [ 133.817817525, 34.297555175 ], [ 133.81789805, 34.297331737 ], [ 133.817849997, 34.297322034 ], [ 133.81770031799999, 34.29729781 ], [ 133.817710994, 34.297276775 ], [ 133.81772298300001, 34.297249823 ], [ 133.81772904799999, 34.297221633 ], [ 133.817722800000013, 34.297201166 ], [ 133.81771195499999, 34.297185831 ], [ 133.81769491899999, 34.297167952 ], [ 133.817688677, 34.297148765 ], [ 133.817687081, 34.297134686 ], [ 133.817694730999989, 34.297118024 ], [ 133.81770391, 34.297097507 ], [ 133.817720809, 34.2970821 ], [ 133.817736273, 34.297074956 ], [ 133.817844903, 34.296439633 ], [ 133.817844130999987, 34.296402004 ], [ 133.81783189699999, 34.295801435 ], [ 133.817924237, 34.295317853 ], [ 133.818126151, 34.295307024 ], [ 133.81827792199999, 34.295310687 ], [ 133.818336155, 34.295312699 ], [ 133.818616501, 34.295333698 ], [ 133.818795146000014, 34.29534856 ], [ 133.818928949, 34.295369489 ], [ 133.8190229, 34.295394489 ], [ 133.819216376000014, 34.295453218 ], [ 133.819222133000011, 34.294964821 ], [ 133.81922050899999, 34.294914581 ], [ 133.819569298, 34.295040622 ], [ 133.819919801999987, 34.295160653 ], [ 133.819949055, 34.29512308 ], [ 133.820056611000012, 34.295171926 ], [ 133.820346996000012, 34.294758373 ], [ 133.820438773, 34.294597022 ], [ 133.82044497699999, 34.29457746 ], [ 133.820443332999986, 34.294559216 ], [ 133.82042442299999, 34.294537114 ], [ 133.820333645, 34.294480661 ], [ 133.820197318, 34.294424128 ], [ 133.820198678999986, 34.29417034 ], [ 133.819806852, 34.29390311 ], [ 133.819952022, 34.293719342 ], [ 133.81995175599999, 34.293692061 ], [ 133.820271737000013, 34.293281279 ], [ 133.820293792, 34.29325367 ], [ 133.820201015, 34.293208302 ], [ 133.820131847, 34.293178505 ], [ 133.820081558999988, 34.293163003 ], [ 133.82005801, 34.293160459 ], [ 133.820034464, 34.293161819 ], [ 133.820003106, 34.293171025 ], [ 133.819989029, 34.293182791 ], [ 133.819959356, 34.293232599 ], [ 133.819847829, 34.293413566 ], [ 133.819829392, 34.293421367 ], [ 133.819562838, 34.293406394 ], [ 133.819597995, 34.293284355 ], [ 133.81960569, 34.293245243 ], [ 133.819610286, 34.293213955 ], [ 133.819605192000012, 34.29317402 ], [ 133.819595674999988, 34.29314798 ], [ 133.8195641, 34.293099846 ], [ 133.819537298, 34.293067333 ], [ 133.81951993199999, 34.293042622 ], [ 133.819463031, 34.292935906 ], [ 133.81944251199999, 34.29290729 ], [ 133.81940934799999, 34.292852642 ], [ 133.819387239, 34.292817511 ], [ 133.819380892, 34.292799289 ], [ 133.819374470000014, 34.292761512 ], [ 133.81936955399999, 34.292705483 ], [ 133.819361449000013, 34.292639049 ], [ 133.819353423, 34.292581991 ], [ 133.819383073000012, 34.29253761 ], [ 133.819426795999988, 34.292477551 ], [ 133.81947679699999, 34.29242008 ], [ 133.81954534499999, 34.292352455 ], [ 133.819590766, 34.292327579 ], [ 133.819634627, 34.292304006 ], [ 133.819651838, 34.292290924 ], [ 133.819659632, 34.292275271 ], [ 133.819679716, 34.292191814 ], [ 133.819701264, 34.292078827 ], [ 133.819701149999986, 34.292048849 ], [ 133.81969788699999, 34.292016284 ], [ 133.819686800999989, 34.291991547 ], [ 133.819666307, 34.291966843 ], [ 133.81962067, 34.291934379 ], [ 133.819553017, 34.291894156 ], [ 133.819510861, 34.291854471 ], [ 133.81948563899999, 34.291825867 ], [ 133.819422513, 34.291736108 ], [ 133.819330968, 34.291599515 ], [ 133.819307275, 34.291561783 ], [ 133.81929775399999, 34.291534445 ], [ 133.819296081, 34.291505779 ], [ 133.819302212, 34.291466662 ], [ 133.81930679199999, 34.291434076 ], [ 133.819306649, 34.291396283 ], [ 133.819301614000011, 34.291302902 ], [ 133.819295124, 34.291246877 ], [ 133.819282369, 34.291194781 ], [ 133.819269635000012, 34.291147905 ], [ 133.819256894, 34.291119377 ], [ 133.819230043, 34.291073836 ], [ 133.819444325, 34.290909308 ], [ 133.819572657, 34.290812542 ], [ 133.81960084100001, 34.29079422 ], [ 133.819613338000011, 34.290778554 ], [ 133.819613279, 34.290762912 ], [ 133.819608526, 34.290749897 ], [ 133.81958755, 34.290743875 ], [ 133.8195328, 34.290742936 ], [ 133.819514656, 34.290742172 ], [ 133.8195063, 34.290744087 ], [ 133.819463683, 34.290706061 ], [ 133.81943317299999, 34.290680807 ], [ 133.81934469399999, 34.29060783 ], [ 133.819271773999986, 34.290547416 ], [ 133.819214222999989, 34.290472329 ], [ 133.819201545999988, 34.290434749 ], [ 133.819196068999986, 34.290405507 ], [ 133.81918695499999, 34.290362336 ], [ 133.81918316, 34.29030662 ], [ 133.819240506, 34.290143791 ], [ 133.819283469, 34.290098483 ], [ 133.819422602, 34.289974127 ], [ 133.819543657999986, 34.289872483 ], [ 133.81966857399999, 34.289774634 ], [ 133.81977256799999, 34.289696783 ], [ 133.819848575, 34.289625874 ], [ 133.81988528, 34.289594583 ], [ 133.819926556000013, 34.289565806 ], [ 133.819947796, 34.289552677 ], [ 133.819960701000014, 34.289547144 ], [ 133.819978822, 34.289542048 ], [ 133.819998149000014, 34.289540014 ], [ 133.820062774, 34.289538313 ], [ 133.82009752799999, 34.28953696 ], [ 133.820129345999987, 34.289534713 ], [ 133.820446163000014, 34.289525049 ], [ 133.820473816, 34.289512986 ], [ 133.820474033000011, 34.289512895 ], [ 133.820493809999988, 34.289497787 ], [ 133.82044464099999, 34.289467442 ], [ 133.820248924999987, 34.289359044 ], [ 133.82030299499999, 34.289295432 ], [ 133.820356178, 34.289227044 ], [ 133.820487727, 34.289057204 ], [ 133.82070282699999, 34.288778506 ], [ 133.820815450999987, 34.288631164 ], [ 133.820820211000012, 34.288626013 ], [ 133.820823776999987, 34.288621225 ], [ 133.82082506099999, 34.288616083 ], [ 133.820825570000011, 34.288521416 ], [ 133.82084988599999, 34.288517295 ], [ 133.820873957, 34.288106024 ], [ 133.820886378000012, 34.28788736 ], [ 133.820902084000011, 34.287818709 ], [ 133.820904581, 34.287789672 ], [ 133.82092362099999, 34.287455048 ], [ 133.82094522700001, 34.287081199 ], [ 133.820958338, 34.286929971 ], [ 133.82096292899999, 34.28688048 ], [ 133.820968564, 34.286819862 ], [ 133.82098653, 34.286659876 ], [ 133.820991779, 34.286555009 ], [ 133.82099724599999, 34.286250262 ], [ 133.820998042000014, 34.286202387 ], [ 133.821002402, 34.286092293 ], [ 133.82101190099999, 34.28600807 ], [ 133.820881633, 34.285924646 ], [ 133.820881499, 34.285889395 ], [ 133.820881361, 34.285853062 ], [ 133.820887421, 34.285818606 ], [ 133.820889529, 34.285801741 ], [ 133.82089563299999, 34.285778554 ], [ 133.82090604199999, 34.285745169 ], [ 133.82091972, 34.28571466 ], [ 133.820936337, 34.285685676 ], [ 133.820947346, 34.285667255 ], [ 133.820993012, 34.285593747 ], [ 133.821006837999988, 34.285573425 ], [ 133.821039141999989, 34.285527992 ], [ 133.821102900999989, 34.285442355 ], [ 133.8212009, 34.285320629 ], [ 133.821098712, 34.285254929 ], [ 133.82108412, 34.28524505 ], [ 133.82105354, 34.285229713 ], [ 133.820997725000012, 34.285204886 ], [ 133.820955179, 34.285184802 ], [ 133.820935702000014, 34.285175747 ], [ 133.82091002199999, 34.285163553 ], [ 133.82074577, 34.285071932 ], [ 133.820716890999989, 34.285046764 ], [ 133.820619490000013, 34.284997117 ], [ 133.820473334000013, 34.284922623 ], [ 133.82027839, 34.284822733 ], [ 133.820075784000011, 34.284718915 ], [ 133.820030734, 34.284754464 ], [ 133.820026826, 34.284755015 ], [ 133.820009862, 34.284749921 ], [ 133.819590301, 34.284587497 ], [ 133.81950774, 34.284638805 ], [ 133.819410323999989, 34.284708299 ], [ 133.81932248199999, 34.28478766 ], [ 133.819106440000013, 34.284988029 ], [ 133.818967003000012, 34.285127722 ], [ 133.81883827499999, 34.285293 ], [ 133.81881070099999, 34.285331479 ], [ 133.818557467, 34.28568486 ], [ 133.818420841, 34.285919219 ], [ 133.818259743, 34.286211729 ], [ 133.81812055099999, 34.286460285 ], [ 133.817816181000012, 34.287017671 ], [ 133.817785496999988, 34.287073008 ], [ 133.81753450799999, 34.287531883 ], [ 133.81742010100001, 34.287737604 ], [ 133.817241676, 34.288066022 ], [ 133.817172219000014, 34.288191981 ], [ 133.81694681, 34.288591835 ], [ 133.816650597, 34.289135772 ], [ 133.816417636000011, 34.289556462 ], [ 133.81626811699999, 34.289837823 ], [ 133.816130371000014, 34.290104468 ], [ 133.816102882, 34.290154765 ], [ 133.815866572, 34.290616674 ], [ 133.815754793, 34.290830419 ], [ 133.81572085, 34.29089486 ], [ 133.816077769, 34.290952804 ], [ 133.816609906, 34.290916539 ], [ 133.816845634, 34.290902361 ], [ 133.817074475999988, 34.290917276 ], [ 133.817219231, 34.290920778 ], [ 133.81729625299999, 34.290916702 ], [ 133.81768132, 34.290882752 ], [ 133.817847054, 34.290878445 ], [ 133.817999402, 34.29091643 ], [ 133.818123934, 34.290949267 ], [ 133.81865396399999, 34.291100499 ], [ 133.818683529, 34.291111105 ], [ 133.818690368, 34.291118634 ], [ 133.818690387, 34.291123664 ], [ 133.81863247699999, 34.291206652 ], [ 133.818451907, 34.291465124 ], [ 133.818298421, 34.291690303 ], [ 133.818281136, 34.291724293 ], [ 133.818277397, 34.291738132 ], [ 133.81826475, 34.291794739 ], [ 133.818253601, 34.291851333 ], [ 133.81824089700001, 34.291896003 ], [ 133.818231892, 34.29191614 ], [ 133.818215124, 34.291940346 ], [ 133.818197037, 34.291963022 ], [ 133.818184957999989, 34.291971853 ], [ 133.81815543799999, 34.291973183 ], [ 133.817908716, 34.291993315 ], [ 133.817887531, 34.291998392 ], [ 133.817870188, 34.292014151 ], [ 133.81786040599999, 34.292029891 ], [ 133.817774963, 34.292192053 ], [ 133.817740783, 34.292262681 ], [ 133.81772945899999, 34.292304652 ], [ 133.817729624, 34.292348504 ], [ 133.81773433399999, 34.292379001 ], [ 133.817771408, 34.292482847 ], [ 133.817824725, 34.292616169 ], [ 133.81784804, 34.292709529 ], [ 133.817855135, 34.292764795 ], [ 133.817850744999987, 34.292816287 ], [ 133.817830488999988, 34.29290939 ], [ 133.81778524399999, 34.293090625 ], [ 133.817744377999986, 34.293214661 ], [ 133.81769687799999, 34.293408758 ], [ 133.817665240999986, 34.293546104 ], [ 133.817649362, 34.293595714 ], [ 133.81761976199999, 34.293662516 ], [ 133.817528732, 34.29380704 ], [ 133.81746253, 34.293910162 ], [ 133.817425993, 34.293963639 ], [ 133.817398556, 34.293996121 ], [ 133.817359641, 34.294026731 ], [ 133.817297808, 34.294072646 ], [ 133.81712624, 34.294191071 ], [ 133.81703233499999, 34.294256137 ], [ 133.816881188999986, 34.294363292 ], [ 133.816796442, 34.294422618 ], [ 133.81666627300001, 34.294492628 ], [ 133.816677891000012, 34.294528823 ], [ 133.816687435, 34.294626033 ], [ 133.816680891, 34.29471756 ], [ 133.816678814, 34.294774761 ], [ 133.816667547, 34.294831986 ], [ 133.816660738, 34.294852974 ], [ 133.81663108, 34.294904531 ], [ 133.816592246, 34.294959916 ], [ 133.81652139799999, 34.295049706 ], [ 133.816473667999986, 34.295114003 ], [ 133.816455477, 34.295161707 ], [ 133.816464853000014, 34.295211252 ], [ 133.816481234, 34.295295101 ], [ 133.816493052, 34.295384677 ], [ 133.81649789799999, 34.29545139 ], [ 133.816498005, 34.295479988 ], [ 133.81643933399999, 34.295746581 ], [ 133.816378253000011, 34.295990777 ], [ 133.81635555299999, 34.296061374 ], [ 133.81628035899999, 34.296217901 ], [ 133.81625301299999, 34.296275168 ], [ 133.816234751, 34.296303813 ], [ 133.816175283, 34.296366887 ], [ 133.816101464000013, 34.296435363 ], [ 133.81603064699999, 34.296504966 ], [ 133.81601680899999, 34.296531616 ], [ 133.816005776, 34.29656173 ], [ 133.816001723999989, 34.296596451 ], [ 133.815995057, 34.296678629 ], [ 133.815965401999989, 34.296945995 ], [ 133.81595313299999, 34.297020082 ], [ 133.815939342, 34.297059462 ], [ 133.815885759, 34.297182719 ], [ 133.81584562899999, 34.29725804 ], [ 133.81581097099999, 34.297309041 ], [ 133.81574997300001, 34.297395975 ], [ 133.81554795299999, 34.29774901 ], [ 133.81534886899999, 34.298085584 ], [ 133.815310138, 34.298163201 ], [ 133.815301881000011, 34.298192154 ], [ 133.815295170000013, 34.298262755 ], [ 133.81527333299999, 34.298384307 ], [ 133.81525277599999, 34.298453204 ], [ 133.81518567099999, 34.298772732 ], [ 133.815163686, 34.298854949 ], [ 133.815104388, 34.299025192 ], [ 133.815061958, 34.29919486 ], [ 133.815046829000011, 34.299248128 ], [ 133.814911797, 34.2995834 ], [ 133.814856623999987, 34.299738594 ], [ 133.81485114099999, 34.299762906 ], [ 133.814845792999989, 34.29982309 ], [ 133.814739882, 34.299825679 ], [ 133.81457401599999, 34.299822634 ], [ 133.814408149, 34.299819589 ], [ 133.814207407, 34.299809691 ], [ 133.81415245299999, 34.299805234 ], [ 133.81422303299999, 34.299930353 ], [ 133.81430355099999, 34.300084009 ], [ 133.814454597, 34.30034579 ], [ 133.81465443799999, 34.300713902 ], [ 133.81480079100001, 34.301003959 ], [ 133.81489838499999, 34.301188747 ], [ 133.814951704, 34.301255434 ], [ 133.81496380199999, 34.301251382 ], [ 133.815060659000011, 34.301587708 ], [ 133.815131653, 34.301767678 ], [ 133.815196501, 34.301852258 ], [ 133.815269164999989, 34.30197895 ], [ 133.815319195, 34.302078382 ], [ 133.815358277, 34.302163759 ], [ 133.81543019899999, 34.302332934 ], [ 133.81553041, 34.302568996 ], [ 133.81561449599999, 34.302757334 ], [ 133.815645037, 34.30282463 ], [ 133.815773013000012, 34.303062261 ], [ 133.81589254799999, 34.30328218 ], [ 133.815927914000014, 34.303367035 ], [ 133.815984207000014, 34.303519742 ], [ 133.816023691, 34.303653992 ], [ 133.816066804, 34.303750737 ], [ 133.816134067, 34.30385611 ], [ 133.816183955000014, 34.303861842 ], [ 133.816217783000013, 34.303869743 ] ] ] } },
{ "type": "Feature", "properties": { "A29_001": "37202", "A29_002": "香川県", "A29_003": "丸亀市", "A29_004": 12, "A29_005": "工業専用地域", "A29_006": 60, "A29_007": 200, "A29_008": null }, "geometry": { "type": "Polygon", "coordinates": [ [ [ 133.77418419899999, 34.294667278 ], [ 133.77420657799999, 34.294633959 ], [ 133.774512976000011, 34.294152283 ], [ 133.774794507, 34.293707537 ], [ 133.775095295, 34.293239486 ], [ 133.775381592, 34.292792383 ], [ 133.77546892699999, 34.292658934 ], [ 133.77550653599999, 34.292599796 ], [ 133.77622467099999, 34.291471572 ], [ 133.776237310999988, 34.291350732 ], [ 133.77624737799999, 34.291240447 ], [ 133.77632933000001, 34.291122336 ], [ 133.776357848, 34.291074037 ], [ 133.77637804299999, 34.291071197 ], [ 133.776392364, 34.291065575 ], [ 133.776407854000013, 34.291052557 ], [ 133.776469542, 34.290949458 ], [ 133.77650986399999, 34.290889954 ], [ 133.77655130799999, 34.290808177 ], [ 133.77658577, 34.290750579 ], [ 133.776602407000013, 34.290722683 ], [ 133.776604776, 34.290716186 ], [ 133.776604751, 34.290708703 ], [ 133.776597552, 34.290699433 ], [ 133.77658917, 34.290693953 ], [ 133.776596297999987, 34.290681495 ], [ 133.776767260000014, 34.290379171 ], [ 133.776920628, 34.290111508 ], [ 133.77705553199999, 34.289877875 ], [ 133.777089009, 34.289817935 ], [ 133.77709883599999, 34.289800332 ], [ 133.777088322, 34.289608681 ], [ 133.777075036000014, 34.289366548 ], [ 133.77708740700001, 34.289329826 ], [ 133.777120647, 34.289230938 ], [ 133.77718915299999, 34.288995499 ], [ 133.777120903, 34.288978226 ], [ 133.777086223999987, 34.288969379 ], [ 133.77692046300001, 34.288935404 ], [ 133.776760349999989, 34.288901235 ], [ 133.776557419, 34.288860672 ], [ 133.77630350699999, 34.288808773 ], [ 133.776134598, 34.288774984 ], [ 133.77601688199999, 34.288751087 ], [ 133.775940356, 34.288733949 ], [ 133.775875761, 34.288711735 ], [ 133.775792996, 34.288680006 ], [ 133.77572709, 34.288655 ], [ 133.77568152, 34.288637702 ], [ 133.775548726000011, 34.288586611 ], [ 133.775455523, 34.288551659 ], [ 133.775288913999987, 34.288490366 ], [ 133.77527654799999, 34.288495533 ], [ 133.775263287, 34.288492678 ], [ 133.775183141000014, 34.288464548 ], [ 133.774978815, 34.288428673 ], [ 133.774862523, 34.288408108 ], [ 133.774797965, 34.288396803 ], [ 133.774755488000011, 34.288395095 ], [ 133.774716598, 34.2883941 ], [ 133.77468521599999, 34.288397056 ], [ 133.774651229, 34.288400468 ], [ 133.774620725, 34.288406396 ], [ 133.774581882, 34.288419736 ], [ 133.774557582999989, 34.288429618 ], [ 133.77453242199999, 34.288441846 ], [ 133.774510421, 34.288456951 ], [ 133.774491028, 34.288472321 ], [ 133.774461030999987, 34.288500337 ], [ 133.77444037399999, 34.288527882 ], [ 133.774423195, 34.28855614 ], [ 133.774388499999986, 34.28860941 ], [ 133.77435812499999, 34.288655008 ], [ 133.77435585399999, 34.288658078 ], [ 133.774340064, 34.28867921 ], [ 133.774318099, 34.288705315 ], [ 133.774297858000011, 34.288727359 ], [ 133.774277068, 34.288747601 ], [ 133.77425637799999, 34.288764867 ], [ 133.77423611399999, 34.288779969 ], [ 133.774214003999987, 34.288795074 ], [ 133.77418755299999, 34.288811272 ], [ 133.774157194999987, 34.28882856 ], [ 133.77411479, 34.28884885 ], [ 133.77407943099999, 34.288865067 ], [ 133.774026502999988, 34.288889438 ], [ 133.77399125, 34.288904573 ], [ 133.773957182, 34.288916731 ], [ 133.773925816, 34.288924915 ], [ 133.773897597, 34.28893192 ], [ 133.77386264399999, 34.28893894 ], [ 133.773829962, 34.28894307 ], [ 133.77380173099999, 34.288946469 ], [ 133.773791738, 34.288946672 ], [ 133.773769038000012, 34.288947264 ], [ 133.773743838, 34.28894732 ], [ 133.773717981, 34.288945845 ], [ 133.773578199000013, 34.289252152 ], [ 133.773596024, 34.289456499 ], [ 133.773605815, 34.289561781 ], [ 133.772517362, 34.289075914 ], [ 133.772316366000013, 34.288994858 ], [ 133.772378941, 34.288896357 ], [ 133.77201954899999, 34.288740101 ], [ 133.771990506, 34.288727634 ], [ 133.771842031, 34.288663681 ], [ 133.771704325, 34.288604392 ], [ 133.77120494499999, 34.288387858 ], [ 133.77094084399999, 34.288273311 ], [ 133.770918994, 34.28830185 ], [ 133.770549872, 34.288666541 ], [ 133.770297255, 34.288916114 ], [ 133.770293032000012, 34.28892027 ], [ 133.770270825000011, 34.288938982 ], [ 133.77001049899999, 34.289190013 ], [ 133.769811363, 34.289384291 ], [ 133.768702506000011, 34.290465822 ], [ 133.768491888, 34.290672294 ], [ 133.768191925999986, 34.29096443 ], [ 133.767598830999987, 34.291546161 ], [ 133.767051638999988, 34.292081718 ], [ 133.766734531, 34.292554474 ], [ 133.766705124999987, 34.292599075 ], [ 133.766691720000011, 34.2926193 ], [ 133.766107483000013, 34.293502581 ], [ 133.765569185, 34.294316969 ], [ 133.76500237, 34.295186142 ], [ 133.76438729, 34.296117805 ], [ 133.76426760699999, 34.296300542 ], [ 133.764197762, 34.296406448 ], [ 133.764090399999986, 34.296569233 ], [ 133.764088562000012, 34.296572032 ], [ 133.763928, 34.29681409 ], [ 133.763716412, 34.297135957 ], [ 133.763555749, 34.29738135 ], [ 133.763535096999988, 34.297412409 ], [ 133.76340004799999, 34.297615373 ], [ 133.76324250799999, 34.297852375 ], [ 133.76306746099999, 34.298119076 ], [ 133.763062703, 34.298126208 ], [ 133.76282806899999, 34.298480129 ], [ 133.762702646, 34.298670811 ], [ 133.762506841, 34.298970553 ], [ 133.762383676000013, 34.299154287 ], [ 133.762193696, 34.299441574 ], [ 133.762007602000011, 34.2997211 ], [ 133.761877414999987, 34.299918011 ], [ 133.76220801, 34.300062277 ], [ 133.762476714, 34.300181611 ], [ 133.762837991, 34.300340055 ], [ 133.763141504, 34.300473377 ], [ 133.763236476, 34.300515367 ], [ 133.763452745, 34.30061101 ], [ 133.763545212999986, 34.300651111 ], [ 133.763769201, 34.300748269 ], [ 133.764099910999988, 34.30089244 ], [ 133.764235136, 34.300952554 ], [ 133.765520928, 34.301524707 ], [ 133.765634940000012, 34.301574948 ], [ 133.765905174000011, 34.301694181 ], [ 133.765400115, 34.302489472 ], [ 133.766812120999987, 34.303111917 ], [ 133.768376904, 34.303804423 ], [ 133.768561639000012, 34.303511277 ], [ 133.76886238, 34.303040988 ], [ 133.769250347, 34.302431574 ], [ 133.769662108, 34.301790912 ], [ 133.76985080599999, 34.3014827 ], [ 133.770504348, 34.300457341 ], [ 133.77082678799999, 34.299951026 ], [ 133.77112143, 34.29948372 ], [ 133.771317173999989, 34.299174047 ], [ 133.771633769, 34.29867739 ], [ 133.77195132, 34.29817523 ], [ 133.77199477, 34.298106704 ], [ 133.772666399, 34.297047034 ], [ 133.772739042000012, 34.296936069 ], [ 133.77418419899999, 34.294667278 ] ] ] } },
{ "type": "Feature", "properties": { "A29_001": "37202", "A29_002": "香川県", "A29_003": "丸亀市", "A29_004": 10, "A29_005": "準工業地域", "A29_006": 60, "A29_007": 200, "A29_008": null }, "geometry": { "type": "Polygon", "coordinates": [ [ [ 133.807519221, 34.303436809 ], [ 133.807595384, 34.303348985 ], [ 133.807632789, 34.303298223 ], [ 133.807715159, 34.30321435 ], [ 133.80783802799999, 34.303064651 ], [ 133.807826705, 34.303057918 ], [ 133.807853494999989, 34.303016018 ], [ 133.807871776000013, 34.303024086 ], [ 133.808098132, 34.302745355 ], [ 133.80718532, 34.302212375 ], [ 133.806898581000013, 34.302070014 ], [ 133.806693913, 34.301964646 ], [ 133.807161718, 34.301327577 ], [ 133.807274767, 34.301172511 ], [ 133.807785018, 34.300481428 ], [ 133.808064382999987, 34.300116644 ], [ 133.80818438599999, 34.299950886 ], [ 133.808247523, 34.299887707 ], [ 133.808520652999988, 34.29962514 ], [ 133.808581478, 34.299568701 ], [ 133.80863526499999, 34.29952447 ], [ 133.809199666000012, 34.299060333 ], [ 133.80955768199999, 34.298790048 ], [ 133.809587639, 34.298768109 ], [ 133.809723264000013, 34.298668791 ], [ 133.809951049, 34.298479444 ], [ 133.81032621, 34.298178649 ], [ 133.809501957, 34.297316442 ], [ 133.808976844999989, 34.297698781 ], [ 133.80892266399999, 34.297741706 ], [ 133.808329496, 34.297522937 ], [ 133.80826307699999, 34.297531813 ], [ 133.808213867, 34.297531937 ], [ 133.808172106, 34.297528337 ], [ 133.808140732999988, 34.297513558 ], [ 133.808091423, 34.297486445 ], [ 133.80803615100001, 34.297456868 ], [ 133.807982364999987, 34.297429767 ], [ 133.807933085, 34.297407613 ], [ 133.80778978, 34.297367114 ], [ 133.807080044, 34.297172244 ], [ 133.807072368, 34.297194451 ], [ 133.806964924999988, 34.297491608 ], [ 133.806946339, 34.297518882 ], [ 133.806827102, 34.297739795 ], [ 133.80682224099999, 34.29774711 ], [ 133.80683922099999, 34.297786286 ], [ 133.806850263, 34.297805372 ], [ 133.806864983, 34.297820391 ], [ 133.806896443, 34.297838254 ], [ 133.806907423000013, 34.29784048 ], [ 133.807022948999986, 34.297883466 ], [ 133.807200486999989, 34.297951631 ], [ 133.807366957, 34.298023069 ], [ 133.807378054999987, 34.298027819 ], [ 133.807462168, 34.298065745 ], [ 133.80751931, 34.298095714 ], [ 133.807684532, 34.298182211 ], [ 133.807711528, 34.298197199 ], [ 133.80791446, 34.29831741 ], [ 133.807986193, 34.298356448 ], [ 133.808026455, 34.298374739 ], [ 133.808112491, 34.298406943 ], [ 133.80774737499999, 34.29870904 ], [ 133.807573518999988, 34.298853052 ], [ 133.80748553399999, 34.29893299 ], [ 133.80745165499999, 34.298967164 ], [ 133.807268106, 34.299152311 ], [ 133.807185593000014, 34.299234832 ], [ 133.807082083000012, 34.299350456 ], [ 133.80692994899999, 34.299541475 ], [ 133.806745108, 34.299787499 ], [ 133.806289727, 34.30039207 ], [ 133.80612471399999, 34.300627541 ], [ 133.805775727, 34.301098177 ], [ 133.805565247, 34.301384843 ], [ 133.804938507, 34.301061802 ], [ 133.80381451299999, 34.300502518 ], [ 133.803741462, 34.300604208 ], [ 133.80349488499999, 34.300944621 ], [ 133.80333730000001, 34.301169774 ], [ 133.803171049000014, 34.30140207 ], [ 133.803156054999988, 34.301422654 ], [ 133.803305969, 34.301502135 ], [ 133.804018697, 34.301865442 ], [ 133.804477434, 34.302099514 ], [ 133.805377424, 34.302558879 ], [ 133.805555698, 34.302647735 ], [ 133.806290753000013, 34.303024019 ], [ 133.807398639000013, 34.303609312 ], [ 133.807416343, 34.303587089 ], [ 133.807485342, 34.303501086 ], [ 133.807519221, 34.303436809 ] ] ] } },
{ "type": "Feature", "properties": { "A29_001": "37202", "A29_002": "香川県", "A29_003": "丸亀市", "A29_004": 5, "A29_005": "第一種住居地域", "A29_006": 60, "A29_007": 200, "A29_008": null }, "geometry": { "type": "Polygon", "coordinates": [ [ [ 133.811074878, 34.301212039 ], [ 133.81150413099999, 34.30142453 ], [ 133.81223524, 34.301769504 ], [ 133.81285176, 34.302061032 ], [ 133.813064078, 34.302158851 ], [ 133.813233532999988, 34.302269672 ], [ 133.813499245, 34.302469051 ], [ 133.813534565999987, 34.302501868 ], [ 133.813771913000011, 34.302698074 ], [ 133.81401582, 34.302904991 ], [ 133.814125510999986, 34.302997454 ], [ 133.814238821, 34.302918366 ], [ 133.813839465, 34.302575197 ], [ 133.81359322599999, 34.302354221 ], [ 133.813253237, 34.302046483 ], [ 133.812870838, 34.301727312 ], [ 133.81274930699999, 34.301619704 ], [ 133.812387315, 34.301294799 ], [ 133.812148736000012, 34.301086693 ], [ 133.811784597000013, 34.300746781 ], [ 133.811779758, 34.300751437 ], [ 133.811765587, 34.300767881 ], [ 133.811636158999988, 34.300698068 ], [ 133.811380707000012, 34.300815255 ], [ 133.811247243999986, 34.300876486 ], [ 133.811290993999989, 34.300986097 ], [ 133.811105852999987, 34.301068339 ], [ 133.811126492, 34.301126619 ], [ 133.810946336, 34.301152699 ], [ 133.81097530299999, 34.30116568 ], [ 133.811036347999988, 34.301192482 ], [ 133.811074878, 34.301212039 ] ] ] } },
{ "type": "Feature", "properties": { "A29_001": "37202", "A29_002": "香川県", "A29_003": "丸亀市", "A29_004": 4, "A29_005": "第二種中高層住居専用地域", "A29_006": 60, "A29_007": 200, "A29_008": null }, "geometry": { "type": "Polygon", "coordinates": [ [ [ 133.808098132, 34.302745355 ], [ 133.80823128, 34.302581411 ], [ 133.808346680999989, 34.302436888 ], [ 133.808370559999986, 34.302406985 ], [ 133.808494937, 34.302251223 ], [ 133.808802633, 34.301873501 ], [ 133.80917165599999, 34.301422235 ], [ 133.809297103, 34.301265675 ], [ 133.809476636999989, 34.30104605 ], [ 133.80975163299999, 34.300700233 ], [ 133.809984186, 34.300837315 ], [ 133.81014987099999, 34.300633681 ], [ 133.810216794000013, 34.300545699 ], [ 133.810257463999989, 34.300497361 ], [ 133.810327195000013, 34.300405044 ], [ 133.810398115999988, 34.300311191 ], [ 133.810349933, 34.300115546 ], [ 133.810344278, 34.300116948 ], [ 133.81025614, 34.300137367 ], [ 133.810226719000013, 34.30014258 ], [ 133.810221071, 34.300143045 ], [ 133.809779875, 34.300234581 ], [ 133.80971698499999, 34.300021373 ], [ 133.80863526499999, 34.29952447 ], [ 133.808581478, 34.299568701 ], [ 133.808520652999988, 34.29962514 ], [ 133.808247523, 34.299887707 ], [ 133.80818438599999, 34.299950886 ], [ 133.808064382999987, 34.300116644 ], [ 133.807785018, 34.300481428 ], [ 133.807274767, 34.301172511 ], [ 133.807161718, 34.301327577 ], [ 133.806693913, 34.301964646 ], [ 133.806898581000013, 34.302070014 ], [ 133.80718532, 34.302212375 ], [ 133.808098132, 34.302745355 ] ] ] } },
{ "type": "Feature", "properties": { "A29_001": "37202", "A29_002": "香川県", "A29_003": "丸亀市", "A29_004": 5, "A29_005": "第一種住居地域", "A29_006": 60, "A29_007": 200, "A29_008": null }, "geometry": { "type": "Polygon", "coordinates": [ [ [ 133.815131653, 34.301767678 ], [ 133.815060659000011, 34.301587708 ], [ 133.81496380199999, 34.301251382 ], [ 133.814951704, 34.301255434 ], [ 133.81489838499999, 34.301188747 ], [ 133.81480079100001, 34.301003959 ], [ 133.81465443799999, 34.300713902 ], [ 133.814454597, 34.30034579 ], [ 133.81430355099999, 34.300084009 ], [ 133.81422303299999, 34.299930353 ], [ 133.81415245299999, 34.299805234 ], [ 133.814088993000013, 34.299660884 ], [ 133.814012010999988, 34.299479071 ], [ 133.813849634, 34.299099817 ], [ 133.81366049, 34.298673479 ], [ 133.813621455, 34.298576318 ], [ 133.813601817, 34.298506974 ], [ 133.813595531, 34.298446657 ], [ 133.81359229, 34.29822056 ], [ 133.81358655599999, 34.297998923 ], [ 133.813571539, 34.297872164 ], [ 133.813544672, 34.297748897 ], [ 133.813464286, 34.297436663 ], [ 133.81335051, 34.297023105 ], [ 133.813316683000011, 34.296803929 ], [ 133.81326911799999, 34.296439536 ], [ 133.813220062999989, 34.296288134 ], [ 133.813176104, 34.296184043 ], [ 133.81316207, 34.296160926 ], [ 133.813016815999987, 34.296004992 ], [ 133.812920547, 34.295899591 ], [ 133.812882013, 34.29584903 ], [ 133.812853972, 34.295807134 ], [ 133.81276175, 34.295609339 ], [ 133.812701534000013, 34.29567638 ], [ 133.81261424499999, 34.29576905 ], [ 133.812384097, 34.295994543 ], [ 133.812179601999986, 34.296186306 ], [ 133.811901726, 34.29644014 ], [ 133.811176702000012, 34.297104973 ], [ 133.811089146, 34.297185192 ], [ 133.811302686, 34.297376432 ], [ 133.811577976, 34.297633194 ], [ 133.811752135, 34.297879737 ], [ 133.8122386, 34.298623089 ], [ 133.812818918, 34.299517276 ], [ 133.813376162, 34.300352854 ], [ 133.813483545, 34.300319473 ], [ 133.813649829000013, 34.300674276 ], [ 133.813764017000011, 34.300571727 ], [ 133.81380188899999, 34.300668513 ], [ 133.813816524, 34.300680584 ], [ 133.813833202000012, 34.300684003 ], [ 133.813957104999986, 34.300941463 ], [ 133.813942688999987, 34.300944529 ], [ 133.813896441, 34.300953087 ], [ 133.813936328000011, 34.301074462 ], [ 133.813954349999989, 34.301129682 ], [ 133.814037393, 34.301199612 ], [ 133.81410481099999, 34.301216479 ], [ 133.814218469, 34.301251529 ], [ 133.814255331, 34.30126063 ], [ 133.814347738, 34.301277974 ], [ 133.814273141, 34.301346414 ], [ 133.81439611, 34.301431388 ], [ 133.81424165199999, 34.301554912 ], [ 133.814771221, 34.301988507 ], [ 133.8148046, 34.301998798 ], [ 133.815131653, 34.301767678 ] ] ] } },
{ "type": "Feature", "properties": { "A29_001": "37202", "A29_002": "香川県", "A29_003": "丸亀市", "A29_004": 10, "A29_005": "準工業地域", "A29_006": 60, "A29_007": 200, "A29_008": null }, "geometry": { "type": "Polygon", "coordinates": [ [ [ 133.789043514000014, 34.300457198 ], [ 133.78921396699999, 34.300140524 ], [ 133.789325147, 34.299931908 ], [ 133.789595244999987, 34.299433421 ], [ 133.789760397, 34.299124512 ], [ 133.78977756, 34.299092556 ], [ 133.789829351, 34.298989293 ], [ 133.789881247000011, 34.298916955 ], [ 133.78969604400001, 34.298796311 ], [ 133.789744058, 34.298668806 ], [ 133.789744273, 34.298668174 ], [ 133.78940228, 34.298443318 ], [ 133.788993761, 34.298174352 ], [ 133.788831641, 34.298068168 ], [ 133.788639254, 34.297942221 ], [ 133.788312850000011, 34.297731661 ], [ 133.78825482, 34.297694292 ], [ 133.788012896999987, 34.297536274 ], [ 133.78744314799999, 34.297163279 ], [ 133.787743001, 34.296693035 ], [ 133.787854939, 34.296515703 ], [ 133.787991404, 34.296299546 ], [ 133.788146160999986, 34.296064232 ], [ 133.788804167, 34.295023889 ], [ 133.78881540399999, 34.295006192 ], [ 133.788536893000014, 34.294883873 ], [ 133.787915363, 34.294612429 ], [ 133.787937946, 34.294576944 ], [ 133.787906619000012, 34.294564937 ], [ 133.787922503, 34.294540016 ], [ 133.787953937, 34.294551933 ], [ 133.788002452, 34.294475636 ], [ 133.787971666, 34.294462906 ], [ 133.787997058, 34.294422907 ], [ 133.788028384, 34.294434914 ], [ 133.78807614199999, 34.294359971 ], [ 133.788046221, 34.294345887 ], [ 133.788059403, 34.294325029 ], [ 133.788090729, 34.294337037 ], [ 133.788104884, 34.294314825 ], [ 133.788259008000011, 34.294277047 ], [ 133.788381195999989, 34.294080487 ], [ 133.789629738, 34.294670056 ], [ 133.789632766000011, 34.294666172 ], [ 133.78963864100001, 34.294668863 ], [ 133.78968310799999, 34.294616377 ], [ 133.78975648799999, 34.294474295 ], [ 133.789770116, 34.294361927 ], [ 133.789775716, 34.294316294 ], [ 133.78978057899999, 34.294308709 ], [ 133.789815414, 34.29429871 ], [ 133.790047906000012, 34.294400849 ], [ 133.790033214, 34.294487885 ], [ 133.790008094, 34.294669702 ], [ 133.79000757, 34.294675383 ], [ 133.79002006499999, 34.294676165 ], [ 133.790015466, 34.294728557 ], [ 133.789997207999988, 34.294726347 ], [ 133.78998619699999, 34.294841233 ], [ 133.79008629399999, 34.294887067 ], [ 133.790093968, 34.294875779 ], [ 133.790148807, 34.294901885 ], [ 133.790142108, 34.294912359 ], [ 133.790311945000013, 34.294989492 ], [ 133.79033707799999, 34.295000973 ], [ 133.790466551, 34.295059809 ], [ 133.79053135699999, 34.295141158 ], [ 133.790519042999989, 34.295161382 ], [ 133.790603406, 34.295275231 ], [ 133.79061533399999, 34.295268982 ], [ 133.79061893299999, 34.29527303 ], [ 133.790633465000013, 34.295265964 ], [ 133.790626370000012, 34.295256153 ], [ 133.790685262000011, 34.295228786 ], [ 133.790740684000014, 34.29520314 ], [ 133.791087264999987, 34.295658513 ], [ 133.79114404399999, 34.295648371 ], [ 133.791211871, 34.295282532 ], [ 133.791322716, 34.29529462 ], [ 133.791321866, 34.295300211 ], [ 133.79141544, 34.295312521 ], [ 133.791412036999986, 34.295333896 ], [ 133.791913472, 34.295583881 ], [ 133.791942417, 34.295598237 ], [ 133.79200890300001, 34.295630716 ], [ 133.792028246, 34.295601278 ], [ 133.79214484, 34.295431766 ], [ 133.79220540099999, 34.295343727 ], [ 133.79226311, 34.295257309 ], [ 133.792369008, 34.295095674 ], [ 133.792485140999986, 34.294940868 ], [ 133.792526885, 34.294886944 ], [ 133.792583132, 34.294817659 ], [ 133.79261328199999, 34.294772148 ], [ 133.79262633, 34.294744348 ], [ 133.79266561, 34.294637598 ], [ 133.792688282, 34.294565869 ], [ 133.792732199999989, 34.294440157 ], [ 133.79273625499999, 34.294428535 ], [ 133.792777917, 34.294319886 ], [ 133.792802064, 34.294266274 ], [ 133.792854045000013, 34.29415715 ], [ 133.792940791, 34.293986725 ], [ 133.792741834999987, 34.293901488 ], [ 133.792486813000011, 34.293784 ], [ 133.792961872, 34.293053077 ], [ 133.79158165199999, 34.292950173 ], [ 133.791600789, 34.292899098 ], [ 133.791655964, 34.292604459 ], [ 133.79166446, 34.29253554 ], [ 133.791583100999986, 34.29252698 ], [ 133.791527382999988, 34.292529276 ], [ 133.791095132, 34.29252228 ], [ 133.79099074199999, 34.292522528 ], [ 133.790917861, 34.292524504 ], [ 133.790675959, 34.292527603 ], [ 133.79045539099999, 34.292530488 ], [ 133.79035987899999, 34.292531742 ], [ 133.790336786000012, 34.292674101 ], [ 133.790301118, 34.292852427 ], [ 133.790175217000012, 34.29362917 ], [ 133.78900317899999, 34.293120919 ], [ 133.788984664, 34.293106717 ], [ 133.78868097599999, 34.292971088 ], [ 133.788448853, 34.29293055 ], [ 133.788386093000014, 34.292935359 ], [ 133.78789831099999, 34.293017711 ], [ 133.787800489, 34.293039461 ], [ 133.787101431, 34.293213221 ], [ 133.78544239499999, 34.293619389 ], [ 133.78566521799999, 34.293717024 ], [ 133.786704463, 34.29416331 ], [ 133.787468759, 34.294495877 ], [ 133.78727860399999, 34.29481236 ], [ 133.786912946, 34.295384454 ], [ 133.786546972999986, 34.295961597 ], [ 133.78605767799999, 34.296725201 ], [ 133.785877898, 34.297015837 ], [ 133.785780323000012, 34.297169332 ], [ 133.785474733, 34.297649592 ], [ 133.78490922099999, 34.29852841 ], [ 133.784612396999989, 34.299001524 ], [ 133.78391231099999, 34.300087471 ], [ 133.78382011, 34.300232774 ], [ 133.78387823, 34.300258307 ], [ 133.78405154399999, 34.300333999 ], [ 133.784358461000011, 34.300468162 ], [ 133.78689510699999, 34.301576412 ], [ 133.787274497, 34.301742855 ], [ 133.787383104000014, 34.301574186 ], [ 133.787763794999989, 34.301739452 ], [ 133.787820388, 34.301641769 ], [ 133.78793183799999, 34.301446587 ], [ 133.788100727, 34.301147589 ], [ 133.788251755, 34.301089984 ], [ 133.788389534, 34.301161245 ], [ 133.788511527999987, 34.301032213 ], [ 133.789017174, 34.300506035 ], [ 133.789043514000014, 34.300457198 ] ] ] } },
{ "type": "Feature", "properties": { "A29_001": "37202", "A29_002": "香川県", "A29_003": "丸亀市", "A29_004": 4, "A29_005": "第二種中高層住居専用地域", "A29_006": 60, "A29_007": 200, "A29_008": null }, "geometry": { "type": "Polygon", "coordinates": [ [ [ 133.804046570999986, 34.300179342 ], [ 133.803872906, 34.300421223 ], [ 133.80381451299999, 34.300502518 ], [ 133.804938507, 34.301061802 ], [ 133.805565247, 34.301384843 ], [ 133.805775727, 34.301098177 ], [ 133.80612471399999, 34.300627541 ], [ 133.806289727, 34.30039207 ], [ 133.806745108, 34.299787499 ], [ 133.80692994899999, 34.299541475 ], [ 133.807082083000012, 34.299350456 ], [ 133.807185593000014, 34.299234832 ], [ 133.807268106, 34.299152311 ], [ 133.80745165499999, 34.298967164 ], [ 133.807314100000013, 34.298898241 ], [ 133.806977206, 34.298729464 ], [ 133.80655482200001, 34.298537864 ], [ 133.806001845999987, 34.298297138 ], [ 133.805482273, 34.298067262 ], [ 133.805457373, 34.298139009 ], [ 133.805429336, 34.298196419 ], [ 133.805389498000011, 34.298264857 ], [ 133.80532703099999, 34.298354359 ], [ 133.805206192000014, 34.298524246 ], [ 133.804868645, 34.298999944 ], [ 133.80472519599999, 34.299196754 ], [ 133.804633528000011, 34.299322661 ], [ 133.80454839, 34.299451978 ], [ 133.80448364899999, 34.299544009 ], [ 133.804490206999986, 34.299554992 ], [ 133.804280275, 34.299843296 ], [ 133.80426568199999, 34.299863347 ], [ 133.804270585000012, 34.299867302 ], [ 133.804183461, 34.299988689 ], [ 133.804074686, 34.300140189 ], [ 133.804046570999986, 34.300179342 ] ] ] } },
{ "type": "Feature", "properties": { "A29_001": "37202", "A29_002": "香川県", "A29_003": "丸亀市", "A29_004": 11, "A29_005": "工業地域", "A29_006": 60, "A29_007": 200, "A29_008": null }, "geometry": { "type": "Polygon", "coordinates": [ [ [ 133.792260911, 34.299531205 ], [ 133.792548923, 34.299677311 ], [ 133.792534442, 34.299699344 ], [ 133.79280183899999, 34.299836826 ], [ 133.792817293000013, 34.299844814 ], [ 133.792873885, 34.299873889 ], [ 133.792918912, 34.299888838 ], [ 133.793021751, 34.299939891 ], [ 133.793037094999988, 34.299947518 ], [ 133.79309455399999, 34.299976051 ], [ 133.793106959999989, 34.299982242 ], [ 133.793175302, 34.300016248 ], [ 133.79366761599999, 34.300257953 ], [ 133.79367994, 34.300240703 ], [ 133.794087932999986, 34.300445193 ], [ 133.794128526, 34.300465561 ], [ 133.794869291, 34.300829548 ], [ 133.795309499000012, 34.301049013 ], [ 133.795671459, 34.301228905 ], [ 133.79569736, 34.301241735 ], [ 133.795708767, 34.301241708 ], [ 133.795746573, 34.301241797 ], [ 133.79578416199999, 34.301241796 ], [ 133.79593082400001, 34.301241983 ], [ 133.795989746, 34.301160338 ], [ 133.796184963, 34.300898924 ], [ 133.79625812399999, 34.300800954 ], [ 133.79648286, 34.300481884 ], [ 133.79646991199999, 34.300476056 ], [ 133.796492814, 34.300439396 ], [ 133.796797134, 34.299952982 ], [ 133.796887665000014, 34.299808962 ], [ 133.796858390000011, 34.299794427 ], [ 133.79690431899999, 34.299725616 ], [ 133.796914754, 34.299727304 ], [ 133.7969732, 34.299634751 ], [ 133.796944798999988, 34.299621206 ], [ 133.797050458, 34.2994547 ], [ 133.797079838, 34.299468242 ], [ 133.797184413999986, 34.29930264 ], [ 133.79715525, 34.299288556 ], [ 133.797263407, 34.299121864 ], [ 133.797292239, 34.299134145 ], [ 133.797396606, 34.298971068 ], [ 133.797366133999986, 34.298955815 ], [ 133.797475391, 34.298792996 ], [ 133.797502920999989, 34.298805912 ], [ 133.797558761, 34.298713906 ], [ 133.797600872, 34.298733729 ], [ 133.797609942, 34.298718019 ], [ 133.797585895, 34.298706808 ], [ 133.79758924399999, 34.298701571 ], [ 133.797627279000011, 34.298637458 ], [ 133.79766851, 34.298567945 ], [ 133.79772295699999, 34.298481262 ], [ 133.797756353000011, 34.298494163 ], [ 133.797777179, 34.298454444 ], [ 133.797820734999988, 34.298390867 ], [ 133.797914287, 34.29824215 ], [ 133.79796004, 34.298170184 ], [ 133.797250055, 34.297823324 ], [ 133.796319017, 34.297352218 ], [ 133.79556215400001, 34.296956948 ], [ 133.79451007899999, 34.296465266 ], [ 133.79369477099999, 34.297510073 ], [ 133.793564124999989, 34.297677718 ], [ 133.792930777, 34.298487404 ], [ 133.792862109, 34.298578177 ], [ 133.792718920999988, 34.298732598 ], [ 133.792260911, 34.299531205 ] ] ] } },
{ "type": "Feature", "properties": { "A29_001": "37202", "A29_002": "香川県", "A29_003": "丸亀市", "A29_004": 5, "A29_005": "第一種住居地域", "A29_006": 60, "A29_007": 200, "A29_008": null }, "geometry": { "type": "Polygon", "coordinates": [ [ [ 133.81065431799999, 34.300043775 ], [ 133.81074415, 34.300023073 ], [ 133.810754678, 34.300020522 ], [ 133.810802413, 34.300008653 ], [ 133.811015672, 34.300063225 ], [ 133.81008172, 34.299205042 ], [ 133.809970443999987, 34.299107322 ], [ 133.809587639, 34.298768109 ], [ 133.80955768199999, 34.298790048 ], [ 133.809199666000012, 34.299060333 ], [ 133.80863526499999, 34.29952447 ], [ 133.80971698499999, 34.300021373 ], [ 133.809779875, 34.300234581 ], [ 133.810221071, 34.300143045 ], [ 133.810226719000013, 34.30014258 ], [ 133.81025614, 34.300137367 ], [ 133.810344278, 34.300116948 ], [ 133.810349933, 34.300115546 ], [ 133.810439573999986, 34.300093266 ], [ 133.81065431799999, 34.300043775 ] ] ] } },
{ "type": "Feature", "properties": { "A29_001": "37202", "A29_002": "香川県", "A29_003": "丸亀市", "A29_004": 11, "A29_005": "工業地域", "A29_006": 60, "A29_007": 200, "A29_008": null }, "geometry": { "type": "Polygon", "coordinates": [ [ [ 133.78382011, 34.300232774 ], [ 133.78391231099999, 34.300087471 ], [ 133.784612396999989, 34.299001524 ], [ 133.78490922099999, 34.29852841 ], [ 133.785474733, 34.297649592 ], [ 133.785780323000012, 34.297169332 ], [ 133.785877898, 34.297015837 ], [ 133.78605767799999, 34.296725201 ], [ 133.786546972999986, 34.295961597 ], [ 133.786912946, 34.295384454 ], [ 133.78727860399999, 34.29481236 ], [ 133.787468759, 34.294495877 ], [ 133.786704463, 34.29416331 ], [ 133.78566521799999, 34.293717024 ], [ 133.78544239499999, 34.293619389 ], [ 133.785434333000012, 34.293615855 ], [ 133.784683067, 34.293286644 ], [ 133.78358387, 34.292804507 ], [ 133.783186163000011, 34.29261973 ], [ 133.783031118999986, 34.292561368 ], [ 133.782430377999987, 34.292291741 ], [ 133.78125527, 34.291775228 ], [ 133.780364666999986, 34.291389393 ], [ 133.779929079, 34.291193143 ], [ 133.779361739, 34.290976329 ], [ 133.77930914, 34.290925978 ], [ 133.77923662, 34.290846733 ], [ 133.77910427099999, 34.290675853 ], [ 133.778775294000013, 34.290173631 ], [ 133.778182011000013, 34.289270637 ], [ 133.777592997999989, 34.288387013 ], [ 133.777516115, 34.288277772 ], [ 133.777431148, 34.288171002 ], [ 133.777337284, 34.288067092 ], [ 133.777241377, 34.287986122 ], [ 133.77710713799999, 34.287882302 ], [ 133.776919695, 34.287760959 ], [ 133.776768817, 34.28767694 ], [ 133.776647499, 34.287624273 ], [ 133.775900807, 34.287344981 ], [ 133.776310609, 34.286574608 ], [ 133.77667370399999, 34.285905884 ], [ 133.777055929999989, 34.285206804 ], [ 133.777083137, 34.285143208 ], [ 133.777122862, 34.284998713 ], [ 133.777057162, 34.284979613 ], [ 133.77700780399999, 34.284965714 ], [ 133.77695138499999, 34.284941743 ], [ 133.776870546, 34.284909982 ], [ 133.776228097, 34.284684325 ], [ 133.775929366000014, 34.284574285 ], [ 133.77536594599999, 34.284366747 ], [ 133.775322992000014, 34.284351337 ], [ 133.775289934, 34.284339691 ], [ 133.775158463999986, 34.284292653 ], [ 133.774815797, 34.284164948 ], [ 133.774672141, 34.284111446 ], [ 133.77419822600001, 34.283937151 ], [ 133.773703533, 34.283752622 ], [ 133.77319472799999, 34.283569565 ], [ 133.772677004, 34.283382199 ], [ 133.77248714800001, 34.283316175 ], [ 133.772426851, 34.283294401 ], [ 133.77237786500001, 34.283378266 ], [ 133.77235777300001, 34.283412571 ], [ 133.772314198, 34.283507333 ], [ 133.77222240899999, 34.283706695 ], [ 133.772193101999989, 34.283780058 ], [ 133.772161576, 34.28387263 ], [ 133.77215826599999, 34.283890489 ], [ 133.77215679299999, 34.283905098 ], [ 133.77215748, 34.283916095 ], [ 133.772164693, 34.283929963 ], [ 133.772251090999987, 34.284012176 ], [ 133.772249815, 34.284020653 ], [ 133.772214741, 34.284225569 ], [ 133.7721813, 34.284398025 ], [ 133.772142142, 34.284582754 ], [ 133.772140323, 34.284591504 ], [ 133.772108366, 34.284718787 ], [ 133.77210361499999, 34.284737731 ], [ 133.7720985, 34.284758118 ], [ 133.772066099, 34.284882878 ], [ 133.772032467, 34.28499601 ], [ 133.77195451899999, 34.285210758 ], [ 133.771935308, 34.285282656 ], [ 133.771912716, 34.285282706 ], [ 133.77191097799999, 34.28528271 ], [ 133.77189872299999, 34.285322136 ], [ 133.771882100999989, 34.285388529 ], [ 133.77187129699999, 34.285440303 ], [ 133.771866538000012, 34.285480254 ], [ 133.771860634, 34.285535714 ], [ 133.771855319, 34.285639317 ], [ 133.771845095, 34.285871044 ], [ 133.771841598, 34.285931908 ], [ 133.771837784000013, 34.285995388 ], [ 133.771837858, 34.286018468 ], [ 133.771837944999987, 34.286045605 ], [ 133.771854512, 34.286231924 ], [ 133.771869444, 34.286348915 ], [ 133.771888100000012, 34.286509174 ], [ 133.771890629000012, 34.286552444 ], [ 133.771889866, 34.286585534 ], [ 133.771875007, 34.286659676 ], [ 133.77185587299999, 34.286755736 ], [ 133.771836774, 34.286862616 ], [ 133.771814987999988, 34.286978246 ], [ 133.771795739, 34.287072233 ], [ 133.77179382700001, 34.2870854 ], [ 133.771788445999988, 34.287101009 ], [ 133.77177809599999, 34.287125104 ], [ 133.77174506599999, 34.28718982 ], [ 133.771650814999987, 34.287368271 ], [ 133.771583631999988, 34.287485985 ], [ 133.771416595, 34.287796858 ], [ 133.771447698, 34.287808329 ], [ 133.771451614, 34.287809943 ], [ 133.771405942, 34.287895514 ], [ 133.77160422599999, 34.287978741 ], [ 133.771827746000014, 34.28807291 ], [ 133.772202134999986, 34.288232379 ], [ 133.772407930000014, 34.288320006 ], [ 133.772661688999989, 34.288426999 ], [ 133.772378941, 34.288896357 ], [ 133.772316366000013, 34.288994858 ], [ 133.772517362, 34.289075914 ], [ 133.773605815, 34.289561781 ], [ 133.773596024, 34.289456499 ], [ 133.773578199000013, 34.289252152 ], [ 133.773717981, 34.288945845 ], [ 133.773743838, 34.28894732 ], [ 133.773769038000012, 34.288947264 ], [ 133.773791738, 34.288946672 ], [ 133.77380173099999, 34.288946469 ], [ 133.773829962, 34.28894307 ], [ 133.77386264399999, 34.28893894 ], [ 133.773897597, 34.28893192 ], [ 133.773925816, 34.288924915 ], [ 133.773957182, 34.288916731 ], [ 133.77399125, 34.288904573 ], [ 133.774026502999988, 34.288889438 ], [ 133.77407943099999, 34.288865067 ], [ 133.77411479, 34.28884885 ], [ 133.774157194999987, 34.28882856 ], [ 133.77418755299999, 34.288811272 ], [ 133.774214003999987, 34.288795074 ], [ 133.77423611399999, 34.288779969 ], [ 133.77425637799999, 34.288764867 ], [ 133.774277068, 34.288747601 ], [ 133.774297858000011, 34.288727359 ], [ 133.774318099, 34.288705315 ], [ 133.774340064, 34.28867921 ], [ 133.77435585399999, 34.288658078 ], [ 133.77435812499999, 34.288655008 ], [ 133.774388499999986, 34.28860941 ], [ 133.774423195, 34.28855614 ], [ 133.77444037399999, 34.288527882 ], [ 133.774461030999987, 34.288500337 ], [ 133.774491028, 34.288472321 ], [ 133.774510421, 34.288456951 ], [ 133.77453242199999, 34.288441846 ], [ 133.774557582999989, 34.288429618 ], [ 133.774581882, 34.288419736 ], [ 133.774620725, 34.288406396 ], [ 133.774651229, 34.288400468 ], [ 133.77468521599999, 34.288397056 ], [ 133.774716598, 34.2883941 ], [ 133.774755488000011, 34.288395095 ], [ 133.774797965, 34.288396803 ], [ 133.774862523, 34.288408108 ], [ 133.774978815, 34.288428673 ], [ 133.775183141000014, 34.288464548 ], [ 133.775263287, 34.288492678 ], [ 133.77527654799999, 34.288495533 ], [ 133.775288913999987, 34.288490366 ], [ 133.775455523, 34.288551659 ], [ 133.775548726000011, 34.288586611 ], [ 133.77568152, 34.288637702 ], [ 133.77572709, 34.288655 ], [ 133.775792996, 34.288680006 ], [ 133.775875761, 34.288711735 ], [ 133.775940356, 34.288733949 ], [ 133.77601688199999, 34.288751087 ], [ 133.776134598, 34.288774984 ], [ 133.77630350699999, 34.288808773 ], [ 133.776557419, 34.288860672 ], [ 133.776760349999989, 34.288901235 ], [ 133.77692046300001, 34.288935404 ], [ 133.777086223999987, 34.288969379 ], [ 133.777120903, 34.288978226 ], [ 133.77718915299999, 34.288995499 ], [ 133.777120647, 34.289230938 ], [ 133.77753248, 34.289277339 ], [ 133.777531649999986, 34.289289331 ], [ 133.777529929999986, 34.289294835 ], [ 133.777522048, 34.289309368 ], [ 133.777512325, 34.289325258 ], [ 133.777496426999988, 34.289346661 ], [ 133.777476944, 34.289367442 ], [ 133.777452262, 34.289393012 ], [ 133.777417729, 34.289428973 ], [ 133.77739227, 34.289452733 ], [ 133.77794558, 34.28980761 ], [ 133.778209976999989, 34.289677815 ], [ 133.778867405999989, 34.290676347 ], [ 133.778910094999986, 34.290742065 ], [ 133.77892756899999, 34.290770424 ], [ 133.777758795000011, 34.292594711 ], [ 133.777101523, 34.293629764 ], [ 133.77604116099999, 34.295278225 ], [ 133.77787686799999, 34.296090469 ], [ 133.779325386000011, 34.29672447 ], [ 133.77971508499999, 34.296895304 ], [ 133.78032504399999, 34.297162732 ], [ 133.780180367000014, 34.297388817 ], [ 133.779957843, 34.297736071 ], [ 133.77956256499999, 34.298357897 ], [ 133.779660326, 34.29840076 ], [ 133.782454943, 34.299631578 ], [ 133.783311722, 34.300009432 ], [ 133.78382011, 34.300232774 ] ] ] } },
{ "type": "Feature", "properties": { "A29_001": "37202", "A29_002": "香川県", "A29_003": "丸亀市", "A29_004": 3, "A29_005": "第一種中高層住居専用地域", "A29_006": 60, "A29_007": 200, "A29_008": null }, "geometry": { "type": "Polygon", "coordinates": [ [ [ 133.81276175, 34.295609339 ], [ 133.812853972, 34.295807134 ], [ 133.812882013, 34.29584903 ], [ 133.812920547, 34.295899591 ], [ 133.813016815999987, 34.296004992 ], [ 133.81316207, 34.296160926 ], [ 133.813176104, 34.296184043 ], [ 133.813220062999989, 34.296288134 ], [ 133.81326911799999, 34.296439536 ], [ 133.813316683000011, 34.296803929 ], [ 133.81335051, 34.297023105 ], [ 133.813464286, 34.297436663 ], [ 133.813544672, 34.297748897 ], [ 133.813571539, 34.297872164 ], [ 133.81358655599999, 34.297998923 ], [ 133.81359229, 34.29822056 ], [ 133.813595531, 34.298446657 ], [ 133.813601817, 34.298506974 ], [ 133.813621455, 34.298576318 ], [ 133.81366049, 34.298673479 ], [ 133.813849634, 34.299099817 ], [ 133.814012010999988, 34.299479071 ], [ 133.814088993000013, 34.299660884 ], [ 133.81415245299999, 34.299805234 ], [ 133.814207407, 34.299809691 ], [ 133.814408149, 34.299819589 ], [ 133.81457401599999, 34.299822634 ], [ 133.814739882, 34.299825679 ], [ 133.814845792999989, 34.29982309 ], [ 133.81485114099999, 34.299762906 ], [ 133.814856623999987, 34.299738594 ], [ 133.814911797, 34.2995834 ], [ 133.815046829000011, 34.299248128 ], [ 133.815061958, 34.29919486 ], [ 133.815104388, 34.299025192 ], [ 133.815163686, 34.298854949 ], [ 133.81518567099999, 34.298772732 ], [ 133.81525277599999, 34.298453204 ], [ 133.81527333299999, 34.298384307 ], [ 133.815295170000013, 34.298262755 ], [ 133.815301881000011, 34.298192154 ], [ 133.815310138, 34.298163201 ], [ 133.81534886899999, 34.298085584 ], [ 133.81554795299999, 34.29774901 ], [ 133.81574997300001, 34.297395975 ], [ 133.81581097099999, 34.297309041 ], [ 133.81584562899999, 34.29725804 ], [ 133.815885759, 34.297182719 ], [ 133.815939342, 34.297059462 ], [ 133.81595313299999, 34.297020082 ], [ 133.815965401999989, 34.296945995 ], [ 133.815995057, 34.296678629 ], [ 133.816001723999989, 34.296596451 ], [ 133.816005776, 34.29656173 ], [ 133.81601680899999, 34.296531616 ], [ 133.81603064699999, 34.296504966 ], [ 133.816101464000013, 34.296435363 ], [ 133.816175283, 34.296366887 ], [ 133.816234751, 34.296303813 ], [ 133.81625301299999, 34.296275168 ], [ 133.81628035899999, 34.296217901 ], [ 133.81635555299999, 34.296061374 ], [ 133.816378253000011, 34.295990777 ], [ 133.81643933399999, 34.295746581 ], [ 133.816498005, 34.295479988 ], [ 133.81649789799999, 34.29545139 ], [ 133.816493052, 34.295384677 ], [ 133.816481234, 34.295295101 ], [ 133.816464853000014, 34.295211252 ], [ 133.816455477, 34.295161707 ], [ 133.816473667999986, 34.295114003 ], [ 133.81652139799999, 34.295049706 ], [ 133.816592246, 34.294959916 ], [ 133.81663108, 34.294904531 ], [ 133.816660738, 34.294852974 ], [ 133.816667547, 34.294831986 ], [ 133.816678814, 34.294774761 ], [ 133.816680891, 34.29471756 ], [ 133.816687435, 34.294626033 ], [ 133.816677891000012, 34.294528823 ], [ 133.81666627300001, 34.294492628 ], [ 133.816796442, 34.294422618 ], [ 133.816881188999986, 34.294363292 ], [ 133.81703233499999, 34.294256137 ], [ 133.81712624, 34.294191071 ], [ 133.817297808, 34.294072646 ], [ 133.817359641, 34.294026731 ], [ 133.817398556, 34.293996121 ], [ 133.817425993, 34.293963639 ], [ 133.81746253, 34.293910162 ], [ 133.817528732, 34.29380704 ], [ 133.81761976199999, 34.293662516 ], [ 133.817649362, 34.293595714 ], [ 133.817665240999986, 34.293546104 ], [ 133.81769687799999, 34.293408758 ], [ 133.817744377999986, 34.293214661 ], [ 133.81778524399999, 34.293090625 ], [ 133.817830488999988, 34.29290939 ], [ 133.817850744999987, 34.292816287 ], [ 133.817855135, 34.292764795 ], [ 133.81784804, 34.292709529 ], [ 133.817824725, 34.292616169 ], [ 133.817771408, 34.292482847 ], [ 133.81773433399999, 34.292379001 ], [ 133.817729624, 34.292348504 ], [ 133.81772945899999, 34.292304652 ], [ 133.817740783, 34.292262681 ], [ 133.817774963, 34.292192053 ], [ 133.81786040599999, 34.292029891 ], [ 133.817870188, 34.292014151 ], [ 133.817887531, 34.291998392 ], [ 133.817908716, 34.291993315 ], [ 133.81815543799999, 34.291973183 ], [ 133.818184957999989, 34.291971853 ], [ 133.818197037, 34.291963022 ], [ 133.818215124, 34.291940346 ], [ 133.818231892, 34.29191614 ], [ 133.81824089700001, 34.291896003 ], [ 133.818253601, 34.291851333 ], [ 133.81826475, 34.291794739 ], [ 133.818277397, 34.291738132 ], [ 133.818281136, 34.291724293 ], [ 133.818298421, 34.291690303 ], [ 133.818451907, 34.291465124 ], [ 133.81863247699999, 34.291206652 ], [ 133.818690387, 34.291123664 ], [ 133.818690368, 34.291118634 ], [ 133.818683529, 34.291111105 ], [ 133.81865396399999, 34.291100499 ], [ 133.818123934, 34.290949267 ], [ 133.817999402, 34.29091643 ], [ 133.817847054, 34.290878445 ], [ 133.81768132, 34.290882752 ], [ 133.81729625299999, 34.290916702 ], [ 133.817219231, 34.290920778 ], [ 133.817074475999988, 34.290917276 ], [ 133.816845634, 34.290902361 ], [ 133.816609906, 34.290916539 ], [ 133.816077769, 34.290952804 ], [ 133.81572085, 34.29089486 ], [ 133.815684199, 34.290964421 ], [ 133.815373754, 34.29150923 ], [ 133.814965352, 34.292178058 ], [ 133.814688332, 34.292638293 ], [ 133.814561698, 34.292840408 ], [ 133.814177949999987, 34.293476479 ], [ 133.81366219099999, 34.294331897 ], [ 133.81356241200001, 34.294494742 ], [ 133.813437486, 34.294704903 ], [ 133.813232642, 34.295017849 ], [ 133.813128733000013, 34.295166089 ], [ 133.81305235, 34.29527011 ], [ 133.81293385, 34.295417757 ], [ 133.81276175, 34.295609339 ] ] ] } },
{ "type": "Feature", "properties": { "A29_001": "37202", "A29_002": "香川県", "A29_003": "丸亀市", "A29_004": 5, "A29_005": "第一種住居地域", "A29_006": 60, "A29_007": 200, "A29_008": null }, "geometry": { "type": "Polygon", "coordinates": [ [ [ 133.802110844, 34.299811376 ], [ 133.802149192, 34.29976256 ], [ 133.802151884000011, 34.299758947 ], [ 133.802202472, 34.299776042 ], [ 133.802340832999988, 34.299582404 ], [ 133.802354353, 34.299565962 ], [ 133.80249348800001, 34.299373133 ], [ 133.803020886000013, 34.298642186 ], [ 133.803033312, 34.298623493 ], [ 133.803359242, 34.298177309 ], [ 133.803370484, 34.298161865 ], [ 133.803464749, 34.298032797 ], [ 133.803597822, 34.29785062 ], [ 133.803749197, 34.297622507 ], [ 133.80389994699999, 34.297371857 ], [ 133.804002688, 34.297153601 ], [ 133.804070187, 34.296983307 ], [ 133.804109266000012, 34.296884848 ], [ 133.80411701700001, 34.296865265 ], [ 133.804171553, 34.296685266 ], [ 133.804211812, 34.296552454 ], [ 133.804254337, 34.296475985 ], [ 133.804267911000011, 34.296414284 ], [ 133.804305179000011, 34.29623568 ], [ 133.804341388000012, 34.296064471 ], [ 133.80436354, 34.295941532 ], [ 133.80437877899999, 34.295829429 ], [ 133.804325385, 34.295753829 ], [ 133.804322453, 34.295663679 ], [ 133.80426515900001, 34.295650929 ], [ 133.804261896000014, 34.295378842 ], [ 133.80427731899999, 34.295378083 ], [ 133.804291422, 34.295372728 ], [ 133.80427685, 34.295278189 ], [ 133.804263542, 34.29520249 ], [ 133.804253893, 34.295147608 ], [ 133.804228096, 34.295012617 ], [ 133.804213326, 34.294893285 ], [ 133.804193226, 34.294771713 ], [ 133.80418407799999, 34.294674816 ], [ 133.80417725, 34.294528418 ], [ 133.804172798, 34.294348204 ], [ 133.804176360000014, 34.294161119 ], [ 133.804182448, 34.293951488 ], [ 133.80418494, 34.293868176 ], [ 133.804188653000011, 34.293744111 ], [ 133.804200702, 34.293590813 ], [ 133.804205142, 34.293562989 ], [ 133.803661811000012, 34.293377341 ], [ 133.802782616, 34.293076931 ], [ 133.801537239, 34.29266526 ], [ 133.80166463099999, 34.292389994 ], [ 133.801665946000014, 34.29238715 ], [ 133.801814521000011, 34.292057818 ], [ 133.80189327, 34.29189846 ], [ 133.801666261, 34.291809683 ], [ 133.801537020000012, 34.292160199 ], [ 133.801400742, 34.292538654 ], [ 133.80138065700001, 34.292602598 ], [ 133.801192265999987, 34.292989323 ], [ 133.801127344, 34.293121563 ], [ 133.80111063199999, 34.293156856 ], [ 133.801012848, 34.293364728 ], [ 133.80093961899999, 34.293513127 ], [ 133.80088645699999, 34.293622889 ], [ 133.800846544, 34.293701514 ], [ 133.80080923700001, 34.293779411 ], [ 133.800811845999988, 34.293780126 ], [ 133.80077322, 34.29385397 ], [ 133.800692739, 34.29382703 ], [ 133.800394828, 34.293721014 ], [ 133.800066136999988, 34.2936042 ], [ 133.799592211, 34.293423026 ], [ 133.799597785, 34.293414213 ], [ 133.799243574, 34.293289543 ], [ 133.799128453, 34.293244539 ], [ 133.79884733599999, 34.293143653 ], [ 133.798333713, 34.292956692 ], [ 133.798078839999988, 34.293427105 ], [ 133.79791983199999, 34.293707836 ], [ 133.79786359799999, 34.293807128 ], [ 133.797791007, 34.293928557 ], [ 133.797771162, 34.293950648 ], [ 133.797738028, 34.293965434 ], [ 133.797700423, 34.293969194 ], [ 133.797653959, 34.293971147 ], [ 133.79737359500001, 34.294475879 ], [ 133.797130976, 34.294943176 ], [ 133.797560522, 34.295186614 ], [ 133.79772012699999, 34.295265222 ], [ 133.797759754999987, 34.295295959 ], [ 133.79795057199999, 34.29544247 ], [ 133.798267908000014, 34.295698908 ], [ 133.798531204999989, 34.295808367 ], [ 133.798874676999986, 34.295947156 ], [ 133.799136164, 34.296051235 ], [ 133.79930016099999, 34.296120653 ], [ 133.799370159, 34.296147132 ], [ 133.799775578, 34.296258838 ], [ 133.799979197, 34.296313561 ], [ 133.800037937000013, 34.296329654 ], [ 133.800125356, 34.296345677 ], [ 133.800254525000014, 34.296362689 ], [ 133.80037794099999, 34.296377587 ], [ 133.80047185399999, 34.296383857 ], [ 133.80073882100001, 34.296281432 ], [ 133.800815653, 34.296253088 ], [ 133.80092117, 34.2962236 ], [ 133.801001966, 34.296207164 ], [ 133.801071019, 34.296190748 ], [ 133.801152546999987, 34.296169234 ], [ 133.801273675, 34.296127798 ], [ 133.801359647, 34.296103767 ], [ 133.801431299, 34.296081935 ], [ 133.801469043999987, 34.296062359 ], [ 133.801504146000013, 34.296033034 ], [ 133.801517972999989, 34.296023471 ], [ 133.801537507, 34.296014767 ], [ 133.801586995, 34.295998399 ], [ 133.801623471, 34.295988573 ], [ 133.80166388, 34.295981973 ], [ 133.80172123599999, 34.29597534 ], [ 133.80178119499999, 34.295970856 ], [ 133.801851577, 34.295958773 ], [ 133.80194925699999, 34.295924976 ], [ 133.802084697, 34.295875921 ], [ 133.802411041999989, 34.295756297 ], [ 133.80249045299999, 34.295720381 ], [ 133.80272486699999, 34.295632106 ], [ 133.802852472000012, 34.295579815 ], [ 133.80293839699999, 34.2955428 ], [ 133.802966715, 34.295490808 ], [ 133.802972641, 34.295462088 ], [ 133.803385493, 34.295543903 ], [ 133.803379068999988, 34.295569902 ], [ 133.80346454799999, 34.29578385 ], [ 133.803559705, 34.296160066 ], [ 133.803560339, 34.296336538 ], [ 133.803562140999986, 34.296475115 ], [ 133.803520685, 34.296580043 ], [ 133.80352999199999, 34.296600666 ], [ 133.803525312, 34.296640374 ], [ 133.803424242, 34.296677021 ], [ 133.803323212, 34.296727949 ], [ 133.80321737700001, 34.29657827 ], [ 133.803144709, 34.29654987 ], [ 133.80314228099999, 34.296478742 ], [ 133.803138877, 34.29638093 ], [ 133.803113489999987, 34.296380992 ], [ 133.80307826399999, 34.296378916 ], [ 133.803046975, 34.296381157 ], [ 133.803017004, 34.296384486 ], [ 133.802993549, 34.296389953 ], [ 133.802970105000014, 34.296398675 ], [ 133.80295319699999, 34.296409545 ], [ 133.80293885899999, 34.296412826 ], [ 133.802915387000013, 34.296413966 ], [ 133.80290366700001, 34.296417241 ], [ 133.802901099, 34.296428075 ], [ 133.802894638999987, 34.296444328 ], [ 133.80288421899999, 34.296449773 ], [ 133.802860759, 34.296450912 ], [ 133.802822937, 34.296452088 ], [ 133.802762989, 34.296459818 ], [ 133.80271288099999, 34.296467046 ], [ 133.802693111, 34.296424757 ], [ 133.802197487, 34.296573063 ], [ 133.801755649, 34.29668895 ], [ 133.801384533, 34.296799936 ], [ 133.801096373, 34.296887818 ], [ 133.800940658, 34.296939275 ], [ 133.800738306, 34.296999645 ], [ 133.80053374, 34.297027104 ], [ 133.80037752199999, 34.297029056 ], [ 133.80019288299999, 34.297008907 ], [ 133.800089632, 34.296988659 ], [ 133.799723956, 34.296913218 ], [ 133.79962353499999, 34.296891402 ], [ 133.799457151000013, 34.296854159 ], [ 133.799356, 34.296828594 ], [ 133.799219220999987, 34.296785968 ], [ 133.799020173, 34.296718313 ], [ 133.798796888, 34.296634768 ], [ 133.79835509, 34.296462274 ], [ 133.798279708, 34.296418686 ], [ 133.798177697, 34.296364759 ], [ 133.798077621, 34.296305138 ], [ 133.797983096, 34.296248641 ], [ 133.79780994699999, 34.296122174 ], [ 133.797512315, 34.295883999 ], [ 133.797479151, 34.29585055 ], [ 133.797283905, 34.295732476 ], [ 133.79707704899999, 34.295614916 ], [ 133.79689267399999, 34.295517497 ], [ 133.79685138, 34.295497961 ], [ 133.796773156, 34.295637209 ], [ 133.79665968899999, 34.295806619 ], [ 133.796618284, 34.295870055 ], [ 133.796564082, 34.295954916 ], [ 133.796123228, 34.296593999 ], [ 133.79617706499999, 34.296621466 ], [ 133.79692095499999, 34.296978961 ], [ 133.79806116, 34.29754384 ], [ 133.798580227, 34.297815483 ], [ 133.799259119, 34.298160499 ], [ 133.799462202, 34.298084568 ], [ 133.799573837, 34.298042372 ], [ 133.799837029, 34.297942826 ], [ 133.800130938, 34.297835901 ], [ 133.800185727000013, 34.297815932 ], [ 133.80018113, 34.297806116 ], [ 133.80040096799999, 34.297734912 ], [ 133.800528883999988, 34.297792867 ], [ 133.800600529, 34.297997285 ], [ 133.800579875000011, 34.298130742 ], [ 133.80068157, 34.298100966 ], [ 133.800858616, 34.298038341 ], [ 133.800884602, 34.298206141 ], [ 133.80054296, 34.298658135 ], [ 133.800376589, 34.298903122 ], [ 133.800921984000013, 34.299190341 ], [ 133.801617392, 34.299554877 ], [ 133.802110844, 34.299811376 ] ] ] } },
{ "type": "Feature", "properties": { "A29_001": "37202", "A29_002": "香川県", "A29_003": "丸亀市", "A29_004": 10, "A29_005": "準工業地域", "A29_006": 60, "A29_007": 200, "A29_008": null }, "geometry": { "type": "Polygon", "coordinates": [ [ [ 133.792014908, 34.2994064 ], [ 133.792260911, 34.299531205 ], [ 133.792718920999988, 34.298732598 ], [ 133.792862109, 34.298578177 ], [ 133.792930777, 34.298487404 ], [ 133.793564124999989, 34.297677718 ], [ 133.79369477099999, 34.297510073 ], [ 133.79451007899999, 34.296465266 ], [ 133.79556215400001, 34.296956948 ], [ 133.796319017, 34.297352218 ], [ 133.797250055, 34.297823324 ], [ 133.79796004, 34.298170184 ], [ 133.79797402599999, 34.298146979 ], [ 133.79801766, 34.298074928 ], [ 133.79803700299999, 34.298046121 ], [ 133.79810335499999, 34.297947057 ], [ 133.798297614, 34.298045486 ], [ 133.79843767700001, 34.29811646 ], [ 133.798727249, 34.29825658 ], [ 133.798812277, 34.298308844 ], [ 133.798858636, 34.298300707 ], [ 133.798883819999986, 34.298295506 ], [ 133.79891301399999, 34.298287321 ], [ 133.79895543399999, 34.29827144 ], [ 133.799179693000013, 34.298190202 ], [ 133.799259119, 34.298160499 ], [ 133.798580227, 34.297815483 ], [ 133.79806116, 34.29754384 ], [ 133.79692095499999, 34.296978961 ], [ 133.79617706499999, 34.296621466 ], [ 133.796123228, 34.296593999 ], [ 133.796564082, 34.295954916 ], [ 133.796238515, 34.295750866 ], [ 133.79607983299999, 34.29564435 ], [ 133.796012088, 34.295584929 ], [ 133.79583219599999, 34.295448667 ], [ 133.795681857, 34.295338641 ], [ 133.795324239, 34.295684734 ], [ 133.795109595000014, 34.295871021 ], [ 133.794712182000012, 34.295564198 ], [ 133.79411584799999, 34.29511415 ], [ 133.793472594, 34.294658297 ], [ 133.793421208000012, 34.294619589 ], [ 133.79331461000001, 34.294738284 ], [ 133.793190470000013, 34.294876522 ], [ 133.793317889, 34.294937885 ], [ 133.793309369000013, 34.294955757 ], [ 133.793392059000013, 34.294993425 ], [ 133.793403146, 34.294995291 ], [ 133.793412272000012, 34.29499563 ], [ 133.79342377899999, 34.294993349 ], [ 133.793435278, 34.294988904 ], [ 133.793531527999988, 34.294896081 ], [ 133.793544959, 34.29488496 ], [ 133.793561882, 34.294878248 ], [ 133.793568719, 34.294876428 ], [ 133.793579142, 34.29487478 ], [ 133.793595869, 34.294874109 ], [ 133.793615440999986, 34.294879472 ], [ 133.79367433499999, 34.294915484 ], [ 133.79367908, 34.294911776 ], [ 133.793746313000014, 34.294965348 ], [ 133.793728452000011, 34.294983513 ], [ 133.79401831199999, 34.295211727 ], [ 133.79412646899999, 34.295293962 ], [ 133.794375992999989, 34.29548089 ], [ 133.794706676, 34.295732715 ], [ 133.794738677, 34.29575094 ], [ 133.794766255000013, 34.295778011 ], [ 133.794781978, 34.295800783 ], [ 133.794783776, 34.295817909 ], [ 133.794776815, 34.295846506 ], [ 133.79476625699999, 34.295871775 ], [ 133.794744834999989, 34.29589653 ], [ 133.79466309, 34.295974442 ], [ 133.794546373, 34.296085616 ], [ 133.794439407999988, 34.296189735 ], [ 133.794389587000012, 34.296232409 ], [ 133.794351957, 34.296251162 ], [ 133.794370277000013, 34.296264894 ], [ 133.794348041, 34.296280923 ], [ 133.794223111, 34.296248586 ], [ 133.794129413, 34.296200937 ], [ 133.79398663500001, 34.296128253 ], [ 133.793902295, 34.296085179 ], [ 133.793885859, 34.296075662 ], [ 133.793851553, 34.296050681 ], [ 133.793119783, 34.295479844 ], [ 133.793111505000013, 34.295473463 ], [ 133.793103317, 34.295461672 ], [ 133.793097512, 34.295448162 ], [ 133.793095075, 34.295434554 ], [ 133.79309503799999, 34.295423735 ], [ 133.793097393000011, 34.295413813 ], [ 133.79317588, 34.29527343 ], [ 133.793076899999988, 34.295205868 ], [ 133.79307127199999, 34.295211652 ], [ 133.79305056199999, 34.295191596 ], [ 133.79302737899999, 34.295178579 ], [ 133.79300629, 34.295174392 ], [ 133.792993809, 34.295177668 ], [ 133.792943207, 34.295245948 ], [ 133.79291483, 34.295301733 ], [ 133.7928918, 34.295364177 ], [ 133.79287816499999, 34.29541055 ], [ 133.79287750099999, 34.29543832 ], [ 133.792883343999989, 34.295463009 ], [ 133.792897266000011, 34.295499129 ], [ 133.792915747, 34.295534517 ], [ 133.792780236, 34.295761695 ], [ 133.792738082, 34.295832371 ], [ 133.792728369, 34.295850678 ], [ 133.792728724999989, 34.29585944 ], [ 133.792735811, 34.295866456 ], [ 133.79276021699999, 34.295887314 ], [ 133.792771077, 34.295886657 ], [ 133.79278667599999, 34.295873817 ], [ 133.792793519000014, 34.295873801 ], [ 133.792860179, 34.295924761 ], [ 133.79298695899999, 34.296020926 ], [ 133.793030195999989, 34.296052648 ], [ 133.793195977000011, 34.296180365 ], [ 133.79349199399999, 34.296397567 ], [ 133.79343033, 34.296502477 ], [ 133.793334539, 34.29666535 ], [ 133.793279782000013, 34.296632303 ], [ 133.79249257699999, 34.297995291 ], [ 133.79245543, 34.298059571 ], [ 133.792383518, 34.298186324 ], [ 133.792428231, 34.298204699 ], [ 133.792305454, 34.298418485 ], [ 133.792056634, 34.29884426 ], [ 133.791821117000012, 34.299253865 ], [ 133.79182036099999, 34.299255129 ], [ 133.791794833000012, 34.299299583 ], [ 133.791566702000011, 34.299696873 ], [ 133.791640158, 34.299733482 ], [ 133.791707519999989, 34.299767041 ], [ 133.791842454, 34.299580725 ], [ 133.791872079, 34.299539903 ], [ 133.79189155200001, 34.299547881 ], [ 133.791915784999986, 34.299518522 ], [ 133.79192906, 34.299524711 ], [ 133.792014908, 34.2994064 ] ] ] } },
{ "type": "Feature", "properties": { "A29_001": "37202", "A29_002": "香川県", "A29_003": "丸亀市", "A29_004": 5, "A29_005": "第一種住居地域", "A29_006": 60, "A29_007": 200, "A29_008": null }, "geometry": { "type": "Polygon", "coordinates": [ [ [ 133.80745165499999, 34.298967164 ], [ 133.80748553399999, 34.29893299 ], [ 133.807573518999988, 34.298853052 ], [ 133.80774737499999, 34.29870904 ], [ 133.808112491, 34.298406943 ], [ 133.808026455, 34.298374739 ], [ 133.807986193, 34.298356448 ], [ 133.80791446, 34.29831741 ], [ 133.807711528, 34.298197199 ], [ 133.807684532, 34.298182211 ], [ 133.80751931, 34.298095714 ], [ 133.807462168, 34.298065745 ], [ 133.807378054999987, 34.298027819 ], [ 133.807366957, 34.298023069 ], [ 133.807200486999989, 34.297951631 ], [ 133.807022948999986, 34.297883466 ], [ 133.806907423000013, 34.29784048 ], [ 133.806896443, 34.297838254 ], [ 133.806864983, 34.297820391 ], [ 133.806850263, 34.297805372 ], [ 133.80683922099999, 34.297786286 ], [ 133.80682224099999, 34.29774711 ], [ 133.806827102, 34.297739795 ], [ 133.806946339, 34.297518882 ], [ 133.806964924999988, 34.297491608 ], [ 133.807072368, 34.297194451 ], [ 133.807080044, 34.297172244 ], [ 133.80778978, 34.297367114 ], [ 133.807933085, 34.297407613 ], [ 133.807982364999987, 34.297429767 ], [ 133.80803615100001, 34.297456868 ], [ 133.808091423, 34.297486445 ], [ 133.808140732999988, 34.297513558 ], [ 133.808172106, 34.297528337 ], [ 133.808213867, 34.297531937 ], [ 133.80826307699999, 34.297531813 ], [ 133.808329496, 34.297522937 ], [ 133.80834065900001, 34.297462188 ], [ 133.80845075900001, 34.297120575 ], [ 133.808672202999986, 34.296988785 ], [ 133.808143199999989, 34.29641613 ], [ 133.80766034199999, 34.295933505 ], [ 133.807293313, 34.295561671 ], [ 133.806762163, 34.29500592 ], [ 133.806414733999986, 34.294647737 ], [ 133.806105495999986, 34.294329552 ], [ 133.805927005, 34.294191146 ], [ 133.80588035299999, 34.294162277 ], [ 133.805809059000012, 34.294123074 ], [ 133.805807816999987, 34.294209079 ], [ 133.80580803, 34.294267771 ], [ 133.805805627000012, 34.294324305 ], [ 133.805803653999988, 34.294469193 ], [ 133.80580411, 34.294595051 ], [ 133.80580461400001, 34.294734073 ], [ 133.80580507799999, 34.294862095 ], [ 133.80580433099999, 34.295024876 ], [ 133.805803435, 34.29521813 ], [ 133.805803344, 34.295373021 ], [ 133.805798348, 34.295553078 ], [ 133.805785654, 34.295797255 ], [ 133.805774082, 34.296021415 ], [ 133.805770497999987, 34.296051582 ], [ 133.805763214, 34.296068171 ], [ 133.80573318399999, 34.296099999 ], [ 133.805725153, 34.296123118 ], [ 133.805725216000013, 34.296140437 ], [ 133.805732221, 34.296151968 ], [ 133.805743836, 34.296158674 ], [ 133.80575774799999, 34.296160569 ], [ 133.805755287000011, 34.296200965 ], [ 133.80573253599999, 34.296277746 ], [ 133.805706163999986, 34.296314867 ], [ 133.805677734, 34.296365543 ], [ 133.805659386, 34.296419476 ], [ 133.80563818499999, 34.296501752 ], [ 133.805620217000012, 34.296639557 ], [ 133.805608084, 34.296828918 ], [ 133.80559110499999, 34.297059943 ], [ 133.805562635, 34.29756769 ], [ 133.80555968199999, 34.297652084 ], [ 133.80555240699999, 34.297743161 ], [ 133.805538618000014, 34.297835156 ], [ 133.80552059499999, 34.297927973 ], [ 133.80550347, 34.297998879 ], [ 133.805494884000012, 34.298027751 ], [ 133.805488445, 34.298049495 ], [ 133.805482273, 34.298067262 ], [ 133.806001845999987, 34.298297138 ], [ 133.80655482200001, 34.298537864 ], [ 133.806977206, 34.298729464 ], [ 133.807314100000013, 34.298898241 ], [ 133.80745165499999, 34.298967164 ] ] ] } },
{ "type": "Feature", "properties": { "A29_001": "37202", "A29_002": "香川県", "A29_003": "丸亀市", "A29_004": 10, "A29_005": "準工業地域", "A29_006": 60, "A29_007": 200, "A29_008": null }, "geometry": { "type": "Polygon", "coordinates": [ [ [ 133.77604116099999, 34.295278225 ], [ 133.775312469, 34.296411006 ], [ 133.77533773799999, 34.296497952 ], [ 133.77543880799999, 34.296544246 ], [ 133.77711352599999, 34.297285259 ], [ 133.77856479, 34.297920463 ], [ 133.778953937000011, 34.298091057 ], [ 133.77956256499999, 34.298357897 ], [ 133.779957843, 34.297736071 ], [ 133.780180367000014, 34.297388817 ], [ 133.78032504399999, 34.297162732 ], [ 133.77971508499999, 34.296895304 ], [ 133.779325386000011, 34.29672447 ], [ 133.77787686799999, 34.296090469 ], [ 133.77604116099999, 34.295278225 ] ] ] } },
{ "type": "Feature", "properties": { "A29_001": "37202", "A29_002": "香川県", "A29_003": "丸亀市", "A29_004": 8, "A29_005": "近隣商業地域", "A29_006": 80, "A29_007": 200, "A29_008": null }, "geometry": { "type": "Polygon", "coordinates": [ [ [ 133.80352999199999, 34.296600666 ], [ 133.803520685, 34.296580043 ], [ 133.803562140999986, 34.296475115 ], [ 133.803560339, 34.296336538 ], [ 133.803559705, 34.296160066 ], [ 133.80346454799999, 34.29578385 ], [ 133.803379068999988, 34.295569902 ], [ 133.803385493, 34.295543903 ], [ 133.802972641, 34.295462088 ], [ 133.802966715, 34.295490808 ], [ 133.80293839699999, 34.2955428 ], [ 133.802852472000012, 34.295579815 ], [ 133.80272486699999, 34.295632106 ], [ 133.80249045299999, 34.295720381 ], [ 133.802411041999989, 34.295756297 ], [ 133.802084697, 34.295875921 ], [ 133.80194925699999, 34.295924976 ], [ 133.801851577, 34.295958773 ], [ 133.80178119499999, 34.295970856 ], [ 133.80172123599999, 34.29597534 ], [ 133.80166388, 34.295981973 ], [ 133.801623471, 34.295988573 ], [ 133.801586995, 34.295998399 ], [ 133.801537507, 34.296014767 ], [ 133.801517972999989, 34.296023471 ], [ 133.801504146000013, 34.296033034 ], [ 133.801469043999987, 34.296062359 ], [ 133.801431299, 34.296081935 ], [ 133.801359647, 34.296103767 ], [ 133.801273675, 34.296127798 ], [ 133.801152546999987, 34.296169234 ], [ 133.801071019, 34.296190748 ], [ 133.801001966, 34.296207164 ], [ 133.80092117, 34.2962236 ], [ 133.800815653, 34.296253088 ], [ 133.80073882100001, 34.296281432 ], [ 133.80047185399999, 34.296383857 ], [ 133.80037794099999, 34.296377587 ], [ 133.800254525000014, 34.296362689 ], [ 133.800125356, 34.296345677 ], [ 133.800037937000013, 34.296329654 ], [ 133.799979197, 34.296313561 ], [ 133.799775578, 34.296258838 ], [ 133.799370159, 34.296147132 ], [ 133.79930016099999, 34.296120653 ], [ 133.799136164, 34.296051235 ], [ 133.798874676999986, 34.295947156 ], [ 133.798531204999989, 34.295808367 ], [ 133.798267908000014, 34.295698908 ], [ 133.79795057199999, 34.29544247 ], [ 133.797759754999987, 34.295295959 ], [ 133.79772012699999, 34.295265222 ], [ 133.797560522, 34.295186614 ], [ 133.797130976, 34.294943176 ], [ 133.79737359500001, 34.294475879 ], [ 133.797653959, 34.293971147 ], [ 133.797700423, 34.293969194 ], [ 133.797738028, 34.293965434 ], [ 133.797771162, 34.293950648 ], [ 133.797791007, 34.293928557 ], [ 133.79786359799999, 34.293807128 ], [ 133.79791983199999, 34.293707836 ], [ 133.79732427499999, 34.293476136 ], [ 133.797223573999986, 34.293648121 ], [ 133.79717530100001, 34.293728856 ], [ 133.797135422999986, 34.293790287 ], [ 133.797093383, 34.293839462 ], [ 133.796948646, 34.293984615 ], [ 133.79685185, 34.294068966 ], [ 133.79677610499999, 34.294137498 ], [ 133.796731945, 34.29418317 ], [ 133.79665212899999, 34.294295519 ], [ 133.796463354, 34.29456185 ], [ 133.796333073999989, 34.29472865 ], [ 133.796295222999987, 34.2947708 ], [ 133.79621527399999, 34.294842849 ], [ 133.79592943899999, 34.295088344 ], [ 133.795804384, 34.294924154 ], [ 133.79570881, 34.294775084 ], [ 133.79560256799999, 34.294619458 ], [ 133.795489379, 34.294465291 ], [ 133.795407594000011, 34.294344768 ], [ 133.79520070699999, 34.294052111 ], [ 133.79510319900001, 34.293933176 ], [ 133.794952711, 34.293754783 ], [ 133.794846787000012, 34.293642882 ], [ 133.79474722099999, 34.293537971 ], [ 133.794715446, 34.293506502 ], [ 133.794635034, 34.293448868 ], [ 133.794527144, 34.293377272 ], [ 133.79411994, 34.29385997 ], [ 133.793945420999989, 34.294051405 ], [ 133.793870021, 34.294219829 ], [ 133.79365354699999, 34.294451439 ], [ 133.793472594, 34.294658297 ], [ 133.79411584799999, 34.29511415 ], [ 133.794712182000012, 34.295564198 ], [ 133.795109595000014, 34.295871021 ], [ 133.795324239, 34.295684734 ], [ 133.795681857, 34.295338641 ], [ 133.79583219599999, 34.295448667 ], [ 133.796012088, 34.295584929 ], [ 133.79607983299999, 34.29564435 ], [ 133.796238515, 34.295750866 ], [ 133.796564082, 34.295954916 ], [ 133.796618284, 34.295870055 ], [ 133.79665968899999, 34.295806619 ], [ 133.796773156, 34.295637209 ], [ 133.79685138, 34.295497961 ], [ 133.79689267399999, 34.295517497 ], [ 133.79707704899999, 34.295614916 ], [ 133.797283905, 34.295732476 ], [ 133.797479151, 34.29585055 ], [ 133.797512315, 34.295883999 ], [ 133.79780994699999, 34.296122174 ], [ 133.797983096, 34.296248641 ], [ 133.798077621, 34.296305138 ], [ 133.798177697, 34.296364759 ], [ 133.798279708, 34.296418686 ], [ 133.79835509, 34.296462274 ], [ 133.798796888, 34.296634768 ], [ 133.799020173, 34.296718313 ], [ 133.799219220999987, 34.296785968 ], [ 133.799356, 34.296828594 ], [ 133.799457151000013, 34.296854159 ], [ 133.79962353499999, 34.296891402 ], [ 133.799723956, 34.296913218 ], [ 133.800089632, 34.296988659 ], [ 133.80019288299999, 34.297008907 ], [ 133.80037752199999, 34.297029056 ], [ 133.80053374, 34.297027104 ], [ 133.800738306, 34.296999645 ], [ 133.800940658, 34.296939275 ], [ 133.801096373, 34.296887818 ], [ 133.801384533, 34.296799936 ], [ 133.801755649, 34.29668895 ], [ 133.802197487, 34.296573063 ], [ 133.802693111, 34.296424757 ], [ 133.80271288099999, 34.296467046 ], [ 133.802762989, 34.296459818 ], [ 133.802822937, 34.296452088 ], [ 133.802860759, 34.296450912 ], [ 133.80288421899999, 34.296449773 ], [ 133.802894638999987, 34.296444328 ], [ 133.802901099, 34.296428075 ], [ 133.80290366700001, 34.296417241 ], [ 133.802915387000013, 34.296413966 ], [ 133.80293885899999, 34.296412826 ], [ 133.80295319699999, 34.296409545 ], [ 133.802970105000014, 34.296398675 ], [ 133.802993549, 34.296389953 ], [ 133.803017004, 34.296384486 ], [ 133.803046975, 34.296381157 ], [ 133.80307826399999, 34.296378916 ], [ 133.803113489999987, 34.296380992 ], [ 133.803138877, 34.29638093 ], [ 133.80314228099999, 34.296478742 ], [ 133.803144709, 34.29654987 ], [ 133.80321737700001, 34.29657827 ], [ 133.803323212, 34.296727949 ], [ 133.803424242, 34.296677021 ], [ 133.803525312, 34.296640374 ], [ 133.80352999199999, 34.296600666 ] ] ] } },
{ "type": "Feature", "properties": { "A29_001": "37202", "A29_002": "香川県", "A29_003": "丸亀市", "A29_004": 5, "A29_005": "第一種住居地域", "A29_006": 60, "A29_007": 200, "A29_008": null }, "geometry": { "type": "Polygon", "coordinates": [ [ [ 133.806082346000011, 34.293373752 ], [ 133.806148011, 34.293409588 ], [ 133.806219556, 34.293338546 ], [ 133.806274933, 34.293290038 ], [ 133.806328971999989, 34.293247159 ], [ 133.806383028, 34.293212151 ], [ 133.806438469999989, 34.293181639 ], [ 133.80649664399999, 34.29315899 ], [ 133.806529124, 34.293149911 ], [ 133.806553506, 34.293148732 ], [ 133.806581986999987, 34.293154277 ], [ 133.806647105, 34.29317999 ], [ 133.806815365, 34.293250441 ], [ 133.806877807, 34.293284031 ], [ 133.806938567, 34.293324152 ], [ 133.806967098, 34.293346574 ], [ 133.80700245700001, 34.293382486 ], [ 133.807032357999987, 34.293408286 ], [ 133.807069023, 34.293432942 ], [ 133.807146381, 34.293469866 ], [ 133.807206115000014, 34.293502335 ], [ 133.807227829, 34.293511288 ], [ 133.807226504, 34.293520289 ], [ 133.807204961999986, 34.293558587 ], [ 133.807144356, 34.293656605 ], [ 133.807025753, 34.293829013 ], [ 133.806977187, 34.293904317 ], [ 133.807828462, 34.294409244 ], [ 133.808123196, 34.294590801 ], [ 133.808236539, 34.294671044 ], [ 133.80846598299999, 34.294845282 ], [ 133.808842156, 34.295174229 ], [ 133.80961889400001, 34.295872629 ], [ 133.810482307, 34.296637574 ], [ 133.81081554799999, 34.296331132 ], [ 133.81104555600001, 34.296119328 ], [ 133.81131329499999, 34.295873573 ], [ 133.811513004, 34.295691335 ], [ 133.811827834000013, 34.29539636 ], [ 133.811966602000012, 34.295255984 ], [ 133.812069374, 34.29514939 ], [ 133.812143716, 34.295057042 ], [ 133.812246923, 34.294941928 ], [ 133.812312566, 34.294859195 ], [ 133.812351411, 34.294803243 ], [ 133.812498862000012, 34.294599923 ], [ 133.812667556, 34.294322024 ], [ 133.812726997, 34.294231021 ], [ 133.812880992, 34.293976691 ], [ 133.81281212799999, 34.293835013 ], [ 133.812702804999986, 34.293627011 ], [ 133.812600706000012, 34.293412976 ], [ 133.81232634700001, 34.292879656 ], [ 133.812234058, 34.292709656 ], [ 133.811971973999988, 34.292186528 ], [ 133.811923415, 34.292100533 ], [ 133.811916088, 34.292078526 ], [ 133.811901471, 34.292038507 ], [ 133.811891476999989, 34.291944408 ], [ 133.811865966, 34.290916679 ], [ 133.811866772, 34.290482244 ], [ 133.81186273599999, 34.290160023 ], [ 133.811817305, 34.290241136 ], [ 133.811754721999989, 34.290328324 ], [ 133.811631094, 34.29050111 ], [ 133.811561168999987, 34.290597305 ], [ 133.81151546000001, 34.290662064 ], [ 133.811485089, 34.290703253 ], [ 133.81142001399999, 34.290789248 ], [ 133.811303872, 34.29093046 ], [ 133.81118411599999, 34.291063926 ], [ 133.811041397999986, 34.291215483 ], [ 133.811038152, 34.291218736 ], [ 133.810942374, 34.291315448 ], [ 133.810805762, 34.291443818 ], [ 133.810656881, 34.291574112 ], [ 133.810558656000012, 34.291655052 ], [ 133.810423238, 34.291754118 ], [ 133.810292311000012, 34.291834058 ], [ 133.810225839, 34.291865421 ], [ 133.810138192000011, 34.291899001 ], [ 133.810059663, 34.291930484 ], [ 133.809997831, 34.291953721 ], [ 133.809932092999986, 34.29197814 ], [ 133.80986187900001, 34.291996259 ], [ 133.809744364000011, 34.292031086 ], [ 133.809650814, 34.292054403 ], [ 133.809564639, 34.292074816 ], [ 133.809283281, 34.292129801 ], [ 133.809284600000012, 34.292133855 ], [ 133.809156069000011, 34.292156538 ], [ 133.808893804, 34.292204803 ], [ 133.808743584000013, 34.292237187 ], [ 133.808538644, 34.292277643 ], [ 133.80832265699999, 34.292326692 ], [ 133.80815127299999, 34.292364538 ], [ 133.807973292000014, 34.292410064 ], [ 133.807777624000011, 34.292461224 ], [ 133.807667261, 34.292491524 ], [ 133.807564289999988, 34.292523338 ], [ 133.807541394999987, 34.292530427 ], [ 133.807433323999987, 34.292563696 ], [ 133.807302587, 34.2926073 ], [ 133.80721037699999, 34.292640889 ], [ 133.807104841000012, 34.292684429 ], [ 133.80698478299999, 34.292737202 ], [ 133.806882857, 34.292787765 ], [ 133.806780059, 34.292837519 ], [ 133.80667006499999, 34.292894927 ], [ 133.806657868, 34.292901295 ], [ 133.806567898, 34.292953992 ], [ 133.80647622699999, 34.29301661 ], [ 133.80642031799999, 34.293055969 ], [ 133.806317637, 34.293138088 ], [ 133.80626078200001, 34.293186284 ], [ 133.806188042, 34.293257239 ], [ 133.806103533, 34.293348059 ], [ 133.806082346000011, 34.293373752 ] ] ] } },
{ "type": "Feature", "properties": { "A29_001": "37202", "A29_002": "香川県", "A29_003": "丸亀市", "A29_004": 9, "A29_005": "商業地域", "A29_006": 80, "A29_007": 400, "A29_008": null }, "geometry": { "type": "Polygon", "coordinates": [ [ [ 133.793472594, 34.294658297 ], [ 133.79365354699999, 34.294451439 ], [ 133.793870021, 34.294219829 ], [ 133.793945420999989, 34.294051405 ], [ 133.79411994, 34.29385997 ], [ 133.794527144, 34.293377272 ], [ 133.794635034, 34.293448868 ], [ 133.794715446, 34.293506502 ], [ 133.79474722099999, 34.293537971 ], [ 133.794846787000012, 34.293642882 ], [ 133.794952711, 34.293754783 ], [ 133.79510319900001, 34.293933176 ], [ 133.79520070699999, 34.294052111 ], [ 133.795407594000011, 34.294344768 ], [ 133.795489379, 34.294465291 ], [ 133.79560256799999, 34.294619458 ], [ 133.79570881, 34.294775084 ], [ 133.795804384, 34.294924154 ], [ 133.79592943899999, 34.295088344 ], [ 133.79621527399999, 34.294842849 ], [ 133.796295222999987, 34.2947708 ], [ 133.796333073999989, 34.29472865 ], [ 133.796463354, 34.29456185 ], [ 133.79665212899999, 34.294295519 ], [ 133.796731945, 34.29418317 ], [ 133.79677610499999, 34.294137498 ], [ 133.79685185, 34.294068966 ], [ 133.796948646, 34.293984615 ], [ 133.797093383, 34.293839462 ], [ 133.797135422999986, 34.293790287 ], [ 133.79717530100001, 34.293728856 ], [ 133.797223573999986, 34.293648121 ], [ 133.79732427499999, 34.293476136 ], [ 133.79791983199999, 34.293707836 ], [ 133.798078839999988, 34.293427105 ], [ 133.798333713, 34.292956692 ], [ 133.79884733599999, 34.293143653 ], [ 133.799128453, 34.293244539 ], [ 133.799243574, 34.293289543 ], [ 133.799597785, 34.293414213 ], [ 133.79966392899999, 34.293282791 ], [ 133.799798790000011, 34.29300135 ], [ 133.799926191999987, 34.29274235 ], [ 133.800028402, 34.292532367 ], [ 133.800272463, 34.292620339 ], [ 133.800364214000012, 34.292453567 ], [ 133.800469714, 34.29227706 ], [ 133.801103729, 34.292509813 ], [ 133.80138065700001, 34.292602598 ], [ 133.801400742, 34.292538654 ], [ 133.801537020000012, 34.292160199 ], [ 133.801666261, 34.291809683 ], [ 133.80189327, 34.29189846 ], [ 133.801814521000011, 34.292057818 ], [ 133.801665946000014, 34.29238715 ], [ 133.80166463099999, 34.292389994 ], [ 133.802177897, 34.292540076 ], [ 133.80258395199999, 34.292666178 ], [ 133.802927579, 34.292795218 ], [ 133.80340609000001, 34.292975548 ], [ 133.803787125000014, 34.293106027 ], [ 133.803661811000012, 34.293377341 ], [ 133.804205142, 34.293562989 ], [ 133.80422109700001, 34.29346292 ], [ 133.804256861, 34.293349232 ], [ 133.804271269999987, 34.293308626 ], [ 133.804321611, 34.293170831 ], [ 133.804350797000012, 34.293100796 ], [ 133.804409697000011, 34.293017074 ], [ 133.804426352, 34.292996567 ], [ 133.804439221, 34.292980757 ], [ 133.80448343099999, 34.292949994 ], [ 133.804655169, 34.292769072 ], [ 133.80490439, 34.292581862 ], [ 133.80475777800001, 34.292504061 ], [ 133.804508410000011, 34.292370571 ], [ 133.80443281699999, 34.292334489 ], [ 133.804378453, 34.292311544 ], [ 133.804034433999988, 34.292173285 ], [ 133.802997467000012, 34.291771606 ], [ 133.80255866600001, 34.291603411 ], [ 133.802527391000012, 34.291590668 ], [ 133.80220955499999, 34.291461229 ], [ 133.802166903999989, 34.291544865 ], [ 133.801934157, 34.291461205 ], [ 133.801827741000011, 34.291422951 ], [ 133.801626102, 34.291344705 ], [ 133.801533796, 34.291309446 ], [ 133.800867184, 34.291056435 ], [ 133.800701311000012, 34.290991694 ], [ 133.800053235, 34.290742041 ], [ 133.799748915, 34.290626664 ], [ 133.79999645800001, 34.29015842 ], [ 133.799693413, 34.290049621 ], [ 133.800330535, 34.288895686 ], [ 133.80057388099999, 34.288434854 ], [ 133.799632734, 34.288081605 ], [ 133.798327949999987, 34.287588751 ], [ 133.79696077599999, 34.287045781 ], [ 133.79583876, 34.286632148 ], [ 133.79601861099999, 34.286315946 ], [ 133.795695128, 34.286187441 ], [ 133.795914380999989, 34.285770745 ], [ 133.796197196, 34.285298718 ], [ 133.796206882, 34.285279482 ], [ 133.79629373, 34.285312613 ], [ 133.796434068999986, 34.285029548 ], [ 133.79664318, 34.284606122 ], [ 133.796706425, 34.284528245 ], [ 133.796862952999987, 34.284281149 ], [ 133.797000115, 34.284055991 ], [ 133.797181454999986, 34.283625617 ], [ 133.797041701000012, 34.283582933 ], [ 133.796896522, 34.283538585 ], [ 133.796490635, 34.284274126 ], [ 133.796068558, 34.285028764 ], [ 133.795754374000012, 34.285602843 ], [ 133.795527056999987, 34.286018351 ], [ 133.79510311300001, 34.285883298 ], [ 133.794941214, 34.285842062 ], [ 133.794718394, 34.286657009 ], [ 133.794615228999987, 34.287021718 ], [ 133.794356005, 34.286840376 ], [ 133.794213262, 34.287097181 ], [ 133.794003285, 34.2875266 ], [ 133.79406873100001, 34.287558503 ], [ 133.79407670399999, 34.2875741 ], [ 133.79407479599999, 34.287593831 ], [ 133.794062273, 34.287625326 ], [ 133.79378427, 34.288081378 ], [ 133.793488989, 34.288576698 ], [ 133.793382767999987, 34.28875798 ], [ 133.793011694, 34.289377799 ], [ 133.792794601, 34.28972573 ], [ 133.792767024, 34.289729619 ], [ 133.79232773699999, 34.289484132 ], [ 133.79176179800001, 34.289172382 ], [ 133.791565490000011, 34.289444584 ], [ 133.79130271, 34.289919906 ], [ 133.79132322800001, 34.289966857 ], [ 133.79121559399999, 34.290159418 ], [ 133.790973201000014, 34.290648197 ], [ 133.790798552000012, 34.291022837 ], [ 133.790692861, 34.291231225 ], [ 133.790666046000013, 34.291298672 ], [ 133.79064285199999, 34.291370601 ], [ 133.790621517, 34.29146199 ], [ 133.790533307, 34.292015666 ], [ 133.79045539099999, 34.292530488 ], [ 133.790675959, 34.292527603 ], [ 133.790917861, 34.292524504 ], [ 133.79099074199999, 34.292522528 ], [ 133.791095132, 34.29252228 ], [ 133.791527382999988, 34.292529276 ], [ 133.791583100999986, 34.29252698 ], [ 133.79166446, 34.29253554 ], [ 133.791655964, 34.292604459 ], [ 133.791600789, 34.292899098 ], [ 133.79158165199999, 34.292950173 ], [ 133.792961872, 34.293053077 ], [ 133.792486813000011, 34.293784 ], [ 133.792741834999987, 34.293901488 ], [ 133.792940791, 34.293986725 ], [ 133.793043657, 34.294047786 ], [ 133.793050477, 34.294040828 ], [ 133.793221061, 34.294145273 ], [ 133.79321500399999, 34.29415268 ], [ 133.793343133, 34.294231171 ], [ 133.793352676000012, 34.29422637 ], [ 133.793533171, 34.294337823 ], [ 133.793525057000011, 34.294347489 ], [ 133.793617479, 34.294403616 ], [ 133.793573869999989, 34.294452135 ], [ 133.793561571, 34.294445222 ], [ 133.793535058, 34.294474587 ], [ 133.79354529299999, 34.294481415 ], [ 133.793421208000012, 34.294619589 ], [ 133.793472594, 34.294658297 ] ], [ [ 133.79324799599999, 34.291945765 ], [ 133.792622834000014, 34.291668105 ], [ 133.792094295, 34.291427032 ], [ 133.792272755, 34.291172534 ], [ 133.792354767, 34.291065925 ], [ 133.79258096800001, 34.290749465 ], [ 133.792686148, 34.290605142 ], [ 133.792732604, 34.290528947 ], [ 133.793081032, 34.290007806 ], [ 133.793279251, 34.28969894 ], [ 133.793466438, 34.289394922 ], [ 133.793804087000012, 34.288834641 ], [ 133.794130645, 34.288306563 ], [ 133.79436264200001, 34.287896339 ], [ 133.794304868000012, 34.287815913 ], [ 133.794316783, 34.2877159 ], [ 133.794739018, 34.287844775 ], [ 133.79479412399999, 34.287714734 ], [ 133.79530470099999, 34.28790554 ], [ 133.796261050999988, 34.288266512 ], [ 133.797356812, 34.288688482 ], [ 133.79690392099999, 34.289524798 ], [ 133.796736157999987, 34.289816702 ], [ 133.795680865, 34.289412147 ], [ 133.794636096, 34.288998145 ], [ 133.794417208, 34.289402351 ], [ 133.79424328499999, 34.289693283 ], [ 133.793981803, 34.290184945 ], [ 133.79384152, 34.290454798 ], [ 133.79353503499999, 34.290950911 ], [ 133.793634249, 34.290990235 ], [ 133.794347351999988, 34.29127737 ], [ 133.794559037999989, 34.291360293 ], [ 133.794624989, 34.291386478 ], [ 133.795231739, 34.291619517 ], [ 133.79526590399999, 34.291632544 ], [ 133.795641657, 34.291761284 ], [ 133.795119715, 34.292701361 ], [ 133.7940829, 34.292323876 ], [ 133.79324799599999, 34.291945765 ] ] ] } },
{ "type": "Feature", "properties": { "A29_001": "37202", "A29_002": "香川県", "A29_003": "丸亀市", "A29_004": 3, "A29_005": "第一種中高層住居専用地域", "A29_006": 60, "A29_007": 200, "A29_008": null }, "geometry": { "type": "Polygon", "coordinates": [ [ [ 133.812880992, 34.293976691 ], [ 133.812942306999986, 34.293875432 ], [ 133.813288363999987, 34.293304537 ], [ 133.81367570399999, 34.292662933 ], [ 133.813930742, 34.292240208 ], [ 133.814448276, 34.291390059 ], [ 133.814557895, 34.291210671 ], [ 133.81466584399999, 34.291032215 ], [ 133.81480345599999, 34.290792197 ], [ 133.814817032, 34.290765367 ], [ 133.814581620000013, 34.290695315 ], [ 133.814161265, 34.290537618 ], [ 133.81378303, 34.290428234 ], [ 133.813682594, 34.290412984 ], [ 133.81340640499999, 34.290219853 ], [ 133.813378715, 34.290222177 ], [ 133.813322292, 34.290115711 ], [ 133.81328706299999, 34.290059588 ], [ 133.813268326000014, 34.29004219 ], [ 133.813237912, 34.290024822 ], [ 133.813109325999989, 34.289972815 ], [ 133.813081247000014, 34.289955441 ], [ 133.81306251, 34.289938043 ], [ 133.813050776000011, 34.289922566 ], [ 133.813050718, 34.289907059 ], [ 133.81305286, 34.289854717 ], [ 133.813061964000013, 34.289790728 ], [ 133.813059535, 34.289765535 ], [ 133.813052414, 34.289734539 ], [ 133.813022007, 34.289675022 ], [ 133.81298199299999, 34.289587897 ], [ 133.812979563999988, 34.289562705 ], [ 133.812986411999987, 34.289520043 ], [ 133.813002465000011, 34.289440528 ], [ 133.81303247299999, 34.289351286 ], [ 133.813120451, 34.289153346 ], [ 133.813152941, 34.289100935 ], [ 133.813180832, 34.289067911 ], [ 133.81319248, 34.289060128 ], [ 133.813189856, 34.288973584 ], [ 133.813177526, 34.288856095 ], [ 133.813138758, 34.288662707 ], [ 133.813100394, 34.288566283 ], [ 133.813078710000013, 34.288492274 ], [ 133.81307025000001, 34.288454772 ], [ 133.813067791, 34.288433051 ], [ 133.813071259, 34.288407365 ], [ 133.813114745, 34.288274055 ], [ 133.813125316, 34.288245457 ], [ 133.813160815, 34.287917698 ], [ 133.813103474, 34.288005766 ], [ 133.813078912, 34.288031434 ], [ 133.812965558, 34.288249003 ], [ 133.812917782, 34.288353212 ], [ 133.812861902, 34.288475112 ], [ 133.812815855999986, 34.288565567 ], [ 133.81275018299999, 34.28869448 ], [ 133.812646183, 34.28888669 ], [ 133.812550321, 34.289076626 ], [ 133.812373938, 34.289346015 ], [ 133.812200152, 34.289613144 ], [ 133.812023649, 34.289880279 ], [ 133.812000582, 34.289913894 ], [ 133.81186273599999, 34.290160023 ], [ 133.811866772, 34.290482244 ], [ 133.811865966, 34.290916679 ], [ 133.811891476999989, 34.291944408 ], [ 133.811901471, 34.292038507 ], [ 133.811916088, 34.292078526 ], [ 133.811923415, 34.292100533 ], [ 133.811971973999988, 34.292186528 ], [ 133.812234058, 34.292709656 ], [ 133.81232634700001, 34.292879656 ], [ 133.812600706000012, 34.293412976 ], [ 133.812702804999986, 34.293627011 ], [ 133.81281212799999, 34.293835013 ], [ 133.812880992, 34.293976691 ] ] ] } },
{ "type": "Feature", "properties": { "A29_001": "37202", "A29_002": "香川県", "A29_003": "丸亀市", "A29_004": 8, "A29_005": "近隣商業地域", "A29_006": 80, "A29_007": 200, "A29_008": null }, "geometry": { "type": "Polygon", "coordinates": [ [ [ 133.80077322, 34.29385397 ], [ 133.800811845999988, 34.293780126 ], [ 133.80080923700001, 34.293779411 ], [ 133.800846544, 34.293701514 ], [ 133.80088645699999, 34.293622889 ], [ 133.80093961899999, 34.293513127 ], [ 133.801012848, 34.293364728 ], [ 133.80111063199999, 34.293156856 ], [ 133.801127344, 34.293121563 ], [ 133.801192265999987, 34.292989323 ], [ 133.80138065700001, 34.292602598 ], [ 133.801103729, 34.292509813 ], [ 133.800469714, 34.29227706 ], [ 133.800364214000012, 34.292453567 ], [ 133.800272463, 34.292620339 ], [ 133.800028402, 34.292532367 ], [ 133.799926191999987, 34.29274235 ], [ 133.799798790000011, 34.29300135 ], [ 133.79966392899999, 34.293282791 ], [ 133.799597785, 34.293414213 ], [ 133.799592211, 34.293423026 ], [ 133.800066136999988, 34.2936042 ], [ 133.800394828, 34.293721014 ], [ 133.800692739, 34.29382703 ], [ 133.80077322, 34.29385397 ] ] ] } },
{ "type": "Feature", "properties": { "A29_001": "37202", "A29_002": "香川県", "A29_003": "丸亀市", "A29_004": 5, "A29_005": "第一種住居地域", "A29_006": 60, "A29_007": 200, "A29_008": null }, "geometry": { "type": "Polygon", "coordinates": [ [ [ 133.79045539099999, 34.292530488 ], [ 133.790533307, 34.292015666 ], [ 133.790621517, 34.29146199 ], [ 133.79064285199999, 34.291370601 ], [ 133.790666046000013, 34.291298672 ], [ 133.790692861, 34.291231225 ], [ 133.790798552000012, 34.291022837 ], [ 133.790973201000014, 34.290648197 ], [ 133.79121559399999, 34.290159418 ], [ 133.79132322800001, 34.289966857 ], [ 133.79130271, 34.289919906 ], [ 133.791565490000011, 34.289444584 ], [ 133.79176179800001, 34.289172382 ], [ 133.79228156799999, 34.288453968 ], [ 133.792391812, 34.28836398 ], [ 133.79256235, 34.288138883 ], [ 133.793267547999989, 34.287212037 ], [ 133.792869402, 34.287021423 ], [ 133.793049466000014, 34.286738123 ], [ 133.793166265999986, 34.286560269 ], [ 133.793302082999986, 34.286341204 ], [ 133.79330951599999, 34.286329664 ], [ 133.793319919, 34.286250878 ], [ 133.793313417, 34.286220763 ], [ 133.793299474, 34.286203071 ], [ 133.79325505700001, 34.286167728 ], [ 133.79323205599999, 34.286153601 ], [ 133.793193018000011, 34.286128441 ], [ 133.79327416699999, 34.286100136 ], [ 133.793297104, 34.286095997 ], [ 133.793191955, 34.285647057 ], [ 133.793119638, 34.285644209 ], [ 133.79311823, 34.285238766 ], [ 133.793113433, 34.284905257 ], [ 133.79311403, 34.284811176 ], [ 133.79307421499999, 34.284687143 ], [ 133.793051394, 34.284558597 ], [ 133.793020539, 34.284415708 ], [ 133.792985148000014, 34.284276797 ], [ 133.79294437499999, 34.284136402 ], [ 133.792953143, 34.284080925 ], [ 133.792763154999989, 34.283975254 ], [ 133.792514326, 34.283834121 ], [ 133.792617812, 34.283673366 ], [ 133.79269625500001, 34.283579523 ], [ 133.792758611000011, 34.28349166 ], [ 133.792796025, 34.283437305 ], [ 133.792989302, 34.283185962 ], [ 133.793005184, 34.2831648 ], [ 133.793062179, 34.283078446 ], [ 133.79307642, 34.28305388 ], [ 133.793133305999987, 34.282939271 ], [ 133.79324609, 34.282735714 ], [ 133.793229055000012, 34.282728325 ], [ 133.79338318, 34.282516104 ], [ 133.793424141, 34.282454311 ], [ 133.793438385, 34.282430494 ], [ 133.793480785000014, 34.282335835 ], [ 133.793505697, 34.282291183 ], [ 133.793527961, 34.28225916 ], [ 133.793548453, 34.282230125 ], [ 133.793561802, 34.282208537 ], [ 133.79363366199999, 34.282071217 ], [ 133.793702163, 34.281949151 ], [ 133.793718221, 34.281934985 ], [ 133.793769203000011, 34.281922231 ], [ 133.793788861, 34.281912519 ], [ 133.79379778, 34.281903581 ], [ 133.793843855, 34.281766702 ], [ 133.793922415, 34.281523349 ], [ 133.794089101999987, 34.281547968 ], [ 133.794107496, 34.281440447 ], [ 133.794111828000013, 34.281399559 ], [ 133.794108208000011, 34.281386189 ], [ 133.79409471, 34.281361861 ], [ 133.79409464, 34.281341792 ], [ 133.794107865, 34.281284519 ], [ 133.794116745, 34.281264428 ], [ 133.79412922899999, 34.28125028 ], [ 133.794144397, 34.281236116 ], [ 133.79414971599999, 34.281222724 ], [ 133.794153219, 34.281199671 ], [ 133.794154012, 34.281168456 ], [ 133.794160105, 34.281121605 ], [ 133.794166201, 34.281103622 ], [ 133.79417165800001, 34.281095567 ], [ 133.794198343, 34.281048675 ], [ 133.794216124, 34.28101146 ], [ 133.794233917000014, 34.280980944 ], [ 133.794251702, 34.280948192 ], [ 133.794259879, 34.280932188 ], [ 133.794240405000011, 34.280923038 ], [ 133.794207559, 34.280909864 ], [ 133.794136751999986, 34.280881094 ], [ 133.794050492999986, 34.280843885 ], [ 133.794028859, 34.280838077 ], [ 133.794012009999989, 34.28083406 ], [ 133.79399125099999, 34.280830053 ], [ 133.79396822199999, 34.280829026 ], [ 133.793890449, 34.280827049 ], [ 133.793836125000013, 34.280824961 ], [ 133.793902798, 34.280723969 ], [ 133.794033842, 34.280522513 ], [ 133.79403840099999, 34.280515389 ], [ 133.793806171999989, 34.280391736 ], [ 133.79381567199999, 34.280365847 ], [ 133.793833038, 34.280328038 ], [ 133.793859975, 34.280278576 ], [ 133.79392263, 34.280183995 ], [ 133.793957412999987, 34.280126526 ], [ 133.793995725, 34.280074864 ], [ 133.794047011, 34.280015417 ], [ 133.794088802, 34.279958662 ], [ 133.79416614499999, 34.279846708 ], [ 133.794215748999989, 34.279772498 ], [ 133.794274779, 34.279666601 ], [ 133.79435655899999, 34.27953784 ], [ 133.79458254299999, 34.279194923 ], [ 133.794665229, 34.279077051 ], [ 133.794732646, 34.278981214 ], [ 133.79476169599999, 34.278939933 ], [ 133.794931635000012, 34.279010712 ], [ 133.79516260299999, 34.278597144 ], [ 133.795237144999987, 34.278461584 ], [ 133.79527273299999, 34.278383043 ], [ 133.795315245000012, 34.278281252 ], [ 133.795385339, 34.278088254 ], [ 133.79540262, 34.278026472 ], [ 133.795415143000014, 34.277973664 ], [ 133.79526657299999, 34.277621478 ], [ 133.79498611299999, 34.276855904 ], [ 133.794765474, 34.27626977 ], [ 133.794638006000014, 34.275943914 ], [ 133.794484125, 34.275548987 ], [ 133.794234741, 34.274883619 ], [ 133.793914575, 34.274040872 ], [ 133.79368161, 34.273419252 ], [ 133.793480953999989, 34.272868391 ], [ 133.793225584999988, 34.272197986 ], [ 133.792981645999987, 34.271559504 ], [ 133.79287676300001, 34.271284612 ], [ 133.792802918, 34.271091084 ], [ 133.79260498799999, 34.270553072 ], [ 133.792348120000014, 34.269872138 ], [ 133.79216462, 34.269394252 ], [ 133.792047774999986, 34.269087976 ], [ 133.791919600999989, 34.26874323 ], [ 133.791872826, 34.268623188 ], [ 133.791579509, 34.268758825 ], [ 133.791029884000011, 34.269021373 ], [ 133.79061728799999, 34.269225324 ], [ 133.790840255, 34.269334535 ], [ 133.79085371, 34.26934067 ], [ 133.79092083399999, 34.269233403 ], [ 133.79115864799999, 34.269339946 ], [ 133.791311947, 34.269403657 ], [ 133.79142059599999, 34.269453445 ], [ 133.791410202, 34.269468779 ], [ 133.791226912000013, 34.269758801 ], [ 133.791742954, 34.270006229 ], [ 133.791752441999989, 34.270011345 ], [ 133.791622899, 34.270194845 ], [ 133.79175446299999, 34.270247581 ], [ 133.79149923899999, 34.27064517 ], [ 133.79169723699999, 34.270739798 ], [ 133.79183430399999, 34.27081011 ], [ 133.792233857000014, 34.27097833 ], [ 133.792385876999987, 34.271047975 ], [ 133.792308791000011, 34.271169718 ], [ 133.792235685, 34.271290019 ], [ 133.792099105, 34.271483183 ], [ 133.791906092, 34.271741557 ], [ 133.791883324, 34.271780649 ], [ 133.791852213999988, 34.271847792 ], [ 133.791838864999988, 34.271862925 ], [ 133.7921992, 34.272085712 ], [ 133.792339687, 34.272145512 ], [ 133.792429515, 34.272187518 ], [ 133.792615684, 34.272273689 ], [ 133.792728497000013, 34.272329768 ], [ 133.792897208, 34.272407892 ], [ 133.79300409199999, 34.272444872 ], [ 133.793048863, 34.272465339 ], [ 133.792788279, 34.272873925 ], [ 133.793010899, 34.272982889 ], [ 133.792864062, 34.273184139 ], [ 133.79267873500001, 34.273451448 ], [ 133.792879158, 34.273528776 ], [ 133.793065649, 34.27359721 ], [ 133.793302133999987, 34.273704428 ], [ 133.793208349, 34.273777662 ], [ 133.793157677000011, 34.273825278 ], [ 133.79311973599999, 34.273879906 ], [ 133.793094464, 34.273920429 ], [ 133.793090307999989, 34.273943303 ], [ 133.793090447999987, 34.273983765 ], [ 133.793084351, 34.274057655 ], [ 133.793078200999986, 34.274119238 ], [ 133.793069895, 34.274166753 ], [ 133.792971376, 34.27444416 ], [ 133.792931708, 34.274611372 ], [ 133.792892053, 34.274676191 ], [ 133.792890539000012, 34.274850343 ], [ 133.792795235, 34.274852329 ], [ 133.792613996, 34.275121909 ], [ 133.792372664999988, 34.275014918 ], [ 133.792132525999989, 34.275340446 ], [ 133.792048152, 34.275444436 ], [ 133.792012295, 34.275486743 ], [ 133.791946822, 34.275541426 ], [ 133.79190883699999, 34.275583737 ], [ 133.791864608, 34.275657727 ], [ 133.79176771499999, 34.275816274 ], [ 133.791588647999987, 34.276099913 ], [ 133.791454327999986, 34.276308758 ], [ 133.791274437999988, 34.276580921 ], [ 133.791192239999987, 34.276712025 ], [ 133.791143940000012, 34.276783725 ], [ 133.791142102, 34.276786164 ], [ 133.791106528, 34.276831868 ], [ 133.791075260000014, 34.276866382 ], [ 133.791049106, 34.27690377 ], [ 133.791016266000014, 34.276891947 ], [ 133.790862198000013, 34.277125911 ], [ 133.79088908599999, 34.277175524 ], [ 133.79062450399999, 34.277581411 ], [ 133.790480365, 34.277763005 ], [ 133.790277435, 34.278039134 ], [ 133.79016097600001, 34.278226018 ], [ 133.789821566, 34.27885018 ], [ 133.789719612, 34.279036236 ], [ 133.78931735399999, 34.279847784 ], [ 133.789199456, 34.280024916 ], [ 133.789024801000011, 34.28027336 ], [ 133.788711804, 34.280711281 ], [ 133.78888731399999, 34.28079833 ], [ 133.788641017, 34.28122137 ], [ 133.788326825000013, 34.281782025 ], [ 133.78789738899999, 34.282546191 ], [ 133.78741891300001, 34.283401765 ], [ 133.786833191, 34.284491176 ], [ 133.786453641, 34.285176035 ], [ 133.78685704599999, 34.285435007 ], [ 133.787258587999986, 34.285601786 ], [ 133.787423313, 34.28529729 ], [ 133.787764589, 34.28468193 ], [ 133.788318707, 34.283644329 ], [ 133.788671146000013, 34.283016337 ], [ 133.789297092999988, 34.281894283 ], [ 133.789399358, 34.281715268 ], [ 133.790640456, 34.282140552 ], [ 133.790955142, 34.282272779 ], [ 133.791590495, 34.28251959 ], [ 133.791638127999988, 34.282480474 ], [ 133.792503133, 34.282829288 ], [ 133.79243825399999, 34.282916084 ], [ 133.792580543000014, 34.282979711 ], [ 133.792412108, 34.283279139 ], [ 133.79235834799999, 34.283374383 ], [ 133.79233832, 34.283412297 ], [ 133.792300532000013, 34.28351248 ], [ 133.792267944, 34.283596224 ], [ 133.792258487, 34.283619138 ], [ 133.792220517, 34.283682645 ], [ 133.792214382999987, 34.28369896 ], [ 133.79220599199999, 34.283725405 ], [ 133.792190207, 34.283762426 ], [ 133.792115295, 34.283875337 ], [ 133.79228312699999, 34.283947153 ], [ 133.792195435, 34.284083545 ], [ 133.792287234000014, 34.284123257 ], [ 133.792476488, 34.284214406 ], [ 133.792439355999988, 34.284265704 ], [ 133.79241514, 34.284298759 ], [ 133.79224109, 34.284536469 ], [ 133.792228009000013, 34.284554261 ], [ 133.79218694799999, 34.284615937 ], [ 133.792145218, 34.284672475 ], [ 133.792040025, 34.284814633 ], [ 133.792032025999987, 34.284825562 ], [ 133.791935701999989, 34.28495697 ], [ 133.79189485399999, 34.285017563 ], [ 133.79188027699999, 34.285042572 ], [ 133.791872860000012, 34.285064948 ], [ 133.791863347, 34.285109419 ], [ 133.791851485, 34.28513433 ], [ 133.791827274000013, 34.285168918 ], [ 133.791800421, 34.285193145 ], [ 133.79178232699999, 34.28520608 ], [ 133.791761623000014, 34.285218211 ], [ 133.791725409, 34.285236959 ], [ 133.791666330999988, 34.28527136 ], [ 133.791601922000012, 34.285303068 ], [ 133.791574051999987, 34.285315937 ], [ 133.791524208, 34.285319391 ], [ 133.79149987400001, 34.285318367 ], [ 133.791464899, 34.285318451 ], [ 133.79138706, 34.28529844 ], [ 133.791315411999989, 34.285278416 ], [ 133.791192437, 34.285241292 ], [ 133.791117273999987, 34.285241471 ], [ 133.790949501, 34.285253319 ], [ 133.790872325, 34.285268108 ], [ 133.79085196599999, 34.285285918 ], [ 133.79076819, 34.285371405 ], [ 133.790725993, 34.285418838 ], [ 133.790601767, 34.285576818 ], [ 133.79045649299999, 34.285751041 ], [ 133.79008645499999, 34.286248144 ], [ 133.789743648000012, 34.286695965 ], [ 133.789269447, 34.286489705 ], [ 133.788933112, 34.286348176 ], [ 133.78828091299999, 34.286069593 ], [ 133.78815720599999, 34.286015176 ], [ 133.787514302, 34.285727876 ], [ 133.787360148, 34.285643967 ], [ 133.787317092, 34.285727103 ], [ 133.787268809000011, 34.285806104 ], [ 133.787237135, 34.285850536 ], [ 133.78719482299999, 34.285896886 ], [ 133.787075124000012, 34.286056385 ], [ 133.787068084, 34.286062261 ], [ 133.787074289, 34.286066214 ], [ 133.787001492, 34.286091719 ], [ 133.786945844, 34.286113126 ], [ 133.786914051999986, 34.286123118 ], [ 133.786907864999989, 34.286124214 ], [ 133.78690568499999, 34.286122056 ], [ 133.786886264, 34.286128322 ], [ 133.786886277, 34.286132379 ], [ 133.786883566, 34.286133467 ], [ 133.78679398700001, 34.286174789 ], [ 133.786716316, 34.286204272 ], [ 133.786592764, 34.286252975 ], [ 133.786488498000011, 34.286287389 ], [ 133.786431633, 34.286302578 ], [ 133.786400278, 34.286312929 ], [ 133.786385728999988, 34.286314766 ], [ 133.78636009499999, 34.286314826 ], [ 133.786340646000014, 34.286313069 ], [ 133.786316281000012, 34.286302848 ], [ 133.78628842, 34.286286775 ], [ 133.786236143999986, 34.286245785 ], [ 133.786141277000013, 34.286169282 ], [ 133.78605577, 34.286097987 ], [ 133.785935155, 34.285987465 ], [ 133.785802550999989, 34.28586489 ], [ 133.785594226, 34.285673881 ], [ 133.78542622, 34.285520914 ], [ 133.785059725999986, 34.285171884 ], [ 133.784466498, 34.284777823 ], [ 133.78430013, 34.284668541 ], [ 133.784080074, 34.284523808 ], [ 133.783946746, 34.284445995 ], [ 133.78386346799999, 34.284400181 ], [ 133.783763349, 34.284352936 ], [ 133.78362893, 34.284292724 ], [ 133.783525125000011, 34.284250617 ], [ 133.78346181399999, 34.284225393 ], [ 133.782851391, 34.283988788 ], [ 133.78265617400001, 34.283913822 ], [ 133.782028032, 34.283671753 ], [ 133.781852894, 34.283604791 ], [ 133.78095984399999, 34.283261673 ], [ 133.780420099999986, 34.283051454 ], [ 133.779896188, 34.282849013 ], [ 133.779572653, 34.282723152 ], [ 133.77908873199999, 34.282539044 ], [ 133.778557755, 34.282336505 ], [ 133.778444357000012, 34.282512895 ], [ 133.778262969, 34.282788901 ], [ 133.778103305, 34.283032842 ], [ 133.777870239, 34.283385806 ], [ 133.777813232, 34.283473036 ], [ 133.777782284000011, 34.283805409 ], [ 133.777765855000013, 34.28398193 ], [ 133.777727569, 34.284249613 ], [ 133.777655621, 34.284758157 ], [ 133.777618574, 34.284960383 ], [ 133.77759811300001, 34.285056826 ], [ 133.777496606999989, 34.285353268 ], [ 133.77748663, 34.285371377 ], [ 133.777345714, 34.2856307 ], [ 133.777140787, 34.286005588 ], [ 133.776613486, 34.286979985 ], [ 133.77670362, 34.287013465 ], [ 133.776980798000011, 34.287113256 ], [ 133.777147461, 34.287188386 ], [ 133.777404388, 34.287329541 ], [ 133.777591480000012, 34.28745624 ], [ 133.777668041, 34.287513803 ], [ 133.77776183200001, 34.287588953 ], [ 133.77794955499999, 34.287768437 ], [ 133.77803928599999, 34.287867352 ], [ 133.778138305999988, 34.288002806 ], [ 133.778389960999988, 34.288365335 ], [ 133.778481218, 34.288508171 ], [ 133.77867057899999, 34.28879784 ], [ 133.779032043, 34.289350621 ], [ 133.77932711, 34.289804622 ], [ 133.779440359, 34.289978007 ], [ 133.780364666999986, 34.291389393 ], [ 133.78125527, 34.291775228 ], [ 133.782430377999987, 34.292291741 ], [ 133.783031118999986, 34.292561368 ], [ 133.783186163000011, 34.29261973 ], [ 133.78358387, 34.292804507 ], [ 133.784683067, 34.293286644 ], [ 133.785434333000012, 34.293615855 ], [ 133.78544239499999, 34.293619389 ], [ 133.787101431, 34.293213221 ], [ 133.787800489, 34.293039461 ], [ 133.78789831099999, 34.293017711 ], [ 133.788386093000014, 34.292935359 ], [ 133.788448853, 34.29293055 ], [ 133.78868097599999, 34.292971088 ], [ 133.788984664, 34.293106717 ], [ 133.78900317899999, 34.293120919 ], [ 133.790175217000012, 34.29362917 ], [ 133.790301118, 34.292852427 ], [ 133.790336786000012, 34.292674101 ], [ 133.79035987899999, 34.292531742 ], [ 133.79045539099999, 34.292530488 ] ], [ [ 133.78490116899999, 34.289498434 ], [ 133.785574723, 34.289698404 ], [ 133.78620284199999, 34.289654988 ], [ 133.786740912, 34.289800146 ], [ 133.78674433099999, 34.289783278 ], [ 133.787339965, 34.28995796 ], [ 133.78760842599999, 34.29003694 ], [ 133.787569945, 34.290156218 ], [ 133.787494263000013, 34.29038792 ], [ 133.787475046999987, 34.290454772 ], [ 133.787457002, 34.290450757 ], [ 133.787382535, 34.290656671 ], [ 133.787228492999986, 34.291131891 ], [ 133.78673242, 34.291169387 ], [ 133.78665953, 34.291200662 ], [ 133.78635559899999, 34.291489425 ], [ 133.7862867, 34.291512667 ], [ 133.785761204000011, 34.291523089 ], [ 133.785121231, 34.291537743 ], [ 133.785032761999986, 34.291523704 ], [ 133.784547744, 34.291361556 ], [ 133.784129637, 34.291223684 ], [ 133.784197984, 34.291075397 ], [ 133.784555203999986, 34.290287764 ], [ 133.78479477499999, 34.289756631 ], [ 133.78490116899999, 34.289498434 ] ], [ [ 133.788366792, 34.288338421 ], [ 133.788757331999989, 34.28866269 ], [ 133.788983624, 34.288840371 ], [ 133.78928492599999, 34.289041513 ], [ 133.789672978999988, 34.289284941 ], [ 133.789865881999987, 34.289402068 ], [ 133.789727727000013, 34.289703233 ], [ 133.789307769, 34.29064839 ], [ 133.788829047, 34.290231784 ], [ 133.78869387, 34.29012211 ], [ 133.78846380499999, 34.289931518 ], [ 133.788447031, 34.289918304 ], [ 133.78841007599999, 34.289847978 ], [ 133.788369913, 34.289728795 ], [ 133.78835376, 34.289674558 ], [ 133.788336109999989, 34.289563706 ], [ 133.788326775, 34.289533705 ], [ 133.788277598, 34.289383438 ], [ 133.788265214, 34.289351191 ], [ 133.788204232, 34.289242785 ], [ 133.78814913799999, 34.289140856 ], [ 133.788086832, 34.289026232 ], [ 133.78797336400001, 34.288815891 ], [ 133.787881921, 34.288651812 ], [ 133.787945347, 34.288626807 ], [ 133.788084413, 34.288572025 ], [ 133.788178665, 34.288499136 ], [ 133.788336041, 34.288366775 ], [ 133.788366792, 34.288338421 ] ], [ [ 133.78730404699999, 34.288628312 ], [ 133.78730760900001, 34.288653458 ], [ 133.787319907000011, 34.288756208 ], [ 133.787334826, 34.28886292 ], [ 133.787378026999988, 34.289077393 ], [ 133.787384159, 34.289130058 ], [ 133.786229889999987, 34.288597946 ], [ 133.78551128699999, 34.288259809 ], [ 133.78538102600001, 34.288201375 ], [ 133.784441734000012, 34.287760002 ], [ 133.784651024999988, 34.287438024 ], [ 133.784837168, 34.287151485 ], [ 133.78494596499999, 34.286985135 ], [ 133.785104639999986, 34.286674029 ], [ 133.784530874000012, 34.286395397 ], [ 133.784017804, 34.286150944 ], [ 133.78351733400001, 34.285928521 ], [ 133.783350547999987, 34.285866383 ], [ 133.782247821, 34.285495901 ], [ 133.781643530999986, 34.285315615 ], [ 133.781385414, 34.285234733 ], [ 133.781227774, 34.28517825 ], [ 133.781010723, 34.285093486 ], [ 133.781117216000013, 34.284921852 ], [ 133.781433670000013, 34.284370498 ], [ 133.78147166799999, 34.28438479 ], [ 133.781494497000011, 34.284390418 ], [ 133.781517208, 34.284393702 ], [ 133.781603163999989, 34.284405585 ], [ 133.781662168999986, 34.284413474 ], [ 133.781700846, 34.28441627 ], [ 133.78173940799999, 34.284417353 ], [ 133.781775681999989, 34.284416098 ], [ 133.781824871999987, 34.284412018 ], [ 133.781871665000011, 34.284405779 ], [ 133.781904551999986, 34.284398762 ], [ 133.78198931099999, 34.28437765 ], [ 133.782029255, 34.284369444 ], [ 133.782065077, 34.28436305 ], [ 133.782092006999989, 34.284361095 ], [ 133.782119157000011, 34.284359951 ], [ 133.782171510000012, 34.28435983 ], [ 133.78220475, 34.284360835 ], [ 133.782231051, 34.284365463 ], [ 133.782247778, 34.284365515 ], [ 133.782312850000011, 34.284368701 ], [ 133.782383358, 34.284373317 ], [ 133.782403894, 34.284375794 ], [ 133.782443338, 34.284380571 ], [ 133.782495825000012, 34.284388114 ], [ 133.782560283, 34.28440239 ], [ 133.782615402, 34.28441741 ], [ 133.782671287999989, 34.284434591 ], [ 133.782730007999987, 34.284454651 ], [ 133.782790046, 34.284478855 ], [ 133.782836057999987, 34.284498944 ], [ 133.78288620399999, 34.284520917 ], [ 133.782924931, 34.284538859 ], [ 133.782960296999988, 34.284558251 ], [ 133.78296192900001, 34.284559149 ], [ 133.782996432, 34.284580527 ], [ 133.783042927, 34.28461486 ], [ 133.783074641000013, 34.284646612 ], [ 133.783120516999986, 34.284690863 ], [ 133.783122369000012, 34.284692662 ], [ 133.783160065, 34.284726565 ], [ 133.783204729, 34.28476568 ], [ 133.783247533, 34.284800923 ], [ 133.783294675, 34.284833811 ], [ 133.78333583, 34.284862927 ], [ 133.783380670000014, 34.284889691 ], [ 133.78344595199999, 34.284922988 ], [ 133.783511452999988, 34.284956826 ], [ 133.78356008599999, 34.284980966 ], [ 133.783599681999988, 34.284998455 ], [ 133.783603921, 34.284999437 ], [ 133.78370200099999, 34.285031306 ], [ 133.783860288999989, 34.285073313 ], [ 133.783863442000012, 34.285074117 ], [ 133.78401802799999, 34.285113338 ], [ 133.784135212, 34.285141286 ], [ 133.78430014700001, 34.285189408 ], [ 133.78439038, 34.285213451 ], [ 133.784478994000011, 34.285240383 ], [ 133.784509656000012, 34.285249778 ], [ 133.784589901, 34.285275107 ], [ 133.78467027799999, 34.285307286 ], [ 133.784741198, 34.285337324 ], [ 133.784773831, 34.285351223 ], [ 133.78479787, 34.285361535 ], [ 133.784818755, 34.285370502 ], [ 133.784910139, 34.285413656 ], [ 133.78496041299999, 34.285440857 ], [ 133.785006016000011, 34.285468158 ], [ 133.785056000999987, 34.285506539 ], [ 133.785181612, 34.285617502 ], [ 133.785287603, 34.285707863 ], [ 133.785443636999986, 34.285853555 ], [ 133.78556512099999, 34.285964076 ], [ 133.785817583000011, 34.286198257 ], [ 133.785853112000012, 34.286233606 ], [ 133.785848886, 34.286236411 ], [ 133.78588529699999, 34.286275544 ], [ 133.785918151, 34.2863228 ], [ 133.78594262199999, 34.286364216 ], [ 133.785963532000011, 34.286412582 ], [ 133.785981842000012, 34.286462847 ], [ 133.785989011, 34.286495106 ], [ 133.78599533900001, 34.286535392 ], [ 133.78599548, 34.286576864 ], [ 133.785995667, 34.286632311 ], [ 133.78598633199999, 34.286762159 ], [ 133.785980446999986, 34.286820505 ], [ 133.785980464, 34.286825644 ], [ 133.785979486, 34.286825646 ], [ 133.785977016, 34.286866042 ], [ 133.785978405, 34.286891283 ], [ 133.785980744, 34.286908227 ], [ 133.785988745, 34.286961672 ], [ 133.785992786, 34.28700016 ], [ 133.78599351, 34.287053441 ], [ 133.78599978299999, 34.287077679 ], [ 133.78600699899999, 34.287091547 ], [ 133.786032766, 34.287130795 ], [ 133.786054490999987, 34.287163021 ], [ 133.786066963, 34.287189408 ], [ 133.78609632199999, 34.287262727 ], [ 133.786176863, 34.287406611 ], [ 133.786206142999987, 34.28745676 ], [ 133.78622221, 34.287486114 ], [ 133.786278205, 34.287566674 ], [ 133.786311066, 34.287615733 ], [ 133.786346536, 34.287665147 ], [ 133.78635984499999, 34.287682066 ], [ 133.786392764999988, 34.287716429 ], [ 133.786446394, 34.28777175 ], [ 133.786503611, 34.287828055 ], [ 133.786560814000012, 34.287880032 ], [ 133.786653314, 34.287962761 ], [ 133.786711814, 34.288012842 ], [ 133.786725093, 34.288020925 ], [ 133.78673978, 34.288027833 ], [ 133.786785764, 34.288038724 ], [ 133.786856531000012, 34.288054697 ], [ 133.786917087, 34.288070693 ], [ 133.786928184, 34.288075806 ], [ 133.786956056, 34.288094854 ], [ 133.786999963, 34.28813397 ], [ 133.787098539999988, 34.288246706 ], [ 133.787116644, 34.288267941 ], [ 133.787137564, 34.288287005 ], [ 133.78715837499999, 34.28830607 ], [ 133.787214240999987, 34.288348133 ], [ 133.787245719, 34.288373303 ], [ 133.78726435199999, 34.28839057 ], [ 133.787272753, 34.288401549 ], [ 133.787279864, 34.288416499 ], [ 133.78728254699999, 34.288438942 ], [ 133.787288827999987, 34.288464982 ], [ 133.78729869599999, 34.288492097 ], [ 133.787305870000012, 34.288525438 ], [ 133.78730962099999, 34.288574565 ], [ 133.787307403, 34.288592962 ], [ 133.787303984, 34.28860983 ], [ 133.78730404699999, 34.288628222 ], [ 133.78730404699999, 34.288628312 ] ], [ [ 133.79166174400001, 34.277597997 ], [ 133.79169008, 34.277613968 ], [ 133.79171638599999, 34.277632974 ], [ 133.79173504799999, 34.277652908 ], [ 133.791748234000011, 34.277671945 ], [ 133.791763678, 34.277712768 ], [ 133.79182612299999, 34.277915754 ], [ 133.791849434, 34.27791046 ], [ 133.79187602499999, 34.27794948 ], [ 133.791916637000014, 34.2779975 ], [ 133.791953952, 34.278037369 ], [ 133.791991263, 34.278076319 ], [ 133.792018455, 34.278094105 ], [ 133.792072131, 34.278123035 ], [ 133.79215753299999, 34.278158245 ], [ 133.792205740000014, 34.278185367 ], [ 133.79226929, 34.278226985 ], [ 133.792309697, 34.278262889 ], [ 133.792351354, 34.278292749 ], [ 133.79238475299999, 34.278315344 ], [ 133.792800777, 34.278477509 ], [ 133.793059115, 34.27864362 ], [ 133.793207024999987, 34.278733153 ], [ 133.79321692799999, 34.278751296 ], [ 133.793218069, 34.278763997 ], [ 133.793215937000014, 34.278778535 ], [ 133.79320512000001, 34.278813064 ], [ 133.79319650799999, 34.278853944 ], [ 133.793198765, 34.278872097 ], [ 133.79320873399999, 34.278909299 ], [ 133.793225224999986, 34.278935595 ], [ 133.79326806, 34.278991777 ], [ 133.793294379, 34.279014416 ], [ 133.79334805, 34.279041524 ], [ 133.793640403000012, 34.279162501 ], [ 133.793604233, 34.279208496 ], [ 133.793570488, 34.279252159 ], [ 133.793518197, 34.279306766 ], [ 133.79341052, 34.279412797 ], [ 133.793346265, 34.279487403 ], [ 133.793261531000013, 34.279644687 ], [ 133.793240860999987, 34.279675607 ], [ 133.793196545, 34.279734135 ], [ 133.793154103, 34.279791442 ], [ 133.793146506, 34.279808716 ], [ 133.793146541, 34.279818696 ], [ 133.793153157, 34.279835026 ], [ 133.793157616, 34.279858628 ], [ 133.79315879399999, 34.279884951 ], [ 133.793152319, 34.27990948 ], [ 133.793119717, 34.279966763 ], [ 133.79293734699999, 34.280282606 ], [ 133.792847727, 34.280293721 ], [ 133.792699828, 34.280524697 ], [ 133.79257945, 34.280720834 ], [ 133.79253105399999, 34.280812198 ], [ 133.79253234, 34.280857346 ], [ 133.79264235299999, 34.280891893 ], [ 133.792734147, 34.280902961 ], [ 133.79316810899999, 34.281035159 ], [ 133.79346238, 34.281293784 ], [ 133.793167711, 34.281862193 ], [ 133.792911376, 34.282138607 ], [ 133.79259828, 34.282014541 ], [ 133.791724851999987, 34.281649412 ], [ 133.79113105, 34.281393136 ], [ 133.790638024, 34.281165702 ], [ 133.79072682, 34.281034808 ], [ 133.79063623, 34.280988349 ], [ 133.790612212000013, 34.280974846 ], [ 133.790601737, 34.280963799 ], [ 133.790598804000012, 34.280954177 ], [ 133.790598456999987, 34.28086934 ], [ 133.790596058, 34.280828522 ], [ 133.79059485799999, 34.280817454 ], [ 133.79049469099999, 34.280734061 ], [ 133.790061122999987, 34.280556892 ], [ 133.7902512, 34.280223958 ], [ 133.79047957200001, 34.27979626 ], [ 133.790775109, 34.279221228 ], [ 133.790962565, 34.278860558 ], [ 133.79166174400001, 34.277597997 ] ] ] } },
{ "type": "Feature", "properties": { "A29_001": "37202", "A29_002": "香川県", "A29_003": "丸亀市", "A29_004": 8, "A29_005": "近隣商業地域", "A29_006": 80, "A29_007": 200, "A29_008": null }, "geometry": { "type": "Polygon", "coordinates": [ [ [ 133.803661811000012, 34.293377341 ], [ 133.803787125000014, 34.293106027 ], [ 133.80340609000001, 34.292975548 ], [ 133.802927579, 34.292795218 ], [ 133.80258395199999, 34.292666178 ], [ 133.802177897, 34.292540076 ], [ 133.80166463099999, 34.292389994 ], [ 133.801537239, 34.29266526 ], [ 133.802782616, 34.293076931 ], [ 133.803661811000012, 34.293377341 ] ] ] } },
{ "type": "Feature", "properties": { "A29_001": "37202", "A29_002": "香川県", "A29_003": "丸亀市", "A29_004": 9, "A29_005": "商業地域", "A29_006": 80, "A29_007": 500, "A29_008": null }, "geometry": { "type": "Polygon", "coordinates": [ [ [ 133.79324799599999, 34.291945765 ], [ 133.7940829, 34.292323876 ], [ 133.795119715, 34.292701361 ], [ 133.795641657, 34.291761284 ], [ 133.79526590399999, 34.291632544 ], [ 133.795231739, 34.291619517 ], [ 133.794624989, 34.291386478 ], [ 133.794559037999989, 34.291360293 ], [ 133.794347351999988, 34.29127737 ], [ 133.793634249, 34.290990235 ], [ 133.79353503499999, 34.290950911 ], [ 133.79384152, 34.290454798 ], [ 133.793981803, 34.290184945 ], [ 133.79424328499999, 34.289693283 ], [ 133.794417208, 34.289402351 ], [ 133.794636096, 34.288998145 ], [ 133.795680865, 34.289412147 ], [ 133.796736157999987, 34.289816702 ], [ 133.79690392099999, 34.289524798 ], [ 133.797356812, 34.288688482 ], [ 133.796261050999988, 34.288266512 ], [ 133.79530470099999, 34.28790554 ], [ 133.79479412399999, 34.287714734 ], [ 133.794739018, 34.287844775 ], [ 133.794316783, 34.2877159 ], [ 133.794304868000012, 34.287815913 ], [ 133.79436264200001, 34.287896339 ], [ 133.794130645, 34.288306563 ], [ 133.793804087000012, 34.288834641 ], [ 133.793466438, 34.289394922 ], [ 133.793279251, 34.28969894 ], [ 133.793081032, 34.290007806 ], [ 133.792732604, 34.290528947 ], [ 133.792686148, 34.290605142 ], [ 133.79258096800001, 34.290749465 ], [ 133.792354767, 34.291065925 ], [ 133.792272755, 34.291172534 ], [ 133.792094295, 34.291427032 ], [ 133.792622834000014, 34.291668105 ], [ 133.79324799599999, 34.291945765 ] ] ] } },
{ "type": "Feature", "properties": { "A29_001": "37202", "A29_002": "香川県", "A29_003": "丸亀市", "A29_004": 5, "A29_005": "第一種住居地域", "A29_006": 60, "A29_007": 200, "A29_008": null }, "geometry": { "type": "Polygon", "coordinates": [ [ [ 133.804969054, 34.292533287 ], [ 133.804999333000012, 34.292510546 ], [ 133.80510015499999, 34.292512098 ], [ 133.805098988, 34.292399404 ], [ 133.80543638, 34.292155481 ], [ 133.805646446, 34.292003601 ], [ 133.805725182, 34.291998626 ], [ 133.805771426, 34.291981318 ], [ 133.805786778999988, 34.291910299 ], [ 133.805774516000014, 34.291883553 ], [ 133.806148686, 34.291571305 ], [ 133.80617154, 34.291553126 ], [ 133.806193662, 34.291542522 ], [ 133.806212069999987, 34.291526699 ], [ 133.80621591799999, 34.291521442 ], [ 133.806218027, 34.291521906 ], [ 133.80633229899999, 34.291581034 ], [ 133.806362866, 34.291593038 ], [ 133.806384951000013, 34.291602179 ], [ 133.806390604, 34.291603409 ], [ 133.80642406699999, 34.291533318 ], [ 133.80643959, 34.291506728 ], [ 133.806461788, 34.291475172 ], [ 133.806498088000012, 34.291435565 ], [ 133.806561843999987, 34.29137674 ], [ 133.806727889, 34.291227502 ], [ 133.806787221, 34.291179804 ], [ 133.806839875, 34.291138912 ], [ 133.807034235, 34.291000719 ], [ 133.807220438, 34.290871814 ], [ 133.80738586199999, 34.290752211 ], [ 133.807441501999989, 34.29071132 ], [ 133.80747709, 34.290682209 ], [ 133.807559394, 34.290613456 ], [ 133.807610546, 34.290568862 ], [ 133.807664667000012, 34.290519329 ], [ 133.80771655, 34.290472885 ], [ 133.80785367499999, 34.29034101 ], [ 133.807898857999987, 34.290292112 ], [ 133.80797884899999, 34.290199896 ], [ 133.80803516200001, 34.290141089 ], [ 133.808089997, 34.29008784 ], [ 133.808260165, 34.289894015 ], [ 133.80839677099999, 34.289736788 ], [ 133.808517841999986, 34.289608803 ], [ 133.80858297899999, 34.289527326 ], [ 133.808628613, 34.289468248 ], [ 133.808664225, 34.289416273 ], [ 133.80871605199999, 34.289331052 ], [ 133.80874998199999, 34.289267522 ], [ 133.808797193, 34.289170565 ], [ 133.80882661699999, 34.289104802 ], [ 133.808849697, 34.289027119 ], [ 133.80887809, 34.288928676 ], [ 133.80888693599999, 34.288891329 ], [ 133.808890440999988, 34.288866689 ], [ 133.80889288899999, 34.288823101 ], [ 133.808894673999987, 34.288800521 ], [ 133.80890021799999, 34.288777931 ], [ 133.808907659, 34.288759998 ], [ 133.808916063999988, 34.288750637 ], [ 133.809191644, 34.288538514 ], [ 133.809463604, 34.288314471 ], [ 133.809560554, 34.288241893 ], [ 133.81017555299999, 34.288361635 ], [ 133.810257185000012, 34.288380118 ], [ 133.810264706999988, 34.28838477 ], [ 133.810267538, 34.288389433 ], [ 133.810265707000013, 34.288402672 ], [ 133.810221043000013, 34.288494647 ], [ 133.810173549000012, 34.288581958 ], [ 133.810187066, 34.288586134 ], [ 133.810380546, 34.28865182 ], [ 133.810556835, 34.288709705 ], [ 133.81081814800001, 34.288786785 ], [ 133.81091444, 34.288747981 ], [ 133.811029617, 34.288707983 ], [ 133.811280814000014, 34.288672193 ], [ 133.811351865, 34.288569296 ], [ 133.811377255, 34.288532537 ], [ 133.811444075, 34.2884194 ], [ 133.811502447, 34.288283745 ], [ 133.81163262699999, 34.288003476 ], [ 133.811764401, 34.287728575 ], [ 133.81177351, 34.287709565 ], [ 133.811880065999986, 34.287503735 ], [ 133.811962701, 34.287349896 ], [ 133.812069466, 34.287171112 ], [ 133.812146985999988, 34.287044424 ], [ 133.812148283, 34.287042527 ], [ 133.812316621, 34.286801378 ], [ 133.812324186000012, 34.286791081 ], [ 133.812316565, 34.286786322 ], [ 133.812464517, 34.286613474 ], [ 133.81256089199999, 34.286504318 ], [ 133.812645822, 34.286413493 ], [ 133.81271937599999, 34.286330721 ], [ 133.812823183, 34.286204596 ], [ 133.812942549000013, 34.286059417 ], [ 133.81297673, 34.286017849 ], [ 133.81308539599999, 34.285884408 ], [ 133.81318703299999, 34.2857591 ], [ 133.81330888299999, 34.285607595 ], [ 133.81340576, 34.285487798 ], [ 133.81349896399999, 34.285373421 ], [ 133.813590559, 34.285264637 ], [ 133.813624420999986, 34.285228216 ], [ 133.813669328, 34.285182482 ], [ 133.81380010399999, 34.285036543 ], [ 133.813833093, 34.284999133 ], [ 133.81390967199999, 34.284912566 ], [ 133.813998172999987, 34.284818936 ], [ 133.814017895, 34.284829939 ], [ 133.814246481999987, 34.284617519 ], [ 133.814312943, 34.284555771 ], [ 133.814393912000014, 34.284481634 ], [ 133.814486679999987, 34.284396648 ], [ 133.81465685399999, 34.284243485 ], [ 133.814774989, 34.284145631 ], [ 133.814888239999988, 34.284048691 ], [ 133.815034075999989, 34.283922727 ], [ 133.81518488099999, 34.283789717 ], [ 133.815491849000011, 34.283533331 ], [ 133.81573677599999, 34.283329936 ], [ 133.81581896599999, 34.283263278 ], [ 133.815743298, 34.283235461 ], [ 133.815269282, 34.283061217 ], [ 133.814615629, 34.283038248 ], [ 133.814486582, 34.283221581 ], [ 133.814424312, 34.283297049 ], [ 133.81435263899999, 34.283364752 ], [ 133.81429805499999, 34.283401244 ], [ 133.814192576000011, 34.283464688 ], [ 133.813497195, 34.283820454 ], [ 133.812979375, 34.284079862 ], [ 133.81279837299999, 34.284184195 ], [ 133.812729773, 34.284237599 ], [ 133.81266277099999, 34.284300096 ], [ 133.81259932, 34.284371103 ], [ 133.812554199, 34.284432246 ], [ 133.812516893, 34.284492061 ], [ 133.812338603, 34.284865993 ], [ 133.812029970999987, 34.285495826 ], [ 133.81172594099999, 34.286099519 ], [ 133.811572294, 34.286412819 ], [ 133.811459074, 34.286590672 ], [ 133.811320843, 34.286802262 ], [ 133.81123055899999, 34.286911555 ], [ 133.811151075, 34.286983171 ], [ 133.81105792299999, 34.287057039 ], [ 133.810775737, 34.287283671 ], [ 133.810489238, 34.287519303 ], [ 133.810284902, 34.28751359 ], [ 133.810173319, 34.287508337 ], [ 133.810084616000012, 34.28750143 ], [ 133.809964419000011, 34.287487481 ], [ 133.809900483, 34.287474975 ], [ 133.809851979, 34.287461727 ], [ 133.80974692800001, 34.28741924 ], [ 133.80957598399999, 34.287346041 ], [ 133.809252671, 34.2872054 ], [ 133.809235382, 34.287170607 ], [ 133.809231454000013, 34.287138945 ], [ 133.809230399, 34.287112035 ], [ 133.809228260999987, 34.287050283 ], [ 133.80923465399999, 34.286971884 ], [ 133.80923460299999, 34.286942997 ], [ 133.809231638999989, 34.286916877 ], [ 133.809221057, 34.286892354 ], [ 133.809204795999989, 34.286877357 ], [ 133.80916805699999, 34.286858589 ], [ 133.809137502999988, 34.28684983 ], [ 133.809051033, 34.286829556 ], [ 133.809184003000013, 34.286686699 ], [ 133.809428000999986, 34.286430523 ], [ 133.80960394499999, 34.286102636 ], [ 133.809648372999987, 34.28600858 ], [ 133.809649288, 34.285997497 ], [ 133.809640672, 34.285988016 ], [ 133.809623488, 34.285981721 ], [ 133.80958626200001, 34.285972313 ], [ 133.809551898, 34.285961319 ], [ 133.809521338, 34.285947936 ], [ 133.809502224999989, 34.285936904 ], [ 133.809486920000012, 34.28592506 ], [ 133.80966078099999, 34.285562593 ], [ 133.809830670999986, 34.285624733 ], [ 133.809878430999987, 34.285589424 ], [ 133.809934148999986, 34.285615276 ], [ 133.809968063000014, 34.285562989 ], [ 133.810056347, 34.285438438 ], [ 133.81017647199999, 34.285259532 ], [ 133.810305023000012, 34.285067893 ], [ 133.810529479, 34.284698309 ], [ 133.810562721, 34.284640795 ], [ 133.81063016499999, 34.284491233 ], [ 133.810670863000013, 34.284423241 ], [ 133.810746434, 34.284348219 ], [ 133.810809150000011, 34.284289467 ], [ 133.810834612, 34.284263518 ], [ 133.810874141999989, 34.284143869 ], [ 133.810902994, 34.284044532 ], [ 133.810907242000013, 34.284021216 ], [ 133.810906243, 34.284009335 ], [ 133.81083657799999, 34.283823905 ], [ 133.810764737999989, 34.283605068 ], [ 133.81070921599999, 34.283460974 ], [ 133.810714361, 34.283463134 ], [ 133.810718928999989, 34.283464836 ], [ 133.810723817, 34.283464823 ], [ 133.810739790000014, 34.283466586 ], [ 133.810772479, 34.283465421 ], [ 133.810827960000012, 34.283459691 ], [ 133.810930117, 34.283446178 ], [ 133.81097875399999, 34.283439924 ], [ 133.811009477999988, 34.28343615 ], [ 133.811096762, 34.283424568 ], [ 133.81122382, 34.28341569 ], [ 133.811305441, 34.283402923 ], [ 133.81138858, 34.283392669 ], [ 133.811420325, 34.283388819 ], [ 133.81145355699999, 34.283378691 ], [ 133.811521469000013, 34.283342104 ], [ 133.811506528, 34.283325616 ], [ 133.811491765, 34.283298516 ], [ 133.81148351600001, 34.283270769 ], [ 133.811474704, 34.283208042 ], [ 133.81147822, 34.283160069 ], [ 133.811482876000014, 34.283097217 ], [ 133.811496994, 34.282978805 ], [ 133.811508866, 34.282928917 ], [ 133.811515922000012, 34.282898516 ], [ 133.811523012, 34.282877221 ], [ 133.811548288000012, 34.282780328 ], [ 133.811577072, 34.282692441 ], [ 133.811601970999988, 34.282640627 ], [ 133.811622413, 34.282587833 ], [ 133.811684520999989, 34.282514981 ], [ 133.811710672, 34.282487534 ], [ 133.811733186999987, 34.282437529 ], [ 133.811761998, 34.28223929 ], [ 133.811817651000013, 34.281980144 ], [ 133.81165673699999, 34.281923411 ], [ 133.811224599000013, 34.281776678 ], [ 133.811135322000013, 34.281741924 ], [ 133.811053898000011, 34.281710404 ], [ 133.810953807, 34.281665102 ], [ 133.810785321999987, 34.281590094 ], [ 133.810433273, 34.281421193 ], [ 133.810406777999987, 34.281408241 ], [ 133.810371438, 34.281387991 ], [ 133.810341955000013, 34.281362849 ], [ 133.81027901600001, 34.281295489 ], [ 133.81019670399999, 34.281226042 ], [ 133.810164281, 34.281201728 ], [ 133.810134828, 34.281184717 ], [ 133.810096563, 34.281166918 ], [ 133.810004332, 34.281128915 ], [ 133.809884641, 34.281078784 ], [ 133.80969649, 34.280992339 ], [ 133.80958756699999, 34.280942991 ], [ 133.80948983499999, 34.280906769 ], [ 133.809351593, 34.280873769 ], [ 133.808891448, 34.280778948 ], [ 133.808819903, 34.280769374 ], [ 133.808784631, 34.280767831 ], [ 133.808759165, 34.280768706 ], [ 133.80870531299999, 34.280776983 ], [ 133.808587843, 34.280799241 ], [ 133.808483106000011, 34.280822279 ], [ 133.808446852, 34.28082237 ], [ 133.80841450599999, 34.280815942 ], [ 133.808202663, 34.280748956 ], [ 133.808101416999989, 34.280794028 ], [ 133.808048836000012, 34.280814184 ], [ 133.808023967999986, 34.280815329 ], [ 133.807977816, 34.280817608 ], [ 133.807947176, 34.28081444 ], [ 133.80785826499999, 34.280796361 ], [ 133.80781138399999, 34.280774417 ], [ 133.807721684, 34.280721242 ], [ 133.80762686, 34.280690015 ], [ 133.807622185000014, 34.280688494 ], [ 133.807439824, 34.280628366 ], [ 133.807239376000012, 34.280552235 ], [ 133.807041112, 34.280479344 ], [ 133.806913634000011, 34.280428363 ], [ 133.806761341, 34.28036311 ], [ 133.80664579899999, 34.280309124 ], [ 133.80660724099999, 34.280278748 ], [ 133.80654612399999, 34.280227601 ], [ 133.806518079999989, 34.280191338 ], [ 133.806506136, 34.280162337 ], [ 133.806455688999989, 34.280028579 ], [ 133.806409296999988, 34.279904728 ], [ 133.806380657, 34.279824019 ], [ 133.806377064, 34.279791661 ], [ 133.806371981000012, 34.27973785 ], [ 133.80637156099999, 34.279621908 ], [ 133.806398550000011, 34.279546992 ], [ 133.805121767, 34.279106819 ], [ 133.802428784999989, 34.278220069 ], [ 133.80199980399999, 34.278065713 ], [ 133.800882186, 34.27768934 ], [ 133.79982425099999, 34.277338362 ], [ 133.79988343, 34.277246347 ], [ 133.799825792, 34.27722485 ], [ 133.799865653000012, 34.27719482 ], [ 133.799938938999986, 34.277096459 ], [ 133.800039706, 34.276968369 ], [ 133.800127398, 34.27682868 ], [ 133.800156928, 34.276764326 ], [ 133.800292531, 34.276537337 ], [ 133.800541149, 34.276145624 ], [ 133.801209926000013, 34.275071656 ], [ 133.800793341, 34.274876749 ], [ 133.80039453099999, 34.274704624 ], [ 133.79987819199999, 34.274480558 ], [ 133.799657539, 34.2743848 ], [ 133.799145376000013, 34.274164291 ], [ 133.798725518, 34.273974649 ], [ 133.798073132000013, 34.273695802 ], [ 133.797321638999989, 34.273363954 ], [ 133.79674540100001, 34.273106192 ], [ 133.796122212, 34.272821675 ], [ 133.796086018000011, 34.272788476 ], [ 133.796081614, 34.272786773 ], [ 133.795791657, 34.272674885 ], [ 133.795690398, 34.272634585 ], [ 133.795639553, 34.272613629 ], [ 133.795603406, 34.272593737 ], [ 133.795576621, 34.272577159 ], [ 133.79554710299999, 34.272542835 ], [ 133.795520212000014, 34.272492961 ], [ 133.795282281999988, 34.272388375 ], [ 133.795040207999989, 34.272257309 ], [ 133.79475767400001, 34.272083768 ], [ 133.794744232, 34.272062722 ], [ 133.79474685, 34.272047172 ], [ 133.794764109, 34.272013845 ], [ 133.79488634, 34.271814915 ], [ 133.794981409, 34.271650248 ], [ 133.79513168299999, 34.271384128 ], [ 133.79518224200001, 34.271292559 ], [ 133.79518505199999, 34.271282491 ], [ 133.795185726, 34.271270066 ], [ 133.79519135000001, 34.271251128 ], [ 133.795216728000014, 34.271172972 ], [ 133.795245498000014, 34.271055292 ], [ 133.795247507, 34.271018016 ], [ 133.795283395000013, 34.27089564 ], [ 133.79508729599999, 34.270836365 ], [ 133.795070917, 34.270838766 ], [ 133.795055251, 34.270839985 ], [ 133.795038874, 34.270840024 ], [ 133.794740087, 34.270750234 ], [ 133.794708539, 34.270691148 ], [ 133.794776576, 34.270591604 ], [ 133.794912391999986, 34.270393074 ], [ 133.794673014000011, 34.270279519 ], [ 133.79489510799999, 34.269971547 ], [ 133.79490369199999, 34.269960293 ], [ 133.794771394, 34.269887674 ], [ 133.794644463, 34.269846561 ], [ 133.79451893800001, 34.26980072 ], [ 133.794407637, 34.269751292 ], [ 133.793928644, 34.269529265 ], [ 133.794097744, 34.26927429 ], [ 133.794184711000014, 34.269138015 ], [ 133.794206558000013, 34.269149611 ], [ 133.79422296300001, 34.269151555 ], [ 133.794312413, 34.26904838 ], [ 133.794431968, 34.268889596 ], [ 133.794448507, 34.268867648 ], [ 133.794566704, 34.268705927 ], [ 133.79367071199999, 34.268269857 ], [ 133.793542878000011, 34.268205592 ], [ 133.793588228, 34.268136855 ], [ 133.79364199599999, 34.268031422 ], [ 133.793743788, 34.267836311 ], [ 133.793766422, 34.267790114 ], [ 133.793791827, 34.267722606 ], [ 133.793814282, 34.267672136 ], [ 133.793846835000011, 34.267611716 ], [ 133.79397156600001, 34.267430398 ], [ 133.794062243000013, 34.26728701 ], [ 133.79408116, 34.267318177 ], [ 133.794540297999987, 34.267536158 ], [ 133.79480573699999, 34.267670125 ], [ 133.795080622, 34.267803348 ], [ 133.795125832, 34.267844351 ], [ 133.79522274499999, 34.267888475 ], [ 133.795375858, 34.267948693 ], [ 133.795604098000013, 34.268065167 ], [ 133.795848525999986, 34.268183315 ], [ 133.795978588999986, 34.268238574 ], [ 133.796085162, 34.268092135 ], [ 133.796154229, 34.267999106 ], [ 133.79621712, 34.267910239 ], [ 133.79627509299999, 34.267812458 ], [ 133.796362968000011, 34.267664026 ], [ 133.796466642000013, 34.267499417 ], [ 133.796550161999988, 34.267378584 ], [ 133.796574349, 34.267339217 ], [ 133.79659856699999, 34.267308775 ], [ 133.796623619, 34.267268324 ], [ 133.796657399999987, 34.267208828 ], [ 133.79667940499999, 34.267166581 ], [ 133.796689867, 34.26714636 ], [ 133.796701047999989, 34.267114057 ], [ 133.796703412999989, 34.267107109 ], [ 133.79672128199999, 34.267031423 ], [ 133.79674529499999, 34.26694265 ], [ 133.79677409300001, 34.266824744 ], [ 133.796808516, 34.266700694 ], [ 133.796820281, 34.266661771 ], [ 133.796821612, 34.266657386 ], [ 133.796831314, 34.266637167 ], [ 133.796894183, 34.26654235 ], [ 133.796976410000013, 34.266425126 ], [ 133.797033012000014, 34.266339519 ], [ 133.79707435200001, 34.266267923 ], [ 133.796985385, 34.26622883 ], [ 133.796702168, 34.266103295 ], [ 133.796403069, 34.265969954 ], [ 133.79631094699999, 34.265928885 ], [ 133.796249831000011, 34.265904239 ], [ 133.796221585000012, 34.265900701 ], [ 133.795879657, 34.265816328 ], [ 133.795766877, 34.265777264 ], [ 133.795673937, 34.265741272 ], [ 133.79553678, 34.265678132 ], [ 133.795418982, 34.265622969 ], [ 133.795213284999988, 34.265610256 ], [ 133.795199243000013, 34.265619351 ], [ 133.795178181000011, 34.26563929 ], [ 133.79515570699999, 34.265659242 ], [ 133.79512144, 34.265691655 ], [ 133.794941722, 34.265950607 ], [ 133.79441333299999, 34.266727135 ], [ 133.794090573, 34.267214383 ], [ 133.793975192, 34.267246016 ], [ 133.793870206, 34.267371687 ], [ 133.79376559, 34.267500935 ], [ 133.793648456999989, 34.267634406 ], [ 133.79356197199999, 34.267718902 ], [ 133.7934069, 34.267847577 ], [ 133.793212579, 34.267988228 ], [ 133.793132644, 34.268032578 ], [ 133.79317369, 34.268053514 ], [ 133.79321883599999, 34.268076486 ], [ 133.793086606, 34.268244316 ], [ 133.792899842, 34.268532005 ], [ 133.792822306, 34.26865787 ], [ 133.79298176, 34.268730336 ], [ 133.793082575, 34.26877247 ], [ 133.793454993000012, 34.268934457 ], [ 133.793410908, 34.269004742 ], [ 133.793290461, 34.269188591 ], [ 133.793424206, 34.269268962 ], [ 133.79354334199999, 34.269332869 ], [ 133.793687672, 34.269402991 ], [ 133.793650404, 34.269453514 ], [ 133.793370247000013, 34.269891955 ], [ 133.793723933, 34.27004627 ], [ 133.793509476, 34.270400148 ], [ 133.793832611999989, 34.270572278 ], [ 133.793893672, 34.270577081 ], [ 133.794201574999988, 34.270740402 ], [ 133.79385563400001, 34.271230798 ], [ 133.79420475, 34.271405542 ], [ 133.79399928, 34.271717801 ], [ 133.793987413, 34.271718659 ], [ 133.794209532999986, 34.272323571 ], [ 133.795043109, 34.274673402 ], [ 133.795305829, 34.275374304 ], [ 133.79549535699999, 34.275858751 ], [ 133.795547024, 34.275881626 ], [ 133.79659486599999, 34.276352791 ], [ 133.79740917399999, 34.276701603 ], [ 133.79774391399999, 34.276859468 ], [ 133.798159551, 34.277043731 ], [ 133.79819093099999, 34.277056953 ], [ 133.79795102, 34.277442447 ], [ 133.797775183999988, 34.277744127 ], [ 133.797748360000014, 34.277757211 ], [ 133.797699109, 34.277761045 ], [ 133.797670016000012, 34.277764839 ], [ 133.797654352, 34.277770449 ], [ 133.797620902, 34.27780772 ], [ 133.797536132, 34.277955324 ], [ 133.797252581, 34.27782669 ], [ 133.797117586000013, 34.277951354 ], [ 133.79700027199999, 34.278122568 ], [ 133.79688438299999, 34.278279047 ], [ 133.796790871000013, 34.278433624 ], [ 133.796718164999987, 34.278537724 ], [ 133.796620058, 34.278655113 ], [ 133.79653081699999, 34.278752023 ], [ 133.796680087, 34.278806802 ], [ 133.796745824, 34.278972587 ], [ 133.796825516000013, 34.27916571 ], [ 133.79688972400001, 34.279399747 ], [ 133.79692356699999, 34.279579034 ], [ 133.796969323000013, 34.279890291 ], [ 133.796998674, 34.280116984 ], [ 133.797031335000014, 34.280657869 ], [ 133.797049679, 34.280827582 ], [ 133.797086019, 34.280737724 ], [ 133.79720813599999, 34.280427232 ], [ 133.797338639, 34.280126853 ], [ 133.797488119, 34.279731825 ], [ 133.797552157000013, 34.279562651 ], [ 133.797628081, 34.279363814 ], [ 133.797718933, 34.279163488 ], [ 133.797797132, 34.279025042 ], [ 133.79796446099999, 34.278746228 ], [ 133.79804301499999, 34.278631456 ], [ 133.798158505, 34.278476311 ], [ 133.798271209, 34.278328774 ], [ 133.798319416999988, 34.278260371 ], [ 133.79882860399999, 34.27744297 ], [ 133.799495881000013, 34.277701139 ], [ 133.79930145, 34.27800109 ], [ 133.799580053, 34.278090143 ], [ 133.80006355399999, 34.278248648 ], [ 133.801183329999986, 34.278622895 ], [ 133.801531286, 34.278739911 ], [ 133.80265068, 34.279116309 ], [ 133.80395270599999, 34.279539253 ], [ 133.804934382, 34.279867593 ], [ 133.806433744, 34.280389273 ], [ 133.807362942, 34.280689262 ], [ 133.80814728499999, 34.280970026 ], [ 133.808094054, 34.281115846 ], [ 133.80806979, 34.281178188 ], [ 133.808043989, 34.281239271 ], [ 133.80801209099999, 34.281307997 ], [ 133.807992358, 34.281356353 ], [ 133.807977254, 34.281411054 ], [ 133.807969732, 34.281447938 ], [ 133.807968339000013, 34.281486078 ], [ 133.807977703, 34.28154014 ], [ 133.807991722999986, 34.281604937 ], [ 133.80799650099999, 34.281658307 ], [ 133.807995186999989, 34.281718058 ], [ 133.807989346, 34.281793075 ], [ 133.807971417, 34.281889246 ], [ 133.80795181900001, 34.281974467 ], [ 133.807921502999989, 34.282057163 ], [ 133.80788654700001, 34.282124626 ], [ 133.807850011999989, 34.282181923 ], [ 133.80757907200001, 34.282523957 ], [ 133.80751515, 34.282624535 ], [ 133.8074588, 34.282704764 ], [ 133.807422473, 34.282780659 ], [ 133.807235601, 34.283171384 ], [ 133.807117183, 34.283399617 ], [ 133.807094519, 34.283451613 ], [ 133.807414996, 34.283650572 ], [ 133.807436518, 34.283675933 ], [ 133.807460521, 34.283714235 ], [ 133.8075462, 34.283846335 ], [ 133.80761911499999, 34.283939176 ], [ 133.807684048, 34.284008444 ], [ 133.807720442, 34.284037176 ], [ 133.807796359, 34.284089393 ], [ 133.808044617, 34.284239432 ], [ 133.808069929999988, 34.284259013 ], [ 133.808126931, 34.28431521 ], [ 133.808191889999989, 34.284388407 ], [ 133.808225133, 34.284419771 ], [ 133.808264681999987, 34.284447187 ], [ 133.808305802, 34.284473284 ], [ 133.808418004, 34.284524093 ], [ 133.808701049, 34.284643209 ], [ 133.808678947, 34.284810092 ], [ 133.808662728, 34.284948975 ], [ 133.808413331999986, 34.285005321 ], [ 133.80839457499999, 34.285053242 ], [ 133.80836689, 34.285226233 ], [ 133.808357781000012, 34.285337267 ], [ 133.808353433, 34.285443402 ], [ 133.808355578, 34.285578687 ], [ 133.808363848999988, 34.285761686 ], [ 133.808375942999987, 34.286000663 ], [ 133.808324446, 34.286036224 ], [ 133.808284289999989, 34.286074913 ], [ 133.808252407, 34.286118539 ], [ 133.808211725, 34.28619194 ], [ 133.808161617, 34.286271675 ], [ 133.80812415, 34.286332805 ], [ 133.808094812, 34.286389318 ], [ 133.808060737, 34.286484258 ], [ 133.807985048, 34.286486513 ], [ 133.80787566399999, 34.28669076 ], [ 133.80806547899999, 34.286757026 ], [ 133.807816516, 34.287219646 ], [ 133.807743863000013, 34.287351548 ], [ 133.807676442, 34.287449836 ], [ 133.80754632599999, 34.28770053 ], [ 133.807200591999987, 34.287576592 ], [ 133.806921203, 34.288083012 ], [ 133.807237316, 34.288197396 ], [ 133.80695522799999, 34.288747342 ], [ 133.80671523800001, 34.289219674 ], [ 133.806603069, 34.28945752 ], [ 133.805980691, 34.289511051 ], [ 133.805796617, 34.289525855 ], [ 133.805574130999986, 34.289551582 ], [ 133.80536837599999, 34.28956633 ], [ 133.805295897, 34.289567791 ], [ 133.805249005, 34.28956505 ], [ 133.80518555099999, 34.289556941 ], [ 133.805136502000011, 34.289546343 ], [ 133.805006789, 34.289508692 ], [ 133.804337213999986, 34.289315734 ], [ 133.803825668, 34.289168343 ], [ 133.803649489, 34.289113062 ], [ 133.803555254, 34.289084436 ], [ 133.802890674, 34.288877114 ], [ 133.80242676200001, 34.288699027 ], [ 133.802101281, 34.288575954 ], [ 133.80216637800001, 34.288463709 ], [ 133.802199788, 34.288414464 ], [ 133.802425384, 34.288032271 ], [ 133.80260508399999, 34.287725581 ], [ 133.80296912899999, 34.287069426 ], [ 133.803098669, 34.286709422 ], [ 133.803219661000014, 34.286473695 ], [ 133.803366745, 34.286196313 ], [ 133.803453595, 34.286032777 ], [ 133.803372263, 34.285990812 ], [ 133.803333196000011, 34.285970515 ], [ 133.803302781000014, 34.285949007 ], [ 133.803278156, 34.285927484 ], [ 133.80326470899999, 34.285897206 ], [ 133.803273577, 34.285859129 ], [ 133.80329498099999, 34.28578832 ], [ 133.803340874000014, 34.285698257 ], [ 133.803422575000013, 34.285576847 ], [ 133.803612702, 34.285227016 ], [ 133.803590078000013, 34.285157921 ], [ 133.803579074999988, 34.285136608 ], [ 133.803120216999986, 34.284917868 ], [ 133.802634293000011, 34.284692783 ], [ 133.802376806000012, 34.284574654 ], [ 133.802214154000012, 34.28449 ], [ 133.802173793, 34.284450935 ], [ 133.802155556, 34.284423473 ], [ 133.802133336, 34.284393803 ], [ 133.80209320099999, 34.284363294 ], [ 133.802044696, 34.284345923 ], [ 133.801861534000011, 34.284296643 ], [ 133.801159919000014, 34.284114872 ], [ 133.80110842, 34.284147356 ], [ 133.800885991, 34.284091058 ], [ 133.800819106, 34.28405167 ], [ 133.800751434, 34.28404438 ], [ 133.800673445, 34.284031454 ], [ 133.800642871, 34.284022784 ], [ 133.80061649000001, 34.284007981 ], [ 133.80058797699999, 34.283986188 ], [ 133.80055838199999, 34.283956536 ], [ 133.800542510000014, 34.283937335 ], [ 133.80052874399999, 34.283914631 ], [ 133.800512809, 34.28387794 ], [ 133.799763297, 34.283832596 ], [ 133.799401937999988, 34.283803746 ], [ 133.799310854, 34.28380386 ], [ 133.799268754, 34.283810085 ], [ 133.799245595, 34.283815388 ], [ 133.799211934999988, 34.283827714 ], [ 133.799184612, 34.283844397 ], [ 133.799148910000014, 34.283875083 ], [ 133.799100665999987, 34.283931171 ], [ 133.79906286, 34.283962737 ], [ 133.799040786, 34.28397416 ], [ 133.79901553, 34.283979469 ], [ 133.798983943, 34.283982169 ], [ 133.798957245999986, 34.283982343 ], [ 133.79879476, 34.283983397 ], [ 133.7985262, 34.28398755 ], [ 133.798489354999987, 34.283992887 ], [ 133.798452537, 34.284006094 ], [ 133.798414729, 34.284034171 ], [ 133.798373778000013, 34.284070118 ], [ 133.79834650699999, 34.284101667 ], [ 133.798324494000013, 34.284133204 ], [ 133.79811562899999, 34.284525086 ], [ 133.797975336, 34.28480093 ], [ 133.797960276999987, 34.28481193 ], [ 133.797945201, 34.284818242 ], [ 133.797907485, 34.284826168 ], [ 133.797875405000013, 34.284830952 ], [ 133.797847139, 34.284841984 ], [ 133.797809461000014, 34.28486402 ], [ 133.797775621, 34.284896216 ], [ 133.79769717100001, 34.285042101 ], [ 133.797398221, 34.285618122 ], [ 133.797375791, 34.285787583 ], [ 133.796921542, 34.286619576 ], [ 133.79696077599999, 34.287045781 ], [ 133.798327949999987, 34.287588751 ], [ 133.799632734, 34.288081605 ], [ 133.80057388099999, 34.288434854 ], [ 133.800330535, 34.288895686 ], [ 133.799693413, 34.290049621 ], [ 133.79999645800001, 34.29015842 ], [ 133.799748915, 34.290626664 ], [ 133.800053235, 34.290742041 ], [ 133.800701311000012, 34.290991694 ], [ 133.800867184, 34.291056435 ], [ 133.801533796, 34.291309446 ], [ 133.801626102, 34.291344705 ], [ 133.801827741000011, 34.291422951 ], [ 133.801934157, 34.291461205 ], [ 133.802086414, 34.291129339 ], [ 133.80231802599999, 34.29063539 ], [ 133.802466138999989, 34.290315056 ], [ 133.802605266, 34.290036775 ], [ 133.802709214, 34.289859647 ], [ 133.802812077, 34.2897375 ], [ 133.80286310299999, 34.289699688 ], [ 133.802963283999986, 34.289647781 ], [ 133.803087576, 34.289594731 ], [ 133.803134191999987, 34.289563124 ], [ 133.803242047, 34.289479119 ], [ 133.803329268, 34.289505409 ], [ 133.803499539, 34.289554998 ], [ 133.803925357, 34.289670913 ], [ 133.80394229800001, 34.289675883 ], [ 133.80365181799999, 34.289881099 ], [ 133.803939645000014, 34.289955603 ], [ 133.804276318, 34.290047323 ], [ 133.804512398000014, 34.290115842 ], [ 133.804796517, 34.290197693 ], [ 133.804903187, 34.290224998 ], [ 133.805000452, 34.290246907 ], [ 133.805095802000011, 34.290264864 ], [ 133.805200638, 34.290271725 ], [ 133.8053391, 34.290271461 ], [ 133.80552772499999, 34.290262282 ], [ 133.805815198, 34.290241027 ], [ 133.80611917600001, 34.290218306 ], [ 133.806275206, 34.290204104 ], [ 133.806151832000012, 34.290425983 ], [ 133.80599013299999, 34.290680522 ], [ 133.805876254999987, 34.290819622 ], [ 133.805774324999987, 34.290925487 ], [ 133.804890867000012, 34.291610937 ], [ 133.804386985, 34.292008693 ], [ 133.803792793000014, 34.291810676 ], [ 133.803179183, 34.29160716 ], [ 133.80258939399999, 34.291426978 ], [ 133.802527391000012, 34.291590668 ], [ 133.80255866600001, 34.291603411 ], [ 133.802997467000012, 34.291771606 ], [ 133.804034433999988, 34.292173285 ], [ 133.804378453, 34.292311544 ], [ 133.80443281699999, 34.292334489 ], [ 133.804508410000011, 34.292370571 ], [ 133.80475777800001, 34.292504061 ], [ 133.80490439, 34.292581862 ], [ 133.804969054, 34.292533287 ] ] ] } },
{ "type": "Feature", "properties": { "A29_001": "37202", "A29_002": "香川県", "A29_003": "丸亀市", "A29_004": 3, "A29_005": "第一種中高層住居専用地域", "A29_006": 60, "A29_007": 200, "A29_008": null }, "geometry": { "type": "Polygon", "coordinates": [ [ [ 133.80365181799999, 34.289881099 ], [ 133.803251405, 34.290163985 ], [ 133.80258939399999, 34.291426978 ], [ 133.803179183, 34.29160716 ], [ 133.803792793000014, 34.291810676 ], [ 133.804386985, 34.292008693 ], [ 133.804890867000012, 34.291610937 ], [ 133.805774324999987, 34.290925487 ], [ 133.805876254999987, 34.290819622 ], [ 133.80599013299999, 34.290680522 ], [ 133.806151832000012, 34.290425983 ], [ 133.806275206, 34.290204104 ], [ 133.80611917600001, 34.290218306 ], [ 133.805815198, 34.290241027 ], [ 133.80552772499999, 34.290262282 ], [ 133.8053391, 34.290271461 ], [ 133.805200638, 34.290271725 ], [ 133.805095802000011, 34.290264864 ], [ 133.805000452, 34.290246907 ], [ 133.804903187, 34.290224998 ], [ 133.804796517, 34.290197693 ], [ 133.804512398000014, 34.290115842 ], [ 133.804276318, 34.290047323 ], [ 133.803939645000014, 34.289955603 ], [ 133.80365181799999, 34.289881099 ] ] ] } },
{ "type": "Feature", "properties": { "A29_001": "37202", "A29_002": "香川県", "A29_003": "丸亀市", "A29_004": 3, "A29_005": "第一種中高層住居専用地域", "A29_006": 60, "A29_007": 200, "A29_008": null }, "geometry": { "type": "Polygon", "coordinates": [ [ [ 133.811280814000014, 34.288672193 ], [ 133.811029617, 34.288707983 ], [ 133.81091444, 34.288747981 ], [ 133.81081814800001, 34.288786785 ], [ 133.810556835, 34.288709705 ], [ 133.810380546, 34.28865182 ], [ 133.810187066, 34.288586134 ], [ 133.810173549000012, 34.288581958 ], [ 133.810221043000013, 34.288494647 ], [ 133.810265707000013, 34.288402672 ], [ 133.810267538, 34.288389433 ], [ 133.810264706999988, 34.28838477 ], [ 133.810257185000012, 34.288380118 ], [ 133.81017555299999, 34.288361635 ], [ 133.809560554, 34.288241893 ], [ 133.809463604, 34.288314471 ], [ 133.809191644, 34.288538514 ], [ 133.808916063999988, 34.288750637 ], [ 133.808907659, 34.288759998 ], [ 133.80890021799999, 34.288777931 ], [ 133.808894673999987, 34.288800521 ], [ 133.80889288899999, 34.288823101 ], [ 133.808890440999988, 34.288866689 ], [ 133.80888693599999, 34.288891329 ], [ 133.80887809, 34.288928676 ], [ 133.808849697, 34.289027119 ], [ 133.80882661699999, 34.289104802 ], [ 133.808797193, 34.289170565 ], [ 133.80874998199999, 34.289267522 ], [ 133.80871605199999, 34.289331052 ], [ 133.808664225, 34.289416273 ], [ 133.808628613, 34.289468248 ], [ 133.80858297899999, 34.289527326 ], [ 133.808517841999986, 34.289608803 ], [ 133.80839677099999, 34.289736788 ], [ 133.808260165, 34.289894015 ], [ 133.808089997, 34.29008784 ], [ 133.80803516200001, 34.290141089 ], [ 133.80797884899999, 34.290199896 ], [ 133.807898857999987, 34.290292112 ], [ 133.80785367499999, 34.29034101 ], [ 133.80771655, 34.290472885 ], [ 133.807664667000012, 34.290519329 ], [ 133.807610546, 34.290568862 ], [ 133.807559394, 34.290613456 ], [ 133.80747709, 34.290682209 ], [ 133.807441501999989, 34.29071132 ], [ 133.80738586199999, 34.290752211 ], [ 133.807220438, 34.290871814 ], [ 133.807034235, 34.291000719 ], [ 133.806839875, 34.291138912 ], [ 133.806787221, 34.291179804 ], [ 133.806727889, 34.291227502 ], [ 133.806561843999987, 34.29137674 ], [ 133.806498088000012, 34.291435565 ], [ 133.806461788, 34.291475172 ], [ 133.80643959, 34.291506728 ], [ 133.80642406699999, 34.291533318 ], [ 133.806390604, 34.291603409 ], [ 133.806406693000014, 34.291606903 ], [ 133.806418537000013, 34.291607956 ], [ 133.806429613, 34.291606846 ], [ 133.80657260800001, 34.291559156 ], [ 133.806732969, 34.291507365 ], [ 133.807184866999989, 34.291362431 ], [ 133.807194632, 34.291359161 ], [ 133.80735491199999, 34.291315484 ], [ 133.807505561, 34.291281657 ], [ 133.807773655, 34.291223824 ], [ 133.808006248999988, 34.29117185 ], [ 133.808232352, 34.29112403 ], [ 133.808557019, 34.291081651 ], [ 133.80875713099999, 34.291032146 ], [ 133.80901438, 34.290955774 ], [ 133.809185864, 34.290901887 ], [ 133.809339606, 34.290852922 ], [ 133.809428692000012, 34.29081521 ], [ 133.80953679000001, 34.290760392 ], [ 133.809682564000013, 34.290671489 ], [ 133.80982289100001, 34.290578182 ], [ 133.80994135899999, 34.290478168 ], [ 133.81009751900001, 34.290348668 ], [ 133.810213237999989, 34.290239735 ], [ 133.810301976, 34.290148992 ], [ 133.810379527, 34.290029067 ], [ 133.81048076499999, 34.289881493 ], [ 133.810512456, 34.289785576 ], [ 133.810588741, 34.289705683 ], [ 133.81061761699999, 34.28967126 ], [ 133.81068736200001, 34.289585163 ], [ 133.810735233, 34.289487942 ], [ 133.81085829599999, 34.289309028 ], [ 133.810984174, 34.289127943 ], [ 133.81103019, 34.289058225 ], [ 133.811109800999986, 34.288937753 ], [ 133.811256893, 34.288706847 ], [ 133.811280814000014, 34.288672193 ] ] ] } },
{ "type": "Feature", "properties": { "A29_001": "37202", "A29_002": "香川県", "A29_003": "丸亀市", "A29_004": 8, "A29_005": "近隣商業地域", "A29_006": 80, "A29_007": 200, "A29_008": null }, "geometry": { "type": "Polygon", "coordinates": [ [ [ 133.80220955499999, 34.291461229 ], [ 133.802527391000012, 34.291590668 ], [ 133.80258939399999, 34.291426978 ], [ 133.803251405, 34.290163985 ], [ 133.80365181799999, 34.289881099 ], [ 133.80394229800001, 34.289675883 ], [ 133.803925357, 34.289670913 ], [ 133.803499539, 34.289554998 ], [ 133.803329268, 34.289505409 ], [ 133.803242047, 34.289479119 ], [ 133.803134191999987, 34.289563124 ], [ 133.803087576, 34.289594731 ], [ 133.802963283999986, 34.289647781 ], [ 133.80286310299999, 34.289699688 ], [ 133.802812077, 34.2897375 ], [ 133.802709214, 34.289859647 ], [ 133.802605266, 34.290036775 ], [ 133.802466138999989, 34.290315056 ], [ 133.80231802599999, 34.29063539 ], [ 133.802086414, 34.291129339 ], [ 133.801934157, 34.291461205 ], [ 133.802166903999989, 34.291544865 ], [ 133.80220955499999, 34.291461229 ] ] ] } },
{ "type": "Feature", "properties": { "A29_001": "37202", "A29_002": "香川県", "A29_003": "丸亀市", "A29_004": 10, "A29_005": "準工業地域", "A29_006": 60, "A29_007": 200, "A29_008": null }, "geometry": { "type": "Polygon", "coordinates": [ [ [ 133.78490116899999, 34.289498434 ], [ 133.78479477499999, 34.289756631 ], [ 133.784555203999986, 34.290287764 ], [ 133.784197984, 34.291075397 ], [ 133.784129637, 34.291223684 ], [ 133.784547744, 34.291361556 ], [ 133.785032761999986, 34.291523704 ], [ 133.785121231, 34.291537743 ], [ 133.785761204000011, 34.291523089 ], [ 133.7862867, 34.291512667 ], [ 133.78635559899999, 34.291489425 ], [ 133.78665953, 34.291200662 ], [ 133.78673242, 34.291169387 ], [ 133.787228492999986, 34.291131891 ], [ 133.787382535, 34.290656671 ], [ 133.787457002, 34.290450757 ], [ 133.787475046999987, 34.290454772 ], [ 133.787494263000013, 34.29038792 ], [ 133.787569945, 34.290156218 ], [ 133.78760842599999, 34.29003694 ], [ 133.787339965, 34.28995796 ], [ 133.78674433099999, 34.289783278 ], [ 133.786740912, 34.289800146 ], [ 133.78620284199999, 34.289654988 ], [ 133.785574723, 34.289698404 ], [ 133.78490116899999, 34.289498434 ] ] ] } },
{ "type": "Feature", "properties": { "A29_001": "37202", "A29_002": "香川県", "A29_003": "丸亀市", "A29_004": 10, "A29_005": "準工業地域", "A29_006": 60, "A29_007": 200, "A29_008": null }, "geometry": { "type": "Polygon", "coordinates": [ [ [ 133.780364666999986, 34.291389393 ], [ 133.779440359, 34.289978007 ], [ 133.77932711, 34.289804622 ], [ 133.779032043, 34.289350621 ], [ 133.77867057899999, 34.28879784 ], [ 133.778481218, 34.288508171 ], [ 133.778389960999988, 34.288365335 ], [ 133.778138305999988, 34.288002806 ], [ 133.77803928599999, 34.287867352 ], [ 133.77794955499999, 34.287768437 ], [ 133.77776183200001, 34.287588953 ], [ 133.777668041, 34.287513803 ], [ 133.777591480000012, 34.28745624 ], [ 133.777404388, 34.287329541 ], [ 133.777147461, 34.287188386 ], [ 133.776980798000011, 34.287113256 ], [ 133.77670362, 34.287013465 ], [ 133.776613486, 34.286979985 ], [ 133.777140787, 34.286005588 ], [ 133.777345714, 34.2856307 ], [ 133.77748663, 34.285371377 ], [ 133.777496606999989, 34.285353268 ], [ 133.77759811300001, 34.285056826 ], [ 133.777618574, 34.284960383 ], [ 133.777655621, 34.284758157 ], [ 133.777727569, 34.284249613 ], [ 133.777765855000013, 34.28398193 ], [ 133.777782284000011, 34.283805409 ], [ 133.777626096, 34.283729895 ], [ 133.777207414, 34.283531225 ], [ 133.77676563, 34.283315467 ], [ 133.77665131, 34.283258475 ], [ 133.776000133, 34.282933826 ], [ 133.776006577, 34.283007894 ], [ 133.776009184, 34.283007888 ], [ 133.776017732000014, 34.283064307 ], [ 133.77602142500001, 34.283097747 ], [ 133.776023667, 34.283119019 ], [ 133.776019214, 34.283119029 ], [ 133.776022893, 34.283147962 ], [ 133.776028722, 34.283170308 ], [ 133.77603845499999, 34.283190481 ], [ 133.776052308, 34.283208481 ], [ 133.77607182599999, 34.283231518 ], [ 133.776119254, 34.283286768 ], [ 133.776136162, 34.283309179 ], [ 133.77618017, 34.283381296 ], [ 133.776292512, 34.283557481 ], [ 133.776294681, 34.283556394 ], [ 133.776340006999988, 34.283633016 ], [ 133.776356942, 34.283663361 ], [ 133.776393917, 34.283743698 ], [ 133.776419299999986, 34.28380008 ], [ 133.77644981899999, 34.283865736 ], [ 133.776486333, 34.283937869 ], [ 133.77650996599999, 34.283990288 ], [ 133.77652332299999, 34.284022534 ], [ 133.776538026, 34.28406803 ], [ 133.776573367, 34.284179836 ], [ 133.776602327, 34.284266953 ], [ 133.776644780999987, 34.284394971 ], [ 133.77668407499999, 34.284520021 ], [ 133.776701083, 34.284572545 ], [ 133.77673543, 34.284679124 ], [ 133.776766984, 34.28472927 ], [ 133.77695138499999, 34.284941743 ], [ 133.77700780399999, 34.284965714 ], [ 133.777057162, 34.284979613 ], [ 133.777122862, 34.284998713 ], [ 133.777083137, 34.285143208 ], [ 133.777055929999989, 34.285206804 ], [ 133.77667370399999, 34.285905884 ], [ 133.776310609, 34.286574608 ], [ 133.775900807, 34.287344981 ], [ 133.776647499, 34.287624273 ], [ 133.776768817, 34.28767694 ], [ 133.776919695, 34.287760959 ], [ 133.77710713799999, 34.287882302 ], [ 133.777241377, 34.287986122 ], [ 133.777337284, 34.288067092 ], [ 133.777431148, 34.288171002 ], [ 133.777516115, 34.288277772 ], [ 133.777592997999989, 34.288387013 ], [ 133.778182011000013, 34.289270637 ], [ 133.778775294000013, 34.290173631 ], [ 133.77910427099999, 34.290675853 ], [ 133.77923662, 34.290846733 ], [ 133.77930914, 34.290925978 ], [ 133.779361739, 34.290976329 ], [ 133.779929079, 34.291193143 ], [ 133.780364666999986, 34.291389393 ] ] ] } },
{ "type": "Feature", "properties": { "A29_001": "37202", "A29_002": "香川県", "A29_003": "丸亀市", "A29_004": 7, "A29_005": "準住居地域", "A29_006": 60, "A29_007": 200, "A29_008": null }, "geometry": { "type": "Polygon", "coordinates": [ [ [ 133.81572085, 34.29089486 ], [ 133.815754793, 34.290830419 ], [ 133.815866572, 34.290616674 ], [ 133.816102882, 34.290154765 ], [ 133.816130371000014, 34.290104468 ], [ 133.81626811699999, 34.289837823 ], [ 133.816417636000011, 34.289556462 ], [ 133.816650597, 34.289135772 ], [ 133.81694681, 34.288591835 ], [ 133.817172219000014, 34.288191981 ], [ 133.817241676, 34.288066022 ], [ 133.81742010100001, 34.287737604 ], [ 133.81753450799999, 34.287531883 ], [ 133.817785496999988, 34.287073008 ], [ 133.817816181000012, 34.287017671 ], [ 133.81812055099999, 34.286460285 ], [ 133.818259743, 34.286211729 ], [ 133.818420841, 34.285919219 ], [ 133.818557467, 34.28568486 ], [ 133.81881070099999, 34.285331479 ], [ 133.81883827499999, 34.285293 ], [ 133.818967003000012, 34.285127722 ], [ 133.819106440000013, 34.284988029 ], [ 133.81932248199999, 34.28478766 ], [ 133.819410323999989, 34.284708299 ], [ 133.81950774, 34.284638805 ], [ 133.819590301, 34.284587497 ], [ 133.819531246999986, 34.284564634 ], [ 133.819530656000012, 34.284552013 ], [ 133.819544157, 34.284532053 ], [ 133.819575197, 34.284468231 ], [ 133.81959007099999, 34.284437809 ], [ 133.81961665099999, 34.28437518 ], [ 133.81959410499999, 34.284364248 ], [ 133.819565476, 34.284353414 ], [ 133.819534553000011, 34.284347842 ], [ 133.819500917999989, 34.284342971 ], [ 133.81946094, 34.284346618 ], [ 133.819326536, 34.284366235 ], [ 133.819239339, 34.284377777 ], [ 133.819126661000013, 34.284378071 ], [ 133.818995554999987, 34.284364978 ], [ 133.81888718, 34.284285111 ], [ 133.818830526, 34.284239097 ], [ 133.818773247, 34.284200118 ], [ 133.818794137999987, 34.284175334 ], [ 133.81877624, 34.284161622 ], [ 133.818520462, 34.284398283 ], [ 133.81831455, 34.284617955 ], [ 133.81809712, 34.284883015 ], [ 133.818024193000014, 34.28497759 ], [ 133.817834248, 34.285232804 ], [ 133.817646195, 34.285546643 ], [ 133.817635884999987, 34.285566135 ], [ 133.817510739999989, 34.285781079 ], [ 133.817163727, 34.286446203 ], [ 133.816884023, 34.286967316 ], [ 133.816701552000012, 34.287268481 ], [ 133.816540425, 34.287552307 ], [ 133.816220824999988, 34.288136604 ], [ 133.815996275, 34.288546236 ], [ 133.815816382, 34.288876027 ], [ 133.81561910799999, 34.289220422 ], [ 133.81548830599999, 34.289470666 ], [ 133.81538133699999, 34.289674959 ], [ 133.81532076, 34.289794988 ], [ 133.815192392, 34.290039987 ], [ 133.81484441, 34.290711238 ], [ 133.814817032, 34.290765367 ], [ 133.815125262, 34.290854705 ], [ 133.81572085, 34.29089486 ] ] ] } },
{ "type": "Feature", "properties": { "A29_001": "37202", "A29_002": "香川県", "A29_003": "丸亀市", "A29_004": 1, "A29_005": "第一種低層住居専用地域", "A29_006": 50, "A29_007": 80, "A29_008": null }, "geometry": { "type": "Polygon", "coordinates": [ [ [ 133.814817032, 34.290765367 ], [ 133.81484441, 34.290711238 ], [ 133.815192392, 34.290039987 ], [ 133.81532076, 34.289794988 ], [ 133.81538133699999, 34.289674959 ], [ 133.81548830599999, 34.289470666 ], [ 133.81561910799999, 34.289220422 ], [ 133.815816382, 34.288876027 ], [ 133.815996275, 34.288546236 ], [ 133.816220824999988, 34.288136604 ], [ 133.816540425, 34.287552307 ], [ 133.816701552000012, 34.287268481 ], [ 133.816884023, 34.286967316 ], [ 133.817163727, 34.286446203 ], [ 133.817510739999989, 34.285781079 ], [ 133.817635884999987, 34.285566135 ], [ 133.817646195, 34.285546643 ], [ 133.817834248, 34.285232804 ], [ 133.818024193000014, 34.28497759 ], [ 133.81809712, 34.284883015 ], [ 133.81831455, 34.284617955 ], [ 133.818520462, 34.284398283 ], [ 133.81877624, 34.284161622 ], [ 133.818755121, 34.284146161 ], [ 133.818776952, 34.284059553 ], [ 133.818822899, 34.283893291 ], [ 133.819066408999987, 34.283954767 ], [ 133.819224717, 34.283641743 ], [ 133.81927044599999, 34.283653885 ], [ 133.819422336, 34.283355699 ], [ 133.819030717, 34.282905544 ], [ 133.818441218, 34.283252886 ], [ 133.818045422000012, 34.283453883 ], [ 133.817865286, 34.283555326 ], [ 133.817798417, 34.283594448 ], [ 133.817326009999988, 34.283844326 ], [ 133.817305299999987, 34.283853666 ], [ 133.817129603000012, 34.283952032 ], [ 133.816957006, 34.284065897 ], [ 133.816579652, 34.284320846 ], [ 133.81645765499999, 34.284344241 ], [ 133.816376706, 34.284394398 ], [ 133.816290122, 34.284476754 ], [ 133.816252674, 34.284512373 ], [ 133.816169425999988, 34.284621516 ], [ 133.816138365, 34.284645741 ], [ 133.81605896799999, 34.284704097 ], [ 133.815932129, 34.284797917 ], [ 133.815850278, 34.284868451 ], [ 133.815623867, 34.285057554 ], [ 133.815515086, 34.285159081 ], [ 133.815445369, 34.285221559 ], [ 133.815323826999986, 34.285337904 ], [ 133.815210952, 34.285448728 ], [ 133.815093353, 34.285574349 ], [ 133.81501211, 34.285662371 ], [ 133.814887391000013, 34.285801264 ], [ 133.814729029, 34.285976937 ], [ 133.81460321599999, 34.286114029 ], [ 133.814439558, 34.286297108 ], [ 133.814343301, 34.286408158 ], [ 133.814204297, 34.286561692 ], [ 133.814122088, 34.286653593 ], [ 133.814086392, 34.286693354 ], [ 133.813971853, 34.286824826 ], [ 133.813885887999987, 34.286929178 ], [ 133.81343700299999, 34.287495795 ], [ 133.81324863399999, 34.287782797 ], [ 133.813160815, 34.287917698 ], [ 133.813125316, 34.288245457 ], [ 133.813114745, 34.288274055 ], [ 133.813071259, 34.288407365 ], [ 133.813067791, 34.288433051 ], [ 133.81307025000001, 34.288454772 ], [ 133.813078710000013, 34.288492274 ], [ 133.813100394, 34.288566283 ], [ 133.813138758, 34.288662707 ], [ 133.813177526, 34.288856095 ], [ 133.813189856, 34.288973584 ], [ 133.81319248, 34.289060128 ], [ 133.813180832, 34.289067911 ], [ 133.813152941, 34.289100935 ], [ 133.813120451, 34.289153346 ], [ 133.81303247299999, 34.289351286 ], [ 133.813002465000011, 34.289440528 ], [ 133.812986411999987, 34.289520043 ], [ 133.812979563999988, 34.289562705 ], [ 133.81298199299999, 34.289587897 ], [ 133.813022007, 34.289675022 ], [ 133.813052414, 34.289734539 ], [ 133.813059535, 34.289765535 ], [ 133.813061964000013, 34.289790728 ], [ 133.81305286, 34.289854717 ], [ 133.813050718, 34.289907059 ], [ 133.813050776000011, 34.289922566 ], [ 133.81306251, 34.289938043 ], [ 133.813081247000014, 34.289955441 ], [ 133.813109325999989, 34.289972815 ], [ 133.813237912, 34.290024822 ], [ 133.813268326000014, 34.29004219 ], [ 133.81328706299999, 34.290059588 ], [ 133.813322292, 34.290115711 ], [ 133.813378715, 34.290222177 ], [ 133.81340640499999, 34.290219853 ], [ 133.813682594, 34.290412984 ], [ 133.81378303, 34.290428234 ], [ 133.814161265, 34.290537618 ], [ 133.814581620000013, 34.290695315 ], [ 133.814817032, 34.290765367 ] ] ] } },
{ "type": "Feature", "properties": { "A29_001": "37202", "A29_002": "香川県", "A29_003": "丸亀市", "A29_004": 10, "A29_005": "準工業地域", "A29_006": 60, "A29_007": 200, "A29_008": null }, "geometry": { "type": "Polygon", "coordinates": [ [ [ 133.788366792, 34.288338421 ], [ 133.788336041, 34.288366775 ], [ 133.788178665, 34.288499136 ], [ 133.788084413, 34.288572025 ], [ 133.787945347, 34.288626807 ], [ 133.787881921, 34.288651812 ], [ 133.78797336400001, 34.288815891 ], [ 133.788086832, 34.289026232 ], [ 133.78814913799999, 34.289140856 ], [ 133.788204232, 34.289242785 ], [ 133.788265214, 34.289351191 ], [ 133.788277598, 34.289383438 ], [ 133.788326775, 34.289533705 ], [ 133.788336109999989, 34.289563706 ], [ 133.78835376, 34.289674558 ], [ 133.788369913, 34.289728795 ], [ 133.78841007599999, 34.289847978 ], [ 133.788447031, 34.289918304 ], [ 133.78846380499999, 34.289931518 ], [ 133.78869387, 34.29012211 ], [ 133.788829047, 34.290231784 ], [ 133.789307769, 34.29064839 ], [ 133.789727727000013, 34.289703233 ], [ 133.789865881999987, 34.289402068 ], [ 133.789672978999988, 34.289284941 ], [ 133.78928492599999, 34.289041513 ], [ 133.788983624, 34.288840371 ], [ 133.788757331999989, 34.28866269 ], [ 133.788366792, 34.288338421 ] ] ] } },
{ "type": "Feature", "properties": { "A29_001": "37202", "A29_002": "香川県", "A29_003": "丸亀市", "A29_004": 8, "A29_005": "近隣商業地域", "A29_006": 80, "A29_007": 200, "A29_008": null }, "geometry": { "type": "Polygon", "coordinates": [ [ [ 133.79176179800001, 34.289172382 ], [ 133.79232773699999, 34.289484132 ], [ 133.792767024, 34.289729619 ], [ 133.792794601, 34.28972573 ], [ 133.793011694, 34.289377799 ], [ 133.793382767999987, 34.28875798 ], [ 133.793488989, 34.288576698 ], [ 133.79378427, 34.288081378 ], [ 133.794062273, 34.287625326 ], [ 133.79407479599999, 34.287593831 ], [ 133.79407670399999, 34.2875741 ], [ 133.79406873100001, 34.287558503 ], [ 133.794003285, 34.2875266 ], [ 133.794213262, 34.287097181 ], [ 133.794356005, 34.286840376 ], [ 133.793992663000012, 34.286600492 ], [ 133.793983242, 34.286593266 ], [ 133.794127207, 34.286297402 ], [ 133.79410071800001, 34.286260979 ], [ 133.794260879, 34.286015375 ], [ 133.79440524, 34.285808712 ], [ 133.794270270999988, 34.285743366 ], [ 133.794183701, 34.285696142 ], [ 133.793982718, 34.285600552 ], [ 133.793946005, 34.285572664 ], [ 133.793926879999987, 34.285548395 ], [ 133.793866525, 34.28543092 ], [ 133.793856276000014, 34.285432162 ], [ 133.793823495, 34.285272932 ], [ 133.793767373, 34.285129752 ], [ 133.793708003, 34.284904906 ], [ 133.79362331499999, 34.284536645 ], [ 133.793580644, 34.284363158 ], [ 133.793510921, 34.284106123 ], [ 133.793501856, 34.284063798 ], [ 133.793495245, 34.283996078 ], [ 133.793507938, 34.28398229 ], [ 133.793659018999989, 34.284059464 ], [ 133.793652952, 34.284020088 ], [ 133.79411461699999, 34.28333199 ], [ 133.79418375, 34.283235058 ], [ 133.794029244, 34.283144324 ], [ 133.794015816000012, 34.283118499 ], [ 133.79403643500001, 34.283079051 ], [ 133.794127814, 34.282960969 ], [ 133.794183916, 34.282893117 ], [ 133.79425480899999, 34.282815384 ], [ 133.794362565, 34.282709424 ], [ 133.794461598999987, 34.282621779 ], [ 133.79451612299999, 34.282587523 ], [ 133.79461527399999, 34.282536806 ], [ 133.794671521, 34.282510813 ], [ 133.79472037799999, 34.28248977 ], [ 133.794751453, 34.282471231 ], [ 133.794776587, 34.282452697 ], [ 133.794803183, 34.282426785 ], [ 133.79484008899999, 34.282379905 ], [ 133.794912211, 34.282271794 ], [ 133.79495640499999, 34.282190429 ], [ 133.794621869, 34.2820426 ], [ 133.794715497999988, 34.281577099 ], [ 133.79474814400001, 34.28134289 ], [ 133.794764038000011, 34.281178945 ], [ 133.794760443, 34.281063976 ], [ 133.794727561, 34.28070155 ], [ 133.794699742, 34.280408109 ], [ 133.79469708, 34.280339163 ], [ 133.794705709, 34.280216257 ], [ 133.794718036, 34.280169571 ], [ 133.794736597999986, 34.280122861 ], [ 133.794802721, 34.279986176 ], [ 133.79495370399999, 34.279719676 ], [ 133.79525005799999, 34.279144731 ], [ 133.795267, 34.279150776 ], [ 133.79530659, 34.27917285 ], [ 133.79534143, 34.279212661 ], [ 133.795365594, 34.279255824 ], [ 133.795383140000013, 34.279310075 ], [ 133.795392693999986, 34.279370998 ], [ 133.795425869000013, 34.279319943 ], [ 133.795449835, 34.27930327 ], [ 133.79547250499999, 34.279300997 ], [ 133.795503214, 34.279305359 ], [ 133.795559671, 34.2793275 ], [ 133.79583456, 34.279419799 ], [ 133.796009263, 34.279485931 ], [ 133.79597097300001, 34.279335857 ], [ 133.795913976, 34.279178156 ], [ 133.79563034, 34.278482689 ], [ 133.795415143000014, 34.277973664 ], [ 133.79540262, 34.278026472 ], [ 133.795385339, 34.278088254 ], [ 133.795315245000012, 34.278281252 ], [ 133.79527273299999, 34.278383043 ], [ 133.795237144999987, 34.278461584 ], [ 133.79516260299999, 34.278597144 ], [ 133.794931635000012, 34.279010712 ], [ 133.79476169599999, 34.278939933 ], [ 133.794732646, 34.278981214 ], [ 133.794665229, 34.279077051 ], [ 133.79458254299999, 34.279194923 ], [ 133.79435655899999, 34.27953784 ], [ 133.794274779, 34.279666601 ], [ 133.794215748999989, 34.279772498 ], [ 133.79416614499999, 34.279846708 ], [ 133.794088802, 34.279958662 ], [ 133.794047011, 34.280015417 ], [ 133.793995725, 34.280074864 ], [ 133.793957412999987, 34.280126526 ], [ 133.79392263, 34.280183995 ], [ 133.793859975, 34.280278576 ], [ 133.793833038, 34.280328038 ], [ 133.79381567199999, 34.280365847 ], [ 133.793806171999989, 34.280391736 ], [ 133.79403840099999, 34.280515389 ], [ 133.794033842, 34.280522513 ], [ 133.793902798, 34.280723969 ], [ 133.793836125000013, 34.280824961 ], [ 133.793890449, 34.280827049 ], [ 133.79396822199999, 34.280829026 ], [ 133.79399125099999, 34.280830053 ], [ 133.794012009999989, 34.28083406 ], [ 133.794028859, 34.280838077 ], [ 133.794050492999986, 34.280843885 ], [ 133.794136751999986, 34.280881094 ], [ 133.794207559, 34.280909864 ], [ 133.794240405000011, 34.280923038 ], [ 133.794259879, 34.280932188 ], [ 133.794251702, 34.280948192 ], [ 133.794233917000014, 34.280980944 ], [ 133.794216124, 34.28101146 ], [ 133.794198343, 34.281048675 ], [ 133.79417165800001, 34.281095567 ], [ 133.794166201, 34.281103622 ], [ 133.794160105, 34.281121605 ], [ 133.794154012, 34.281168456 ], [ 133.794153219, 34.281199671 ], [ 133.79414971599999, 34.281222724 ], [ 133.794144397, 34.281236116 ], [ 133.79412922899999, 34.28125028 ], [ 133.794116745, 34.281264428 ], [ 133.794107865, 34.281284519 ], [ 133.79409464, 34.281341792 ], [ 133.79409471, 34.281361861 ], [ 133.794108208000011, 34.281386189 ], [ 133.794111828000013, 34.281399559 ], [ 133.794107496, 34.281440447 ], [ 133.794089101999987, 34.281547968 ], [ 133.793922415, 34.281523349 ], [ 133.793843855, 34.281766702 ], [ 133.79379778, 34.281903581 ], [ 133.793788861, 34.281912519 ], [ 133.793769203000011, 34.281922231 ], [ 133.793718221, 34.281934985 ], [ 133.793702163, 34.281949151 ], [ 133.79363366199999, 34.282071217 ], [ 133.793561802, 34.282208537 ], [ 133.793548453, 34.282230125 ], [ 133.793527961, 34.28225916 ], [ 133.793505697, 34.282291183 ], [ 133.793480785000014, 34.282335835 ], [ 133.793438385, 34.282430494 ], [ 133.793424141, 34.282454311 ], [ 133.79338318, 34.282516104 ], [ 133.793229055000012, 34.282728325 ], [ 133.79324609, 34.282735714 ], [ 133.793133305999987, 34.282939271 ], [ 133.79307642, 34.28305388 ], [ 133.793062179, 34.283078446 ], [ 133.793005184, 34.2831648 ], [ 133.792989302, 34.283185962 ], [ 133.792796025, 34.283437305 ], [ 133.792758611000011, 34.28349166 ], [ 133.79269625500001, 34.283579523 ], [ 133.792617812, 34.283673366 ], [ 133.792514326, 34.283834121 ], [ 133.792763154999989, 34.283975254 ], [ 133.792953143, 34.284080925 ], [ 133.79294437499999, 34.284136402 ], [ 133.792985148000014, 34.284276797 ], [ 133.793020539, 34.284415708 ], [ 133.793051394, 34.284558597 ], [ 133.79307421499999, 34.284687143 ], [ 133.79311403, 34.284811176 ], [ 133.793113433, 34.284905257 ], [ 133.79311823, 34.285238766 ], [ 133.793119638, 34.285644209 ], [ 133.793191955, 34.285647057 ], [ 133.793297104, 34.286095997 ], [ 133.79327416699999, 34.286100136 ], [ 133.793193018000011, 34.286128441 ], [ 133.79323205599999, 34.286153601 ], [ 133.79325505700001, 34.286167728 ], [ 133.793299474, 34.286203071 ], [ 133.793313417, 34.286220763 ], [ 133.793319919, 34.286250878 ], [ 133.79330951599999, 34.286329664 ], [ 133.793302082999986, 34.286341204 ], [ 133.793166265999986, 34.286560269 ], [ 133.793049466000014, 34.286738123 ], [ 133.792869402, 34.287021423 ], [ 133.793267547999989, 34.287212037 ], [ 133.79256235, 34.288138883 ], [ 133.792391812, 34.28836398 ], [ 133.79228156799999, 34.288453968 ], [ 133.79176179800001, 34.289172382 ] ] ] } },
{ "type": "Feature", "properties": { "A29_001": "37202", "A29_002": "香川県", "A29_003": "丸亀市", "A29_004": 3, "A29_005": "第一種中高層住居専用地域", "A29_006": 60, "A29_007": 200, "A29_008": null }, "geometry": { "type": "Polygon", "coordinates": [ [ [ 133.807200591999987, 34.287576592 ], [ 133.806715838, 34.287402811 ], [ 133.806226665, 34.28723782 ], [ 133.80586403699999, 34.287111947 ], [ 133.805470656000011, 34.286970128 ], [ 133.804973021, 34.286794505 ], [ 133.805180635, 34.286412478 ], [ 133.805466630000012, 34.285863383 ], [ 133.805664986000011, 34.28550261 ], [ 133.805729804, 34.285378103 ], [ 133.805790828, 34.285282916 ], [ 133.805838122000011, 34.285220544 ], [ 133.80588661499999, 34.28516219 ], [ 133.80593653299999, 34.285107646 ], [ 133.805744865, 34.284944967 ], [ 133.805504367, 34.284714466 ], [ 133.805303135, 34.284502124 ], [ 133.804934723, 34.284172424 ], [ 133.804572607000011, 34.283859433 ], [ 133.80437481199999, 34.283676968 ], [ 133.804091671, 34.283408046 ], [ 133.803679601, 34.283019884 ], [ 133.803266431999987, 34.282663469 ], [ 133.803082512, 34.282505274 ], [ 133.803041831, 34.282479698 ], [ 133.80297599299999, 34.282444555 ], [ 133.802935353, 34.282430212 ], [ 133.802875556, 34.282634828 ], [ 133.802754345000011, 34.28296862 ], [ 133.802701882, 34.283049766 ], [ 133.802619247, 34.283179968 ], [ 133.802712818, 34.283231081 ], [ 133.80292688899999, 34.283352653 ], [ 133.80289444499999, 34.283406936 ], [ 133.802718062999986, 34.283694388 ], [ 133.80264424399999, 34.283826651 ], [ 133.802343345999986, 34.284302866 ], [ 133.802173793, 34.284450935 ], [ 133.802214154000012, 34.28449 ], [ 133.802376806000012, 34.284574654 ], [ 133.802634293000011, 34.284692783 ], [ 133.803120216999986, 34.284917868 ], [ 133.803579074999988, 34.285136608 ], [ 133.803590078000013, 34.285157921 ], [ 133.803612702, 34.285227016 ], [ 133.803422575000013, 34.285576847 ], [ 133.803340874000014, 34.285698257 ], [ 133.80329498099999, 34.28578832 ], [ 133.803273577, 34.285859129 ], [ 133.80326470899999, 34.285897206 ], [ 133.803278156, 34.285927484 ], [ 133.803302781000014, 34.285949007 ], [ 133.803333196000011, 34.285970515 ], [ 133.803372263, 34.285990812 ], [ 133.803453595, 34.286032777 ], [ 133.803366745, 34.286196313 ], [ 133.803219661000014, 34.286473695 ], [ 133.803098669, 34.286709422 ], [ 133.80296912899999, 34.287069426 ], [ 133.80260508399999, 34.287725581 ], [ 133.802425384, 34.288032271 ], [ 133.802199788, 34.288414464 ], [ 133.80216637800001, 34.288463709 ], [ 133.802101281, 34.288575954 ], [ 133.80242676200001, 34.288699027 ], [ 133.802890674, 34.288877114 ], [ 133.803555254, 34.289084436 ], [ 133.803649489, 34.289113062 ], [ 133.803825668, 34.289168343 ], [ 133.804337213999986, 34.289315734 ], [ 133.805006789, 34.289508692 ], [ 133.805136502000011, 34.289546343 ], [ 133.80518555099999, 34.289556941 ], [ 133.805249005, 34.28956505 ], [ 133.805295897, 34.289567791 ], [ 133.80536837599999, 34.28956633 ], [ 133.805574130999986, 34.289551582 ], [ 133.805796617, 34.289525855 ], [ 133.805980691, 34.289511051 ], [ 133.806603069, 34.28945752 ], [ 133.80671523800001, 34.289219674 ], [ 133.80695522799999, 34.288747342 ], [ 133.807237316, 34.288197396 ], [ 133.806921203, 34.288083012 ], [ 133.807200591999987, 34.287576592 ] ] ] } },
{ "type": "Feature", "properties": { "A29_001": "37202", "A29_002": "香川県", "A29_003": "丸亀市", "A29_004": 10, "A29_005": "準工業地域", "A29_006": 60, "A29_007": 200, "A29_008": null }, "geometry": { "type": "Polygon", "coordinates": [ [ [ 133.78730404699999, 34.288628312 ], [ 133.78730404699999, 34.288628222 ], [ 133.787303984, 34.28860983 ], [ 133.787307403, 34.288592962 ], [ 133.78730962099999, 34.288574565 ], [ 133.787305870000012, 34.288525438 ], [ 133.78729869599999, 34.288492097 ], [ 133.787288827999987, 34.288464982 ], [ 133.78728254699999, 34.288438942 ], [ 133.787279864, 34.288416499 ], [ 133.787272753, 34.288401549 ], [ 133.78726435199999, 34.28839057 ], [ 133.787245719, 34.288373303 ], [ 133.787214240999987, 34.288348133 ], [ 133.78715837499999, 34.28830607 ], [ 133.787137564, 34.288287005 ], [ 133.787116644, 34.288267941 ], [ 133.787098539999988, 34.288246706 ], [ 133.786999963, 34.28813397 ], [ 133.786956056, 34.288094854 ], [ 133.786928184, 34.288075806 ], [ 133.786917087, 34.288070693 ], [ 133.786856531000012, 34.288054697 ], [ 133.786785764, 34.288038724 ], [ 133.78673978, 34.288027833 ], [ 133.786725093, 34.288020925 ], [ 133.786711814, 34.288012842 ], [ 133.786653314, 34.287962761 ], [ 133.786560814000012, 34.287880032 ], [ 133.786503611, 34.287828055 ], [ 133.786446394, 34.28777175 ], [ 133.786392764999988, 34.287716429 ], [ 133.78635984499999, 34.287682066 ], [ 133.786346536, 34.287665147 ], [ 133.786311066, 34.287615733 ], [ 133.786278205, 34.287566674 ], [ 133.78622221, 34.287486114 ], [ 133.786206142999987, 34.28745676 ], [ 133.786176863, 34.287406611 ], [ 133.78609632199999, 34.287262727 ], [ 133.786066963, 34.287189408 ], [ 133.786054490999987, 34.287163021 ], [ 133.786032766, 34.287130795 ], [ 133.78600699899999, 34.287091547 ], [ 133.78599978299999, 34.287077679 ], [ 133.78599351, 34.287053441 ], [ 133.785992786, 34.28700016 ], [ 133.785988745, 34.286961672 ], [ 133.785980744, 34.286908227 ], [ 133.785978405, 34.286891283 ], [ 133.785977016, 34.286866042 ], [ 133.785979486, 34.286825646 ], [ 133.785980464, 34.286825644 ], [ 133.785980446999986, 34.286820505 ], [ 133.78598633199999, 34.286762159 ], [ 133.785995667, 34.286632311 ], [ 133.78599548, 34.286576864 ], [ 133.78599533900001, 34.286535392 ], [ 133.785989011, 34.286495106 ], [ 133.785981842000012, 34.286462847 ], [ 133.785963532000011, 34.286412582 ], [ 133.78594262199999, 34.286364216 ], [ 133.785918151, 34.2863228 ], [ 133.78588529699999, 34.286275544 ], [ 133.785848886, 34.286236411 ], [ 133.785853112000012, 34.286233606 ], [ 133.785817583000011, 34.286198257 ], [ 133.78556512099999, 34.285964076 ], [ 133.785443636999986, 34.285853555 ], [ 133.785287603, 34.285707863 ], [ 133.785181612, 34.285617502 ], [ 133.785056000999987, 34.285506539 ], [ 133.785006016000011, 34.285468158 ], [ 133.78496041299999, 34.285440857 ], [ 133.784910139, 34.285413656 ], [ 133.784818755, 34.285370502 ], [ 133.78479787, 34.285361535 ], [ 133.784773831, 34.285351223 ], [ 133.784741198, 34.285337324 ], [ 133.78467027799999, 34.285307286 ], [ 133.784589901, 34.285275107 ], [ 133.784509656000012, 34.285249778 ], [ 133.784478994000011, 34.285240383 ], [ 133.78439038, 34.285213451 ], [ 133.78430014700001, 34.285189408 ], [ 133.784135212, 34.285141286 ], [ 133.78401802799999, 34.285113338 ], [ 133.783863442000012, 34.285074117 ], [ 133.783860288999989, 34.285073313 ], [ 133.78370200099999, 34.285031306 ], [ 133.783603921, 34.284999437 ], [ 133.783599681999988, 34.284998455 ], [ 133.78356008599999, 34.284980966 ], [ 133.783511452999988, 34.284956826 ], [ 133.78344595199999, 34.284922988 ], [ 133.783380670000014, 34.284889691 ], [ 133.78333583, 34.284862927 ], [ 133.783294675, 34.284833811 ], [ 133.783247533, 34.284800923 ], [ 133.783204729, 34.28476568 ], [ 133.783160065, 34.284726565 ], [ 133.783122369000012, 34.284692662 ], [ 133.783120516999986, 34.284690863 ], [ 133.783074641000013, 34.284646612 ], [ 133.783042927, 34.28461486 ], [ 133.782996432, 34.284580527 ], [ 133.78296192900001, 34.284559149 ], [ 133.782960296999988, 34.284558251 ], [ 133.782924931, 34.284538859 ], [ 133.78288620399999, 34.284520917 ], [ 133.782836057999987, 34.284498944 ], [ 133.782790046, 34.284478855 ], [ 133.782730007999987, 34.284454651 ], [ 133.782671287999989, 34.284434591 ], [ 133.782615402, 34.28441741 ], [ 133.782560283, 34.28440239 ], [ 133.782495825000012, 34.284388114 ], [ 133.782443338, 34.284380571 ], [ 133.782403894, 34.284375794 ], [ 133.782383358, 34.284373317 ], [ 133.782312850000011, 34.284368701 ], [ 133.782247778, 34.284365515 ], [ 133.782231051, 34.284365463 ], [ 133.78220475, 34.284360835 ], [ 133.782171510000012, 34.28435983 ], [ 133.782119157000011, 34.284359951 ], [ 133.782092006999989, 34.284361095 ], [ 133.782065077, 34.28436305 ], [ 133.782029255, 34.284369444 ], [ 133.78198931099999, 34.28437765 ], [ 133.781904551999986, 34.284398762 ], [ 133.781871665000011, 34.284405779 ], [ 133.781824871999987, 34.284412018 ], [ 133.781775681999989, 34.284416098 ], [ 133.78173940799999, 34.284417353 ], [ 133.781700846, 34.28441627 ], [ 133.781662168999986, 34.284413474 ], [ 133.781603163999989, 34.284405585 ], [ 133.781517208, 34.284393702 ], [ 133.781494497000011, 34.284390418 ], [ 133.78147166799999, 34.28438479 ], [ 133.781433670000013, 34.284370498 ], [ 133.781117216000013, 34.284921852 ], [ 133.781010723, 34.285093486 ], [ 133.781227774, 34.28517825 ], [ 133.781385414, 34.285234733 ], [ 133.781643530999986, 34.285315615 ], [ 133.782247821, 34.285495901 ], [ 133.783350547999987, 34.285866383 ], [ 133.78351733400001, 34.285928521 ], [ 133.784017804, 34.286150944 ], [ 133.784530874000012, 34.286395397 ], [ 133.785104639999986, 34.286674029 ], [ 133.78494596499999, 34.286985135 ], [ 133.784837168, 34.287151485 ], [ 133.784651024999988, 34.287438024 ], [ 133.784441734000012, 34.287760002 ], [ 133.78538102600001, 34.288201375 ], [ 133.78551128699999, 34.288259809 ], [ 133.786229889999987, 34.288597946 ], [ 133.787384159, 34.289130058 ], [ 133.787378026999988, 34.289077393 ], [ 133.787334826, 34.28886292 ], [ 133.787319907000011, 34.288756208 ], [ 133.78730760900001, 34.288653458 ], [ 133.78730404699999, 34.288628312 ] ] ] } },
{ "type": "Feature", "properties": { "A29_001": "37202", "A29_002": "香川県", "A29_003": "丸亀市", "A29_004": 1, "A29_005": "第一種低層住居専用地域", "A29_006": 50, "A29_007": 80, "A29_008": null }, "geometry": { "type": "Polygon", "coordinates": [ [ [ 133.802173793, 34.284450935 ], [ 133.802343345999986, 34.284302866 ], [ 133.80264424399999, 34.283826651 ], [ 133.802718062999986, 34.283694388 ], [ 133.80289444499999, 34.283406936 ], [ 133.80292688899999, 34.283352653 ], [ 133.802712818, 34.283231081 ], [ 133.802619247, 34.283179968 ], [ 133.802701882, 34.283049766 ], [ 133.802754345000011, 34.28296862 ], [ 133.802875556, 34.282634828 ], [ 133.802935353, 34.282430212 ], [ 133.80297599299999, 34.282444555 ], [ 133.803041831, 34.282479698 ], [ 133.803082512, 34.282505274 ], [ 133.803266431999987, 34.282663469 ], [ 133.803679601, 34.283019884 ], [ 133.804091671, 34.283408046 ], [ 133.80437481199999, 34.283676968 ], [ 133.804572607000011, 34.283859433 ], [ 133.804934723, 34.284172424 ], [ 133.805303135, 34.284502124 ], [ 133.805504367, 34.284714466 ], [ 133.805744865, 34.284944967 ], [ 133.80593653299999, 34.285107646 ], [ 133.80588661499999, 34.28516219 ], [ 133.805838122000011, 34.285220544 ], [ 133.805790828, 34.285282916 ], [ 133.805729804, 34.285378103 ], [ 133.805664986000011, 34.28550261 ], [ 133.805466630000012, 34.285863383 ], [ 133.805180635, 34.286412478 ], [ 133.804973021, 34.286794505 ], [ 133.805470656000011, 34.286970128 ], [ 133.80586403699999, 34.287111947 ], [ 133.806226665, 34.28723782 ], [ 133.806715838, 34.287402811 ], [ 133.807200591999987, 34.287576592 ], [ 133.80754632599999, 34.28770053 ], [ 133.807676442, 34.287449836 ], [ 133.807743863000013, 34.287351548 ], [ 133.807816516, 34.287219646 ], [ 133.80806547899999, 34.286757026 ], [ 133.80787566399999, 34.28669076 ], [ 133.807985048, 34.286486513 ], [ 133.808060737, 34.286484258 ], [ 133.808094812, 34.286389318 ], [ 133.80812415, 34.286332805 ], [ 133.808161617, 34.286271675 ], [ 133.808211725, 34.28619194 ], [ 133.808252407, 34.286118539 ], [ 133.808284289999989, 34.286074913 ], [ 133.808324446, 34.286036224 ], [ 133.808375942999987, 34.286000663 ], [ 133.808363848999988, 34.285761686 ], [ 133.808355578, 34.285578687 ], [ 133.808353433, 34.285443402 ], [ 133.808357781000012, 34.285337267 ], [ 133.80836689, 34.285226233 ], [ 133.80839457499999, 34.285053242 ], [ 133.808413331999986, 34.285005321 ], [ 133.808662728, 34.284948975 ], [ 133.808678947, 34.284810092 ], [ 133.808701049, 34.284643209 ], [ 133.808418004, 34.284524093 ], [ 133.808305802, 34.284473284 ], [ 133.808264681999987, 34.284447187 ], [ 133.808225133, 34.284419771 ], [ 133.808191889999989, 34.284388407 ], [ 133.808126931, 34.28431521 ], [ 133.808069929999988, 34.284259013 ], [ 133.808044617, 34.284239432 ], [ 133.807796359, 34.284089393 ], [ 133.807720442, 34.284037176 ], [ 133.807684048, 34.284008444 ], [ 133.80761911499999, 34.283939176 ], [ 133.8075462, 34.283846335 ], [ 133.807460521, 34.283714235 ], [ 133.807436518, 34.283675933 ], [ 133.807414996, 34.283650572 ], [ 133.807094519, 34.283451613 ], [ 133.807117183, 34.283399617 ], [ 133.807235601, 34.283171384 ], [ 133.807422473, 34.282780659 ], [ 133.8074588, 34.282704764 ], [ 133.80751515, 34.282624535 ], [ 133.80757907200001, 34.282523957 ], [ 133.807850011999989, 34.282181923 ], [ 133.80788654700001, 34.282124626 ], [ 133.807921502999989, 34.282057163 ], [ 133.80795181900001, 34.281974467 ], [ 133.807971417, 34.281889246 ], [ 133.807989346, 34.281793075 ], [ 133.807995186999989, 34.281718058 ], [ 133.80799650099999, 34.281658307 ], [ 133.807991722999986, 34.281604937 ], [ 133.807977703, 34.28154014 ], [ 133.807968339000013, 34.281486078 ], [ 133.807969732, 34.281447938 ], [ 133.807977254, 34.281411054 ], [ 133.807992358, 34.281356353 ], [ 133.80801209099999, 34.281307997 ], [ 133.808043989, 34.281239271 ], [ 133.80806979, 34.281178188 ], [ 133.808094054, 34.281115846 ], [ 133.80814728499999, 34.280970026 ], [ 133.807362942, 34.280689262 ], [ 133.806433744, 34.280389273 ], [ 133.804934382, 34.279867593 ], [ 133.80395270599999, 34.279539253 ], [ 133.80265068, 34.279116309 ], [ 133.801531286, 34.278739911 ], [ 133.801525575, 34.278840802 ], [ 133.801538332, 34.279043472 ], [ 133.801537278000012, 34.279055295 ], [ 133.80152637, 34.279063499 ], [ 133.801490263, 34.279068131 ], [ 133.80124071, 34.2790742 ], [ 133.800849125000013, 34.279100523 ], [ 133.80072541199999, 34.279647506 ], [ 133.80064418399999, 34.279584072 ], [ 133.80059498599999, 34.27956022 ], [ 133.80058622199999, 34.27955751 ], [ 133.800537131999988, 34.279808196 ], [ 133.800595929999986, 34.279825642 ], [ 133.800502601, 34.280023847 ], [ 133.800442229, 34.280150487 ], [ 133.800433354, 34.280189727 ], [ 133.800434661, 34.280251752 ], [ 133.800439022, 34.280289878 ], [ 133.80039412799999, 34.280285444 ], [ 133.800358018, 34.280286443 ], [ 133.800303294, 34.280291121 ], [ 133.80026172399999, 34.280295767 ], [ 133.80023656099999, 34.280299471 ], [ 133.80023443499999, 34.280318563 ], [ 133.800227954, 34.28034403 ], [ 133.800198735, 34.280416408 ], [ 133.800177, 34.28046191 ], [ 133.800085688, 34.280638481 ], [ 133.80005504, 34.280700098 ], [ 133.799998845, 34.280782856 ], [ 133.800237528, 34.2809533 ], [ 133.800158415, 34.281277133 ], [ 133.799967071999987, 34.281433132 ], [ 133.799410782, 34.281286607 ], [ 133.79923605499999, 34.281773542 ], [ 133.799125409999988, 34.282128907 ], [ 133.798959559, 34.28252824 ], [ 133.798935295, 34.28258665 ], [ 133.799156927000013, 34.282600119 ], [ 133.799534305, 34.282618031 ], [ 133.7993514, 34.283041056 ], [ 133.79916016300001, 34.283479841 ], [ 133.798957245999986, 34.283982343 ], [ 133.798983943, 34.283982169 ], [ 133.79901553, 34.283979469 ], [ 133.799040786, 34.28397416 ], [ 133.79906286, 34.283962737 ], [ 133.799100665999987, 34.283931171 ], [ 133.799148910000014, 34.283875083 ], [ 133.799184612, 34.283844397 ], [ 133.799211934999988, 34.283827714 ], [ 133.799245595, 34.283815388 ], [ 133.799268754, 34.283810085 ], [ 133.799310854, 34.28380386 ], [ 133.799401937999988, 34.283803746 ], [ 133.799763297, 34.283832596 ], [ 133.800512809, 34.28387794 ], [ 133.80052874399999, 34.283914631 ], [ 133.800542510000014, 34.283937335 ], [ 133.80055838199999, 34.283956536 ], [ 133.80058797699999, 34.283986188 ], [ 133.80061649000001, 34.284007981 ], [ 133.800642871, 34.284022784 ], [ 133.800673445, 34.284031454 ], [ 133.800751434, 34.28404438 ], [ 133.800819106, 34.28405167 ], [ 133.800885991, 34.284091058 ], [ 133.80110842, 34.284147356 ], [ 133.801159919000014, 34.284114872 ], [ 133.801861534000011, 34.284296643 ], [ 133.802044696, 34.284345923 ], [ 133.80209320099999, 34.284363294 ], [ 133.802133336, 34.284393803 ], [ 133.802155556, 34.284423473 ], [ 133.802173793, 34.284450935 ] ] ] } },
{ "type": "Feature", "properties": { "A29_001": "37202", "A29_002": "香川県", "A29_003": "丸亀市", "A29_004": 3, "A29_005": "第一種中高層住居専用地域", "A29_006": 60, "A29_007": 200, "A29_008": null }, "geometry": { "type": "Polygon", "coordinates": [ [ [ 133.814615629, 34.283038248 ], [ 133.814414597, 34.282992342 ], [ 133.81434092399999, 34.282972164 ], [ 133.814180502, 34.282931834 ], [ 133.814023314999986, 34.282881992 ], [ 133.813771102, 34.282788928 ], [ 133.813650353000014, 34.282750244 ], [ 133.813535769, 34.282722021 ], [ 133.813514712, 34.28271406 ], [ 133.81339655799999, 34.282669409 ], [ 133.813263897000013, 34.28261679 ], [ 133.81314272899999, 34.282576357 ], [ 133.813098507, 34.28256017 ], [ 133.813014912999989, 34.28246827 ], [ 133.812929602999986, 34.282396506 ], [ 133.812895174, 34.282373504 ], [ 133.812834565, 34.282346504 ], [ 133.812731383999989, 34.282306025 ], [ 133.812389470999989, 34.282183561 ], [ 133.812231062, 34.282125895 ], [ 133.811817651000013, 34.281980144 ], [ 133.811761998, 34.28223929 ], [ 133.811733186999987, 34.282437529 ], [ 133.811710672, 34.282487534 ], [ 133.811684520999989, 34.282514981 ], [ 133.811622413, 34.282587833 ], [ 133.811601970999988, 34.282640627 ], [ 133.811577072, 34.282692441 ], [ 133.811548288000012, 34.282780328 ], [ 133.811523012, 34.282877221 ], [ 133.811515922000012, 34.282898516 ], [ 133.811508866, 34.282928917 ], [ 133.811496994, 34.282978805 ], [ 133.811482876000014, 34.283097217 ], [ 133.81147822, 34.283160069 ], [ 133.811474704, 34.283208042 ], [ 133.81148351600001, 34.283270769 ], [ 133.811491765, 34.283298516 ], [ 133.811506528, 34.283325616 ], [ 133.811521469000013, 34.283342104 ], [ 133.81145355699999, 34.283378691 ], [ 133.811420325, 34.283388819 ], [ 133.81138858, 34.283392669 ], [ 133.811305441, 34.283402923 ], [ 133.81122382, 34.28341569 ], [ 133.811096762, 34.283424568 ], [ 133.811009477999988, 34.28343615 ], [ 133.81097875399999, 34.283439924 ], [ 133.810930117, 34.283446178 ], [ 133.810827960000012, 34.283459691 ], [ 133.810772479, 34.283465421 ], [ 133.810739790000014, 34.283466586 ], [ 133.810723817, 34.283464823 ], [ 133.810718928999989, 34.283464836 ], [ 133.810714361, 34.283463134 ], [ 133.81070921599999, 34.283460974 ], [ 133.810764737999989, 34.283605068 ], [ 133.81083657799999, 34.283823905 ], [ 133.810906243, 34.284009335 ], [ 133.810907242000013, 34.284021216 ], [ 133.810902994, 34.284044532 ], [ 133.810874141999989, 34.284143869 ], [ 133.810834612, 34.284263518 ], [ 133.810809150000011, 34.284289467 ], [ 133.810746434, 34.284348219 ], [ 133.810670863000013, 34.284423241 ], [ 133.81063016499999, 34.284491233 ], [ 133.810562721, 34.284640795 ], [ 133.810529479, 34.284698309 ], [ 133.810305023000012, 34.285067893 ], [ 133.81017647199999, 34.285259532 ], [ 133.810056347, 34.285438438 ], [ 133.809968063000014, 34.285562989 ], [ 133.809934148999986, 34.285615276 ], [ 133.809878430999987, 34.285589424 ], [ 133.809830670999986, 34.285624733 ], [ 133.80966078099999, 34.285562593 ], [ 133.809486920000012, 34.28592506 ], [ 133.809502224999989, 34.285936904 ], [ 133.809521338, 34.285947936 ], [ 133.809551898, 34.285961319 ], [ 133.80958626200001, 34.285972313 ], [ 133.809623488, 34.285981721 ], [ 133.809640672, 34.285988016 ], [ 133.809649288, 34.285997497 ], [ 133.809648372999987, 34.28600858 ], [ 133.80960394499999, 34.286102636 ], [ 133.809428000999986, 34.286430523 ], [ 133.809184003000013, 34.286686699 ], [ 133.809051033, 34.286829556 ], [ 133.809137502999988, 34.28684983 ], [ 133.80916805699999, 34.286858589 ], [ 133.809204795999989, 34.286877357 ], [ 133.809221057, 34.286892354 ], [ 133.809231638999989, 34.286916877 ], [ 133.80923460299999, 34.286942997 ], [ 133.80923465399999, 34.286971884 ], [ 133.809228260999987, 34.287050283 ], [ 133.809230399, 34.287112035 ], [ 133.809231454000013, 34.287138945 ], [ 133.809235382, 34.287170607 ], [ 133.809252671, 34.2872054 ], [ 133.80957598399999, 34.287346041 ], [ 133.80974692800001, 34.28741924 ], [ 133.809851979, 34.287461727 ], [ 133.809900483, 34.287474975 ], [ 133.809964419000011, 34.287487481 ], [ 133.810084616000012, 34.28750143 ], [ 133.810173319, 34.287508337 ], [ 133.810284902, 34.28751359 ], [ 133.810489238, 34.287519303 ], [ 133.810775737, 34.287283671 ], [ 133.81105792299999, 34.287057039 ], [ 133.811151075, 34.286983171 ], [ 133.81123055899999, 34.286911555 ], [ 133.811320843, 34.286802262 ], [ 133.811459074, 34.286590672 ], [ 133.811572294, 34.286412819 ], [ 133.81172594099999, 34.286099519 ], [ 133.812029970999987, 34.285495826 ], [ 133.812338603, 34.284865993 ], [ 133.812516893, 34.284492061 ], [ 133.812554199, 34.284432246 ], [ 133.81259932, 34.284371103 ], [ 133.81266277099999, 34.284300096 ], [ 133.812729773, 34.284237599 ], [ 133.81279837299999, 34.284184195 ], [ 133.812979375, 34.284079862 ], [ 133.813497195, 34.283820454 ], [ 133.814192576000011, 34.283464688 ], [ 133.81429805499999, 34.283401244 ], [ 133.81435263899999, 34.283364752 ], [ 133.814424312, 34.283297049 ], [ 133.814486582, 34.283221581 ], [ 133.814615629, 34.283038248 ] ] ] } },
{ "type": "Feature", "properties": { "A29_001": "37202", "A29_002": "香川県", "A29_003": "丸亀市", "A29_004": 1, "A29_005": "第一種低層住居専用地域", "A29_006": 60, "A29_007": 100, "A29_008": null }, "geometry": { "type": "Polygon", "coordinates": [ [ [ 133.79696077599999, 34.287045781 ], [ 133.796921542, 34.286619576 ], [ 133.797375791, 34.285787583 ], [ 133.797398221, 34.285618122 ], [ 133.79769717100001, 34.285042101 ], [ 133.797775621, 34.284896216 ], [ 133.797809461000014, 34.28486402 ], [ 133.797847139, 34.284841984 ], [ 133.797875405000013, 34.284830952 ], [ 133.797907485, 34.284826168 ], [ 133.797945201, 34.284818242 ], [ 133.797960276999987, 34.28481193 ], [ 133.797975336, 34.28480093 ], [ 133.79811562899999, 34.284525086 ], [ 133.798324494000013, 34.284133204 ], [ 133.79834650699999, 34.284101667 ], [ 133.798373778000013, 34.284070118 ], [ 133.798414729, 34.284034171 ], [ 133.798452537, 34.284006094 ], [ 133.798489354999987, 34.283992887 ], [ 133.7985262, 34.28398755 ], [ 133.79879476, 34.283983397 ], [ 133.798957245999986, 34.283982343 ], [ 133.79916016300001, 34.283479841 ], [ 133.7993514, 34.283041056 ], [ 133.799534305, 34.282618031 ], [ 133.799156927000013, 34.282600119 ], [ 133.798935295, 34.28258665 ], [ 133.798959559, 34.28252824 ], [ 133.798674293, 34.282423326 ], [ 133.798194388000013, 34.282249616 ], [ 133.797936217, 34.28214622 ], [ 133.797530891, 34.282010021 ], [ 133.797486214, 34.282067479 ], [ 133.79738668499999, 34.282161187 ], [ 133.797292602999988, 34.282250364 ], [ 133.797254634000012, 34.282297194 ], [ 133.797215222, 34.282372427 ], [ 133.79724004799999, 34.282633806 ], [ 133.797270359, 34.283027856 ], [ 133.797041701000012, 34.283582933 ], [ 133.797181454999986, 34.283625617 ], [ 133.797000115, 34.284055991 ], [ 133.796862952999987, 34.284281149 ], [ 133.796706425, 34.284528245 ], [ 133.79664318, 34.284606122 ], [ 133.796434068999986, 34.285029548 ], [ 133.79629373, 34.285312613 ], [ 133.796206882, 34.285279482 ], [ 133.796197196, 34.285298718 ], [ 133.795914380999989, 34.285770745 ], [ 133.795695128, 34.286187441 ], [ 133.79601861099999, 34.286315946 ], [ 133.79583876, 34.286632148 ], [ 133.79696077599999, 34.287045781 ] ] ] } },
{ "type": "Feature", "properties": { "A29_001": "37202", "A29_002": "香川県", "A29_003": "丸亀市", "A29_004": 5, "A29_005": "第一種住居地域", "A29_006": 60, "A29_007": 200, "A29_008": null }, "geometry": { "type": "Polygon", "coordinates": [ [ [ 133.794356005, 34.286840376 ], [ 133.794615228999987, 34.287021718 ], [ 133.794718394, 34.286657009 ], [ 133.794941214, 34.285842062 ], [ 133.79510507, 34.28522188 ], [ 133.795202475, 34.284863855 ], [ 133.79522476599999, 34.284780595 ], [ 133.795269456999989, 34.28464572 ], [ 133.795305683, 34.284562534 ], [ 133.79540319, 34.284398375 ], [ 133.795576036, 34.284120624 ], [ 133.795828847, 34.283731859 ], [ 133.795259221, 34.28347971 ], [ 133.795226694, 34.283465345 ], [ 133.79553577199999, 34.283019096 ], [ 133.795680202, 34.282790838 ], [ 133.795700039, 34.28274875 ], [ 133.795731684, 34.282700538 ], [ 133.79578470199999, 34.282624074 ], [ 133.795915981, 34.282443415 ], [ 133.796014316999987, 34.282371268 ], [ 133.79613774500001, 34.282234886 ], [ 133.796146994, 34.28221163 ], [ 133.796299748, 34.282078503 ], [ 133.796353153000013, 34.282053743 ], [ 133.796118619999987, 34.281817205 ], [ 133.795837893, 34.281673 ], [ 133.79620551799999, 34.281063792 ], [ 133.796168004, 34.28074193 ], [ 133.796112919, 34.280234953 ], [ 133.79607418399999, 34.279886831 ], [ 133.796031445000011, 34.279604786 ], [ 133.796009263, 34.279485931 ], [ 133.79583456, 34.279419799 ], [ 133.795559671, 34.2793275 ], [ 133.795503214, 34.279305359 ], [ 133.79547250499999, 34.279300997 ], [ 133.795449835, 34.27930327 ], [ 133.795425869000013, 34.279319943 ], [ 133.795392693999986, 34.279370998 ], [ 133.795383140000013, 34.279310075 ], [ 133.795365594, 34.279255824 ], [ 133.79534143, 34.279212661 ], [ 133.79530659, 34.27917285 ], [ 133.795267, 34.279150776 ], [ 133.79525005799999, 34.279144731 ], [ 133.79495370399999, 34.279719676 ], [ 133.794802721, 34.279986176 ], [ 133.794736597999986, 34.280122861 ], [ 133.794718036, 34.280169571 ], [ 133.794705709, 34.280216257 ], [ 133.79469708, 34.280339163 ], [ 133.794699742, 34.280408109 ], [ 133.794727561, 34.28070155 ], [ 133.794760443, 34.281063976 ], [ 133.794764038000011, 34.281178945 ], [ 133.79474814400001, 34.28134289 ], [ 133.794715497999988, 34.281577099 ], [ 133.794621869, 34.2820426 ], [ 133.79495640499999, 34.282190429 ], [ 133.794912211, 34.282271794 ], [ 133.79484008899999, 34.282379905 ], [ 133.794803183, 34.282426785 ], [ 133.794776587, 34.282452697 ], [ 133.794751453, 34.282471231 ], [ 133.79472037799999, 34.28248977 ], [ 133.794671521, 34.282510813 ], [ 133.79461527399999, 34.282536806 ], [ 133.79451612299999, 34.282587523 ], [ 133.794461598999987, 34.282621779 ], [ 133.794362565, 34.282709424 ], [ 133.79425480899999, 34.282815384 ], [ 133.794183916, 34.282893117 ], [ 133.794127814, 34.282960969 ], [ 133.79403643500001, 34.283079051 ], [ 133.794015816000012, 34.283118499 ], [ 133.794029244, 34.283144324 ], [ 133.79418375, 34.283235058 ], [ 133.79411461699999, 34.28333199 ], [ 133.793652952, 34.284020088 ], [ 133.793659018999989, 34.284059464 ], [ 133.793507938, 34.28398229 ], [ 133.793495245, 34.283996078 ], [ 133.793501856, 34.284063798 ], [ 133.793510921, 34.284106123 ], [ 133.793580644, 34.284363158 ], [ 133.79362331499999, 34.284536645 ], [ 133.793708003, 34.284904906 ], [ 133.793767373, 34.285129752 ], [ 133.793823495, 34.285272932 ], [ 133.793856276000014, 34.285432162 ], [ 133.793866525, 34.28543092 ], [ 133.793926879999987, 34.285548395 ], [ 133.793946005, 34.285572664 ], [ 133.793982718, 34.285600552 ], [ 133.794183701, 34.285696142 ], [ 133.794270270999988, 34.285743366 ], [ 133.79440524, 34.285808712 ], [ 133.794260879, 34.286015375 ], [ 133.79410071800001, 34.286260979 ], [ 133.794127207, 34.286297402 ], [ 133.793983242, 34.286593266 ], [ 133.793992663000012, 34.286600492 ], [ 133.794356005, 34.286840376 ] ] ] } },
{ "type": "Feature", "properties": { "A29_001": "37202", "A29_002": "香川県", "A29_003": "丸亀市", "A29_004": 3, "A29_005": "第一種中高層住居専用地域", "A29_006": 60, "A29_007": 200, "A29_008": null }, "geometry": { "type": "Polygon", "coordinates": [ [ [ 133.787258587999986, 34.285601786 ], [ 133.787360148, 34.285643967 ], [ 133.787514302, 34.285727876 ], [ 133.78815720599999, 34.286015176 ], [ 133.78828091299999, 34.286069593 ], [ 133.788933112, 34.286348176 ], [ 133.789269447, 34.286489705 ], [ 133.789743648000012, 34.286695965 ], [ 133.79008645499999, 34.286248144 ], [ 133.79045649299999, 34.285751041 ], [ 133.790601767, 34.285576818 ], [ 133.790725993, 34.285418838 ], [ 133.79076819, 34.285371405 ], [ 133.79085196599999, 34.285285918 ], [ 133.790872325, 34.285268108 ], [ 133.790949501, 34.285253319 ], [ 133.791117273999987, 34.285241471 ], [ 133.791192437, 34.285241292 ], [ 133.791315411999989, 34.285278416 ], [ 133.79138706, 34.28529844 ], [ 133.791464899, 34.285318451 ], [ 133.79149987400001, 34.285318367 ], [ 133.791524208, 34.285319391 ], [ 133.791574051999987, 34.285315937 ], [ 133.791601922000012, 34.285303068 ], [ 133.791666330999988, 34.28527136 ], [ 133.791725409, 34.285236959 ], [ 133.791761623000014, 34.285218211 ], [ 133.79178232699999, 34.28520608 ], [ 133.791800421, 34.285193145 ], [ 133.791827274000013, 34.285168918 ], [ 133.791851485, 34.28513433 ], [ 133.791863347, 34.285109419 ], [ 133.791872860000012, 34.285064948 ], [ 133.79188027699999, 34.285042572 ], [ 133.79189485399999, 34.285017563 ], [ 133.791935701999989, 34.28495697 ], [ 133.792032025999987, 34.284825562 ], [ 133.792040025, 34.284814633 ], [ 133.792145218, 34.284672475 ], [ 133.79218694799999, 34.284615937 ], [ 133.792228009000013, 34.284554261 ], [ 133.79224109, 34.284536469 ], [ 133.79241514, 34.284298759 ], [ 133.792439355999988, 34.284265704 ], [ 133.792476488, 34.284214406 ], [ 133.792287234000014, 34.284123257 ], [ 133.792195435, 34.284083545 ], [ 133.79228312699999, 34.283947153 ], [ 133.792115295, 34.283875337 ], [ 133.792190207, 34.283762426 ], [ 133.79220599199999, 34.283725405 ], [ 133.792214382999987, 34.28369896 ], [ 133.792220517, 34.283682645 ], [ 133.792258487, 34.283619138 ], [ 133.792267944, 34.283596224 ], [ 133.792300532000013, 34.28351248 ], [ 133.79233832, 34.283412297 ], [ 133.79235834799999, 34.283374383 ], [ 133.792412108, 34.283279139 ], [ 133.792580543000014, 34.282979711 ], [ 133.79243825399999, 34.282916084 ], [ 133.792503133, 34.282829288 ], [ 133.791638127999988, 34.282480474 ], [ 133.791590495, 34.28251959 ], [ 133.790955142, 34.282272779 ], [ 133.790640456, 34.282140552 ], [ 133.789399358, 34.281715268 ], [ 133.789297092999988, 34.281894283 ], [ 133.788671146000013, 34.283016337 ], [ 133.788318707, 34.283644329 ], [ 133.787764589, 34.28468193 ], [ 133.787423313, 34.28529729 ], [ 133.787258587999986, 34.285601786 ] ] ] } },
{ "type": "Feature", "properties": { "A29_001": "37202", "A29_002": "香川県", "A29_003": "丸亀市", "A29_004": 7, "A29_005": "準住居地域", "A29_006": 60, "A29_007": 200, "A29_008": null }, "geometry": { "type": "Polygon", "coordinates": [ [ [ 133.787258587999986, 34.285601786 ], [ 133.78685704599999, 34.285435007 ], [ 133.786453641, 34.285176035 ], [ 133.78628759099999, 34.285068496 ], [ 133.786227328, 34.285029445 ], [ 133.78600676, 34.284879388 ], [ 133.785604586, 34.284610277 ], [ 133.78526283, 34.284384345 ], [ 133.78528277699999, 34.284375977 ], [ 133.785304032, 34.28436592 ], [ 133.785319089000012, 34.284354074 ], [ 133.78534073899999, 34.284332386 ], [ 133.785352297, 34.284313426 ], [ 133.7853695, 34.284261275 ], [ 133.78537371499999, 34.284223038 ], [ 133.785358209, 34.284166546 ], [ 133.78534329199999, 34.284123575 ], [ 133.785328377000013, 34.284081236 ], [ 133.785314032, 34.284046649 ], [ 133.785293577, 34.284004142 ], [ 133.785271857, 34.283972998 ], [ 133.78523067, 34.283934417 ], [ 133.785032387, 34.283756186 ], [ 133.784987379, 34.283711843 ], [ 133.784965683, 34.283687821 ], [ 133.78495247699999, 34.283668919 ], [ 133.784943949, 34.283652349 ], [ 133.784938138, 34.283636135 ], [ 133.784934501, 34.283620636 ], [ 133.784933362, 34.283604951 ], [ 133.784935710000013, 34.283592504 ], [ 133.784942312, 34.28355345 ], [ 133.784962142000012, 34.283443142 ], [ 133.78480762800001, 34.283356959 ], [ 133.78472595400001, 34.28346119 ], [ 133.78445776, 34.283525536 ], [ 133.784375181, 34.283500042 ], [ 133.784311621, 34.283510179 ], [ 133.784277417999988, 34.283558772 ], [ 133.78387348699999, 34.283545437 ], [ 133.783553418999986, 34.283429171 ], [ 133.783022104, 34.283240699 ], [ 133.782945172000012, 34.283046181 ], [ 133.782940824, 34.283035661 ], [ 133.782927093000012, 34.2830414 ], [ 133.78289966, 34.283058593 ], [ 133.782836306, 34.283130081 ], [ 133.78240685899999, 34.283021377 ], [ 133.782284645, 34.282966004 ], [ 133.782311682999989, 34.282827532 ], [ 133.782103420999988, 34.282735257 ], [ 133.782152849, 34.282610997 ], [ 133.782154896, 34.282589877 ], [ 133.782151425, 34.28258132 ], [ 133.782125613, 34.282569965 ], [ 133.78194156699999, 34.282524724 ], [ 133.781778193, 34.282496565 ], [ 133.78164507, 34.282478605 ], [ 133.781560329, 34.282455819 ], [ 133.781436453, 34.282416145 ], [ 133.781235458999987, 34.282340018 ], [ 133.781159686, 34.282319275 ], [ 133.781143824999987, 34.28231823 ], [ 133.781104840000012, 34.282320483 ], [ 133.781055474, 34.282336374 ], [ 133.780994521, 34.28236293 ], [ 133.780932709000012, 34.282392463 ], [ 133.780913314, 34.282406392 ], [ 133.780888096000012, 34.282436544 ], [ 133.78065288, 34.282344672 ], [ 133.780529433999988, 34.28229708 ], [ 133.78045703399999, 34.282251852 ], [ 133.780352220999987, 34.28218936 ], [ 133.780048419, 34.282022794 ], [ 133.77990867, 34.281942278 ], [ 133.779572788, 34.281760016 ], [ 133.77947526299999, 34.281707154 ], [ 133.779401048000011, 34.281671134 ], [ 133.779379847, 34.281661292 ], [ 133.779307921, 34.281627908 ], [ 133.779162387000014, 34.281554644 ], [ 133.779078997, 34.281516075 ], [ 133.779184081000011, 34.281352164 ], [ 133.779402827000013, 34.281004234 ], [ 133.77937694100001, 34.281019493 ], [ 133.779335863999989, 34.281045643 ], [ 133.779313863, 34.281060028 ], [ 133.779292292, 34.281072879 ], [ 133.77927765199999, 34.281079945 ], [ 133.77926051599999, 34.281087287 ], [ 133.779240116000011, 34.281093194 ], [ 133.779219388, 34.28109838 ], [ 133.779172179, 34.281109487 ], [ 133.779121385, 34.281120602 ], [ 133.779091763999986, 34.281119948 ], [ 133.779070440999988, 34.281112676 ], [ 133.778988814, 34.28107816 ], [ 133.778895819000013, 34.281226059 ], [ 133.77878463, 34.281399504 ], [ 133.778723627, 34.281496301 ], [ 133.778644046000011, 34.281486466 ], [ 133.77852813199999, 34.281479066 ], [ 133.778456717000012, 34.281396193 ], [ 133.77834568899999, 34.281256701 ], [ 133.778319057, 34.281217092 ], [ 133.778296024000014, 34.281181983 ], [ 133.77825549100001, 34.281109768 ], [ 133.778228176, 34.281063769 ], [ 133.77819428, 34.280982073 ], [ 133.778167126999989, 34.280879887 ], [ 133.77803291, 34.281066277 ], [ 133.777994103999987, 34.281122623 ], [ 133.777954591, 34.28119547 ], [ 133.777912614, 34.28126862 ], [ 133.777875703, 34.281349728 ], [ 133.777842526, 34.28143356 ], [ 133.77782322600001, 34.281476519 ], [ 133.77776136899999, 34.28159161 ], [ 133.777657771, 34.281762333 ], [ 133.777578715, 34.28189901 ], [ 133.77755553599999, 34.281918537 ], [ 133.777305610000013, 34.282412445 ], [ 133.777285422, 34.282449906 ], [ 133.777224523, 34.28249332 ], [ 133.777167604, 34.282524643 ], [ 133.7771377, 34.28254707 ], [ 133.777065384999986, 34.282653168 ], [ 133.776959769, 34.282805593 ], [ 133.77675870600001, 34.283098428 ], [ 133.77665131, 34.283258475 ], [ 133.77676563, 34.283315467 ], [ 133.777207414, 34.283531225 ], [ 133.777626096, 34.283729895 ], [ 133.777782284000011, 34.283805409 ], [ 133.777813232, 34.283473036 ], [ 133.777870239, 34.283385806 ], [ 133.778103305, 34.283032842 ], [ 133.778262969, 34.282788901 ], [ 133.778444357000012, 34.282512895 ], [ 133.778557755, 34.282336505 ], [ 133.77908873199999, 34.282539044 ], [ 133.779572653, 34.282723152 ], [ 133.779896188, 34.282849013 ], [ 133.780420099999986, 34.283051454 ], [ 133.78095984399999, 34.283261673 ], [ 133.781852894, 34.283604791 ], [ 133.782028032, 34.283671753 ], [ 133.78265617400001, 34.283913822 ], [ 133.782851391, 34.283988788 ], [ 133.78346181399999, 34.284225393 ], [ 133.783525125000011, 34.284250617 ], [ 133.78362893, 34.284292724 ], [ 133.783763349, 34.284352936 ], [ 133.78386346799999, 34.284400181 ], [ 133.783946746, 34.284445995 ], [ 133.784080074, 34.284523808 ], [ 133.78430013, 34.284668541 ], [ 133.784466498, 34.284777823 ], [ 133.785059725999986, 34.285171884 ], [ 133.78542622, 34.285520914 ], [ 133.785594226, 34.285673881 ], [ 133.785802550999989, 34.28586489 ], [ 133.785935155, 34.285987465 ], [ 133.78605577, 34.286097987 ], [ 133.786141277000013, 34.286169282 ], [ 133.786236143999986, 34.286245785 ], [ 133.78628842, 34.286286775 ], [ 133.786316281000012, 34.286302848 ], [ 133.786340646000014, 34.286313069 ], [ 133.78636009499999, 34.286314826 ], [ 133.786385728999988, 34.286314766 ], [ 133.786400278, 34.286312929 ], [ 133.786431633, 34.286302578 ], [ 133.786488498000011, 34.286287389 ], [ 133.786592764, 34.286252975 ], [ 133.786716316, 34.286204272 ], [ 133.78679398700001, 34.286174789 ], [ 133.786883566, 34.286133467 ], [ 133.786886277, 34.286132379 ], [ 133.786886264, 34.286128322 ], [ 133.78690568499999, 34.286122056 ], [ 133.786907864999989, 34.286124214 ], [ 133.786914051999986, 34.286123118 ], [ 133.786945844, 34.286113126 ], [ 133.787001492, 34.286091719 ], [ 133.787074289, 34.286066214 ], [ 133.787068084, 34.286062261 ], [ 133.787075124000012, 34.286056385 ], [ 133.78719482299999, 34.285896886 ], [ 133.787237135, 34.285850536 ], [ 133.787268809000011, 34.285806104 ], [ 133.787317092, 34.285727103 ], [ 133.787360148, 34.285643967 ], [ 133.787258587999986, 34.285601786 ] ] ] } },
{ "type": "Feature", "properties": { "A29_001": "37202", "A29_002": "香川県", "A29_003": "丸亀市", "A29_004": 8, "A29_005": "近隣商業地域", "A29_006": 80, "A29_007": 300, "A29_008": null }, "geometry": { "type": "Polygon", "coordinates": [ [ [ 133.794941214, 34.285842062 ], [ 133.79510311300001, 34.285883298 ], [ 133.795527056999987, 34.286018351 ], [ 133.795754374000012, 34.285602843 ], [ 133.796068558, 34.285028764 ], [ 133.796490635, 34.284274126 ], [ 133.796896522, 34.283538585 ], [ 133.797041701000012, 34.283582933 ], [ 133.797270359, 34.283027856 ], [ 133.79724004799999, 34.282633806 ], [ 133.797215222, 34.282372427 ], [ 133.797192956, 34.282138053 ], [ 133.797150316, 34.281706275 ], [ 133.797081305, 34.281120229 ], [ 133.797049679, 34.280827582 ], [ 133.797031335000014, 34.280657869 ], [ 133.796998674, 34.280116984 ], [ 133.796969323000013, 34.279890291 ], [ 133.79692356699999, 34.279579034 ], [ 133.79688972400001, 34.279399747 ], [ 133.796825516000013, 34.27916571 ], [ 133.796745824, 34.278972587 ], [ 133.796680087, 34.278806802 ], [ 133.79653081699999, 34.278752023 ], [ 133.796192260999987, 34.278628253 ], [ 133.79618151299999, 34.278598517 ], [ 133.79614950199999, 34.278513937 ], [ 133.79591460099999, 34.277930626 ], [ 133.795648527, 34.277355161 ], [ 133.795524642, 34.277092361 ], [ 133.795496355000012, 34.277342229 ], [ 133.79547266, 34.277610064 ], [ 133.795450890000012, 34.277788637 ], [ 133.795415143000014, 34.277973664 ], [ 133.79563034, 34.278482689 ], [ 133.795913976, 34.279178156 ], [ 133.79597097300001, 34.279335857 ], [ 133.796009263, 34.279485931 ], [ 133.796031445000011, 34.279604786 ], [ 133.79607418399999, 34.279886831 ], [ 133.796112919, 34.280234953 ], [ 133.796168004, 34.28074193 ], [ 133.79620551799999, 34.281063792 ], [ 133.795837893, 34.281673 ], [ 133.796118619999987, 34.281817205 ], [ 133.796353153000013, 34.282053743 ], [ 133.796299748, 34.282078503 ], [ 133.796146994, 34.28221163 ], [ 133.79613774500001, 34.282234886 ], [ 133.796014316999987, 34.282371268 ], [ 133.795915981, 34.282443415 ], [ 133.79578470199999, 34.282624074 ], [ 133.795731684, 34.282700538 ], [ 133.795700039, 34.28274875 ], [ 133.795680202, 34.282790838 ], [ 133.79553577199999, 34.283019096 ], [ 133.795226694, 34.283465345 ], [ 133.795259221, 34.28347971 ], [ 133.795828847, 34.283731859 ], [ 133.795576036, 34.284120624 ], [ 133.79540319, 34.284398375 ], [ 133.795305683, 34.284562534 ], [ 133.795269456999989, 34.28464572 ], [ 133.79522476599999, 34.284780595 ], [ 133.795202475, 34.284863855 ], [ 133.79510507, 34.28522188 ], [ 133.794941214, 34.285842062 ] ] ] } },
{ "type": "Feature", "properties": { "A29_001": "37202", "A29_002": "香川県", "A29_003": "丸亀市", "A29_004": 3, "A29_005": "第一種中高層住居専用地域", "A29_006": 60, "A29_007": 200, "A29_008": null }, "geometry": { "type": "Polygon", "coordinates": [ [ [ 133.786453641, 34.285176035 ], [ 133.786833191, 34.284491176 ], [ 133.78741891300001, 34.283401765 ], [ 133.78789738899999, 34.282546191 ], [ 133.788326825000013, 34.281782025 ], [ 133.788641017, 34.28122137 ], [ 133.78888731399999, 34.28079833 ], [ 133.788711804, 34.280711281 ], [ 133.787640428, 34.280179896 ], [ 133.787160512000014, 34.279960632 ], [ 133.785771103, 34.27930142 ], [ 133.784940431, 34.278901954 ], [ 133.784819411, 34.278845075 ], [ 133.784664684, 34.278767322 ], [ 133.783977789, 34.278442473 ], [ 133.78354702199999, 34.278247738 ], [ 133.78338606299999, 34.278473847 ], [ 133.783336838, 34.278550712 ], [ 133.78325644899999, 34.278690913 ], [ 133.783218780999988, 34.278745284 ], [ 133.783121154000014, 34.278875526 ], [ 133.782992912999987, 34.279039026 ], [ 133.782929548999988, 34.279119809 ], [ 133.78290040600001, 34.279151305 ], [ 133.78274961299999, 34.279333095 ], [ 133.782727654000013, 34.27935976 ], [ 133.782696762, 34.279381271 ], [ 133.78259369599999, 34.27943151 ], [ 133.782375621, 34.279559171 ], [ 133.782182062, 34.279675037 ], [ 133.782046419000011, 34.279759647 ], [ 133.781976069, 34.279814092 ], [ 133.781904021, 34.279877125 ], [ 133.781797813999987, 34.279975749 ], [ 133.781700078, 34.280074561 ], [ 133.781581915, 34.280190217 ], [ 133.78153905799999, 34.280236034 ], [ 133.78142424699999, 34.280373455 ], [ 133.78130793, 34.280508985 ], [ 133.78121776399999, 34.280624107 ], [ 133.781141272000013, 34.280742632 ], [ 133.780981596, 34.280985631 ], [ 133.78090346799999, 34.281095469 ], [ 133.78073649000001, 34.28135766 ], [ 133.780648259, 34.281483623 ], [ 133.780586645999989, 34.281559677 ], [ 133.78054522799999, 34.281601181 ], [ 133.780505315999989, 34.281576073 ], [ 133.78020875499999, 34.281430696 ], [ 133.77998481899999, 34.281339518 ], [ 133.77986703799999, 34.281293176 ], [ 133.779556429, 34.281168926 ], [ 133.779356807, 34.281532536 ], [ 133.779379847, 34.281661292 ], [ 133.779401048000011, 34.281671134 ], [ 133.77947526299999, 34.281707154 ], [ 133.779572788, 34.281760016 ], [ 133.77990867, 34.281942278 ], [ 133.780048419, 34.282022794 ], [ 133.780352220999987, 34.28218936 ], [ 133.78045703399999, 34.282251852 ], [ 133.780529433999988, 34.28229708 ], [ 133.78065288, 34.282344672 ], [ 133.780888096000012, 34.282436544 ], [ 133.780913314, 34.282406392 ], [ 133.780932709000012, 34.282392463 ], [ 133.780994521, 34.28236293 ], [ 133.781055474, 34.282336374 ], [ 133.781104840000012, 34.282320483 ], [ 133.781143824999987, 34.28231823 ], [ 133.781159686, 34.282319275 ], [ 133.781235458999987, 34.282340018 ], [ 133.781436453, 34.282416145 ], [ 133.781560329, 34.282455819 ], [ 133.78164507, 34.282478605 ], [ 133.781778193, 34.282496565 ], [ 133.78194156699999, 34.282524724 ], [ 133.782125613, 34.282569965 ], [ 133.782151425, 34.28258132 ], [ 133.782154896, 34.282589877 ], [ 133.782152849, 34.282610997 ], [ 133.782103420999988, 34.282735257 ], [ 133.782311682999989, 34.282827532 ], [ 133.782284645, 34.282966004 ], [ 133.78240685899999, 34.283021377 ], [ 133.782836306, 34.283130081 ], [ 133.78289966, 34.283058593 ], [ 133.782927093000012, 34.2830414 ], [ 133.782940824, 34.283035661 ], [ 133.782945172000012, 34.283046181 ], [ 133.783022104, 34.283240699 ], [ 133.783553418999986, 34.283429171 ], [ 133.78387348699999, 34.283545437 ], [ 133.784277417999988, 34.283558772 ], [ 133.784311621, 34.283510179 ], [ 133.784375181, 34.283500042 ], [ 133.78445776, 34.283525536 ], [ 133.78472595400001, 34.28346119 ], [ 133.78480762800001, 34.283356959 ], [ 133.784962142000012, 34.283443142 ], [ 133.784942312, 34.28355345 ], [ 133.784935710000013, 34.283592504 ], [ 133.784933362, 34.283604951 ], [ 133.784934501, 34.283620636 ], [ 133.784938138, 34.283636135 ], [ 133.784943949, 34.283652349 ], [ 133.78495247699999, 34.283668919 ], [ 133.784965683, 34.283687821 ], [ 133.784987379, 34.283711843 ], [ 133.785032387, 34.283756186 ], [ 133.78523067, 34.283934417 ], [ 133.785271857, 34.283972998 ], [ 133.785293577, 34.284004142 ], [ 133.785314032, 34.284046649 ], [ 133.785328377000013, 34.284081236 ], [ 133.78534329199999, 34.284123575 ], [ 133.785358209, 34.284166546 ], [ 133.78537371499999, 34.284223038 ], [ 133.7853695, 34.284261275 ], [ 133.785352297, 34.284313426 ], [ 133.78534073899999, 34.284332386 ], [ 133.785319089000012, 34.284354074 ], [ 133.785304032, 34.28436592 ], [ 133.78528277699999, 34.284375977 ], [ 133.78526283, 34.284384345 ], [ 133.785604586, 34.284610277 ], [ 133.78600676, 34.284879388 ], [ 133.786227328, 34.285029445 ], [ 133.78628759099999, 34.285068496 ], [ 133.786453641, 34.285176035 ] ] ] } },
{ "type": "Feature", "properties": { "A29_001": "37202", "A29_002": "香川県", "A29_003": "丸亀市", "A29_004": 5, "A29_005": "第一種住居地域", "A29_006": 60, "A29_007": 200, "A29_008": null }, "geometry": { "type": "Polygon", "coordinates": [ [ [ 133.772426851, 34.283294401 ], [ 133.77248714800001, 34.283316175 ], [ 133.772677004, 34.283382199 ], [ 133.77319472799999, 34.283569565 ], [ 133.773703533, 34.283752622 ], [ 133.77419822600001, 34.283937151 ], [ 133.774672141, 34.284111446 ], [ 133.774815797, 34.284164948 ], [ 133.775158463999986, 34.284292653 ], [ 133.775289934, 34.284339691 ], [ 133.775322992000014, 34.284351337 ], [ 133.77536594599999, 34.284366747 ], [ 133.775929366000014, 34.284574285 ], [ 133.776228097, 34.284684325 ], [ 133.776870546, 34.284909982 ], [ 133.77695138499999, 34.284941743 ], [ 133.776766984, 34.28472927 ], [ 133.77673543, 34.284679124 ], [ 133.776701083, 34.284572545 ], [ 133.77668407499999, 34.284520021 ], [ 133.776644780999987, 34.284394971 ], [ 133.776602327, 34.284266953 ], [ 133.776573367, 34.284179836 ], [ 133.776538026, 34.28406803 ], [ 133.77652332299999, 34.284022534 ], [ 133.77650996599999, 34.283990288 ], [ 133.776486333, 34.283937869 ], [ 133.77644981899999, 34.283865736 ], [ 133.776419299999986, 34.28380008 ], [ 133.776393917, 34.283743698 ], [ 133.776356942, 34.283663361 ], [ 133.776340006999988, 34.283633016 ], [ 133.776294681, 34.283556394 ], [ 133.776292512, 34.283557481 ], [ 133.77618017, 34.283381296 ], [ 133.776136162, 34.283309179 ], [ 133.776119254, 34.283286768 ], [ 133.77607182599999, 34.283231518 ], [ 133.776052308, 34.283208481 ], [ 133.77603845499999, 34.283190481 ], [ 133.776028722, 34.283170308 ], [ 133.776022893, 34.283147962 ], [ 133.776019214, 34.283119029 ], [ 133.776023667, 34.283119019 ], [ 133.77602142500001, 34.283097747 ], [ 133.776017732000014, 34.283064307 ], [ 133.776009184, 34.283007888 ], [ 133.776006577, 34.283007894 ], [ 133.776000133, 34.282933826 ], [ 133.77665131, 34.283258475 ], [ 133.77675870600001, 34.283098428 ], [ 133.776959769, 34.282805593 ], [ 133.777065384999986, 34.282653168 ], [ 133.7771377, 34.28254707 ], [ 133.777167604, 34.282524643 ], [ 133.777224523, 34.28249332 ], [ 133.777285422, 34.282449906 ], [ 133.777305610000013, 34.282412445 ], [ 133.77755553599999, 34.281918537 ], [ 133.777578715, 34.28189901 ], [ 133.777394133, 34.281808279 ], [ 133.77724696199999, 34.281732248 ], [ 133.77719157199999, 34.281590745 ], [ 133.77718620499999, 34.281577035 ], [ 133.777127989, 34.281550832 ], [ 133.776951282999988, 34.281493305 ], [ 133.77667342699999, 34.281423051 ], [ 133.776641425, 34.281335355 ], [ 133.776603755, 34.281321141 ], [ 133.77643982699999, 34.281245057 ], [ 133.776106188, 34.281098122 ], [ 133.776311754, 34.280768115 ], [ 133.776378552000011, 34.280659216 ], [ 133.776431831999986, 34.280567991 ], [ 133.776251887, 34.280502402 ], [ 133.77623372, 34.280493607 ], [ 133.776232224000012, 34.280468006 ], [ 133.776235430000014, 34.28045186 ], [ 133.776241453000011, 34.280433996 ], [ 133.776248245, 34.280418383 ], [ 133.776261092, 34.280394643 ], [ 133.77587056199999, 34.280272998 ], [ 133.776010154, 34.279998532 ], [ 133.77592352, 34.279960212 ], [ 133.775904043, 34.279949257 ], [ 133.77588369, 34.27993614 ], [ 133.775869965, 34.279924089 ], [ 133.775857968999986, 34.27990906 ], [ 133.775848153999988, 34.279896911 ], [ 133.775840699000014, 34.27987556 ], [ 133.775830415, 34.279852774 ], [ 133.775821341000011, 34.279834492 ], [ 133.775807047, 34.279814419 ], [ 133.775798982999987, 34.279805962 ], [ 133.775793647, 34.279801917 ], [ 133.77578494799999, 34.279798781 ], [ 133.775743562, 34.279796981 ], [ 133.775580811, 34.279747851 ], [ 133.775529498, 34.27973291 ], [ 133.775514826, 34.279729968 ], [ 133.77550516, 34.279729989 ], [ 133.775495395, 34.279732986 ], [ 133.775478701, 34.279742941 ], [ 133.77542689500001, 34.279776416 ], [ 133.775385589, 34.279799589 ], [ 133.775245833000014, 34.279774118 ], [ 133.775214009, 34.279773919 ], [ 133.77502184, 34.279662465 ], [ 133.774848286, 34.279564222 ], [ 133.774688551999986, 34.279473611 ], [ 133.77468439099999, 34.279463432 ], [ 133.774571592, 34.279240527 ], [ 133.77452842, 34.279133931 ], [ 133.774518655, 34.27912345 ], [ 133.77450597, 34.279113777 ], [ 133.774483554, 34.279104126 ], [ 133.774469919000012, 34.279102543 ], [ 133.774427113, 34.279108301 ], [ 133.774355157, 34.279127855 ], [ 133.774310708, 34.279136105 ], [ 133.774168686, 34.27915825 ], [ 133.77407335, 34.279172203 ], [ 133.774035414, 34.279179554 ], [ 133.773981936000013, 34.279196651 ], [ 133.77392654799999, 34.279224255 ], [ 133.773887709, 34.27925101 ], [ 133.773830412, 34.27929317 ], [ 133.773782046, 34.279332649 ], [ 133.77373546199999, 34.27937236 ], [ 133.773701506, 34.279407994 ], [ 133.773672432000012, 34.27944524 ], [ 133.773655982, 34.279476796 ], [ 133.773610077, 34.279581959 ], [ 133.773589246, 34.279639273 ], [ 133.773558517999987, 34.279712226 ], [ 133.77358895, 34.279866363 ], [ 133.773599182, 34.279973718 ], [ 133.77358872, 34.280197423 ], [ 133.77356946099999, 34.280220456 ], [ 133.773560710999988, 34.280235081 ], [ 133.773558466, 34.280245905 ], [ 133.773559373000012, 34.280257804 ], [ 133.77356408, 34.280269063 ], [ 133.77357693499999, 34.280281025 ], [ 133.773561667, 34.28039592 ], [ 133.773549097, 34.280472041 ], [ 133.773545555999988, 34.280485122 ], [ 133.773541447000014, 34.280490991 ], [ 133.773537229, 34.28049632 ], [ 133.773516097, 34.280511063 ], [ 133.773509163999989, 34.280516488 ], [ 133.773501796, 34.280522184 ], [ 133.77349661, 34.28053058 ], [ 133.7734948, 34.280541764 ], [ 133.773495371, 34.280550418 ], [ 133.773500404, 34.280561586 ], [ 133.773508693999986, 34.280572657 ], [ 133.773521319, 34.280580653 ], [ 133.773534583000014, 34.280584951 ], [ 133.773523426, 34.28062771 ], [ 133.773546135, 34.280630455 ], [ 133.773543455, 34.28064137 ], [ 133.77352226799999, 34.280639073 ], [ 133.773516801, 34.280678123 ], [ 133.77350655699999, 34.280751264 ], [ 133.773474943999986, 34.280883145 ], [ 133.773424533999986, 34.281013085 ], [ 133.773353585, 34.281206541 ], [ 133.773236806999989, 34.281670302 ], [ 133.773108994000012, 34.282114613 ], [ 133.773093553, 34.282176135 ], [ 133.77307643099999, 34.282221793 ], [ 133.773021484999987, 34.282326498 ], [ 133.773042247, 34.282331861 ], [ 133.773007855, 34.282444545 ], [ 133.77298653599999, 34.282502022 ], [ 133.772936189, 34.282577939 ], [ 133.772906659, 34.282622471 ], [ 133.772853801999986, 34.282701476 ], [ 133.772796499, 34.282782836 ], [ 133.772738124, 34.282868615 ], [ 133.772658637, 34.282975359 ], [ 133.772508966, 34.283177194 ], [ 133.772436626, 34.28327761 ], [ 133.772426905, 34.283294311 ], [ 133.772426851, 34.283294401 ] ] ] } },
{ "type": "Feature", "properties": { "A29_001": "37202", "A29_002": "香川県", "A29_003": "丸亀市", "A29_004": 3, "A29_005": "第一種中高層住居専用地域", "A29_006": 60, "A29_007": 200, "A29_008": null }, "geometry": { "type": "Polygon", "coordinates": [ [ [ 133.797530891, 34.282010021 ], [ 133.797936217, 34.28214622 ], [ 133.798194388000013, 34.282249616 ], [ 133.798674293, 34.282423326 ], [ 133.798959559, 34.28252824 ], [ 133.799125409999988, 34.282128907 ], [ 133.79923605499999, 34.281773542 ], [ 133.799410782, 34.281286607 ], [ 133.799967071999987, 34.281433132 ], [ 133.800158415, 34.281277133 ], [ 133.800237528, 34.2809533 ], [ 133.799998845, 34.280782856 ], [ 133.80005504, 34.280700098 ], [ 133.800085688, 34.280638481 ], [ 133.800177, 34.28046191 ], [ 133.800198735, 34.280416408 ], [ 133.800227954, 34.28034403 ], [ 133.80023443499999, 34.280318563 ], [ 133.80023656099999, 34.280299471 ], [ 133.80026172399999, 34.280295767 ], [ 133.800303294, 34.280291121 ], [ 133.800358018, 34.280286443 ], [ 133.80039412799999, 34.280285444 ], [ 133.800439022, 34.280289878 ], [ 133.800434661, 34.280251752 ], [ 133.800433354, 34.280189727 ], [ 133.800442229, 34.280150487 ], [ 133.800502601, 34.280023847 ], [ 133.800595929999986, 34.279825642 ], [ 133.800537131999988, 34.279808196 ], [ 133.80058622199999, 34.27955751 ], [ 133.80059498599999, 34.27956022 ], [ 133.80064418399999, 34.279584072 ], [ 133.80072541199999, 34.279647506 ], [ 133.800849125000013, 34.279100523 ], [ 133.80124071, 34.2790742 ], [ 133.801490263, 34.279068131 ], [ 133.80152637, 34.279063499 ], [ 133.801537278000012, 34.279055295 ], [ 133.801538332, 34.279043472 ], [ 133.801525575, 34.278840802 ], [ 133.801531286, 34.278739911 ], [ 133.801183329999986, 34.278622895 ], [ 133.80006355399999, 34.278248648 ], [ 133.799580053, 34.278090143 ], [ 133.79930145, 34.27800109 ], [ 133.799299635000011, 34.27800389 ], [ 133.79906033200001, 34.278382441 ], [ 133.798934343000013, 34.278580987 ], [ 133.798739500000011, 34.278854703 ], [ 133.79860217699999, 34.279045712 ], [ 133.798360895, 34.279443949 ], [ 133.79829258699999, 34.27955976 ], [ 133.79825617899999, 34.279648573 ], [ 133.798165993, 34.279892624 ], [ 133.797945201, 34.280481394 ], [ 133.79812609199999, 34.280539403 ], [ 133.798092007, 34.280667708 ], [ 133.79805196, 34.280818215 ], [ 133.798289821999987, 34.280880206 ], [ 133.7979413, 34.281385747 ], [ 133.797713657, 34.281724084 ], [ 133.797530891, 34.282010021 ] ] ] } },
{ "type": "Feature", "properties": { "A29_001": "37202", "A29_002": "香川県", "A29_003": "丸亀市", "A29_004": 6, "A29_005": "第二種住居地域", "A29_006": 60, "A29_007": 200, "A29_008": null }, "geometry": { "type": "Polygon", "coordinates": [ [ [ 133.797215222, 34.282372427 ], [ 133.797254634000012, 34.282297194 ], [ 133.797292602999988, 34.282250364 ], [ 133.79738668499999, 34.282161187 ], [ 133.797486214, 34.282067479 ], [ 133.797530891, 34.282010021 ], [ 133.797713657, 34.281724084 ], [ 133.7979413, 34.281385747 ], [ 133.798289821999987, 34.280880206 ], [ 133.79805196, 34.280818215 ], [ 133.798092007, 34.280667708 ], [ 133.79812609199999, 34.280539403 ], [ 133.797945201, 34.280481394 ], [ 133.798165993, 34.279892624 ], [ 133.79825617899999, 34.279648573 ], [ 133.79829258699999, 34.27955976 ], [ 133.798360895, 34.279443949 ], [ 133.79860217699999, 34.279045712 ], [ 133.798739500000011, 34.278854703 ], [ 133.798934343000013, 34.278580987 ], [ 133.79906033200001, 34.278382441 ], [ 133.799299635000011, 34.27800389 ], [ 133.79930145, 34.27800109 ], [ 133.799495881000013, 34.277701139 ], [ 133.79882860399999, 34.27744297 ], [ 133.798319416999988, 34.278260371 ], [ 133.798271209, 34.278328774 ], [ 133.798158505, 34.278476311 ], [ 133.79804301499999, 34.278631456 ], [ 133.79796446099999, 34.278746228 ], [ 133.797797132, 34.279025042 ], [ 133.797718933, 34.279163488 ], [ 133.797628081, 34.279363814 ], [ 133.797552157000013, 34.279562651 ], [ 133.797488119, 34.279731825 ], [ 133.797338639, 34.280126853 ], [ 133.79720813599999, 34.280427232 ], [ 133.797086019, 34.280737724 ], [ 133.797049679, 34.280827582 ], [ 133.797081305, 34.281120229 ], [ 133.797150316, 34.281706275 ], [ 133.797192956, 34.282138053 ], [ 133.797215222, 34.282372427 ] ] ] } },
{ "type": "Feature", "properties": { "A29_001": "37202", "A29_002": "香川県", "A29_003": "丸亀市", "A29_004": 3, "A29_005": "第一種中高層住居専用地域", "A29_006": 60, "A29_007": 200, "A29_008": null }, "geometry": { "type": "Polygon", "coordinates": [ [ [ 133.79166174400001, 34.277597997 ], [ 133.790962565, 34.278860558 ], [ 133.790775109, 34.279221228 ], [ 133.79047957200001, 34.27979626 ], [ 133.7902512, 34.280223958 ], [ 133.790061122999987, 34.280556892 ], [ 133.79049469099999, 34.280734061 ], [ 133.79059485799999, 34.280817454 ], [ 133.790596058, 34.280828522 ], [ 133.790598456999987, 34.28086934 ], [ 133.790598804000012, 34.280954177 ], [ 133.790601737, 34.280963799 ], [ 133.790612212000013, 34.280974846 ], [ 133.79063623, 34.280988349 ], [ 133.79072682, 34.281034808 ], [ 133.790638024, 34.281165702 ], [ 133.79113105, 34.281393136 ], [ 133.791724851999987, 34.281649412 ], [ 133.79259828, 34.282014541 ], [ 133.792911376, 34.282138607 ], [ 133.793167711, 34.281862193 ], [ 133.79346238, 34.281293784 ], [ 133.79316810899999, 34.281035159 ], [ 133.792734147, 34.280902961 ], [ 133.79264235299999, 34.280891893 ], [ 133.79253234, 34.280857346 ], [ 133.79253105399999, 34.280812198 ], [ 133.79257945, 34.280720834 ], [ 133.792699828, 34.280524697 ], [ 133.792847727, 34.280293721 ], [ 133.79293734699999, 34.280282606 ], [ 133.793119717, 34.279966763 ], [ 133.793152319, 34.27990948 ], [ 133.79315879399999, 34.279884951 ], [ 133.793157616, 34.279858628 ], [ 133.793153157, 34.279835026 ], [ 133.793146541, 34.279818696 ], [ 133.793146506, 34.279808716 ], [ 133.793154103, 34.279791442 ], [ 133.793196545, 34.279734135 ], [ 133.793240860999987, 34.279675607 ], [ 133.793261531000013, 34.279644687 ], [ 133.793346265, 34.279487403 ], [ 133.79341052, 34.279412797 ], [ 133.793518197, 34.279306766 ], [ 133.793570488, 34.279252159 ], [ 133.793604233, 34.279208496 ], [ 133.793640403000012, 34.279162501 ], [ 133.79334805, 34.279041524 ], [ 133.793294379, 34.279014416 ], [ 133.79326806, 34.278991777 ], [ 133.793225224999986, 34.278935595 ], [ 133.79320873399999, 34.278909299 ], [ 133.793198765, 34.278872097 ], [ 133.79319650799999, 34.278853944 ], [ 133.79320512000001, 34.278813064 ], [ 133.793215937000014, 34.278778535 ], [ 133.793218069, 34.278763997 ], [ 133.79321692799999, 34.278751296 ], [ 133.793207024999987, 34.278733153 ], [ 133.793059115, 34.27864362 ], [ 133.792800777, 34.278477509 ], [ 133.79238475299999, 34.278315344 ], [ 133.792351354, 34.278292749 ], [ 133.792309697, 34.278262889 ], [ 133.79226929, 34.278226985 ], [ 133.792205740000014, 34.278185367 ], [ 133.79215753299999, 34.278158245 ], [ 133.792072131, 34.278123035 ], [ 133.792018455, 34.278094105 ], [ 133.791991263, 34.278076319 ], [ 133.791953952, 34.278037369 ], [ 133.791916637000014, 34.2779975 ], [ 133.79187602499999, 34.27794948 ], [ 133.791849434, 34.27791046 ], [ 133.79182612299999, 34.277915754 ], [ 133.791763678, 34.277712768 ], [ 133.791748234000011, 34.277671945 ], [ 133.79173504799999, 34.277652908 ], [ 133.79171638599999, 34.277632974 ], [ 133.79169008, 34.277613968 ], [ 133.79166174400001, 34.277597997 ] ] ] } },
{ "type": "Feature", "properties": { "A29_001": "37202", "A29_002": "香川県", "A29_003": "丸亀市", "A29_004": 5, "A29_005": "第一種住居地域", "A29_006": 60, "A29_007": 200, "A29_008": null }, "geometry": { "type": "Polygon", "coordinates": [ [ [ 133.779379847, 34.281661292 ], [ 133.779356807, 34.281532536 ], [ 133.779556429, 34.281168926 ], [ 133.77986703799999, 34.281293176 ], [ 133.77998481899999, 34.281339518 ], [ 133.78020875499999, 34.281430696 ], [ 133.780505315999989, 34.281576073 ], [ 133.78054522799999, 34.281601181 ], [ 133.780586645999989, 34.281559677 ], [ 133.780648259, 34.281483623 ], [ 133.78073649000001, 34.28135766 ], [ 133.78090346799999, 34.281095469 ], [ 133.780981596, 34.280985631 ], [ 133.781141272000013, 34.280742632 ], [ 133.78121776399999, 34.280624107 ], [ 133.781095478999987, 34.280565722 ], [ 133.780989626, 34.280516676 ], [ 133.780868477000013, 34.280456881 ], [ 133.780835639, 34.280439123 ], [ 133.78078810299999, 34.280420462 ], [ 133.780708887, 34.280392478 ], [ 133.780667026, 34.280382251 ], [ 133.780650874, 34.28037842 ], [ 133.780608199999989, 34.280368303 ], [ 133.780503497000012, 34.280354802 ], [ 133.780445818, 34.280346487 ], [ 133.780402841000011, 34.280340013 ], [ 133.78033724, 34.280327018 ], [ 133.780298778, 34.280319604 ], [ 133.78025582399999, 34.280316881 ], [ 133.780178948000014, 34.280313306 ], [ 133.780039910999989, 34.280315499 ], [ 133.780027835999988, 34.280329519 ], [ 133.78001543799999, 34.280340808 ], [ 133.779934242, 34.280397315 ], [ 133.779906047, 34.280417088 ], [ 133.779890271999989, 34.280432144 ], [ 133.779874506999988, 34.280450013 ], [ 133.779863266, 34.280469757 ], [ 133.77984995700001, 34.280494815 ], [ 133.779829838000012, 34.280562443 ], [ 133.77980520599999, 34.280634778 ], [ 133.779786204, 34.280698653 ], [ 133.779772723, 34.280724028 ], [ 133.779746866000011, 34.28076445 ], [ 133.779702898000011, 34.280826173 ], [ 133.77968369199999, 34.280818788 ], [ 133.77967853199999, 34.28081523 ], [ 133.77965568799999, 34.28083728 ], [ 133.779632733, 34.28085861 ], [ 133.779610636, 34.280876692 ], [ 133.779589076, 34.280892879 ], [ 133.77956610699999, 34.280910152 ], [ 133.77954768399999, 34.280922275 ], [ 133.779528282, 34.2809344 ], [ 133.779503127999988, 34.280947711 ], [ 133.779458135, 34.280972066 ], [ 133.779421926999987, 34.280992975 ], [ 133.779402827000013, 34.281004234 ], [ 133.779184081000011, 34.281352164 ], [ 133.779078997, 34.281516075 ], [ 133.779162387000014, 34.281554644 ], [ 133.779307921, 34.281627908 ], [ 133.779379847, 34.281661292 ] ] ] } },
{ "type": "Feature", "properties": { "A29_001": "37202", "A29_002": "香川県", "A29_003": "丸亀市", "A29_004": 1, "A29_005": "第一種低層住居専用地域", "A29_006": 60, "A29_007": 100, "A29_008": null }, "geometry": { "type": "Polygon", "coordinates": [ [ [ 133.784664684, 34.278767322 ], [ 133.784819411, 34.278845075 ], [ 133.784940431, 34.278901954 ], [ 133.785771103, 34.27930142 ], [ 133.787160512000014, 34.279960632 ], [ 133.787640428, 34.280179896 ], [ 133.788711804, 34.280711281 ], [ 133.789024801000011, 34.28027336 ], [ 133.789199456, 34.280024916 ], [ 133.78931735399999, 34.279847784 ], [ 133.789719612, 34.279036236 ], [ 133.789821566, 34.27885018 ], [ 133.79016097600001, 34.278226018 ], [ 133.790277435, 34.278039134 ], [ 133.790480365, 34.277763005 ], [ 133.79062450399999, 34.277581411 ], [ 133.79088908599999, 34.277175524 ], [ 133.790862198000013, 34.277125911 ], [ 133.791016266000014, 34.276891947 ], [ 133.791049106, 34.27690377 ], [ 133.791075260000014, 34.276866382 ], [ 133.791106528, 34.276831868 ], [ 133.791142102, 34.276786164 ], [ 133.791143940000012, 34.276783725 ], [ 133.791192239999987, 34.276712025 ], [ 133.791274437999988, 34.276580921 ], [ 133.791454327999986, 34.276308758 ], [ 133.791588647999987, 34.276099913 ], [ 133.79176771499999, 34.275816274 ], [ 133.791864608, 34.275657727 ], [ 133.79190883699999, 34.275583737 ], [ 133.791946822, 34.275541426 ], [ 133.792012295, 34.275486743 ], [ 133.792048152, 34.275444436 ], [ 133.792132525999989, 34.275340446 ], [ 133.792372664999988, 34.275014918 ], [ 133.792613996, 34.275121909 ], [ 133.792795235, 34.274852329 ], [ 133.792890539000012, 34.274850343 ], [ 133.792892053, 34.274676191 ], [ 133.792931708, 34.274611372 ], [ 133.792971376, 34.27444416 ], [ 133.793069895, 34.274166753 ], [ 133.793078200999986, 34.274119238 ], [ 133.793084351, 34.274057655 ], [ 133.793090447999987, 34.273983765 ], [ 133.793090307999989, 34.273943303 ], [ 133.793094464, 34.273920429 ], [ 133.79311973599999, 34.273879906 ], [ 133.793157677000011, 34.273825278 ], [ 133.793208349, 34.273777662 ], [ 133.793302133999987, 34.273704428 ], [ 133.793065649, 34.27359721 ], [ 133.792879158, 34.273528776 ], [ 133.79267873500001, 34.273451448 ], [ 133.792864062, 34.273184139 ], [ 133.793010899, 34.272982889 ], [ 133.792788279, 34.272873925 ], [ 133.793048863, 34.272465339 ], [ 133.79300409199999, 34.272444872 ], [ 133.792897208, 34.272407892 ], [ 133.792728497000013, 34.272329768 ], [ 133.792615684, 34.272273689 ], [ 133.792429515, 34.272187518 ], [ 133.792339687, 34.272145512 ], [ 133.7921992, 34.272085712 ], [ 133.791838864999988, 34.271862925 ], [ 133.791852213999988, 34.271847792 ], [ 133.791883324, 34.271780649 ], [ 133.791906092, 34.271741557 ], [ 133.792099105, 34.271483183 ], [ 133.792235685, 34.271290019 ], [ 133.792308791000011, 34.271169718 ], [ 133.792385876999987, 34.271047975 ], [ 133.792233857000014, 34.27097833 ], [ 133.79183430399999, 34.27081011 ], [ 133.79169723699999, 34.270739798 ], [ 133.79149923899999, 34.27064517 ], [ 133.79175446299999, 34.270247581 ], [ 133.791622899, 34.270194845 ], [ 133.791752441999989, 34.270011345 ], [ 133.791742954, 34.270006229 ], [ 133.791226912000013, 34.269758801 ], [ 133.791410202, 34.269468779 ], [ 133.79142059599999, 34.269453445 ], [ 133.791311947, 34.269403657 ], [ 133.79115864799999, 34.269339946 ], [ 133.79092083399999, 34.269233403 ], [ 133.79085371, 34.26934067 ], [ 133.790840255, 34.269334535 ], [ 133.79061728799999, 34.269225324 ], [ 133.79057892099999, 34.269244285 ], [ 133.79049193, 34.26928096 ], [ 133.79018026899999, 34.269429936 ], [ 133.789756161000014, 34.269619243 ], [ 133.789660964, 34.269656937 ], [ 133.789457664, 34.269731518 ], [ 133.78921125299999, 34.269816515 ], [ 133.788801769, 34.269948434 ], [ 133.78850591599999, 34.270037585 ], [ 133.788168371000012, 34.270148831 ], [ 133.788134375, 34.270204638 ], [ 133.788077832999988, 34.270266655 ], [ 133.788075026, 34.270284386 ], [ 133.78804262599999, 34.27036885 ], [ 133.787997012, 34.270463623 ], [ 133.787929393000013, 34.270602084 ], [ 133.787870629, 34.270726189 ], [ 133.787824594, 34.27082502 ], [ 133.78778112, 34.270910591 ], [ 133.78775421099999, 34.270958844 ], [ 133.787727042, 34.271007548 ], [ 133.787718082999987, 34.271023527 ], [ 133.78768969399999, 34.271074082 ], [ 133.787682276, 34.271096458 ], [ 133.78767887, 34.271116661 ], [ 133.787680220999988, 34.271130543 ], [ 133.787622147, 34.271202264 ], [ 133.787578553, 34.271252584 ], [ 133.787562654, 34.271271735 ], [ 133.787469792, 34.271364725 ], [ 133.78745127, 34.271379104 ], [ 133.787432302000013, 34.271390147 ], [ 133.78733173099999, 34.27145169 ], [ 133.787274282, 34.271451825 ], [ 133.787252908, 34.271489561 ], [ 133.787162247999987, 34.271623658 ], [ 133.787117615999989, 34.271688225 ], [ 133.78704523799999, 34.271801182 ], [ 133.78700254899999, 34.271862589 ], [ 133.786896662, 34.272022056 ], [ 133.786905037999986, 34.272026093 ], [ 133.786918332, 34.272039225 ], [ 133.786965105, 34.272061294 ], [ 133.787012205, 34.272083453 ], [ 133.787201376000013, 34.272175872 ], [ 133.78747169799999, 34.272307951 ], [ 133.78757962200001, 34.272364226 ], [ 133.787843529000014, 34.272493434 ], [ 133.788140499, 34.272636808 ], [ 133.78818651, 34.272657977 ], [ 133.788349559000011, 34.272732695 ], [ 133.788372399999986, 34.2727431 ], [ 133.78839197799999, 34.272751528 ], [ 133.788453862000011, 34.27277807 ], [ 133.78848356, 34.272792605 ], [ 133.78854670699999, 34.272813319 ], [ 133.788617534, 34.272821861 ], [ 133.78874340199999, 34.272824838 ], [ 133.788866643, 34.272827811 ], [ 133.78895971, 34.272823237 ], [ 133.789082893, 34.272812741 ], [ 133.789108744, 34.272813942 ], [ 133.789152871, 34.272823935 ], [ 133.789228535, 34.272846386 ], [ 133.78926535, 34.272874771 ], [ 133.78928512600001, 34.272906307 ], [ 133.789297032, 34.272938934 ], [ 133.789303138, 34.272981113 ], [ 133.789289964, 34.273025205 ], [ 133.78927288599999, 34.273080692 ], [ 133.78924871000001, 34.273124746 ], [ 133.789196831, 34.273197535 ], [ 133.789157272000011, 34.273252986 ], [ 133.789131766, 34.273289379 ], [ 133.78911715699999, 34.27330447 ], [ 133.789100487000013, 34.273320648 ], [ 133.78903477, 34.273380217 ], [ 133.789009763, 34.273403717 ], [ 133.78897579299999, 34.273441933 ], [ 133.788961309, 34.273462163 ], [ 133.788943265, 34.273489343 ], [ 133.788888858, 34.273585219 ], [ 133.788834365000014, 34.273688127 ], [ 133.788804475, 34.273744636 ], [ 133.788790016, 34.273771898 ], [ 133.788720998, 34.273882774 ], [ 133.788633847, 34.273899568 ], [ 133.788461132, 34.274143491 ], [ 133.788382715000012, 34.274256291 ], [ 133.788535053, 34.274326346 ], [ 133.788477943, 34.274413419 ], [ 133.78860909, 34.274479322 ], [ 133.788563457, 34.274562618 ], [ 133.78869982, 34.274629438 ], [ 133.788683771, 34.274652357 ], [ 133.78847711899999, 34.274944865 ], [ 133.788337582999986, 34.275141917 ], [ 133.78806954699999, 34.275524095 ], [ 133.788057568999989, 34.275546572 ], [ 133.788027519, 34.275588386 ], [ 133.78794363899999, 34.275704977 ], [ 133.787856420999987, 34.27583023 ], [ 133.78777879399999, 34.275933463 ], [ 133.787251002, 34.276676969 ], [ 133.78719576899999, 34.276755085 ], [ 133.787045533, 34.27696902 ], [ 133.786746152, 34.277399052 ], [ 133.786447935000012, 34.277821056 ], [ 133.786227325, 34.278133427 ], [ 133.78610996399999, 34.278287879 ], [ 133.78601126800001, 34.278283773 ], [ 133.785989357, 34.278259752 ], [ 133.785963654, 34.278238895 ], [ 133.78590041699999, 34.278198652 ], [ 133.78578483699999, 34.278128509 ], [ 133.785608534, 34.278022894 ], [ 133.78547216199999, 34.277938464 ], [ 133.785432222999987, 34.277914665 ], [ 133.785400447, 34.277896437 ], [ 133.785360534, 34.277880392 ], [ 133.785326551, 34.277867642 ], [ 133.78524369199999, 34.277982993 ], [ 133.78503754499999, 34.278269994 ], [ 133.784664684, 34.278767322 ] ] ] } },
{ "type": "Feature", "properties": { "A29_001": "37202", "A29_002": "香川県", "A29_003": "丸亀市", "A29_004": 3, "A29_005": "第一種中高層住居専用地域", "A29_006": 60, "A29_007": 200, "A29_008": null }, "geometry": { "type": "Polygon", "coordinates": [ [ [ 133.862438211000011, 34.279087827 ], [ 133.86243782, 34.279135963 ], [ 133.862428623999989, 34.279166959 ], [ 133.862410224, 34.279222316 ], [ 133.86240367900001, 34.279251087 ], [ 133.862403769, 34.279272102 ], [ 133.86241187600001, 34.27929863 ], [ 133.862449547000011, 34.27938589 ], [ 133.862462891, 34.279417667 ], [ 133.862465652999987, 34.279438674 ], [ 133.862468423, 34.279464109 ], [ 133.862469943, 34.279509453 ], [ 133.862468721999988, 34.27953379 ], [ 133.862459586999989, 34.279579157 ], [ 133.862437357, 34.279673239 ], [ 133.86243740899999, 34.27968541 ], [ 133.862438781, 34.279696469 ], [ 133.86244947899999, 34.27970639 ], [ 133.86248418, 34.279721768 ], [ 133.862558842999988, 34.279740354 ], [ 133.862644198999988, 34.279765535 ], [ 133.862724242000013, 34.279795167 ], [ 133.86278663499999, 34.279746315 ], [ 133.86283974599999, 34.279708553 ], [ 133.862846561, 34.279745029 ], [ 133.862857037999987, 34.279810019 ], [ 133.862861116, 34.279828814 ], [ 133.862869171999989, 34.27984317 ], [ 133.862887895999989, 34.279860813 ], [ 133.862906595999988, 34.27987292 ], [ 133.862935942, 34.279882786 ], [ 133.863041224, 34.279896854 ], [ 133.863145137, 34.279903182 ], [ 133.86319974599999, 34.27990302 ], [ 133.863278312, 34.279897261 ], [ 133.863436729, 34.279879093 ], [ 133.863476486, 34.279877875 ], [ 133.863512469999989, 34.279883304 ], [ 133.86363912499999, 34.279909471 ], [ 133.863804519000013, 34.279965391 ], [ 133.863935217, 34.280004817 ], [ 133.863920089, 34.280121228 ], [ 133.86392777399999, 34.28034191 ], [ 133.864125027999989, 34.280370805 ], [ 133.864195652, 34.280376907 ], [ 133.86441711099999, 34.280382217 ], [ 133.864805632000014, 34.280394305 ], [ 133.865108146000011, 34.280439285 ], [ 133.865267329, 34.280454859 ], [ 133.865489367, 34.280463483 ], [ 133.86549156699999, 34.280369532 ], [ 133.865476217, 34.280343532 ], [ 133.865460133, 34.280321455 ], [ 133.865449369, 34.280296054 ], [ 133.86543991, 34.280266213 ], [ 133.865434467999989, 34.280238578 ], [ 133.865432927, 34.280191024 ], [ 133.865434042, 34.280140145 ], [ 133.865437809000014, 34.28008704 ], [ 133.865448133, 34.280015605 ], [ 133.865461149, 34.279943675 ], [ 133.865468921, 34.279894984 ], [ 133.865474081, 34.279855147 ], [ 133.865473799, 34.279789892 ], [ 133.865468235, 34.279731477 ], [ 133.865460082999988, 34.279695006 ], [ 133.865451951000011, 34.279662952 ], [ 133.865414364, 34.279593381 ], [ 133.865391547, 34.279553636 ], [ 133.865592029999988, 34.279566291 ], [ 133.866012987, 34.279587754 ], [ 133.866024063999987, 34.279584917 ], [ 133.866034656000011, 34.279570506 ], [ 133.86610217099999, 34.279192788 ], [ 133.866193538, 34.279068639 ], [ 133.866204829, 34.278969964 ], [ 133.866291673, 34.278834919 ], [ 133.866404010999986, 34.278818175 ], [ 133.86676337, 34.278786626 ], [ 133.867153561, 34.27875201 ], [ 133.867315171, 34.278741978 ], [ 133.867310269, 34.278534053 ], [ 133.867347711, 34.278467522 ], [ 133.867408289999986, 34.27831227 ], [ 133.867418267, 34.27828375 ], [ 133.86746234099999, 34.278154062 ], [ 133.86751418599999, 34.277978524 ], [ 133.867472811999988, 34.277959841 ], [ 133.86742347500001, 34.277945609 ], [ 133.86733150500001, 34.277930404 ], [ 133.867272882, 34.277926153 ], [ 133.867237104999987, 34.277923339 ], [ 133.867197105, 34.277913506 ], [ 133.86714906899999, 34.277893743 ], [ 133.86708096800001, 34.277853025 ], [ 133.866851227000012, 34.277702185 ], [ 133.86673764599999, 34.277617353 ], [ 133.866884664999986, 34.277439321 ], [ 133.866944321, 34.277373878 ], [ 133.86699338, 34.277323964 ], [ 133.867038509, 34.277287324 ], [ 133.867080982, 34.277254019 ], [ 133.867116855, 34.277234005 ], [ 133.867164487, 34.277210953 ], [ 133.86720572499999, 34.277200867 ], [ 133.86723370199999, 34.277200783 ], [ 133.867445973, 34.277212868 ], [ 133.867831373, 34.277526542 ], [ 133.867968432, 34.277675341 ], [ 133.868073599000013, 34.277807917 ], [ 133.8681901, 34.277996627 ], [ 133.868312135, 34.278186501 ], [ 133.86838184199999, 34.278289152 ], [ 133.86846510699999, 34.278404817 ], [ 133.868532283, 34.278487407 ], [ 133.868637444, 34.278593296 ], [ 133.868706995, 34.278639986 ], [ 133.868827872999987, 34.278716401 ], [ 133.868967184000013, 34.278807915 ], [ 133.86900004, 34.278828227 ], [ 133.869008283999989, 34.278840834 ], [ 133.869006879000011, 34.278854902 ], [ 133.86898760299999, 34.278927393 ], [ 133.86907079, 34.278950475 ], [ 133.869124719000013, 34.27898139 ], [ 133.869481197999988, 34.279190157 ], [ 133.869842575, 34.279396077 ], [ 133.869854194999988, 34.279378551 ], [ 133.86986734300001, 34.27934033 ], [ 133.86989990699999, 34.279261434 ], [ 133.869971451999987, 34.279056741 ], [ 133.870007816, 34.278952861 ], [ 133.87003307399999, 34.27884281 ], [ 133.870095743, 34.278734153 ], [ 133.870156193000014, 34.278639693 ], [ 133.87021649, 34.278534829 ], [ 133.870325576999988, 34.278324577 ], [ 133.870418371, 34.278163447 ], [ 133.87015519799999, 34.27793196 ], [ 133.870108724, 34.277899437 ], [ 133.870041867999987, 34.277865631 ], [ 133.869929289999988, 34.277814455 ], [ 133.869819065, 34.277765228 ], [ 133.869684204, 34.277702462 ], [ 133.869630261, 34.277678327 ], [ 133.86957891899999, 34.277652616 ], [ 133.869516715, 34.27761198 ], [ 133.86942983599999, 34.277549069 ], [ 133.86935584, 34.27748904 ], [ 133.86928540299999, 34.277440657 ], [ 133.869229069999989, 34.277403899 ], [ 133.869157505, 34.277363291 ], [ 133.869107248, 34.277337369 ], [ 133.86906435099999, 34.277318087 ], [ 133.868933915000014, 34.277268623 ], [ 133.868750044, 34.277214207 ], [ 133.86887207800001, 34.277020822 ], [ 133.86870315199999, 34.276929009 ], [ 133.868532582, 34.276838608 ], [ 133.86832952, 34.27669677 ], [ 133.868161243, 34.276561588 ], [ 133.86799516, 34.276406566 ], [ 133.867852328999987, 34.276298661 ], [ 133.868097502000012, 34.276162833 ], [ 133.868267936, 34.276063193 ], [ 133.868821563000012, 34.276294234 ], [ 133.869090043, 34.276405193 ], [ 133.869110080000013, 34.276437202 ], [ 133.86913598699999, 34.276473088 ], [ 133.869174786, 34.276513785 ], [ 133.869214714, 34.276544769 ], [ 133.869247578, 34.27656702 ], [ 133.86955106799999, 34.276726045 ], [ 133.869620295, 34.276768597 ], [ 133.86968018499999, 34.2768141 ], [ 133.86976937099999, 34.276898083 ], [ 133.86979879099999, 34.276934922 ], [ 133.869818823, 34.276965966 ], [ 133.86985067399999, 34.277022236 ], [ 133.86989191399999, 34.277087233 ], [ 133.869939085, 34.277169701 ], [ 133.86996947899999, 34.277208071 ], [ 133.870000048, 34.277241986 ], [ 133.870029426, 34.277269116 ], [ 133.870063463, 34.277291363 ], [ 133.870095135000014, 34.277306819 ], [ 133.870132646, 34.277321285 ], [ 133.870192413000012, 34.277338595 ], [ 133.87029666399999, 34.277360639 ], [ 133.87050334599999, 34.277390992 ], [ 133.870650930000011, 34.277417755 ], [ 133.870716539999989, 34.277435047 ], [ 133.870752898, 34.277451463 ], [ 133.87076463299999, 34.277460173 ], [ 133.870778761, 34.277479568 ], [ 133.870791774, 34.277509659 ], [ 133.870820098, 34.277563993 ], [ 133.870868468999987, 34.277652291 ], [ 133.870901526000011, 34.277718276 ], [ 133.870910955999989, 34.277733799 ], [ 133.870926021, 34.277748891 ], [ 133.87096476100001, 34.277775993 ], [ 133.871038669, 34.277815609 ], [ 133.871111387000013, 34.277851353 ], [ 133.871190609, 34.277901646 ], [ 133.871246358, 34.277938893 ], [ 133.87131267, 34.277982427 ], [ 133.87140828, 34.278047186 ], [ 133.871403527000012, 34.278030674 ], [ 133.87137629, 34.277957116 ], [ 133.87137623699999, 34.277944963 ], [ 133.871377384, 34.277939136 ], [ 133.87138145099999, 34.277932803 ], [ 133.871394278, 34.277923046 ], [ 133.871418806, 34.277911792 ], [ 133.871445118, 34.277905879 ], [ 133.871490138000013, 34.277898944 ], [ 133.871610600999986, 34.277880602 ], [ 133.871595383, 34.277798821 ], [ 133.871621319000013, 34.277793874 ], [ 133.871579593, 34.277611621 ], [ 133.871616431, 34.277603738 ], [ 133.871629860000013, 34.277597377 ], [ 133.871631591000011, 34.277593486 ], [ 133.871627525, 34.277575314 ], [ 133.871578669, 34.277381714 ], [ 133.87149789099999, 34.277165491 ], [ 133.871415917, 34.276775899 ], [ 133.871264978, 34.276714454 ], [ 133.871077074999988, 34.276617518 ], [ 133.871052365, 34.276597154 ], [ 133.871044754, 34.276587738 ], [ 133.87103898399999, 34.276567317 ], [ 133.871023536, 34.276499736 ], [ 133.871004105, 34.276388144 ], [ 133.87094889799999, 34.276313418 ], [ 133.870912083, 34.276155519 ], [ 133.87077783, 34.275681968 ], [ 133.87052423899999, 34.275088057 ], [ 133.870478991999988, 34.274973694 ], [ 133.870439850999986, 34.274971215 ], [ 133.870091226999989, 34.274868552 ], [ 133.869840903000011, 34.274785957 ], [ 133.86975444699999, 34.274871236 ], [ 133.869675269, 34.274951679 ], [ 133.869556402, 34.275051111 ], [ 133.869526285, 34.275090511 ], [ 133.869494425, 34.275166096 ], [ 133.86943811, 34.275279494 ], [ 133.869411418, 34.275247749 ], [ 133.869335729999989, 34.275150697 ], [ 133.86930072199999, 34.275117264 ], [ 133.869182752, 34.275061632 ], [ 133.869004138, 34.274971472 ], [ 133.868944454, 34.274957497 ], [ 133.868859458, 34.274966949 ], [ 133.868810179, 34.274973228 ], [ 133.868755873, 34.274972219 ], [ 133.868611003000012, 34.274842197 ], [ 133.868859084, 34.274615182 ], [ 133.868727516, 34.274454665 ], [ 133.868642426, 34.27433302 ], [ 133.868631176, 34.274315833 ], [ 133.868547285, 34.27406067 ], [ 133.868291992, 34.273986038 ], [ 133.868084331, 34.273928367 ], [ 133.868034953, 34.273919256 ], [ 133.86796812099999, 34.273690384 ], [ 133.868123462999989, 34.273649708 ], [ 133.868098151, 34.27357342 ], [ 133.86799862699999, 34.273286414 ], [ 133.868108588000013, 34.273256936 ], [ 133.868076237, 34.273155011 ], [ 133.86796777399999, 34.273161964 ], [ 133.867865697000013, 34.273168888 ], [ 133.867774806999989, 34.273181088 ], [ 133.867668538, 34.273195778 ], [ 133.867628696, 34.273206491 ], [ 133.86758567699999, 34.273218548 ], [ 133.867537897, 34.273237237 ], [ 133.86747260300001, 34.273266589 ], [ 133.867389822, 34.273307904 ], [ 133.867323172, 34.273350154 ], [ 133.867367187000013, 34.273564659 ], [ 133.86712869499999, 34.273659291 ], [ 133.867066576000013, 34.273682008 ], [ 133.867021937, 34.273688768 ], [ 133.866958974999989, 34.273662666 ], [ 133.86678534399999, 34.273580827 ], [ 133.86674067199999, 34.273582286 ], [ 133.866581558, 34.273639724 ], [ 133.866363252000014, 34.273701323 ], [ 133.866313818, 34.273706772 ], [ 133.866265935, 34.273704265 ], [ 133.866233982000011, 34.273693767 ], [ 133.86621478399999, 34.273681896 ], [ 133.866197164999988, 34.273666054 ], [ 133.866165063000011, 34.273621098 ], [ 133.866104279000012, 34.27352601 ], [ 133.866043313, 34.273446692 ], [ 133.866030599, 34.273459983 ], [ 133.866014697, 34.273471949 ], [ 133.865976472999989, 34.273485316 ], [ 133.865939817, 34.273494703 ], [ 133.86586330599999, 34.273512152 ], [ 133.86582507, 34.273522868 ], [ 133.865721584999989, 34.273573521 ], [ 133.865707286, 34.273586817 ], [ 133.865699377999988, 34.273604061 ], [ 133.86568787499999, 34.273683866 ], [ 133.865683955, 34.273796818 ], [ 133.865589653, 34.273823813 ], [ 133.865387801999987, 34.273868592 ], [ 133.865415463, 34.273989149 ], [ 133.865423514000014, 34.274005029 ], [ 133.865436321, 34.274015584 ], [ 133.8654539, 34.274022159 ], [ 133.86551293, 34.274023308 ], [ 133.865538485, 34.274028533 ], [ 133.86555448499999, 34.274039088 ], [ 133.865575314000012, 34.274058896 ], [ 133.86558651199999, 34.274066815 ], [ 133.865605687999988, 34.274073384 ], [ 133.865624846, 34.274075978 ], [ 133.865647174, 34.274075911 ], [ 133.865679116, 34.274083759 ], [ 133.865712653, 34.27408896 ], [ 133.865782012000011, 34.274095091 ], [ 133.86577607699999, 34.274164196 ], [ 133.865760681000012, 34.274212612 ], [ 133.865704085, 34.274350108 ], [ 133.86566905699999, 34.274427072 ], [ 133.86564549, 34.274459563 ], [ 133.865629969, 34.274476883 ], [ 133.865609221, 34.274490757 ], [ 133.865546978999987, 34.274525491 ], [ 133.865499269999987, 34.274555863 ], [ 133.86544121, 34.274598357 ], [ 133.865390600000012, 34.274645804 ], [ 133.865326388, 34.274707312 ], [ 133.865305705999987, 34.27473415 ], [ 133.865356767, 34.274763245 ], [ 133.86536096, 34.274771004 ], [ 133.865357862, 34.274775332 ], [ 133.865081053000011, 34.274923645 ], [ 133.86503950299999, 34.274934128 ], [ 133.865007295999987, 34.274940273 ], [ 133.864960518, 34.274947319 ], [ 133.86493352, 34.27495518 ], [ 133.864917944000013, 34.274962132 ], [ 133.864904456, 34.274969944 ], [ 133.864882736, 34.274997651 ], [ 133.864869304, 34.275015822 ], [ 133.864945702, 34.275069995 ], [ 133.864960126, 34.275085333 ], [ 133.86498518, 34.275107717 ], [ 133.865009183000012, 34.275125785 ], [ 133.865043573, 34.275142091 ], [ 133.865052956999989, 34.275147247 ], [ 133.8650561, 34.275153278 ], [ 133.865058223, 34.275164497 ], [ 133.86505223899999, 34.275222386 ], [ 133.86505444, 34.275251744 ], [ 133.865153848, 34.275191845 ], [ 133.865200550999987, 34.275170113 ], [ 133.865282611999987, 34.275147419 ], [ 133.86533353199999, 34.27513863 ], [ 133.86540317, 34.27512892 ], [ 133.865457139, 34.275124729 ], [ 133.865551254, 34.275214606 ], [ 133.865478384, 34.2753158 ], [ 133.865612155, 34.27550969 ], [ 133.865645511999986, 34.275563414 ], [ 133.865650127, 34.275575662 ], [ 133.86565072499999, 34.275613526 ], [ 133.865602647, 34.275872241 ], [ 133.865602588, 34.275883781 ], [ 133.865666441, 34.275982403 ], [ 133.865836228, 34.276216667 ], [ 133.86589602399999, 34.276331349 ], [ 133.865920104999987, 34.27639482 ], [ 133.865923304, 34.276411219 ], [ 133.86592231, 34.276422455 ], [ 133.865910934, 34.276436301 ], [ 133.86581293899999, 34.276539202 ], [ 133.865667946, 34.276681272 ], [ 133.86562409699999, 34.276642536 ], [ 133.865562503, 34.276586588 ], [ 133.865376735000012, 34.276391356 ], [ 133.865192998, 34.276190997 ], [ 133.865132361, 34.276117771 ], [ 133.865050779, 34.276012648 ], [ 133.864916926, 34.275830009 ], [ 133.864883799000012, 34.27584968 ], [ 133.86468616, 34.275980456 ], [ 133.864638025, 34.276025678 ], [ 133.86455086, 34.276237447 ], [ 133.864733669, 34.276369073 ], [ 133.864784896, 34.276411115 ], [ 133.86466028699999, 34.276779688 ], [ 133.864607043, 34.276899215 ], [ 133.864558528, 34.277007278 ], [ 133.864513233, 34.277136671 ], [ 133.86448039199999, 34.277237817 ], [ 133.86444825699999, 34.277250742 ], [ 133.864393188, 34.277262131 ], [ 133.864363039000011, 34.277264817 ], [ 133.864282062, 34.277262452 ], [ 133.864199869, 34.277254925 ], [ 133.864063555, 34.27723719 ], [ 133.863724606, 34.277154621 ], [ 133.863613221, 34.277129905 ], [ 133.863594498, 34.277129961 ], [ 133.863568504999989, 34.27713176 ], [ 133.86353836, 34.277135312 ], [ 133.863545369, 34.277191774 ], [ 133.863535797999987, 34.277238919 ], [ 133.863481130999986, 34.277381566 ], [ 133.86346537099999, 34.277429216 ], [ 133.863414035, 34.277513124 ], [ 133.863382322, 34.277563887 ], [ 133.863359046, 34.27760642 ], [ 133.863341947, 34.277645869 ], [ 133.863317493000011, 34.277717527 ], [ 133.863286042999988, 34.277778657 ], [ 133.863253958, 34.277843755 ], [ 133.863246564, 34.277867038 ], [ 133.863222682000014, 34.277970789 ], [ 133.86320818499999, 34.278037026 ], [ 133.863196877, 34.278064251 ], [ 133.86318021400001, 34.278083901 ], [ 133.863072034999988, 34.278181276 ], [ 133.863043952, 34.278202221 ], [ 133.863026486, 34.278211757 ], [ 133.863008989, 34.278216867 ], [ 133.862950398, 34.278225263 ], [ 133.862926049, 34.278230393 ], [ 133.862912383, 34.278237385 ], [ 133.862901004, 34.278248174 ], [ 133.862885126, 34.27827351 ], [ 133.862839734, 34.278343201 ], [ 133.862794371, 34.278417309 ], [ 133.862777886, 34.278440384 ], [ 133.86272941199999, 34.2785006 ], [ 133.862705190000014, 34.278532912 ], [ 133.862687052000012, 34.278565846 ], [ 133.862595715, 34.278741112 ], [ 133.862490888999986, 34.278944141 ], [ 133.862456900000012, 34.27900874 ], [ 133.862447132999989, 34.279038484 ], [ 133.862438211000011, 34.279087827 ] ] ] } },
{ "type": "Feature", "properties": { "A29_001": "37202", "A29_002": "香川県", "A29_003": "丸亀市", "A29_004": 3, "A29_005": "第一種中高層住居専用地域", "A29_006": 60, "A29_007": 200, "A29_008": null }, "geometry": { "type": "Polygon", "coordinates": [ [ [ 133.77646790899999, 34.280483982 ], [ 133.77648460099999, 34.280430274 ], [ 133.776495613, 34.280360232 ], [ 133.776497944, 34.280213198 ], [ 133.776505853, 34.280054494 ], [ 133.776508498, 34.280003143 ], [ 133.776527646, 34.279906974 ], [ 133.776552701000014, 34.279800531 ], [ 133.776575564000012, 34.279697763 ], [ 133.776580927999987, 34.279650977 ], [ 133.776583945999988, 34.279564194 ], [ 133.77658602599999, 34.279522915 ], [ 133.776596927000014, 34.279478866 ], [ 133.77661225599999, 34.279440316 ], [ 133.776792203000014, 34.279125882 ], [ 133.776888907999989, 34.278979833 ], [ 133.77694367699999, 34.278892888 ], [ 133.777005163000013, 34.278780854 ], [ 133.777043572999986, 34.278706477 ], [ 133.777044649, 34.278640552 ], [ 133.777076361000013, 34.278616841 ], [ 133.777284998, 34.278295597 ], [ 133.77741127499999, 34.278119594 ], [ 133.77748158, 34.27800479 ], [ 133.777617686000013, 34.277782865 ], [ 133.777620966, 34.277772769 ], [ 133.77761762599999, 34.277764518 ], [ 133.777605446, 34.277756296 ], [ 133.777411911, 34.277675106 ], [ 133.777340349000013, 34.277645236 ], [ 133.77727950900001, 34.277616028 ], [ 133.777247413999987, 34.277595923 ], [ 133.777202033, 34.27756484 ], [ 133.777155506000014, 34.277521841 ], [ 133.777126712000012, 34.277498059 ], [ 133.777095677, 34.277463275 ], [ 133.777082519, 34.27745153 ], [ 133.777054848, 34.277432335 ], [ 133.7770294, 34.277418634 ], [ 133.77697412399999, 34.277400412 ], [ 133.77689892, 34.277369405 ], [ 133.776546413, 34.277207205 ], [ 133.77645463799999, 34.277173477 ], [ 133.776127502, 34.277013896 ], [ 133.77610279699999, 34.277004864 ], [ 133.77601108799999, 34.277011138 ], [ 133.775766823, 34.276908999 ], [ 133.775601759000011, 34.276848243 ], [ 133.775561514, 34.276829851 ], [ 133.775095918, 34.276630206 ], [ 133.77508742099999, 34.276622472 ], [ 133.775026391000011, 34.276591053 ], [ 133.774870964, 34.276520989 ], [ 133.77473348699999, 34.27646008 ], [ 133.774612198, 34.276400848 ], [ 133.77453202800001, 34.276361448 ], [ 133.774479394, 34.27634065 ], [ 133.774433394999988, 34.276322451 ], [ 133.77433389699999, 34.276284447 ], [ 133.77426212200001, 34.276255306 ], [ 133.774102782999989, 34.276184077 ], [ 133.773983784, 34.276127273 ], [ 133.773686317, 34.27599821 ], [ 133.77367350599999, 34.276157205 ], [ 133.773635558, 34.276321016 ], [ 133.773623601, 34.276348054 ], [ 133.773597238, 34.276390135 ], [ 133.773580446000011, 34.276413181 ], [ 133.77355405, 34.276445255 ], [ 133.77352201799999, 34.276470994 ], [ 133.77350674600001, 34.276483741 ], [ 133.773487378, 34.276506143 ], [ 133.773448663000011, 34.276557529 ], [ 133.773416126, 34.276604934 ], [ 133.773319439, 34.276764369 ], [ 133.773277830000012, 34.276827482 ], [ 133.773214908999989, 34.276916599 ], [ 133.773174196000014, 34.276991728 ], [ 133.773126959, 34.277091169 ], [ 133.773057324, 34.277287236 ], [ 133.773049619, 34.277322686 ], [ 133.773045056, 34.277355784 ], [ 133.773044212, 34.277397258 ], [ 133.773040893, 34.27744568 ], [ 133.77303595699999, 34.277497712 ], [ 133.77303681699999, 34.277528454 ], [ 133.77304102799999, 34.27755441 ], [ 133.773056864000012, 34.277615231 ], [ 133.77307945699999, 34.27768325 ], [ 133.77313506199999, 34.277883907 ], [ 133.773190481, 34.278094392 ], [ 133.773230167, 34.278242072 ], [ 133.77329297, 34.278485538 ], [ 133.773355724, 34.278713677 ], [ 133.773439991, 34.2790111 ], [ 133.77348551599999, 34.279184371 ], [ 133.77351665399999, 34.279308178 ], [ 133.77354097700001, 34.279407027 ], [ 133.77355717399999, 34.279478486 ], [ 133.773578574, 34.279580226 ], [ 133.773589246, 34.279639273 ], [ 133.773610077, 34.279581959 ], [ 133.773655982, 34.279476796 ], [ 133.773672432000012, 34.27944524 ], [ 133.773701506, 34.279407994 ], [ 133.77373546199999, 34.27937236 ], [ 133.773782046, 34.279332649 ], [ 133.773830412, 34.27929317 ], [ 133.773887709, 34.27925101 ], [ 133.77392654799999, 34.279224255 ], [ 133.773981936000013, 34.279196651 ], [ 133.774035414, 34.279179554 ], [ 133.77407335, 34.279172203 ], [ 133.774168686, 34.27915825 ], [ 133.774310708, 34.279136105 ], [ 133.774355157, 34.279127855 ], [ 133.774427113, 34.279108301 ], [ 133.774469919000012, 34.279102543 ], [ 133.774483554, 34.279104126 ], [ 133.77450597, 34.279113777 ], [ 133.774518655, 34.27912345 ], [ 133.77452842, 34.279133931 ], [ 133.774571592, 34.279240527 ], [ 133.77468439099999, 34.279463432 ], [ 133.774688551999986, 34.279473611 ], [ 133.774848286, 34.279564222 ], [ 133.77502184, 34.279662465 ], [ 133.775214009, 34.279773919 ], [ 133.775245833000014, 34.279774118 ], [ 133.775385589, 34.279799589 ], [ 133.77542689500001, 34.279776416 ], [ 133.775478701, 34.279742941 ], [ 133.775495395, 34.279732986 ], [ 133.77550516, 34.279729989 ], [ 133.775514826, 34.279729968 ], [ 133.775529498, 34.27973291 ], [ 133.775580811, 34.279747851 ], [ 133.775743562, 34.279796981 ], [ 133.77578494799999, 34.279798781 ], [ 133.775793647, 34.279801917 ], [ 133.775798982999987, 34.279805962 ], [ 133.775807047, 34.279814419 ], [ 133.775821341000011, 34.279834492 ], [ 133.775830415, 34.279852774 ], [ 133.775840699000014, 34.27987556 ], [ 133.775848153999988, 34.279896911 ], [ 133.775857968999986, 34.27990906 ], [ 133.775869965, 34.279924089 ], [ 133.77588369, 34.27993614 ], [ 133.775904043, 34.279949257 ], [ 133.77592352, 34.279960212 ], [ 133.776010154, 34.279998532 ], [ 133.77587056199999, 34.280272998 ], [ 133.776261092, 34.280394643 ], [ 133.776248245, 34.280418383 ], [ 133.776241453000011, 34.280433996 ], [ 133.776235430000014, 34.28045186 ], [ 133.776232224000012, 34.280468006 ], [ 133.77623372, 34.280493607 ], [ 133.776251887, 34.280502402 ], [ 133.776431831999986, 34.280567991 ], [ 133.776437243, 34.280558729 ], [ 133.77646790899999, 34.280483982 ] ] ] } },
{ "type": "Feature", "properties": { "A29_001": "37202", "A29_002": "香川県", "A29_003": "丸亀市", "A29_004": 10, "A29_005": "準工業地域", "A29_006": 60, "A29_007": 200, "A29_008": null }, "geometry": { "type": "Polygon", "coordinates": [ [ [ 133.85603538399999, 34.279634982 ], [ 133.856057064999987, 34.279640752 ], [ 133.856156578999986, 34.279662732 ], [ 133.85636972399999, 34.279695605 ], [ 133.856457664, 34.279622989 ], [ 133.856527846, 34.279576408 ], [ 133.85661257699999, 34.279536267 ], [ 133.856660463, 34.279502733 ], [ 133.856722845, 34.279460809 ], [ 133.856766283000013, 34.279430994 ], [ 133.856817374, 34.279390184 ], [ 133.856835166, 34.279372506 ], [ 133.856878505, 34.279316726 ], [ 133.856948499, 34.279228393 ], [ 133.85696387199999, 34.279203627 ], [ 133.856978247, 34.279169263 ], [ 133.856997067, 34.279130251 ], [ 133.85701916799999, 34.279091464 ], [ 133.857054852, 34.279054215 ], [ 133.857080270000012, 34.279029348 ], [ 133.857122583, 34.278992981 ], [ 133.857198345, 34.278930552 ], [ 133.857209020999989, 34.278922794 ], [ 133.857327766999987, 34.279003148 ], [ 133.857393753999986, 34.279040749 ], [ 133.857409878999988, 34.27902451 ], [ 133.857583749000014, 34.278841705 ], [ 133.857622435, 34.278795341 ], [ 133.857664785, 34.278742358 ], [ 133.857196077999987, 34.278548561 ], [ 133.857035881, 34.278481978 ], [ 133.857042912, 34.278465071 ], [ 133.85716696, 34.278135184 ], [ 133.85725985, 34.277859934 ], [ 133.85732325399999, 34.277623536 ], [ 133.85736835599999, 34.277399634 ], [ 133.857399195, 34.277192903 ], [ 133.857418454, 34.276996033 ], [ 133.857428784, 34.27679378 ], [ 133.85742528899999, 34.276712018 ], [ 133.857422668999988, 34.276503671 ], [ 133.85738226, 34.275778148 ], [ 133.857441134999988, 34.275785874 ], [ 133.857786565, 34.27582679 ], [ 133.857947927, 34.275846604 ], [ 133.858089514, 34.27586405 ], [ 133.85814491299999, 34.275874229 ], [ 133.858275096, 34.275899129 ], [ 133.858345759, 34.275920759 ], [ 133.85843998499999, 34.275951506 ], [ 133.85854671199999, 34.275992567 ], [ 133.858676339, 34.27588646 ], [ 133.858717697, 34.275848419 ], [ 133.85878244599999, 34.275781576 ], [ 133.858816418, 34.275738309 ], [ 133.85887016699999, 34.275633659 ], [ 133.858912546, 34.275536796 ], [ 133.858929821, 34.275487159 ], [ 133.858948204, 34.275417324 ], [ 133.858978506, 34.275295071 ], [ 133.85901055, 34.275138013 ], [ 133.859024264999988, 34.275068552 ], [ 133.859029854999989, 34.275003983 ], [ 133.85903142399999, 34.274862071 ], [ 133.85903310399999, 34.274618641 ], [ 133.85903321, 34.2745668 ], [ 133.859017341999987, 34.274546173 ], [ 133.858906173, 34.274471515 ], [ 133.85877988199999, 34.274398226 ], [ 133.858750813, 34.274381361 ], [ 133.858638688000013, 34.274319391 ], [ 133.858593842, 34.27429536 ], [ 133.858553553, 34.274270594 ], [ 133.858520113, 34.274247251 ], [ 133.858477399, 34.274213928 ], [ 133.85843412299999, 34.274176008 ], [ 133.858387333, 34.274129082 ], [ 133.858361132999988, 34.274097333 ], [ 133.85834648, 34.274073575 ], [ 133.85832323, 34.274020269 ], [ 133.858256364, 34.273849076 ], [ 133.858198284, 34.273700756 ], [ 133.858107727, 34.273576693 ], [ 133.8580963, 34.273555657 ], [ 133.857461785999988, 34.273549377 ], [ 133.857182153999986, 34.273543737 ], [ 133.856954295, 34.273535809 ], [ 133.856827411000012, 34.273529723 ], [ 133.856631259000011, 34.273515653 ], [ 133.856650738000013, 34.273679331 ], [ 133.856657137000013, 34.273836772 ], [ 133.85668041, 34.274325286 ], [ 133.856721112, 34.275124233 ], [ 133.856729097999988, 34.27530264 ], [ 133.856740148, 34.275473312 ], [ 133.856756934, 34.27577823 ], [ 133.85679328, 34.276314633 ], [ 133.856831437000011, 34.276790959 ], [ 133.856826887000011, 34.27693508 ], [ 133.85681502700001, 34.277048145 ], [ 133.856774538, 34.277248656 ], [ 133.856713444, 34.277458819 ], [ 133.85667162499999, 34.277614562 ], [ 133.856634989000014, 34.277745054 ], [ 133.856600402, 34.277872114 ], [ 133.856431412, 34.278400595 ], [ 133.856360927, 34.278601679 ], [ 133.856327091999987, 34.278660109 ], [ 133.856298396999989, 34.278716803 ], [ 133.85627594799999, 34.278781213 ], [ 133.856262719999989, 34.278830144 ], [ 133.856259841, 34.278881623 ], [ 133.856258013, 34.278937382 ], [ 133.856193682, 34.279124808 ], [ 133.85603538399999, 34.279634982 ] ] ] } },
{ "type": "Feature", "properties": { "A29_001": "37202", "A29_002": "香川県", "A29_003": "丸亀市", "A29_004": 5, "A29_005": "第一種住居地域", "A29_006": 60, "A29_007": 200, "A29_008": null }, "geometry": { "type": "Polygon", "coordinates": [ [ [ 133.855966934, 34.279616157 ], [ 133.856015692, 34.279629747 ], [ 133.85603538399999, 34.279634982 ], [ 133.856193682, 34.279124808 ], [ 133.856258013, 34.278937382 ], [ 133.856259841, 34.278881623 ], [ 133.856262719999989, 34.278830144 ], [ 133.85627594799999, 34.278781213 ], [ 133.856298396999989, 34.278716803 ], [ 133.856327091999987, 34.278660109 ], [ 133.856360927, 34.278601679 ], [ 133.856431412, 34.278400595 ], [ 133.856600402, 34.277872114 ], [ 133.856634989000014, 34.277745054 ], [ 133.85667162499999, 34.277614562 ], [ 133.856713444, 34.277458819 ], [ 133.856774538, 34.277248656 ], [ 133.85681502700001, 34.277048145 ], [ 133.856826887000011, 34.27693508 ], [ 133.856831437000011, 34.276790959 ], [ 133.85679328, 34.276314633 ], [ 133.856756934, 34.27577823 ], [ 133.856740148, 34.275473312 ], [ 133.856729097999988, 34.27530264 ], [ 133.856721112, 34.275124233 ], [ 133.85668041, 34.274325286 ], [ 133.856657137000013, 34.273836772 ], [ 133.856650738000013, 34.273679331 ], [ 133.856631259000011, 34.273515653 ], [ 133.85658791, 34.273511776 ], [ 133.85657894, 34.273398762 ], [ 133.85657495800001, 34.273237401 ], [ 133.856576843, 34.273125664 ], [ 133.856590656, 34.273043301 ], [ 133.856602304, 34.273006023 ], [ 133.856667907, 34.272892152 ], [ 133.856684242999989, 34.272848982 ], [ 133.856684086, 34.272811739 ], [ 133.856638608, 34.272660938 ], [ 133.8565767, 34.272533717 ], [ 133.856514634, 34.27241003 ], [ 133.85643185699999, 34.272438112 ], [ 133.856405494, 34.272444319 ], [ 133.855991098, 34.272422091 ], [ 133.855915091000014, 34.27229116 ], [ 133.85566377, 34.271925796 ], [ 133.85552374400001, 34.271758843 ], [ 133.855210543, 34.271456948 ], [ 133.854847283, 34.271143062 ], [ 133.85458323899999, 34.270929251 ], [ 133.85376665699999, 34.270248677 ], [ 133.853216162, 34.269788965 ], [ 133.85281012199999, 34.269444741 ], [ 133.852733625000013, 34.269379317 ], [ 133.852639473000011, 34.269301665 ], [ 133.852402987, 34.269092242 ], [ 133.852185058, 34.268866113 ], [ 133.851896325000013, 34.268546153 ], [ 133.851706189999987, 34.268302281 ], [ 133.851532918, 34.268024011 ], [ 133.85133887, 34.26765338 ], [ 133.85126158, 34.267487928 ], [ 133.851173483, 34.267283009 ], [ 133.851112271, 34.267103437 ], [ 133.851025248000013, 34.267263941 ], [ 133.85079658699999, 34.267701977 ], [ 133.85071525699999, 34.267627956 ], [ 133.85068162799999, 34.267602529 ], [ 133.850650795, 34.267578256 ], [ 133.85063713299999, 34.267651386 ], [ 133.850275716, 34.267700411 ], [ 133.850032908, 34.267755199 ], [ 133.850027804, 34.267938774 ], [ 133.85002856, 34.267990252 ], [ 133.85002218599999, 34.268071511 ], [ 133.850323929000012, 34.268144867 ], [ 133.850687349999987, 34.268256263 ], [ 133.851036733, 34.268352561 ], [ 133.850991153, 34.268469644 ], [ 133.85115759199999, 34.268515292 ], [ 133.851127381, 34.268640679 ], [ 133.85103698899999, 34.26873839 ], [ 133.85100928899999, 34.268796476 ], [ 133.851202271, 34.268889543 ], [ 133.85122608399999, 34.268904558 ], [ 133.851242912, 34.26892191 ], [ 133.851255565, 34.268940438 ], [ 133.851275234000013, 34.268967059 ], [ 133.851289251999987, 34.268979785 ], [ 133.851334060999989, 34.269006343 ], [ 133.851371863, 34.269027115 ], [ 133.851404083, 34.269047903 ], [ 133.851429309999986, 34.269068712 ], [ 133.851454561999986, 34.269093009 ], [ 133.851476974, 34.269108028 ], [ 133.851499361, 34.269117241 ], [ 133.851525936, 34.269125288 ], [ 133.851556683000013, 34.26912868 ], [ 133.851587255, 34.269131793 ], [ 133.851602645000014, 34.269137546 ], [ 133.851613863000011, 34.269147963 ], [ 133.85161675, 34.269171152 ], [ 133.851616799, 34.269182755 ], [ 133.85162106300001, 34.269200143 ], [ 133.851637907, 34.269218658 ], [ 133.851672912999987, 34.269240601 ], [ 133.85171489199999, 34.269257881 ], [ 133.85178621899999, 34.26927624 ], [ 133.851836576000011, 34.269294659 ], [ 133.85199105800001, 34.269389196 ], [ 133.852263212999986, 34.269540213 ], [ 133.852324194, 34.269424023 ], [ 133.852427731, 34.269463169 ], [ 133.852369732, 34.269596462 ], [ 133.85235855, 34.26962347 ], [ 133.852362776, 34.269631581 ], [ 133.852372613999989, 34.26964431 ], [ 133.852526379000011, 34.269717797 ], [ 133.85246280199999, 34.269787112 ], [ 133.852304721, 34.269962545 ], [ 133.852252179, 34.270014158 ], [ 133.852233223000013, 34.270038834 ], [ 133.852227986, 34.270053797 ], [ 133.85223123, 34.270068736 ], [ 133.852242934, 34.270083651 ], [ 133.852374704, 34.270197583 ], [ 133.85238314899999, 34.270204356 ], [ 133.852383193, 34.270214913 ], [ 133.852379038, 34.270234264 ], [ 133.852353792, 34.270273907 ], [ 133.852087426999987, 34.270611059 ], [ 133.852442862, 34.270778488 ], [ 133.852621373, 34.270928447 ], [ 133.85248593099999, 34.271053976 ], [ 133.852655368, 34.271111279 ], [ 133.85270772199999, 34.271139618 ], [ 133.852804291000012, 34.271197402 ], [ 133.852827353, 34.271206622 ], [ 133.852983239999986, 34.271262025 ], [ 133.853165571, 34.271364171 ], [ 133.853219650999989, 34.271384238 ], [ 133.85328541199999, 34.271411303 ], [ 133.85342744799999, 34.271473283 ], [ 133.853593929, 34.271581641 ], [ 133.85372769599999, 34.271668311 ], [ 133.85376910299999, 34.271696329 ], [ 133.853831753, 34.271737477 ], [ 133.853883767000013, 34.271769855 ], [ 133.853949355, 34.271820235 ], [ 133.854066276999987, 34.271929808 ], [ 133.854326463, 34.272181128 ], [ 133.85451882800001, 34.272352042 ], [ 133.85457500199999, 34.272415621 ], [ 133.854692085000011, 34.272563014 ], [ 133.854701675, 34.272578809 ], [ 133.85470067, 34.272590244 ], [ 133.85469017, 34.27261138 ], [ 133.854680742, 34.272636904 ], [ 133.85465058299999, 34.272771236 ], [ 133.854641332, 34.272836338 ], [ 133.854635288999987, 34.272910213 ], [ 133.854631186, 34.272941888 ], [ 133.854595749999987, 34.273076524 ], [ 133.85458317699999, 34.273108214 ], [ 133.854559655, 34.273144859 ], [ 133.854521076999987, 34.273198389 ], [ 133.85449727299999, 34.273227362 ], [ 133.854484394, 34.273268962 ], [ 133.854484515, 34.273297866 ], [ 133.854489003, 34.273332185 ], [ 133.85449131499999, 34.273362895 ], [ 133.854508971, 34.273424269 ], [ 133.85453551099999, 34.273527179 ], [ 133.854568494, 34.2736102 ], [ 133.854588377999988, 34.273682412 ], [ 133.85460156900001, 34.273714894 ], [ 133.85461682499999, 34.27372208 ], [ 133.854614739, 34.273750315 ], [ 133.854608508000013, 34.2738208 ], [ 133.85460888, 34.273909333 ], [ 133.854615862, 34.274017719 ], [ 133.854633764, 34.274135106 ], [ 133.854647136000011, 34.274210953 ], [ 133.85473299099999, 34.274498965 ], [ 133.854777317000014, 34.274693973 ], [ 133.85479527199999, 34.274824009 ], [ 133.854804427, 34.274932388 ], [ 133.854796039, 34.275006495 ], [ 133.854771723, 34.275172112 ], [ 133.853791632999986, 34.275283558 ], [ 133.85371744299999, 34.275531922 ], [ 133.853660826, 34.275531599 ], [ 133.853644456000012, 34.275530807 ], [ 133.853605569, 34.275775859 ], [ 133.85391493, 34.276096783 ], [ 133.85407975699999, 34.276269419 ], [ 133.854244607, 34.27644758 ], [ 133.854203667, 34.276549621 ], [ 133.85418766, 34.276617286 ], [ 133.854217812, 34.276967632 ], [ 133.854377864000014, 34.276987914 ], [ 133.854408576999987, 34.276863471 ], [ 133.85450480099999, 34.276878456 ], [ 133.854525945, 34.276880748 ], [ 133.85457876000001, 34.27678483 ], [ 133.854624965999989, 34.276698137 ], [ 133.854649118999987, 34.276640979 ], [ 133.85466668699999, 34.276598572 ], [ 133.85467099499999, 34.276569096 ], [ 133.85467303199999, 34.276526725 ], [ 133.85467052300001, 34.276456752 ], [ 133.85466810599999, 34.276408877 ], [ 133.854834469999986, 34.276419448 ], [ 133.854858439999987, 34.276316248 ], [ 133.855019231999989, 34.276027143 ], [ 133.855187398, 34.276001682 ], [ 133.855208014999988, 34.275999946 ], [ 133.855240113, 34.276062936 ], [ 133.85529441599999, 34.276236079 ], [ 133.85548166, 34.276813112 ], [ 133.85551096, 34.276897973 ], [ 133.855527830999989, 34.276924827 ], [ 133.855522444, 34.27697122 ], [ 133.85552377499999, 34.277024093 ], [ 133.85553393699999, 34.277049109 ], [ 133.855567615000012, 34.277097967 ], [ 133.85565185499999, 34.277207183 ], [ 133.855684470999989, 34.277261814 ], [ 133.85571262799999, 34.277314609 ], [ 133.85572726800001, 34.277355985 ], [ 133.855736379, 34.277396773 ], [ 133.855739849, 34.277426452 ], [ 133.855741104, 34.277458914 ], [ 133.85573683199999, 34.277504374 ], [ 133.855714764, 34.277558894 ], [ 133.855677077, 34.277625792 ], [ 133.855631577999986, 34.277697355 ], [ 133.85562069, 34.277719214 ], [ 133.855511552, 34.27806276 ], [ 133.855216044, 34.278148789 ], [ 133.855134677, 34.278190767 ], [ 133.855080087, 34.278226177 ], [ 133.854983233000013, 34.278304381 ], [ 133.854894451, 34.278370092 ], [ 133.854837631, 34.278407356 ], [ 133.85477523599999, 34.278443717 ], [ 133.85469611100001, 34.278489404 ], [ 133.854661612, 34.278519183 ], [ 133.854633787000012, 34.278545238 ], [ 133.854600457, 34.278587087 ], [ 133.854548537, 34.278673959 ], [ 133.85452970899999, 34.278713899 ], [ 133.854523105999988, 34.278737107 ], [ 133.85451652899999, 34.278766815 ], [ 133.85450999599999, 34.278806719 ], [ 133.854495778, 34.278941005 ], [ 133.854303711999989, 34.278857993 ], [ 133.854227912, 34.278834231 ], [ 133.85418280499999, 34.278826157 ], [ 133.854134792999986, 34.278824402 ], [ 133.854094514, 34.27882276 ], [ 133.854038695000014, 34.278832199 ], [ 133.85424150899999, 34.27897911 ], [ 133.85433435499999, 34.279045405 ], [ 133.85445425899999, 34.279133187 ], [ 133.854552856999987, 34.279203405 ], [ 133.854588697, 34.27922649 ], [ 133.85462004199999, 34.279242168 ], [ 133.854707069999989, 34.27927036 ], [ 133.854862532, 34.279316287 ], [ 133.855099645, 34.279385175 ], [ 133.85520342, 34.27941065 ], [ 133.85523248199999, 34.2794152 ], [ 133.85526489099999, 34.279417892 ], [ 133.855312005, 34.279420109 ], [ 133.855579791999986, 34.279432702 ], [ 133.855607733999989, 34.279434478 ], [ 133.855639026, 34.27943995 ], [ 133.855665875999989, 34.279448221 ], [ 133.85570391600001, 34.279462031 ], [ 133.855733902999987, 34.279477658 ], [ 133.855817919, 34.279533077 ], [ 133.85586160299999, 34.279561711 ], [ 133.855894068, 34.279580162 ], [ 133.8559299, 34.279598612 ], [ 133.855966934, 34.279616157 ] ] ] } },
{ "type": "Feature", "properties": { "A29_001": "37202", "A29_002": "香川県", "A29_003": "丸亀市", "A29_004": 1, "A29_005": "第一種低層住居専用地域", "A29_006": 50, "A29_007": 80, "A29_008": null }, "geometry": { "type": "Polygon", "coordinates": [ [ [ 133.806398550000011, 34.279546992 ], [ 133.806410056, 34.279515065 ], [ 133.806437611, 34.279446387 ], [ 133.806464403, 34.279407011 ], [ 133.806494359999988, 34.279371775 ], [ 133.80653311399999, 34.279336426 ], [ 133.806598853, 34.279284872 ], [ 133.806654296, 34.279239294 ], [ 133.80670629, 34.279201027 ], [ 133.80675836899999, 34.279156449 ], [ 133.806801887, 34.279117121 ], [ 133.806845481000011, 34.279068598 ], [ 133.806870936, 34.279020119 ], [ 133.806889691, 34.278950651 ], [ 133.80690053, 34.278884989 ], [ 133.806903709000011, 34.278773456 ], [ 133.806902298000011, 34.278654271 ], [ 133.806894384, 34.278538709 ], [ 133.806893995, 34.278431603 ], [ 133.80689990799999, 34.278355225 ], [ 133.80691295299999, 34.278298753 ], [ 133.80695421199999, 34.278205788 ], [ 133.80700119, 34.278132282 ], [ 133.80705532799999, 34.278056594 ], [ 133.807125708, 34.277967613 ], [ 133.807187249, 34.277897045 ], [ 133.80727184599999, 34.277805143 ], [ 133.807332105, 34.277740349 ], [ 133.807418009, 34.277649525 ], [ 133.80750034, 34.277561595 ], [ 133.80758741599999, 34.277464547 ], [ 133.807657387, 34.277382869 ], [ 133.807751528000011, 34.277257584 ], [ 133.807794933, 34.277199576 ], [ 133.807701629, 34.27715493 ], [ 133.807648121, 34.277134959 ], [ 133.80758744900001, 34.277115998 ], [ 133.807527768, 34.277097503 ], [ 133.807477217000013, 34.277170748 ], [ 133.807345852, 34.277130579 ], [ 133.807290063000011, 34.277110613 ], [ 133.807271492000012, 34.27711066 ], [ 133.807260848, 34.277110687 ], [ 133.80721939, 34.277118815 ], [ 133.807051038999987, 34.277086239 ], [ 133.806912274000013, 34.27706585 ], [ 133.806812615000013, 34.277047617 ], [ 133.80676532699999, 34.277035565 ], [ 133.806729878, 34.277023572 ], [ 133.806706932999987, 34.277015606 ], [ 133.806682575, 34.277007552 ], [ 133.806667131000012, 34.27700137 ], [ 133.806657261999987, 34.276975339 ], [ 133.806654615000014, 34.276964347 ], [ 133.80663279800001, 34.276937985 ], [ 133.806595957000013, 34.276901744 ], [ 133.80656937399999, 34.27687873 ], [ 133.806537459999987, 34.276853475 ], [ 133.806508737, 34.276839573 ], [ 133.80648437, 34.276828635 ], [ 133.806470667000013, 34.27682353 ], [ 133.806396723, 34.276798471 ], [ 133.806354313000014, 34.27678352 ], [ 133.806270235, 34.27674911 ], [ 133.806180391999987, 34.27671237 ], [ 133.806141344999986, 34.276696329 ], [ 133.806105989, 34.276680279 ], [ 133.806076709, 34.276662411 ], [ 133.80601869099999, 34.276626222 ], [ 133.806017395, 34.276628389 ], [ 133.805942463, 34.276749929 ], [ 133.805931633, 34.276767527 ], [ 133.805532746000011, 34.276636279 ], [ 133.804674963, 34.276354031 ], [ 133.80340828199999, 34.275940916 ], [ 133.80326264499999, 34.27589342 ], [ 133.802704479999989, 34.275724222 ], [ 133.802391204, 34.275586784 ], [ 133.801917651, 34.275398007 ], [ 133.801863599, 34.275370615 ], [ 133.801730240000012, 34.275303037 ], [ 133.801486764, 34.275197908 ], [ 133.801295857000014, 34.275112187 ], [ 133.801209926000013, 34.275071656 ], [ 133.800541149, 34.276145624 ], [ 133.800292531, 34.276537337 ], [ 133.800156928, 34.276764326 ], [ 133.800127398, 34.27682868 ], [ 133.800039706, 34.276968369 ], [ 133.799938938999986, 34.277096459 ], [ 133.799865653000012, 34.27719482 ], [ 133.799825792, 34.27722485 ], [ 133.79988343, 34.277246347 ], [ 133.79982425099999, 34.277338362 ], [ 133.800882186, 34.27768934 ], [ 133.80199980399999, 34.278065713 ], [ 133.802428784999989, 34.278220069 ], [ 133.805121767, 34.279106819 ], [ 133.806398550000011, 34.279546992 ] ] ] } },
{ "type": "Feature", "properties": { "A29_001": "37202", "A29_002": "香川県", "A29_003": "丸亀市", "A29_004": 5, "A29_005": "第一種住居地域", "A29_006": 60, "A29_007": 200, "A29_008": null }, "geometry": { "type": "Polygon", "coordinates": [ [ [ 133.857393753999986, 34.279040749 ], [ 133.85744624099999, 34.279070655 ], [ 133.857649127, 34.279199529 ], [ 133.85790379, 34.279372789 ], [ 133.857914517000012, 34.279377094 ], [ 133.85795123, 34.279341735 ], [ 133.85797790399999, 34.279308263 ], [ 133.858013476999986, 34.279268274 ], [ 133.85804900799999, 34.279218078 ], [ 133.85808333599999, 34.279145618 ], [ 133.858119757, 34.279041614 ], [ 133.85813955, 34.278968276 ], [ 133.858152617, 34.278886601 ], [ 133.85883578799999, 34.27866616 ], [ 133.85895323, 34.279011822 ], [ 133.859279649, 34.279005357 ], [ 133.85954626, 34.27905802 ], [ 133.859566077000011, 34.279044348 ], [ 133.859600502, 34.279017831 ], [ 133.859612379999987, 34.279001748 ], [ 133.859629025, 34.278957161 ], [ 133.85964389599999, 34.278904105 ], [ 133.859665568999986, 34.278867257 ], [ 133.859682536, 34.278847463 ], [ 133.859703524, 34.278833256 ], [ 133.859720283, 34.278833207 ], [ 133.859806375, 34.27885058 ], [ 133.85986005, 34.278863414 ], [ 133.859904755, 34.278868845 ], [ 133.859936030999989, 34.278870611 ], [ 133.859974007, 34.27886957 ], [ 133.859996343, 34.27886579 ], [ 133.859997732000011, 34.278865453 ], [ 133.860050755, 34.27885272 ], [ 133.860057844000011, 34.278974222 ], [ 133.86012097599999, 34.278971134 ], [ 133.860433625000013, 34.278962551 ], [ 133.860473316, 34.278963588 ], [ 133.86050502, 34.279116546 ], [ 133.86079191799999, 34.279072102 ], [ 133.860862008999987, 34.279060797 ], [ 133.86088622, 34.27897724 ], [ 133.860898367, 34.278942881 ], [ 133.86091829599999, 34.278902 ], [ 133.86094715199999, 34.278858314 ], [ 133.860969377, 34.278831355 ], [ 133.860988313, 34.278817379 ], [ 133.86104183, 34.278793104 ], [ 133.861087542, 34.278772558 ], [ 133.86111873499999, 34.27875484 ], [ 133.861132093, 34.278741818 ], [ 133.861144265, 34.278715808 ], [ 133.861153511, 34.278663183 ], [ 133.861448975, 34.278725242 ], [ 133.861451464999988, 34.278697917 ], [ 133.861453154, 34.278661218 ], [ 133.861490479, 34.278652542 ], [ 133.861855901000013, 34.27871782 ], [ 133.861997062, 34.278492704 ], [ 133.862025794, 34.278496342 ], [ 133.86222714499999, 34.278595461 ], [ 133.862301358, 34.2786286 ], [ 133.862345061000013, 34.278562476 ], [ 133.86251018199999, 34.278621221 ], [ 133.862358553, 34.278795944 ], [ 133.862268792, 34.279002002 ], [ 133.862258102999988, 34.279037042 ], [ 133.862257072, 34.279057457 ], [ 133.862257152000012, 34.279076011 ], [ 133.862262759, 34.279099606 ], [ 133.86227405299999, 34.279109355 ], [ 133.86228860599999, 34.279116732 ], [ 133.862310947, 34.279116666 ], [ 133.86235912, 34.279110194 ], [ 133.862438211000011, 34.279087827 ], [ 133.862447132999989, 34.279038484 ], [ 133.862456900000012, 34.27900874 ], [ 133.862490888999986, 34.278944141 ], [ 133.862595715, 34.278741112 ], [ 133.862687052000012, 34.278565846 ], [ 133.862705190000014, 34.278532912 ], [ 133.86272941199999, 34.2785006 ], [ 133.862777886, 34.278440384 ], [ 133.862794371, 34.278417309 ], [ 133.862839734, 34.278343201 ], [ 133.862885126, 34.27827351 ], [ 133.862901004, 34.278248174 ], [ 133.862912383, 34.278237385 ], [ 133.862926049, 34.278230393 ], [ 133.862950398, 34.278225263 ], [ 133.863008989, 34.278216867 ], [ 133.863026486, 34.278211757 ], [ 133.863043952, 34.278202221 ], [ 133.863072034999988, 34.278181276 ], [ 133.86318021400001, 34.278083901 ], [ 133.863196877, 34.278064251 ], [ 133.86320818499999, 34.278037026 ], [ 133.863222682000014, 34.277970789 ], [ 133.863246564, 34.277867038 ], [ 133.863253958, 34.277843755 ], [ 133.863286042999988, 34.277778657 ], [ 133.863317493000011, 34.277717527 ], [ 133.863341947, 34.277645869 ], [ 133.863359046, 34.27760642 ], [ 133.863382322, 34.277563887 ], [ 133.863414035, 34.277513124 ], [ 133.86346537099999, 34.277429216 ], [ 133.863481130999986, 34.277381566 ], [ 133.863535797999987, 34.277238919 ], [ 133.863545369, 34.277191774 ], [ 133.86353836, 34.277135312 ], [ 133.863514226, 34.277084426 ], [ 133.86349002899999, 34.277051834 ], [ 133.863468648, 34.277029989 ], [ 133.863431192, 34.276982677 ], [ 133.863417997999989, 34.276947609 ], [ 133.86340955599999, 34.276921732 ], [ 133.86338822799999, 34.276798469 ], [ 133.863379336, 34.276718309 ], [ 133.86337686600001, 34.2766745 ], [ 133.86337739199999, 34.276569465 ], [ 133.86338556699999, 34.276475407 ], [ 133.863365643, 34.276395884 ], [ 133.863410910999988, 34.276280024 ], [ 133.86348171099999, 34.27608062 ], [ 133.86350131, 34.276041695 ], [ 133.86351164300001, 34.276025256 ], [ 133.863532326000012, 34.275998417 ], [ 133.863550941999989, 34.275975913 ], [ 133.863596488000013, 34.275924821 ], [ 133.863611994, 34.275904048 ], [ 133.863615052, 34.275890218 ], [ 133.86361500699999, 34.27587985 ], [ 133.863609696999987, 34.275852232 ], [ 133.863597018, 34.275805631 ], [ 133.863585406999988, 34.275767664 ], [ 133.86357073100001, 34.275739209 ], [ 133.863518527999986, 34.275649098 ], [ 133.863425231, 34.275478797 ], [ 133.863408977, 34.275449481 ], [ 133.863401124, 34.2754315 ], [ 133.863395282999988, 34.275404317 ], [ 133.863393608, 34.275375814 ], [ 133.86339551099999, 34.275336085 ], [ 133.863397479000014, 34.27530887 ], [ 133.86342128699999, 34.275170444 ], [ 133.863432913, 34.275090953 ], [ 133.86344162, 34.275059832 ], [ 133.863447791, 34.275047823 ], [ 133.863456563999989, 34.275032254 ], [ 133.863475802000011, 34.275008008 ], [ 133.86352032100001, 34.274955404 ], [ 133.86355760399999, 34.274920006 ], [ 133.863591519000011, 34.274977525 ], [ 133.863604849000012, 34.274993587 ], [ 133.863614066, 34.27500034 ], [ 133.863625305999989, 34.275005382 ], [ 133.863642653999989, 34.275006178 ], [ 133.86366610799999, 34.275002719 ], [ 133.86383930299999, 34.274945442 ], [ 133.863937131, 34.274917184 ], [ 133.86392673, 34.274882703 ], [ 133.863892298, 34.274780747 ], [ 133.863859431, 34.274663937 ], [ 133.86377307699999, 34.274635497 ], [ 133.863804179999988, 34.27456986 ], [ 133.863731019999989, 34.274427448 ], [ 133.863483671000012, 34.274514643 ], [ 133.863467501, 34.274519983 ], [ 133.863444805, 34.27446244 ], [ 133.863399613000013, 34.274393937 ], [ 133.86336091699999, 34.274406277 ], [ 133.863110377, 34.274484014 ], [ 133.863239056999987, 34.274783586 ], [ 133.86322712899999, 34.274787679 ], [ 133.863026803, 34.274824335 ], [ 133.862936044, 34.274756355 ], [ 133.862765974000013, 34.274807797 ], [ 133.862562430999986, 34.274904417 ], [ 133.862484074, 34.274714868 ], [ 133.862257454, 34.274784067 ], [ 133.862278042000014, 34.274838921 ], [ 133.86228738599999, 34.274877868 ], [ 133.862289626, 34.274921687 ], [ 133.862280657000014, 34.274972553 ], [ 133.86227470899999, 34.275011546 ], [ 133.862268664, 34.275030208 ], [ 133.862256588, 34.275068372 ], [ 133.862253595, 34.275084483 ], [ 133.86225375399999, 34.275124052 ], [ 133.86225489099999, 34.275151159 ], [ 133.86226426799999, 34.275197734 ], [ 133.862276623000014, 34.275224808 ], [ 133.862304391, 34.275274718 ], [ 133.862382351, 34.275387022 ], [ 133.862431644, 34.275459741 ], [ 133.862476746999988, 34.27552801 ], [ 133.862535253, 34.275611729 ], [ 133.86254868099999, 34.275648122 ], [ 133.862561230000011, 34.275720102 ], [ 133.86256860200001, 34.275772615 ], [ 133.862565749999987, 34.275821768 ], [ 133.862559741000013, 34.275848897 ], [ 133.862530357, 34.275908145 ], [ 133.862424146, 34.276035851 ], [ 133.86202473899999, 34.275868708 ], [ 133.861995467000014, 34.275916334 ], [ 133.861897077, 34.276049652 ], [ 133.8618267, 34.276034191 ], [ 133.86149635699999, 34.275966376 ], [ 133.861473585999988, 34.275962079 ], [ 133.86143108600001, 34.276014649 ], [ 133.861406788000011, 34.275998736 ], [ 133.86096465899999, 34.275745615 ], [ 133.860990014, 34.275706412 ], [ 133.860769467000011, 34.27558625 ], [ 133.86074717299999, 34.275457255 ], [ 133.860739378, 34.275412145 ], [ 133.860676272, 34.275446221 ], [ 133.860623299, 34.275465022 ], [ 133.860601897, 34.275471017 ], [ 133.86059917099999, 34.275549823 ], [ 133.860589349, 34.275637971 ], [ 133.860579296, 34.275674434 ], [ 133.860532647000014, 34.275739809 ], [ 133.860235568, 34.275699165 ], [ 133.860229471, 34.275736147 ], [ 133.860226608, 34.275752564 ], [ 133.859840934, 34.275773893 ], [ 133.859749838999988, 34.275601419 ], [ 133.859788979, 34.275585797 ], [ 133.86007801400001, 34.275492626 ], [ 133.859829827999988, 34.275155626 ], [ 133.85974429, 34.275114495 ], [ 133.85969906, 34.275092385 ], [ 133.859809864, 34.274652741 ], [ 133.85985444799999, 34.274357615 ], [ 133.86013715199999, 34.274372643 ], [ 133.860192508000011, 34.274367729 ], [ 133.860249735, 34.27435328 ], [ 133.860255395, 34.274335818 ], [ 133.860253347999986, 34.274304107 ], [ 133.860237966, 34.274280359 ], [ 133.86022257499999, 34.274251861 ], [ 133.860216658000013, 34.274209053 ], [ 133.86021832599999, 34.274151961 ], [ 133.860172522999989, 34.274158433 ], [ 133.860139585000013, 34.274049097 ], [ 133.859986885000012, 34.274058354 ], [ 133.859989323, 34.274023862 ], [ 133.86057967799999, 34.273919797 ], [ 133.86060967899999, 34.274053052 ], [ 133.860771338, 34.274015702 ], [ 133.860806338, 34.273997387 ], [ 133.86097838500001, 34.273877449 ], [ 133.861019047000013, 34.274007381 ], [ 133.861103105000012, 34.273981853 ], [ 133.861617658, 34.273815105 ], [ 133.86178861799999, 34.273769089 ], [ 133.861804939, 34.273766083 ], [ 133.861900709, 34.273751808 ], [ 133.861921102999986, 34.273746483 ], [ 133.86194252199999, 34.273736754 ], [ 133.862027883, 34.273686014 ], [ 133.862044335, 34.273673127 ], [ 133.862056962999986, 34.273659819 ], [ 133.862062124, 34.273647758 ], [ 133.862064183, 34.273621354 ], [ 133.862061598999986, 34.273606287 ], [ 133.862045754, 34.273578566 ], [ 133.86196253, 34.27345901 ], [ 133.861966575, 34.273449838 ], [ 133.862043045, 34.273392345 ], [ 133.86206672599999, 34.273360891 ], [ 133.861853128, 34.272950313 ], [ 133.861862796999986, 34.272902862 ], [ 133.861830188999988, 34.272701285 ], [ 133.861790394, 34.272591429 ], [ 133.861775193999989, 34.272506112 ], [ 133.861440676, 34.272598943 ], [ 133.861404133, 34.272485037 ], [ 133.861394819, 34.272465591 ], [ 133.86138259399999, 34.272451111 ], [ 133.861368749, 34.272438891 ], [ 133.861351656000011, 34.272428753 ], [ 133.861335983, 34.272420776 ], [ 133.861320973, 34.272415501 ], [ 133.861303252999988, 34.272411135 ], [ 133.861286739, 34.272409561 ], [ 133.861268924, 34.272408622 ], [ 133.861254271, 34.272410378 ], [ 133.86124059799999, 34.272413033 ], [ 133.861225850000011, 34.272418035 ], [ 133.861073882, 34.272485894 ], [ 133.861057456999987, 34.272454504 ], [ 133.86076867, 34.272552093 ], [ 133.860792296, 34.272616847 ], [ 133.860371176, 34.272798212 ], [ 133.860504670000012, 34.272521315 ], [ 133.860501534, 34.272234263 ], [ 133.860502587000013, 34.272025437 ], [ 133.860410736, 34.271982891 ], [ 133.860316117999986, 34.271737337 ], [ 133.860266172, 34.271627645 ], [ 133.86015637700001, 34.271405928 ], [ 133.860224523999989, 34.271266164 ], [ 133.860263819000011, 34.271218436 ], [ 133.860293633, 34.27121934 ], [ 133.860411032, 34.271220014 ], [ 133.860489038, 34.271217332 ], [ 133.860624779, 34.271205321 ], [ 133.860711943000013, 34.271195661 ], [ 133.860812853, 34.271175078 ], [ 133.860921867, 34.271145186 ], [ 133.860943983, 34.271136195 ], [ 133.86095583299999, 34.271118841 ], [ 133.860984480000013, 34.271121073 ], [ 133.861070488, 34.270995835 ], [ 133.861099351, 34.270954557 ], [ 133.861150810999987, 34.270930622 ], [ 133.861186452, 34.2707831 ], [ 133.861281018999989, 34.270691537 ], [ 133.86123489, 34.27062126 ], [ 133.861118282, 34.270627464 ], [ 133.861022276, 34.270194449 ], [ 133.860975543, 34.2701581 ], [ 133.860972155000013, 34.270155469 ], [ 133.860941311, 34.270134634 ], [ 133.860894855, 34.269990447 ], [ 133.860869826999988, 34.269942944 ], [ 133.860831248000011, 34.269852657 ], [ 133.860811946000013, 34.269803542 ], [ 133.860798639, 34.269777192 ], [ 133.860779439999988, 34.269751869 ], [ 133.860754527000012, 34.269731323 ], [ 133.860712436, 34.269714002 ], [ 133.86064362, 34.269696759 ], [ 133.860515571, 34.269673352 ], [ 133.860406657999988, 34.269657814 ], [ 133.860251924000011, 34.269643988 ], [ 133.86019462199999, 34.269642569 ], [ 133.860118253, 34.26964438 ], [ 133.860038064, 34.269649376 ], [ 133.859984618999988, 34.26965588 ], [ 133.859938844999988, 34.2696687 ], [ 133.859904502, 34.269675148 ], [ 133.859843434999988, 34.269684839 ], [ 133.85970788, 34.269691584 ], [ 133.859690054, 34.269542552 ], [ 133.859682289, 34.269414803 ], [ 133.859672456, 34.269349801 ], [ 133.85964690099999, 34.269178595 ], [ 133.859630978000013, 34.269024797 ], [ 133.859624961, 34.268958206 ], [ 133.859624663, 34.268888425 ], [ 133.859632048, 34.26882972 ], [ 133.85964522, 34.268783692 ], [ 133.859684824, 34.268666209 ], [ 133.85976010600001, 34.268470517 ], [ 133.85978815199999, 34.268329284 ], [ 133.859814341, 34.268200742 ], [ 133.859836527999988, 34.268114234 ], [ 133.85983876, 34.268105509 ], [ 133.859861403, 34.268041999 ], [ 133.859878407, 34.26800072 ], [ 133.859903043, 34.267956236 ], [ 133.86000363, 34.267810029 ], [ 133.860201429, 34.267558765 ], [ 133.858883023, 34.266978159 ], [ 133.858683106, 34.266904869 ], [ 133.857730526000012, 34.266567579 ], [ 133.857571673, 34.266502831 ], [ 133.857311941, 34.266415694 ], [ 133.857164774000012, 34.266371784 ], [ 133.856917708, 34.266303515 ], [ 133.856828955, 34.266282947 ], [ 133.8565783, 34.266234036 ], [ 133.856206286, 34.266167932 ], [ 133.85583954399999, 34.266095239 ], [ 133.855454433, 34.265997688 ], [ 133.855095060999986, 34.265916109 ], [ 133.85504840199999, 34.266084668 ], [ 133.85503659, 34.266142223 ], [ 133.855034171999989, 34.266212823 ], [ 133.855015013000013, 34.266589377 ], [ 133.854987983, 34.267031227 ], [ 133.85499470799999, 34.267055099 ], [ 133.855026403000011, 34.267155083 ], [ 133.855061572000011, 34.26722882 ], [ 133.855118342, 34.267326296 ], [ 133.855168741, 34.26740639 ], [ 133.85519202399999, 34.267442746 ], [ 133.855273785, 34.267569271 ], [ 133.855301383000011, 34.267624457 ], [ 133.855321473, 34.26772772 ], [ 133.855327843, 34.267796401 ], [ 133.855327405, 34.268002142 ], [ 133.855313504, 34.268079357 ], [ 133.855276819000011, 34.268187382 ], [ 133.85525929100001, 34.268228545 ], [ 133.855229057, 34.268321405 ], [ 133.855167083999987, 34.268484769 ], [ 133.85514224, 34.268542092 ], [ 133.855081668, 34.268728713 ], [ 133.855052965, 34.268824273 ], [ 133.855039836, 34.268878586 ], [ 133.855032765, 34.268927291 ], [ 133.855026895, 34.269003401 ], [ 133.85502903299999, 34.269150262 ], [ 133.85503572799999, 34.269348048 ], [ 133.85501247900001, 34.269423487 ], [ 133.855007015000012, 34.269440993 ], [ 133.855006247, 34.269490943 ], [ 133.855018316000013, 34.26957196 ], [ 133.85502517399999, 34.269627387 ], [ 133.855034853, 34.26965675 ], [ 133.855097336999989, 34.269717966 ], [ 133.855127571999986, 34.269780177 ], [ 133.855240173, 34.269880016 ], [ 133.855350829, 34.269930544 ], [ 133.85547859799999, 34.269995989 ], [ 133.855534025, 34.270031891 ], [ 133.855652955000011, 34.270190223 ], [ 133.855719470999986, 34.270280458 ], [ 133.855853126, 34.270428019 ], [ 133.855910324, 34.270497634 ], [ 133.855975980000011, 34.270589585 ], [ 133.85600171499999, 34.270640629 ], [ 133.856025491999986, 34.270716383 ], [ 133.856053723, 34.270792664 ], [ 133.856078695, 34.270842809 ], [ 133.856092496, 34.270870718 ], [ 133.856110139, 34.270908353 ], [ 133.856153983000013, 34.270978458 ], [ 133.85622550799999, 34.271045868 ], [ 133.85628313399999, 34.271087714 ], [ 133.856326117, 34.271108235 ], [ 133.856479707, 34.271166932 ], [ 133.856620548, 34.271215388 ], [ 133.856769617999987, 34.271258229 ], [ 133.856892219, 34.271281944 ], [ 133.857038593999988, 34.271303697 ], [ 133.857058157000012, 34.271307336 ], [ 133.857139737000011, 34.271338203 ], [ 133.85715747, 34.271345544 ], [ 133.85729641, 34.271380842 ], [ 133.857464040999986, 34.271421284 ], [ 133.857493412, 34.271432829 ], [ 133.857515957, 34.27144818 ], [ 133.857542841999987, 34.271462617 ], [ 133.857570815, 34.271477502 ], [ 133.85760927199999, 34.271505969 ], [ 133.857651468, 34.271545696 ], [ 133.857664886, 34.271559992 ], [ 133.857675691, 34.271572672 ], [ 133.857691993, 34.271601205 ], [ 133.85770658199999, 34.271635422 ], [ 133.857717794, 34.271667215 ], [ 133.857723713000013, 34.271705785 ], [ 133.857724698999988, 34.27173337 ], [ 133.857724202000014, 34.271769976 ], [ 133.857720948, 34.271796582 ], [ 133.857714555, 34.271825451 ], [ 133.85770599, 34.271854687 ], [ 133.857686832000013, 34.271895494 ], [ 133.85767206700001, 34.271922043 ], [ 133.857661087999986, 34.271945246 ], [ 133.85765527699999, 34.271957885 ], [ 133.857652398, 34.271970425 ], [ 133.857640994, 34.272072877 ], [ 133.857638113, 34.272110752 ], [ 133.857635858, 34.272142313 ], [ 133.857635466, 34.272178107 ], [ 133.857636466, 34.272234723 ], [ 133.857638091000013, 34.272285026 ], [ 133.857645600000012, 34.272365515 ], [ 133.857652255, 34.272475307 ], [ 133.857656768999988, 34.272566804 ], [ 133.857661959000012, 34.272663889 ], [ 133.857666822999988, 34.272709945 ], [ 133.85767371, 34.272746258 ], [ 133.857679792999988, 34.272772116 ], [ 133.857687723999987, 34.272798418 ], [ 133.857698682, 34.272821557 ], [ 133.85770724599999, 34.27284353 ], [ 133.85780366099999, 34.273017614 ], [ 133.857915745000014, 34.273224198 ], [ 133.858012186, 34.273378536 ], [ 133.858025571000013, 34.273410593 ], [ 133.85803948099999, 34.273438231 ], [ 133.858080691, 34.273526915 ], [ 133.8580963, 34.273555657 ], [ 133.858107727, 34.273576693 ], [ 133.858198284, 34.273700756 ], [ 133.858256364, 34.273849076 ], [ 133.85832323, 34.274020269 ], [ 133.85834648, 34.274073575 ], [ 133.858361132999988, 34.274097333 ], [ 133.858387333, 34.274129082 ], [ 133.85843412299999, 34.274176008 ], [ 133.858477399, 34.274213928 ], [ 133.858520113, 34.274247251 ], [ 133.858553553, 34.274270594 ], [ 133.858593842, 34.27429536 ], [ 133.858638688000013, 34.274319391 ], [ 133.858750813, 34.274381361 ], [ 133.85877988199999, 34.274398226 ], [ 133.858906173, 34.274471515 ], [ 133.859017341999987, 34.274546173 ], [ 133.85903321, 34.2745668 ], [ 133.85903310399999, 34.274618641 ], [ 133.85903142399999, 34.274862071 ], [ 133.859029854999989, 34.275003983 ], [ 133.859024264999988, 34.275068552 ], [ 133.85901055, 34.275138013 ], [ 133.858978506, 34.275295071 ], [ 133.858948204, 34.275417324 ], [ 133.858929821, 34.275487159 ], [ 133.858912546, 34.275536796 ], [ 133.85887016699999, 34.275633659 ], [ 133.858816418, 34.275738309 ], [ 133.85878244599999, 34.275781576 ], [ 133.858717697, 34.275848419 ], [ 133.858676339, 34.27588646 ], [ 133.85854671199999, 34.275992567 ], [ 133.85843998499999, 34.275951506 ], [ 133.858345759, 34.275920759 ], [ 133.858275096, 34.275899129 ], [ 133.85814491299999, 34.275874229 ], [ 133.858089514, 34.27586405 ], [ 133.857947927, 34.275846604 ], [ 133.857786565, 34.27582679 ], [ 133.857441134999988, 34.275785874 ], [ 133.85738226, 34.275778148 ], [ 133.857422668999988, 34.276503671 ], [ 133.85742528899999, 34.276712018 ], [ 133.857428784, 34.27679378 ], [ 133.857418454, 34.276996033 ], [ 133.857399195, 34.277192903 ], [ 133.85736835599999, 34.277399634 ], [ 133.85732325399999, 34.277623536 ], [ 133.85725985, 34.277859934 ], [ 133.85716696, 34.278135184 ], [ 133.857042912, 34.278465071 ], [ 133.857035881, 34.278481978 ], [ 133.857196077999987, 34.278548561 ], [ 133.857664785, 34.278742358 ], [ 133.857622435, 34.278795341 ], [ 133.857583749000014, 34.278841705 ], [ 133.857409878999988, 34.27902451 ], [ 133.857393753999986, 34.279040749 ] ] ] } },
{ "type": "Feature", "properties": { "A29_001": "37202", "A29_002": "香川県", "A29_003": "丸亀市", "A29_004": 10, "A29_005": "準工業地域", "A29_006": 60, "A29_007": 200, "A29_008": null }, "geometry": { "type": "Polygon", "coordinates": [ [ [ 133.795524642, 34.277092361 ], [ 133.795648527, 34.277355161 ], [ 133.79591460099999, 34.277930626 ], [ 133.79614950199999, 34.278513937 ], [ 133.79618151299999, 34.278598517 ], [ 133.796192260999987, 34.278628253 ], [ 133.79653081699999, 34.278752023 ], [ 133.796620058, 34.278655113 ], [ 133.796718164999987, 34.278537724 ], [ 133.796790871000013, 34.278433624 ], [ 133.79688438299999, 34.278279047 ], [ 133.79700027199999, 34.278122568 ], [ 133.797117586000013, 34.277951354 ], [ 133.797252581, 34.27782669 ], [ 133.797536132, 34.277955324 ], [ 133.797620902, 34.27780772 ], [ 133.797654352, 34.277770449 ], [ 133.797670016000012, 34.277764839 ], [ 133.797699109, 34.277761045 ], [ 133.797748360000014, 34.277757211 ], [ 133.797775183999988, 34.277744127 ], [ 133.79795102, 34.277442447 ], [ 133.79819093099999, 34.277056953 ], [ 133.798159551, 34.277043731 ], [ 133.79774391399999, 34.276859468 ], [ 133.79740917399999, 34.276701603 ], [ 133.79659486599999, 34.276352791 ], [ 133.795547024, 34.275881626 ], [ 133.79549535699999, 34.275858751 ], [ 133.795305829, 34.275374304 ], [ 133.795043109, 34.274673402 ], [ 133.794209532999986, 34.272323571 ], [ 133.793987413, 34.271718659 ], [ 133.79399928, 34.271717801 ], [ 133.79420475, 34.271405542 ], [ 133.79385563400001, 34.271230798 ], [ 133.794201574999988, 34.270740402 ], [ 133.793893672, 34.270577081 ], [ 133.793832611999989, 34.270572278 ], [ 133.793509476, 34.270400148 ], [ 133.793723933, 34.27004627 ], [ 133.793370247000013, 34.269891955 ], [ 133.793650404, 34.269453514 ], [ 133.793687672, 34.269402991 ], [ 133.79354334199999, 34.269332869 ], [ 133.793424206, 34.269268962 ], [ 133.793290461, 34.269188591 ], [ 133.793410908, 34.269004742 ], [ 133.793454993000012, 34.268934457 ], [ 133.793082575, 34.26877247 ], [ 133.79298176, 34.268730336 ], [ 133.792822306, 34.26865787 ], [ 133.792899842, 34.268532005 ], [ 133.793086606, 34.268244316 ], [ 133.79321883599999, 34.268076486 ], [ 133.79317369, 34.268053514 ], [ 133.793132644, 34.268032578 ], [ 133.792924239, 34.267926267 ], [ 133.792896875, 34.26791115 ], [ 133.792881948, 34.267900051 ], [ 133.792866987, 34.267879071 ], [ 133.792857223, 34.267860071 ], [ 133.792617833, 34.267733863 ], [ 133.79280304400001, 34.267477453 ], [ 133.79296588599999, 34.26725002 ], [ 133.793099133, 34.267034549 ], [ 133.79318411599999, 34.266880374 ], [ 133.792630623, 34.26662637 ], [ 133.792321082, 34.266486787 ], [ 133.79216628899999, 34.266410152 ], [ 133.792030066, 34.266340316 ], [ 133.79190619100001, 34.266267034 ], [ 133.79178438400001, 34.26619545 ], [ 133.79167085, 34.266135828 ], [ 133.791757668, 34.266059682 ], [ 133.79180076599999, 34.266011669 ], [ 133.791833563000012, 34.265961959 ], [ 133.79188057799999, 34.265881814 ], [ 133.791901101, 34.265859523 ], [ 133.79195246899999, 34.265816621 ], [ 133.791970959, 34.265802882 ], [ 133.791991475, 34.265775452 ], [ 133.792022108, 34.265696663 ], [ 133.79205465699999, 34.265578514 ], [ 133.792105729000014, 34.265450044 ], [ 133.792179382, 34.265300991 ], [ 133.792224417999989, 34.265217037 ], [ 133.792265433000011, 34.265160464 ], [ 133.792382199, 34.264965102 ], [ 133.79218592, 34.264808137 ], [ 133.79188234099999, 34.26520074 ], [ 133.791679219, 34.26544593 ], [ 133.791598596, 34.26554516 ], [ 133.791504097, 34.265318169 ], [ 133.791315426000011, 34.264904523 ], [ 133.79119649899999, 34.264697271 ], [ 133.791039582, 34.264419155 ], [ 133.79088463299999, 34.264131865 ], [ 133.79055623299999, 34.263512863 ], [ 133.79043242099999, 34.26314387 ], [ 133.79039178299999, 34.26302586 ], [ 133.79042339099999, 34.263031492 ], [ 133.790438666999989, 34.263036901 ], [ 133.790450322999988, 34.263044618 ], [ 133.790467994000011, 34.263058163 ], [ 133.790479729, 34.263069919 ], [ 133.79052149099999, 34.263132741 ], [ 133.790554644999986, 34.263180356 ], [ 133.790574271, 34.263203651 ], [ 133.79058625499999, 34.263211972 ], [ 133.79060119499999, 34.263217796 ], [ 133.790652566, 34.263232893 ], [ 133.79069534300001, 34.263236858 ], [ 133.79074542399999, 34.263233692 ], [ 133.79079669399999, 34.263219361 ], [ 133.79087963500001, 34.263178575 ], [ 133.790982109, 34.26313063 ], [ 133.79108224, 34.263115173 ], [ 133.791338255999989, 34.263082289 ], [ 133.791440873, 34.263139096 ], [ 133.79173195199999, 34.263307351 ], [ 133.792156462, 34.263552732 ], [ 133.792724482000011, 34.263849971 ], [ 133.792872639, 34.263958663 ], [ 133.79294457200001, 34.264003218 ], [ 133.793416301, 34.264247788 ], [ 133.79379100599999, 34.264395164 ], [ 133.794089452, 34.264568453 ], [ 133.794247786999989, 34.264658221 ], [ 133.794242948, 34.264662461 ], [ 133.794187376999986, 34.264701813 ], [ 133.794149893, 34.264727238 ], [ 133.794135430000011, 34.264752607 ], [ 133.794133388, 34.264789667 ], [ 133.79412593399999, 34.264832239 ], [ 133.794111562000012, 34.264883573 ], [ 133.794100570000012, 34.264907852 ], [ 133.794082628000012, 34.264932148 ], [ 133.794051364000012, 34.264966302 ], [ 133.79402713799999, 34.26499458 ], [ 133.794041717999988, 34.265002659 ], [ 133.794276207, 34.265107815 ], [ 133.794278491, 34.265108838 ], [ 133.79456951200001, 34.265228725 ], [ 133.794774725, 34.264944369 ], [ 133.794961145, 34.264671112 ], [ 133.79495032299999, 34.264510649 ], [ 133.794398132999987, 34.264197596 ], [ 133.794064738, 34.264004016 ], [ 133.79367719199999, 34.263851586 ], [ 133.793232149, 34.263620856 ], [ 133.793051104, 34.263488036 ], [ 133.792456476000012, 34.263176879 ], [ 133.792042173, 34.262937398 ], [ 133.792311187, 34.262926767 ], [ 133.792414747, 34.262917053 ], [ 133.792505694999988, 34.262902772 ], [ 133.792733833, 34.26286922 ], [ 133.792814991, 34.262859524 ], [ 133.792858415000012, 34.262849926 ], [ 133.79290524699999, 34.262833667 ], [ 133.79297028799999, 34.262791715 ], [ 133.793211742000011, 34.262602725 ], [ 133.792859555, 34.262401893 ], [ 133.792559336000011, 34.26224661 ], [ 133.792363662000014, 34.262127979 ], [ 133.79187564099999, 34.261849769 ], [ 133.79169712800001, 34.261753798 ], [ 133.791749837, 34.261665885 ], [ 133.79170616499999, 34.261647408 ], [ 133.791307187, 34.261478607 ], [ 133.791316622000011, 34.261415384 ], [ 133.79130579, 34.261359963 ], [ 133.791266877999988, 34.261349056 ], [ 133.791249708, 34.26134513 ], [ 133.791226669999986, 34.261340046 ], [ 133.791200155000013, 34.261334248 ], [ 133.791091773, 34.261299254 ], [ 133.791037308, 34.261280991 ], [ 133.79097632599999, 34.261262113 ], [ 133.790909476, 34.261242076 ], [ 133.79088785, 34.261236988 ], [ 133.790764001000014, 34.261188146 ], [ 133.79063253699999, 34.261134904 ], [ 133.790567720000013, 34.261106117 ], [ 133.79055108099999, 34.261098764 ], [ 133.790371392999987, 34.261010654 ], [ 133.79030428199999, 34.260977635 ], [ 133.790062573, 34.260852347 ], [ 133.790043101, 34.260842115 ], [ 133.790018736, 34.260830092 ], [ 133.789979807, 34.260814046 ], [ 133.789953282, 34.260805273 ], [ 133.789926345, 34.260803173 ], [ 133.789910373, 34.260800235 ], [ 133.78978781399999, 34.260746971 ], [ 133.789721057, 34.260722246 ], [ 133.78959093099999, 34.260678826 ], [ 133.789468414999988, 34.260638094 ], [ 133.789429500000011, 34.260626015 ], [ 133.789387979, 34.260614031 ], [ 133.789355159, 34.260606085 ], [ 133.78922790199999, 34.260576272 ], [ 133.78919508199999, 34.260568236 ], [ 133.789165950000012, 34.260559199 ], [ 133.789141605, 34.260552945 ], [ 133.789118554999988, 34.260544254 ], [ 133.789094302, 34.260532951 ], [ 133.788674479, 34.260323837 ], [ 133.78868646, 34.260299736 ], [ 133.78870985099999, 34.260261941 ], [ 133.788399553, 34.260114452 ], [ 133.788189447, 34.260027349 ], [ 133.787888003, 34.259890079 ], [ 133.787744636000014, 34.259815946 ], [ 133.78763153700001, 34.259989134 ], [ 133.787605719, 34.260028684 ], [ 133.78749360899999, 34.260205386 ], [ 133.787395702, 34.260375833 ], [ 133.787360697999986, 34.260441082 ], [ 133.787325939999988, 34.260530473 ], [ 133.787300557, 34.260627615 ], [ 133.787305385, 34.260674197 ], [ 133.787321874000014, 34.260711051 ], [ 133.78736645699999, 34.260761426 ], [ 133.787418048, 34.260809846 ], [ 133.787478969, 34.26085242 ], [ 133.787549219, 34.260889139 ], [ 133.78768498299999, 34.260943186 ], [ 133.788164558, 34.26111592 ], [ 133.788087948, 34.261271424 ], [ 133.788071688, 34.261298644 ], [ 133.788025049999987, 34.261333699 ], [ 133.787978403000011, 34.261362939 ], [ 133.787952743, 34.261378533 ], [ 133.78793881199999, 34.261407687 ], [ 133.78792040499999, 34.261493155 ], [ 133.78786979899999, 34.261734031 ], [ 133.78780049400001, 34.261974943 ], [ 133.787782330999988, 34.262030333 ], [ 133.787746768, 34.26213875 ], [ 133.78790034799999, 34.262206657 ], [ 133.788584117999989, 34.262522135 ], [ 133.788615717, 34.262553706 ], [ 133.788632294, 34.26256206 ], [ 133.78862809200001, 34.262568616 ], [ 133.788456515, 34.26280499 ], [ 133.788301668, 34.263027954 ], [ 133.788244932999987, 34.263108508 ], [ 133.788108254, 34.26333508 ], [ 133.788440336, 34.263504923 ], [ 133.788605897, 34.263589282 ], [ 133.788633756, 34.263606797 ], [ 133.788760408, 34.263681059 ], [ 133.788918405, 34.263775713 ], [ 133.78894632699999, 34.263792633 ], [ 133.789029712, 34.263843159 ], [ 133.789168542, 34.263651914 ], [ 133.78923752599999, 34.263578074 ], [ 133.789353987, 34.263469979 ], [ 133.789397154999989, 34.263439323 ], [ 133.78951382, 34.263390533 ], [ 133.789641311999986, 34.263345307 ], [ 133.78973209099999, 34.263316332 ], [ 133.789775334000012, 34.263310838 ], [ 133.789861448000011, 34.263314673 ], [ 133.789750312, 34.263582254 ], [ 133.789737527999989, 34.263641581 ], [ 133.789748411, 34.263661327 ], [ 133.789787442, 34.263684595 ], [ 133.79019237599999, 34.263903324 ], [ 133.78981106099999, 34.264168948 ], [ 133.789639580999989, 34.264386363 ], [ 133.790228359999986, 34.264670771 ], [ 133.79037298899999, 34.264976054 ], [ 133.79042532599999, 34.265094885 ], [ 133.790483741, 34.265231669 ], [ 133.790593123, 34.265429793 ], [ 133.79112084799999, 34.26572277 ], [ 133.791115768, 34.265836931 ], [ 133.791069674999989, 34.266232293 ], [ 133.791046397, 34.266416423 ], [ 133.791124328, 34.266619372 ], [ 133.79128931299999, 34.267063161 ], [ 133.791414245999988, 34.267398458 ], [ 133.791552720999988, 34.267771508 ], [ 133.791599498000011, 34.267898799 ], [ 133.791872826, 34.268623188 ], [ 133.791919600999989, 34.26874323 ], [ 133.792047774999986, 34.269087976 ], [ 133.79216462, 34.269394252 ], [ 133.792348120000014, 34.269872138 ], [ 133.79260498799999, 34.270553072 ], [ 133.792802918, 34.271091084 ], [ 133.79287676300001, 34.271284612 ], [ 133.79312874499999, 34.271402918 ], [ 133.793278957000012, 34.271458349 ], [ 133.79342243799999, 34.271508205 ], [ 133.793661641999989, 34.272133182 ], [ 133.793971, 34.272962676 ], [ 133.79418791, 34.273523739 ], [ 133.794447227, 34.274248516 ], [ 133.794661767, 34.274825667 ], [ 133.79498239599999, 34.275642427 ], [ 133.795369552000011, 34.276639351 ], [ 133.795524642, 34.277092361 ] ] ] } },
{ "type": "Feature", "properties": { "A29_001": "37202", "A29_002": "香川県", "A29_003": "丸亀市", "A29_004": 6, "A29_005": "第二種住居地域", "A29_006": 60, "A29_007": 200, "A29_008": null }, "geometry": { "type": "Polygon", "coordinates": [ [ [ 133.795415143000014, 34.277973664 ], [ 133.795450890000012, 34.277788637 ], [ 133.79547266, 34.277610064 ], [ 133.795496355000012, 34.277342229 ], [ 133.795524642, 34.277092361 ], [ 133.795369552000011, 34.276639351 ], [ 133.79498239599999, 34.275642427 ], [ 133.794661767, 34.274825667 ], [ 133.794447227, 34.274248516 ], [ 133.79418791, 34.273523739 ], [ 133.793971, 34.272962676 ], [ 133.793661641999989, 34.272133182 ], [ 133.79342243799999, 34.271508205 ], [ 133.793278957000012, 34.271458349 ], [ 133.79312874499999, 34.271402918 ], [ 133.79287676300001, 34.271284612 ], [ 133.792981645999987, 34.271559504 ], [ 133.793225584999988, 34.272197986 ], [ 133.793480953999989, 34.272868391 ], [ 133.79368161, 34.273419252 ], [ 133.793914575, 34.274040872 ], [ 133.794234741, 34.274883619 ], [ 133.794484125, 34.275548987 ], [ 133.794638006000014, 34.275943914 ], [ 133.794765474, 34.27626977 ], [ 133.79498611299999, 34.276855904 ], [ 133.79526657299999, 34.277621478 ], [ 133.795415143000014, 34.277973664 ] ] ] } },
{ "type": "Feature", "properties": { "A29_001": "37202", "A29_002": "香川県", "A29_003": "丸亀市", "A29_004": 8, "A29_005": "近隣商業地域", "A29_006": 80, "A29_007": 200, "A29_008": null }, "geometry": { "type": "Polygon", "coordinates": [ [ [ 133.856631259000011, 34.273515653 ], [ 133.856827411000012, 34.273529723 ], [ 133.856954295, 34.273535809 ], [ 133.857182153999986, 34.273543737 ], [ 133.857461785999988, 34.273549377 ], [ 133.8580963, 34.273555657 ], [ 133.858080691, 34.273526915 ], [ 133.85803948099999, 34.273438231 ], [ 133.858025571000013, 34.273410593 ], [ 133.858012186, 34.273378536 ], [ 133.857915745000014, 34.273224198 ], [ 133.85780366099999, 34.273017614 ], [ 133.85770724599999, 34.27284353 ], [ 133.857698682, 34.272821557 ], [ 133.857687723999987, 34.272798418 ], [ 133.857679792999988, 34.272772116 ], [ 133.85767371, 34.272746258 ], [ 133.857666822999988, 34.272709945 ], [ 133.857661959000012, 34.272663889 ], [ 133.857656768999988, 34.272566804 ], [ 133.857652255, 34.272475307 ], [ 133.857645600000012, 34.272365515 ], [ 133.857638091000013, 34.272285026 ], [ 133.857636466, 34.272234723 ], [ 133.857635466, 34.272178107 ], [ 133.857635858, 34.272142313 ], [ 133.857638113, 34.272110752 ], [ 133.857640994, 34.272072877 ], [ 133.857652398, 34.271970425 ], [ 133.85765527699999, 34.271957885 ], [ 133.857661087999986, 34.271945246 ], [ 133.85767206700001, 34.271922043 ], [ 133.857686832000013, 34.271895494 ], [ 133.85770599, 34.271854687 ], [ 133.857714555, 34.271825451 ], [ 133.857720948, 34.271796582 ], [ 133.857724202000014, 34.271769976 ], [ 133.857724698999988, 34.27173337 ], [ 133.857723713000013, 34.271705785 ], [ 133.857717794, 34.271667215 ], [ 133.85770658199999, 34.271635422 ], [ 133.857691993, 34.271601205 ], [ 133.857675691, 34.271572672 ], [ 133.857664886, 34.271559992 ], [ 133.857651468, 34.271545696 ], [ 133.85760927199999, 34.271505969 ], [ 133.857570815, 34.271477502 ], [ 133.857542841999987, 34.271462617 ], [ 133.857515957, 34.27144818 ], [ 133.857493412, 34.271432829 ], [ 133.857464040999986, 34.271421284 ], [ 133.85729641, 34.271380842 ], [ 133.85715747, 34.271345544 ], [ 133.857139737000011, 34.271338203 ], [ 133.857058157000012, 34.271307336 ], [ 133.857038593999988, 34.271303697 ], [ 133.856892219, 34.271281944 ], [ 133.856769617999987, 34.271258229 ], [ 133.856620548, 34.271215388 ], [ 133.856479707, 34.271166932 ], [ 133.856326117, 34.271108235 ], [ 133.85628313399999, 34.271087714 ], [ 133.85622550799999, 34.271045868 ], [ 133.856153983000013, 34.270978458 ], [ 133.856110139, 34.270908353 ], [ 133.856092496, 34.270870718 ], [ 133.856078695, 34.270842809 ], [ 133.856053723, 34.270792664 ], [ 133.856025491999986, 34.270716383 ], [ 133.85600171499999, 34.270640629 ], [ 133.855975980000011, 34.270589585 ], [ 133.855910324, 34.270497634 ], [ 133.855853126, 34.270428019 ], [ 133.855719470999986, 34.270280458 ], [ 133.855652955000011, 34.270190223 ], [ 133.855534025, 34.270031891 ], [ 133.85547859799999, 34.269995989 ], [ 133.855350829, 34.269930544 ], [ 133.855240173, 34.269880016 ], [ 133.855127571999986, 34.269780177 ], [ 133.855097336999989, 34.269717966 ], [ 133.855034853, 34.26965675 ], [ 133.85502517399999, 34.269627387 ], [ 133.855018316000013, 34.26957196 ], [ 133.855006247, 34.269490943 ], [ 133.855007015000012, 34.269440993 ], [ 133.85501247900001, 34.269423487 ], [ 133.85503572799999, 34.269348048 ], [ 133.85502903299999, 34.269150262 ], [ 133.855026895, 34.269003401 ], [ 133.855032765, 34.268927291 ], [ 133.855039836, 34.268878586 ], [ 133.855052965, 34.268824273 ], [ 133.855081668, 34.268728713 ], [ 133.85514224, 34.268542092 ], [ 133.855167083999987, 34.268484769 ], [ 133.855229057, 34.268321405 ], [ 133.85525929100001, 34.268228545 ], [ 133.855276819000011, 34.268187382 ], [ 133.855313504, 34.268079357 ], [ 133.855327405, 34.268002142 ], [ 133.855327843, 34.267796401 ], [ 133.855321473, 34.26772772 ], [ 133.855301383000011, 34.267624457 ], [ 133.855273785, 34.267569271 ], [ 133.85519202399999, 34.267442746 ], [ 133.855168741, 34.26740639 ], [ 133.855118342, 34.267326296 ], [ 133.855061572000011, 34.26722882 ], [ 133.855026403000011, 34.267155083 ], [ 133.85499470799999, 34.267055099 ], [ 133.854987983, 34.267031227 ], [ 133.855015013000013, 34.266589377 ], [ 133.855034171999989, 34.266212823 ], [ 133.85503659, 34.266142223 ], [ 133.85504840199999, 34.266084668 ], [ 133.855095060999986, 34.265916109 ], [ 133.855454433, 34.265997688 ], [ 133.85583954399999, 34.266095239 ], [ 133.856206286, 34.266167932 ], [ 133.8565783, 34.266234036 ], [ 133.856828955, 34.266282947 ], [ 133.856917708, 34.266303515 ], [ 133.857164774000012, 34.266371784 ], [ 133.857311941, 34.266415694 ], [ 133.857571673, 34.266502831 ], [ 133.857730526000012, 34.266567579 ], [ 133.858683106, 34.266904869 ], [ 133.858883023, 34.266978159 ], [ 133.860201429, 34.267558765 ], [ 133.86040609599999, 34.26729878 ], [ 133.86082667, 34.267476632 ], [ 133.86097131299999, 34.267363599 ], [ 133.86111692, 34.267257776 ], [ 133.85981051499999, 34.266680426 ], [ 133.85922216899999, 34.266428133 ], [ 133.858943702, 34.266325502 ], [ 133.85802915, 34.266002014 ], [ 133.857931908000012, 34.265961457 ], [ 133.857874962000011, 34.265938534 ], [ 133.857591936, 34.265843315 ], [ 133.857284709, 34.265754089 ], [ 133.856996149, 34.265667243 ], [ 133.85676645699999, 34.265626655 ], [ 133.85640663699999, 34.265572589 ], [ 133.856143672, 34.265521359 ], [ 133.855894484, 34.265464301 ], [ 133.855669368, 34.265406469 ], [ 133.855539784, 34.265372531 ], [ 133.85566136, 34.265247761 ], [ 133.855702565, 34.265207882 ], [ 133.855740502, 34.265165398 ], [ 133.855771833, 34.26512726 ], [ 133.855797958000011, 34.265090581 ], [ 133.855834382000012, 34.265024119 ], [ 133.855953792, 34.264782601 ], [ 133.855975263, 34.264723936 ], [ 133.856003163, 34.264670572 ], [ 133.856052928999986, 34.264600645 ], [ 133.856141494000013, 34.264512664 ], [ 133.856236811, 34.264429442 ], [ 133.856282061, 34.264396043 ], [ 133.85630357299999, 34.264375487 ], [ 133.85625846100001, 34.264279204 ], [ 133.85623486599999, 34.264235961 ], [ 133.856194292, 34.264185888 ], [ 133.85610444400001, 34.264080061 ], [ 133.856066054, 34.264045894 ], [ 133.856025515, 34.264022147 ], [ 133.855986167999987, 34.264005573 ], [ 133.85593820299999, 34.2639898 ], [ 133.855885980000011, 34.263971388 ], [ 133.855858245, 34.263958206 ], [ 133.855840105999988, 34.263946773 ], [ 133.855829416, 34.263935309 ], [ 133.855806953000013, 34.263907966 ], [ 133.855776985, 34.263870043 ], [ 133.85575919199999, 34.26384018 ], [ 133.855742341, 34.263825091 ], [ 133.855724062, 34.26381401 ], [ 133.855701966, 34.263804364 ], [ 133.85567501700001, 34.263794705 ], [ 133.855594048, 34.263775484 ], [ 133.85550881399999, 34.263754517 ], [ 133.85543852399999, 34.26374411 ], [ 133.85538574899999, 34.263738916 ], [ 133.85540616099999, 34.264037658 ], [ 133.855333726999987, 34.264023722 ], [ 133.855269792, 34.264006227 ], [ 133.85520157, 34.263981668 ], [ 133.85515679299999, 34.26396235 ], [ 133.85502903599999, 34.263897473 ], [ 133.85504106499999, 34.264070045 ], [ 133.855052981, 34.264288039 ], [ 133.855055327, 34.264414749 ], [ 133.855052311, 34.264490355 ], [ 133.855048595, 34.264562068 ], [ 133.855035683000011, 34.264673242 ], [ 133.855015552, 34.264761322 ], [ 133.85491846299999, 34.265017975 ], [ 133.854655896999986, 34.265573349 ], [ 133.854092361, 34.265605235 ], [ 133.853752907, 34.265627023 ], [ 133.853757688, 34.265778168 ], [ 133.853764047999988, 34.265870651 ], [ 133.85377412, 34.265916061 ], [ 133.853788255000012, 34.265972279 ], [ 133.853801651, 34.266007492 ], [ 133.853874407, 34.266162804 ], [ 133.853886159000012, 34.266194505 ], [ 133.853899017, 34.266256857 ], [ 133.85390857499999, 34.266361052 ], [ 133.853915567, 34.26642297 ], [ 133.853924774, 34.266469194 ], [ 133.853939728, 34.26652101 ], [ 133.853979888999987, 34.266638621 ], [ 133.854001992, 34.266678407 ], [ 133.854039803, 34.266786938 ], [ 133.85406333, 34.266907501 ], [ 133.854090590999988, 34.266986039 ], [ 133.854174140999987, 34.267151418 ], [ 133.854190515999989, 34.267197711 ], [ 133.854210732000013, 34.267305571 ], [ 133.85420985799999, 34.267407993 ], [ 133.854200767, 34.267467072 ], [ 133.854211633, 34.267520504 ], [ 133.854227022, 34.267616568 ], [ 133.85424196, 34.2676827 ], [ 133.854269088, 34.267755469 ], [ 133.854311059, 34.267845956 ], [ 133.854323993, 34.267900284 ], [ 133.854337675000011, 34.267925939 ], [ 133.854355698, 34.267951131 ], [ 133.854196694, 34.268360455 ], [ 133.85411406099999, 34.268624063 ], [ 133.854231346, 34.268639952 ], [ 133.854356450000012, 34.26865581 ], [ 133.854417039999987, 34.268662126 ], [ 133.854442052, 34.269035252 ], [ 133.854268819999987, 34.269077081 ], [ 133.85385134399999, 34.26871973 ], [ 133.85361980799999, 34.268523025 ], [ 133.85345333699999, 34.268376567 ], [ 133.853363228, 34.268291925 ], [ 133.853234293000014, 34.268159585 ], [ 133.853145477, 34.268066879 ], [ 133.853036839999987, 34.267940169 ], [ 133.852936967, 34.267818465 ], [ 133.85283859, 34.267680365 ], [ 133.852761214, 34.267547164 ], [ 133.85265223, 34.267328962 ], [ 133.852567897, 34.267160205 ], [ 133.852504175, 34.267017407 ], [ 133.85245329899999, 34.266889989 ], [ 133.852400222999989, 34.2667349 ], [ 133.85236547, 34.266616785 ], [ 133.85231843299999, 34.266441257 ], [ 133.852314681, 34.266421587 ], [ 133.852197896, 34.266597883 ], [ 133.852134439999986, 34.26669054 ], [ 133.85203443899999, 34.266831951 ], [ 133.85192225899999, 34.266987641 ], [ 133.851523656000012, 34.26680536 ], [ 133.851469358, 34.266779099 ], [ 133.851412103, 34.266746536 ], [ 133.85134105899999, 34.266714734 ], [ 133.851283638000012, 34.266812296 ], [ 133.851112271, 34.267103437 ], [ 133.851173483, 34.267283009 ], [ 133.85126158, 34.267487928 ], [ 133.85133887, 34.26765338 ], [ 133.851532918, 34.268024011 ], [ 133.851706189999987, 34.268302281 ], [ 133.851896325000013, 34.268546153 ], [ 133.852185058, 34.268866113 ], [ 133.852402987, 34.269092242 ], [ 133.852639473000011, 34.269301665 ], [ 133.852733625000013, 34.269379317 ], [ 133.85281012199999, 34.269444741 ], [ 133.853216162, 34.269788965 ], [ 133.85376665699999, 34.270248677 ], [ 133.85458323899999, 34.270929251 ], [ 133.854847283, 34.271143062 ], [ 133.855210543, 34.271456948 ], [ 133.85552374400001, 34.271758843 ], [ 133.85566377, 34.271925796 ], [ 133.855915091000014, 34.27229116 ], [ 133.855991098, 34.272422091 ], [ 133.856405494, 34.272444319 ], [ 133.85643185699999, 34.272438112 ], [ 133.856514634, 34.27241003 ], [ 133.8565767, 34.272533717 ], [ 133.856638608, 34.272660938 ], [ 133.856684086, 34.272811739 ], [ 133.856684242999989, 34.272848982 ], [ 133.856667907, 34.272892152 ], [ 133.856602304, 34.273006023 ], [ 133.856590656, 34.273043301 ], [ 133.856576843, 34.273125664 ], [ 133.85657495800001, 34.273237401 ], [ 133.85657894, 34.273398762 ], [ 133.85658791, 34.273511776 ], [ 133.856631259000011, 34.273515653 ] ] ] } },
{ "type": "Feature", "properties": { "A29_001": "37202", "A29_002": "香川県", "A29_003": "丸亀市", "A29_004": 3, "A29_005": "第一種中高層住居専用地域", "A29_006": 60, "A29_007": 200, "A29_008": null }, "geometry": { "type": "Polygon", "coordinates": [ [ [ 133.794097744, 34.26927429 ], [ 133.793928644, 34.269529265 ], [ 133.794407637, 34.269751292 ], [ 133.79451893800001, 34.26980072 ], [ 133.794644463, 34.269846561 ], [ 133.794771394, 34.269887674 ], [ 133.79490369199999, 34.269960293 ], [ 133.79489510799999, 34.269971547 ], [ 133.794673014000011, 34.270279519 ], [ 133.794912391999986, 34.270393074 ], [ 133.794776576, 34.270591604 ], [ 133.794708539, 34.270691148 ], [ 133.794740087, 34.270750234 ], [ 133.795038874, 34.270840024 ], [ 133.795055251, 34.270839985 ], [ 133.795070917, 34.270838766 ], [ 133.79508729599999, 34.270836365 ], [ 133.795283395000013, 34.27089564 ], [ 133.795247507, 34.271018016 ], [ 133.795245498000014, 34.271055292 ], [ 133.795216728000014, 34.271172972 ], [ 133.79519135000001, 34.271251128 ], [ 133.795185726, 34.271270066 ], [ 133.79518505199999, 34.271282491 ], [ 133.79518224200001, 34.271292559 ], [ 133.79513168299999, 34.271384128 ], [ 133.794981409, 34.271650248 ], [ 133.79488634, 34.271814915 ], [ 133.794764109, 34.272013845 ], [ 133.79474685, 34.272047172 ], [ 133.794744232, 34.272062722 ], [ 133.79475767400001, 34.272083768 ], [ 133.795040207999989, 34.272257309 ], [ 133.795282281999988, 34.272388375 ], [ 133.795520212000014, 34.272492961 ], [ 133.79554710299999, 34.272542835 ], [ 133.795576621, 34.272577159 ], [ 133.795603406, 34.272593737 ], [ 133.795639553, 34.272613629 ], [ 133.795690398, 34.272634585 ], [ 133.795791657, 34.272674885 ], [ 133.796081614, 34.272786773 ], [ 133.796087035, 34.272778168 ], [ 133.796205207000014, 34.272595945 ], [ 133.796512087, 34.272124129 ], [ 133.796661925, 34.271898822 ], [ 133.79678640099999, 34.271719107 ], [ 133.796943403, 34.271493152 ], [ 133.797007181999987, 34.271409332 ], [ 133.797062138, 34.271317869 ], [ 133.79710024799999, 34.271253945 ], [ 133.797183839000013, 34.271121571 ], [ 133.797252315, 34.271014748 ], [ 133.797388496999986, 34.27079849 ], [ 133.797500926999987, 34.270591125 ], [ 133.79755759599999, 34.270493076 ], [ 133.797620474000013, 34.270400421 ], [ 133.797773463, 34.27017736 ], [ 133.797844712, 34.2700873 ], [ 133.798034140999988, 34.269850536 ], [ 133.798125174, 34.269735454 ], [ 133.798195321, 34.269641068 ], [ 133.798387342000012, 34.269339474 ], [ 133.798374848, 34.269307228 ], [ 133.798057602, 34.269174747 ], [ 133.797854991, 34.269090942 ], [ 133.79781331699999, 34.269067873 ], [ 133.79759332899999, 34.268952825 ], [ 133.797422692, 34.268882285 ], [ 133.79725076299999, 34.268814633 ], [ 133.797098559, 34.268766497 ], [ 133.79703799399999, 34.268744645 ], [ 133.797010123, 34.268724608 ], [ 133.79698444499999, 34.268710695 ], [ 133.79692368100001, 34.268663149 ], [ 133.796893063999988, 34.268634193 ], [ 133.796847011000011, 34.268600946 ], [ 133.796796951, 34.268571044 ], [ 133.796723963, 34.268536691 ], [ 133.796670463, 34.268516625 ], [ 133.796608483, 34.268493695 ], [ 133.796505421, 34.268461667 ], [ 133.796484545999988, 34.268454686 ], [ 133.796424049, 34.268451947 ], [ 133.796356245, 34.268434557 ], [ 133.796327179, 34.268426585 ], [ 133.796290324000012, 34.268405767 ], [ 133.796265973, 34.268370466 ], [ 133.79625354800001, 34.268357694 ], [ 133.796233202, 34.268346743 ], [ 133.796038634000013, 34.268264088 ], [ 133.795978588999986, 34.268238574 ], [ 133.795848525999986, 34.268183315 ], [ 133.795604098000013, 34.268065167 ], [ 133.795375858, 34.267948693 ], [ 133.79522274499999, 34.267888475 ], [ 133.795125832, 34.267844351 ], [ 133.795080622, 34.267803348 ], [ 133.79480573699999, 34.267670125 ], [ 133.794540297999987, 34.267536158 ], [ 133.79408116, 34.267318177 ], [ 133.794062243000013, 34.26728701 ], [ 133.79397156600001, 34.267430398 ], [ 133.793846835000011, 34.267611716 ], [ 133.793814282, 34.267672136 ], [ 133.793791827, 34.267722606 ], [ 133.793766422, 34.267790114 ], [ 133.793743788, 34.267836311 ], [ 133.79364199599999, 34.268031422 ], [ 133.793588228, 34.268136855 ], [ 133.793542878000011, 34.268205592 ], [ 133.79367071199999, 34.268269857 ], [ 133.794566704, 34.268705927 ], [ 133.794448507, 34.268867648 ], [ 133.794431968, 34.268889596 ], [ 133.794312413, 34.26904838 ], [ 133.79422296300001, 34.269151555 ], [ 133.794206558000013, 34.269149611 ], [ 133.794184711000014, 34.269138015 ], [ 133.794097744, 34.26927429 ] ] ] } },
{ "type": "Feature", "properties": { "A29_001": "37202", "A29_002": "香川県", "A29_003": "丸亀市", "A29_004": 7, "A29_005": "準住居地域", "A29_006": 60, "A29_007": 200, "A29_008": null }, "geometry": { "type": "Polygon", "coordinates": [ [ [ 133.788168371000012, 34.270148831 ], [ 133.78850591599999, 34.270037585 ], [ 133.788801769, 34.269948434 ], [ 133.78921125299999, 34.269816515 ], [ 133.789457664, 34.269731518 ], [ 133.789660964, 34.269656937 ], [ 133.789756161000014, 34.269619243 ], [ 133.79018026899999, 34.269429936 ], [ 133.79049193, 34.26928096 ], [ 133.79057892099999, 34.269244285 ], [ 133.79061728799999, 34.269225324 ], [ 133.791029884000011, 34.269021373 ], [ 133.791579509, 34.268758825 ], [ 133.791872826, 34.268623188 ], [ 133.791599498000011, 34.267898799 ], [ 133.791448658, 34.267971104 ], [ 133.79092810099999, 34.268237603 ], [ 133.790266067, 34.268553264 ], [ 133.78991518399999, 34.268715296 ], [ 133.789794467, 34.268781262 ], [ 133.78958678699999, 34.268876238 ], [ 133.789569160000013, 34.268901271 ], [ 133.78955251799999, 34.268924932 ], [ 133.789547641000013, 34.268927829 ], [ 133.78953110399999, 34.269014059 ], [ 133.789456013, 34.269126212 ], [ 133.789347655, 34.269278447 ], [ 133.789133045999989, 34.26955123 ], [ 133.789089807000011, 34.269565513 ], [ 133.788687245, 34.269695207 ], [ 133.788390211, 34.269784712 ], [ 133.788168371000012, 34.270148831 ] ] ] } },
{ "type": "Feature", "properties": { "A29_001": "37202", "A29_002": "香川県", "A29_003": "丸亀市", "A29_004": 5, "A29_005": "第一種住居地域", "A29_006": 60, "A29_007": 200, "A29_008": null }, "geometry": { "type": "Polygon", "coordinates": [ [ [ 133.853939728, 34.26652101 ], [ 133.85378153, 34.266562804 ], [ 133.853578023000011, 34.266411556 ], [ 133.85356372199999, 34.266406522 ], [ 133.85355081, 34.266406559 ], [ 133.853541983000014, 34.266409406 ], [ 133.853535222, 34.266415629 ], [ 133.853460516000013, 34.266523664 ], [ 133.85336994299999, 34.26648046 ], [ 133.853136361, 34.266369374 ], [ 133.853058991000012, 34.266333651 ], [ 133.852933111, 34.266266395 ], [ 133.852815397, 34.266217129 ], [ 133.852649949000011, 34.266145353 ], [ 133.852521419, 34.266093314 ], [ 133.852496516, 34.266149834 ], [ 133.85246343099999, 34.266200083 ], [ 133.852370181999987, 34.266330178 ], [ 133.852314681, 34.266421587 ], [ 133.85231843299999, 34.266441257 ], [ 133.85236547, 34.266616785 ], [ 133.852400222999989, 34.2667349 ], [ 133.85245329899999, 34.266889989 ], [ 133.852504175, 34.267017407 ], [ 133.852567897, 34.267160205 ], [ 133.85265223, 34.267328962 ], [ 133.852761214, 34.267547164 ], [ 133.85283859, 34.267680365 ], [ 133.852936967, 34.267818465 ], [ 133.853036839999987, 34.267940169 ], [ 133.853145477, 34.268066879 ], [ 133.853234293000014, 34.268159585 ], [ 133.853363228, 34.268291925 ], [ 133.85345333699999, 34.268376567 ], [ 133.85361980799999, 34.268523025 ], [ 133.85385134399999, 34.26871973 ], [ 133.854268819999987, 34.269077081 ], [ 133.854442052, 34.269035252 ], [ 133.854417039999987, 34.268662126 ], [ 133.854356450000012, 34.26865581 ], [ 133.854231346, 34.268639952 ], [ 133.85411406099999, 34.268624063 ], [ 133.854196694, 34.268360455 ], [ 133.854355698, 34.267951131 ], [ 133.854337675000011, 34.267925939 ], [ 133.854323993, 34.267900284 ], [ 133.854311059, 34.267845956 ], [ 133.854269088, 34.267755469 ], [ 133.85424196, 34.2676827 ], [ 133.854227022, 34.267616568 ], [ 133.854211633, 34.267520504 ], [ 133.854200767, 34.267467072 ], [ 133.85420985799999, 34.267407993 ], [ 133.854210732000013, 34.267305571 ], [ 133.854190515999989, 34.267197711 ], [ 133.854174140999987, 34.267151418 ], [ 133.854090590999988, 34.266986039 ], [ 133.85406333, 34.266907501 ], [ 133.854039803, 34.266786938 ], [ 133.854001992, 34.266678407 ], [ 133.853979888999987, 34.266638621 ], [ 133.853939728, 34.26652101 ] ] ] } },
{ "type": "Feature", "properties": { "A29_001": "37202", "A29_002": "香川県", "A29_003": "丸亀市", "A29_004": 5, "A29_005": "第一種住居地域", "A29_006": 60, "A29_007": 200, "A29_008": null }, "geometry": { "type": "Polygon", "coordinates": [ [ [ 133.78958678699999, 34.268876238 ], [ 133.789794467, 34.268781262 ], [ 133.78991518399999, 34.268715296 ], [ 133.790266067, 34.268553264 ], [ 133.79092810099999, 34.268237603 ], [ 133.791448658, 34.267971104 ], [ 133.791599498000011, 34.267898799 ], [ 133.791552720999988, 34.267771508 ], [ 133.791414245999988, 34.267398458 ], [ 133.79128931299999, 34.267063161 ], [ 133.791124328, 34.266619372 ], [ 133.791046397, 34.266416423 ], [ 133.791069674999989, 34.266232293 ], [ 133.791115768, 34.265836931 ], [ 133.79112084799999, 34.26572277 ], [ 133.790593123, 34.265429793 ], [ 133.790483741, 34.265231669 ], [ 133.79042532599999, 34.265094885 ], [ 133.79037298899999, 34.264976054 ], [ 133.790228359999986, 34.264670771 ], [ 133.789639580999989, 34.264386363 ], [ 133.78981106099999, 34.264168948 ], [ 133.79019237599999, 34.263903324 ], [ 133.789787442, 34.263684595 ], [ 133.789748411, 34.263661327 ], [ 133.789737527999989, 34.263641581 ], [ 133.789750312, 34.263582254 ], [ 133.789861448000011, 34.263314673 ], [ 133.789775334000012, 34.263310838 ], [ 133.78973209099999, 34.263316332 ], [ 133.789641311999986, 34.263345307 ], [ 133.78951382, 34.263390533 ], [ 133.789397154999989, 34.263439323 ], [ 133.789353987, 34.263469979 ], [ 133.78923752599999, 34.263578074 ], [ 133.789168542, 34.263651914 ], [ 133.789029712, 34.263843159 ], [ 133.78894632699999, 34.263792633 ], [ 133.788708687, 34.264052902 ], [ 133.788642801, 34.264124823 ], [ 133.788489833, 34.264294319 ], [ 133.788451737, 34.264331734 ], [ 133.788402044, 34.264375667 ], [ 133.788338377, 34.264429912 ], [ 133.78822519799999, 34.264517361 ], [ 133.78820274, 34.2645551 ], [ 133.78810195299999, 34.26461448 ], [ 133.788015021, 34.264661025 ], [ 133.78783125699999, 34.264748459 ], [ 133.787790225, 34.264753064 ], [ 133.78776005, 34.264757011 ], [ 133.78765789900001, 34.264798724 ], [ 133.787368899, 34.26494699 ], [ 133.78697427, 34.265136705 ], [ 133.786836489, 34.26520708 ], [ 133.786800531000011, 34.265235023 ], [ 133.786706486000014, 34.265329548 ], [ 133.786581477999988, 34.265461877 ], [ 133.786967105, 34.265584896 ], [ 133.787653239, 34.265822116 ], [ 133.788275782, 34.266039286 ], [ 133.788986286000011, 34.26628744 ], [ 133.788993788, 34.266290037 ], [ 133.789714406, 34.266541409 ], [ 133.790320559, 34.266757886 ], [ 133.790489603, 34.266810228 ], [ 133.790820110999988, 34.26692151 ], [ 133.790953876, 34.266965199 ], [ 133.790945349, 34.266992979 ], [ 133.79093791599999, 34.267010307 ], [ 133.790919906, 34.267046683 ], [ 133.790903163, 34.267072688 ], [ 133.790877674, 34.267113139 ], [ 133.790834133, 34.267177796 ], [ 133.790775258, 34.267267462 ], [ 133.790736579999987, 34.267325164 ], [ 133.790697884, 34.267377728 ], [ 133.79058991799999, 34.267528998 ], [ 133.790537394000012, 34.267602601 ], [ 133.790430273, 34.267747189 ], [ 133.790382496, 34.267811684 ], [ 133.79020131199999, 34.268050941 ], [ 133.790087803, 34.268201322 ], [ 133.789651402, 34.268784503 ], [ 133.78958678699999, 34.268876238 ] ] ] } },
{ "type": "Feature", "properties": { "A29_001": "37202", "A29_002": "香川県", "A29_003": "丸亀市", "A29_004": 7, "A29_005": "準住居地域", "A29_006": 60, "A29_007": 200, "A29_008": null }, "geometry": { "type": "Polygon", "coordinates": [ [ [ 133.79318411599999, 34.266880374 ], [ 133.793099133, 34.267034549 ], [ 133.79296588599999, 34.26725002 ], [ 133.79280304400001, 34.267477453 ], [ 133.792617833, 34.267733863 ], [ 133.792857223, 34.267860071 ], [ 133.792866987, 34.267879071 ], [ 133.792881948, 34.267900051 ], [ 133.792896875, 34.26791115 ], [ 133.792924239, 34.267926267 ], [ 133.793132644, 34.268032578 ], [ 133.793212579, 34.267988228 ], [ 133.7934069, 34.267847577 ], [ 133.79356197199999, 34.267718902 ], [ 133.793648456999989, 34.267634406 ], [ 133.79376559, 34.267500935 ], [ 133.793870206, 34.267371687 ], [ 133.793975192, 34.267246016 ], [ 133.794090573, 34.267214383 ], [ 133.79441333299999, 34.266727135 ], [ 133.794941722, 34.265950607 ], [ 133.79512144, 34.265691655 ], [ 133.79515570699999, 34.265659242 ], [ 133.795178181000011, 34.26563929 ], [ 133.795199243000013, 34.265619351 ], [ 133.795213284999988, 34.265610256 ], [ 133.795252532, 34.26555164 ], [ 133.79496037199999, 34.265410742 ], [ 133.79456951200001, 34.265228725 ], [ 133.794278491, 34.265108838 ], [ 133.794276207, 34.265107815 ], [ 133.79385603599999, 34.265792418 ], [ 133.793765678, 34.265936571 ], [ 133.793378596, 34.266564357 ], [ 133.793265531, 34.266749739 ], [ 133.79318411599999, 34.266880374 ] ] ] } },
{ "type": "Feature", "properties": { "A29_001": "37202", "A29_002": "香川県", "A29_003": "丸亀市", "A29_004": 5, "A29_005": "第一種住居地域", "A29_006": 60, "A29_007": 200, "A29_008": null }, "geometry": { "type": "Polygon", "coordinates": [ [ [ 133.86111692, 34.267257776 ], [ 133.861522701000013, 34.266962837 ], [ 133.861568358, 34.266923051 ], [ 133.861612052, 34.266868999 ], [ 133.861670978, 34.266793481 ], [ 133.861672825, 34.266791113 ], [ 133.861919124, 34.26639766 ], [ 133.862180677, 34.265978773 ], [ 133.862334061000013, 34.265717142 ], [ 133.862461227000011, 34.265535964 ], [ 133.86256755, 34.265394499 ], [ 133.862615068, 34.265378842 ], [ 133.862797228, 34.265110273 ], [ 133.86312324, 34.264637423 ], [ 133.863357175, 34.264278218 ], [ 133.86352322, 34.264023238 ], [ 133.86373531800001, 34.263702955 ], [ 133.863778986, 34.263645729 ], [ 133.863879684000011, 34.263528063 ], [ 133.863957058000011, 34.2634533 ], [ 133.863545649, 34.263259654 ], [ 133.863252429, 34.26312901 ], [ 133.862919172, 34.262967813 ], [ 133.862784642, 34.262902324 ], [ 133.86258277799999, 34.262786357 ], [ 133.86230140699999, 34.262630071 ], [ 133.86197114, 34.262453662 ], [ 133.861855891, 34.262396932 ], [ 133.86150323199999, 34.262978669 ], [ 133.861376435000011, 34.263184701 ], [ 133.861176449, 34.26346487 ], [ 133.861011057000013, 34.26369351 ], [ 133.86081868799999, 34.263944732 ], [ 133.86059551, 34.264231387 ], [ 133.86042638, 34.264455277 ], [ 133.860359555, 34.264430112 ], [ 133.85989780599999, 34.26424917 ], [ 133.859625200000011, 34.264126454 ], [ 133.858967334999988, 34.263821513 ], [ 133.858742119999988, 34.263714092 ], [ 133.85858658, 34.263630565 ], [ 133.858452719000013, 34.263548147 ], [ 133.858323917, 34.263460097 ], [ 133.858097281999989, 34.263278641 ], [ 133.85789374, 34.263103788 ], [ 133.857825931, 34.263053453 ], [ 133.85777514099999, 34.263029737 ], [ 133.857729441, 34.263013029 ], [ 133.85764319, 34.262997836 ], [ 133.857544444000013, 34.262983492 ], [ 133.85754623299999, 34.263154858 ], [ 133.857548361, 34.263272778 ], [ 133.857507605, 34.263367292 ], [ 133.857499996, 34.263391026 ], [ 133.85749557299999, 34.263423676 ], [ 133.857468356999988, 34.26374102 ], [ 133.85746315899999, 34.263770066 ], [ 133.857426046, 34.263929843 ], [ 133.85741823399999, 34.263957183 ], [ 133.85740238299999, 34.263983646 ], [ 133.85736309, 34.264038847 ], [ 133.857331646, 34.264075633 ], [ 133.857313694999988, 34.264093446 ], [ 133.857294314, 34.264106846 ], [ 133.85727416200001, 34.264117543 ], [ 133.85724108, 34.264126655 ], [ 133.856896302, 34.264202851 ], [ 133.856786621999987, 34.264227603 ], [ 133.856765773, 34.264227754 ], [ 133.85675240399999, 34.264224727 ], [ 133.856672116999988, 34.26424119 ], [ 133.856617209, 34.264250545 ], [ 133.856549261, 34.264257505 ], [ 133.856486069999988, 34.264259582 ], [ 133.856311909999988, 34.264264055 ], [ 133.85630357299999, 34.264375487 ], [ 133.856282061, 34.264396043 ], [ 133.856236811, 34.264429442 ], [ 133.856141494000013, 34.264512664 ], [ 133.856052928999986, 34.264600645 ], [ 133.856003163, 34.264670572 ], [ 133.855975263, 34.264723936 ], [ 133.855953792, 34.264782601 ], [ 133.855834382000012, 34.265024119 ], [ 133.855797958000011, 34.265090581 ], [ 133.855771833, 34.26512726 ], [ 133.855740502, 34.265165398 ], [ 133.855702565, 34.265207882 ], [ 133.85566136, 34.265247761 ], [ 133.855539784, 34.265372531 ], [ 133.855669368, 34.265406469 ], [ 133.855894484, 34.265464301 ], [ 133.856143672, 34.265521359 ], [ 133.85640663699999, 34.265572589 ], [ 133.85676645699999, 34.265626655 ], [ 133.856996149, 34.265667243 ], [ 133.857284709, 34.265754089 ], [ 133.857591936, 34.265843315 ], [ 133.857874962000011, 34.265938534 ], [ 133.857931908000012, 34.265961457 ], [ 133.85802915, 34.266002014 ], [ 133.858943702, 34.266325502 ], [ 133.85922216899999, 34.266428133 ], [ 133.85981051499999, 34.266680426 ], [ 133.86111692, 34.267257776 ] ] ] } },
{ "type": "Feature", "properties": { "A29_001": "37202", "A29_002": "香川県", "A29_003": "丸亀市", "A29_004": 10, "A29_005": "準工業地域", "A29_006": 60, "A29_007": 200, "A29_008": null }, "geometry": { "type": "Polygon", "coordinates": [ [ [ 133.851212323, 34.266649919 ], [ 133.851232148, 34.266664468 ], [ 133.85125728599999, 34.266677198 ], [ 133.85132191, 34.266706134 ], [ 133.85134105899999, 34.266714734 ], [ 133.851412103, 34.266746536 ], [ 133.851469358, 34.266779099 ], [ 133.851523656000012, 34.26680536 ], [ 133.85192225899999, 34.266987641 ], [ 133.85203443899999, 34.266831951 ], [ 133.852134439999986, 34.26669054 ], [ 133.852197896, 34.266597883 ], [ 133.852314681, 34.266421587 ], [ 133.852370181999987, 34.266330178 ], [ 133.85246343099999, 34.266200083 ], [ 133.852496516, 34.266149834 ], [ 133.852521419, 34.266093314 ], [ 133.852649949000011, 34.266145353 ], [ 133.852815397, 34.266217129 ], [ 133.852933111, 34.266266395 ], [ 133.853058991000012, 34.266333651 ], [ 133.853136361, 34.266369374 ], [ 133.85336994299999, 34.26648046 ], [ 133.853460516000013, 34.266523664 ], [ 133.853535222, 34.266415629 ], [ 133.853541983000014, 34.266409406 ], [ 133.85355081, 34.266406559 ], [ 133.85356372199999, 34.266406522 ], [ 133.853578023000011, 34.266411556 ], [ 133.85378153, 34.266562804 ], [ 133.853939728, 34.26652101 ], [ 133.853924774, 34.266469194 ], [ 133.853915567, 34.26642297 ], [ 133.85390857499999, 34.266361052 ], [ 133.853899017, 34.266256857 ], [ 133.853886159000012, 34.266194505 ], [ 133.853874407, 34.266162804 ], [ 133.853801651, 34.266007492 ], [ 133.853788255000012, 34.265972279 ], [ 133.85377412, 34.265916061 ], [ 133.853764047999988, 34.265870651 ], [ 133.853757688, 34.265778168 ], [ 133.853752907, 34.265627023 ], [ 133.854092361, 34.265605235 ], [ 133.854655896999986, 34.265573349 ], [ 133.85491846299999, 34.265017975 ], [ 133.855015552, 34.264761322 ], [ 133.855035683000011, 34.264673242 ], [ 133.855048595, 34.264562068 ], [ 133.855052311, 34.264490355 ], [ 133.855055327, 34.264414749 ], [ 133.855052981, 34.264288039 ], [ 133.85504106499999, 34.264070045 ], [ 133.85502903599999, 34.263897473 ], [ 133.85500317099999, 34.263879697 ], [ 133.854958348999986, 34.263849768 ], [ 133.85490497399999, 34.263812796 ], [ 133.85481957799999, 34.263752926 ], [ 133.854757704, 34.263719513 ], [ 133.85470226000001, 34.263696692 ], [ 133.854646823, 34.263675638 ], [ 133.854351068999989, 34.263595406 ], [ 133.85387609599999, 34.263470476 ], [ 133.853862459, 34.263491558 ], [ 133.85384437799999, 34.263507018 ], [ 133.853795397, 34.263562282 ], [ 133.853785409000011, 34.263573184 ], [ 133.853767182000013, 34.26359776 ], [ 133.85375192, 34.263625067 ], [ 133.853717929999988, 34.263702557 ], [ 133.853706538000012, 34.263754277 ], [ 133.85370220499999, 34.263821538 ], [ 133.853700417, 34.263892443 ], [ 133.85370432799999, 34.263955326 ], [ 133.853698807, 34.264089063 ], [ 133.85369073199999, 34.264255942 ], [ 133.85368850099999, 34.264304056 ], [ 133.85368810599999, 34.264313551 ], [ 133.853674004, 34.26432744 ], [ 133.853613343, 34.2643217 ], [ 133.853542135999987, 34.264351865 ], [ 133.853478450000011, 34.26431091 ], [ 133.853460598, 34.264300575 ], [ 133.853421164, 34.264281143 ], [ 133.853399553, 34.264273028 ], [ 133.853271787000011, 34.264465702 ], [ 133.853143175000014, 34.264676843 ], [ 133.853128379999987, 34.264670286 ], [ 133.853116024, 34.264688931 ], [ 133.853094895, 34.264723423 ], [ 133.852908402, 34.2650278 ], [ 133.852827323000014, 34.265159348 ], [ 133.852636483, 34.265073301 ], [ 133.852542054999986, 34.265034895 ], [ 133.85248630000001, 34.265010532 ], [ 133.85246694599999, 34.264999264 ], [ 133.852431623, 34.264971065 ], [ 133.852293022999987, 34.264907443 ], [ 133.852182645999989, 34.264856821 ], [ 133.852143933, 34.264833347 ], [ 133.852113185, 34.264813628 ], [ 133.852102441999989, 34.264804994 ], [ 133.852068742, 34.264777909 ], [ 133.85202886499999, 34.264748785 ], [ 133.85199132, 34.264731916 ], [ 133.851957504000012, 34.264718805 ], [ 133.851896928, 34.26482715 ], [ 133.851881967, 34.264853916 ], [ 133.85178845499999, 34.265019894 ], [ 133.851755735000012, 34.265071865 ], [ 133.851735389999988, 34.265096455 ], [ 133.851701475, 34.265135221 ], [ 133.851660794999987, 34.265184392 ], [ 133.851631591, 34.26522768 ], [ 133.851598859, 34.265276819 ], [ 133.851563905, 34.265337289 ], [ 133.85151781499999, 34.265427705 ], [ 133.851473835, 34.265503293 ], [ 133.851460296999988, 34.265525024 ], [ 133.851429792, 34.265563789 ], [ 133.851424552, 34.26556237 ], [ 133.851177938, 34.265457503 ], [ 133.850929533999988, 34.265340018 ], [ 133.85067944799999, 34.265219949 ], [ 133.850554205, 34.265420286 ], [ 133.850520375, 34.265476984 ], [ 133.850501259, 34.265523262 ], [ 133.850470898, 34.265596927 ], [ 133.85044833399999, 34.265633775 ], [ 133.850439295, 34.265646063 ], [ 133.850401139000013, 34.26568072 ], [ 133.85037061599999, 34.265712877 ], [ 133.850343509999988, 34.265751632 ], [ 133.850287165999987, 34.265839345 ], [ 133.849779805999987, 34.26563857 ], [ 133.84969887299999, 34.265594344 ], [ 133.84961081099999, 34.265558983 ], [ 133.849476263000014, 34.265527009 ], [ 133.849415588, 34.265512586 ], [ 133.849368086999988, 34.265496277 ], [ 133.84929070199999, 34.265453609 ], [ 133.84931932399999, 34.265232461 ], [ 133.849061033999988, 34.265175983 ], [ 133.848985973, 34.265159572 ], [ 133.84896790900001, 34.265176663 ], [ 133.848965685, 34.265187731 ], [ 133.84893694499999, 34.26533083 ], [ 133.848874673000012, 34.265529354 ], [ 133.84861278299999, 34.265458604 ], [ 133.848446665000012, 34.265412826 ], [ 133.848303501, 34.265366135 ], [ 133.848120396000013, 34.265306285 ], [ 133.84809451699999, 34.265363897 ], [ 133.84804389300001, 34.265482896 ], [ 133.847857073, 34.265839341 ], [ 133.847821004, 34.265906422 ], [ 133.84778261400001, 34.265961238 ], [ 133.847694679999989, 34.266083823 ], [ 133.847648353000011, 34.266141502 ], [ 133.84751734, 34.266322044 ], [ 133.847874901000012, 34.266271029 ], [ 133.84802127, 34.266357246 ], [ 133.84819084599999, 34.266440719 ], [ 133.848336509, 34.266511052 ], [ 133.84840706, 34.266541982 ], [ 133.848585285000013, 34.266608328 ], [ 133.849037457, 34.266760624 ], [ 133.849223972, 34.266822347 ], [ 133.849375239000011, 34.266873801 ], [ 133.849430696000013, 34.266897102 ], [ 133.849530856, 34.266947756 ], [ 133.84955087099999, 34.266919281 ], [ 133.849805234, 34.266587046 ], [ 133.850019936, 34.266296621 ], [ 133.850183929999986, 34.266466064 ], [ 133.850237521, 34.266515912 ], [ 133.850284257, 34.266557278 ], [ 133.850321877, 34.266592071 ], [ 133.850358340000014, 34.266620267 ], [ 133.850387952, 34.266638105 ], [ 133.85043006399999, 34.26666157 ], [ 133.850558252000013, 34.26672554 ], [ 133.850589590999988, 34.266740777 ], [ 133.85081140599999, 34.266443164 ], [ 133.850940218, 34.266500406 ], [ 133.851120454000011, 34.266579634 ], [ 133.851147903, 34.266594395 ], [ 133.851167413000013, 34.266609206 ], [ 133.851212323, 34.266649919 ] ] ] } },
{ "type": "Feature", "properties": { "A29_001": "37202", "A29_002": "香川県", "A29_003": "丸亀市", "A29_004": 5, "A29_005": "第一種住居地域", "A29_006": 60, "A29_007": 200, "A29_008": null }, "geometry": { "type": "Polygon", "coordinates": [ [ [ 133.794276207, 34.265107815 ], [ 133.794041717999988, 34.265002659 ], [ 133.79402713799999, 34.26499458 ], [ 133.794051364000012, 34.264966302 ], [ 133.794082628000012, 34.264932148 ], [ 133.794100570000012, 34.264907852 ], [ 133.794111562000012, 34.264883573 ], [ 133.79412593399999, 34.264832239 ], [ 133.794133388, 34.264789667 ], [ 133.794135430000011, 34.264752607 ], [ 133.794149893, 34.264727238 ], [ 133.794187376999986, 34.264701813 ], [ 133.794242948, 34.264662461 ], [ 133.794247786999989, 34.264658221 ], [ 133.794089452, 34.264568453 ], [ 133.79379100599999, 34.264395164 ], [ 133.793416301, 34.264247788 ], [ 133.79294457200001, 34.264003218 ], [ 133.792872639, 34.263958663 ], [ 133.792724482000011, 34.263849971 ], [ 133.792156462, 34.263552732 ], [ 133.79173195199999, 34.263307351 ], [ 133.791440873, 34.263139096 ], [ 133.791338255999989, 34.263082289 ], [ 133.79108224, 34.263115173 ], [ 133.790982109, 34.26313063 ], [ 133.79087963500001, 34.263178575 ], [ 133.79079669399999, 34.263219361 ], [ 133.79074542399999, 34.263233692 ], [ 133.79069534300001, 34.263236858 ], [ 133.790652566, 34.263232893 ], [ 133.79060119499999, 34.263217796 ], [ 133.79058625499999, 34.263211972 ], [ 133.790574271, 34.263203651 ], [ 133.790554644999986, 34.263180356 ], [ 133.79052149099999, 34.263132741 ], [ 133.790479729, 34.263069919 ], [ 133.790467994000011, 34.263058163 ], [ 133.790450322999988, 34.263044618 ], [ 133.790438666999989, 34.263036901 ], [ 133.79042339099999, 34.263031492 ], [ 133.79039178299999, 34.26302586 ], [ 133.79043242099999, 34.26314387 ], [ 133.79055623299999, 34.263512863 ], [ 133.79088463299999, 34.264131865 ], [ 133.791039582, 34.264419155 ], [ 133.79119649899999, 34.264697271 ], [ 133.791315426000011, 34.264904523 ], [ 133.791504097, 34.265318169 ], [ 133.791598596, 34.26554516 ], [ 133.791679219, 34.26544593 ], [ 133.79188234099999, 34.26520074 ], [ 133.79218592, 34.264808137 ], [ 133.792382199, 34.264965102 ], [ 133.792265433000011, 34.265160464 ], [ 133.792224417999989, 34.265217037 ], [ 133.792179382, 34.265300991 ], [ 133.792105729000014, 34.265450044 ], [ 133.79205465699999, 34.265578514 ], [ 133.792022108, 34.265696663 ], [ 133.791991475, 34.265775452 ], [ 133.791970959, 34.265802882 ], [ 133.79195246899999, 34.265816621 ], [ 133.791901101, 34.265859523 ], [ 133.79188057799999, 34.265881814 ], [ 133.791833563000012, 34.265961959 ], [ 133.79180076599999, 34.266011669 ], [ 133.791757668, 34.266059682 ], [ 133.79167085, 34.266135828 ], [ 133.79178438400001, 34.26619545 ], [ 133.79190619100001, 34.266267034 ], [ 133.792030066, 34.266340316 ], [ 133.79216628899999, 34.266410152 ], [ 133.792321082, 34.266486787 ], [ 133.792630623, 34.26662637 ], [ 133.79318411599999, 34.266880374 ], [ 133.793265531, 34.266749739 ], [ 133.793378596, 34.266564357 ], [ 133.793765678, 34.265936571 ], [ 133.79385603599999, 34.265792418 ], [ 133.794276207, 34.265107815 ] ] ] } },
{ "type": "Feature", "properties": { "A29_001": "37202", "A29_002": "香川県", "A29_003": "丸亀市", "A29_004": 3, "A29_005": "第一種中高層住居専用地域", "A29_006": 60, "A29_007": 200, "A29_008": null }, "geometry": { "type": "Polygon", "coordinates": [ [ [ 133.85575919199999, 34.26384018 ], [ 133.855776985, 34.263870043 ], [ 133.855806953000013, 34.263907966 ], [ 133.855829416, 34.263935309 ], [ 133.855840105999988, 34.263946773 ], [ 133.855858245, 34.263958206 ], [ 133.855885980000011, 34.263971388 ], [ 133.85593820299999, 34.2639898 ], [ 133.855986167999987, 34.264005573 ], [ 133.856025515, 34.264022147 ], [ 133.856066054, 34.264045894 ], [ 133.85610444400001, 34.264080061 ], [ 133.856194292, 34.264185888 ], [ 133.85623486599999, 34.264235961 ], [ 133.85625846100001, 34.264279204 ], [ 133.85630357299999, 34.264375487 ], [ 133.856311909999988, 34.264264055 ], [ 133.856486069999988, 34.264259582 ], [ 133.856549261, 34.264257505 ], [ 133.856617209, 34.264250545 ], [ 133.856672116999988, 34.26424119 ], [ 133.85675240399999, 34.264224727 ], [ 133.856765773, 34.264227754 ], [ 133.856786621999987, 34.264227603 ], [ 133.856896302, 34.264202851 ], [ 133.85724108, 34.264126655 ], [ 133.85727416200001, 34.264117543 ], [ 133.857294314, 34.264106846 ], [ 133.857313694999988, 34.264093446 ], [ 133.857331646, 34.264075633 ], [ 133.85736309, 34.264038847 ], [ 133.85740238299999, 34.263983646 ], [ 133.85741823399999, 34.263957183 ], [ 133.857426046, 34.263929843 ], [ 133.85746315899999, 34.263770066 ], [ 133.857468356999988, 34.26374102 ], [ 133.85749557299999, 34.263423676 ], [ 133.857499996, 34.263391026 ], [ 133.857507605, 34.263367292 ], [ 133.857548361, 34.263272778 ], [ 133.85754623299999, 34.263154858 ], [ 133.857544444000013, 34.262983492 ], [ 133.85764319, 34.262997836 ], [ 133.857729441, 34.263013029 ], [ 133.85777514099999, 34.263029737 ], [ 133.857825931, 34.263053453 ], [ 133.85789374, 34.263103788 ], [ 133.858097281999989, 34.263278641 ], [ 133.858323917, 34.263460097 ], [ 133.858452719000013, 34.263548147 ], [ 133.85858658, 34.263630565 ], [ 133.858742119999988, 34.263714092 ], [ 133.858967334999988, 34.263821513 ], [ 133.859625200000011, 34.264126454 ], [ 133.85989780599999, 34.26424917 ], [ 133.860359555, 34.264430112 ], [ 133.86042638, 34.264455277 ], [ 133.86059551, 34.264231387 ], [ 133.86081868799999, 34.263944732 ], [ 133.861011057000013, 34.26369351 ], [ 133.861176449, 34.26346487 ], [ 133.861376435000011, 34.263184701 ], [ 133.86150323199999, 34.262978669 ], [ 133.861855891, 34.262396932 ], [ 133.86133989699999, 34.262146662 ], [ 133.86116581600001, 34.262069468 ], [ 133.860867399999989, 34.261943468 ], [ 133.860261849000011, 34.261698461 ], [ 133.860085889, 34.261630783 ], [ 133.85962547299999, 34.261432634 ], [ 133.85943416500001, 34.261345967 ], [ 133.859210303, 34.261238777 ], [ 133.85903231899999, 34.261144137 ], [ 133.858814698, 34.261031031 ], [ 133.85891918499999, 34.26090702 ], [ 133.859071201, 34.26073212 ], [ 133.859133875999987, 34.260652634 ], [ 133.859272217000012, 34.260446561 ], [ 133.859367037, 34.260294033 ], [ 133.859401195, 34.260216704 ], [ 133.859429255, 34.260153196 ], [ 133.859470793000014, 34.260042054 ], [ 133.859489518, 34.259956358 ], [ 133.859500488, 34.259842133 ], [ 133.859499992999986, 34.259728427 ], [ 133.859453115, 34.259482732 ], [ 133.859417177000012, 34.259238528 ], [ 133.859405477, 34.259040756 ], [ 133.859409975, 34.259000533 ], [ 133.859433294000013, 34.258892095 ], [ 133.85948924600001, 34.258695387 ], [ 133.859585470000013, 34.258470161 ], [ 133.85963547899999, 34.258305928 ], [ 133.859717733, 34.258064064 ], [ 133.859776871, 34.257952906 ], [ 133.859857691, 34.25783348 ], [ 133.85992221399999, 34.257762788 ], [ 133.860002924000014, 34.257694211 ], [ 133.860050554999987, 34.257660352 ], [ 133.86047538, 34.257468961 ], [ 133.860834143, 34.257961907 ], [ 133.861383601999989, 34.258421553 ], [ 133.861410602, 34.258410248 ], [ 133.86160780899999, 34.25816396 ], [ 133.86177602699999, 34.257814247 ], [ 133.86208578899999, 34.257978736 ], [ 133.862129872999986, 34.258016661 ], [ 133.86314272300001, 34.258002575 ], [ 133.863177344, 34.257617076 ], [ 133.863689488, 34.257406806 ], [ 133.863817125999987, 34.257341397 ], [ 133.863990123, 34.257231468 ], [ 133.86418076699999, 34.257124966 ], [ 133.86430528, 34.257042553 ], [ 133.864428546999989, 34.256948152 ], [ 133.864495089, 34.256893769 ], [ 133.864558993, 34.256831731 ], [ 133.864630288, 34.25674623 ], [ 133.864659378999988, 34.256693942 ], [ 133.864726942, 34.256574102 ], [ 133.86482224, 34.256427465 ], [ 133.864692248000011, 34.256389787 ], [ 133.86455463199999, 34.256356892 ], [ 133.864371156, 34.256314613 ], [ 133.86429468599999, 34.256292634 ], [ 133.864227784, 34.256273801 ], [ 133.864158941, 34.256250222 ], [ 133.864124514, 34.256236043 ], [ 133.864065176999986, 34.256201328 ], [ 133.86395123299999, 34.256117955 ], [ 133.863656685, 34.256150024 ], [ 133.863157629999989, 34.256220925 ], [ 133.862810001000014, 34.256129903 ], [ 133.862756451, 34.256115186 ], [ 133.862696883000012, 34.256135107 ], [ 133.862493376, 34.256191949 ], [ 133.862512657, 34.256120433 ], [ 133.862525887, 34.256088676 ], [ 133.862657156000012, 34.255983903 ], [ 133.862626041, 34.255850769 ], [ 133.86255057599999, 34.255609712 ], [ 133.86254666799999, 34.255597246 ], [ 133.862500662, 34.255452733 ], [ 133.862344626, 34.255440654 ], [ 133.862147529999987, 34.25543497 ], [ 133.862074166000014, 34.255536894 ], [ 133.861864362, 34.255578463 ], [ 133.861706048, 34.255622819 ], [ 133.861419887000011, 34.255576988 ], [ 133.861340621000011, 34.255588997 ], [ 133.86126941399999, 34.255606616 ], [ 133.861223445, 34.255642977 ], [ 133.861065225, 34.255882189 ], [ 133.861130804, 34.255919619 ], [ 133.860835035, 34.255981094 ], [ 133.86083050900001, 34.255958676 ], [ 133.86080008799999, 34.255878075 ], [ 133.860778151, 34.255826118 ], [ 133.860767836, 34.255800904 ], [ 133.860751975999989, 34.255773633 ], [ 133.860741596, 34.255758427 ], [ 133.86072795699999, 34.25574278 ], [ 133.86071054300001, 34.255733094 ], [ 133.860688255000014, 34.255726217 ], [ 133.860656952999989, 34.255719097 ], [ 133.86046929, 34.255684668 ], [ 133.860295874, 34.255655696 ], [ 133.860170688000011, 34.255631631 ], [ 133.860100703, 34.255617502 ], [ 133.85989413499999, 34.255554908 ], [ 133.85980792399999, 34.255529556 ], [ 133.85976508499999, 34.255515707 ], [ 133.859758994, 34.25551311 ], [ 133.859745806, 34.255506541 ], [ 133.859583597000011, 34.255536489 ], [ 133.85958831100001, 34.255590588 ], [ 133.859586185000012, 34.255616713 ], [ 133.859579566, 34.2556533 ], [ 133.859524851, 34.255663063 ], [ 133.859134388, 34.255726912 ], [ 133.858626628, 34.255837011 ], [ 133.858234110000012, 34.25589522 ], [ 133.857892048999986, 34.255912646 ], [ 133.857734357, 34.255907201 ], [ 133.857612886, 34.255896186 ], [ 133.857486204, 34.255877776 ], [ 133.857272588, 34.255829614 ], [ 133.857111212, 34.255797718 ], [ 133.856865193, 34.255751489 ], [ 133.856662672, 34.255692583 ], [ 133.856574137, 34.255664414 ], [ 133.85653726699999, 34.255763136 ], [ 133.856316850000013, 34.256350172 ], [ 133.85620077499999, 34.256663961 ], [ 133.855923213000011, 34.25740195 ], [ 133.855846692, 34.257607462 ], [ 133.855762484, 34.257833605 ], [ 133.855738357, 34.257996158 ], [ 133.855727828, 34.258112978 ], [ 133.855737298, 34.258227072 ], [ 133.855756756, 34.25831473 ], [ 133.855820228999988, 34.258525037 ], [ 133.855912362, 34.258850005 ], [ 133.855937704000013, 34.258996528 ], [ 133.855949661000011, 34.259084685 ], [ 133.855953062, 34.259201186 ], [ 133.855941953000013, 34.25930682 ], [ 133.855915442, 34.259452321 ], [ 133.855886217, 34.259582765 ], [ 133.855752238, 34.260292812 ], [ 133.85570192899999, 34.260573673 ], [ 133.855646803000013, 34.260881343 ], [ 133.855620972999986, 34.261041989 ], [ 133.85560871199999, 34.261139575 ], [ 133.855602377999986, 34.261223882 ], [ 133.855600165, 34.26131996 ], [ 133.855604535999987, 34.261463145 ], [ 133.855661586, 34.262383994 ], [ 133.85568069199999, 34.262655944 ], [ 133.855706973999986, 34.263030896 ], [ 133.855749194, 34.263698977 ], [ 133.855754095, 34.263767032 ], [ 133.85575919199999, 34.26384018 ] ] ] } },
{ "type": "Feature", "properties": { "A29_001": "37202", "A29_002": "香川県", "A29_003": "丸亀市", "A29_004": 5, "A29_005": "第一種住居地域", "A29_006": 60, "A29_007": 200, "A29_008": null }, "geometry": { "type": "Polygon", "coordinates": [ [ [ 133.85502903599999, 34.263897473 ], [ 133.85515679299999, 34.26396235 ], [ 133.85520157, 34.263981668 ], [ 133.855269792, 34.264006227 ], [ 133.855333726999987, 34.264023722 ], [ 133.85540616099999, 34.264037658 ], [ 133.85538574899999, 34.263738916 ], [ 133.85543852399999, 34.26374411 ], [ 133.85550881399999, 34.263754517 ], [ 133.855594048, 34.263775484 ], [ 133.85567501700001, 34.263794705 ], [ 133.855701966, 34.263804364 ], [ 133.855724062, 34.26381401 ], [ 133.855742341, 34.263825091 ], [ 133.85575919199999, 34.26384018 ], [ 133.855754095, 34.263767032 ], [ 133.855749194, 34.263698977 ], [ 133.855706973999986, 34.263030896 ], [ 133.85568069199999, 34.262655944 ], [ 133.855661586, 34.262383994 ], [ 133.855604535999987, 34.261463145 ], [ 133.855600165, 34.26131996 ], [ 133.855602377999986, 34.261223882 ], [ 133.85560871199999, 34.261139575 ], [ 133.855620972999986, 34.261041989 ], [ 133.855646803000013, 34.260881343 ], [ 133.85570192899999, 34.260573673 ], [ 133.855752238, 34.260292812 ], [ 133.855886217, 34.259582765 ], [ 133.855915442, 34.259452321 ], [ 133.855941953000013, 34.25930682 ], [ 133.855953062, 34.259201186 ], [ 133.855949661000011, 34.259084685 ], [ 133.855937704000013, 34.258996528 ], [ 133.855912362, 34.258850005 ], [ 133.855820228999988, 34.258525037 ], [ 133.855756756, 34.25831473 ], [ 133.855737298, 34.258227072 ], [ 133.855727828, 34.258112978 ], [ 133.855738357, 34.257996158 ], [ 133.855762484, 34.257833605 ], [ 133.855846692, 34.257607462 ], [ 133.855923213000011, 34.25740195 ], [ 133.85620077499999, 34.256663961 ], [ 133.856316850000013, 34.256350172 ], [ 133.85653726699999, 34.255763136 ], [ 133.856574137, 34.255664414 ], [ 133.856662672, 34.255692583 ], [ 133.856865193, 34.255751489 ], [ 133.857111212, 34.255797718 ], [ 133.857272588, 34.255829614 ], [ 133.857486204, 34.255877776 ], [ 133.857612886, 34.255896186 ], [ 133.857734357, 34.255907201 ], [ 133.857892048999986, 34.255912646 ], [ 133.858234110000012, 34.25589522 ], [ 133.858626628, 34.255837011 ], [ 133.859134388, 34.255726912 ], [ 133.859524851, 34.255663063 ], [ 133.859579566, 34.2556533 ], [ 133.859586185000012, 34.255616713 ], [ 133.85958831100001, 34.255590588 ], [ 133.859583597000011, 34.255536489 ], [ 133.859745806, 34.255506541 ], [ 133.859730377, 34.255498859 ], [ 133.85971373000001, 34.255490794 ], [ 133.859696860000014, 34.255481377 ], [ 133.859682705000012, 34.255472042 ], [ 133.859666473, 34.255459378 ], [ 133.85965393399999, 34.255447243 ], [ 133.859640955, 34.255433487 ], [ 133.859639316999989, 34.255431238 ], [ 133.85962949099999, 34.255418554 ], [ 133.85962007399999, 34.25540001 ], [ 133.85961536, 34.255389385 ], [ 133.859610389000011, 34.255369474 ], [ 133.85957712199999, 34.255283021 ], [ 133.85953850199999, 34.255173592 ], [ 133.85947231599999, 34.255184641 ], [ 133.85944310799999, 34.255184727 ], [ 133.85940491400001, 34.255182973 ], [ 133.859364443, 34.255171903 ], [ 133.859305873000011, 34.255132892 ], [ 133.859253989, 34.255080798 ], [ 133.85924014599999, 34.254988922 ], [ 133.859159799999986, 34.255015033 ], [ 133.859119553, 34.255023445 ], [ 133.85886614, 34.255076659 ], [ 133.858882146000013, 34.255286797 ], [ 133.858741436, 34.255304096 ], [ 133.858586199, 34.255244838 ], [ 133.85848789, 34.25535703 ], [ 133.85837779799999, 34.255294575 ], [ 133.858258251, 34.2552225 ], [ 133.85818498399999, 34.255176923 ], [ 133.858129741999988, 34.255149397 ], [ 133.858068083, 34.25512189 ], [ 133.858028891, 34.255107507 ], [ 133.85787228699999, 34.2550611 ], [ 133.857515463, 34.254963103 ], [ 133.85735063199999, 34.254927539 ], [ 133.857231286, 34.25490019 ], [ 133.857199207, 34.254893901 ], [ 133.85718126399999, 34.254895017 ], [ 133.857167178, 34.254899313 ], [ 133.857183187, 34.25474379 ], [ 133.857171991, 34.254743335 ], [ 133.856841062, 34.254690763 ], [ 133.856806401999989, 34.254680217 ], [ 133.856787118, 34.254669625 ], [ 133.856749788, 34.254633526 ], [ 133.856686771999989, 34.25458791 ], [ 133.856659866, 34.254572174 ], [ 133.856503185, 34.25452774 ], [ 133.856410763000014, 34.254499258 ], [ 133.856359700000013, 34.254481492 ], [ 133.856319654, 34.254460466 ], [ 133.85605765599999, 34.254280011 ], [ 133.856047437, 34.254277029 ], [ 133.855967219, 34.25436962 ], [ 133.855935324, 34.254406992 ], [ 133.85587657, 34.25446041 ], [ 133.85583695599999, 34.25449034 ], [ 133.855790984, 34.254534137 ], [ 133.855786169, 34.254527831 ], [ 133.85573826000001, 34.254459748 ], [ 133.855694582000012, 34.254439643 ], [ 133.855625277, 34.25442174 ], [ 133.85556624899999, 34.2544102 ], [ 133.85551109799999, 34.254403968 ], [ 133.85546875, 34.254395571 ], [ 133.855427676, 34.254382906 ], [ 133.855407121000013, 34.254372318 ], [ 133.855376451000012, 34.254347144 ], [ 133.855258017000011, 34.254231409 ], [ 133.855227152, 34.25420914 ], [ 133.855205735, 34.254197553 ], [ 133.854909294, 34.254106388 ], [ 133.854820085999989, 34.254356897 ], [ 133.854761781, 34.254512408 ], [ 133.85472414, 34.254598617 ], [ 133.854686565, 34.254677226 ], [ 133.8546151, 34.254817106 ], [ 133.854604567, 34.254858266 ], [ 133.85460805, 34.254904317 ], [ 133.85462115499999, 34.254974152 ], [ 133.854630399, 34.255055267 ], [ 133.85462793799999, 34.255089805 ], [ 133.854618394999989, 34.255118502 ], [ 133.85455614, 34.255264468 ], [ 133.854549706, 34.2552836 ], [ 133.854486763000011, 34.255524413 ], [ 133.854434257, 34.255708919 ], [ 133.85448364199999, 34.25571231 ], [ 133.854636778000014, 34.25574748 ], [ 133.854678302, 34.25575872 ], [ 133.854919880000011, 34.255859448 ], [ 133.85497282099999, 34.255874261 ], [ 133.855395007, 34.256035862 ], [ 133.85552260899999, 34.256092472 ], [ 133.855626683999986, 34.25614429 ], [ 133.855468755, 34.256565397 ], [ 133.855381711, 34.256801448 ], [ 133.855146539, 34.257427455 ], [ 133.855046933000011, 34.257695476 ], [ 133.855021964, 34.257805162 ], [ 133.85499817499999, 34.257932191 ], [ 133.854991781, 34.258015172 ], [ 133.854987959999988, 34.25814456 ], [ 133.85499841399999, 34.258288863 ], [ 133.855026181, 34.25843152 ], [ 133.855102617999989, 34.258649985 ], [ 133.855175194, 34.25890283 ], [ 133.855195665, 34.258996642 ], [ 133.855203958, 34.259047512 ], [ 133.855206407, 34.259085209 ], [ 133.85520842, 34.259181663 ], [ 133.85520768399999, 34.259262356 ], [ 133.855172724999989, 34.25946259 ], [ 133.855093985, 34.259866932 ], [ 133.854997902, 34.260397743 ], [ 133.854920654000011, 34.260811195 ], [ 133.854893299, 34.260968365 ], [ 133.854878179999986, 34.261088968 ], [ 133.854871306, 34.261179488 ], [ 133.85486691700001, 34.261321102 ], [ 133.854872140999987, 34.26148695 ], [ 133.854880261, 34.261612985 ], [ 133.85492971299999, 34.262417247 ], [ 133.854971768000013, 34.263016736 ], [ 133.855015134000013, 34.263697869 ], [ 133.85502903599999, 34.263897473 ] ] ] } },
{ "type": "Feature", "properties": { "A29_001": "37202", "A29_002": "香川県", "A29_003": "丸亀市", "A29_004": 3, "A29_005": "第一種中高層住居専用地域", "A29_006": 60, "A29_007": 200, "A29_008": null }, "geometry": { "type": "Polygon", "coordinates": [ [ [ 133.85387609599999, 34.263470476 ], [ 133.854351068999989, 34.263595406 ], [ 133.854646823, 34.263675638 ], [ 133.85470226000001, 34.263696692 ], [ 133.854757704, 34.263719513 ], [ 133.85481957799999, 34.263752926 ], [ 133.85490497399999, 34.263812796 ], [ 133.854958348999986, 34.263849768 ], [ 133.85500317099999, 34.263879697 ], [ 133.85502903599999, 34.263897473 ], [ 133.855015134000013, 34.263697869 ], [ 133.854971768000013, 34.263016736 ], [ 133.85492971299999, 34.262417247 ], [ 133.854880261, 34.261612985 ], [ 133.854872140999987, 34.26148695 ], [ 133.85486691700001, 34.261321102 ], [ 133.854871306, 34.261179488 ], [ 133.854878179999986, 34.261088968 ], [ 133.854893299, 34.260968365 ], [ 133.854920654000011, 34.260811195 ], [ 133.854997902, 34.260397743 ], [ 133.855093985, 34.259866932 ], [ 133.855172724999989, 34.25946259 ], [ 133.85520768399999, 34.259262356 ], [ 133.85520842, 34.259181663 ], [ 133.855206407, 34.259085209 ], [ 133.855203958, 34.259047512 ], [ 133.855195665, 34.258996642 ], [ 133.855175194, 34.25890283 ], [ 133.855102617999989, 34.258649985 ], [ 133.855026181, 34.25843152 ], [ 133.85499841399999, 34.258288863 ], [ 133.854987959999988, 34.25814456 ], [ 133.854991781, 34.258015172 ], [ 133.85499817499999, 34.257932191 ], [ 133.855021964, 34.257805162 ], [ 133.855046933000011, 34.257695476 ], [ 133.855146539, 34.257427455 ], [ 133.855381711, 34.256801448 ], [ 133.855468755, 34.256565397 ], [ 133.855626683999986, 34.25614429 ], [ 133.85552260899999, 34.256092472 ], [ 133.855395007, 34.256035862 ], [ 133.85497282099999, 34.255874261 ], [ 133.854919880000011, 34.255859448 ], [ 133.854678302, 34.25575872 ], [ 133.854636778000014, 34.25574748 ], [ 133.85448364199999, 34.25571231 ], [ 133.854434257, 34.255708919 ], [ 133.854415652, 34.255707639 ], [ 133.854333407000013, 34.255695705 ], [ 133.854271993, 34.255679925 ], [ 133.854103099000014, 34.255615409 ], [ 133.853917343, 34.255543188 ], [ 133.853720724999988, 34.255469736 ], [ 133.853643105, 34.25544724 ], [ 133.853441119, 34.255388319 ], [ 133.85322908, 34.255314099 ], [ 133.852953313, 34.2552159 ], [ 133.852881450000012, 34.255198959 ], [ 133.852833323999988, 34.255234448 ], [ 133.85281276, 34.255250204 ], [ 133.852784464, 34.255263133 ], [ 133.852749278, 34.255274657 ], [ 133.852683180000014, 34.255291265 ], [ 133.852542195000012, 34.255323676 ], [ 133.852552863, 34.255377154 ], [ 133.852560004, 34.255420518 ], [ 133.8525678, 34.255436183 ], [ 133.852582708, 34.255462168 ], [ 133.852629962, 34.25552205 ], [ 133.852658846999987, 34.255561736 ], [ 133.852705246999989, 34.255625227 ], [ 133.852725338, 34.255657454 ], [ 133.852735880000012, 34.255680559 ], [ 133.852748228, 34.255720292 ], [ 133.85276153800001, 34.25577955 ], [ 133.85276958099999, 34.255830863 ], [ 133.85277415199999, 34.255882907 ], [ 133.852776226, 34.255960995 ], [ 133.852780055000011, 34.256066785 ], [ 133.85290376399999, 34.256091005 ], [ 133.852983583999986, 34.256255431 ], [ 133.852991519999989, 34.256278551 ], [ 133.85299161899999, 34.256302407 ], [ 133.852986466, 34.256319056 ], [ 133.85297348200001, 34.256337891 ], [ 133.852961375, 34.256356003 ], [ 133.852948454999989, 34.25639002 ], [ 133.852940778, 34.256426196 ], [ 133.852937392, 34.25645007 ], [ 133.852940063, 34.256463081 ], [ 133.852958591, 34.256523758 ], [ 133.85296935299999, 34.256623063 ], [ 133.852979105, 34.256664967 ], [ 133.852990584999986, 34.256704703 ], [ 133.853015166, 34.256753804 ], [ 133.85305197, 34.256812264 ], [ 133.85306949, 34.256839694 ], [ 133.853106919, 34.256884106 ], [ 133.85312967499999, 34.256912242 ], [ 133.853147208, 34.256942556 ], [ 133.853163021, 34.256977222 ], [ 133.853178926999988, 34.2570343 ], [ 133.85318337199999, 34.257055979 ], [ 133.853183481, 34.257082007 ], [ 133.853179254, 34.257112384 ], [ 133.85316754199999, 34.257225214 ], [ 133.853163448, 34.257287417 ], [ 133.8531644, 34.257309972 ], [ 133.853178293000013, 34.257508775 ], [ 133.853185532, 34.257580727 ], [ 133.853183089999987, 34.257619781 ], [ 133.85317708299999, 34.257640039 ], [ 133.85316758499999, 34.257658864 ], [ 133.853117475, 34.257750122 ], [ 133.853074349, 34.257844244 ], [ 133.85304271199999, 34.257925694 ], [ 133.853032410999987, 34.257960425 ], [ 133.853026422, 34.257985028 ], [ 133.85301798, 34.258048686 ], [ 133.852981265000011, 34.258203962 ], [ 133.852954677000014, 34.258300931 ], [ 133.852972146000013, 34.258305713 ], [ 133.852926599, 34.258446842 ], [ 133.852889629, 34.25855686 ], [ 133.852874238, 34.258610115 ], [ 133.852847457, 34.258658634 ], [ 133.852819821, 34.258712944 ], [ 133.852805288000013, 34.258774166 ], [ 133.852799312, 34.258804549 ], [ 133.852792427999987, 34.258822645 ], [ 133.85278295099999, 34.258846537 ], [ 133.852763943000014, 34.25887913 ], [ 133.852731938, 34.258929836 ], [ 133.852692738, 34.258992005 ], [ 133.852662143, 34.259050064 ], [ 133.85259655499999, 34.259221021 ], [ 133.852579751, 34.259362662 ], [ 133.852534329, 34.259534155 ], [ 133.85249625, 34.259578902 ], [ 133.85246500400001, 34.259806522 ], [ 133.852461795000011, 34.259870165 ], [ 133.852581856, 34.259872452 ], [ 133.85241130599999, 34.260099978 ], [ 133.85236892, 34.260163733 ], [ 133.852353378, 34.260194143 ], [ 133.852268341000013, 34.260448442 ], [ 133.852218485, 34.260601151 ], [ 133.852415306000012, 34.260621556 ], [ 133.852537246999987, 34.260637109 ], [ 133.85262609099999, 34.260649872 ], [ 133.85277833, 34.260673804 ], [ 133.852676433999989, 34.260887166 ], [ 133.852889432000012, 34.260953901 ], [ 133.852849373999987, 34.261034257 ], [ 133.853194906999988, 34.261125457 ], [ 133.853494590999986, 34.261225714 ], [ 133.853643135999988, 34.260942569 ], [ 133.854010296000013, 34.261102747 ], [ 133.854023407999989, 34.26111717 ], [ 133.854035669000012, 34.261133048 ], [ 133.854040959, 34.261148936 ], [ 133.85404101899999, 34.261163398 ], [ 133.854032647, 34.26124368 ], [ 133.85402693899999, 34.261327363 ], [ 133.853874238, 34.261222256 ], [ 133.85375850599999, 34.261434858 ], [ 133.853742813, 34.261429115 ], [ 133.853718248, 34.261511346 ], [ 133.85358007799999, 34.261767387 ], [ 133.85349452299999, 34.261744193 ], [ 133.85339102899999, 34.261967604 ], [ 133.853133, 34.261862818 ], [ 133.85307185100001, 34.261984121 ], [ 133.85295355400001, 34.262215121 ], [ 133.85294592, 34.262264315 ], [ 133.852847464, 34.26241536 ], [ 133.852624451, 34.262762685 ], [ 133.852524928, 34.262905412 ], [ 133.852804228999986, 34.263032848 ], [ 133.85303636, 34.263139711 ], [ 133.853195645999989, 34.263209061 ], [ 133.853500586, 34.263344014 ], [ 133.853662103, 34.263403917 ], [ 133.853812225000013, 34.263452539 ], [ 133.85387609599999, 34.263470476 ] ] ] } },
{ "type": "Feature", "properties": { "A29_001": "37202", "A29_002": "香川県", "A29_003": "丸亀市", "A29_004": 5, "A29_005": "第一種住居地域", "A29_006": 60, "A29_007": 200, "A29_008": null }, "geometry": { "type": "Polygon", "coordinates": [ [ [ 133.79357059, 34.262263892 ], [ 133.793573326, 34.262257511 ], [ 133.793590595000012, 34.262196271 ], [ 133.793604147999986, 34.262143343 ], [ 133.793626189, 34.262020955 ], [ 133.793476156, 34.261968418 ], [ 133.79341609, 34.261935366 ], [ 133.793376061, 34.261915753 ], [ 133.793255905, 34.261867734 ], [ 133.793453594999988, 34.261616244 ], [ 133.793610263, 34.26142504 ], [ 133.793502689, 34.261347672 ], [ 133.79365681499999, 34.261206485 ], [ 133.79371265899999, 34.2611558 ], [ 133.793823378000013, 34.261032108 ], [ 133.793840765999988, 34.261005092 ], [ 133.793553726999988, 34.260870101 ], [ 133.79336721199999, 34.26077745 ], [ 133.79345387399999, 34.260561495 ], [ 133.792962640000013, 34.260294703 ], [ 133.792948464, 34.260289895 ], [ 133.792869548999988, 34.260429125 ], [ 133.792796855, 34.260402062 ], [ 133.792562384, 34.260778076 ], [ 133.792302495, 34.260671471 ], [ 133.79209182299999, 34.261006477 ], [ 133.791893299, 34.261322214 ], [ 133.791851106, 34.261389319 ], [ 133.79170616499999, 34.261647408 ], [ 133.791749837, 34.261665885 ], [ 133.79169712800001, 34.261753798 ], [ 133.79187564099999, 34.261849769 ], [ 133.792363662000014, 34.262127979 ], [ 133.792559336000011, 34.26224661 ], [ 133.792859555, 34.262401893 ], [ 133.793211742000011, 34.262602725 ], [ 133.793430435, 34.262454704 ], [ 133.793474005, 34.262415192 ], [ 133.79350882899999, 34.262374654 ], [ 133.793541124, 34.262324783 ], [ 133.793560971, 34.262286364 ], [ 133.79357059, 34.262263892 ] ] ] } },
{ "type": "Feature", "properties": { "A29_001": "37202", "A29_002": "香川県", "A29_003": "丸亀市", "A29_004": 10, "A29_005": "準工業地域", "A29_006": 60, "A29_007": 200, "A29_008": null }, "geometry": { "type": "Polygon", "coordinates": [ [ [ 133.852542195000012, 34.255323676 ], [ 133.852683180000014, 34.255291265 ], [ 133.852749278, 34.255274657 ], [ 133.852784464, 34.255263133 ], [ 133.85281276, 34.255250204 ], [ 133.852833323999988, 34.255234448 ], [ 133.852881450000012, 34.255198959 ], [ 133.852953313, 34.2552159 ], [ 133.85322908, 34.255314099 ], [ 133.853441119, 34.255388319 ], [ 133.853643105, 34.25544724 ], [ 133.853720724999988, 34.255469736 ], [ 133.853917343, 34.255543188 ], [ 133.854103099000014, 34.255615409 ], [ 133.854271993, 34.255679925 ], [ 133.854333407000013, 34.255695705 ], [ 133.854415652, 34.255707639 ], [ 133.854434257, 34.255708919 ], [ 133.854486763000011, 34.255524413 ], [ 133.854549706, 34.2552836 ], [ 133.85455614, 34.255264468 ], [ 133.854618394999989, 34.255118502 ], [ 133.85462793799999, 34.255089805 ], [ 133.854630399, 34.255055267 ], [ 133.85462115499999, 34.254974152 ], [ 133.85460805, 34.254904317 ], [ 133.854604567, 34.254858266 ], [ 133.8546151, 34.254817106 ], [ 133.854686565, 34.254677226 ], [ 133.85472414, 34.254598617 ], [ 133.854761781, 34.254512408 ], [ 133.854820085999989, 34.254356897 ], [ 133.854909294, 34.254106388 ], [ 133.85489393200001, 34.254101663 ], [ 133.854743644, 34.254032875 ], [ 133.854603922, 34.253964381 ], [ 133.85453192599999, 34.253915597 ], [ 133.85448173899999, 34.253871015 ], [ 133.854446991, 34.253839164 ], [ 133.85443028899999, 34.253830692 ], [ 133.854409744, 34.253822231 ], [ 133.854382786, 34.253814862 ], [ 133.854350716, 34.253810691 ], [ 133.854275007000012, 34.253792806 ], [ 133.85421723799999, 34.253775933 ], [ 133.85398007, 34.25366622 ], [ 133.853725669999989, 34.253532772 ], [ 133.853638546000013, 34.253495942 ], [ 133.853535754, 34.253440863 ], [ 133.85350368499999, 34.253436691 ], [ 133.853467771999988, 34.253432539 ], [ 133.853442131, 34.253433677 ], [ 133.853416508, 34.25343907 ], [ 133.853399876999987, 34.253447638 ], [ 133.853386085000011, 34.253462482 ], [ 133.853370824, 34.25349235 ], [ 133.853355617, 34.253534993 ], [ 133.853349251, 34.253544596 ], [ 133.853342844, 34.253546742 ], [ 133.853335156000014, 34.253546764 ], [ 133.853324883, 34.253543593 ], [ 133.85322730499999, 34.253509804 ], [ 133.853197763999987, 34.253494977 ], [ 133.85300511299999, 34.253384944 ], [ 133.852990960999989, 34.253373273 ], [ 133.852983216000013, 34.253359447 ], [ 133.852980609000014, 34.253348807 ], [ 133.852983118, 34.253336024 ], [ 133.852986855000012, 34.253310454 ], [ 133.85298678800001, 34.253294478 ], [ 133.852981605, 34.253280645 ], [ 133.852971278000012, 34.253264708 ], [ 133.852953277000012, 34.253251975 ], [ 133.852923726, 34.253237148 ], [ 133.852783992000013, 34.253178082 ], [ 133.852636278, 34.253111412 ], [ 133.852586191, 34.253090261 ], [ 133.852573369999988, 34.253088161 ], [ 133.852560547, 34.253088198 ], [ 133.852537485999989, 34.253093592 ], [ 133.852506749000014, 34.253099009 ], [ 133.85247598399999, 34.253100161 ], [ 133.852324613, 34.253078228 ], [ 133.85224560099999, 34.253064796 ], [ 133.852209662, 34.253054252 ], [ 133.85217113600001, 34.253040515 ], [ 133.852142886, 34.25302782 ], [ 133.852088922, 34.253001352 ], [ 133.85184373199999, 34.252922185 ], [ 133.851801380000012, 34.252912723 ], [ 133.85172954699999, 34.252902272 ], [ 133.851676148, 34.252888893 ], [ 133.851642771, 34.252878341 ], [ 133.851611934, 34.252862453 ], [ 133.851582377, 34.25284337 ], [ 133.851551483, 34.252813635 ], [ 133.851532170000013, 34.252793459 ], [ 133.851507757, 34.252781817 ], [ 133.85138319399999, 34.252731055 ], [ 133.851339544000012, 34.252717332 ], [ 133.851469006, 34.252387407 ], [ 133.851521139999988, 34.252253418 ], [ 133.85154173399999, 34.252200482 ], [ 133.851350279, 34.252160054 ], [ 133.851320915, 34.25215361 ], [ 133.851278423999986, 34.252144284 ], [ 133.851196313, 34.252129607 ], [ 133.85112447899999, 34.252119165 ], [ 133.851056453000012, 34.25210232 ], [ 133.85100897, 34.252088608 ], [ 133.850966597, 34.252073826 ], [ 133.85090750099999, 34.252045235 ], [ 133.850847128999987, 34.252015592 ], [ 133.851010443, 34.251747699 ], [ 133.851041845, 34.251696183 ], [ 133.85116785, 34.251477514 ], [ 133.851302608999987, 34.251226074 ], [ 133.851286085, 34.251218494 ], [ 133.851133409999989, 34.251161222 ], [ 133.851040208, 34.25111879 ], [ 133.850904688000014, 34.251040713 ], [ 133.850432138, 34.250842952 ], [ 133.850350106, 34.250823423 ], [ 133.85013877099999, 34.250740216 ], [ 133.849841962999989, 34.250619107 ], [ 133.849549314, 34.250492693 ], [ 133.84931699399999, 34.250882522 ], [ 133.849226566, 34.251027609 ], [ 133.84927846799999, 34.251104853 ], [ 133.848990570000012, 34.251237727 ], [ 133.848398714000012, 34.251532991 ], [ 133.848195335000014, 34.251644328 ], [ 133.848109666999989, 34.251698882 ], [ 133.84804194099999, 34.251752322 ], [ 133.847987029, 34.251803597 ], [ 133.84794517, 34.251850138 ], [ 133.847914565999986, 34.251890688 ], [ 133.84789167, 34.251933352 ], [ 133.84786626799999, 34.251989872 ], [ 133.847844716, 34.252050637 ], [ 133.84782959399999, 34.252114574 ], [ 133.84781703199999, 34.252175313 ], [ 133.847795221000013, 34.252307528 ], [ 133.847898436, 34.252318929 ], [ 133.847944858, 34.252331122 ], [ 133.848034044, 34.252363235 ], [ 133.848097247999988, 34.252395414 ], [ 133.848141876, 34.252419945 ], [ 133.848175306, 34.252430633 ], [ 133.848210569, 34.252435158 ], [ 133.848279209, 34.252434963 ], [ 133.848518434, 34.25241425 ], [ 133.848627862, 34.252407772 ], [ 133.84871874800001, 34.252404439 ], [ 133.848841163, 34.252401007 ], [ 133.848924657999987, 34.252403853 ], [ 133.848995174, 34.252408269 ], [ 133.849044811, 34.252512575 ], [ 133.849065346, 34.252544874 ], [ 133.849087096, 34.252563827 ], [ 133.84913577399999, 34.252596289 ], [ 133.849193224, 34.252636291 ], [ 133.849206197, 34.252651698 ], [ 133.84923163799999, 34.252686372 ], [ 133.849247784, 34.252718062 ], [ 133.849255333, 34.252729256 ], [ 133.849591592, 34.25292366 ], [ 133.849814606, 34.253067673 ], [ 133.849998809, 34.253199671 ], [ 133.850046802, 34.253142518 ], [ 133.85007081399999, 34.253117791 ], [ 133.850117044, 34.253080676 ], [ 133.850172508000014, 34.253034285 ], [ 133.850215001, 34.252994097 ], [ 133.850227929, 34.252980194 ], [ 133.850467858, 34.25312899 ], [ 133.850623058, 34.252977523 ], [ 133.850734555, 34.253021895 ], [ 133.850856131, 34.253075083 ], [ 133.850973376000013, 34.253149578 ], [ 133.851082553, 34.253215712 ], [ 133.851134744, 34.25325974 ], [ 133.85117562799999, 34.253300194 ], [ 133.851231834, 34.253343669 ], [ 133.851329686000014, 34.253401811 ], [ 133.851386219, 34.25341932 ], [ 133.851410713, 34.253421819 ], [ 133.851139870999987, 34.253827458 ], [ 133.851206461, 34.253882263 ], [ 133.851234404, 34.253909916 ], [ 133.85126238, 34.253945286 ], [ 133.851335095, 34.254034451 ], [ 133.851379845999986, 34.254088264 ], [ 133.85143392099999, 34.254154366 ], [ 133.85145626900001, 34.254175877 ], [ 133.851484193, 34.254198913 ], [ 133.85151767, 34.254220392 ], [ 133.851595745, 34.254258692 ], [ 133.851725756, 34.25432134 ], [ 133.851865174000011, 34.25439028 ], [ 133.851920965, 34.254422486 ], [ 133.852010304, 34.254493112 ], [ 133.852034024, 34.254515583 ], [ 133.852056441, 34.254550969 ], [ 133.852164128, 34.254717668 ], [ 133.85222635400001, 34.254813994 ], [ 133.852476333, 34.255222546 ], [ 133.852542195000012, 34.255323676 ] ] ] } }
]
}
