{
"type": "FeatureCollection",
"name": "A29-19_21211",
"features": [
{ "type": "Feature", "properties": { "A29_001": "21211", "A29_002": "岐阜県", "A29_003": "美濃加茂市", "A29_004": 10, "A29_005": "準工業地域", "A29_006": 60, "A29_007": 200, "A29_008": null }, "geometry": { "type": "Polygon", "coordinates": [ [ [ 137.00917315699999, 35.439521782 ], [ 137.009153945, 35.439387132 ], [ 137.009476295000013, 35.439507854 ], [ 137.00966524399999, 35.439573857 ], [ 137.010008051, 35.439699814 ], [ 137.010509117, 35.439848988 ], [ 137.010833665, 35.439928677 ], [ 137.011238098, 35.440010965 ], [ 137.011734808, 35.440095903 ], [ 137.01218905499999, 35.440147415 ], [ 137.012460549, 35.44016862 ], [ 137.01273842, 35.440190329 ], [ 137.013334187999988, 35.440193999 ], [ 137.013964412, 35.44019669 ], [ 137.014727560000011, 35.440200511 ], [ 137.014697017, 35.440029701 ], [ 137.014713978, 35.439966119 ], [ 137.01472404399999, 35.439697458 ], [ 137.01479038799999, 35.439044869 ], [ 137.014771367, 35.438798058 ], [ 137.014758879, 35.43850339 ], [ 137.01475848199999, 35.43849671 ], [ 137.014740288000013, 35.438192363 ], [ 137.013528826, 35.43820073 ], [ 137.01246422599999, 35.438240579 ], [ 137.01216417099999, 35.438251805 ], [ 137.011048878, 35.438293226 ], [ 137.00992455, 35.438346992 ], [ 137.010047955, 35.437738603 ], [ 137.010161614, 35.437339724 ], [ 137.010363135, 35.436700067 ], [ 137.010076969000011, 35.436651092 ], [ 137.010057373, 35.436754612 ], [ 137.00986516099999, 35.436716025 ], [ 137.009840626999988, 35.436587913 ], [ 137.009817583, 35.436583619 ], [ 137.009788629000013, 35.436576821 ], [ 137.009761988, 35.436569485 ], [ 137.009662584000012, 35.436541773 ], [ 137.009587051000011, 35.436511883 ], [ 137.00948159399999, 35.436781663 ], [ 137.009428783, 35.43676362 ], [ 137.00936119799999, 35.436934286 ], [ 137.009300473, 35.437134256 ], [ 137.009268037, 35.437263818 ], [ 137.00923145499999, 35.43741253 ], [ 137.009200383, 35.437554488 ], [ 137.009166533000013, 35.437731372 ], [ 137.00914994499999, 35.437838969 ], [ 137.00914644400001, 35.437951073 ], [ 137.009131923000012, 35.4380491 ], [ 137.009121541000013, 35.438148809 ], [ 137.009034074, 35.438109889 ], [ 137.008951443, 35.438059149 ], [ 137.008850223, 35.437995999 ], [ 137.008748327, 35.437923267 ], [ 137.008642971, 35.437851666 ], [ 137.008544515000011, 35.437777811 ], [ 137.008424708, 35.43769494 ], [ 137.008316613, 35.437616007 ], [ 137.008189241999986, 35.437510032 ], [ 137.00804054, 35.437390518 ], [ 137.007909743, 35.437256929 ], [ 137.007792037, 35.437131244 ], [ 137.007701172, 35.437034854 ], [ 137.007601365999989, 35.436931142 ], [ 137.007541484, 35.436868019 ], [ 137.007488486, 35.436794187 ], [ 137.007432736999988, 35.436729933 ], [ 137.00732123200001, 35.436605374 ], [ 137.007197343, 35.436466159 ], [ 137.007076211, 35.436325253 ], [ 137.006874555, 35.436095299 ], [ 137.006755496000011, 35.435954395 ], [ 137.006595823999987, 35.435776291 ], [ 137.006445109, 35.435597063 ], [ 137.006303341, 35.435433612 ], [ 137.00621249299999, 35.43532991 ], [ 137.00612028, 35.435226198 ], [ 137.006076916000012, 35.435177194 ], [ 137.005903947, 35.435018776 ], [ 137.00612853199999, 35.434697822 ], [ 137.00581983399999, 35.434635944 ], [ 137.005533168999989, 35.434588743 ], [ 137.005263508000013, 35.434277226 ], [ 137.004361800999988, 35.433216854 ], [ 137.00360669299999, 35.432322974 ], [ 137.003355879, 35.432028623 ], [ 137.003021485, 35.431636193 ], [ 137.0025262, 35.431063893 ], [ 137.00244311099999, 35.431103279 ], [ 137.001984154000013, 35.431364946 ], [ 137.002550269000011, 35.432027531 ], [ 137.002593351, 35.43207796 ], [ 137.002686565, 35.43218384 ], [ 137.002927946, 35.432469003 ], [ 137.00300875, 35.432557757 ], [ 137.003175964, 35.432752066 ], [ 137.003286895, 35.432876718 ], [ 137.003351108, 35.432951451 ], [ 137.003331043, 35.433168708 ], [ 137.00329387299999, 35.433522568 ], [ 137.003199779, 35.433916582 ], [ 137.00317866200001, 35.433978002 ], [ 137.003133690999988, 35.434196722 ], [ 137.003121689000011, 35.434255117 ], [ 137.003096277999987, 35.43437871 ], [ 137.003018392, 35.434765651 ], [ 137.003017246000013, 35.434771373 ], [ 137.002976425000014, 35.434974072 ], [ 137.002975101, 35.434980605 ], [ 137.002962473, 35.435043335 ], [ 137.002961338, 35.435049012 ], [ 137.002946028999986, 35.435124953 ], [ 137.00293635, 35.435172976 ], [ 137.002914280999988, 35.435280042 ], [ 137.002879607000011, 35.435449956 ], [ 137.002878272, 35.435456444 ], [ 137.002809111, 35.435795108 ], [ 137.002762123999986, 35.43601268 ], [ 137.002728749, 35.436177052 ], [ 137.00267734900001, 35.436430638 ], [ 137.00261794299999, 35.436721531 ], [ 137.002581897999988, 35.436898338 ], [ 137.00255988399999, 35.436999987 ], [ 137.002521196, 35.43717625 ], [ 137.002494406000011, 35.437351447 ], [ 137.002458281, 35.437567736 ], [ 137.00241337599999, 35.437876488 ], [ 137.00240582399999, 35.437928912 ], [ 137.002424316, 35.437935085 ], [ 137.002411857999988, 35.438005495 ], [ 137.00240002699999, 35.438141826 ], [ 137.00240748600001, 35.438270836 ], [ 137.002699997, 35.438558873 ], [ 137.003114345, 35.438959641 ], [ 137.00337245, 35.439220623 ], [ 137.003512169, 35.439363235 ], [ 137.00370971699999, 35.43956502 ], [ 137.00405251, 35.439895902 ], [ 137.00429619, 35.440136031 ], [ 137.004497887000014, 35.440319233 ], [ 137.004771901999987, 35.440549802 ], [ 137.004857955, 35.440629287 ], [ 137.00523800799999, 35.440927521 ], [ 137.005729623, 35.441314259 ], [ 137.006112472000012, 35.441611367 ], [ 137.006603426999988, 35.44200149 ], [ 137.007271370000012, 35.442539882 ], [ 137.00747056599999, 35.442405908 ], [ 137.007613275000011, 35.442249936 ], [ 137.00771114, 35.442200974 ], [ 137.007752498, 35.442168885 ], [ 137.00781107200001, 35.442137367 ], [ 137.007833814, 35.44213344 ], [ 137.007919966, 35.442086725 ], [ 137.008116379, 35.441983168 ], [ 137.008748325999989, 35.441652252 ], [ 137.009239683, 35.44138998 ], [ 137.00947288399999, 35.441262762 ], [ 137.00971064699999, 35.441151261 ], [ 137.009473931, 35.440724182 ], [ 137.00946395599999, 35.440676863 ], [ 137.009421304999989, 35.440547267 ], [ 137.009364213999987, 35.440378223 ], [ 137.009329836, 35.440259896 ], [ 137.00929202099999, 35.440113395 ], [ 137.009262463, 35.439986051 ], [ 137.0092281, 35.439831676 ], [ 137.009197183, 35.439678415 ], [ 137.00917315699999, 35.439521782 ] ], [ [ 137.006355684, 35.438498349 ], [ 137.00625029299999, 35.438494909 ], [ 137.006121482, 35.438493152 ], [ 137.006060864, 35.438495938 ], [ 137.00589764, 35.438463171 ], [ 137.004650317, 35.438253486 ], [ 137.004475625999987, 35.437897349 ], [ 137.00452410599999, 35.437565002 ], [ 137.004638626, 35.43732676 ], [ 137.004714568999987, 35.437090757 ], [ 137.00473734900001, 35.437023723 ], [ 137.00408577499999, 35.437002529 ], [ 137.004038337, 35.436887581 ], [ 137.003966854, 35.436701633 ], [ 137.00390568099999, 35.436542731 ], [ 137.003861013, 35.436408632 ], [ 137.003833538, 35.436318481 ], [ 137.003828085, 35.436242422 ], [ 137.003807577, 35.436055947 ], [ 137.003782918000013, 35.4358858 ], [ 137.003772000999987, 35.435755658 ], [ 137.003766571, 35.435657064 ], [ 137.003777662, 35.435569751 ], [ 137.003807419, 35.435390618 ], [ 137.00384821, 35.435174209 ], [ 137.003922710000012, 35.43471945 ], [ 137.003965142999988, 35.43451322 ], [ 137.00428770900001, 35.434902594 ], [ 137.004556917, 35.435175163 ], [ 137.00474133099999, 35.43538661 ], [ 137.004957409000014, 35.435637977 ], [ 137.005143210999989, 35.435856096 ], [ 137.005370999, 35.436107479 ], [ 137.00554236100001, 35.436304746 ], [ 137.005712339000013, 35.436500317 ], [ 137.005920882999987, 35.436727461 ], [ 137.00617964599999, 35.437035194 ], [ 137.006381315, 35.437264591 ], [ 137.006589163, 35.437505254 ], [ 137.00677431599999, 35.43771605 ], [ 137.006926448, 35.437871627 ], [ 137.007051028, 35.438007462 ], [ 137.00701173499999, 35.43806547 ], [ 137.00696001099999, 35.43815501 ], [ 137.006934484, 35.438231055 ], [ 137.006885508000011, 35.438334129 ], [ 137.006850969, 35.438472134 ], [ 137.006655335, 35.438486108 ], [ 137.006355684, 35.438498349 ] ] ] } },
{ "type": "Feature", "properties": { "A29_001": "21211", "A29_002": "岐阜県", "A29_003": "美濃加茂市", "A29_004": 5, "A29_005": "第一種住居地域", "A29_006": 60, "A29_007": 200, "A29_008": null }, "geometry": { "type": "Polygon", "coordinates": [ [ [ 137.00936119799999, 35.436934286 ], [ 137.009428783, 35.43676362 ], [ 137.00948159399999, 35.436781663 ], [ 137.009587051000011, 35.436511883 ], [ 137.00952171, 35.436485972 ], [ 137.009488796999989, 35.436475924 ], [ 137.00943915799999, 35.436458192 ], [ 137.00930851699999, 35.436407723 ], [ 137.00919333499999, 35.436337804 ], [ 137.00887558, 35.436177173 ], [ 137.008798, 35.436130234 ], [ 137.008784464, 35.436124448 ], [ 137.008761114, 35.436124237 ], [ 137.008742272, 35.436128539 ], [ 137.008722635999987, 35.436144018 ], [ 137.008700056, 35.436150009 ], [ 137.00864404399999, 35.436118856 ], [ 137.008442495, 35.436000958 ], [ 137.008366279, 35.435943979 ], [ 137.008207257, 35.435820368 ], [ 137.00805824, 35.435705874 ], [ 137.007967760000014, 35.435621113 ], [ 137.007938290999988, 35.435596376 ], [ 137.007753672, 35.435439648 ], [ 137.007708815, 35.435398936 ], [ 137.007475594999988, 35.435201491 ], [ 137.007429758, 35.435155278 ], [ 137.007328046999987, 35.43506915 ], [ 137.007226438, 35.434987709 ], [ 137.00719058199999, 35.434962692 ], [ 137.007090217000012, 35.434920915 ], [ 137.007044318999988, 35.43490553 ], [ 137.007005279, 35.434875011 ], [ 137.0069282, 35.434809827 ], [ 137.006856836, 35.434695164 ], [ 137.006606491000014, 35.434471103 ], [ 137.006533600000012, 35.434404933 ], [ 137.006466432, 35.434340484 ], [ 137.006391799999989, 35.434263765 ], [ 137.00636322, 35.434235513 ], [ 137.006321883, 35.434197419 ], [ 137.006263289, 35.434141814 ], [ 137.00619985, 35.434085572 ], [ 137.006135978, 35.434026265 ], [ 137.00603120400001, 35.433931478 ], [ 137.005978551, 35.433878946 ], [ 137.00595008499999, 35.433849252 ], [ 137.005916989000013, 35.433820813 ], [ 137.005824968000013, 35.433738032 ], [ 137.00575746199999, 35.433678539 ], [ 137.005653784, 35.433586818 ], [ 137.005558681, 35.43350286 ], [ 137.005476324999989, 35.433434243 ], [ 137.005372757, 35.433342702 ], [ 137.005280091, 35.433252437 ], [ 137.005220838000014, 35.433196651 ], [ 137.005079703, 35.433055753 ], [ 137.005019081, 35.432969046 ], [ 137.00498952, 35.432935835 ], [ 137.004923905, 35.43286724 ], [ 137.004884666, 35.432827345 ], [ 137.004790140000011, 35.432731489 ], [ 137.004738591, 35.432679048 ], [ 137.004686068000012, 35.432617682 ], [ 137.00464803599999, 35.432580312 ], [ 137.004618240000013, 35.432554763 ], [ 137.004589321999987, 35.432530566 ], [ 137.004521928, 35.432471073 ], [ 137.004485542999987, 35.432435959 ], [ 137.004448286000013, 35.432396608 ], [ 137.004362576, 35.4322986 ], [ 137.004314232000013, 35.432240484 ], [ 137.00425908, 35.432172894 ], [ 137.004135883, 35.432029675 ], [ 137.003958369, 35.431808681 ], [ 137.003649650999989, 35.431402875 ], [ 137.003415878999988, 35.431074672 ], [ 137.00319522, 35.430766389 ], [ 137.002718625, 35.430972679 ], [ 137.0025262, 35.431063893 ], [ 137.003021485, 35.431636193 ], [ 137.003355879, 35.432028623 ], [ 137.00360669299999, 35.432322974 ], [ 137.004361800999988, 35.433216854 ], [ 137.005263508000013, 35.434277226 ], [ 137.005533168999989, 35.434588743 ], [ 137.00581983399999, 35.434635944 ], [ 137.00612853199999, 35.434697822 ], [ 137.005903947, 35.435018776 ], [ 137.006076916000012, 35.435177194 ], [ 137.00612028, 35.435226198 ], [ 137.00621249299999, 35.43532991 ], [ 137.006303341, 35.435433612 ], [ 137.006445109, 35.435597063 ], [ 137.006595823999987, 35.435776291 ], [ 137.006755496000011, 35.435954395 ], [ 137.006874555, 35.436095299 ], [ 137.007076211, 35.436325253 ], [ 137.007197343, 35.436466159 ], [ 137.00732123200001, 35.436605374 ], [ 137.007432736999988, 35.436729933 ], [ 137.007488486, 35.436794187 ], [ 137.007541484, 35.436868019 ], [ 137.007601365999989, 35.436931142 ], [ 137.007701172, 35.437034854 ], [ 137.007792037, 35.437131244 ], [ 137.007909743, 35.437256929 ], [ 137.00804054, 35.437390518 ], [ 137.008189241999986, 35.437510032 ], [ 137.008316613, 35.437616007 ], [ 137.008424708, 35.43769494 ], [ 137.008544515000011, 35.437777811 ], [ 137.008642971, 35.437851666 ], [ 137.008748327, 35.437923267 ], [ 137.008850223, 35.437995999 ], [ 137.008951443, 35.438059149 ], [ 137.009034074, 35.438109889 ], [ 137.009121541000013, 35.438148809 ], [ 137.009131923000012, 35.4380491 ], [ 137.00914644400001, 35.437951073 ], [ 137.00914994499999, 35.437838969 ], [ 137.009166533000013, 35.437731372 ], [ 137.009200383, 35.437554488 ], [ 137.00923145499999, 35.43741253 ], [ 137.009268037, 35.437263818 ], [ 137.009300473, 35.437134256 ], [ 137.00936119799999, 35.436934286 ] ] ] } },
{ "type": "Feature", "properties": { "A29_001": "21211", "A29_002": "岐阜県", "A29_003": "美濃加茂市", "A29_004": 9, "A29_005": "商業地域", "A29_006": 80, "A29_007": 200, "A29_008": null }, "geometry": { "type": "Polygon", "coordinates": [ [ [ 137.023059237000012, 35.439282556 ], [ 137.023006806000012, 35.439097426 ], [ 137.02295945099999, 35.439111224 ], [ 137.022753161999987, 35.439165495 ], [ 137.022536567, 35.43919255 ], [ 137.022392056, 35.439192737 ], [ 137.02228795, 35.439202619 ], [ 137.022174581, 35.439219159 ], [ 137.022011553999988, 35.439225184 ], [ 137.021924797, 35.439203806 ], [ 137.02166120699999, 35.439148775 ], [ 137.021515768, 35.439113175 ], [ 137.021453686, 35.439090565 ], [ 137.021165551, 35.439026398 ], [ 137.020858690000011, 35.438962749 ], [ 137.020723237, 35.438947983 ], [ 137.020637905, 35.438931294 ], [ 137.020582208, 35.438910855 ], [ 137.020206546, 35.438825938 ], [ 137.01996609, 35.438770029 ], [ 137.019863718000011, 35.4387352 ], [ 137.019725865, 35.438708351 ], [ 137.01973229699999, 35.438684381 ], [ 137.019437844, 35.438642919 ], [ 137.019350859000014, 35.438626677 ], [ 137.019139575999986, 35.438579727 ], [ 137.01881566599999, 35.438505415 ], [ 137.018606791, 35.43846739 ], [ 137.018539083, 35.43845027 ], [ 137.018433261000013, 35.438435267 ], [ 137.018332973000014, 35.438405848 ], [ 137.018054027, 35.438390506 ], [ 137.018018993, 35.438346573 ], [ 137.017453697, 35.438180143 ], [ 137.017282477, 35.438209831 ], [ 137.017291494, 35.438110868 ], [ 137.017119353999988, 35.438072453 ], [ 137.016910276, 35.438026222 ], [ 137.016802055999989, 35.437998054 ], [ 137.016292413, 35.437882581 ], [ 137.016127264, 35.43784695 ], [ 137.015826471, 35.437782305 ], [ 137.015751604, 35.437765896 ], [ 137.015563003000011, 35.437725186 ], [ 137.015240932000012, 35.437654617 ], [ 137.015009635000013, 35.437652128 ], [ 137.014952502999989, 35.437599252 ], [ 137.01483984399999, 35.43758384 ], [ 137.014574286, 35.437526176 ], [ 137.014557596, 35.437521955 ], [ 137.01437239, 35.43775021 ], [ 137.01434074299999, 35.437739966 ], [ 137.014317656, 35.437512079 ], [ 137.014114541999987, 35.43747025 ], [ 137.013930122, 35.437432969 ], [ 137.013772993, 35.437408973 ], [ 137.013689758, 35.437391561 ], [ 137.013422542, 35.437337408 ], [ 137.013235927000011, 35.437296607 ], [ 137.012905295, 35.437229302 ], [ 137.012743543999989, 35.437203226 ], [ 137.01270951699999, 35.437199216 ], [ 137.01269174699999, 35.437195651 ], [ 137.012614022, 35.437344582 ], [ 137.01254975099999, 35.437339785 ], [ 137.01251549700001, 35.43715462 ], [ 137.012466319, 35.437142685 ], [ 137.012250749, 35.43709569 ], [ 137.012047399000011, 35.437051892 ], [ 137.011932116, 35.437032634 ], [ 137.011717858, 35.436990714 ], [ 137.011571874999987, 35.436956364 ], [ 137.011514057999989, 35.436952233 ], [ 137.011354923999988, 35.4369404 ], [ 137.011155644000013, 35.43689958 ], [ 137.01093566899999, 35.436852874 ], [ 137.010861799999986, 35.43683385 ], [ 137.010788737000013, 35.436796707 ], [ 137.010728543999988, 35.436768325 ], [ 137.010603479, 35.436738778 ], [ 137.010456153, 35.436715782 ], [ 137.010363135, 35.436700067 ], [ 137.010161614, 35.437339724 ], [ 137.010047955, 35.437738603 ], [ 137.00992455, 35.438346992 ], [ 137.011048878, 35.438293226 ], [ 137.01216417099999, 35.438251805 ], [ 137.01246422599999, 35.438240579 ], [ 137.013528826, 35.43820073 ], [ 137.014740288000013, 35.438192363 ], [ 137.01475848199999, 35.43849671 ], [ 137.015096019, 35.438493303 ], [ 137.015407777, 35.438485203 ], [ 137.01576782699999, 35.438483585 ], [ 137.015957437999987, 35.438505956 ], [ 137.015969883, 35.438506845 ], [ 137.01601134399999, 35.438540907 ], [ 137.01620669799999, 35.438593937 ], [ 137.016329154, 35.438601283 ], [ 137.01658435600001, 35.438609434 ], [ 137.016659791, 35.438610961 ], [ 137.016672029, 35.438610805 ], [ 137.016678184, 35.438611867 ], [ 137.017061278, 35.438719907 ], [ 137.01721119199999, 35.438769706 ], [ 137.017353662, 35.438819063 ], [ 137.017550390999986, 35.438879556 ], [ 137.017734494, 35.438930308 ], [ 137.01794255199999, 35.438963997 ], [ 137.018104150999989, 35.438985776 ], [ 137.018131122, 35.438987711 ], [ 137.018205224000013, 35.439001621 ], [ 137.01850259599999, 35.439043225 ], [ 137.018637129000012, 35.439060481 ], [ 137.018751264, 35.439071492 ], [ 137.01883865100001, 35.439078891 ], [ 137.01903626699999, 35.43908876 ], [ 137.019164585, 35.439096137 ], [ 137.01925304400001, 35.439107765 ], [ 137.01932968, 35.439121263 ], [ 137.019424961999988, 35.439142111 ], [ 137.019444305, 35.439147868 ], [ 137.019438014, 35.439293969 ], [ 137.01943356000001, 35.439356657 ], [ 137.01944554799999, 35.439729133 ], [ 137.019866244000013, 35.439734314 ], [ 137.020984098000014, 35.439741086 ], [ 137.02149420500001, 35.439749191 ], [ 137.022361448, 35.439753448 ], [ 137.022965862, 35.43977455 ], [ 137.02309706299999, 35.439405526 ], [ 137.023059237000012, 35.439282556 ] ] ] } },
{ "type": "Feature", "properties": { "A29_001": "21211", "A29_002": "岐阜県", "A29_003": "美濃加茂市", "A29_004": 5, "A29_005": "第一種住居地域", "A29_006": 60, "A29_007": 200, "A29_008": null }, "geometry": { "type": "Polygon", "coordinates": [ [ [ 137.006355684, 35.438498349 ], [ 137.006655335, 35.438486108 ], [ 137.006850969, 35.438472134 ], [ 137.006885508000011, 35.438334129 ], [ 137.006934484, 35.438231055 ], [ 137.00696001099999, 35.43815501 ], [ 137.00701173499999, 35.43806547 ], [ 137.007051028, 35.438007462 ], [ 137.006926448, 35.437871627 ], [ 137.00677431599999, 35.43771605 ], [ 137.006589163, 35.437505254 ], [ 137.006381315, 35.437264591 ], [ 137.00617964599999, 35.437035194 ], [ 137.005920882999987, 35.436727461 ], [ 137.005712339000013, 35.436500317 ], [ 137.00554236100001, 35.436304746 ], [ 137.005370999, 35.436107479 ], [ 137.005143210999989, 35.435856096 ], [ 137.004957409000014, 35.435637977 ], [ 137.00474133099999, 35.43538661 ], [ 137.004556917, 35.435175163 ], [ 137.00428770900001, 35.434902594 ], [ 137.003965142999988, 35.43451322 ], [ 137.003922710000012, 35.43471945 ], [ 137.00384821, 35.435174209 ], [ 137.003807419, 35.435390618 ], [ 137.003777662, 35.435569751 ], [ 137.003766571, 35.435657064 ], [ 137.003772000999987, 35.435755658 ], [ 137.003782918000013, 35.4358858 ], [ 137.003807577, 35.436055947 ], [ 137.003828085, 35.436242422 ], [ 137.003833538, 35.436318481 ], [ 137.003861013, 35.436408632 ], [ 137.00390568099999, 35.436542731 ], [ 137.003966854, 35.436701633 ], [ 137.004038337, 35.436887581 ], [ 137.00408577499999, 35.437002529 ], [ 137.00473734900001, 35.437023723 ], [ 137.004714568999987, 35.437090757 ], [ 137.004638626, 35.43732676 ], [ 137.00452410599999, 35.437565002 ], [ 137.004475625999987, 35.437897349 ], [ 137.004650317, 35.438253486 ], [ 137.00589764, 35.438463171 ], [ 137.006060864, 35.438495938 ], [ 137.006121482, 35.438493152 ], [ 137.00625029299999, 35.438494909 ], [ 137.006355684, 35.438498349 ] ] ] } },
{ "type": "Feature", "properties": { "A29_001": "21211", "A29_002": "岐阜県", "A29_003": "美濃加茂市", "A29_004": 6, "A29_005": "第二種住居地域", "A29_006": 60, "A29_007": 200, "A29_008": null }, "geometry": { "type": "Polygon", "coordinates": [ [ [ 137.03069537799999, 35.438714144 ], [ 137.030679663, 35.438679422 ], [ 137.030626887000011, 35.43850595 ], [ 137.030575201, 35.438431084 ], [ 137.03050233499999, 35.438342745 ], [ 137.030427815, 35.438255279 ], [ 137.030351935999988, 35.438183793 ], [ 137.030271223999989, 35.438117259 ], [ 137.030168215, 35.438046896 ], [ 137.030083818, 35.437997097 ], [ 137.029879196, 35.437910456 ], [ 137.029848372, 35.437906906 ], [ 137.029637567, 35.437868411 ], [ 137.029461709, 35.43781739 ], [ 137.029307456999987, 35.437808281 ], [ 137.029109964000014, 35.43779175 ], [ 137.02883291399999, 35.437788207 ], [ 137.028672418000014, 35.437778604 ], [ 137.028528497, 35.437775907 ], [ 137.028269905, 35.437780154 ], [ 137.028053457, 35.437782375 ], [ 137.027785892999987, 35.437777552 ], [ 137.027620309000014, 35.437780318 ], [ 137.02750723299999, 35.437698565 ], [ 137.027147856, 35.437736613 ], [ 137.026860405, 35.437792781 ], [ 137.02641838400001, 35.437908424 ], [ 137.02609296, 35.43800537 ], [ 137.025721436, 35.438129719 ], [ 137.025472321, 35.438212619 ], [ 137.025152154000011, 35.438318989 ], [ 137.02488671, 35.438410495 ], [ 137.024639028, 35.438491826 ], [ 137.024417752, 35.438563777 ], [ 137.02423439, 35.438622423 ], [ 137.024133459000012, 35.438694056 ], [ 137.02403275, 35.438770611 ], [ 137.023939966, 35.438806819 ], [ 137.023804965000011, 35.438854317 ], [ 137.023596242999986, 35.438921026 ], [ 137.023421692999989, 35.438972163 ], [ 137.023271093, 35.439020462 ], [ 137.023109581, 35.439067477 ], [ 137.023006806000012, 35.439097426 ], [ 137.023059237000012, 35.439282556 ], [ 137.024584702, 35.43941456 ], [ 137.025812148999989, 35.43951545 ], [ 137.02701616600001, 35.439619609 ], [ 137.02817334299999, 35.439728074 ], [ 137.029378095, 35.439824639 ], [ 137.029348481, 35.439445644 ], [ 137.029323433, 35.439134685 ], [ 137.029319313, 35.438973229 ], [ 137.029328967999987, 35.438884749 ], [ 137.02935026899999, 35.438827362 ], [ 137.029493057, 35.438680433 ], [ 137.030493412, 35.438912371 ], [ 137.03069537799999, 35.438714144 ] ] ] } },
{ "type": "Feature", "properties": { "A29_001": "21211", "A29_002": "岐阜県", "A29_003": "美濃加茂市", "A29_004": 10, "A29_005": "準工業地域", "A29_006": 60, "A29_007": 200, "A29_008": null }, "geometry": { "type": "Polygon", "coordinates": [ [ [ 137.039763455000013, 35.446083588 ], [ 137.04144857899999, 35.445697986 ], [ 137.042589789, 35.445786457 ], [ 137.043818753000011, 35.445888427 ], [ 137.044446687, 35.445934964 ], [ 137.044779932000012, 35.445961541 ], [ 137.04495583799999, 35.445845176 ], [ 137.045033812000014, 35.445782192 ], [ 137.045080543000012, 35.445721403 ], [ 137.04515224799999, 35.445630136 ], [ 137.045199915000012, 35.445599076 ], [ 137.045557527999989, 35.445366043 ], [ 137.046112738, 35.445033881 ], [ 137.045644598, 35.444892505 ], [ 137.045349176, 35.444775864 ], [ 137.04495805900001, 35.44449415 ], [ 137.045019446999987, 35.444450295 ], [ 137.04513469, 35.444354682 ], [ 137.045292004, 35.444227021 ], [ 137.04538589399999, 35.44412687 ], [ 137.045486678, 35.444027852 ], [ 137.045581277999986, 35.443916434 ], [ 137.045680002000012, 35.443810095 ], [ 137.04576079099999, 35.443711616 ], [ 137.04585332799999, 35.443602449 ], [ 137.04595690299999, 35.443477519 ], [ 137.04602594, 35.443400427 ], [ 137.04609157499999, 35.443306999 ], [ 137.045358448, 35.443111011 ], [ 137.04526759399999, 35.443082714 ], [ 137.045202253000014, 35.44303811 ], [ 137.045015013000011, 35.442989949 ], [ 137.044683178000014, 35.442920737 ], [ 137.044606155, 35.44286598 ], [ 137.044335748, 35.442740519 ], [ 137.04402715, 35.442754728 ], [ 137.043237132, 35.442448797 ], [ 137.04251035499999, 35.442208313 ], [ 137.042300382, 35.44216857 ], [ 137.042187516000013, 35.44212954 ], [ 137.041816708999988, 35.441943648 ], [ 137.041624837, 35.441816612 ], [ 137.041489262999988, 35.441768535 ], [ 137.041571992, 35.441735413 ], [ 137.041412423, 35.441639969 ], [ 137.041322404, 35.441550834 ], [ 137.041069728, 35.441511595 ], [ 137.04090799299999, 35.44146404 ], [ 137.040709131999989, 35.441385446 ], [ 137.040278878, 35.441301445 ], [ 137.04004625499999, 35.441231252 ], [ 137.039622971999989, 35.441114589 ], [ 137.039017132, 35.441017941 ], [ 137.038085204, 35.440779414 ], [ 137.037475926000013, 35.440686702 ], [ 137.036978941, 35.44058176 ], [ 137.036749874, 35.440474958 ], [ 137.03635828099999, 35.440362843 ], [ 137.03602167299999, 35.440299822 ], [ 137.03521253, 35.440002327 ], [ 137.035061686, 35.440007742 ], [ 137.034953628000011, 35.439982791 ], [ 137.03449034, 35.439948698 ], [ 137.034430328000013, 35.439944279 ], [ 137.034179748000014, 35.439908425 ], [ 137.033658586, 35.43984287 ], [ 137.033200805, 35.439769531 ], [ 137.032885478, 35.43973583 ], [ 137.032411289, 35.439621339 ], [ 137.03218818, 35.439598781 ], [ 137.032136911, 35.43970253 ], [ 137.031724266999987, 35.439551868 ], [ 137.031678167, 35.439758815 ], [ 137.031661414000013, 35.439844412 ], [ 137.031657376, 35.440065775 ], [ 137.03165693599999, 35.440230254 ], [ 137.031749537, 35.440626382 ], [ 137.031803994, 35.440606756 ], [ 137.03235094499999, 35.4405597 ], [ 137.03430930799999, 35.440671897 ], [ 137.034488721, 35.440939244 ], [ 137.034591976, 35.44109311 ], [ 137.034488457, 35.441100938 ], [ 137.03412425, 35.441128464 ], [ 137.034236021999988, 35.441253287 ], [ 137.034389228, 35.441731607 ], [ 137.034486719, 35.442163731 ], [ 137.034690914, 35.443068795 ], [ 137.035233876, 35.442983997 ], [ 137.035512516000011, 35.443648574 ], [ 137.035552575999986, 35.443724669 ], [ 137.035597329000012, 35.443888674 ], [ 137.035611272000011, 35.443937987 ], [ 137.03624019899999, 35.44517291 ], [ 137.03626963, 35.445249003 ], [ 137.036870685999986, 35.445365977 ], [ 137.03758861899999, 35.445578325 ], [ 137.037606388, 35.445591237 ], [ 137.037828026, 35.445987675 ], [ 137.037835543, 35.44601248 ], [ 137.039526378, 35.446133367 ], [ 137.039763455000013, 35.446083588 ] ] ] } },
{ "type": "Feature", "properties": { "A29_001": "21211", "A29_002": "岐阜県", "A29_003": "美濃加茂市", "A29_004": 5, "A29_005": "第一種住居地域", "A29_006": 60, "A29_007": 200, "A29_008": null }, "geometry": { "type": "Polygon", "coordinates": [ [ [ 137.035512516000011, 35.443648574 ], [ 137.035233876, 35.442983997 ], [ 137.034690914, 35.443068795 ], [ 137.034486719, 35.442163731 ], [ 137.034389228, 35.441731607 ], [ 137.034236021999988, 35.441253287 ], [ 137.03412425, 35.441128464 ], [ 137.034488457, 35.441100938 ], [ 137.034591976, 35.44109311 ], [ 137.034488721, 35.440939244 ], [ 137.03430930799999, 35.440671897 ], [ 137.03235094499999, 35.4405597 ], [ 137.031803994, 35.440606756 ], [ 137.031749537, 35.440626382 ], [ 137.031503568, 35.44069136 ], [ 137.03134121299999, 35.440801456 ], [ 137.03119142700001, 35.440857743 ], [ 137.03098656899999, 35.440906478 ], [ 137.030797623000012, 35.440944566 ], [ 137.030235041, 35.440911815 ], [ 137.02958988200001, 35.440865761 ], [ 137.028853145999989, 35.440813695 ], [ 137.02841109799999, 35.44078256 ], [ 137.02730660899999, 35.441429222 ], [ 137.02934339699999, 35.442419651 ], [ 137.029512547, 35.443203445 ], [ 137.026643842, 35.441798834 ], [ 137.02587183899999, 35.442228268 ], [ 137.024985714, 35.442725944 ], [ 137.02434075299999, 35.443092797 ], [ 137.024177815, 35.4431507 ], [ 137.024350155, 35.443464764 ], [ 137.02452259899999, 35.443608156 ], [ 137.024575249, 35.443710131 ], [ 137.024740911, 35.444027386 ], [ 137.024881377000014, 35.444272472 ], [ 137.025012688, 35.444550197 ], [ 137.0251384, 35.444843112 ], [ 137.025239134, 35.445165212 ], [ 137.025316127, 35.4454258 ], [ 137.025342497999986, 35.445577465 ], [ 137.025421391, 35.446031289 ], [ 137.02537566699999, 35.446187711 ], [ 137.025565075, 35.447244236 ], [ 137.02573658899999, 35.448185775 ], [ 137.026591298999989, 35.448043473 ], [ 137.027621887, 35.447873181 ], [ 137.028330821, 35.447787713 ], [ 137.028777803, 35.447712975 ], [ 137.029329652, 35.447619524 ], [ 137.029706323999989, 35.447547866 ], [ 137.03006236499999, 35.447468793 ], [ 137.030626246, 35.447312846 ], [ 137.03080572799999, 35.447258387 ], [ 137.031013519999988, 35.447191087 ], [ 137.031222823, 35.447102381 ], [ 137.031418401, 35.447000101 ], [ 137.031493041, 35.446987754 ], [ 137.031882603000014, 35.44674728 ], [ 137.032405759, 35.446374654 ], [ 137.03307250099999, 35.445879449 ], [ 137.033437635000013, 35.445596675 ], [ 137.03345068199999, 35.445586684 ], [ 137.033830367, 35.44529593 ], [ 137.034174756999988, 35.445037902 ], [ 137.034482395999987, 35.444807921 ], [ 137.034569524, 35.444742782 ], [ 137.035611272000011, 35.443937987 ], [ 137.035597329000012, 35.443888674 ], [ 137.035552575999986, 35.443724669 ], [ 137.035512516000011, 35.443648574 ] ] ] } },
{ "type": "Feature", "properties": { "A29_001": "21211", "A29_002": "岐阜県", "A29_003": "美濃加茂市", "A29_004": 5, "A29_005": "第一種住居地域", "A29_006": 60, "A29_007": 200, "A29_008": null }, "geometry": { "type": "Polygon", "coordinates": [ [ [ 137.023732816, 35.440358247 ], [ 137.023958295999989, 35.441258505 ], [ 137.024209633999988, 35.441920976 ], [ 137.024545208, 35.441743298 ], [ 137.02546030799999, 35.441231661 ], [ 137.026181818, 35.440830186 ], [ 137.026554312, 35.440623296 ], [ 137.025979497, 35.440565126 ], [ 137.025400545, 35.44051088 ], [ 137.024351379, 35.440416352 ], [ 137.023732816, 35.440358247 ] ] ] } },
{ "type": "Feature", "properties": { "A29_001": "21211", "A29_002": "岐阜県", "A29_003": "美濃加茂市", "A29_004": 5, "A29_005": "第一種住居地域", "A29_006": 60, "A29_007": 200, "A29_008": null }, "geometry": { "type": "Polygon", "coordinates": [ [ [ 137.00971064699999, 35.441151261 ], [ 137.00947288399999, 35.441262762 ], [ 137.009239683, 35.44138998 ], [ 137.008748325999989, 35.441652252 ], [ 137.008116379, 35.441983168 ], [ 137.007919966, 35.442086725 ], [ 137.008150723, 35.442146566 ], [ 137.008495842, 35.442238025 ], [ 137.008845102, 35.442324413 ], [ 137.009188846, 35.4424153 ], [ 137.00947054, 35.442468399 ], [ 137.009851481999988, 35.442480667 ], [ 137.010304029, 35.442489385 ], [ 137.010018480000014, 35.441849944 ], [ 137.009764193, 35.44127485 ], [ 137.00971064699999, 35.441151261 ] ] ] } },
{ "type": "Feature", "properties": { "A29_001": "21211", "A29_002": "岐阜県", "A29_003": "美濃加茂市", "A29_004": 6, "A29_005": "第二種住居地域", "A29_006": 60, "A29_007": 200, "A29_008": null }, "geometry": { "type": "Polygon", "coordinates": [ [ [ 137.016351108, 35.441604411 ], [ 137.016394779, 35.441540889 ], [ 137.01685952299999, 35.441545216 ], [ 137.017046294000011, 35.441531927 ], [ 137.017036182, 35.441180933 ], [ 137.01701323099999, 35.440792146 ], [ 137.017029489, 35.440517877 ], [ 137.01707959399999, 35.440333881 ], [ 137.017069999, 35.440221743 ], [ 137.016819285999986, 35.440219548 ], [ 137.016022404000012, 35.440213347 ], [ 137.015363275, 35.440206032 ], [ 137.014727560000011, 35.440200511 ], [ 137.013964412, 35.44019669 ], [ 137.013334187999988, 35.440193999 ], [ 137.01273842, 35.440190329 ], [ 137.012460549, 35.44016862 ], [ 137.01218905499999, 35.440147415 ], [ 137.011734808, 35.440095903 ], [ 137.011238098, 35.440010965 ], [ 137.010833665, 35.439928677 ], [ 137.011120376, 35.440599108 ], [ 137.011421285000011, 35.4413124 ], [ 137.01169343699999, 35.442003614 ], [ 137.01188797, 35.442551369 ], [ 137.012455921999987, 35.442594778 ], [ 137.012730624, 35.4426134 ], [ 137.01366968100001, 35.442693746 ], [ 137.014634781000012, 35.442779201 ], [ 137.015384315, 35.442848632 ], [ 137.015212746, 35.442541452 ], [ 137.01502154100001, 35.44218631 ], [ 137.014900016000013, 35.44176813 ], [ 137.015269259, 35.441762022 ], [ 137.01534236, 35.441729221 ], [ 137.016167362, 35.441678728 ], [ 137.016249136999988, 35.441666769 ], [ 137.016306816, 35.441640538 ], [ 137.016351108, 35.441604411 ] ] ] } },
{ "type": "Feature", "properties": { "A29_001": "21211", "A29_002": "岐阜県", "A29_003": "美濃加茂市", "A29_004": 8, "A29_005": "近隣商業地域", "A29_006": 80, "A29_007": 200, "A29_008": null }, "geometry": { "type": "Polygon", "coordinates": [ [ [ 137.012452094999986, 35.444601177 ], [ 137.012198919000014, 35.443632599 ], [ 137.01245390299999, 35.443653567 ], [ 137.013449356, 35.443735429 ], [ 137.015045491, 35.443864524 ], [ 137.016539591999987, 35.443991128 ], [ 137.016412191, 35.443818413 ], [ 137.016137133, 35.443432431 ], [ 137.015748308000013, 35.443409077 ], [ 137.01556536699999, 35.443180071 ], [ 137.015384315, 35.442848632 ], [ 137.014634781000012, 35.442779201 ], [ 137.01366968100001, 35.442693746 ], [ 137.012730624, 35.4426134 ], [ 137.012455921999987, 35.442594778 ], [ 137.01188797, 35.442551369 ], [ 137.01169343699999, 35.442003614 ], [ 137.011421285000011, 35.4413124 ], [ 137.011120376, 35.440599108 ], [ 137.010833665, 35.439928677 ], [ 137.010509117, 35.439848988 ], [ 137.010008051, 35.439699814 ], [ 137.00966524399999, 35.439573857 ], [ 137.009476295000013, 35.439507854 ], [ 137.009153945, 35.439387132 ], [ 137.00917315699999, 35.439521782 ], [ 137.009197183, 35.439678415 ], [ 137.0092281, 35.439831676 ], [ 137.009262463, 35.439986051 ], [ 137.00929202099999, 35.440113395 ], [ 137.009329836, 35.440259896 ], [ 137.009364213999987, 35.440378223 ], [ 137.009421304999989, 35.440547267 ], [ 137.00946395599999, 35.440676863 ], [ 137.009473931, 35.440724182 ], [ 137.00971064699999, 35.441151261 ], [ 137.009764193, 35.44127485 ], [ 137.010018480000014, 35.441849944 ], [ 137.010304029, 35.442489385 ], [ 137.009851481999988, 35.442480667 ], [ 137.00947054, 35.442468399 ], [ 137.009188846, 35.4424153 ], [ 137.008845102, 35.442324413 ], [ 137.008495842, 35.442238025 ], [ 137.008150723, 35.442146566 ], [ 137.007919966, 35.442086725 ], [ 137.007833814, 35.44213344 ], [ 137.00781107200001, 35.442137367 ], [ 137.007752498, 35.442168885 ], [ 137.00771114, 35.442200974 ], [ 137.007613275000011, 35.442249936 ], [ 137.00747056599999, 35.442405908 ], [ 137.007271370000012, 35.442539882 ], [ 137.007344351, 35.442620483 ], [ 137.007592267, 35.442811034 ], [ 137.007734827, 35.442915902 ], [ 137.007834687000013, 35.44297906 ], [ 137.00792561099999, 35.443021356 ], [ 137.008027548, 35.443064235 ], [ 137.008185985000011, 35.443128542 ], [ 137.00832444299999, 35.443174253 ], [ 137.008480823000014, 35.443220538 ], [ 137.008644084999986, 35.443256123 ], [ 137.008808748, 35.443285508 ], [ 137.008926553, 35.4433036 ], [ 137.00914357799999, 35.443324003 ], [ 137.009468864000013, 35.443330376 ], [ 137.010522473, 35.443370756 ], [ 137.01147975, 35.443419386 ], [ 137.011714997000013, 35.444174652 ], [ 137.011918025999989, 35.444907819 ], [ 137.012109821, 35.445561251 ], [ 137.012229757999989, 35.445969858 ], [ 137.012232442, 35.446081411 ], [ 137.012202398999989, 35.446140982 ], [ 137.012155975000013, 35.446177962 ], [ 137.01208121799999, 35.446227209 ], [ 137.011969494999988, 35.446252008 ], [ 137.01180909199999, 35.446266504 ], [ 137.011628464000012, 35.446470576 ], [ 137.01244871, 35.446375726 ], [ 137.012904717, 35.446320339 ], [ 137.012704378, 35.44556201 ], [ 137.012597069, 35.44515579 ], [ 137.012452094999986, 35.444601177 ] ] ] } },
{ "type": "Feature", "properties": { "A29_001": "21211", "A29_002": "岐阜県", "A29_003": "美濃加茂市", "A29_004": 5, "A29_005": "第一種住居地域", "A29_006": 60, "A29_007": 200, "A29_008": null }, "geometry": { "type": "Polygon", "coordinates": [ [ [ 137.01726687199999, 35.448712657 ], [ 137.01705553, 35.448457992 ], [ 137.016987387, 35.448445306 ], [ 137.01705636, 35.448330678 ], [ 137.017116829, 35.448251511 ], [ 137.017168943, 35.448186953 ], [ 137.017212215, 35.448102644 ], [ 137.017234158, 35.44801373 ], [ 137.01725215499999, 35.447896074 ], [ 137.017263117, 35.447799799 ], [ 137.01725915099999, 35.447668522 ], [ 137.017259794000012, 35.447464039 ], [ 137.017263331, 35.447165624 ], [ 137.017062697, 35.447162654 ], [ 137.016792207, 35.447192218 ], [ 137.016573247999986, 35.447210298 ], [ 137.016375866, 35.44724199 ], [ 137.016282378999989, 35.447252068 ], [ 137.016179779, 35.44724582 ], [ 137.015996244, 35.447206181 ], [ 137.015840526, 35.447170652 ], [ 137.015750027, 35.447138602 ], [ 137.015603077, 35.447079971 ], [ 137.015481886, 35.447025455 ], [ 137.015333311, 35.446946441 ], [ 137.015157776, 35.446847012 ], [ 137.014987252999987, 35.446736034 ], [ 137.014828400999988, 35.446599244 ], [ 137.014780750999989, 35.446538709 ], [ 137.014716533000012, 35.446443484 ], [ 137.014652476, 35.446279997 ], [ 137.014571815000011, 35.446083831 ], [ 137.015256677999986, 35.445986303 ], [ 137.01646785, 35.445805047 ], [ 137.017380256, 35.445683335 ], [ 137.017550037, 35.445641818 ], [ 137.017518559, 35.445568053 ], [ 137.01745298099999, 35.445414382 ], [ 137.017473282, 35.445259554 ], [ 137.017417079000012, 35.445213117 ], [ 137.01688375, 35.444479649 ], [ 137.016539591999987, 35.443991128 ], [ 137.015045491, 35.443864524 ], [ 137.013449356, 35.443735429 ], [ 137.01245390299999, 35.443653567 ], [ 137.012198919000014, 35.443632599 ], [ 137.012452094999986, 35.444601177 ], [ 137.012597069, 35.44515579 ], [ 137.012704378, 35.44556201 ], [ 137.012904717, 35.446320339 ], [ 137.01244871, 35.446375726 ], [ 137.011628464000012, 35.446470576 ], [ 137.01160902, 35.446494537 ], [ 137.011150492000013, 35.446554315 ], [ 137.010410013000012, 35.446616817 ], [ 137.009860839, 35.446584376 ], [ 137.009466406, 35.446526597 ], [ 137.008980665, 35.446429801 ], [ 137.008450828, 35.446294285 ], [ 137.007991266, 35.446178536 ], [ 137.007647459, 35.446094956 ], [ 137.007305725, 35.44601081 ], [ 137.007010839, 35.445933458 ], [ 137.006709754000013, 35.445871314 ], [ 137.00644035900001, 35.445804676 ], [ 137.006133094, 35.445721113 ], [ 137.005658411000013, 35.445590697 ], [ 137.00560467, 35.445572074 ], [ 137.00555054599999, 35.445552676 ], [ 137.005472403, 35.445524673 ], [ 137.005307765, 35.44544796 ], [ 137.005119709000013, 35.445365599 ], [ 137.004930274, 35.445301264 ], [ 137.004659546, 35.445197438 ], [ 137.004475625, 35.445124655 ], [ 137.004215254, 35.444998874 ], [ 137.00402653099999, 35.444898483 ], [ 137.003793064, 35.444749049 ], [ 137.00358577, 35.444616542 ], [ 137.003298599, 35.444415248 ], [ 137.00309133499999, 35.444252318 ], [ 137.002915086, 35.444091656 ], [ 137.002743732999988, 35.443939365 ], [ 137.002473892000012, 35.443733505 ], [ 137.00216270300001, 35.443424584 ], [ 137.001540836, 35.442791029 ], [ 137.00073724399999, 35.44197465 ], [ 137.000610509000012, 35.441854976 ], [ 137.000072396, 35.44130965 ], [ 136.999547067, 35.440807111 ], [ 136.999266379, 35.440965929 ], [ 136.999612014, 35.441306472 ], [ 136.99991502899999, 35.441575826 ], [ 137.000260243000014, 35.441898852 ], [ 137.000411192, 35.442048658 ], [ 137.000690923, 35.4423249 ], [ 137.000798569000011, 35.442439193 ], [ 137.00035931799999, 35.442581272 ], [ 137.000311563, 35.442658169 ], [ 137.00051322600001, 35.442835717 ], [ 137.000557535000013, 35.442891124 ], [ 137.000611208, 35.443026959 ], [ 137.000634405, 35.443059856 ], [ 137.000663952999986, 35.443094484 ], [ 137.00072943399999, 35.443144728 ], [ 137.000961866000011, 35.443273029 ], [ 137.001073337, 35.443338461 ], [ 137.00138439, 35.443555514 ], [ 137.001630103, 35.443772836 ], [ 137.00181623899999, 35.44392367 ], [ 137.001876372, 35.444009314 ], [ 137.001973584000012, 35.444013692 ], [ 137.002436751, 35.444258676 ], [ 137.002874084000013, 35.444500622 ], [ 137.00305934799999, 35.444599884 ], [ 137.003230159999987, 35.444688435 ], [ 137.003263901, 35.444720561 ], [ 137.00338304499999, 35.444790491 ], [ 137.00370334199999, 35.444930399 ], [ 137.003989890000014, 35.44504831 ], [ 137.004190327, 35.445157164 ], [ 137.004407144, 35.445464321 ], [ 137.004354228000011, 35.445551073 ], [ 137.004093901, 35.445977908 ], [ 137.003903619999988, 35.446092157 ], [ 137.003890496, 35.446132712 ], [ 137.003510167, 35.44607614 ], [ 137.003486606, 35.446233863 ], [ 137.003362748, 35.44686587 ], [ 137.003293512, 35.447260168 ], [ 137.00327056, 35.44734468 ], [ 137.003431578, 35.447366018 ], [ 137.003626535, 35.447392638 ], [ 137.004411651999987, 35.447482926 ], [ 137.00444009899999, 35.447507987 ], [ 137.004451665, 35.447524391 ], [ 137.00607684900001, 35.447722808 ], [ 137.006140269000014, 35.4473222 ], [ 137.00630426, 35.447344268 ], [ 137.00638021899999, 35.447118972 ], [ 137.006227964, 35.447067615 ], [ 137.00636122200001, 35.446677844 ], [ 137.006720887, 35.446758618 ], [ 137.00678921299999, 35.446598664 ], [ 137.007494830000013, 35.446648092 ], [ 137.00759331899999, 35.446732657 ], [ 137.007560893, 35.446803627 ], [ 137.00742789, 35.446792274 ], [ 137.007274458000012, 35.447522309 ], [ 137.00757970399999, 35.44758334 ], [ 137.008537795, 35.447263338 ], [ 137.008638445, 35.447302618 ], [ 137.00871417499999, 35.447332175 ], [ 137.008823707, 35.447404349 ], [ 137.00894839599999, 35.447476535 ], [ 137.009067582, 35.447552102 ], [ 137.009443757000014, 35.447739355 ], [ 137.00946026599999, 35.447752483 ], [ 137.009563464, 35.447779407 ], [ 137.00956369299999, 35.44774674 ], [ 137.010019903, 35.447750443 ], [ 137.01002574099999, 35.447585646 ], [ 137.010317648000012, 35.447579255 ], [ 137.010309541, 35.447487806 ], [ 137.010504204999989, 35.447450812 ], [ 137.010487395000013, 35.44722277 ], [ 137.010715161, 35.447197104 ], [ 137.010726068, 35.447270493 ], [ 137.01084063499999, 35.447257093 ], [ 137.01085494, 35.447356446 ], [ 137.01104961199999, 35.447314926 ], [ 137.011087644000014, 35.447632171 ], [ 137.011434369999989, 35.44783016 ], [ 137.01160603299999, 35.447913914 ], [ 137.011896202, 35.447981648 ], [ 137.012195780000013, 35.448111943 ], [ 137.012445393, 35.448114867 ], [ 137.013058203000014, 35.448119641 ], [ 137.01332223599999, 35.448151211 ], [ 137.013702306999988, 35.448231062 ], [ 137.014025127, 35.448293929 ], [ 137.01401843299999, 35.448443752 ], [ 137.01458940399999, 35.448439073 ], [ 137.01458993599999, 35.448489904 ], [ 137.01441850099999, 35.448493501 ], [ 137.014418161, 35.448673989 ], [ 137.014937608, 35.448677554 ], [ 137.014943367, 35.44853788 ], [ 137.015271511, 35.448524085 ], [ 137.015264242, 35.448476176 ], [ 137.015582286000011, 35.448467641 ], [ 137.015570946999986, 35.448575624 ], [ 137.015904971999987, 35.448609872 ], [ 137.015956657, 35.448616444 ], [ 137.015950960999987, 35.448835461 ], [ 137.016334908, 35.448883552 ], [ 137.016382056, 35.448711559 ], [ 137.01642317, 35.448621443 ], [ 137.01675481, 35.44859978 ], [ 137.016744929, 35.44871201 ], [ 137.016860455999989, 35.44874007 ], [ 137.01684891299999, 35.448947307 ], [ 137.01681937, 35.448952156 ], [ 137.016759318999988, 35.448959951 ], [ 137.016609802, 35.448976892 ], [ 137.016635836, 35.449194424 ], [ 137.016643929, 35.449262013 ], [ 137.016828433, 35.449268858 ], [ 137.016864575, 35.449329252 ], [ 137.017382007, 35.449381895 ], [ 137.017456243999987, 35.449244856 ], [ 137.017488627, 35.44918104 ], [ 137.017450539, 35.449100588 ], [ 137.01726687199999, 35.448712657 ] ] ] } },
{ "type": "Feature", "properties": { "A29_001": "21211", "A29_002": "岐阜県", "A29_003": "美濃加茂市", "A29_004": 3, "A29_005": "第一種中高層住居専用地域", "A29_006": 60, "A29_007": 200, "A29_008": null }, "geometry": { "type": "Polygon", "coordinates": [ [ [ 137.00338304499999, 35.444790491 ], [ 137.003263901, 35.444720561 ], [ 137.003230159999987, 35.444688435 ], [ 137.00305934799999, 35.444599884 ], [ 137.002874084000013, 35.444500622 ], [ 137.002436751, 35.444258676 ], [ 137.001973584000012, 35.444013692 ], [ 137.001876372, 35.444009314 ], [ 137.00181623899999, 35.44392367 ], [ 137.001630103, 35.443772836 ], [ 137.00138439, 35.443555514 ], [ 137.001073337, 35.443338461 ], [ 137.000961866000011, 35.443273029 ], [ 137.00072943399999, 35.443144728 ], [ 137.000663952999986, 35.443094484 ], [ 137.000634405, 35.443059856 ], [ 137.000611208, 35.443026959 ], [ 137.000557535000013, 35.442891124 ], [ 137.00051322600001, 35.442835717 ], [ 137.000311563, 35.442658169 ], [ 137.00035931799999, 35.442581272 ], [ 137.000798569000011, 35.442439193 ], [ 137.000690923, 35.4423249 ], [ 137.000411192, 35.442048658 ], [ 137.000260243000014, 35.441898852 ], [ 136.99991502899999, 35.441575826 ], [ 136.999612014, 35.441306472 ], [ 136.999266379, 35.440965929 ], [ 136.998908816000011, 35.441045469 ], [ 136.998945816, 35.441246606 ], [ 136.99896476399999, 35.441569408 ], [ 136.998965954, 35.441755306 ], [ 136.998966526, 35.441866847 ], [ 136.99894924, 35.441927118 ], [ 136.99892230399999, 35.44199301 ], [ 136.99889601000001, 35.442100024 ], [ 136.998855608000014, 35.442524188 ], [ 136.998869363000011, 35.442546733 ], [ 136.998846426999989, 35.442744443 ], [ 136.999114342000013, 35.442831368 ], [ 136.999152256, 35.442815619 ], [ 136.999305878, 35.442839377 ], [ 136.998991388, 35.443136053 ], [ 136.999642008, 35.443615295 ], [ 137.00011915799999, 35.443960363 ], [ 137.000611471000013, 35.444304306 ], [ 137.000976411000011, 35.444570992 ], [ 137.000771648000011, 35.444699874 ], [ 137.000402812, 35.444902444 ], [ 137.000217334000013, 35.445021192 ], [ 137.000149773, 35.445054947 ], [ 137.000122877, 35.445079716 ], [ 137.00011734899999, 35.445094924 ], [ 137.000129055, 35.445107326 ], [ 137.000157284000011, 35.445125366 ], [ 137.00020413199999, 35.445136103 ], [ 137.000325387, 35.445158715 ], [ 137.000430795999989, 35.445173427 ], [ 137.00051003499999, 35.44518136 ], [ 137.000563785999987, 35.445178018 ], [ 137.000714703999989, 35.445164029 ], [ 137.000810483, 35.445164088 ], [ 137.000844237, 35.445168055 ], [ 137.000889717, 35.445169209 ], [ 137.000925553, 35.44516247 ], [ 137.00097173899999, 35.445146723 ], [ 137.001334198, 35.445131743 ], [ 137.001587779, 35.445123454 ], [ 137.001722836, 35.445119033 ], [ 137.001827584000011, 35.445112334 ], [ 137.001930949000013, 35.445097755 ], [ 137.002032256, 35.445082606 ], [ 137.0020998, 35.445061803 ], [ 137.00218595199999, 35.44503989 ], [ 137.002243850000013, 35.445023022 ], [ 137.002426445, 35.445026516 ], [ 137.002544964, 35.445024334 ], [ 137.002631092, 35.445035655 ], [ 137.002697923999989, 35.445040199 ], [ 137.002775098, 35.44504025 ], [ 137.002875706, 35.445032427 ], [ 137.003001817000012, 35.445017851 ], [ 137.00319887500001, 35.445021354 ], [ 137.00338304499999, 35.444790491 ] ] ] } },
{ "type": "Feature", "properties": { "A29_001": "21211", "A29_002": "岐阜県", "A29_003": "美濃加茂市", "A29_004": 9, "A29_005": "商業地域", "A29_006": 80, "A29_007": 500, "A29_008": null }, "geometry": { "type": "Polygon", "coordinates": [ [ [ 137.020224324, 35.4451387 ], [ 137.020222147, 35.44511783 ], [ 137.020188848, 35.444923058 ], [ 137.020148793, 35.444730154 ], [ 137.02011647399999, 35.444608749 ], [ 137.02004616799999, 35.444351285 ], [ 137.019333476000014, 35.444491876 ], [ 137.019282882, 35.444558662 ], [ 137.019368953999987, 35.444813387 ], [ 137.019328073, 35.444821198 ], [ 137.019287717, 35.44487325 ], [ 137.019316968999988, 35.44497848 ], [ 137.018685221999988, 35.445059302 ], [ 137.018688172, 35.445090756 ], [ 137.018612501, 35.445064126 ], [ 137.018568189, 35.445068569 ], [ 137.018627729, 35.445314059 ], [ 137.01938861299999, 35.445238587 ], [ 137.019396265000012, 35.445325104 ], [ 137.02014637, 35.445259168 ], [ 137.020147114, 35.445182487 ], [ 137.020229459, 35.445173744 ], [ 137.020224324, 35.4451387 ] ] ] } },
{ "type": "Feature", "properties": { "A29_001": "21211", "A29_002": "岐阜県", "A29_003": "美濃加茂市", "A29_004": 9, "A29_005": "商業地域", "A29_006": 80, "A29_007": 400, "A29_008": null }, "geometry": { "type": "Polygon", "coordinates": [ [ [ 137.018568189, 35.445068569 ], [ 137.018612501, 35.445064126 ], [ 137.018688172, 35.445090756 ], [ 137.018685221999988, 35.445059302 ], [ 137.019316968999988, 35.44497848 ], [ 137.019287717, 35.44487325 ], [ 137.019328073, 35.444821198 ], [ 137.019368953999987, 35.444813387 ], [ 137.019282882, 35.444558662 ], [ 137.019333476000014, 35.444491876 ], [ 137.02004616799999, 35.444351285 ], [ 137.02011647399999, 35.444608749 ], [ 137.020148793, 35.444730154 ], [ 137.020188848, 35.444923058 ], [ 137.020222147, 35.44511783 ], [ 137.020224324, 35.4451387 ], [ 137.02078432, 35.445074008 ], [ 137.02085541, 35.445039011 ], [ 137.021091541, 35.445097148 ], [ 137.02119916800001, 35.445111953 ], [ 137.021325256000011, 35.44510849 ], [ 137.021717776, 35.44508512 ], [ 137.02216921199999, 35.445071022 ], [ 137.0222463, 35.445069735 ], [ 137.022326561999989, 35.445067271 ], [ 137.02229533900001, 35.444953305 ], [ 137.02227337, 35.444721121 ], [ 137.022257281, 35.444570675 ], [ 137.022733561, 35.444317498 ], [ 137.02326266099999, 35.444030056 ], [ 137.02382315, 35.443718176 ], [ 137.023675219000012, 35.443461037 ], [ 137.023513801, 35.44305113 ], [ 137.02340716399999, 35.44277154 ], [ 137.02395966, 35.442657977 ], [ 137.024411724, 35.442453675 ], [ 137.024209633999988, 35.441920976 ], [ 137.023958295999989, 35.441258505 ], [ 137.023732816, 35.440358247 ], [ 137.023728463, 35.440340827 ], [ 137.02389231, 35.440114731 ], [ 137.023314070999987, 35.439810281 ], [ 137.022965862, 35.43977455 ], [ 137.022361448, 35.439753448 ], [ 137.02149420500001, 35.439749191 ], [ 137.020984098000014, 35.439741086 ], [ 137.019866244000013, 35.439734314 ], [ 137.01944554799999, 35.439729133 ], [ 137.01943356000001, 35.439356657 ], [ 137.019438014, 35.439293969 ], [ 137.019444305, 35.439147868 ], [ 137.019424961999988, 35.439142111 ], [ 137.01932968, 35.439121263 ], [ 137.01925304400001, 35.439107765 ], [ 137.019164585, 35.439096137 ], [ 137.01903626699999, 35.43908876 ], [ 137.01883865100001, 35.439078891 ], [ 137.018751264, 35.439071492 ], [ 137.018637129000012, 35.439060481 ], [ 137.01850259599999, 35.439043225 ], [ 137.018205224000013, 35.439001621 ], [ 137.018131122, 35.438987711 ], [ 137.018104150999989, 35.438985776 ], [ 137.01794255199999, 35.438963997 ], [ 137.017734494, 35.438930308 ], [ 137.017550390999986, 35.438879556 ], [ 137.017353662, 35.438819063 ], [ 137.01721119199999, 35.438769706 ], [ 137.017061278, 35.438719907 ], [ 137.016678184, 35.438611867 ], [ 137.016672029, 35.438610805 ], [ 137.016659791, 35.438610961 ], [ 137.01658435600001, 35.438609434 ], [ 137.016329154, 35.438601283 ], [ 137.01620669799999, 35.438593937 ], [ 137.01601134399999, 35.438540907 ], [ 137.015969883, 35.438506845 ], [ 137.015957437999987, 35.438505956 ], [ 137.01576782699999, 35.438483585 ], [ 137.015407777, 35.438485203 ], [ 137.015096019, 35.438493303 ], [ 137.01475848199999, 35.43849671 ], [ 137.014758879, 35.43850339 ], [ 137.014771367, 35.438798058 ], [ 137.01479038799999, 35.439044869 ], [ 137.01472404399999, 35.439697458 ], [ 137.014713978, 35.439966119 ], [ 137.014697017, 35.440029701 ], [ 137.014727560000011, 35.440200511 ], [ 137.015363275, 35.440206032 ], [ 137.016022404000012, 35.440213347 ], [ 137.016819285999986, 35.440219548 ], [ 137.017069999, 35.440221743 ], [ 137.01707959399999, 35.440333881 ], [ 137.017029489, 35.440517877 ], [ 137.01701323099999, 35.440792146 ], [ 137.017036182, 35.441180933 ], [ 137.017046294000011, 35.441531927 ], [ 137.01685952299999, 35.441545216 ], [ 137.016394779, 35.441540889 ], [ 137.016351108, 35.441604411 ], [ 137.016306816, 35.441640538 ], [ 137.016249136999988, 35.441666769 ], [ 137.016167362, 35.441678728 ], [ 137.01534236, 35.441729221 ], [ 137.015269259, 35.441762022 ], [ 137.014900016000013, 35.44176813 ], [ 137.01502154100001, 35.44218631 ], [ 137.015212746, 35.442541452 ], [ 137.015384315, 35.442848632 ], [ 137.01556536699999, 35.443180071 ], [ 137.015748308000013, 35.443409077 ], [ 137.016137133, 35.443432431 ], [ 137.016412191, 35.443818413 ], [ 137.016539591999987, 35.443991128 ], [ 137.01688375, 35.444479649 ], [ 137.017417079000012, 35.445213117 ], [ 137.017473282, 35.445259554 ], [ 137.01745298099999, 35.445414382 ], [ 137.017518559, 35.445568053 ], [ 137.017550037, 35.445641818 ], [ 137.017641814, 35.445620235 ], [ 137.017823311, 35.44556843 ], [ 137.017959115, 35.445529665 ], [ 137.018252861, 35.4454532 ], [ 137.01841145, 35.445429381 ], [ 137.018581887000011, 35.445347959 ], [ 137.018627729, 35.445314059 ], [ 137.018568189, 35.445068569 ] ] ] } },
{ "type": "Feature", "properties": { "A29_001": "21211", "A29_002": "岐阜県", "A29_003": "美濃加茂市", "A29_004": 9, "A29_005": "商業地域", "A29_006": 80, "A29_007": 400, "A29_008": null }, "geometry": { "type": "Polygon", "coordinates": [ [ [ 137.021112152, 35.445347169 ], [ 137.022301887999987, 35.445271103 ], [ 137.022321943, 35.445149708 ], [ 137.02232812599999, 35.44510478 ], [ 137.022326561999989, 35.445067271 ], [ 137.0222463, 35.445069735 ], [ 137.02216921199999, 35.445071022 ], [ 137.021717776, 35.44508512 ], [ 137.021325256000011, 35.44510849 ], [ 137.02119916800001, 35.445111953 ], [ 137.021091541, 35.445097148 ], [ 137.02085541, 35.445039011 ], [ 137.02078432, 35.445074008 ], [ 137.020224324, 35.4451387 ], [ 137.020229459, 35.445173744 ], [ 137.020147114, 35.445182487 ], [ 137.02014637, 35.445259168 ], [ 137.019396265000012, 35.445325104 ], [ 137.01938861299999, 35.445238587 ], [ 137.018627729, 35.445314059 ], [ 137.018581887000011, 35.445347959 ], [ 137.01841145, 35.445429381 ], [ 137.018252861, 35.4454532 ], [ 137.017959115, 35.445529665 ], [ 137.017823311, 35.44556843 ], [ 137.017641814, 35.445620235 ], [ 137.017700585999989, 35.445695413 ], [ 137.018865161, 35.445569709 ], [ 137.01888035499999, 35.445568069 ], [ 137.020448227, 35.445410258 ], [ 137.021112152, 35.445347169 ] ] ] } },
{ "type": "Feature", "properties": { "A29_001": "21211", "A29_002": "岐阜県", "A29_003": "美濃加茂市", "A29_004": 6, "A29_005": "第二種住居地域", "A29_006": 60, "A29_007": 200, "A29_008": null }, "geometry": { "type": "Polygon", "coordinates": [ [ [ 137.02164699799999, 35.447206214 ], [ 137.02307858, 35.447047241 ], [ 137.024262064999988, 35.4469993 ], [ 137.02413041299999, 35.446320476 ], [ 137.023818995, 35.446312959 ], [ 137.023251614, 35.446357871 ], [ 137.022706303, 35.446399507 ], [ 137.022505658, 35.446113332 ], [ 137.022435718999986, 35.446027678 ], [ 137.022389729999986, 35.445662996 ], [ 137.022369774999987, 35.445573949 ], [ 137.022301887999987, 35.445271103 ], [ 137.021112152, 35.445347169 ], [ 137.020448227, 35.445410258 ], [ 137.01888035499999, 35.445568069 ], [ 137.018865161, 35.445569709 ], [ 137.017700585999989, 35.445695413 ], [ 137.017641814, 35.445620235 ], [ 137.017550037, 35.445641818 ], [ 137.017380256, 35.445683335 ], [ 137.01646785, 35.445805047 ], [ 137.015256677999986, 35.445986303 ], [ 137.014571815000011, 35.446083831 ], [ 137.014652476, 35.446279997 ], [ 137.014716533000012, 35.446443484 ], [ 137.014780750999989, 35.446538709 ], [ 137.014828400999988, 35.446599244 ], [ 137.014987252999987, 35.446736034 ], [ 137.015157776, 35.446847012 ], [ 137.015333311, 35.446946441 ], [ 137.015481886, 35.447025455 ], [ 137.015603077, 35.447079971 ], [ 137.015750027, 35.447138602 ], [ 137.015840526, 35.447170652 ], [ 137.015996244, 35.447206181 ], [ 137.016179779, 35.44724582 ], [ 137.016282378999989, 35.447252068 ], [ 137.016375866, 35.44724199 ], [ 137.016573247999986, 35.447210298 ], [ 137.016792207, 35.447192218 ], [ 137.017062697, 35.447162654 ], [ 137.017263331, 35.447165624 ], [ 137.017332282000012, 35.447169108 ], [ 137.01747639199999, 35.447191713 ], [ 137.017677362, 35.447244964 ], [ 137.017788634999988, 35.447272964 ], [ 137.01790112, 35.447324744 ], [ 137.018031423999986, 35.447396936 ], [ 137.01816209099999, 35.447499712 ], [ 137.018280291, 35.447607224 ], [ 137.01839844700001, 35.447738515 ], [ 137.018470963, 35.447835099 ], [ 137.01854467199999, 35.447965668 ], [ 137.018617498, 35.448122052 ], [ 137.018681089000012, 35.44833415 ], [ 137.01871169399999, 35.448404858 ], [ 137.018781639999986, 35.448545608 ], [ 137.018852444, 35.448675488 ], [ 137.01888850899999, 35.44871834 ], [ 137.01917828099999, 35.448899534 ], [ 137.01919788699999, 35.448913251 ], [ 137.019383960999988, 35.448886291 ], [ 137.019358782000012, 35.448715228 ], [ 137.019089766, 35.447410484 ], [ 137.019706644, 35.447392848 ], [ 137.020433932, 35.447351455 ], [ 137.02164699799999, 35.447206214 ] ] ] } },
{ "type": "Feature", "properties": { "A29_001": "21211", "A29_002": "岐阜県", "A29_003": "美濃加茂市", "A29_004": 5, "A29_005": "第一種住居地域", "A29_006": 60, "A29_007": 200, "A29_008": null }, "geometry": { "type": "Polygon", "coordinates": [ [ [ 137.023251614, 35.446357871 ], [ 137.023818995, 35.446312959 ], [ 137.02413041299999, 35.446320476 ], [ 137.02404028, 35.445841804 ], [ 137.024001386, 35.445665875 ], [ 137.023972861, 35.445575854 ], [ 137.02388914799999, 35.445311616 ], [ 137.023846619000011, 35.445167224 ], [ 137.023733109, 35.444909855 ], [ 137.02369389, 35.444787443 ], [ 137.023563067, 35.444547469 ], [ 137.023419238, 35.444293913 ], [ 137.02334627499999, 35.444167981 ], [ 137.02326266099999, 35.444030056 ], [ 137.022733561, 35.444317498 ], [ 137.022257281, 35.444570675 ], [ 137.02227337, 35.444721121 ], [ 137.02229533900001, 35.444953305 ], [ 137.022326561999989, 35.445067271 ], [ 137.02232812599999, 35.44510478 ], [ 137.022321943, 35.445149708 ], [ 137.022301887999987, 35.445271103 ], [ 137.022369774999987, 35.445573949 ], [ 137.022389729999986, 35.445662996 ], [ 137.022435718999986, 35.446027678 ], [ 137.022505658, 35.446113332 ], [ 137.022706303, 35.446399507 ], [ 137.023251614, 35.446357871 ] ] ] } },
{ "type": "Feature", "properties": { "A29_001": "21211", "A29_002": "岐阜県", "A29_003": "美濃加茂市", "A29_004": 8, "A29_005": "近隣商業地域", "A29_006": 80, "A29_007": 200, "A29_008": null }, "geometry": { "type": "Polygon", "coordinates": [ [ [ 137.022172401, 35.44993073 ], [ 137.022994888, 35.449883442 ], [ 137.023633495000013, 35.449835515 ], [ 137.02427017, 35.449765039 ], [ 137.024640925999989, 35.449714492 ], [ 137.024891066, 35.449683246 ], [ 137.025075085999987, 35.449653454 ], [ 137.02520671799999, 35.449633633 ], [ 137.025630865000011, 35.449514531 ], [ 137.026107809, 35.449435051 ], [ 137.026751552, 35.449325151 ], [ 137.027442838000013, 35.449209209 ], [ 137.028026627, 35.449107536 ], [ 137.02867448399999, 35.448998198 ], [ 137.029147963000014, 35.448918685 ], [ 137.029627584, 35.448847631 ], [ 137.029843303, 35.448811748 ], [ 137.030192163, 35.44872796 ], [ 137.030350422, 35.448692533 ], [ 137.030606396, 35.448641208 ], [ 137.03100464, 35.448537525 ], [ 137.031258701000013, 35.4484569 ], [ 137.031490655, 35.44841511 ], [ 137.032386265000014, 35.448010432 ], [ 137.031492246, 35.447463723 ], [ 137.031013519999988, 35.447191087 ], [ 137.03080572799999, 35.447258387 ], [ 137.030626246, 35.447312846 ], [ 137.03006236499999, 35.447468793 ], [ 137.029706323999989, 35.447547866 ], [ 137.029329652, 35.447619524 ], [ 137.028777803, 35.447712975 ], [ 137.028330821, 35.447787713 ], [ 137.027621887, 35.447873181 ], [ 137.026591298999989, 35.448043473 ], [ 137.02573658899999, 35.448185775 ], [ 137.025565075, 35.447244236 ], [ 137.02537566699999, 35.446187711 ], [ 137.025421391, 35.446031289 ], [ 137.025342497999986, 35.445577465 ], [ 137.025316127, 35.4454258 ], [ 137.025239134, 35.445165212 ], [ 137.0251384, 35.444843112 ], [ 137.025012688, 35.444550197 ], [ 137.024881377000014, 35.444272472 ], [ 137.024740911, 35.444027386 ], [ 137.024575249, 35.443710131 ], [ 137.02452259899999, 35.443608156 ], [ 137.024350155, 35.443464764 ], [ 137.024177815, 35.4431507 ], [ 137.02434075299999, 35.443092797 ], [ 137.024985714, 35.442725944 ], [ 137.02587183899999, 35.442228268 ], [ 137.026643842, 35.441798834 ], [ 137.029512547, 35.443203445 ], [ 137.02934339699999, 35.442419651 ], [ 137.02730660899999, 35.441429222 ], [ 137.02841109799999, 35.44078256 ], [ 137.028853145999989, 35.440813695 ], [ 137.02958988200001, 35.440865761 ], [ 137.030235041, 35.440911815 ], [ 137.030797623000012, 35.440944566 ], [ 137.03098656899999, 35.440906478 ], [ 137.03119142700001, 35.440857743 ], [ 137.03134121299999, 35.440801456 ], [ 137.031503568, 35.44069136 ], [ 137.031749537, 35.440626382 ], [ 137.03165693599999, 35.440230254 ], [ 137.031657376, 35.440065775 ], [ 137.031661414000013, 35.439844412 ], [ 137.031678167, 35.439758815 ], [ 137.031724266999987, 35.439551868 ], [ 137.03171591899999, 35.43955102 ], [ 137.031505509, 35.439529863 ], [ 137.03135981, 35.439515142 ], [ 137.03128976799999, 35.439469011 ], [ 137.03111217, 35.439467973 ], [ 137.031053926999988, 35.439407622 ], [ 137.030980863, 35.43933805 ], [ 137.030889057, 35.439147038 ], [ 137.030828912, 35.438999608 ], [ 137.030804461, 35.438933435 ], [ 137.030773341000014, 35.43886977 ], [ 137.03075396, 35.438834575 ], [ 137.030724819999989, 35.438779214 ], [ 137.03069537799999, 35.438714144 ], [ 137.030493412, 35.438912371 ], [ 137.029493057, 35.438680433 ], [ 137.02935026899999, 35.438827362 ], [ 137.029328967999987, 35.438884749 ], [ 137.029319313, 35.438973229 ], [ 137.029323433, 35.439134685 ], [ 137.029348481, 35.439445644 ], [ 137.029378095, 35.439824639 ], [ 137.02817334299999, 35.439728074 ], [ 137.02701616600001, 35.439619609 ], [ 137.025812148999989, 35.43951545 ], [ 137.024584702, 35.43941456 ], [ 137.023059237000012, 35.439282556 ], [ 137.02309706299999, 35.439405526 ], [ 137.022965862, 35.43977455 ], [ 137.023314070999987, 35.439810281 ], [ 137.02389231, 35.440114731 ], [ 137.023728463, 35.440340827 ], [ 137.023732816, 35.440358247 ], [ 137.024351379, 35.440416352 ], [ 137.025400545, 35.44051088 ], [ 137.025979497, 35.440565126 ], [ 137.026554312, 35.440623296 ], [ 137.026181818, 35.440830186 ], [ 137.02546030799999, 35.441231661 ], [ 137.024545208, 35.441743298 ], [ 137.024209633999988, 35.441920976 ], [ 137.024411724, 35.442453675 ], [ 137.02395966, 35.442657977 ], [ 137.02340716399999, 35.44277154 ], [ 137.023513801, 35.44305113 ], [ 137.023675219000012, 35.443461037 ], [ 137.02382315, 35.443718176 ], [ 137.02326266099999, 35.444030056 ], [ 137.02334627499999, 35.444167981 ], [ 137.023419238, 35.444293913 ], [ 137.023563067, 35.444547469 ], [ 137.02369389, 35.444787443 ], [ 137.023733109, 35.444909855 ], [ 137.023846619000011, 35.445167224 ], [ 137.02388914799999, 35.445311616 ], [ 137.023972861, 35.445575854 ], [ 137.024001386, 35.445665875 ], [ 137.02404028, 35.445841804 ], [ 137.02413041299999, 35.446320476 ], [ 137.024262064999988, 35.4469993 ], [ 137.024382814, 35.447658938 ], [ 137.024532525000012, 35.448431925 ], [ 137.024005504, 35.448513629 ], [ 137.023568184999988, 35.448575994 ], [ 137.023167564, 35.448611466 ], [ 137.022826213, 35.448643817 ], [ 137.022400787, 35.448676932 ], [ 137.021977512, 35.448695968 ], [ 137.021100213000011, 35.44871734 ], [ 137.019383960999988, 35.448886291 ], [ 137.01919788699999, 35.448913251 ], [ 137.019314076, 35.448953226 ], [ 137.01939976700001, 35.448978011 ], [ 137.019472242, 35.449007854 ], [ 137.019563819000012, 35.449061302 ], [ 137.01964995099999, 35.449135025 ], [ 137.019803892, 35.449289938 ], [ 137.019888767999987, 35.449400527 ], [ 137.01996028100001, 35.449492963 ], [ 137.019973115999989, 35.449510502 ], [ 137.02000759500001, 35.449596024 ], [ 137.020055592, 35.449686683 ], [ 137.020213875, 35.449945894 ], [ 137.02065891699999, 35.449912522 ], [ 137.020794779, 35.44999749 ], [ 137.021490483, 35.449962723 ], [ 137.022172401, 35.44993073 ] ] ] } },
{ "type": "Feature", "properties": { "A29_001": "21211", "A29_002": "岐阜県", "A29_003": "美濃加茂市", "A29_004": 6, "A29_005": "第二種住居地域", "A29_006": 60, "A29_007": 200, "A29_008": null }, "geometry": { "type": "Polygon", "coordinates": [ [ [ 137.032870011999989, 35.447697451 ], [ 137.03303357499999, 35.447583361 ], [ 137.03309267, 35.447639791 ], [ 137.03393758499999, 35.44698376 ], [ 137.034023278, 35.446875172 ], [ 137.034479589, 35.4465248 ], [ 137.03569814, 35.445589143 ], [ 137.03624019899999, 35.44517291 ], [ 137.035611272000011, 35.443937987 ], [ 137.034569524, 35.444742782 ], [ 137.034482395999987, 35.444807921 ], [ 137.034174756999988, 35.445037902 ], [ 137.033830367, 35.44529593 ], [ 137.03345068199999, 35.445586684 ], [ 137.033437635000013, 35.445596675 ], [ 137.03307250099999, 35.445879449 ], [ 137.032405759, 35.446374654 ], [ 137.031882603000014, 35.44674728 ], [ 137.031493041, 35.446987754 ], [ 137.031418401, 35.447000101 ], [ 137.031222823, 35.447102381 ], [ 137.031013519999988, 35.447191087 ], [ 137.031492246, 35.447463723 ], [ 137.032386265000014, 35.448010432 ], [ 137.032870011999989, 35.447697451 ] ] ] } },
{ "type": "Feature", "properties": { "A29_001": "21211", "A29_002": "岐阜県", "A29_003": "美濃加茂市", "A29_004": 8, "A29_005": "近隣商業地域", "A29_006": 80, "A29_007": 200, "A29_008": null }, "geometry": { "type": "Polygon", "coordinates": [ [ [ 137.053160767, 35.460416328 ], [ 137.05312699699999, 35.460314907 ], [ 137.053187716999986, 35.460320634 ], [ 137.053247148, 35.460334589 ], [ 137.053380112000013, 35.460401887 ], [ 137.053483889, 35.460430739 ], [ 137.053429916, 35.460342864 ], [ 137.053382443, 35.460240078 ], [ 137.053305482000013, 35.460117414 ], [ 137.053232584999989, 35.460003219 ], [ 137.053166585000014, 35.459890193 ], [ 137.05311570399999, 35.45978231 ], [ 137.053101321000014, 35.459769848 ], [ 137.053062344000011, 35.459729077 ], [ 137.053040544, 35.459695155 ], [ 137.053041455, 35.459666428 ], [ 137.053065229, 35.459620344 ], [ 137.05306825400001, 35.459584858 ], [ 137.05301160799999, 35.459510754 ], [ 137.05298550099999, 35.459499354 ], [ 137.052934677, 35.459476555 ], [ 137.05288808099999, 35.459440256 ], [ 137.052840257000014, 35.459383666 ], [ 137.052815879, 35.459326638 ], [ 137.05280527, 35.459271363 ], [ 137.052796924, 35.459189616 ], [ 137.05280808399999, 35.459127574 ], [ 137.052817067, 35.459077581 ], [ 137.052826728000014, 35.458984656 ], [ 137.052819744, 35.458906299 ], [ 137.052786747999988, 35.45880358 ], [ 137.05274358299999, 35.458678271 ], [ 137.05270798399999, 35.45855525 ], [ 137.05265805799999, 35.45841187 ], [ 137.05265235499999, 35.458346486 ], [ 137.0526585, 35.458261994 ], [ 137.05253350000001, 35.45811373 ], [ 137.052327206, 35.457870381 ], [ 137.05218103199999, 35.457698345 ], [ 137.051995952, 35.457475955 ], [ 137.05181765, 35.457267687 ], [ 137.051628467, 35.457041903 ], [ 137.051606195, 35.457015263 ], [ 137.051465242, 35.456846665 ], [ 137.051242577000011, 35.45658464 ], [ 137.051061589, 35.456369599 ], [ 137.050940708000013, 35.456225853 ], [ 137.050844463, 35.456104215 ], [ 137.050722245, 35.455955393 ], [ 137.050676548000013, 35.455893738 ], [ 137.050585332, 35.455745081 ], [ 137.05052268899999, 35.455646146 ], [ 137.05046359100001, 35.455534278 ], [ 137.050419677, 35.455419659 ], [ 137.050360809000011, 35.455277928 ], [ 137.05030765399999, 35.45510917 ], [ 137.050259377, 35.454934242 ], [ 137.050209082, 35.454753669 ], [ 137.05016476, 35.454601865 ], [ 137.05011060699999, 35.454384079 ], [ 137.050025984, 35.454096827 ], [ 137.049934858, 35.453759397 ], [ 137.049844358, 35.453430414 ], [ 137.049746376, 35.453088434 ], [ 137.049655702, 35.452782562 ], [ 137.049555731, 35.452430431 ], [ 137.049484592999988, 35.45218325 ], [ 137.049416236000013, 35.451933269 ], [ 137.049358676999987, 35.45171209 ], [ 137.049295543999989, 35.451498765 ], [ 137.04920578299999, 35.451165274 ], [ 137.049154769000012, 35.450989766 ], [ 137.049121789999987, 35.450888732 ], [ 137.049033232, 35.450577786 ], [ 137.048971598, 35.450349815 ], [ 137.048893834000012, 35.450071052 ], [ 137.048819646, 35.449863304 ], [ 137.048755519999986, 35.4496911 ], [ 137.048692620999987, 35.44953807 ], [ 137.048582145000012, 35.449301956 ], [ 137.048466803, 35.449072021 ], [ 137.048364236, 35.448882156 ], [ 137.04832153800001, 35.448791775 ], [ 137.048308781, 35.44874708 ], [ 137.04821127400001, 35.448593268 ], [ 137.048012812, 35.448278023 ], [ 137.047842478, 35.448028166 ], [ 137.04757456499999, 35.447653097 ], [ 137.047384246, 35.4474066 ], [ 137.047232364, 35.447233407 ], [ 137.047050947, 35.447017349 ], [ 137.046824824, 35.446767417 ], [ 137.046534141, 35.446428939 ], [ 137.046255789000014, 35.446124852 ], [ 137.046096345, 35.445951091 ], [ 137.04587433899999, 35.445715259 ], [ 137.045769457, 35.445599648 ], [ 137.045557527999989, 35.445366043 ], [ 137.045199915000012, 35.445599076 ], [ 137.04515224799999, 35.445630136 ], [ 137.045080543000012, 35.445721403 ], [ 137.045033812000014, 35.445782192 ], [ 137.04495583799999, 35.445845176 ], [ 137.044779932000012, 35.445961541 ], [ 137.044446687, 35.445934964 ], [ 137.044747609000012, 35.446256151 ], [ 137.044981267999987, 35.446514532 ], [ 137.045259603, 35.446819749 ], [ 137.045538639, 35.447121585 ], [ 137.04579635799999, 35.447411565 ], [ 137.046037571999989, 35.447689682 ], [ 137.04623825199999, 35.447914784 ], [ 137.046538564, 35.448270751 ], [ 137.046640873, 35.448430347 ], [ 137.046793396999988, 35.448632278 ], [ 137.046866187, 35.448745657 ], [ 137.046907925999989, 35.448782756 ], [ 137.046982915, 35.448884581 ], [ 137.047040796, 35.44897166 ], [ 137.047112758999987, 35.449108402 ], [ 137.047201707, 35.449276224 ], [ 137.047275058999986, 35.449412409 ], [ 137.047327747999987, 35.449546788 ], [ 137.047383016, 35.449673211 ], [ 137.047411692999987, 35.449738817 ], [ 137.047483453000012, 35.449902601 ], [ 137.047513527, 35.450021661 ], [ 137.047586338, 35.450227145 ], [ 137.047695328, 35.45056638 ], [ 137.04774634, 35.450740762 ], [ 137.047783231000011, 35.450869997 ], [ 137.047828149999987, 35.451030257 ], [ 137.04788095, 35.451240715 ], [ 137.047947434, 35.45146477 ], [ 137.04804207399999, 35.451788144 ], [ 137.04815146199999, 35.452166814 ], [ 137.048267380999988, 35.452591724 ], [ 137.048381462, 35.45298676 ], [ 137.048509051, 35.453419055 ], [ 137.048554614000011, 35.453585517 ], [ 137.048613044, 35.453783045 ], [ 137.04867541499999, 35.454004815 ], [ 137.048729838000014, 35.45418542 ], [ 137.048771458, 35.454329325 ], [ 137.04882652399999, 35.454514996 ], [ 137.048881532, 35.454710249 ], [ 137.048927533000011, 35.454910523 ], [ 137.048999802999987, 35.45519039 ], [ 137.049055973, 35.455412686 ], [ 137.04910916899999, 35.455574684 ], [ 137.04914548799999, 35.455690947 ], [ 137.04919839499999, 35.455801664 ], [ 137.049285876999988, 35.455985816 ], [ 137.049368071, 35.456139504 ], [ 137.04944834, 35.45627628 ], [ 137.04951178499999, 35.45636056 ], [ 137.049617574, 35.456494647 ], [ 137.049773284999986, 35.456679144 ], [ 137.049909135, 35.45684719 ], [ 137.05000874800001, 35.456978431 ], [ 137.050172586, 35.457182118 ], [ 137.050302956, 35.457346759 ], [ 137.05044026499999, 35.457505241 ], [ 137.050576971999988, 35.457653563 ], [ 137.05068287099999, 35.457774688 ], [ 137.050800414, 35.457904332 ], [ 137.05092196199999, 35.458053145 ], [ 137.051042286000012, 35.458180538 ], [ 137.051129073999988, 35.458276774 ], [ 137.051057065, 35.458230761 ], [ 137.050953526, 35.458160929 ], [ 137.05080073100001, 35.458044636 ], [ 137.050634933, 35.457914756 ], [ 137.050483501, 35.457800727 ], [ 137.05040619799999, 35.457905143 ], [ 137.050344375, 35.457878339 ], [ 137.050212549, 35.457813437 ], [ 137.050031948, 35.45772799 ], [ 137.049808117, 35.457618658 ], [ 137.049529963, 35.457493274 ], [ 137.04930746799999, 35.457390144 ], [ 137.049073278, 35.457284704 ], [ 137.048798629, 35.457152011 ], [ 137.048516412999987, 35.457018706 ], [ 137.048200540000011, 35.456871711 ], [ 137.048059504, 35.456801312 ], [ 137.048034444, 35.456783526 ], [ 137.04788983200001, 35.456681353 ], [ 137.047749298000014, 35.456584837 ], [ 137.047624547999987, 35.456498548 ], [ 137.047475848, 35.456389025 ], [ 137.047281876, 35.456252793 ], [ 137.047126372, 35.456134222 ], [ 137.04698395599999, 35.456015726 ], [ 137.046825304, 35.455857688 ], [ 137.046646178, 35.455674759 ], [ 137.046466205, 35.455513238 ], [ 137.04628277099999, 35.455352821 ], [ 137.046194398000011, 35.455461686 ], [ 137.046076808, 35.455607028 ], [ 137.045965217, 35.455688728 ], [ 137.04581341299999, 35.455801775 ], [ 137.045877687, 35.455866911 ], [ 137.04599679099999, 35.45596952 ], [ 137.046134367, 35.456089689 ], [ 137.046245086999988, 35.456207469 ], [ 137.046367478, 35.456330371 ], [ 137.04651593299999, 35.456469759 ], [ 137.04663922200001, 35.456567882 ], [ 137.046780997000013, 35.456680744 ], [ 137.046963301, 35.456810159 ], [ 137.047185438000014, 35.456958372 ], [ 137.047448597, 35.457147927 ], [ 137.047648705, 35.457293206 ], [ 137.047745509, 35.457340472 ], [ 137.048000295, 35.457456724 ], [ 137.048322344000013, 35.457608828 ], [ 137.048673896, 35.457776851 ], [ 137.048996654, 35.457927827 ], [ 137.049292629, 35.458065138 ], [ 137.04964354, 35.458229777 ], [ 137.049985536, 35.458389855 ], [ 137.05027185899999, 35.458529363 ], [ 137.050470975, 35.458627862 ], [ 137.050718037, 35.458765482 ], [ 137.050986395, 35.458912227 ], [ 137.051221051999988, 35.459050907 ], [ 137.051351444, 35.459126191 ], [ 137.051576508000011, 35.459256127 ], [ 137.051938221, 35.459455177 ], [ 137.052015356999988, 35.459553612 ], [ 137.052199922, 35.459754584 ], [ 137.052462413, 35.460041596 ], [ 137.052742695, 35.460347284 ], [ 137.0527775, 35.460394235 ], [ 137.05288004799999, 35.460505195 ], [ 137.052975645, 35.460624 ], [ 137.05306571599999, 35.4606532 ], [ 137.053215653, 35.460708444 ], [ 137.053213019999987, 35.460668906 ], [ 137.053200272999987, 35.460590463 ], [ 137.053185178, 35.460512964 ], [ 137.053160767, 35.460416328 ] ] ] } },
{ "type": "Feature", "properties": { "A29_001": "21211", "A29_002": "岐阜県", "A29_003": "美濃加茂市", "A29_004": 5, "A29_005": "第一種住居地域", "A29_006": 60, "A29_007": 200, "A29_008": null }, "geometry": { "type": "Polygon", "coordinates": [ [ [ 137.052066859, 35.449752105 ], [ 137.052080213000011, 35.449625957 ], [ 137.052094598999986, 35.449455298 ], [ 137.052112394, 35.449289159 ], [ 137.05211576, 35.449207477 ], [ 137.052106662999989, 35.449135861 ], [ 137.052089407000011, 35.449030163 ], [ 137.052064812999987, 35.448894929 ], [ 137.05204550900001, 35.448750686 ], [ 137.051960556000012, 35.448493434 ], [ 137.05189972, 35.448241478 ], [ 137.051774435999988, 35.447823774 ], [ 137.051686628999988, 35.447622487 ], [ 137.051511621, 35.447275712 ], [ 137.051429173, 35.447156701 ], [ 137.051470572999989, 35.447122956 ], [ 137.051412946999989, 35.446994406 ], [ 137.051331306, 35.446819049 ], [ 137.051231187000013, 35.446578882 ], [ 137.051109763, 35.446316132 ], [ 137.051033491999988, 35.446215733 ], [ 137.050962714, 35.446125479 ], [ 137.050912487, 35.44609216 ], [ 137.050832699000011, 35.44603232 ], [ 137.050743262999987, 35.445971344 ], [ 137.05065520799999, 35.445908107 ], [ 137.050563046, 35.445835293 ], [ 137.05048122, 35.445760803 ], [ 137.050426226000013, 35.44570325 ], [ 137.050367082, 35.445650767 ], [ 137.050306013000011, 35.445604105 ], [ 137.05028729599999, 35.4455898 ], [ 137.05020682599999, 35.445522631 ], [ 137.050127731, 35.445464486 ], [ 137.05005, 35.445407469 ], [ 137.049975716, 35.445351014 ], [ 137.049895273, 35.445273145 ], [ 137.049847160000013, 35.445218428 ], [ 137.04976798300001, 35.445201973 ], [ 137.049746692000014, 35.445169826 ], [ 137.049726075, 35.445144441 ], [ 137.049699247, 35.445125251 ], [ 137.04966073, 35.445100398 ], [ 137.049596038, 35.445068759 ], [ 137.049515541, 35.445020753 ], [ 137.049443282999988, 35.444987971 ], [ 137.049353126999989, 35.444946707 ], [ 137.049246466999989, 35.444892465 ], [ 137.04916389600001, 35.44484671 ], [ 137.049054495, 35.44478401 ], [ 137.04901184799999, 35.444758594 ], [ 137.04890662299999, 35.444671677 ], [ 137.048843323999989, 35.444637217 ], [ 137.04876419199999, 35.444598226 ], [ 137.048673404, 35.444530487 ], [ 137.048614246999989, 35.444488144 ], [ 137.048543454, 35.444410851 ], [ 137.048504242, 35.444387133 ], [ 137.04841547800001, 35.444343625 ], [ 137.048334278, 35.444302379 ], [ 137.04826476, 35.444280307 ], [ 137.048182177, 35.444244125 ], [ 137.048061753000013, 35.444187047 ], [ 137.047972977, 35.444144665 ], [ 137.04790210199999, 35.444109071 ], [ 137.047827119, 35.444066145 ], [ 137.04776246, 35.444020416 ], [ 137.04770885100001, 35.44396681 ], [ 137.047678579, 35.443945922 ], [ 137.047590516000014, 35.443897907 ], [ 137.047528586, 35.44386965 ], [ 137.047466638, 35.443846459 ], [ 137.047379935, 35.443802953 ], [ 137.047278084, 35.443761108 ], [ 137.047196205, 35.443718742 ], [ 137.047142533999988, 35.443692178 ], [ 137.047046187, 35.443652601 ], [ 137.046971851, 35.443626585 ], [ 137.046903714, 35.443602261 ], [ 137.046836283, 35.44357005 ], [ 137.046743359, 35.443540617 ], [ 137.04663940899999, 35.443510605 ], [ 137.046569879, 35.443496987 ], [ 137.046534801, 35.443471587 ], [ 137.04648322, 35.443432072 ], [ 137.046413736, 35.443395352 ], [ 137.04633872299999, 35.443365945 ], [ 137.046222387, 35.443331972 ], [ 137.04609157499999, 35.443306999 ], [ 137.04602594, 35.443400427 ], [ 137.04595690299999, 35.443477519 ], [ 137.04585332799999, 35.443602449 ], [ 137.04576079099999, 35.443711616 ], [ 137.045680002000012, 35.443810095 ], [ 137.045581277999986, 35.443916434 ], [ 137.045486678, 35.444027852 ], [ 137.04538589399999, 35.44412687 ], [ 137.045292004, 35.444227021 ], [ 137.04513469, 35.444354682 ], [ 137.045019446999987, 35.444450295 ], [ 137.04495805900001, 35.44449415 ], [ 137.045349176, 35.444775864 ], [ 137.045644598, 35.444892505 ], [ 137.046112738, 35.445033881 ], [ 137.045557527999989, 35.445366043 ], [ 137.045769457, 35.445599648 ], [ 137.04587433899999, 35.445715259 ], [ 137.046096345, 35.445951091 ], [ 137.046255789000014, 35.446124852 ], [ 137.046534141, 35.446428939 ], [ 137.046824824, 35.446767417 ], [ 137.047050947, 35.447017349 ], [ 137.047232364, 35.447233407 ], [ 137.047384246, 35.4474066 ], [ 137.04757456499999, 35.447653097 ], [ 137.047842478, 35.448028166 ], [ 137.048012812, 35.448278023 ], [ 137.04821127400001, 35.448593268 ], [ 137.048308781, 35.44874708 ], [ 137.04832153800001, 35.448791775 ], [ 137.048364236, 35.448882156 ], [ 137.048466803, 35.449072021 ], [ 137.048582145000012, 35.449301956 ], [ 137.048692620999987, 35.44953807 ], [ 137.048755519999986, 35.4496911 ], [ 137.048819646, 35.449863304 ], [ 137.048893834000012, 35.450071052 ], [ 137.048971598, 35.450349815 ], [ 137.049033232, 35.450577786 ], [ 137.049121789999987, 35.450888732 ], [ 137.049139604, 35.450812183 ], [ 137.049188512, 35.450633248 ], [ 137.04924900200001, 35.450382806 ], [ 137.049315162, 35.450111538 ], [ 137.049366314, 35.449910638 ], [ 137.049400580999986, 35.44975416 ], [ 137.049419881, 35.449662974 ], [ 137.04949136499999, 35.449685317 ], [ 137.049574981, 35.449742665 ], [ 137.049676334999987, 35.449822078 ], [ 137.04981817399999, 35.449923677 ], [ 137.049922159, 35.450019435 ], [ 137.050014326, 35.450129234 ], [ 137.050098177, 35.450246309 ], [ 137.050167377, 35.450385841 ], [ 137.05024072, 35.450525404 ], [ 137.050322652, 35.450713472 ], [ 137.050376309, 35.450814607 ], [ 137.05043278799999, 35.450907308 ], [ 137.050506308, 35.451023768 ], [ 137.050806540999986, 35.450956001 ], [ 137.051194427000013, 35.450867268 ], [ 137.051661008, 35.450757535 ], [ 137.052144121, 35.450649573 ], [ 137.052122365, 35.450610017 ], [ 137.05211107299999, 35.4505553 ], [ 137.052106777, 35.4504854 ], [ 137.052106538, 35.450335514 ], [ 137.052102144, 35.450186733 ], [ 137.052059025, 35.45014932 ], [ 137.05206302900001, 35.450075526 ], [ 137.052064957, 35.449912689 ], [ 137.052066859, 35.449752105 ] ] ] } },
{ "type": "Feature", "properties": { "A29_001": "21211", "A29_002": "岐阜県", "A29_003": "美濃加茂市", "A29_004": 4, "A29_005": "第二種中高層住居専用地域", "A29_006": 60, "A29_007": 200, "A29_008": null }, "geometry": { "type": "Polygon", "coordinates": [ [ [ 137.038885427999986, 35.447792197 ], [ 137.03898888, 35.447790269 ], [ 137.039080694, 35.447791376 ], [ 137.039161071, 35.447794516 ], [ 137.039242288, 35.447803265 ], [ 137.039378242999987, 35.447818209 ], [ 137.039507195, 35.447831289 ], [ 137.039586576, 35.447837286 ], [ 137.039676654, 35.447836056 ], [ 137.03973694699999, 35.447826735 ], [ 137.039747225000013, 35.447824603 ], [ 137.039773832, 35.447817058 ], [ 137.039812441, 35.447805278 ], [ 137.039828981, 35.447800232 ], [ 137.039840715999986, 35.447790679 ], [ 137.039859357000012, 35.447775502 ], [ 137.040040124, 35.44677807 ], [ 137.04003602099999, 35.446766798 ], [ 137.040138762999987, 35.446134298 ], [ 137.039763455000013, 35.446083588 ], [ 137.039526378, 35.446133367 ], [ 137.037835543, 35.44601248 ], [ 137.037828026, 35.445987675 ], [ 137.037606388, 35.445591237 ], [ 137.03758861899999, 35.445578325 ], [ 137.036870685999986, 35.445365977 ], [ 137.03626963, 35.445249003 ], [ 137.03624019899999, 35.44517291 ], [ 137.03569814, 35.445589143 ], [ 137.034479589, 35.4465248 ], [ 137.034023278, 35.446875172 ], [ 137.03393758499999, 35.44698376 ], [ 137.03309267, 35.447639791 ], [ 137.03303357499999, 35.447583361 ], [ 137.032870011999989, 35.447697451 ], [ 137.034475992000012, 35.448724857 ], [ 137.034488317000012, 35.44873274 ], [ 137.034696233, 35.448832645 ], [ 137.034964230000014, 35.449000311 ], [ 137.035233608, 35.449165724 ], [ 137.03554415, 35.449354464 ], [ 137.03576012100001, 35.449481842 ], [ 137.036061710000013, 35.449669968 ], [ 137.03636951499999, 35.449857558 ], [ 137.036649909, 35.450026973 ], [ 137.036941385, 35.450190243 ], [ 137.03738233199999, 35.450441649 ], [ 137.037712207, 35.45062935 ], [ 137.037846984999987, 35.450577086 ], [ 137.03798378, 35.450530458 ], [ 137.03813427599999, 35.450492931 ], [ 137.038255134999986, 35.450458058 ], [ 137.038373062, 35.450444031 ], [ 137.038505426, 35.450434013 ], [ 137.038654963999988, 35.450430854 ], [ 137.038851752, 35.450377222 ], [ 137.03917418399999, 35.450292696 ], [ 137.039339221, 35.450247349 ], [ 137.039229613, 35.450169568 ], [ 137.039006304, 35.450010045 ], [ 137.038715878, 35.449800575 ], [ 137.038389846, 35.449565557 ], [ 137.03817683299999, 35.449411154 ], [ 137.038206158, 35.449278877 ], [ 137.038270277, 35.449018295 ], [ 137.038333878, 35.448736889 ], [ 137.038358213, 35.448646351 ], [ 137.03841455, 35.44842279 ], [ 137.038473708999987, 35.448177265 ], [ 137.038509255, 35.448004936 ], [ 137.038527428, 35.447895677 ], [ 137.038536717, 35.447817337 ], [ 137.038761216000012, 35.44779769 ], [ 137.038885427999986, 35.447792197 ] ] ] } },
{ "type": "Feature", "properties": { "A29_001": "21211", "A29_002": "岐阜県", "A29_003": "美濃加茂市", "A29_004": 3, "A29_005": "第一種中高層住居専用地域", "A29_006": 60, "A29_007": 200, "A29_008": null }, "geometry": { "type": "Polygon", "coordinates": [ [ [ 137.024262064999988, 35.4469993 ], [ 137.02307858, 35.447047241 ], [ 137.02164699799999, 35.447206214 ], [ 137.020433932, 35.447351455 ], [ 137.019706644, 35.447392848 ], [ 137.019089766, 35.447410484 ], [ 137.019358782000012, 35.448715228 ], [ 137.019383960999988, 35.448886291 ], [ 137.021100213000011, 35.44871734 ], [ 137.021977512, 35.448695968 ], [ 137.022400787, 35.448676932 ], [ 137.022826213, 35.448643817 ], [ 137.023167564, 35.448611466 ], [ 137.023568184999988, 35.448575994 ], [ 137.024005504, 35.448513629 ], [ 137.024532525000012, 35.448431925 ], [ 137.024382814, 35.447658938 ], [ 137.024262064999988, 35.4469993 ] ] ] } },
{ "type": "Feature", "properties": { "A29_001": "21211", "A29_002": "岐阜県", "A29_003": "美濃加茂市", "A29_004": 3, "A29_005": "第一種中高層住居専用地域", "A29_006": 60, "A29_007": 200, "A29_008": null }, "geometry": { "type": "Polygon", "coordinates": [ [ [ 137.02387647, 35.450500012 ], [ 137.024284749, 35.450081079 ], [ 137.024640925999989, 35.449714492 ], [ 137.02427017, 35.449765039 ], [ 137.023633495000013, 35.449835515 ], [ 137.022994888, 35.449883442 ], [ 137.022172401, 35.44993073 ], [ 137.021490483, 35.449962723 ], [ 137.020794779, 35.44999749 ], [ 137.02065891699999, 35.449912522 ], [ 137.020213875, 35.449945894 ], [ 137.02068466599999, 35.45059306 ], [ 137.02105579799999, 35.451089488 ], [ 137.021722957, 35.451116603 ], [ 137.021575578000011, 35.45075051 ], [ 137.02178791099999, 35.450709562 ], [ 137.021993294999987, 35.450679295 ], [ 137.021901058, 35.450549418 ], [ 137.023125631, 35.450519304 ], [ 137.02387647, 35.450500012 ] ] ] } },
{ "type": "Feature", "properties": { "A29_001": "21211", "A29_002": "岐阜県", "A29_003": "美濃加茂市", "A29_004": 10, "A29_005": "準工業地域", "A29_006": 60, "A29_007": 200, "A29_008": null }, "geometry": { "type": "Polygon", "coordinates": [ [ [ 137.045959702, 35.451370541 ], [ 137.046111435, 35.451174663 ], [ 137.04627847399999, 35.450960269 ], [ 137.046416942, 35.450785732 ], [ 137.046496264000012, 35.450685836 ], [ 137.046593046, 35.450556166 ], [ 137.04671346, 35.45037276 ], [ 137.046688671999988, 35.450351931 ], [ 137.04661969, 35.450291873 ], [ 137.046546709000012, 35.450225151 ], [ 137.04647211599999, 35.450159959 ], [ 137.046376353, 35.450071562 ], [ 137.046322971, 35.450025636 ], [ 137.046281369000013, 35.449970194 ], [ 137.046205848, 35.449848655 ], [ 137.04612827, 35.449725409 ], [ 137.046039201000013, 35.449573361 ], [ 137.04595908499999, 35.449423053 ], [ 137.04589184, 35.449300421 ], [ 137.045851911999989, 35.449208366 ], [ 137.045663811, 35.449122859 ], [ 137.045415377000012, 35.448999289 ], [ 137.045176512000012, 35.448886472 ], [ 137.04501251100001, 35.448803909 ], [ 137.04487961699999, 35.448882667 ], [ 137.044707015, 35.44899552 ], [ 137.044605604, 35.449038712 ], [ 137.044491434, 35.449097602 ], [ 137.04440062399999, 35.449202912 ], [ 137.044325386999986, 35.449274813 ], [ 137.04413302, 35.449380316 ], [ 137.04389572299999, 35.449505308 ], [ 137.043681596, 35.449576319 ], [ 137.043358216, 35.449695227 ], [ 137.04306718, 35.449798771 ], [ 137.042896535000011, 35.449860379 ], [ 137.042827327999987, 35.449884673 ], [ 137.04271717899999, 35.449906419 ], [ 137.042541023000013, 35.449934064 ], [ 137.04252383, 35.449982299 ], [ 137.042501292, 35.450060094 ], [ 137.042420474000011, 35.450335201 ], [ 137.04232307800001, 35.450673443 ], [ 137.042235885, 35.450995624 ], [ 137.04235506500001, 35.451084725 ], [ 137.042809412, 35.451160207 ], [ 137.042994248000014, 35.451192153 ], [ 137.043214382, 35.451230426 ], [ 137.043424681, 35.451266824 ], [ 137.043569487000013, 35.451289903 ], [ 137.043659736, 35.451381722 ], [ 137.043679755, 35.451409163 ], [ 137.04370577099999, 35.451397174 ], [ 137.043753439999989, 35.451381646 ], [ 137.043894297, 35.45134293 ], [ 137.04402409799999, 35.451309223 ], [ 137.044142163, 35.451277668 ], [ 137.044300566, 35.451379182 ], [ 137.044424776999989, 35.451450213 ], [ 137.044597986000014, 35.451544702 ], [ 137.044704837000012, 35.451593116 ], [ 137.044898464, 35.451670274 ], [ 137.04510693899999, 35.451755955 ], [ 137.045303331000014, 35.451833845 ], [ 137.045493854, 35.451909664 ], [ 137.045599391, 35.451806523 ], [ 137.045693846, 35.451710086 ], [ 137.045748193, 35.451633729 ], [ 137.045959702, 35.451370541 ] ] ] } },
{ "type": "Feature", "properties": { "A29_001": "21211", "A29_002": "岐阜県", "A29_003": "美濃加茂市", "A29_004": 1, "A29_005": "第一種低層住居専用地域", "A29_006": 50, "A29_007": 80, "A29_008": null }, "geometry": { "type": "Polygon", "coordinates": [ [ [ 137.03213724, 35.453988357 ], [ 137.03242035299999, 35.453983417 ], [ 137.032617417000012, 35.453983888 ], [ 137.032846909999989, 35.453980023 ], [ 137.032999566, 35.453980986 ], [ 137.03298144199999, 35.453795321 ], [ 137.032964600000014, 35.453574287 ], [ 137.03295483799999, 35.45345502 ], [ 137.032920496, 35.453337385 ], [ 137.03288089099999, 35.453211496 ], [ 137.032850771999989, 35.45303202 ], [ 137.032839916, 35.453001639 ], [ 137.03282022499999, 35.452884318 ], [ 137.032785816, 35.452713941 ], [ 137.03279162699999, 35.4526779 ], [ 137.032727666, 35.452664038 ], [ 137.032680825, 35.452643821 ], [ 137.032597296, 35.452599109 ], [ 137.03251534899999, 35.452550045 ], [ 137.032419928, 35.452468551 ], [ 137.032300459, 35.452360141 ], [ 137.032192329, 35.452269889 ], [ 137.032110300999989, 35.452203653 ], [ 137.032042808999989, 35.452162039 ], [ 137.032028303, 35.452153092 ], [ 137.031997518, 35.452143392 ], [ 137.03186048, 35.452100208 ], [ 137.0316532, 35.452038437 ], [ 137.031484690000013, 35.451981803 ], [ 137.031233536, 35.451891922 ], [ 137.030878164, 35.451758881 ], [ 137.030175006, 35.45149732 ], [ 137.030035964, 35.451429278 ], [ 137.029827616, 35.451291064 ], [ 137.029568817000012, 35.45113188 ], [ 137.029310715, 35.45097156 ], [ 137.029319668999989, 35.45110286 ], [ 137.02930878, 35.451209294 ], [ 137.029283599, 35.451415399 ], [ 137.029259051, 35.451631645 ], [ 137.02923287199999, 35.451763942 ], [ 137.029147233, 35.452015219 ], [ 137.029097850999989, 35.452213418 ], [ 137.029066449999988, 35.4524555 ], [ 137.029062337, 35.452632621 ], [ 137.029050393, 35.452808354 ], [ 137.02895750799999, 35.452921826 ], [ 137.02830338199999, 35.452761826 ], [ 137.027765483, 35.452633209 ], [ 137.027672405, 35.452652608 ], [ 137.027309336, 35.452544878 ], [ 137.027229491000014, 35.452537277 ], [ 137.02724441, 35.452580147 ], [ 137.027269851, 35.452974009 ], [ 137.027302134, 35.452990461 ], [ 137.02792445599999, 35.453175145 ], [ 137.027886532999986, 35.453312467 ], [ 137.027956573000012, 35.453481155 ], [ 137.02805691899999, 35.453522059 ], [ 137.02827107600001, 35.453659697 ], [ 137.028837778, 35.453685891 ], [ 137.028992181, 35.453662766 ], [ 137.029024568000011, 35.453528232 ], [ 137.029042387, 35.453415063 ], [ 137.029053291, 35.453306366 ], [ 137.02906416799999, 35.453213741 ], [ 137.029074740999988, 35.453118339 ], [ 137.029080353000012, 35.453056906 ], [ 137.02949935800001, 35.453087075 ], [ 137.029973579999989, 35.453134901 ], [ 137.030227090000011, 35.453135782 ], [ 137.0302196, 35.453252371 ], [ 137.030514036, 35.453319299 ], [ 137.03086823000001, 35.453416292 ], [ 137.031155700999989, 35.453498409 ], [ 137.031484561000013, 35.453639992 ], [ 137.031595893, 35.453693344 ], [ 137.031695208, 35.453745881 ], [ 137.03176046199999, 35.453790015 ], [ 137.031821248, 35.453871498 ], [ 137.03186785, 35.453930006 ], [ 137.031900326, 35.453956444 ], [ 137.031947121, 35.453978428 ], [ 137.031991088000012, 35.453985715 ], [ 137.03213724, 35.453988357 ] ] ] } },
{ "type": "Feature", "properties": { "A29_001": "21211", "A29_002": "岐阜県", "A29_003": "美濃加茂市", "A29_004": 4, "A29_005": "第二種中高層住居専用地域", "A29_006": 60, "A29_007": 200, "A29_008": null }, "geometry": { "type": "Polygon", "coordinates": [ [ [ 137.032999566, 35.453980986 ], [ 137.032846909999989, 35.453980023 ], [ 137.032617417000012, 35.453983888 ], [ 137.03242035299999, 35.453983417 ], [ 137.03213724, 35.453988357 ], [ 137.031991088000012, 35.453985715 ], [ 137.031947121, 35.453978428 ], [ 137.031900326, 35.453956444 ], [ 137.03186785, 35.453930006 ], [ 137.031821248, 35.453871498 ], [ 137.03176046199999, 35.453790015 ], [ 137.031695208, 35.453745881 ], [ 137.031595893, 35.453693344 ], [ 137.031484561000013, 35.453639992 ], [ 137.031155700999989, 35.453498409 ], [ 137.03086823000001, 35.453416292 ], [ 137.030514036, 35.453319299 ], [ 137.0302196, 35.453252371 ], [ 137.030227090000011, 35.453135782 ], [ 137.029973579999989, 35.453134901 ], [ 137.02949935800001, 35.453087075 ], [ 137.029080353000012, 35.453056906 ], [ 137.029074740999988, 35.453118339 ], [ 137.02906416799999, 35.453213741 ], [ 137.029053291, 35.453306366 ], [ 137.029042387, 35.453415063 ], [ 137.029024568000011, 35.453528232 ], [ 137.028992181, 35.453662766 ], [ 137.029420323000011, 35.453711569 ], [ 137.029641231999989, 35.453747831 ], [ 137.030040477, 35.453790334 ], [ 137.03033163399999, 35.453842882 ], [ 137.030447735, 35.453870433 ], [ 137.030526404, 35.453890587 ], [ 137.030611510999989, 35.453913994 ], [ 137.030658976000012, 35.453923737 ], [ 137.030746273, 35.453942603 ], [ 137.03083971, 35.453965838 ], [ 137.030898651, 35.453977713 ], [ 137.031024503999987, 35.454024168 ], [ 137.031166387000013, 35.454083207 ], [ 137.031312848999988, 35.454144586 ], [ 137.031480961, 35.4542111 ], [ 137.031667387999988, 35.45428828 ], [ 137.031781373, 35.454336785 ], [ 137.031885713, 35.454375888 ], [ 137.032015715, 35.454412413 ], [ 137.032132940999986, 35.454433376 ], [ 137.032293478000014, 35.454438783 ], [ 137.032484767999989, 35.454440807 ], [ 137.03264474, 35.454447718 ], [ 137.032894422999988, 35.454460624 ], [ 137.033075114000013, 35.454470081 ], [ 137.033081062, 35.454470404 ], [ 137.03306856899999, 35.454337369 ], [ 137.03304984, 35.454104516 ], [ 137.033039964000011, 35.453981039 ], [ 137.032999566, 35.453980986 ] ] ] } },
{ "type": "Feature", "properties": { "A29_001": "21211", "A29_002": "岐阜県", "A29_003": "美濃加茂市", "A29_004": 5, "A29_005": "第一種住居地域", "A29_006": 60, "A29_007": 200, "A29_008": null }, "geometry": { "type": "Polygon", "coordinates": [ [ [ 137.052975645, 35.460624 ], [ 137.05288004799999, 35.460505195 ], [ 137.0527775, 35.460394235 ], [ 137.052742695, 35.460347284 ], [ 137.052462413, 35.460041596 ], [ 137.052199922, 35.459754584 ], [ 137.052015356999988, 35.459553612 ], [ 137.051938221, 35.459455177 ], [ 137.051576508000011, 35.459256127 ], [ 137.051351444, 35.459126191 ], [ 137.051221051999988, 35.459050907 ], [ 137.050986395, 35.458912227 ], [ 137.050718037, 35.458765482 ], [ 137.050470975, 35.458627862 ], [ 137.05027185899999, 35.458529363 ], [ 137.049985536, 35.458389855 ], [ 137.04964354, 35.458229777 ], [ 137.049292629, 35.458065138 ], [ 137.048996654, 35.457927827 ], [ 137.048673896, 35.457776851 ], [ 137.048322344000013, 35.457608828 ], [ 137.048000295, 35.457456724 ], [ 137.047745509, 35.457340472 ], [ 137.047648705, 35.457293206 ], [ 137.047448597, 35.457147927 ], [ 137.047185438000014, 35.456958372 ], [ 137.046963301, 35.456810159 ], [ 137.046780997000013, 35.456680744 ], [ 137.04663922200001, 35.456567882 ], [ 137.04651593299999, 35.456469759 ], [ 137.046367478, 35.456330371 ], [ 137.046245086999988, 35.456207469 ], [ 137.046134367, 35.456089689 ], [ 137.04599679099999, 35.45596952 ], [ 137.045877687, 35.455866911 ], [ 137.04581341299999, 35.455801775 ], [ 137.045965217, 35.455688728 ], [ 137.046076808, 35.455607028 ], [ 137.046194398000011, 35.455461686 ], [ 137.04628277099999, 35.455352821 ], [ 137.046466205, 35.455513238 ], [ 137.046646178, 35.455674759 ], [ 137.046825304, 35.455857688 ], [ 137.04698395599999, 35.456015726 ], [ 137.047126372, 35.456134222 ], [ 137.047281876, 35.456252793 ], [ 137.047475848, 35.456389025 ], [ 137.047624547999987, 35.456498548 ], [ 137.047749298000014, 35.456584837 ], [ 137.04788983200001, 35.456681353 ], [ 137.048034444, 35.456783526 ], [ 137.048059504, 35.456801312 ], [ 137.048200540000011, 35.456871711 ], [ 137.048516412999987, 35.457018706 ], [ 137.048798629, 35.457152011 ], [ 137.049073278, 35.457284704 ], [ 137.04930746799999, 35.457390144 ], [ 137.049529963, 35.457493274 ], [ 137.049808117, 35.457618658 ], [ 137.050031948, 35.45772799 ], [ 137.050212549, 35.457813437 ], [ 137.050344375, 35.457878339 ], [ 137.05040619799999, 35.457905143 ], [ 137.050483501, 35.457800727 ], [ 137.050634933, 35.457914756 ], [ 137.05080073100001, 35.458044636 ], [ 137.050953526, 35.458160929 ], [ 137.051057065, 35.458230761 ], [ 137.051129073999988, 35.458276774 ], [ 137.051042286000012, 35.458180538 ], [ 137.05092196199999, 35.458053145 ], [ 137.050800414, 35.457904332 ], [ 137.05068287099999, 35.457774688 ], [ 137.050576971999988, 35.457653563 ], [ 137.05044026499999, 35.457505241 ], [ 137.050302956, 35.457346759 ], [ 137.050172586, 35.457182118 ], [ 137.05000874800001, 35.456978431 ], [ 137.049909135, 35.45684719 ], [ 137.049773284999986, 35.456679144 ], [ 137.049617574, 35.456494647 ], [ 137.04951178499999, 35.45636056 ], [ 137.04944834, 35.45627628 ], [ 137.049368071, 35.456139504 ], [ 137.049285876999988, 35.455985816 ], [ 137.04919839499999, 35.455801664 ], [ 137.04914548799999, 35.455690947 ], [ 137.04910916899999, 35.455574684 ], [ 137.049055973, 35.455412686 ], [ 137.048999802999987, 35.45519039 ], [ 137.048927533000011, 35.454910523 ], [ 137.048881532, 35.454710249 ], [ 137.04882652399999, 35.454514996 ], [ 137.048771458, 35.454329325 ], [ 137.048729838000014, 35.45418542 ], [ 137.04867541499999, 35.454004815 ], [ 137.048613044, 35.453783045 ], [ 137.048554614000011, 35.453585517 ], [ 137.048509051, 35.453419055 ], [ 137.048381462, 35.45298676 ], [ 137.048267380999988, 35.452591724 ], [ 137.04815146199999, 35.452166814 ], [ 137.04804207399999, 35.451788144 ], [ 137.047947434, 35.45146477 ], [ 137.04788095, 35.451240715 ], [ 137.047828149999987, 35.451030257 ], [ 137.047783231000011, 35.450869997 ], [ 137.04774634, 35.450740762 ], [ 137.047695328, 35.45056638 ], [ 137.047586338, 35.450227145 ], [ 137.047513527, 35.450021661 ], [ 137.047483453000012, 35.449902601 ], [ 137.047411692999987, 35.449738817 ], [ 137.047383016, 35.449673211 ], [ 137.047327747999987, 35.449546788 ], [ 137.047275058999986, 35.449412409 ], [ 137.047201707, 35.449276224 ], [ 137.047112758999987, 35.449108402 ], [ 137.047040796, 35.44897166 ], [ 137.046982915, 35.448884581 ], [ 137.046907925999989, 35.448782756 ], [ 137.046866187, 35.448745657 ], [ 137.046793396999988, 35.448632278 ], [ 137.046640873, 35.448430347 ], [ 137.046538564, 35.448270751 ], [ 137.04623825199999, 35.447914784 ], [ 137.046037571999989, 35.447689682 ], [ 137.04579635799999, 35.447411565 ], [ 137.045538639, 35.447121585 ], [ 137.045259603, 35.446819749 ], [ 137.044981267999987, 35.446514532 ], [ 137.044747609000012, 35.446256151 ], [ 137.044446687, 35.445934964 ], [ 137.043818753000011, 35.445888427 ], [ 137.042589789, 35.445786457 ], [ 137.04144857899999, 35.445697986 ], [ 137.039763455000013, 35.446083588 ], [ 137.040138762999987, 35.446134298 ], [ 137.04003602099999, 35.446766798 ], [ 137.040040124, 35.44677807 ], [ 137.039859357000012, 35.447775502 ], [ 137.039840715999986, 35.447790679 ], [ 137.039828981, 35.447800232 ], [ 137.039812441, 35.447805278 ], [ 137.039773832, 35.447817058 ], [ 137.039747225000013, 35.447824603 ], [ 137.03973694699999, 35.447826735 ], [ 137.039676654, 35.447836056 ], [ 137.039586576, 35.447837286 ], [ 137.039507195, 35.447831289 ], [ 137.039378242999987, 35.447818209 ], [ 137.039242288, 35.447803265 ], [ 137.039161071, 35.447794516 ], [ 137.039080694, 35.447791376 ], [ 137.03898888, 35.447790269 ], [ 137.038885427999986, 35.447792197 ], [ 137.038761216000012, 35.44779769 ], [ 137.038536717, 35.447817337 ], [ 137.038527428, 35.447895677 ], [ 137.038509255, 35.448004936 ], [ 137.038473708999987, 35.448177265 ], [ 137.03841455, 35.44842279 ], [ 137.038358213, 35.448646351 ], [ 137.038333878, 35.448736889 ], [ 137.038270277, 35.449018295 ], [ 137.038206158, 35.449278877 ], [ 137.03817683299999, 35.449411154 ], [ 137.038389846, 35.449565557 ], [ 137.038715878, 35.449800575 ], [ 137.039006304, 35.450010045 ], [ 137.039229613, 35.450169568 ], [ 137.039339221, 35.450247349 ], [ 137.03917418399999, 35.450292696 ], [ 137.038851752, 35.450377222 ], [ 137.038654963999988, 35.450430854 ], [ 137.038505426, 35.450434013 ], [ 137.038373062, 35.450444031 ], [ 137.038255134999986, 35.450458058 ], [ 137.03813427599999, 35.450492931 ], [ 137.03798378, 35.450530458 ], [ 137.037846984999987, 35.450577086 ], [ 137.037712207, 35.45062935 ], [ 137.03738233199999, 35.450441649 ], [ 137.036941385, 35.450190243 ], [ 137.036649909, 35.450026973 ], [ 137.03636951499999, 35.449857558 ], [ 137.036061710000013, 35.449669968 ], [ 137.03576012100001, 35.449481842 ], [ 137.03554415, 35.449354464 ], [ 137.035233608, 35.449165724 ], [ 137.034964230000014, 35.449000311 ], [ 137.034696233, 35.448832645 ], [ 137.034488317000012, 35.44873274 ], [ 137.034475992000012, 35.448724857 ], [ 137.032870011999989, 35.447697451 ], [ 137.032386265000014, 35.448010432 ], [ 137.031490655, 35.44841511 ], [ 137.031258701000013, 35.4484569 ], [ 137.03100464, 35.448537525 ], [ 137.030606396, 35.448641208 ], [ 137.030350422, 35.448692533 ], [ 137.030192163, 35.44872796 ], [ 137.029843303, 35.448811748 ], [ 137.029627584, 35.448847631 ], [ 137.029147963000014, 35.448918685 ], [ 137.02867448399999, 35.448998198 ], [ 137.028026627, 35.449107536 ], [ 137.027442838000013, 35.449209209 ], [ 137.026751552, 35.449325151 ], [ 137.026107809, 35.449435051 ], [ 137.025630865000011, 35.449514531 ], [ 137.02520671799999, 35.449633633 ], [ 137.025075085999987, 35.449653454 ], [ 137.024891066, 35.449683246 ], [ 137.024640925999989, 35.449714492 ], [ 137.024284749, 35.450081079 ], [ 137.02387647, 35.450500012 ], [ 137.02389840399999, 35.450499452 ], [ 137.024350915000014, 35.450485807 ], [ 137.025211860000013, 35.450459489 ], [ 137.026188528, 35.450427358 ], [ 137.026166866000011, 35.450613753 ], [ 137.026944423, 35.450597835 ], [ 137.027370781, 35.450712527 ], [ 137.027581833999989, 35.450779726 ], [ 137.02774675399999, 35.450845647 ], [ 137.02785733799999, 35.450901228 ], [ 137.027985986, 35.450958426 ], [ 137.028070856, 35.450996329 ], [ 137.02825553, 35.451158208 ], [ 137.028418827, 35.451259127 ], [ 137.028572392, 35.451356618 ], [ 137.02923287199999, 35.451763942 ], [ 137.029259051, 35.451631645 ], [ 137.029283599, 35.451415399 ], [ 137.02930878, 35.451209294 ], [ 137.029319668999989, 35.45110286 ], [ 137.029310715, 35.45097156 ], [ 137.029568817000012, 35.45113188 ], [ 137.029827616, 35.451291064 ], [ 137.030035964, 35.451429278 ], [ 137.030175006, 35.45149732 ], [ 137.030878164, 35.451758881 ], [ 137.031233536, 35.451891922 ], [ 137.031484690000013, 35.451981803 ], [ 137.0316532, 35.452038437 ], [ 137.03186048, 35.452100208 ], [ 137.031997518, 35.452143392 ], [ 137.032028303, 35.452153092 ], [ 137.032042808999989, 35.452162039 ], [ 137.032110300999989, 35.452203653 ], [ 137.032192329, 35.452269889 ], [ 137.032300459, 35.452360141 ], [ 137.032419928, 35.452468551 ], [ 137.03251534899999, 35.452550045 ], [ 137.032597296, 35.452599109 ], [ 137.032680825, 35.452643821 ], [ 137.032727666, 35.452664038 ], [ 137.03279162699999, 35.4526779 ], [ 137.032785816, 35.452713941 ], [ 137.03282022499999, 35.452884318 ], [ 137.032839916, 35.453001639 ], [ 137.032850771999989, 35.45303202 ], [ 137.03288089099999, 35.453211496 ], [ 137.032920496, 35.453337385 ], [ 137.03295483799999, 35.45345502 ], [ 137.032964600000014, 35.453574287 ], [ 137.03298144199999, 35.453795321 ], [ 137.032999566, 35.453980986 ], [ 137.033039964000011, 35.453981039 ], [ 137.03304984, 35.454104516 ], [ 137.03306856899999, 35.454337369 ], [ 137.033081062, 35.454470404 ], [ 137.033198214, 35.454476735 ], [ 137.03328969399999, 35.454471653 ], [ 137.033473388, 35.454436367 ], [ 137.033592797000011, 35.454416993 ], [ 137.033831389, 35.454401246 ], [ 137.034026264, 35.454386434 ], [ 137.034162490999989, 35.454376371 ], [ 137.034171093999987, 35.454504335 ], [ 137.034400436, 35.45452019 ], [ 137.034466505000012, 35.45452531 ], [ 137.034688980999988, 35.454542554 ], [ 137.03487133499999, 35.454572256 ], [ 137.03513340500001, 35.454629979 ], [ 137.03535488, 35.454680735 ], [ 137.03542158799999, 35.454693193 ], [ 137.035614079999988, 35.454714928 ], [ 137.035820065, 35.454759014 ], [ 137.035996807, 35.454799236 ], [ 137.036093783000013, 35.454822318 ], [ 137.03611256100001, 35.454880434 ], [ 137.036206203, 35.454914707 ], [ 137.036585081999988, 35.455049462 ], [ 137.036841306000014, 35.455147756 ], [ 137.03679485, 35.45525638 ], [ 137.036759307000011, 35.455374642 ], [ 137.036834860999988, 35.455394644 ], [ 137.03697287, 35.455428316 ], [ 137.037103057, 35.455461276 ], [ 137.03714887000001, 35.455478884 ], [ 137.03720972799999, 35.455526688 ], [ 137.03727654, 35.455584837 ], [ 137.037328607, 35.455631658 ], [ 137.037558074, 35.455674513 ], [ 137.037809245, 35.455717526 ], [ 137.038122509, 35.455772215 ], [ 137.03815480899999, 35.455787185 ], [ 137.038478293999987, 35.455809487 ], [ 137.03874170899999, 35.455829399 ], [ 137.039005728, 35.455850141 ], [ 137.03929037, 35.455871435 ], [ 137.039559908, 35.45589283 ], [ 137.039801434, 35.455911581 ], [ 137.039982341000012, 35.45592604 ], [ 137.039938336, 35.456272638 ], [ 137.040847673, 35.456342971 ], [ 137.04135301299999, 35.456382743 ], [ 137.041540684000012, 35.45639801 ], [ 137.041659353999989, 35.456400909 ], [ 137.0419319, 35.456423401 ], [ 137.04212528, 35.456437879 ], [ 137.042192916, 35.456443511 ], [ 137.042230608000011, 35.456155226 ], [ 137.04242778299999, 35.456144414 ], [ 137.042628979999989, 35.456132596 ], [ 137.042873218000011, 35.456115351 ], [ 137.04311865599999, 35.456098953 ], [ 137.043252496, 35.456079917 ], [ 137.043208572999987, 35.455970938 ], [ 137.043166001, 35.455864772 ], [ 137.04314504199999, 35.455781262 ], [ 137.043127097, 35.455672129 ], [ 137.043120579, 35.455582991 ], [ 137.043107496, 35.455442998 ], [ 137.043087998, 35.455290398 ], [ 137.043069465, 35.455090564 ], [ 137.043060688, 35.45498007 ], [ 137.04304864, 35.454919709 ], [ 137.043031296, 35.454857674 ], [ 137.042995203, 35.454758113 ], [ 137.04290620899999, 35.454536096 ], [ 137.043328898999988, 35.454801461 ], [ 137.043363134, 35.454913117 ], [ 137.04341001, 35.455057813 ], [ 137.043472323, 35.455258394 ], [ 137.043505414, 35.455354698 ], [ 137.04355821499999, 35.455464579 ], [ 137.04361178100001, 35.45554302 ], [ 137.04380937, 35.455780426 ], [ 137.043938903999987, 35.455934364 ], [ 137.044025564, 35.456035049 ], [ 137.04411216, 35.45612004 ], [ 137.044239315999988, 35.456207696 ], [ 137.04438531, 35.456289277 ], [ 137.044550668999989, 35.456372581 ], [ 137.044711533, 35.456441628 ], [ 137.044811634000013, 35.456477912 ], [ 137.04500615, 35.456542901 ], [ 137.045190313, 35.456621338 ], [ 137.045351711, 35.456687158 ], [ 137.045543966, 35.456769631 ], [ 137.04583651199999, 35.456901863 ], [ 137.046095568, 35.457018467 ], [ 137.04631057, 35.45711112 ], [ 137.04648032099999, 35.457184682 ], [ 137.046670406, 35.45725326 ], [ 137.046857345, 35.457319582 ], [ 137.04699133599999, 35.457370419 ], [ 137.047171615, 35.457432822 ], [ 137.04734892499999, 35.457498989 ], [ 137.04749757499999, 35.457554022 ], [ 137.047561682, 35.457584652 ], [ 137.047736488999988, 35.457705009 ], [ 137.04793474600001, 35.457822666 ], [ 137.048124766, 35.457937466 ], [ 137.048232680000012, 35.457974079 ], [ 137.047961555, 35.458276982 ], [ 137.048146737, 35.458393445 ], [ 137.048364856, 35.458528672 ], [ 137.04846361, 35.458591723 ], [ 137.048623498000012, 35.458414474 ], [ 137.048915724000011, 35.458591777 ], [ 137.049214834, 35.458771925 ], [ 137.04948691199999, 35.458926528 ], [ 137.049514025, 35.458941933 ], [ 137.049717055, 35.459069182 ], [ 137.049685837999988, 35.459095509 ], [ 137.049650364, 35.459124554 ], [ 137.049638076, 35.45913462 ], [ 137.049573400000014, 35.459213962 ], [ 137.049522841999988, 35.459304603 ], [ 137.049454999, 35.459447644 ], [ 137.04940146199999, 35.459571932 ], [ 137.049366813, 35.459643254 ], [ 137.04931448, 35.459738391 ], [ 137.049273140999986, 35.459793273 ], [ 137.049092008, 35.459866165 ], [ 137.0492099, 35.459862259 ], [ 137.049413324, 35.45984808 ], [ 137.049634043999987, 35.45982666 ], [ 137.04987541700001, 35.459808731 ], [ 137.05003306399999, 35.459832635 ], [ 137.050198314999989, 35.459854879 ], [ 137.050263683, 35.459868734 ], [ 137.050379204, 35.45990482 ], [ 137.050515979000011, 35.459955105 ], [ 137.05054335299999, 35.45996526 ], [ 137.050579672, 35.460007836 ], [ 137.050613793999986, 35.460052525 ], [ 137.050650071, 35.460085948 ], [ 137.0506823, 35.460106963 ], [ 137.050758709, 35.460119746 ], [ 137.050826175999987, 35.460130231 ], [ 137.050919669, 35.460161699 ], [ 137.050965558, 35.460199683 ], [ 137.051063453000012, 35.460288646 ], [ 137.051256582, 35.460269902 ], [ 137.051334094999987, 35.460228033 ], [ 137.051520683, 35.460253766 ], [ 137.051695547, 35.460280578 ], [ 137.051963234999988, 35.460337153 ], [ 137.052212274, 35.460399262 ], [ 137.052346499, 35.460423051 ], [ 137.05236508199999, 35.460425962 ], [ 137.052471106000013, 35.460532987 ], [ 137.052631235, 35.460594659 ], [ 137.052787243000012, 35.46056332 ], [ 137.052975645, 35.460624 ] ], [ [ 137.044424776999989, 35.451450213 ], [ 137.044300566, 35.451379182 ], [ 137.044142163, 35.451277668 ], [ 137.04402409799999, 35.451309223 ], [ 137.043894297, 35.45134293 ], [ 137.043753439999989, 35.451381646 ], [ 137.04370577099999, 35.451397174 ], [ 137.043679755, 35.451409163 ], [ 137.043659736, 35.451381722 ], [ 137.043569487000013, 35.451289903 ], [ 137.043424681, 35.451266824 ], [ 137.043214382, 35.451230426 ], [ 137.042994248000014, 35.451192153 ], [ 137.042809412, 35.451160207 ], [ 137.04235506500001, 35.451084725 ], [ 137.042235885, 35.450995624 ], [ 137.04232307800001, 35.450673443 ], [ 137.042420474000011, 35.450335201 ], [ 137.042501292, 35.450060094 ], [ 137.04252383, 35.449982299 ], [ 137.042541023000013, 35.449934064 ], [ 137.04271717899999, 35.449906419 ], [ 137.042827327999987, 35.449884673 ], [ 137.042896535000011, 35.449860379 ], [ 137.04306718, 35.449798771 ], [ 137.043358216, 35.449695227 ], [ 137.043681596, 35.449576319 ], [ 137.04389572299999, 35.449505308 ], [ 137.04413302, 35.449380316 ], [ 137.044325386999986, 35.449274813 ], [ 137.04440062399999, 35.449202912 ], [ 137.044491434, 35.449097602 ], [ 137.044605604, 35.449038712 ], [ 137.044707015, 35.44899552 ], [ 137.04487961699999, 35.448882667 ], [ 137.04501251100001, 35.448803909 ], [ 137.045176512000012, 35.448886472 ], [ 137.045415377000012, 35.448999289 ], [ 137.045663811, 35.449122859 ], [ 137.045851911999989, 35.449208366 ], [ 137.04589184, 35.449300421 ], [ 137.04595908499999, 35.449423053 ], [ 137.046039201000013, 35.449573361 ], [ 137.04612827, 35.449725409 ], [ 137.046205848, 35.449848655 ], [ 137.046281369000013, 35.449970194 ], [ 137.046322971, 35.450025636 ], [ 137.046376353, 35.450071562 ], [ 137.04647211599999, 35.450159959 ], [ 137.046546709000012, 35.450225151 ], [ 137.04661969, 35.450291873 ], [ 137.046688671999988, 35.450351931 ], [ 137.04671346, 35.45037276 ], [ 137.046593046, 35.450556166 ], [ 137.046496264000012, 35.450685836 ], [ 137.046416942, 35.450785732 ], [ 137.04627847399999, 35.450960269 ], [ 137.046111435, 35.451174663 ], [ 137.045959702, 35.451370541 ], [ 137.045748193, 35.451633729 ], [ 137.045693846, 35.451710086 ], [ 137.045599391, 35.451806523 ], [ 137.045493854, 35.451909664 ], [ 137.045303331000014, 35.451833845 ], [ 137.04510693899999, 35.451755955 ], [ 137.044898464, 35.451670274 ], [ 137.044704837000012, 35.451593116 ], [ 137.044597986000014, 35.451544702 ], [ 137.044424776999989, 35.451450213 ] ] ] } },
{ "type": "Feature", "properties": { "A29_001": "21211", "A29_002": "岐阜県", "A29_003": "美濃加茂市", "A29_004": 5, "A29_005": "第一種住居地域", "A29_006": 60, "A29_007": 200, "A29_008": null }, "geometry": { "type": "Polygon", "coordinates": [ [ [ 136.994184206, 35.453760456 ], [ 136.993780765, 35.453390979 ], [ 136.993586236999988, 35.45322568 ], [ 136.99340164899999, 35.453357597 ], [ 136.993202156, 35.453493774 ], [ 136.993027993, 35.45360766 ], [ 136.99297415699999, 35.453637563 ], [ 136.992934174, 35.45366005 ], [ 136.992876333, 35.453702918 ], [ 136.99276623599999, 35.45378376 ], [ 136.992596276, 35.453899886 ], [ 136.992567822000012, 35.453919298 ], [ 136.99253500399999, 35.453939487 ], [ 136.99245422300001, 35.453989083 ], [ 136.992425927999989, 35.454006439 ], [ 136.992352016000012, 35.454058136 ], [ 136.992276279, 35.454103205 ], [ 136.992262557, 35.454111406 ], [ 136.99214165699999, 35.454194386 ], [ 136.992028956000013, 35.45427132 ], [ 136.991916245, 35.454353122 ], [ 136.991870823, 35.454388706 ], [ 136.99177426, 35.454456181 ], [ 136.991692819, 35.454509742 ], [ 136.991675057, 35.454520992 ], [ 136.991652829, 35.454539899 ], [ 136.99164293199999, 35.454556813 ], [ 136.991634244000011, 35.454580291 ], [ 136.991481728, 35.454692664 ], [ 136.99192270099999, 35.454903339 ], [ 136.99208092399999, 35.454974265 ], [ 136.992152435, 35.45500425 ], [ 136.992189470999989, 35.455015508 ], [ 136.992250535000011, 35.455026522 ], [ 136.992296728000014, 35.455031564 ], [ 136.99234962700001, 35.45503292 ], [ 136.9924131, 35.455025539 ], [ 136.99251278700001, 35.45500158 ], [ 136.992736489, 35.454936641 ], [ 136.992907863999989, 35.45490139 ], [ 136.993019444, 35.454884857 ], [ 136.99318673799999, 35.454872117 ], [ 136.993300514, 35.45486396 ], [ 136.993389795000013, 35.454842698 ], [ 136.993058902, 35.454368535 ], [ 136.994184206, 35.453760456 ] ] ] } },
{ "type": "Feature", "properties": { "A29_001": "21211", "A29_002": "岐阜県", "A29_003": "美濃加茂市", "A29_004": 10, "A29_005": "準工業地域", "A29_006": 60, "A29_007": 200, "A29_008": null }, "geometry": { "type": "Polygon", "coordinates": [ [ [ 137.052551591, 35.456770825 ], [ 137.05253253399999, 35.456690934 ], [ 137.052505061, 35.456587679 ], [ 137.052498077, 35.456508754 ], [ 137.052498359999987, 35.456472131 ], [ 137.052512261, 35.456364579 ], [ 137.052522519, 35.456192204 ], [ 137.05252045099999, 35.456010758 ], [ 137.052523021000013, 35.455852429 ], [ 137.05251490399999, 35.455741386 ], [ 137.05249435499999, 35.455634217 ], [ 137.052471270000012, 35.455497172 ], [ 137.052441613000013, 35.455317837 ], [ 137.052393193, 35.455069093 ], [ 137.052360732000011, 35.454987792 ], [ 137.052274066, 35.45478337 ], [ 137.05223017899999, 35.454664253 ], [ 137.052181206, 35.454488198 ], [ 137.052151048000013, 35.454375341 ], [ 137.052103369, 35.454211132 ], [ 137.052072718, 35.454073485 ], [ 137.052090126, 35.454048776 ], [ 137.052133854, 35.454007867 ], [ 137.052168601, 35.453968598 ], [ 137.052166787, 35.453934785 ], [ 137.05215470600001, 35.453892461 ], [ 137.052134380000012, 35.453846714 ], [ 137.052114734000014, 35.453802103 ], [ 137.052112891, 35.453773355 ], [ 137.052122255, 35.453718739 ], [ 137.05213104399999, 35.453650601 ], [ 137.052134994, 35.453584135 ], [ 137.052122247, 35.453537863 ], [ 137.05207225800001, 35.453496477 ], [ 137.052038775, 35.453460245 ], [ 137.052023178000013, 35.453427482 ], [ 137.052014453999988, 35.453395879 ], [ 137.052002713, 35.453308477 ], [ 137.052018548, 35.453220091 ], [ 137.05205499600001, 35.453138576 ], [ 137.05208726, 35.453063231 ], [ 137.052083536999987, 35.453008557 ], [ 137.052060334, 35.452978572 ], [ 137.052032932, 35.452958147 ], [ 137.05199306, 35.452945544 ], [ 137.051978322, 35.452889688 ], [ 137.05196647299999, 35.452816374 ], [ 137.051941301, 35.452683826 ], [ 137.051923671, 35.452554701 ], [ 137.051914380999989, 35.452417164 ], [ 137.051905341, 35.452336534 ], [ 137.05189385599999, 35.452216456 ], [ 137.051897602999986, 35.452176473 ], [ 137.05191603, 35.452108948 ], [ 137.051944206, 35.452026821 ], [ 137.05199262, 35.451912118 ], [ 137.052020477000013, 35.451782658 ], [ 137.052047965000014, 35.451609812 ], [ 137.052057187, 35.451484201 ], [ 137.052044056, 35.451399051 ], [ 137.05204089, 35.451269994 ], [ 137.05206208199999, 35.451201922 ], [ 137.052084842999989, 35.451107936 ], [ 137.052095828, 35.451021222 ], [ 137.05211225, 35.450945231 ], [ 137.052127856, 35.450886149 ], [ 137.052146977, 35.450818066 ], [ 137.052158493, 35.45075332 ], [ 137.052158738, 35.450720077 ], [ 137.05215485, 35.450688506 ], [ 137.052144121, 35.450649573 ], [ 137.051661008, 35.450757535 ], [ 137.051194427000013, 35.450867268 ], [ 137.050806540999986, 35.450956001 ], [ 137.050506308, 35.451023768 ], [ 137.05043278799999, 35.450907308 ], [ 137.050376309, 35.450814607 ], [ 137.050322652, 35.450713472 ], [ 137.05024072, 35.450525404 ], [ 137.050167377, 35.450385841 ], [ 137.050098177, 35.450246309 ], [ 137.050014326, 35.450129234 ], [ 137.049922159, 35.450019435 ], [ 137.04981817399999, 35.449923677 ], [ 137.049676334999987, 35.449822078 ], [ 137.049574981, 35.449742665 ], [ 137.04949136499999, 35.449685317 ], [ 137.049419881, 35.449662974 ], [ 137.049400580999986, 35.44975416 ], [ 137.049366314, 35.449910638 ], [ 137.049315162, 35.450111538 ], [ 137.04924900200001, 35.450382806 ], [ 137.049188512, 35.450633248 ], [ 137.049139604, 35.450812183 ], [ 137.049121789999987, 35.450888732 ], [ 137.049154769000012, 35.450989766 ], [ 137.04920578299999, 35.451165274 ], [ 137.049295543999989, 35.451498765 ], [ 137.049358676999987, 35.45171209 ], [ 137.049416236000013, 35.451933269 ], [ 137.049484592999988, 35.45218325 ], [ 137.049555731, 35.452430431 ], [ 137.049655702, 35.452782562 ], [ 137.049746376, 35.453088434 ], [ 137.049844358, 35.453430414 ], [ 137.049934858, 35.453759397 ], [ 137.050025984, 35.454096827 ], [ 137.05011060699999, 35.454384079 ], [ 137.05016476, 35.454601865 ], [ 137.050209082, 35.454753669 ], [ 137.050259377, 35.454934242 ], [ 137.05030765399999, 35.45510917 ], [ 137.050360809000011, 35.455277928 ], [ 137.050419677, 35.455419659 ], [ 137.05046359100001, 35.455534278 ], [ 137.05052268899999, 35.455646146 ], [ 137.050585332, 35.455745081 ], [ 137.050676548000013, 35.455893738 ], [ 137.050722245, 35.455955393 ], [ 137.050844463, 35.456104215 ], [ 137.050940708000013, 35.456225853 ], [ 137.051061589, 35.456369599 ], [ 137.051242577000011, 35.45658464 ], [ 137.051465242, 35.456846665 ], [ 137.051606195, 35.457015263 ], [ 137.051807845000013, 35.456933779 ], [ 137.051840644, 35.456921653 ], [ 137.05200559, 35.456863297 ], [ 137.052105997000012, 35.456834097 ], [ 137.052141248, 35.456836023 ], [ 137.05220638099999, 35.45681995 ], [ 137.05228903, 35.456804884 ], [ 137.05243139800001, 35.456784557 ], [ 137.05253167, 35.456772303 ], [ 137.052551591, 35.456770825 ] ] ] } },
{ "type": "Feature", "properties": { "A29_001": "21211", "A29_002": "岐阜県", "A29_003": "美濃加茂市", "A29_004": 11, "A29_005": "工業地域", "A29_006": 60, "A29_007": 200, "A29_008": null }, "geometry": { "type": "Polygon", "coordinates": [ [ [ 136.99999611699999, 35.465291688 ], [ 136.99999777299999, 35.46512448 ], [ 137.000248336, 35.465129549 ], [ 137.0008282, 35.46553103 ], [ 137.000974528, 35.465431058 ], [ 137.0010619, 35.465502109 ], [ 137.00118382, 35.466161346 ], [ 137.001197443, 35.466159247 ], [ 137.00131892499999, 35.466140556 ], [ 137.00136940199999, 35.466042282 ], [ 137.001511298999986, 35.466067192 ], [ 137.001699897, 35.465857649 ], [ 137.00175405499999, 35.465742614 ], [ 137.00182596799999, 35.4656898 ], [ 137.001938806, 35.465608259 ], [ 137.00193762699999, 35.465559519 ], [ 137.00187845, 35.465564549 ], [ 137.001790416, 35.46538039 ], [ 137.001754024, 35.465411898 ], [ 137.001719242, 35.465346409 ], [ 137.00168245, 35.465299008 ], [ 137.001648584, 35.465205206 ], [ 137.00216748599999, 35.464879147 ], [ 137.002148183, 35.464840586 ], [ 137.00208079, 35.46438981 ], [ 137.002297152000011, 35.464340438 ], [ 137.002303393, 35.464338121 ], [ 137.00246468899999, 35.464292856 ], [ 137.00267939599999, 35.464217024 ], [ 137.003304208, 35.463860934 ], [ 137.003390658, 35.463990555 ], [ 137.003475829, 35.464043817 ], [ 137.003635624999987, 35.464184472 ], [ 137.003369515, 35.464366339 ], [ 137.003247952, 35.464448608 ], [ 137.003187171, 35.464495029 ], [ 137.003136463, 35.464540076 ], [ 137.003113586000012, 35.464563373 ], [ 137.003073916, 35.464609363 ], [ 137.00305102499999, 35.464640124 ], [ 137.003022807, 35.464667461 ], [ 137.002993835000012, 35.464697286 ], [ 137.002898523, 35.464782086 ], [ 137.00283067699999, 35.464839855 ], [ 137.002655691, 35.464995777 ], [ 137.00262383899999, 35.46502265 ], [ 137.002636147, 35.465032771 ], [ 137.00276681299999, 35.465140224 ], [ 137.002857239, 35.465156347 ], [ 137.00338257300001, 35.46530305 ], [ 137.003523312999988, 35.465164325 ], [ 137.00406902899999, 35.465541992 ], [ 137.004095008, 35.465537367 ], [ 137.004137320000012, 35.465525408 ], [ 137.004193893, 35.465561054 ], [ 137.005104124000013, 35.465391333 ], [ 137.005128789, 35.465355301 ], [ 137.00538491, 35.465336633 ], [ 137.005484689000014, 35.465177119 ], [ 137.005582637, 35.464681036 ], [ 137.005691837, 35.464133517 ], [ 137.005632447000011, 35.463670702 ], [ 137.006130516000013, 35.46369656 ], [ 137.006257849, 35.463702615 ], [ 137.00626714399999, 35.463677181 ], [ 137.006287237, 35.463645532 ], [ 137.00630299299999, 35.463623271 ], [ 137.00633521899999, 35.463590241 ], [ 137.006351913, 35.463572803 ], [ 137.006370524, 35.463549923 ], [ 137.00637997199999, 35.463535801 ], [ 137.006393046, 35.463504756 ], [ 137.006402404, 35.463374967 ], [ 137.006410421999988, 35.46318187 ], [ 137.006414527, 35.463061998 ], [ 137.006404296999989, 35.462992792 ], [ 137.006394050000011, 35.462959481 ], [ 137.006370498, 35.462901886 ], [ 137.00632016599999, 35.462831131 ], [ 137.00626062500001, 35.462737252 ], [ 137.006212231, 35.462628379 ], [ 137.00624226799999, 35.462610247 ], [ 137.006344289999987, 35.462555938 ], [ 137.006441346, 35.462505588 ], [ 137.00650475, 35.462479621 ], [ 137.006578397999988, 35.46245457 ], [ 137.006651268000013, 35.462433033 ], [ 137.00673692399999, 35.462408718 ], [ 137.006805162, 35.462389789 ], [ 137.006875613, 35.462365635 ], [ 137.006915297, 35.462355141 ], [ 137.00693844700001, 35.462348772 ], [ 137.007004490000014, 35.462324972 ], [ 137.007015301, 35.462318045 ], [ 137.00704403, 35.462276168 ], [ 137.007045189, 35.462247505 ], [ 137.007049759000012, 35.462220559 ], [ 137.00705299, 35.462202535 ], [ 137.007059252, 35.462100324 ], [ 137.007071045, 35.461986493 ], [ 137.007078801, 35.461908892 ], [ 137.007082094, 35.461858868 ], [ 137.007087014, 35.461822368 ], [ 137.00708837, 35.4618167 ], [ 137.007061364, 35.461811968 ], [ 137.006906953, 35.461783009 ], [ 137.006852764, 35.461774013 ], [ 137.00687271000001, 35.461660643 ], [ 137.006873195, 35.461638199 ], [ 137.006879809999987, 35.461580247 ], [ 137.00691879199999, 35.461590575 ], [ 137.006984652, 35.461603642 ], [ 137.00702056, 35.461608107 ], [ 137.007049719, 35.461610714 ], [ 137.007112095, 35.461613898 ], [ 137.00716171900001, 35.461613422 ], [ 137.007213218, 35.461628913 ], [ 137.007238054999988, 35.461604879 ], [ 137.00726366, 35.461582648 ], [ 137.007291245, 35.461561682 ], [ 137.007319053, 35.461539724 ], [ 137.00736949, 35.461495982 ], [ 137.00741088, 35.461458178 ], [ 137.007427107000012, 35.461442605 ], [ 137.007432403, 35.461438466 ], [ 137.007552339999989, 35.461349385 ], [ 137.00766219799999, 35.461287243 ], [ 137.00777193, 35.461232672 ], [ 137.00788087399999, 35.461186663 ], [ 137.007939525000012, 35.461167721 ], [ 137.008000815, 35.461151216 ], [ 137.00821036, 35.46109966 ], [ 137.00828333699999, 35.461078934 ], [ 137.008329752, 35.46106322 ], [ 137.00838488, 35.46104265 ], [ 137.008469558, 35.46101022 ], [ 137.00854373300001, 35.460985592 ], [ 137.008648711, 35.460803961 ], [ 137.008869435, 35.460432007 ], [ 137.008904734, 35.460370406 ], [ 137.008830948, 35.460303614 ], [ 137.008804977000011, 35.460271166 ], [ 137.008810769, 35.460149141 ], [ 137.008230540999989, 35.460090106 ], [ 137.00784232699999, 35.460052575 ], [ 137.007659622, 35.460076924 ], [ 137.007558464, 35.460086076 ], [ 137.007553703000013, 35.46008652 ], [ 137.007572192999987, 35.46005166 ], [ 137.007590892, 35.460011392 ], [ 137.00760727799999, 35.45997049 ], [ 137.007614832, 35.459939131 ], [ 137.007620166, 35.459915611 ], [ 137.00762330399999, 35.459888934 ], [ 137.007623676, 35.459867481 ], [ 137.007616148000011, 35.459718289 ], [ 137.007611196, 35.459547286 ], [ 137.007617804, 35.459436602 ], [ 137.00761932399999, 35.459391804 ], [ 137.007616796, 35.459332939 ], [ 137.007594923, 35.459194635 ], [ 137.007574995, 35.459076435 ], [ 137.00754722799999, 35.458910179 ], [ 137.007513933000013, 35.458642238 ], [ 137.007466220999987, 35.458198414 ], [ 137.00747959, 35.458178871 ], [ 137.00748777699999, 35.458172753 ], [ 137.00719013, 35.457947297 ], [ 137.00697155099999, 35.457785197 ], [ 137.006833852999989, 35.457688015 ], [ 137.006670711999988, 35.457565478 ], [ 137.006607368, 35.457507794 ], [ 137.006546327, 35.457455612 ], [ 137.006519932, 35.457432231 ], [ 137.00649704599999, 35.457417508 ], [ 137.00646875000001, 35.457408366 ], [ 137.00641567299999, 35.457395586 ], [ 137.00622734699999, 35.457362434 ], [ 137.00588958099999, 35.457265408 ], [ 137.00588544499999, 35.457096254 ], [ 137.00587542299999, 35.456717823 ], [ 137.005878548999988, 35.456531056 ], [ 137.005869389999987, 35.456261794 ], [ 137.00571749299999, 35.456248431 ], [ 137.005636095999989, 35.456239399 ], [ 137.005627288, 35.456236683 ], [ 137.005614632, 35.456229968 ], [ 137.005616282, 35.456175913 ], [ 137.005613828, 35.456135707 ], [ 137.005612292, 35.456077385 ], [ 137.005612351, 35.456069912 ], [ 137.00557239599999, 35.4560682 ], [ 137.005574532, 35.455908537 ], [ 137.005504997, 35.455940345 ], [ 137.005433124, 35.455978478 ], [ 137.005319219, 35.456023089 ], [ 137.00527911899999, 35.456039072 ], [ 137.004313397, 35.456035983 ], [ 137.004013149, 35.456098767 ], [ 137.003634733000013, 35.455955393 ], [ 137.00343472899999, 35.455880748 ], [ 137.003332339, 35.455858759 ], [ 137.00314801799999, 35.455830738 ], [ 137.002941787999987, 35.455833433 ], [ 137.00266690699999, 35.455903721 ], [ 137.002253614000011, 35.456090921 ], [ 137.001801835, 35.456257921 ], [ 137.00154643499999, 35.456147853 ], [ 137.00154472700001, 35.45613195 ], [ 137.001523314999986, 35.455951234 ], [ 137.00145290899999, 35.455955528 ], [ 137.001408618999989, 35.455493173 ], [ 137.000033148, 35.455488695 ], [ 136.999085557, 35.455442466 ], [ 136.99839279299999, 35.455397667 ], [ 136.998118745, 35.455368602 ], [ 136.997519369, 35.455456291 ], [ 136.99764603, 35.45418108 ], [ 136.997212459999986, 35.45412335 ], [ 136.996786551000014, 35.454063719 ], [ 136.996652737, 35.454050794 ], [ 136.996560147999986, 35.454053665 ], [ 136.996473938, 35.454071526 ], [ 136.996394482, 35.454089478 ], [ 136.99584877800001, 35.454265049 ], [ 136.995698100999988, 35.454313079 ], [ 136.995278484000011, 35.453733205 ], [ 136.995144907, 35.453557089 ], [ 136.995078514999989, 35.453482178 ], [ 136.994986028, 35.453395592 ], [ 136.99491597, 35.453361348 ], [ 136.994784339, 35.453322355 ], [ 136.994592379000011, 35.453290505 ], [ 136.99439419, 35.453270482 ], [ 136.994199667, 35.453283374 ], [ 136.994009428, 35.453311901 ], [ 136.993885591, 35.453342985 ], [ 136.993780765, 35.453390979 ], [ 136.994184206, 35.453760456 ], [ 136.99422764799999, 35.453732908 ], [ 136.994675261, 35.45424558 ], [ 136.994965473, 35.454571923 ], [ 136.995277300999987, 35.454940473 ], [ 136.995345273, 35.455018919 ], [ 136.995472266, 35.455152616 ], [ 136.99584627499999, 35.455584792 ], [ 136.996016755999989, 35.455774373 ], [ 136.99615897699999, 35.455897363 ], [ 136.996240191, 35.455961171 ], [ 136.996300464, 35.455998033 ], [ 136.996377271, 35.456030728 ], [ 136.996467759000012, 35.456048541 ], [ 136.99649655499999, 35.456306086 ], [ 136.996739221000013, 35.457245501 ], [ 136.996769185, 35.457235835 ], [ 136.997227949, 35.45709752 ], [ 136.99728102, 35.457075915 ], [ 136.997849841, 35.456921941 ], [ 136.997971503, 35.456910636 ], [ 136.998535292000014, 35.456934688 ], [ 136.999105863000011, 35.456950057 ], [ 136.999569536, 35.456965798 ], [ 136.999920156, 35.456974729 ], [ 137.000243754, 35.45699269 ], [ 137.000408314, 35.457009413 ], [ 137.000642250999988, 35.457073067 ], [ 137.00072066300001, 35.457097612 ], [ 137.00081415599999, 35.457118175 ], [ 137.000886057, 35.457137438 ], [ 137.00105628899999, 35.457171321 ], [ 137.00116859, 35.457174819 ], [ 137.001278445, 35.457161782 ], [ 137.001451057, 35.457131037 ], [ 137.001585713999987, 35.457111084 ], [ 137.001646075999986, 35.457661898 ], [ 137.001661522, 35.457877246 ], [ 137.00166553299999, 35.457941801 ], [ 137.001670280000013, 35.458018274 ], [ 137.001672869, 35.458131521 ], [ 137.001673469, 35.458220724 ], [ 137.001671391, 35.458396829 ], [ 137.001648960000011, 35.45866109 ], [ 137.00163163900001, 35.45886152 ], [ 137.00160605799999, 35.459068421 ], [ 137.001583528999987, 35.459200301 ], [ 137.001521442000012, 35.459536314 ], [ 137.00149807599999, 35.459643648 ], [ 137.001583247000013, 35.45964536 ], [ 137.001681827, 35.459647289 ], [ 137.002122284, 35.459596267 ], [ 137.00218889199999, 35.45959752 ], [ 137.002314410999986, 35.459744926 ], [ 137.002456826000014, 35.459910501 ], [ 137.002560291, 35.460029978 ], [ 137.002829456, 35.460079308 ], [ 137.003177238, 35.460136325 ], [ 137.00352067099999, 35.460197832 ], [ 137.00386527399999, 35.460252337 ], [ 137.003933504, 35.460264219 ], [ 137.004045764000011, 35.460311883 ], [ 137.004233137, 35.460383257 ], [ 137.004315509, 35.460424435 ], [ 137.004325222, 35.460360899 ], [ 137.004424344, 35.460411277 ], [ 137.004617171, 35.4605106 ], [ 137.00474253199999, 35.460574588 ], [ 137.00483333599999, 35.46061978 ], [ 137.004903234000011, 35.460651062 ], [ 137.004974237, 35.460681444 ], [ 137.005054272, 35.460712199 ], [ 137.005150062000013, 35.460743516 ], [ 137.00525483199999, 35.460774592 ], [ 137.005217877, 35.460880079 ], [ 137.005167015000012, 35.461026129 ], [ 137.005117127, 35.461180923 ], [ 137.005045805, 35.46167897 ], [ 137.005118801, 35.461671577 ], [ 137.005176431, 35.461662262 ], [ 137.005253254, 35.461647311 ], [ 137.005270895, 35.461640574 ], [ 137.005298003, 35.461638384 ], [ 137.005298074, 35.461657737 ], [ 137.00526753599999, 35.461843809 ], [ 137.005058112, 35.461767117 ], [ 137.004854109, 35.461772802 ], [ 137.004672416, 35.4617677 ], [ 137.004466447, 35.461775328 ], [ 137.004380693, 35.461771535 ], [ 137.003982575, 35.4617198 ], [ 137.003863383, 35.4616997 ], [ 137.00363338599999, 35.461647027 ], [ 137.003533685, 35.461637166 ], [ 137.003437112, 35.46163316 ], [ 137.003328511, 35.461628163 ], [ 137.00321654699999, 35.461618322 ], [ 137.003083608, 35.461585952 ], [ 137.002825416, 35.461561228 ], [ 137.002732787000014, 35.461557326 ], [ 137.002541056000013, 35.461531519 ], [ 137.002518143, 35.461529866 ], [ 137.002464054, 35.461526006 ], [ 137.00240853299999, 35.461522145 ], [ 137.002328232999986, 35.461512931 ], [ 137.00225157700001, 35.461500207 ], [ 137.002151128, 35.461484656 ], [ 137.002056954000011, 35.461471277 ], [ 137.001999127, 35.461463987 ], [ 137.001953848999989, 35.461461492 ], [ 137.001916169, 35.46146153 ], [ 137.001876062, 35.461463098 ], [ 137.001837932, 35.461467193 ], [ 137.001790655, 35.461472987 ], [ 137.001648929999988, 35.461491813 ], [ 137.00151810599999, 35.461513809 ], [ 137.00141296000001, 35.461532414 ], [ 137.00127762599999, 35.461550798 ], [ 137.001237855999989, 35.461554042 ], [ 137.001238215, 35.461567266 ], [ 137.001250851, 35.462035896 ], [ 137.001232813, 35.462037007 ], [ 137.00090357, 35.462048427 ], [ 137.000811889, 35.462039134 ], [ 137.000740586, 35.462031906 ], [ 137.000664449, 35.462264724 ], [ 137.000566276, 35.462572824 ], [ 137.000334791, 35.463323157 ], [ 137.000222103999988, 35.463647354 ], [ 137.000111412, 35.464088303 ], [ 137.00009215099999, 35.464169439 ], [ 137.000060819999987, 35.464365243 ], [ 137.000040719999987, 35.464526846 ], [ 137.000026330999987, 35.464660288 ], [ 137.000020882, 35.464727237 ], [ 137.000012836, 35.464803421 ], [ 136.999053163000013, 35.465142949 ], [ 136.999823041000013, 35.46685641 ], [ 137.00002228, 35.466853552 ], [ 137.000015044, 35.466216617 ], [ 137.000002082, 35.465903938 ], [ 137.000003289, 35.465564201 ], [ 136.99999611699999, 35.465291688 ] ] ] } },
{ "type": "Feature", "properties": { "A29_001": "21211", "A29_002": "岐阜県", "A29_003": "美濃加茂市", "A29_004": 12, "A29_005": "工業専用地域", "A29_006": 60, "A29_007": 200, "A29_008": null }, "geometry": { "type": "Polygon", "coordinates": [ [ [ 136.996739221000013, 35.457245501 ], [ 136.99649655499999, 35.456306086 ], [ 136.996467759000012, 35.456048541 ], [ 136.996377271, 35.456030728 ], [ 136.996300464, 35.455998033 ], [ 136.996240191, 35.455961171 ], [ 136.99615897699999, 35.455897363 ], [ 136.996016755999989, 35.455774373 ], [ 136.99584627499999, 35.455584792 ], [ 136.995472266, 35.455152616 ], [ 136.995345273, 35.455018919 ], [ 136.995277300999987, 35.454940473 ], [ 136.994965473, 35.454571923 ], [ 136.994675261, 35.45424558 ], [ 136.99422764799999, 35.453732908 ], [ 136.994184206, 35.453760456 ], [ 136.993058902, 35.454368535 ], [ 136.993389795000013, 35.454842698 ], [ 136.993300514, 35.45486396 ], [ 136.99318673799999, 35.454872117 ], [ 136.993019444, 35.454884857 ], [ 136.992907863999989, 35.45490139 ], [ 136.992736489, 35.454936641 ], [ 136.99251278700001, 35.45500158 ], [ 136.9924131, 35.455025539 ], [ 136.99234962700001, 35.45503292 ], [ 136.992296728000014, 35.455031564 ], [ 136.992250535000011, 35.455026522 ], [ 136.992189470999989, 35.455015508 ], [ 136.992152435, 35.45500425 ], [ 136.99208092399999, 35.454974265 ], [ 136.99192270099999, 35.454903339 ], [ 136.991481728, 35.454692664 ], [ 136.991080842, 35.455012098 ], [ 136.990436563, 35.455451189 ], [ 136.990397746000014, 35.45547849 ], [ 136.98983977899999, 35.455870893 ], [ 136.989568244, 35.456204078 ], [ 136.990268629000013, 35.456457875 ], [ 136.99016107, 35.456740407 ], [ 136.99002813300001, 35.457096339 ], [ 136.990053800999988, 35.457147333 ], [ 136.99009775, 35.457202032 ], [ 136.990181589, 35.457282695 ], [ 136.99028204699999, 35.457326199 ], [ 136.990393778999987, 35.457297175 ], [ 136.990892659, 35.457167595 ], [ 136.991142427, 35.457578007 ], [ 136.991463286999988, 35.45774161 ], [ 136.991548998000013, 35.45770173 ], [ 136.991692824000012, 35.45765694 ], [ 136.99193947399999, 35.45759099 ], [ 136.992092488, 35.457541211 ], [ 136.99222599, 35.457486283 ], [ 136.992359206, 35.45744127 ], [ 136.992472795, 35.457414464 ], [ 136.992553214, 35.457401861 ], [ 136.992618072999988, 35.457385702 ], [ 136.99297377, 35.457277992 ], [ 136.993395891, 35.457153358 ], [ 136.99353215799999, 35.4570979 ], [ 136.993692057, 35.457042243 ], [ 136.99385019499999, 35.456856554 ], [ 136.994432612999987, 35.456662963 ], [ 136.995320668, 35.457863202 ], [ 136.995434402, 35.457798697 ], [ 136.995657822, 35.457698138 ], [ 136.99579714399999, 35.457635543 ], [ 136.99606570200001, 35.457481666 ], [ 136.996142780000014, 35.457449486 ], [ 136.996370638, 35.457364391 ], [ 136.996739221000013, 35.457245501 ] ] ] } },
{ "type": "Feature", "properties": { "A29_001": "21211", "A29_002": "岐阜県", "A29_003": "美濃加茂市", "A29_004": 5, "A29_005": "第一種住居地域", "A29_006": 60, "A29_007": 200, "A29_008": null }, "geometry": { "type": "Polygon", "coordinates": [ [ [ 137.052551591, 35.456770825 ], [ 137.05253167, 35.456772303 ], [ 137.05243139800001, 35.456784557 ], [ 137.05228903, 35.456804884 ], [ 137.05220638099999, 35.45681995 ], [ 137.052141248, 35.456836023 ], [ 137.052105997000012, 35.456834097 ], [ 137.05200559, 35.456863297 ], [ 137.051840644, 35.456921653 ], [ 137.051807845000013, 35.456933779 ], [ 137.051606195, 35.457015263 ], [ 137.051628467, 35.457041903 ], [ 137.05181765, 35.457267687 ], [ 137.051995952, 35.457475955 ], [ 137.05218103199999, 35.457698345 ], [ 137.052327206, 35.457870381 ], [ 137.05253350000001, 35.45811373 ], [ 137.0526585, 35.458261994 ], [ 137.052670232999986, 35.458169079 ], [ 137.05268951799999, 35.45807902 ], [ 137.052708967, 35.457967544 ], [ 137.052700823, 35.457859881 ], [ 137.052657505000013, 35.457663569 ], [ 137.052647697999987, 35.457594214 ], [ 137.052617964, 35.457515737 ], [ 137.052618943999988, 35.457476869 ], [ 137.052627118, 35.457399149 ], [ 137.05261128699999, 35.457305532 ], [ 137.05259773099999, 35.457183749 ], [ 137.052584924, 35.457055214 ], [ 137.05258717000001, 35.456939142 ], [ 137.052568611, 35.456842134 ], [ 137.052551591, 35.456770825 ] ] ] } },
{ "type": "Feature", "properties": { "A29_001": "21211", "A29_002": "岐阜県", "A29_003": "美濃加茂市", "A29_004": 5, "A29_005": "第一種住居地域", "A29_006": 60, "A29_007": 200, "A29_008": null }, "geometry": { "type": "Polygon", "coordinates": [ [ [ 136.990391198, 35.458480606 ], [ 136.990472501999989, 35.45847675 ], [ 136.990930122, 35.458482591 ], [ 136.991012496, 35.458478447 ], [ 136.99123389799999, 35.458396732 ], [ 136.991385122, 35.45834504 ], [ 136.991487989, 35.458314983 ], [ 136.991603997, 35.458295952 ], [ 136.991763119000012, 35.458290305 ], [ 136.991949468, 35.458293577 ], [ 136.992721218000014, 35.458326006 ], [ 136.993294021999986, 35.458331815 ], [ 136.993867599999987, 35.458341543 ], [ 136.99397572399999, 35.458340679 ], [ 136.994071448, 35.458332325 ], [ 136.994184717, 35.458310997 ], [ 136.994654032999989, 35.458142816 ], [ 136.994949843, 35.458034384 ], [ 136.994982053, 35.458020512 ], [ 136.99502148, 35.458011896 ], [ 136.995044221, 35.458011307 ], [ 136.995230684, 35.458012167 ], [ 136.995223622999987, 35.45791823 ], [ 136.995320668, 35.457863202 ], [ 136.994432612999987, 35.456662963 ], [ 136.99385019499999, 35.456856554 ], [ 136.993692057, 35.457042243 ], [ 136.99353215799999, 35.4570979 ], [ 136.993395891, 35.457153358 ], [ 136.99297377, 35.457277992 ], [ 136.992618072999988, 35.457385702 ], [ 136.992553214, 35.457401861 ], [ 136.992472795, 35.457414464 ], [ 136.992359206, 35.45744127 ], [ 136.99222599, 35.457486283 ], [ 136.992092488, 35.457541211 ], [ 136.99193947399999, 35.45759099 ], [ 136.991692824000012, 35.45765694 ], [ 136.991548998000013, 35.45770173 ], [ 136.991463286999988, 35.45774161 ], [ 136.991142427, 35.457578007 ], [ 136.990892659, 35.457167595 ], [ 136.990393778999987, 35.457297175 ], [ 136.99028204699999, 35.457326199 ], [ 136.990181589, 35.457282695 ], [ 136.99009775, 35.457202032 ], [ 136.990053800999988, 35.457147333 ], [ 136.99002813300001, 35.457096339 ], [ 136.990024498, 35.457106087 ], [ 136.989915618, 35.457377323 ], [ 136.989887947999989, 35.457420667 ], [ 136.989781031, 35.457680863 ], [ 136.98968495299999, 35.457785393 ], [ 136.98969426, 35.458027848 ], [ 136.989752775, 35.458630648 ], [ 136.990197567, 35.45850211 ], [ 136.990325109999986, 35.458483737 ], [ 136.990391198, 35.458480606 ] ] ] } },
{ "type": "Feature", "properties": { "A29_001": "21211", "A29_002": "岐阜県", "A29_003": "美濃加茂市", "A29_004": 12, "A29_005": "工業専用地域", "A29_006": 60, "A29_007": 200, "A29_008": null }, "geometry": { "type": "Polygon", "coordinates": [ [ [ 137.001670280000013, 35.458018274 ], [ 137.00166553299999, 35.457941801 ], [ 137.001469759, 35.45794156 ], [ 137.001250765, 35.45792326 ], [ 137.00104135699999, 35.457893695 ], [ 137.000784622999987, 35.457856953 ], [ 137.00056977599999, 35.457820268 ], [ 137.000366117999988, 35.457775241 ], [ 137.000271661999989, 35.457762627 ], [ 136.998629724000011, 35.457716066 ], [ 136.99761429599999, 35.457802103 ], [ 136.99724668799999, 35.458033735 ], [ 136.996629171, 35.458533741 ], [ 136.995784085999986, 35.458835365 ], [ 136.995927341, 35.459060522 ], [ 136.995980476999989, 35.45914404 ], [ 136.99608361899999, 35.459312271 ], [ 136.99614329100001, 35.459400044 ], [ 136.996429089, 35.459647071 ], [ 136.99685068799999, 35.460015167 ], [ 136.996874262, 35.460037492 ], [ 136.9970588, 35.460160252 ], [ 136.997294041, 35.460308692 ], [ 136.997438217, 35.460397683 ], [ 136.99752407599999, 35.460429046 ], [ 136.998051038, 35.460467903 ], [ 136.99887202799999, 35.460520572 ], [ 136.999428427999987, 35.460560537 ], [ 136.99953657099999, 35.460573072 ], [ 136.999634898000011, 35.460601773 ], [ 137.00005494199999, 35.460680902 ], [ 137.000436052, 35.460759922 ], [ 137.000734196, 35.460814146 ], [ 137.00110865799999, 35.46089009 ], [ 137.00125054899999, 35.460455952 ], [ 137.001421963000013, 35.45987753 ], [ 137.00148851, 35.459677041 ], [ 137.00149807599999, 35.459643648 ], [ 137.001521442000012, 35.459536314 ], [ 137.001583528999987, 35.459200301 ], [ 137.00160605799999, 35.459068421 ], [ 137.00163163900001, 35.45886152 ], [ 137.001648960000011, 35.45866109 ], [ 137.001671391, 35.458396829 ], [ 137.001673469, 35.458220724 ], [ 137.001672869, 35.458131521 ], [ 137.001670280000013, 35.458018274 ] ] ] } },
{ "type": "Feature", "properties": { "A29_001": "21211", "A29_002": "岐阜県", "A29_003": "美濃加茂市", "A29_004": 11, "A29_005": "工業地域", "A29_006": 60, "A29_007": 200, "A29_008": null }, "geometry": { "type": "Polygon", "coordinates": [ [ [ 137.011160254, 35.459081107 ], [ 137.011483238000011, 35.457852683 ], [ 137.01142156, 35.457854903 ], [ 137.010614223, 35.457844703 ], [ 137.010357754000012, 35.457834285 ], [ 137.010338702000013, 35.458575953 ], [ 137.009672556, 35.458570672 ], [ 137.009661177999988, 35.458960929 ], [ 137.00968018399999, 35.459079191 ], [ 137.009847565, 35.460120674 ], [ 137.00983678599999, 35.460304231 ], [ 137.01079551699999, 35.460468312 ], [ 137.011160254, 35.459081107 ] ] ] } },
{ "type": "Feature", "properties": { "A29_001": "21211", "A29_002": "岐阜県", "A29_003": "美濃加茂市", "A29_004": 12, "A29_005": "工業専用地域", "A29_006": 60, "A29_007": 200, "A29_008": null }, "geometry": { "type": "Polygon", "coordinates": [ [ [ 137.01177945399999, 35.457853668 ], [ 137.011483238000011, 35.457852683 ], [ 137.011160254, 35.459081107 ], [ 137.01079551699999, 35.460468312 ], [ 137.01136735099999, 35.460580588 ], [ 137.01129680299999, 35.460925771 ], [ 137.012090193, 35.46107828 ], [ 137.01242053499999, 35.461140755 ], [ 137.01313993299999, 35.461276793 ], [ 137.014019292, 35.461445515 ], [ 137.014857275, 35.461601081 ], [ 137.015043928000011, 35.461258611 ], [ 137.015151949999989, 35.461061474 ], [ 137.015188904000013, 35.461002199 ], [ 137.015217559, 35.460962285 ], [ 137.015333161, 35.460794354 ], [ 137.015576296, 35.460440497 ], [ 137.01564561699999, 35.460346676 ], [ 137.01569443599999, 35.460293293 ], [ 137.015736137, 35.460251907 ], [ 137.01606162600001, 35.459920949 ], [ 137.016190609, 35.459789802 ], [ 137.016286231, 35.459699637 ], [ 137.01664283, 35.459396992 ], [ 137.016148101, 35.459087429 ], [ 137.016040191, 35.459019906 ], [ 137.015425861000011, 35.458634626 ], [ 137.015364962, 35.458597222 ], [ 137.015220316000011, 35.458527002 ], [ 137.015080047, 35.458484559 ], [ 137.014672299000011, 35.458403388 ], [ 137.01385654399999, 35.458244532 ], [ 137.01297730600001, 35.458077305 ], [ 137.012426584999986, 35.457970813 ], [ 137.012203801999988, 35.45792773 ], [ 137.011854774999989, 35.457861003 ], [ 137.01177945399999, 35.457853668 ] ] ] } },
{ "type": "Feature", "properties": { "A29_001": "21211", "A29_002": "岐阜県", "A29_003": "美濃加茂市", "A29_004": 1, "A29_005": "第一種低層住居専用地域", "A29_006": 50, "A29_007": 80, "A29_008": null }, "geometry": { "type": "Polygon", "coordinates": [ [ [ 137.01978107, 35.459393037 ], [ 137.019710032, 35.459295644 ], [ 137.019645970999989, 35.459202189 ], [ 137.019564741000011, 35.459098582 ], [ 137.01956019299999, 35.459091635 ], [ 137.019521113, 35.459031996 ], [ 137.019443967, 35.458924464 ], [ 137.019777371, 35.458767683 ], [ 137.019772769000014, 35.458759808 ], [ 137.019759744, 35.458742873 ], [ 137.019741231000012, 35.458714654 ], [ 137.019718597, 35.45868699 ], [ 137.019687057999988, 35.458642963 ], [ 137.019634258999986, 35.458566757 ], [ 137.019581463, 35.458488865 ], [ 137.019563645, 35.458448235 ], [ 137.019537605000011, 35.458396878 ], [ 137.019528707, 35.458358521 ], [ 137.019516395000011, 35.458313391 ], [ 137.019508865, 35.458280102 ], [ 137.019499294000013, 35.458236102 ], [ 137.01949110000001, 35.458192103 ], [ 137.019058553, 35.458229371 ], [ 137.018921559, 35.457961784 ], [ 137.018846438999987, 35.457759561 ], [ 137.01877998399999, 35.457891941 ], [ 137.01863147, 35.458002154 ], [ 137.018450116999986, 35.458080182 ], [ 137.018163871000013, 35.458175118 ], [ 137.017699727, 35.45833139 ], [ 137.017613315, 35.458369296 ], [ 137.017470916, 35.458466021 ], [ 137.017297151, 35.458651198 ], [ 137.017275523, 35.458681584 ], [ 137.01713901299999, 35.458887621 ], [ 137.017181548, 35.458931103 ], [ 137.017164216, 35.458967525 ], [ 137.017105891, 35.459062668 ], [ 137.01708484400001, 35.459088594 ], [ 137.016761280999987, 35.459490074 ], [ 137.016728683, 35.45953048 ], [ 137.016802215000013, 35.459582789 ], [ 137.01689389, 35.45965424 ], [ 137.017034488, 35.459675192 ], [ 137.017209068999989, 35.459699548 ], [ 137.017309132, 35.459667834 ], [ 137.01747320199999, 35.459614557 ], [ 137.017598772000014, 35.459546025 ], [ 137.017860133999989, 35.459421963 ], [ 137.018058778000011, 35.459349239 ], [ 137.01804436899999, 35.459522254 ], [ 137.01802242, 35.459643322 ], [ 137.01801552500001, 35.45985198 ], [ 137.018074616, 35.459891155 ], [ 137.017933797000012, 35.460079682 ], [ 137.018146851000012, 35.460146423 ], [ 137.018070986, 35.460187325 ], [ 137.018025302000012, 35.460202665 ], [ 137.017993976000014, 35.460234202 ], [ 137.017980725, 35.46027447 ], [ 137.017952313, 35.460309797 ], [ 137.017868561, 35.460355981 ], [ 137.017830976, 35.460406413 ], [ 137.017863190000014, 35.460508221 ], [ 137.017861219, 35.460519649 ], [ 137.017973340999987, 35.460559273 ], [ 137.017999788999987, 35.46050628 ], [ 137.018038284, 35.460458112 ], [ 137.018076774, 35.460413305 ], [ 137.01811249, 35.460378591 ], [ 137.0181647, 35.460331566 ], [ 137.018193553, 35.46030245 ], [ 137.018238888000013, 35.460267748 ], [ 137.018275961, 35.460244239 ], [ 137.018333625999986, 35.460208434 ], [ 137.018402277, 35.460171516 ], [ 137.01846163799999, 35.460142158 ], [ 137.018553602, 35.460105268 ], [ 137.018666443, 35.460056983 ], [ 137.018722714, 35.460035752 ], [ 137.018774868, 35.460018996 ], [ 137.01883799699999, 35.459995529 ], [ 137.01893307200001, 35.4599561 ], [ 137.019000326, 35.459930393 ], [ 137.019121105000011, 35.459884579 ], [ 137.019237785, 35.459833143 ], [ 137.019316357, 35.459804908 ], [ 137.019408301999988, 35.459778104 ], [ 137.019512593, 35.459747962 ], [ 137.01959080899999, 35.459727875 ], [ 137.019678634, 35.459706673 ], [ 137.019909661000014, 35.459655871 ], [ 137.019884614, 35.459591507 ], [ 137.019845086, 35.45950579 ], [ 137.01978107, 35.459393037 ] ] ] } },
{ "type": "Feature", "properties": { "A29_001": "21211", "A29_002": "岐阜県", "A29_003": "美濃加茂市", "A29_004": 2, "A29_005": "第二種低層住居専用地域", "A29_006": 50, "A29_007": 80, "A29_008": null }, "geometry": { "type": "Polygon", "coordinates": [ [ [ 137.019536816999988, 35.467052442 ], [ 137.019847524, 35.466828065 ], [ 137.019938255999989, 35.466666743 ], [ 137.01997052499999, 35.466595562 ], [ 137.01997248699999, 35.466577032 ], [ 137.019973721000014, 35.466480079 ], [ 137.019993461000013, 35.466391657 ], [ 137.020020226000014, 35.466336046 ], [ 137.020108195, 35.466233582 ], [ 137.020247156000011, 35.466082234 ], [ 137.02032081199999, 35.466016106 ], [ 137.02041020499999, 35.465959949 ], [ 137.020475409999989, 35.465924062 ], [ 137.020563248, 35.465826077 ], [ 137.020439019, 35.465734029 ], [ 137.02027387199999, 35.465664583 ], [ 137.02020826399999, 35.465673671 ], [ 137.02016464, 35.465626934 ], [ 137.020091701000013, 35.465607781 ], [ 137.019954573, 35.465502339 ], [ 137.019999646, 35.465412777 ], [ 137.02005828899999, 35.465403888 ], [ 137.0204105, 35.465328624 ], [ 137.02037517799999, 35.465174874 ], [ 137.02035305699999, 35.46509437 ], [ 137.020350599000011, 35.465064296 ], [ 137.020365314, 35.464994041 ], [ 137.02038217399999, 35.464980594 ], [ 137.020387545, 35.46492923 ], [ 137.020402549000011, 35.464888216 ], [ 137.02065839, 35.4648937 ], [ 137.02089969299999, 35.464883824 ], [ 137.021045109, 35.464834819 ], [ 137.021165746, 35.464761338 ], [ 137.021204498, 35.464724265 ], [ 137.02126787099999, 35.46468879 ], [ 137.02143202100001, 35.46462606 ], [ 137.021461869, 35.464607698 ], [ 137.021570139, 35.464530029 ], [ 137.021630640000012, 35.464499192 ], [ 137.021720784, 35.464471132 ], [ 137.021722993, 35.464456072 ], [ 137.02175423700001, 35.464451765 ], [ 137.021816695000012, 35.464447323 ], [ 137.02189098299999, 35.464426293 ], [ 137.02195237399999, 35.464377799 ], [ 137.021984484, 35.464339293 ], [ 137.022035233, 35.464289849 ], [ 137.022151025999989, 35.464188661 ], [ 137.02222526599999, 35.464144969 ], [ 137.0223554, 35.464082792 ], [ 137.022570343000012, 35.463987924 ], [ 137.022747595, 35.463891829 ], [ 137.022791737, 35.463864389 ], [ 137.022877211, 35.463761073 ], [ 137.0229625, 35.463743065 ], [ 137.023267444, 35.463711572 ], [ 137.023398114, 35.463707031 ], [ 137.023531318000011, 35.463683257 ], [ 137.02357159799999, 35.463690399 ], [ 137.023627432000012, 35.463711684 ], [ 137.023734131, 35.463711216 ], [ 137.023846307000014, 35.463741149 ], [ 137.023930822000011, 35.46376793 ], [ 137.02419659099999, 35.4637212 ], [ 137.024252151000013, 35.463672851 ], [ 137.024231702, 35.463647642 ], [ 137.02430658599999, 35.463506417 ], [ 137.024357554, 35.463369491 ], [ 137.02435913299999, 35.463304817 ], [ 137.024360927, 35.46323122 ], [ 137.02436532499999, 35.463086297 ], [ 137.02440777699999, 35.463017381 ], [ 137.02441272499999, 35.462866365 ], [ 137.02439524799999, 35.462836896 ], [ 137.024348212, 35.462799423 ], [ 137.02429651700001, 35.462780532 ], [ 137.02419297899999, 35.462770404 ], [ 137.024200989, 35.462745256 ], [ 137.024267951000013, 35.462747408 ], [ 137.024271408, 35.462730222 ], [ 137.024133581, 35.462664834 ], [ 137.02410903399999, 35.462645686 ], [ 137.024102499, 35.462627524 ], [ 137.023980599, 35.462589629 ], [ 137.023922897, 35.462472379 ], [ 137.023921723, 35.462426081 ], [ 137.023994867999988, 35.462364827 ], [ 137.024006391, 35.462221815 ], [ 137.023988285, 35.462105576 ], [ 137.023986016, 35.461862203 ], [ 137.02365469, 35.461832407 ], [ 137.023591769, 35.46184406 ], [ 137.02351329199999, 35.461302349 ], [ 137.023423881000014, 35.4613414 ], [ 137.023291081999986, 35.461387025 ], [ 137.023175092, 35.461415849 ], [ 137.02299, 35.461370622 ], [ 137.022794319000013, 35.461301125 ], [ 137.022823444000011, 35.461192603 ], [ 137.022855961, 35.461128507 ], [ 137.022919651, 35.461111024 ], [ 137.023122967, 35.46103178 ], [ 137.02310308, 35.460846283 ], [ 137.023257538, 35.46080676 ], [ 137.023355466999988, 35.460847737 ], [ 137.023384044000011, 35.460842777 ], [ 137.023420807, 35.460900078 ], [ 137.023515978, 35.460899181 ], [ 137.023625231000011, 35.460859938 ], [ 137.023704165, 35.46080162 ], [ 137.023752120000012, 35.460772832 ], [ 137.023686493000014, 35.460477707 ], [ 137.02364656899999, 35.460351301 ], [ 137.02360216, 35.460138625 ], [ 137.023309479, 35.460109234 ], [ 137.023317615, 35.460019239 ], [ 137.023426953000012, 35.460018702 ], [ 137.023875194999988, 35.460025921 ], [ 137.024246694, 35.459943377 ], [ 137.02424701699999, 35.45975986 ], [ 137.024172751, 35.459758384 ], [ 137.024103274999987, 35.459683891 ], [ 137.024018157, 35.459601448 ], [ 137.023967152000012, 35.459504595 ], [ 137.023952592, 35.459476967 ], [ 137.023929963, 35.459439181 ], [ 137.02391271499999, 35.459392576 ], [ 137.023852053000013, 35.459417888 ], [ 137.02377761299999, 35.459378363 ], [ 137.023614568, 35.459415398 ], [ 137.023419851999989, 35.459474723 ], [ 137.023261657, 35.459541717 ], [ 137.023109752000011, 35.459571346 ], [ 137.022933386, 35.459496977 ], [ 137.023037448, 35.459216142 ], [ 137.023120764999987, 35.459114698 ], [ 137.023137512, 35.459095942 ], [ 137.023314261, 35.458898032 ], [ 137.023170693, 35.458768456 ], [ 137.022961409, 35.458886381 ], [ 137.022924006000011, 35.458985356 ], [ 137.022837963, 35.459095585 ], [ 137.022829328, 35.459106653 ], [ 137.022716523000014, 35.459099749 ], [ 137.022594012000013, 35.459098756 ], [ 137.022594735000013, 35.459095295 ], [ 137.022605169, 35.459045442 ], [ 137.022585174, 35.459044427 ], [ 137.022623468, 35.458915815 ], [ 137.02251597899999, 35.458757607 ], [ 137.02239165899999, 35.458752745 ], [ 137.02202188699999, 35.458832716 ], [ 137.021867375, 35.458835587 ], [ 137.021744997000013, 35.458834989 ], [ 137.02160059799999, 35.458857144 ], [ 137.021438351, 35.458867044 ], [ 137.021261917, 35.458275321 ], [ 137.021074631, 35.458296405 ], [ 137.021004244000011, 35.458117914 ], [ 137.02098174, 35.457889372 ], [ 137.02092500099999, 35.457926585 ], [ 137.02078464499999, 35.457949916 ], [ 137.020479902, 35.457936675 ], [ 137.020428802, 35.457913555 ], [ 137.020405219999986, 35.457892118 ], [ 137.02039919500001, 35.457842786 ], [ 137.020466504000012, 35.457644775 ], [ 137.020466922999987, 35.457376806 ], [ 137.020420043, 35.457219634 ], [ 137.020352382, 35.457112853 ], [ 137.02031420099999, 35.457013517 ], [ 137.020289217, 35.456762797 ], [ 137.019970066000013, 35.456441149 ], [ 137.019981701, 35.456234444 ], [ 137.019956866, 35.45602948 ], [ 137.019887481000012, 35.455762796 ], [ 137.019887512999986, 35.455684788 ], [ 137.019773081000011, 35.455690707 ], [ 137.01976189199999, 35.455512612 ], [ 137.019833424000012, 35.455337006 ], [ 137.01982806699999, 35.455296445 ], [ 137.019778464000012, 35.455147509 ], [ 137.019782212, 35.455067631 ], [ 137.019863501, 35.454851492 ], [ 137.01986165299999, 35.454777097 ], [ 137.01983711599999, 35.45466906 ], [ 137.019769641000011, 35.454504625 ], [ 137.019464383000013, 35.454545051 ], [ 137.019457144, 35.454551848 ], [ 137.01948797099999, 35.454604834 ], [ 137.01958978499999, 35.454896959 ], [ 137.019453023000011, 35.454915343 ], [ 137.01942471800001, 35.454916544 ], [ 137.019308419, 35.45494439 ], [ 137.019252834000014, 35.454953418 ], [ 137.01927319699999, 35.45512059 ], [ 137.01928747, 35.45523779 ], [ 137.019287139, 35.455243982 ], [ 137.019277347000013, 35.455430399 ], [ 137.01924541, 35.455429855 ], [ 137.019182018, 35.455630079 ], [ 137.01890602899999, 35.455621538 ], [ 137.018917065000011, 35.455677529 ], [ 137.01892966299999, 35.455740697 ], [ 137.018950356, 35.455847169 ], [ 137.018980398, 35.456004357 ], [ 137.018673764999988, 35.456058958 ], [ 137.01867534499999, 35.456116524 ], [ 137.018674655000012, 35.45617424 ], [ 137.01867249, 35.456243402 ], [ 137.018672192999986, 35.456312363 ], [ 137.018669477, 35.45651153 ], [ 137.018671135, 35.456526477 ], [ 137.018857579000013, 35.456542066 ], [ 137.018875205, 35.456530558 ], [ 137.018958064, 35.456470148 ], [ 137.018984848, 35.45645081 ], [ 137.019093086, 35.456362235 ], [ 137.01915658199999, 35.456461674 ], [ 137.019169381000012, 35.456481719 ], [ 137.019208598, 35.456525503 ], [ 137.019252932, 35.456572944 ], [ 137.019325715, 35.456757181 ], [ 137.019338006999988, 35.456849707 ], [ 137.019391668999987, 35.456904903 ], [ 137.019466560000012, 35.456942907 ], [ 137.019539589, 35.456980639 ], [ 137.019232612, 35.457257807 ], [ 137.019228663, 35.457272603 ], [ 137.019265049000012, 35.457316501 ], [ 137.01937626899999, 35.457321035 ], [ 137.019444127000014, 35.457355092 ], [ 137.019481957000011, 35.457398991 ], [ 137.019529997, 35.45748042 ], [ 137.019407578999989, 35.457744833 ], [ 137.019029058, 35.457651571 ], [ 137.018893307000013, 35.457620513 ], [ 137.018866632, 35.4577121 ], [ 137.018861609999988, 35.457729355 ], [ 137.018846438999987, 35.457759561 ], [ 137.018921559, 35.457961784 ], [ 137.019058553, 35.458229371 ], [ 137.01949110000001, 35.458192103 ], [ 137.019499294000013, 35.458236102 ], [ 137.019508865, 35.458280102 ], [ 137.019516395000011, 35.458313391 ], [ 137.019528707, 35.458358521 ], [ 137.019537605000011, 35.458396878 ], [ 137.019563645, 35.458448235 ], [ 137.019581463, 35.458488865 ], [ 137.019634258999986, 35.458566757 ], [ 137.019687057999988, 35.458642963 ], [ 137.019718597, 35.45868699 ], [ 137.019741231000012, 35.458714654 ], [ 137.019759744, 35.458742873 ], [ 137.019772769000014, 35.458759808 ], [ 137.019777371, 35.458767683 ], [ 137.019443967, 35.458924464 ], [ 137.019521113, 35.459031996 ], [ 137.01956019299999, 35.459091635 ], [ 137.019564741000011, 35.459098582 ], [ 137.019645970999989, 35.459202189 ], [ 137.019710032, 35.459295644 ], [ 137.01978107, 35.459393037 ], [ 137.019845086, 35.45950579 ], [ 137.019884614, 35.459591507 ], [ 137.019909661000014, 35.459655871 ], [ 137.01991621, 35.459671356 ], [ 137.02009690599999, 35.460194038 ], [ 137.02050482300001, 35.460092368 ], [ 137.020852557000012, 35.45998133 ], [ 137.020885354, 35.460043801 ], [ 137.020903863, 35.460080483 ], [ 137.02092238, 35.460112659 ], [ 137.020931295999986, 35.46013579 ], [ 137.020947744000011, 35.460166837 ], [ 137.02096694799999, 35.460209163 ], [ 137.020992998999986, 35.460254877 ], [ 137.021016992999989, 35.460311316 ], [ 137.02103619, 35.46035759 ], [ 137.021067724, 35.460417418 ], [ 137.021090342, 35.460478921 ], [ 137.021129427, 35.460548918 ], [ 137.021158915, 35.460613818 ], [ 137.021187005, 35.460695636 ], [ 137.021199337000013, 35.460736827 ], [ 137.021220586, 35.460800023 ], [ 137.021240449, 35.460874503 ], [ 137.021250689, 35.460951216 ], [ 137.021259566, 35.461026242 ], [ 137.021258163999988, 35.461083209 ], [ 137.02124643799999, 35.4611582 ], [ 137.021241594, 35.461211215 ], [ 137.021231266, 35.461256886 ], [ 137.02120510899999, 35.461343137 ], [ 137.021193404, 35.461388238 ], [ 137.02118034, 35.461429389 ], [ 137.021161067, 35.461492527 ], [ 137.021143857999988, 35.461553414 ], [ 137.021119782, 35.461609786 ], [ 137.02111083, 35.461656017 ], [ 137.021103254, 35.461690406 ], [ 137.021088811, 35.461726481 ], [ 137.021078483, 35.461765382 ], [ 137.021059216999987, 35.461824572 ], [ 137.02104681099999, 35.461879831 ], [ 137.02103854, 35.46192042 ], [ 137.021024092, 35.461959316 ], [ 137.021018590000011, 35.461973975 ], [ 137.02101858, 35.461991454 ], [ 137.021010315000012, 35.462023029 ], [ 137.021002054, 35.462052342 ], [ 137.020992420999988, 35.462085042 ], [ 137.020675204000014, 35.462033801 ], [ 137.020657605, 35.462078544 ], [ 137.020646984, 35.462114975 ], [ 137.020632545000012, 35.462148796 ], [ 137.020622223, 35.462178106 ], [ 137.02060777, 35.462219815 ], [ 137.020594157, 35.462259361 ], [ 137.020583047, 35.462310475 ], [ 137.020572678, 35.462365881 ], [ 137.02056550899999, 35.462413006 ], [ 137.020563845999988, 35.462461248 ], [ 137.020563286, 35.462515169 ], [ 137.020564611, 35.462550235 ], [ 137.020566737, 35.462611362 ], [ 137.020562716, 35.462659609 ], [ 137.02055449400001, 35.46271609 ], [ 137.02054885199999, 35.462752987 ], [ 137.02054320900001, 35.462784619 ], [ 137.020535532999986, 35.462825245 ], [ 137.02052498099999, 35.462860072 ], [ 137.020512747999987, 35.462892399 ], [ 137.020499312999988, 35.46292505 ], [ 137.020479880000011, 35.462972557 ], [ 137.020458663999989, 35.463012653 ], [ 137.02043293700001, 35.463049444 ], [ 137.020407637, 35.463087777 ], [ 137.020381046000011, 35.463120836 ], [ 137.020361212000012, 35.463146177 ], [ 137.02033456699999, 35.46317307 ], [ 137.02030618399999, 35.463197671 ], [ 137.02028224599999, 35.463220186 ], [ 137.020250263, 35.46324919 ], [ 137.020224781, 35.463272136 ], [ 137.020208599, 35.463288738 ], [ 137.020194233000012, 35.463300457 ], [ 137.01985115799999, 35.463021912 ], [ 137.01978761699999, 35.463070925 ], [ 137.019760542, 35.46309139 ], [ 137.01973437800001, 35.463113524 ], [ 137.019688559, 35.463147685 ], [ 137.019646711, 35.463178985 ], [ 137.019613088999989, 35.463200758 ], [ 137.01958011100001, 35.463220008 ], [ 137.019550092, 35.463235647 ], [ 137.019519583, 35.463248067 ], [ 137.01949400699999, 35.463255671 ], [ 137.019457429999989, 35.463266569 ], [ 137.019430865, 35.46327337 ], [ 137.01940037599999, 35.463280967 ], [ 137.019365448, 35.463287757 ], [ 137.019322668, 35.463292122 ], [ 137.019286609, 35.463296891 ], [ 137.01924727, 35.463299665 ], [ 137.01921473499999, 35.463299616 ], [ 137.01918129500001, 35.463299575 ], [ 137.019141979000011, 35.463295913 ], [ 137.019111006, 35.463291052 ], [ 137.019067575, 35.463284157 ], [ 137.019014502, 35.463272032 ], [ 137.018977158000013, 35.463262341 ], [ 137.018934265000013, 35.463250534 ], [ 137.01889691299999, 35.463239636 ], [ 137.01887284, 35.463232773 ], [ 137.018846798999988, 35.463223899 ], [ 137.018816222, 35.463213315 ], [ 137.01762206, 35.4628144 ], [ 137.01760106099999, 35.462856082 ], [ 137.017535635, 35.462994564 ], [ 137.01749994299999, 35.463069139 ], [ 137.017476147, 35.463121436 ], [ 137.017458287000011, 35.46316889 ], [ 137.01743505799999, 35.463236692 ], [ 137.017415972, 35.463303526 ], [ 137.01739986199999, 35.463364558 ], [ 137.017386722, 35.463421709 ], [ 137.017380667, 35.463490505 ], [ 137.017375781, 35.463570923 ], [ 137.01737326, 35.46365329 ], [ 137.017374853, 35.463751157 ], [ 137.017385373, 35.463829664 ], [ 137.017408859999989, 35.463945001 ], [ 137.01743947599999, 35.464047754 ], [ 137.01747544, 35.464148575 ], [ 137.017515538999987, 35.464247463 ], [ 137.01773173699999, 35.464706418 ], [ 137.017784129, 35.464849319 ], [ 137.017832343, 35.464987203 ], [ 137.01789183599999, 35.465181078 ], [ 137.01791241399999, 35.46526735 ], [ 137.017932390999988, 35.465356514 ], [ 137.017963477, 35.465528072 ], [ 137.017976925999989, 35.465625954 ], [ 137.017987401999989, 35.465728681 ], [ 137.017994503000011, 35.46580997 ], [ 137.017998374, 35.465885674 ], [ 137.01800286, 35.466022315 ], [ 137.017999601000014, 35.466183166 ], [ 137.017989959, 35.466273267 ], [ 137.017985813, 35.466340597 ], [ 137.01795614, 35.466646379 ], [ 137.017951246, 35.466701665 ], [ 137.017949514, 35.466732681 ], [ 137.017945836, 35.466773302 ], [ 137.017930518000014, 35.466882218 ], [ 137.017928159, 35.466918875 ], [ 137.017924967, 35.466940883 ], [ 137.017922571000014, 35.466973601 ], [ 137.017954229999987, 35.466977931 ], [ 137.017990685, 35.466980536 ], [ 137.01803259, 35.466979163 ], [ 137.018076662, 35.46698624 ], [ 137.018110353, 35.466987741 ], [ 137.01815436699999, 35.466990301 ], [ 137.018191495, 35.466992339 ], [ 137.018239706, 35.467001079 ], [ 137.018279626, 35.46700705 ], [ 137.018333953, 35.46700956 ], [ 137.018377253000011, 35.467010433 ], [ 137.018421999, 35.467016374 ], [ 137.01846056, 35.467024048 ], [ 137.018507461000013, 35.467038438 ], [ 137.018536442, 35.467048983 ], [ 137.018570246, 35.467061194 ], [ 137.018614458, 35.4670818 ], [ 137.01865592499999, 35.467103548 ], [ 137.018687043, 35.467120289 ], [ 137.01871953700001, 35.46713814 ], [ 137.018752742, 35.467158255 ], [ 137.018790857999988, 35.467186786 ], [ 137.018829047, 35.467223223 ], [ 137.01887775899999, 35.467277637 ], [ 137.018895152999988, 35.467297841 ], [ 137.01891393599999, 35.467318028 ], [ 137.01893353299999, 35.46735062 ], [ 137.018953861, 35.467387161 ], [ 137.018977817, 35.467440598 ], [ 137.01899121299999, 35.4674721 ], [ 137.019004658, 35.467506983 ], [ 137.019013941999987, 35.467539075 ], [ 137.019013559, 35.46756783 ], [ 137.019016531, 35.467587556 ], [ 137.01901667199999, 35.467601086 ], [ 137.019073834000011, 35.467601823 ], [ 137.019035136000014, 35.467433962 ], [ 137.01904640399999, 35.467411675 ], [ 137.01910909599999, 35.467389261 ], [ 137.019141434, 35.467371697 ], [ 137.019178406, 35.4673447 ], [ 137.019463570999989, 35.467134687 ], [ 137.01953056100001, 35.467081009 ], [ 137.019516294999988, 35.467067273 ], [ 137.019536816999988, 35.467052442 ] ] ] } },
{ "type": "Feature", "properties": { "A29_001": "21211", "A29_002": "岐阜県", "A29_003": "美濃加茂市", "A29_004": 1, "A29_005": "第一種低層住居専用地域", "A29_006": 50, "A29_007": 80, "A29_008": null }, "geometry": { "type": "Polygon", "coordinates": [ [ [ 137.040270596999989, 35.461737598 ], [ 137.040417413, 35.461402456 ], [ 137.040498227, 35.46123323 ], [ 137.040099363, 35.461173157 ], [ 137.039730346, 35.461134199 ], [ 137.03960452699999, 35.461420379 ], [ 137.03948825399999, 35.461352994 ], [ 137.03929987399999, 35.461591127 ], [ 137.039135708, 35.461775119 ], [ 137.039429304, 35.461951329 ], [ 137.03971597899999, 35.462130316 ], [ 137.039818179, 35.462193396 ], [ 137.040241587999986, 35.461730266 ], [ 137.040270596999989, 35.461737598 ] ] ] } },
{ "type": "Feature", "properties": { "A29_001": "21211", "A29_002": "岐阜県", "A29_003": "美濃加茂市", "A29_004": 3, "A29_005": "第一種中高層住居専用地域", "A29_006": 60, "A29_007": 200, "A29_008": null }, "geometry": { "type": "Polygon", "coordinates": [ [ [ 137.042141254, 35.460706911 ], [ 137.042084869, 35.460776496 ], [ 137.041948531, 35.460759454 ], [ 137.041538957, 35.460864981 ], [ 137.041333186, 35.46091183 ], [ 137.041174598, 35.461090215 ], [ 137.04056750399999, 35.46107187 ], [ 137.040498227, 35.46123323 ], [ 137.040417413, 35.461402456 ], [ 137.040270596999989, 35.461737598 ], [ 137.040485689, 35.461847028 ], [ 137.040761379, 35.461991423 ], [ 137.041017557, 35.46210826 ], [ 137.041217464999988, 35.462192127 ], [ 137.041370371999989, 35.462261153 ], [ 137.04222645499999, 35.462579576 ], [ 137.042997144, 35.4629273 ], [ 137.043566090000013, 35.46324029 ], [ 137.04362900699999, 35.462723616 ], [ 137.043623126, 35.462671202 ], [ 137.04358210800001, 35.462504302 ], [ 137.043520214000011, 35.462263365 ], [ 137.043443222, 35.462104351 ], [ 137.043313837, 35.461817987 ], [ 137.043188324, 35.461565448 ], [ 137.043086396, 35.461381223 ], [ 137.043016217, 35.4612783 ], [ 137.04290223699999, 35.461136276 ], [ 137.042814814, 35.46103439 ], [ 137.04273343, 35.460953956 ], [ 137.042610016, 35.460871612 ], [ 137.042513143, 35.460833356 ], [ 137.042375592000013, 35.460795454 ], [ 137.042222869, 35.46075861 ], [ 137.042141254, 35.460706911 ] ] ] } },
{ "type": "Feature", "properties": { "A29_001": "21211", "A29_002": "岐阜県", "A29_003": "美濃加茂市", "A29_004": 1, "A29_005": "第一種低層住居専用地域", "A29_006": 50, "A29_007": 80, "A29_008": null }, "geometry": { "type": "Polygon", "coordinates": [ [ [ 137.02009690599999, 35.460194038 ], [ 137.019832029000014, 35.460264306 ], [ 137.019741928, 35.460288417 ], [ 137.0196542, 35.460310602 ], [ 137.019572391999986, 35.460336661 ], [ 137.019495318, 35.460364672 ], [ 137.019387407000011, 35.46041008 ], [ 137.019210124000011, 35.460489322 ], [ 137.019056538, 35.460574723 ], [ 137.019125695000014, 35.460647163 ], [ 137.01917299499999, 35.460700521 ], [ 137.019232139, 35.460771786 ], [ 137.01926555599999, 35.460813535 ], [ 137.019285630000013, 35.460849687 ], [ 137.019307571000013, 35.460895397 ], [ 137.019322644999988, 35.460930381 ], [ 137.01934046400001, 35.460971011 ], [ 137.019355528, 35.461017281 ], [ 137.019369025, 35.461071886 ], [ 137.019376048, 35.461117443 ], [ 137.019385410000012, 35.461185285 ], [ 137.01938650299999, 35.461232763 ], [ 137.019385226999987, 35.461286061 ], [ 137.019375024999988, 35.461351942 ], [ 137.019367530000011, 35.461402321 ], [ 137.019359165, 35.461440098 ], [ 137.019350237, 35.461466254 ], [ 137.019310061, 35.461566009 ], [ 137.019263647, 35.461666801 ], [ 137.018337887, 35.461361813 ], [ 137.017762212, 35.462536508 ], [ 137.01762206, 35.4628144 ], [ 137.018816222, 35.463213315 ], [ 137.018846798999988, 35.463223899 ], [ 137.01887284, 35.463232773 ], [ 137.01889691299999, 35.463239636 ], [ 137.018934265000013, 35.463250534 ], [ 137.018977158000013, 35.463262341 ], [ 137.019014502, 35.463272032 ], [ 137.019067575, 35.463284157 ], [ 137.019111006, 35.463291052 ], [ 137.019141979000011, 35.463295913 ], [ 137.01918129500001, 35.463299575 ], [ 137.01921473499999, 35.463299616 ], [ 137.01924727, 35.463299665 ], [ 137.019286609, 35.463296891 ], [ 137.019322668, 35.463292122 ], [ 137.019365448, 35.463287757 ], [ 137.01940037599999, 35.463280967 ], [ 137.019430865, 35.46327337 ], [ 137.019457429999989, 35.463266569 ], [ 137.01949400699999, 35.463255671 ], [ 137.019519583, 35.463248067 ], [ 137.019550092, 35.463235647 ], [ 137.01958011100001, 35.463220008 ], [ 137.019613088999989, 35.463200758 ], [ 137.019646711, 35.463178985 ], [ 137.019688559, 35.463147685 ], [ 137.01973437800001, 35.463113524 ], [ 137.019760542, 35.46309139 ], [ 137.01978761699999, 35.463070925 ], [ 137.01985115799999, 35.463021912 ], [ 137.020194233000012, 35.463300457 ], [ 137.020208599, 35.463288738 ], [ 137.020224781, 35.463272136 ], [ 137.020250263, 35.46324919 ], [ 137.02028224599999, 35.463220186 ], [ 137.02030618399999, 35.463197671 ], [ 137.02033456699999, 35.46317307 ], [ 137.020361212000012, 35.463146177 ], [ 137.020381046000011, 35.463120836 ], [ 137.020407637, 35.463087777 ], [ 137.02043293700001, 35.463049444 ], [ 137.020458663999989, 35.463012653 ], [ 137.020479880000011, 35.462972557 ], [ 137.020499312999988, 35.46292505 ], [ 137.020512747999987, 35.462892399 ], [ 137.02052498099999, 35.462860072 ], [ 137.020535532999986, 35.462825245 ], [ 137.02054320900001, 35.462784619 ], [ 137.02054885199999, 35.462752987 ], [ 137.02055449400001, 35.46271609 ], [ 137.020562716, 35.462659609 ], [ 137.020566737, 35.462611362 ], [ 137.020564611, 35.462550235 ], [ 137.020563286, 35.462515169 ], [ 137.020563845999988, 35.462461248 ], [ 137.02056550899999, 35.462413006 ], [ 137.020572678, 35.462365881 ], [ 137.020583047, 35.462310475 ], [ 137.020594157, 35.462259361 ], [ 137.02060777, 35.462219815 ], [ 137.020622223, 35.462178106 ], [ 137.020632545000012, 35.462148796 ], [ 137.020646984, 35.462114975 ], [ 137.020657605, 35.462078544 ], [ 137.020675204000014, 35.462033801 ], [ 137.020992420999988, 35.462085042 ], [ 137.021002054, 35.462052342 ], [ 137.021010315000012, 35.462023029 ], [ 137.02101858, 35.461991454 ], [ 137.021018590000011, 35.461973975 ], [ 137.021024092, 35.461959316 ], [ 137.02103854, 35.46192042 ], [ 137.02104681099999, 35.461879831 ], [ 137.021059216999987, 35.461824572 ], [ 137.021078483, 35.461765382 ], [ 137.021088811, 35.461726481 ], [ 137.021103254, 35.461690406 ], [ 137.02111083, 35.461656017 ], [ 137.021119782, 35.461609786 ], [ 137.021143857999988, 35.461553414 ], [ 137.021161067, 35.461492527 ], [ 137.02118034, 35.461429389 ], [ 137.021193404, 35.461388238 ], [ 137.02120510899999, 35.461343137 ], [ 137.021231266, 35.461256886 ], [ 137.021241594, 35.461211215 ], [ 137.02124643799999, 35.4611582 ], [ 137.021258163999988, 35.461083209 ], [ 137.021259566, 35.461026242 ], [ 137.021250689, 35.460951216 ], [ 137.021240449, 35.460874503 ], [ 137.021220586, 35.460800023 ], [ 137.021199337000013, 35.460736827 ], [ 137.021187005, 35.460695636 ], [ 137.021158915, 35.460613818 ], [ 137.021129427, 35.460548918 ], [ 137.021090342, 35.460478921 ], [ 137.021067724, 35.460417418 ], [ 137.02103619, 35.46035759 ], [ 137.021016992999989, 35.460311316 ], [ 137.020992998999986, 35.460254877 ], [ 137.02096694799999, 35.460209163 ], [ 137.020947744000011, 35.460166837 ], [ 137.020931295999986, 35.46013579 ], [ 137.02092238, 35.460112659 ], [ 137.020903863, 35.460080483 ], [ 137.020885354, 35.460043801 ], [ 137.020852557000012, 35.45998133 ], [ 137.02050482300001, 35.460092368 ], [ 137.02009690599999, 35.460194038 ] ] ] } },
{ "type": "Feature", "properties": { "A29_001": "21211", "A29_002": "岐阜県", "A29_003": "美濃加茂市", "A29_004": 2, "A29_005": "第二種低層住居専用地域", "A29_006": 50, "A29_007": 80, "A29_008": null }, "geometry": { "type": "Polygon", "coordinates": [ [ [ 137.016911671, 35.462407213 ], [ 137.01660177799999, 35.462512247 ], [ 137.01641191499999, 35.46259238 ], [ 137.016332866, 35.462625543 ], [ 137.015862922999986, 35.462845233 ], [ 137.01587407400001, 35.463062864 ], [ 137.01572697899999, 35.463043129 ], [ 137.015658322, 35.463010277 ], [ 137.015569198, 35.463005072 ], [ 137.01567387599999, 35.463336162 ], [ 137.01567712100001, 35.463404259 ], [ 137.015734189999989, 35.463476839 ], [ 137.01573265499999, 35.463708723 ], [ 137.015668524, 35.463859393 ], [ 137.015415389999987, 35.464081615 ], [ 137.015622764, 35.464155763 ], [ 137.015586555999988, 35.464174764 ], [ 137.015546599, 35.464177941 ], [ 137.015533721999986, 35.464200018 ], [ 137.01551321, 35.464221779 ], [ 137.015496125999988, 35.464242644 ], [ 137.015437843, 35.464276472 ], [ 137.015403598, 35.464283109 ], [ 137.015460042, 35.464377944 ], [ 137.01551230199999, 35.464500979 ], [ 137.015626354, 35.464421997 ], [ 137.01574517099999, 35.464398826 ], [ 137.015762822999989, 35.464392664 ], [ 137.01581515699999, 35.464381543 ], [ 137.016069093, 35.464285068 ], [ 137.016120347, 35.464262353 ], [ 137.01577689199999, 35.464800098 ], [ 137.015960635999988, 35.464879011 ], [ 137.01599018499999, 35.464891722 ], [ 137.01643338, 35.464469147 ], [ 137.016471903, 35.464490801 ], [ 137.016504432, 35.464512592 ], [ 137.016531407, 35.464528779 ], [ 137.016617023, 35.464567159 ], [ 137.01677227799999, 35.464626538 ], [ 137.01695859099999, 35.46469926 ], [ 137.017075108, 35.464740085 ], [ 137.017125897999989, 35.464754003 ], [ 137.017170547, 35.464763505 ], [ 137.017219817000012, 35.464771119 ], [ 137.01727602599999, 35.464773713 ], [ 137.01735188, 35.464770652 ], [ 137.017399633999986, 35.464763788 ], [ 137.017244733000013, 35.464411598 ], [ 137.01718299, 35.464279286 ], [ 137.017118219, 35.464122407 ], [ 137.017103287, 35.464076426 ], [ 137.017081119000011, 35.463986979 ], [ 137.01705895500001, 35.463895648 ], [ 137.017050594000011, 35.463835181 ], [ 137.017040380999987, 35.463739457 ], [ 137.017035854999989, 35.463684664 ], [ 137.01703644, 35.463576992 ], [ 137.017043564, 35.463472475 ], [ 137.01705801, 35.463364811 ], [ 137.017080529, 35.463264089 ], [ 137.01712197, 35.463131904 ], [ 137.01715485299999, 35.463051342 ], [ 137.017200462, 35.462952541 ], [ 137.01731860699999, 35.462713527 ], [ 137.017217122, 35.462689974 ], [ 137.017109326999986, 35.462682287 ], [ 137.017056973, 35.46268096 ], [ 137.016911671, 35.462407213 ] ] ] } },
{ "type": "Feature", "properties": { "A29_001": "21211", "A29_002": "岐阜県", "A29_003": "美濃加茂市", "A29_004": 3, "A29_005": "第一種中高層住居専用地域", "A29_006": 60, "A29_007": 200, "A29_008": null }, "geometry": { "type": "Polygon", "coordinates": [ [ [ 137.053215653, 35.460708444 ], [ 137.05306571599999, 35.4606532 ], [ 137.052975645, 35.460624 ], [ 137.052787243000012, 35.46056332 ], [ 137.052631235, 35.460594659 ], [ 137.052471106000013, 35.460532987 ], [ 137.05236508199999, 35.460425962 ], [ 137.052346499, 35.460423051 ], [ 137.052212274, 35.460399262 ], [ 137.051963234999988, 35.460337153 ], [ 137.051695547, 35.460280578 ], [ 137.051520683, 35.460253766 ], [ 137.051334094999987, 35.460228033 ], [ 137.051256582, 35.460269902 ], [ 137.051063453000012, 35.460288646 ], [ 137.050965558, 35.460199683 ], [ 137.050919669, 35.460161699 ], [ 137.050826175999987, 35.460130231 ], [ 137.050758709, 35.460119746 ], [ 137.0506823, 35.460106963 ], [ 137.050650071, 35.460085948 ], [ 137.050613793999986, 35.460052525 ], [ 137.050579672, 35.460007836 ], [ 137.05054335299999, 35.45996526 ], [ 137.050515979000011, 35.459955105 ], [ 137.050379204, 35.45990482 ], [ 137.050263683, 35.459868734 ], [ 137.050198314999989, 35.459854879 ], [ 137.05003306399999, 35.459832635 ], [ 137.04987541700001, 35.459808731 ], [ 137.049634043999987, 35.45982666 ], [ 137.049413324, 35.45984808 ], [ 137.0492099, 35.459862259 ], [ 137.049092008, 35.459866165 ], [ 137.049027009000014, 35.459894009 ], [ 137.048948841999987, 35.459930809 ], [ 137.048905125, 35.459968337 ], [ 137.04886826399999, 35.460011542 ], [ 137.048847380000012, 35.460037914 ], [ 137.048660168999987, 35.460183471 ], [ 137.04833836899999, 35.460441047 ], [ 137.04806161, 35.460666163 ], [ 137.047852576, 35.460957553 ], [ 137.04756899899999, 35.461351124 ], [ 137.04739347200001, 35.461586343 ], [ 137.047687759000013, 35.461769285 ], [ 137.048022564, 35.461971592 ], [ 137.048319566, 35.462160746 ], [ 137.04823853900001, 35.462268087 ], [ 137.048108547999988, 35.462360677 ], [ 137.047767282, 35.462669208 ], [ 137.047401611, 35.463028345 ], [ 137.048220909, 35.463539094 ], [ 137.04805770199999, 35.464138439 ], [ 137.048244520999987, 35.464380803 ], [ 137.048294840000011, 35.464470722 ], [ 137.04832803799999, 35.464673543 ], [ 137.048246027, 35.464683928 ], [ 137.048232401, 35.464741479 ], [ 137.048702475, 35.465013415 ], [ 137.04871937499999, 35.465135716 ], [ 137.04857104199999, 35.465283932 ], [ 137.04866986799999, 35.465355961 ], [ 137.048801207, 35.465513087 ], [ 137.04890293, 35.465669526 ], [ 137.049107193, 35.4653006 ], [ 137.04913136499999, 35.464499186 ], [ 137.049777339, 35.464501111 ], [ 137.049779336, 35.464270696 ], [ 137.049785823, 35.46385383 ], [ 137.049791132, 35.463458353 ], [ 137.049788459000013, 35.463394946 ], [ 137.049907874000013, 35.462729267 ], [ 137.04992396099999, 35.46269017 ], [ 137.049952684, 35.462644578 ], [ 137.049979893, 35.462602689 ], [ 137.050016183, 35.462543538 ], [ 137.05008571799999, 35.462435103 ], [ 137.050164362, 35.462343695 ], [ 137.050236194, 35.46227003 ], [ 137.050273207, 35.462228673 ], [ 137.050296059, 35.462204592 ], [ 137.05033844499999, 35.462120135 ], [ 137.050365410000012, 35.462063057 ], [ 137.050388109000011, 35.462038552 ], [ 137.05040845100001, 35.462036327 ], [ 137.05043703199999, 35.462035453 ], [ 137.050461769, 35.462033674 ], [ 137.05048321699999, 35.462028755 ], [ 137.050516764, 35.462014842 ], [ 137.050528866, 35.462003613 ], [ 137.050544282, 35.461986988 ], [ 137.050561359999989, 35.461963172 ], [ 137.050582851, 35.46192811 ], [ 137.05064624900001, 35.461795962 ], [ 137.05066772699999, 35.461762252 ], [ 137.050697457000012, 35.461728559 ], [ 137.05074538, 35.461662496 ], [ 137.050787767, 35.46161442 ], [ 137.050823552, 35.461576676 ], [ 137.05087749399999, 35.46152277 ], [ 137.050910525, 35.461492217 ], [ 137.050960045000011, 35.461456289 ], [ 137.051011211, 35.46141811 ], [ 137.051071167, 35.461388042 ], [ 137.051204275, 35.461323413 ], [ 137.051274129, 35.461291101 ], [ 137.051328565, 35.461276758 ], [ 137.051412132, 35.461262902 ], [ 137.051442912, 35.461264725 ], [ 137.051480285, 35.461271963 ], [ 137.051519203, 35.461284286 ], [ 137.051717853000014, 35.46136004 ], [ 137.05188493599999, 35.461436729 ], [ 137.052168814999987, 35.461592914 ], [ 137.052639628, 35.461853541 ], [ 137.052694686, 35.461780895 ], [ 137.052780181, 35.461672888 ], [ 137.052872720000011, 35.46155436 ], [ 137.05296293, 35.461423398 ], [ 137.05306603, 35.461268535 ], [ 137.053103536, 35.461204481 ], [ 137.053143412, 35.461115558 ], [ 137.05317156699999, 35.461049584 ], [ 137.053186853, 35.460991242 ], [ 137.053199783, 35.460939603 ], [ 137.05321039899999, 35.460872657 ], [ 137.053217534, 35.460789437 ], [ 137.053217606, 35.460737787 ], [ 137.053215653, 35.460708444 ] ] ] } },
{ "type": "Feature", "properties": { "A29_001": "21211", "A29_002": "岐阜県", "A29_003": "美濃加茂市", "A29_004": 1, "A29_005": "第一種低層住居専用地域", "A29_006": 50, "A29_007": 80, "A29_008": null }, "geometry": { "type": "Polygon", "coordinates": [ [ [ 137.04890293, 35.465669526 ], [ 137.048801207, 35.465513087 ], [ 137.04866986799999, 35.465355961 ], [ 137.04857104199999, 35.465283932 ], [ 137.04871937499999, 35.465135716 ], [ 137.048702475, 35.465013415 ], [ 137.048232401, 35.464741479 ], [ 137.048246027, 35.464683928 ], [ 137.04832803799999, 35.464673543 ], [ 137.048294840000011, 35.464470722 ], [ 137.048244520999987, 35.464380803 ], [ 137.04805770199999, 35.464138439 ], [ 137.048220909, 35.463539094 ], [ 137.047401611, 35.463028345 ], [ 137.047767282, 35.462669208 ], [ 137.048108547999988, 35.462360677 ], [ 137.04823853900001, 35.462268087 ], [ 137.048319566, 35.462160746 ], [ 137.048022564, 35.461971592 ], [ 137.047687759000013, 35.461769285 ], [ 137.04739347200001, 35.461586343 ], [ 137.04756899899999, 35.461351124 ], [ 137.047852576, 35.460957553 ], [ 137.04806161, 35.460666163 ], [ 137.04833836899999, 35.460441047 ], [ 137.048660168999987, 35.460183471 ], [ 137.048847380000012, 35.460037914 ], [ 137.04886826399999, 35.460011542 ], [ 137.048905125, 35.459968337 ], [ 137.048948841999987, 35.459930809 ], [ 137.049027009000014, 35.459894009 ], [ 137.049092008, 35.459866165 ], [ 137.048958914999986, 35.459875635 ], [ 137.048845169, 35.459877309 ], [ 137.04874506499999, 35.459899341 ], [ 137.04845846, 35.45997339 ], [ 137.04814711, 35.459949829 ], [ 137.047945309999989, 35.459930773 ], [ 137.04781656599999, 35.459911519 ], [ 137.047723701, 35.459888504 ], [ 137.04765431199999, 35.459859979 ], [ 137.047597316, 35.459832078 ], [ 137.047474093, 35.459812856 ], [ 137.047013521999986, 35.459745696 ], [ 137.046737398, 35.459712169 ], [ 137.046516364000013, 35.459685124 ], [ 137.046266331999988, 35.459665251 ], [ 137.04589098, 35.459628955 ], [ 137.045490828999988, 35.459592534 ], [ 137.045007399000013, 35.459540469 ], [ 137.044805586, 35.459524221 ], [ 137.044681601, 35.459514009 ], [ 137.044629866, 35.459519383 ], [ 137.044553103, 35.459552234 ], [ 137.04442373099999, 35.459614119 ], [ 137.04430523799999, 35.459695225 ], [ 137.04418550599999, 35.459757156 ], [ 137.044006703, 35.459795122 ], [ 137.043826661999987, 35.459813364 ], [ 137.043563201000012, 35.459836243 ], [ 137.043132801000013, 35.459875736 ], [ 137.042736235, 35.459908068 ], [ 137.042456238999989, 35.459929171 ], [ 137.042239826000014, 35.459928065 ], [ 137.041942818, 35.459920898 ], [ 137.041605868, 35.459909589 ], [ 137.041373041000014, 35.459893176 ], [ 137.041278623000011, 35.459892123 ], [ 137.041397604999986, 35.460009951 ], [ 137.041572682, 35.460181598 ], [ 137.041755978, 35.46036005 ], [ 137.04190229299999, 35.460507887 ], [ 137.042020538, 35.460633034 ], [ 137.042065075000011, 35.460666504 ], [ 137.042141254, 35.460706911 ], [ 137.042222869, 35.46075861 ], [ 137.042375592000013, 35.460795454 ], [ 137.042513143, 35.460833356 ], [ 137.042610016, 35.460871612 ], [ 137.04273343, 35.460953956 ], [ 137.042814814, 35.46103439 ], [ 137.04290223699999, 35.461136276 ], [ 137.043016217, 35.4612783 ], [ 137.043086396, 35.461381223 ], [ 137.043188324, 35.461565448 ], [ 137.043313837, 35.461817987 ], [ 137.043443222, 35.462104351 ], [ 137.043520214000011, 35.462263365 ], [ 137.04358210800001, 35.462504302 ], [ 137.043623126, 35.462671202 ], [ 137.04362900699999, 35.462723616 ], [ 137.043566090000013, 35.46324029 ], [ 137.043654444999987, 35.463289174 ], [ 137.043964855000013, 35.462757598 ], [ 137.043986518999986, 35.462704726 ], [ 137.044371293000012, 35.462501165 ], [ 137.044672061, 35.462994131 ], [ 137.044852877000011, 35.463510854 ], [ 137.045673924, 35.463832327 ], [ 137.046390562, 35.464115084 ], [ 137.046829006, 35.464393387 ], [ 137.047551512000013, 35.464857576 ], [ 137.048032546, 35.465160264 ], [ 137.04816200499999, 35.465283577 ], [ 137.04827923799999, 35.465441131 ], [ 137.04830732100001, 35.465525259 ], [ 137.048360194999987, 35.465655276 ], [ 137.04843942, 35.465765162 ], [ 137.04877686399999, 35.465915792 ], [ 137.048816776, 35.465921014 ], [ 137.048861541, 35.46592232 ], [ 137.048905671, 35.465913475 ], [ 137.048991218999987, 35.465889013 ], [ 137.048954656, 35.465778457 ], [ 137.04890293, 35.465669526 ] ] ] } },
{ "type": "Feature", "properties": { "A29_001": "21211", "A29_002": "岐阜県", "A29_003": "美濃加茂市", "A29_004": 5, "A29_005": "第一種住居地域", "A29_006": 60, "A29_007": 200, "A29_008": null }, "geometry": { "type": "Polygon", "coordinates": [ [ [ 137.017994503000011, 35.46580997 ], [ 137.017987401999989, 35.465728681 ], [ 137.017976925999989, 35.465625954 ], [ 137.017963477, 35.465528072 ], [ 137.017932390999988, 35.465356514 ], [ 137.01791241399999, 35.46526735 ], [ 137.01789183599999, 35.465181078 ], [ 137.017832343, 35.464987203 ], [ 137.017784129, 35.464849319 ], [ 137.01773173699999, 35.464706418 ], [ 137.017515538999987, 35.464247463 ], [ 137.01747544, 35.464148575 ], [ 137.01743947599999, 35.464047754 ], [ 137.017408859999989, 35.463945001 ], [ 137.017385373, 35.463829664 ], [ 137.017374853, 35.463751157 ], [ 137.01737326, 35.46365329 ], [ 137.017375781, 35.463570923 ], [ 137.017380667, 35.463490505 ], [ 137.017386722, 35.463421709 ], [ 137.01739986199999, 35.463364558 ], [ 137.017415972, 35.463303526 ], [ 137.01743505799999, 35.463236692 ], [ 137.017458287000011, 35.46316889 ], [ 137.017476147, 35.463121436 ], [ 137.01749994299999, 35.463069139 ], [ 137.017535635, 35.462994564 ], [ 137.01760106099999, 35.462856082 ], [ 137.01762206, 35.4628144 ], [ 137.017762212, 35.462536508 ], [ 137.018337887, 35.461361813 ], [ 137.019263647, 35.461666801 ], [ 137.019310061, 35.461566009 ], [ 137.019350237, 35.461466254 ], [ 137.019359165, 35.461440098 ], [ 137.019367530000011, 35.461402321 ], [ 137.019375024999988, 35.461351942 ], [ 137.019385226999987, 35.461286061 ], [ 137.01938650299999, 35.461232763 ], [ 137.019385410000012, 35.461185285 ], [ 137.019376048, 35.461117443 ], [ 137.019369025, 35.461071886 ], [ 137.019355528, 35.461017281 ], [ 137.01934046400001, 35.460971011 ], [ 137.019322644999988, 35.460930381 ], [ 137.019307571000013, 35.460895397 ], [ 137.019285630000013, 35.460849687 ], [ 137.01926555599999, 35.460813535 ], [ 137.019232139, 35.460771786 ], [ 137.01917299499999, 35.460700521 ], [ 137.019125695000014, 35.460647163 ], [ 137.019056538, 35.460574723 ], [ 137.019210124000011, 35.460489322 ], [ 137.019387407000011, 35.46041008 ], [ 137.019495318, 35.460364672 ], [ 137.019572391999986, 35.460336661 ], [ 137.0196542, 35.460310602 ], [ 137.019741928, 35.460288417 ], [ 137.019832029000014, 35.460264306 ], [ 137.02009690599999, 35.460194038 ], [ 137.01991621, 35.459671356 ], [ 137.019909661000014, 35.459655871 ], [ 137.019678634, 35.459706673 ], [ 137.01959080899999, 35.459727875 ], [ 137.019512593, 35.459747962 ], [ 137.019408301999988, 35.459778104 ], [ 137.019316357, 35.459804908 ], [ 137.019237785, 35.459833143 ], [ 137.019121105000011, 35.459884579 ], [ 137.019000326, 35.459930393 ], [ 137.01893307200001, 35.4599561 ], [ 137.01883799699999, 35.459995529 ], [ 137.018774868, 35.460018996 ], [ 137.018722714, 35.460035752 ], [ 137.018666443, 35.460056983 ], [ 137.018553602, 35.460105268 ], [ 137.01846163799999, 35.460142158 ], [ 137.018402277, 35.460171516 ], [ 137.018333625999986, 35.460208434 ], [ 137.018275961, 35.460244239 ], [ 137.018238888000013, 35.460267748 ], [ 137.018193553, 35.46030245 ], [ 137.0181647, 35.460331566 ], [ 137.01811249, 35.460378591 ], [ 137.018076774, 35.460413305 ], [ 137.018038284, 35.460458112 ], [ 137.017999788999987, 35.46050628 ], [ 137.017973340999987, 35.460559273 ], [ 137.017861219, 35.460519649 ], [ 137.017851764, 35.460574514 ], [ 137.01780405400001, 35.460714471 ], [ 137.017790991, 35.460736575 ], [ 137.017740145, 35.460826418 ], [ 137.01775845099999, 35.460984502 ], [ 137.017736858, 35.461503594 ], [ 137.01765246799999, 35.461662101 ], [ 137.01760657299999, 35.46170158 ], [ 137.017461266, 35.461794623 ], [ 137.01738307299999, 35.461795085 ], [ 137.017559076999987, 35.462053564 ], [ 137.017505938999989, 35.462064919 ], [ 137.017483481, 35.462312083 ], [ 137.017330444, 35.462264498 ], [ 137.016950169000012, 35.462394109 ], [ 137.016911671, 35.462407213 ], [ 137.017056973, 35.46268096 ], [ 137.017109326999986, 35.462682287 ], [ 137.017217122, 35.462689974 ], [ 137.01731860699999, 35.462713527 ], [ 137.017200462, 35.462952541 ], [ 137.01715485299999, 35.463051342 ], [ 137.01712197, 35.463131904 ], [ 137.017080529, 35.463264089 ], [ 137.01705801, 35.463364811 ], [ 137.017043564, 35.463472475 ], [ 137.01703644, 35.463576992 ], [ 137.017035854999989, 35.463684664 ], [ 137.017040380999987, 35.463739457 ], [ 137.017050594000011, 35.463835181 ], [ 137.01705895500001, 35.463895648 ], [ 137.017081119000011, 35.463986979 ], [ 137.017103287, 35.464076426 ], [ 137.017118219, 35.464122407 ], [ 137.01718299, 35.464279286 ], [ 137.017244733000013, 35.464411598 ], [ 137.017399633999986, 35.464763788 ], [ 137.01735188, 35.464770652 ], [ 137.01727602599999, 35.464773713 ], [ 137.017219817000012, 35.464771119 ], [ 137.017170547, 35.464763505 ], [ 137.017125897999989, 35.464754003 ], [ 137.017075108, 35.464740085 ], [ 137.01695859099999, 35.46469926 ], [ 137.01677227799999, 35.464626538 ], [ 137.016617023, 35.464567159 ], [ 137.016531407, 35.464528779 ], [ 137.016504432, 35.464512592 ], [ 137.016471903, 35.464490801 ], [ 137.01643338, 35.464469147 ], [ 137.01599018499999, 35.464891722 ], [ 137.016070839, 35.464926265 ], [ 137.016190024999986, 35.465019042 ], [ 137.01628366, 35.465106189 ], [ 137.016121889, 35.465220367 ], [ 137.016044152, 35.465287388 ], [ 137.015925638, 35.465389486 ], [ 137.015876963000011, 35.465452821 ], [ 137.015832861, 35.46553346 ], [ 137.015929204, 35.465568762 ], [ 137.016032064, 35.465613257 ], [ 137.016107533, 35.465651436 ], [ 137.016274076, 35.465750329 ], [ 137.016376638999986, 35.465747626 ], [ 137.016402496000012, 35.465790547 ], [ 137.016358583999988, 35.465863804 ], [ 137.016283608, 35.465933235 ], [ 137.016391508, 35.466022879 ], [ 137.016623541, 35.466040547 ], [ 137.016593148999988, 35.466179001 ], [ 137.017860012, 35.466265797 ], [ 137.017989959, 35.466273267 ], [ 137.017999601000014, 35.466183166 ], [ 137.01800286, 35.466022315 ], [ 137.017998374, 35.465885674 ], [ 137.017994503000011, 35.46580997 ] ] ] } },
{ "type": "Feature", "properties": { "A29_001": "21211", "A29_002": "岐阜県", "A29_003": "美濃加茂市", "A29_004": 12, "A29_005": "工業専用地域", "A29_006": 60, "A29_007": 200, "A29_008": null }, "geometry": { "type": "Polygon", "coordinates": [ [ [ 137.00002228, 35.466853552 ], [ 136.999823041000013, 35.46685641 ], [ 136.999053163000013, 35.465142949 ], [ 137.000012836, 35.464803421 ], [ 137.000020882, 35.464727237 ], [ 137.000026330999987, 35.464660288 ], [ 137.000040719999987, 35.464526846 ], [ 137.000060819999987, 35.464365243 ], [ 137.00009215099999, 35.464169439 ], [ 136.999733837, 35.464136538 ], [ 136.998902068, 35.464088611 ], [ 136.99837204, 35.46406642 ], [ 136.998384566, 35.46391383 ], [ 136.998398900000012, 35.463797542 ], [ 136.998012956, 35.463769303 ], [ 136.99800242, 35.463686468 ], [ 136.99762129699999, 35.463624242 ], [ 136.997547149000013, 35.463823349 ], [ 136.99723367199999, 35.463852042 ], [ 136.997281085, 35.464223947 ], [ 136.996095281, 35.464340649 ], [ 136.995937045, 35.464432423 ], [ 136.996168356, 35.464678021 ], [ 136.996180669000012, 35.464701691 ], [ 136.996246137000014, 35.464911081 ], [ 136.99604161900001, 35.464952941 ], [ 136.996110406000014, 35.465161299 ], [ 136.995623556999988, 35.465271554 ], [ 136.995688847, 35.465460842 ], [ 136.995689504000012, 35.46549415 ], [ 136.995681667000014, 35.465521479 ], [ 136.995668397, 35.465544346 ], [ 136.995651245, 35.465563405 ], [ 136.995618403, 35.465582603 ], [ 136.99549153000001, 35.465623753 ], [ 136.995332612, 35.465672032 ], [ 136.99529805899999, 35.465692742 ], [ 136.995277248, 35.465717447 ], [ 136.995099556000014, 35.466091583 ], [ 136.994968389, 35.466369281 ], [ 136.994974797999987, 35.466402047 ], [ 136.99497972399999, 35.466443041 ], [ 136.99497865, 35.466476653 ], [ 136.994962593, 35.466509279 ], [ 136.99468239699999, 35.466758145 ], [ 136.99463776499999, 35.466813265 ], [ 136.994621682, 35.466853192 ], [ 136.994617994, 35.466893164 ], [ 136.994618413000012, 35.466939352 ], [ 136.99463603, 35.466986719 ], [ 136.994754852999989, 35.467157254 ], [ 136.994778671, 35.467205215 ], [ 136.994787341, 35.46725256 ], [ 136.99478775, 35.46729874 ], [ 136.994746867, 35.467761786 ], [ 136.994710813000012, 35.468181788 ], [ 136.995068368, 35.468216262 ], [ 136.995396231, 35.468140532 ], [ 136.995458267, 35.468124016 ], [ 136.995892, 35.467983498 ], [ 136.996196096, 35.467880843 ], [ 136.99676675500001, 35.46781251 ], [ 136.996973114000014, 35.467747125 ], [ 136.997025525, 35.467717326 ], [ 136.997214646, 35.467654565 ], [ 136.997696531, 35.467636969 ], [ 136.997806792, 35.46744197 ], [ 136.99766806, 35.46710978 ], [ 136.99804098199999, 35.467002016 ], [ 136.998064094, 35.467083202 ], [ 136.99803589199999, 35.467091176 ], [ 136.998176898, 35.467580654 ], [ 136.998557049999988, 35.467488818 ], [ 136.99856815699999, 35.467520391 ], [ 136.998645957, 35.467489167 ], [ 136.998791059000013, 35.467462525 ], [ 136.9988737, 35.467498398 ], [ 136.99898036, 35.467741502 ], [ 136.999251711, 35.467651432 ], [ 137.00003368, 35.46740571 ], [ 137.00002228, 35.466853552 ] ] ] } },
{ "type": "Feature", "properties": { "A29_001": "21211", "A29_002": "岐阜県", "A29_003": "美濃加茂市", "A29_004": 11, "A29_005": "工業地域", "A29_006": 60, "A29_007": 200, "A29_008": null }, "geometry": { "type": "Polygon", "coordinates": [ [ [ 137.019147917999987, 35.470813999 ], [ 137.01920963500001, 35.470747713 ], [ 137.019287114, 35.470690208 ], [ 137.019313949, 35.470670094 ], [ 137.01933908399999, 35.47065125 ], [ 137.01932818899999, 35.470637806 ], [ 137.019447817000014, 35.470500866 ], [ 137.01952675699999, 35.470421864 ], [ 137.01952003400001, 35.470416511 ], [ 137.019585468, 35.470366049 ], [ 137.019645321000013, 35.470317879 ], [ 137.019661028, 35.470297256 ], [ 137.019763503, 35.470236374 ], [ 137.01979519599999, 35.470222612 ], [ 137.019850004, 35.47016799 ], [ 137.019868984, 35.470134716 ], [ 137.01988730799999, 35.470110418 ], [ 137.01988499699999, 35.470090792 ], [ 137.019866318999988, 35.470085307 ], [ 137.019859308, 35.46999614 ], [ 137.01991035399999, 35.469907045 ], [ 137.01992406299999, 35.469888321 ], [ 137.01994181399999, 35.469876039 ], [ 137.019985034, 35.469855476 ], [ 137.019950247999986, 35.469831195 ], [ 137.019988328000011, 35.469667574 ], [ 137.020033184999988, 35.469516112 ], [ 137.020130911, 35.469387816 ], [ 137.020143077, 35.469332864 ], [ 137.020110225, 35.469262586 ], [ 137.020110069999987, 35.469062439 ], [ 137.020101227, 35.468908153 ], [ 137.020076031, 35.468693823 ], [ 137.020123614999989, 35.468660322 ], [ 137.020098635000011, 35.468563435 ], [ 137.02007564499999, 35.468493242 ], [ 137.020057329, 35.468452558 ], [ 137.019975197, 35.468398031 ], [ 137.019969876, 35.468397304 ], [ 137.019965004, 35.468374213 ], [ 137.019926379999987, 35.468224272 ], [ 137.01992326199999, 35.468212198 ], [ 137.01980217900001, 35.46809705 ], [ 137.019751559000014, 35.468055271 ], [ 137.01969318, 35.4680329 ], [ 137.01964092, 35.468032133 ], [ 137.01951870799999, 35.467980784 ], [ 137.019524695, 35.467972931 ], [ 137.01967773699999, 35.467775837 ], [ 137.019584197, 35.467729454 ], [ 137.01944555099999, 35.46768773 ], [ 137.019364187, 35.467653017 ], [ 137.019303995, 35.467658451 ], [ 137.019205282, 35.467675538 ], [ 137.01922055, 35.467713695 ], [ 137.019081933, 35.467740676 ], [ 137.019073834000011, 35.467601823 ], [ 137.01901667199999, 35.467601086 ], [ 137.019016531, 35.467587556 ], [ 137.019013559, 35.46756783 ], [ 137.019013941999987, 35.467539075 ], [ 137.019004658, 35.467506983 ], [ 137.01899121299999, 35.4674721 ], [ 137.018977817, 35.467440598 ], [ 137.018953861, 35.467387161 ], [ 137.01893353299999, 35.46735062 ], [ 137.01891393599999, 35.467318028 ], [ 137.018895152999988, 35.467297841 ], [ 137.01887775899999, 35.467277637 ], [ 137.018829047, 35.467223223 ], [ 137.018790857999988, 35.467186786 ], [ 137.018752742, 35.467158255 ], [ 137.01871953700001, 35.46713814 ], [ 137.018687043, 35.467120289 ], [ 137.01865592499999, 35.467103548 ], [ 137.018614458, 35.4670818 ], [ 137.018570246, 35.467061194 ], [ 137.018536442, 35.467048983 ], [ 137.018507461000013, 35.467038438 ], [ 137.01846056, 35.467024048 ], [ 137.018421999, 35.467016374 ], [ 137.018377253000011, 35.467010433 ], [ 137.018333953, 35.46700956 ], [ 137.018279626, 35.46700705 ], [ 137.018239706, 35.467001079 ], [ 137.018191495, 35.466992339 ], [ 137.01815436699999, 35.466990301 ], [ 137.018110353, 35.466987741 ], [ 137.018076662, 35.46698624 ], [ 137.01803259, 35.466979163 ], [ 137.017990685, 35.466980536 ], [ 137.017954229999987, 35.466977931 ], [ 137.017922571000014, 35.466973601 ], [ 137.017924967, 35.466940883 ], [ 137.017928159, 35.466918875 ], [ 137.017930518000014, 35.466882218 ], [ 137.017945836, 35.466773302 ], [ 137.017949514, 35.466732681 ], [ 137.017951246, 35.466701665 ], [ 137.01795614, 35.466646379 ], [ 137.017985813, 35.466340597 ], [ 137.017989959, 35.466273267 ], [ 137.017860012, 35.466265797 ], [ 137.016593148999988, 35.466179001 ], [ 137.01656381399999, 35.466311858 ], [ 137.016413300000011, 35.466385333 ], [ 137.016327792, 35.466441961 ], [ 137.01626724499999, 35.466454713 ], [ 137.016190349999988, 35.466448019 ], [ 137.01618321399999, 35.46647534 ], [ 137.016254116, 35.466564577 ], [ 137.01629491599999, 35.466641698 ], [ 137.01623528499999, 35.466665637 ], [ 137.016164436, 35.466600801 ], [ 137.01605762299999, 35.46657249 ], [ 137.01593449399999, 35.46660156 ], [ 137.01588184, 35.466588162 ], [ 137.01585277, 35.46661369 ], [ 137.015737738000013, 35.466726519 ], [ 137.01558595899999, 35.466880217 ], [ 137.015555431, 35.466954553 ], [ 137.015539647, 35.46696361 ], [ 137.015508102000013, 35.467016618 ], [ 137.01530015899999, 35.467100747 ], [ 137.015281039, 35.467108484 ], [ 137.01516324, 35.467103559 ], [ 137.015075868999986, 35.467118341 ], [ 137.015055827999987, 35.467117865 ], [ 137.01496198800001, 35.467115637 ], [ 137.0149276, 35.467121589 ], [ 137.01466293499999, 35.467175836 ], [ 137.01431167199999, 35.467291124 ], [ 137.014118529, 35.467420141 ], [ 137.014019725, 35.467490929 ], [ 137.013908936, 35.467577405 ], [ 137.014039039000011, 35.468016589 ], [ 137.01373938099999, 35.468073755 ], [ 137.013738657, 35.468048731 ], [ 137.013431997, 35.46805659 ], [ 137.013289875999988, 35.468041527 ], [ 137.013299233999987, 35.468092153 ], [ 137.013297816, 35.468247012 ], [ 137.013219627000012, 35.468415998 ], [ 137.01313406, 35.468500855 ], [ 137.013097577999986, 35.468668903 ], [ 137.01310022199999, 35.468779229 ], [ 137.01312843, 35.468779192 ], [ 137.013129357999986, 35.468870704 ], [ 137.012962686, 35.468873043 ], [ 137.01296428500001, 35.468785059 ], [ 137.012828753, 35.468856034 ], [ 137.01268028199999, 35.46886503 ], [ 137.012626909, 35.469020598 ], [ 137.01258951, 35.46904469 ], [ 137.012437815, 35.469050968 ], [ 137.012410976000012, 35.469049762 ], [ 137.012405416, 35.469058949 ], [ 137.012349706, 35.469150965 ], [ 137.012320749, 35.469255103 ], [ 137.012312444, 35.469259167 ], [ 137.01231663499999, 35.469308921 ], [ 137.012339508, 35.469332792 ], [ 137.012382608, 35.469376115 ], [ 137.012404792000012, 35.469385734 ], [ 137.012471960999989, 35.469414872 ], [ 137.012565663, 35.46942744 ], [ 137.012762298000013, 35.469464495 ], [ 137.013120184, 35.469656508 ], [ 137.013177555, 35.469779947 ], [ 137.013177601, 35.469831399 ], [ 137.013272234, 35.469829428 ], [ 137.013346273, 35.469832821 ], [ 137.013455209999989, 35.469853259 ], [ 137.01394356899999, 35.470006513 ], [ 137.014051095000013, 35.470039342 ], [ 137.014182379, 35.470047657 ], [ 137.014339408000012, 35.470012331 ], [ 137.01440504199999, 35.469991537 ], [ 137.014531653, 35.469936053 ], [ 137.014570864, 35.469915082 ], [ 137.014615907, 35.46988112 ], [ 137.014641281, 35.469852794 ], [ 137.015070576, 35.46976249 ], [ 137.01520313899999, 35.469746738 ], [ 137.01533875699999, 35.46970639 ], [ 137.015599089, 35.469610492 ], [ 137.015806465999987, 35.469513427 ], [ 137.01615779299999, 35.469403425 ], [ 137.016299557, 35.469576797 ], [ 137.01647430700001, 35.469758008 ], [ 137.016412178, 35.469814124 ], [ 137.01632207099999, 35.469876884 ], [ 137.016253538, 35.469904607 ], [ 137.016232043, 35.4700099 ], [ 137.016175839, 35.470032059 ], [ 137.016189244, 35.470063895 ], [ 137.01631669599999, 35.470053345 ], [ 137.01636863499999, 35.470031785 ], [ 137.016413115, 35.470033337 ], [ 137.01651343099999, 35.470056466 ], [ 137.016558722000013, 35.470066068 ], [ 137.016706785999986, 35.470069497 ], [ 137.016842776, 35.470000429 ], [ 137.016998629, 35.469992816 ], [ 137.017160753000013, 35.46997827 ], [ 137.017264254, 35.46997171 ], [ 137.017385912, 35.469960052 ], [ 137.01752800599999, 35.469914482 ], [ 137.01759154199999, 35.469895288 ], [ 137.017680164000012, 35.469926442 ], [ 137.017904216, 35.470107954 ], [ 137.018082206, 35.470237552 ], [ 137.018119229, 35.470250028 ], [ 137.018144277, 35.470260821 ], [ 137.01838051499999, 35.470377582 ], [ 137.018467550999986, 35.470420857 ], [ 137.018499861, 35.470436924 ], [ 137.018487427999986, 35.470577221 ], [ 137.018471158000011, 35.470760897 ], [ 137.01846006299999, 35.470760163 ], [ 137.018458769, 35.470769166 ], [ 137.018454478, 35.470837496 ], [ 137.01845074900001, 35.470954331 ], [ 137.01858737500001, 35.470934506 ], [ 137.018682668999986, 35.470921345 ], [ 137.018811491, 35.470891351 ], [ 137.018879214, 35.470872523 ], [ 137.019051474, 35.470841924 ], [ 137.019091841, 35.470832887 ], [ 137.019147917999987, 35.470813999 ] ] ] } }
]
}
