{
"type": "FeatureCollection",
"name": "A29-19_21401",
"features": [
{ "type": "Feature", "properties": { "A29_001": "21401", "A29_002": "岐阜県", "A29_003": "揖斐川町", "A29_004": 10, "A29_005": "準工業地域", "A29_006": 60, "A29_007": 200, "A29_008": "条件付き公開" }, "geometry": { "type": "Polygon", "coordinates": [ [ [ 136.559965914, 35.497131836 ], [ 136.559744988, 35.496961175 ], [ 136.55934191599999, 35.496651955 ], [ 136.55915544199999, 35.496502649 ], [ 136.558968857999986, 35.496353432 ], [ 136.55845768, 35.495954428 ], [ 136.558408195999988, 35.49590983 ], [ 136.55836992499999, 35.495869165 ], [ 136.558331528999986, 35.49581588 ], [ 136.558279203000012, 35.495738999 ], [ 136.558240767, 35.495690942 ], [ 136.558201305000011, 35.495647476 ], [ 136.558144403, 35.495592836 ], [ 136.558029714000014, 35.495498333 ], [ 136.55779380300001, 35.495342736 ], [ 136.55752310299999, 35.49515271 ], [ 136.55753256599999, 35.495184126 ], [ 136.557547841, 35.495248562 ], [ 136.557593913, 35.495423753 ], [ 136.55762882499999, 35.495588161 ], [ 136.55763864299999, 35.495645449 ], [ 136.557650841999987, 35.495737812 ], [ 136.557656903, 35.495810945 ], [ 136.557660338, 35.495910745 ], [ 136.557659916, 35.495966629 ], [ 136.557655339, 35.496047369 ], [ 136.557655813999986, 35.496159684 ], [ 136.557653855000012, 35.496302453 ], [ 136.55764664899999, 35.496687578 ], [ 136.557641069999988, 35.496886485 ], [ 136.557633896, 35.496975415 ], [ 136.5576237, 35.497055767 ], [ 136.557614709, 35.497093309 ], [ 136.557594361000014, 35.497145937 ], [ 136.557580344, 35.497177685 ], [ 136.55754869, 35.497238639 ], [ 136.55756284, 35.497247815 ], [ 136.557799569, 35.497397828 ], [ 136.557884187000013, 35.497446118 ], [ 136.558046874000013, 35.4975195 ], [ 136.558224685, 35.497589984 ], [ 136.558483158, 35.497692422 ], [ 136.558638108, 35.497739624 ], [ 136.55877622, 35.497768624 ], [ 136.55892921099999, 35.49781248 ], [ 136.559023666, 35.497842702 ], [ 136.559078628, 35.497862629 ], [ 136.559182725999989, 35.49790029 ], [ 136.55932883599999, 35.497994409 ], [ 136.559405083, 35.498027423 ], [ 136.559484997, 35.498056489 ], [ 136.55955616599999, 35.498075956 ], [ 136.559669985999989, 35.498110781 ], [ 136.559786847, 35.498137059 ], [ 136.559837034999987, 35.498146866 ], [ 136.559941466, 35.498155053 ], [ 136.56006242399999, 35.498164224 ], [ 136.560159959, 35.498165976 ], [ 136.560284561, 35.498159572 ], [ 136.56032763799999, 35.498162312 ], [ 136.560408063000011, 35.498167403 ], [ 136.560505623000012, 35.498180603 ], [ 136.560617185000012, 35.498193332 ], [ 136.560767182, 35.498210401 ], [ 136.560829678, 35.498210534 ], [ 136.56087822399999, 35.498204288 ], [ 136.560912459, 35.498195536 ], [ 136.56093887599999, 35.498185844 ], [ 136.561014414999988, 35.4981517 ], [ 136.56106119899999, 35.498130572 ], [ 136.56110798200001, 35.498109444 ], [ 136.561135248, 35.498104083 ], [ 136.561217738000011, 35.498083675 ], [ 136.561311407, 35.498086668 ], [ 136.561365384999988, 35.498090815 ], [ 136.56148444199999, 35.498118274 ], [ 136.561624717, 35.498167832 ], [ 136.56167687300001, 35.498194594 ], [ 136.561686912999988, 35.498090355 ], [ 136.561673597, 35.498072801 ], [ 136.561705555, 35.498073773 ], [ 136.56170018899999, 35.498054456 ], [ 136.561696482, 35.498019644 ], [ 136.56156701399999, 35.497998894 ], [ 136.56141832599999, 35.497968853 ], [ 136.561288208, 35.497931965 ], [ 136.561140642, 35.497884623 ], [ 136.561024808000013, 35.497839062 ], [ 136.56090307, 35.497787163 ], [ 136.56076659499999, 35.497716079 ], [ 136.56069929099999, 35.497681128 ], [ 136.56063383899999, 35.497648891 ], [ 136.560573620000014, 35.497609829 ], [ 136.56053229, 35.497579966 ], [ 136.560491070000012, 35.497550103 ], [ 136.560228435999989, 35.497341014 ], [ 136.559965914, 35.497131836 ] ] ] } },
{ "type": "Feature", "properties": { "A29_001": "21401", "A29_002": "岐阜県", "A29_003": "揖斐川町", "A29_004": 4, "A29_005": "第二種中高層住居専用地域", "A29_006": 60, "A29_007": 200, "A29_008": "条件付き公開" }, "geometry": { "type": "Polygon", "coordinates": [ [ [ 136.563166746, 35.496724869 ], [ 136.563199051, 35.496384579 ], [ 136.563208207, 35.496324592 ], [ 136.56321171799999, 35.496267823 ], [ 136.563250317000012, 35.496043842 ], [ 136.563308143, 35.495710259 ], [ 136.563363914, 35.495386039 ], [ 136.563423129, 35.495043359 ], [ 136.563451262, 35.494877465 ], [ 136.563499560999986, 35.494594312 ], [ 136.56353287799999, 35.494398427 ], [ 136.56345050199999, 35.494315719 ], [ 136.562941314999989, 35.494282886 ], [ 136.56287671699999, 35.494328353 ], [ 136.56285384200001, 35.49455728 ], [ 136.562846744000012, 35.494636747 ], [ 136.562844431, 35.494636555 ], [ 136.562813451000011, 35.494917451 ], [ 136.562810825000014, 35.494944389 ], [ 136.56238534799999, 35.494918733 ], [ 136.562171294, 35.495066749 ], [ 136.56204022, 35.495202111 ], [ 136.562029005999989, 35.495286515 ], [ 136.561932492000011, 35.495840292 ], [ 136.561918157, 35.495914584 ], [ 136.561898023, 35.496027426 ], [ 136.561816411, 35.496019175 ], [ 136.560715705, 35.495950375 ], [ 136.560181934000013, 35.495916956 ], [ 136.560106573000013, 35.495912882 ], [ 136.56008071299999, 35.495833971 ], [ 136.560048174, 35.495734565 ], [ 136.560029423, 35.495677594 ], [ 136.55991380899999, 35.495324842 ], [ 136.55989213699999, 35.49529003 ], [ 136.55984882199999, 35.495275119 ], [ 136.559286433000011, 35.495178546 ], [ 136.559145422, 35.4951544 ], [ 136.558720618, 35.495083304 ], [ 136.558682299999987, 35.495078154 ], [ 136.558644302, 35.495074447 ], [ 136.558609703, 35.495073191 ], [ 136.558564851, 35.495072153 ], [ 136.55852979299999, 35.495073149 ], [ 136.558488769, 35.495076097 ], [ 136.558455452, 35.495080165 ], [ 136.558432826, 35.495084288 ], [ 136.55840213499999, 35.495090893 ], [ 136.558360283000013, 35.495101319 ], [ 136.55824411099999, 35.495130479 ], [ 136.55825471599999, 35.495156582 ], [ 136.558261750000014, 35.495173834 ], [ 136.558271424999987, 35.495206423 ], [ 136.558278083, 35.495244314 ], [ 136.558280381, 35.495275784 ], [ 136.558280115, 35.495311027 ], [ 136.558271587, 35.495345687 ], [ 136.55825569699999, 35.495377336 ], [ 136.558188515000012, 35.495458121 ], [ 136.558142025, 35.49549881 ], [ 136.55808568899999, 35.495544406 ], [ 136.558144403, 35.495592836 ], [ 136.558201305000011, 35.495647476 ], [ 136.558240767, 35.495690942 ], [ 136.558279203000012, 35.495738999 ], [ 136.558331528999986, 35.49581588 ], [ 136.55836992499999, 35.495869165 ], [ 136.558408195999988, 35.49590983 ], [ 136.55845768, 35.495954428 ], [ 136.558968857999986, 35.496353432 ], [ 136.55915544199999, 35.496502649 ], [ 136.55934191599999, 35.496651955 ], [ 136.559744988, 35.496961175 ], [ 136.559965914, 35.497131836 ], [ 136.560228435999989, 35.497341014 ], [ 136.560491070000012, 35.497550103 ], [ 136.56053229, 35.497579966 ], [ 136.560573620000014, 35.497609829 ], [ 136.56063383899999, 35.497648891 ], [ 136.56069929099999, 35.497681128 ], [ 136.56076659499999, 35.497716079 ], [ 136.56090307, 35.497787163 ], [ 136.561024808000013, 35.497839062 ], [ 136.561140642, 35.497884623 ], [ 136.561288208, 35.497931965 ], [ 136.56141832599999, 35.497968853 ], [ 136.56156701399999, 35.497998894 ], [ 136.561696371000011, 35.498019643 ], [ 136.561813002, 35.498032577 ], [ 136.561970738000014, 35.498046618 ], [ 136.562369866000012, 35.498060516 ], [ 136.562458126, 35.498064474 ], [ 136.562527241, 35.498063828 ], [ 136.562584120999986, 35.498063302 ], [ 136.562623142, 35.498063046 ], [ 136.562791260000012, 35.498074254 ], [ 136.562858887, 35.498080992 ], [ 136.562866437, 35.498029561 ], [ 136.562951395999988, 35.497841236 ], [ 136.563036135, 35.497652731 ], [ 136.56299984099999, 35.497642093 ], [ 136.56310109, 35.497427259 ], [ 136.563116005000012, 35.497260578 ], [ 136.563137307, 35.497035609 ], [ 136.563158609, 35.49681073 ], [ 136.563164454, 35.496751359 ], [ 136.563166746, 35.496724869 ] ] ] } },
{ "type": "Feature", "properties": { "A29_001": "21401", "A29_002": "岐阜県", "A29_003": "揖斐川町", "A29_004": 5, "A29_005": "第一種住居地域", "A29_006": 60, "A29_007": 200, "A29_008": "条件付き公開" }, "geometry": { "type": "Polygon", "coordinates": [ [ [ 136.570907706000014, 35.492390096 ], [ 136.57096152, 35.492266782 ], [ 136.570985068999988, 35.492226967 ], [ 136.571072007999987, 35.492140413 ], [ 136.571132656, 35.492061751 ], [ 136.571147346, 35.492027571 ], [ 136.571161926, 35.49199348 ], [ 136.571177369, 35.491917119 ], [ 136.57119042799999, 35.491879866 ], [ 136.571209885, 35.491842014 ], [ 136.571213175999986, 35.491739633 ], [ 136.57120825199999, 35.491719778 ], [ 136.571160217999989, 35.491642383 ], [ 136.571119901, 35.491579718 ], [ 136.571117579, 35.491550862 ], [ 136.571119837999987, 35.491528519 ], [ 136.571119949, 35.491528429 ], [ 136.571133464000013, 35.491504068 ], [ 136.571147201, 35.491479709 ], [ 136.571174023, 35.491444417 ], [ 136.57120095499999, 35.491409125 ], [ 136.571226653, 35.491362019 ], [ 136.57125235, 35.491314824 ], [ 136.571278495, 35.491266819 ], [ 136.571281618, 35.49123186 ], [ 136.571282943, 35.491216634 ], [ 136.571284268, 35.491201407 ], [ 136.571287035000012, 35.491169872 ], [ 136.571295686000013, 35.491072926 ], [ 136.571327274, 35.491004035 ], [ 136.571358973, 35.490935236 ], [ 136.571365562000011, 35.490908497 ], [ 136.571361827, 35.490877021 ], [ 136.571348812, 35.49083342 ], [ 136.571335796999989, 35.490789909 ], [ 136.571348054999987, 35.490741835 ], [ 136.571360424, 35.490693672 ], [ 136.571295657, 35.490688395 ], [ 136.571171033000013, 35.49060981 ], [ 136.571122824000014, 35.490660861 ], [ 136.570873199, 35.490943114 ], [ 136.570732152, 35.491088622 ], [ 136.57058204, 35.491207945 ], [ 136.570431928, 35.491327268 ], [ 136.569941927, 35.491578495 ], [ 136.569913396, 35.491591424 ], [ 136.56975857099999, 35.491662228 ], [ 136.569713137, 35.491680572 ], [ 136.56934092099999, 35.491846838 ], [ 136.56894524399999, 35.492025696 ], [ 136.568903556, 35.492044058 ], [ 136.568807658999987, 35.492090004 ], [ 136.568792495, 35.492068927 ], [ 136.56877155699999, 35.492038717 ], [ 136.568688372999986, 35.491886061 ], [ 136.568623753, 35.491712134 ], [ 136.568595025, 35.491513597 ], [ 136.56858914899999, 35.491354654 ], [ 136.56857724599999, 35.491309977 ], [ 136.568558263999989, 35.490688739 ], [ 136.568546086, 35.490532468 ], [ 136.568518863, 35.48993769 ], [ 136.56851614499999, 35.489873138 ], [ 136.568515424, 35.489851411 ], [ 136.568507446000012, 35.489663883 ], [ 136.568496062, 35.489593879 ], [ 136.568484676999987, 35.489523966 ], [ 136.568425961, 35.489401357 ], [ 136.568378534, 35.489302059 ], [ 136.568293708999988, 35.489356353 ], [ 136.567824218999988, 35.489666263 ], [ 136.567497803, 35.48988431 ], [ 136.56691262699999, 35.490262508 ], [ 136.56676116700001, 35.490325393 ], [ 136.565981023, 35.490835752 ], [ 136.565150174, 35.491375327 ], [ 136.56509158599999, 35.491413434 ], [ 136.565016802, 35.491465522 ], [ 136.564911711, 35.491532241 ], [ 136.56482676499999, 35.491616818 ], [ 136.564681138999987, 35.491709745 ], [ 136.564587894999988, 35.491769042 ], [ 136.56445797500001, 35.49182482 ], [ 136.56434233600001, 35.491901762 ], [ 136.564319076, 35.49191715 ], [ 136.56399463599999, 35.492133755 ], [ 136.563864512, 35.492216753 ], [ 136.563810593999989, 35.492249204 ], [ 136.563719, 35.492308778 ], [ 136.563719491, 35.492316803 ], [ 136.563417018, 35.492513776 ], [ 136.563030579000014, 35.492766935 ], [ 136.56266485, 35.493006405 ], [ 136.56260873799999, 35.493037402 ], [ 136.562440376000012, 35.493148421 ], [ 136.56240381500001, 35.493173747 ], [ 136.56240508499999, 35.493180784 ], [ 136.56195600699999, 35.493496452 ], [ 136.56184147499999, 35.493572135 ], [ 136.561766941, 35.493619806 ], [ 136.561470538, 35.493784985 ], [ 136.56136899399999, 35.493833421 ], [ 136.560966576, 35.49402574 ], [ 136.56091370199999, 35.494050983 ], [ 136.560893566, 35.494075851 ], [ 136.560595852, 35.494194961 ], [ 136.560471272, 35.49424337 ], [ 136.56037865, 35.494277698 ], [ 136.560298526, 35.49430632 ], [ 136.560190451000011, 35.494343725 ], [ 136.56005232699999, 35.494390263 ], [ 136.559668085999988, 35.494509747 ], [ 136.559522695, 35.494555257 ], [ 136.559057362, 35.49469984 ], [ 136.55853903900001, 35.494870023 ], [ 136.558213814, 35.494982589 ], [ 136.558192111000011, 35.49499573 ], [ 136.558226471000012, 35.495087303 ], [ 136.558233831, 35.495105188 ], [ 136.55824411099999, 35.495130479 ], [ 136.558360283000013, 35.495101319 ], [ 136.55840213499999, 35.495090893 ], [ 136.558432826, 35.495084288 ], [ 136.558455452, 35.495080165 ], [ 136.558488769, 35.495076097 ], [ 136.55852979299999, 35.495073149 ], [ 136.558564851, 35.495072153 ], [ 136.558609703, 35.495073191 ], [ 136.558644302, 35.495074447 ], [ 136.558682299999987, 35.495078154 ], [ 136.558720618, 35.495083304 ], [ 136.559145422, 35.4951544 ], [ 136.559286433000011, 35.495178546 ], [ 136.55984882199999, 35.495275119 ], [ 136.55989213699999, 35.49529003 ], [ 136.55991380899999, 35.495324842 ], [ 136.560029423, 35.495677594 ], [ 136.560048174, 35.495734565 ], [ 136.56008071299999, 35.495833971 ], [ 136.560106573000013, 35.495912882 ], [ 136.560181934000013, 35.495916956 ], [ 136.560715705, 35.495950375 ], [ 136.561816411, 35.496019175 ], [ 136.561898023, 35.496027426 ], [ 136.561918157, 35.495914584 ], [ 136.561932492000011, 35.495840292 ], [ 136.562029005999989, 35.495286515 ], [ 136.56204022, 35.495202111 ], [ 136.562171294, 35.495066749 ], [ 136.56238534799999, 35.494918733 ], [ 136.562810825000014, 35.494944389 ], [ 136.562813451000011, 35.494917451 ], [ 136.562844431, 35.494636555 ], [ 136.562846744000012, 35.494636747 ], [ 136.56285384200001, 35.49455728 ], [ 136.56287671699999, 35.494328353 ], [ 136.562941314999989, 35.494282886 ], [ 136.56345050199999, 35.494315719 ], [ 136.56353287799999, 35.494398427 ], [ 136.563499560999986, 35.494594312 ], [ 136.563451262, 35.494877465 ], [ 136.563423129, 35.495043359 ], [ 136.563363914, 35.495386039 ], [ 136.563308143, 35.495710259 ], [ 136.563250317000012, 35.496043842 ], [ 136.56321171799999, 35.496267823 ], [ 136.563208207, 35.496324592 ], [ 136.563199051, 35.496384579 ], [ 136.563166746, 35.496724869 ], [ 136.563164454, 35.496751359 ], [ 136.563158609, 35.49681073 ], [ 136.563137307, 35.497035609 ], [ 136.563116005000012, 35.497260578 ], [ 136.56310109, 35.497427259 ], [ 136.56299984099999, 35.497642093 ], [ 136.563036135, 35.497652731 ], [ 136.562951395999988, 35.497841236 ], [ 136.562866437, 35.498029561 ], [ 136.562858887, 35.498080992 ], [ 136.562963743000012, 35.498091342 ], [ 136.56308853499999, 35.498103684 ], [ 136.563288554, 35.498123523 ], [ 136.563404424, 35.49813501 ], [ 136.563508832, 35.498146438 ], [ 136.563545065999989, 35.498150405 ], [ 136.563782514, 35.49817656 ], [ 136.564385509, 35.498241407 ], [ 136.565007696, 35.498304543 ], [ 136.56567513499999, 35.498359789 ], [ 136.56594698399999, 35.498384759 ], [ 136.56598689399999, 35.498383606 ], [ 136.566043041, 35.498377846 ], [ 136.56604390699999, 35.498335485 ], [ 136.56604403899999, 35.498317729 ], [ 136.56604565, 35.498160536 ], [ 136.566047849, 35.497850381 ], [ 136.566043678, 35.497611043 ], [ 136.566056562, 35.497583074 ], [ 136.566058622000014, 35.497350798 ], [ 136.566060013999987, 35.497030453 ], [ 136.566062004, 35.49691121 ], [ 136.56598111400001, 35.496939111 ], [ 136.565556335999986, 35.496921582 ], [ 136.565419994, 35.496876734 ], [ 136.565330082, 35.496828333 ], [ 136.565233583, 35.496776473 ], [ 136.565047173000011, 35.496676211 ], [ 136.56481197799999, 35.496510986 ], [ 136.56469608099999, 35.496429554 ], [ 136.5646156, 35.496372997 ], [ 136.564576675000012, 35.496345671 ], [ 136.564486746, 35.496270137 ], [ 136.564356212, 35.496126706 ], [ 136.564296953, 35.496017974 ], [ 136.564278839999986, 35.49596389 ], [ 136.564260617, 35.495909716 ], [ 136.564272116000012, 35.495742477 ], [ 136.564272859, 35.495731484 ], [ 136.56427434, 35.495710219 ], [ 136.564293791000011, 35.495644244 ], [ 136.56430756, 35.49561592 ], [ 136.56434550899999, 35.495537599 ], [ 136.564372263, 35.495482477 ], [ 136.564395996, 35.49543347 ], [ 136.564399017, 35.495427356 ], [ 136.564500799, 35.495287969 ], [ 136.564551443, 35.495251356 ], [ 136.564578489000013, 35.495230939 ], [ 136.564628683, 35.495210368 ], [ 136.564602823, 35.495175175 ], [ 136.564549062, 35.495171661 ], [ 136.56451489299999, 35.495156979 ], [ 136.56448061399999, 35.495142295 ], [ 136.564450875, 35.49512475 ], [ 136.56442113599999, 35.495107205 ], [ 136.564393193, 35.49507065 ], [ 136.564390464000013, 35.495067031 ], [ 136.564387406, 35.495063229 ], [ 136.56438504799999, 35.495054294 ], [ 136.564381725, 35.495041748 ], [ 136.564377653, 35.495026134 ], [ 136.5643773, 35.495014414 ], [ 136.56437705499999, 35.495002965 ], [ 136.564376621, 35.494987189 ], [ 136.564375477999988, 35.494948334 ], [ 136.56438549399999, 35.494876363 ], [ 136.564391782, 35.494831325 ], [ 136.564395623, 35.494804123 ], [ 136.56441526, 35.494846045 ], [ 136.564444659, 35.494894326 ], [ 136.564462823000014, 35.494926776 ], [ 136.564480714000013, 35.494951563 ], [ 136.564496064999986, 35.494977059 ], [ 136.564517276, 35.49500006 ], [ 136.564531917000011, 35.495017259 ], [ 136.564546486000012, 35.49502941 ], [ 136.56455690300001, 35.495036673 ], [ 136.56456744799999, 35.495041413 ], [ 136.564587004, 35.495049984 ], [ 136.56461152, 35.495058399 ], [ 136.564636575, 35.495068529 ], [ 136.564672094, 35.49506474 ], [ 136.56470135399999, 35.495057765 ], [ 136.564737189, 35.495041178 ], [ 136.564751480000012, 35.495031515 ], [ 136.564763336, 35.495023101 ], [ 136.564781837999988, 35.495010303 ], [ 136.56479925, 35.494995878 ], [ 136.564824644999987, 35.494975183 ], [ 136.564844502, 35.494958065 ], [ 136.564859922000011, 35.494944802 ], [ 136.56488450399999, 35.494929511 ], [ 136.564926152999988, 35.494916648 ], [ 136.56495366199999, 35.494908132 ], [ 136.564987394000013, 35.494907489 ], [ 136.565007737, 35.49491381 ], [ 136.56510308899999, 35.494941868 ], [ 136.56512278, 35.494946924 ], [ 136.56512098799999, 35.494921225 ], [ 136.565111859000012, 35.49482996 ], [ 136.56510283899999, 35.494738785 ], [ 136.565091165000013, 35.494619294 ], [ 136.565079368, 35.494516207 ], [ 136.565280623, 35.494502247 ], [ 136.565270411, 35.494408362 ], [ 136.56526452599999, 35.494354971 ], [ 136.565232573, 35.494205723 ], [ 136.565213078, 35.494129909 ], [ 136.565205953, 35.494109863 ], [ 136.565180787, 35.494011126 ], [ 136.56547255000001, 35.493935242 ], [ 136.56550246399999, 35.493929351 ], [ 136.56553286, 35.494021354 ], [ 136.565534496999987, 35.494038308 ], [ 136.565552027, 35.49412646 ], [ 136.565560412999986, 35.494184281 ], [ 136.56556921699999, 35.494245348 ], [ 136.565574528000013, 35.494287019 ], [ 136.565579351999986, 35.494320033 ], [ 136.565583126, 35.494346102 ], [ 136.56559057199999, 35.494397068 ], [ 136.565592414, 35.494416096 ], [ 136.565796462, 35.494382139 ], [ 136.56581606899999, 35.494354203 ], [ 136.565800700000011, 35.494286613 ], [ 136.565791854, 35.494260879 ], [ 136.565824152, 35.494245537 ], [ 136.56580527700001, 35.494190098 ], [ 136.565911653, 35.494158448 ], [ 136.56590211299999, 35.494092599 ], [ 136.565924989, 35.494084511 ], [ 136.565917498, 35.494039494 ], [ 136.565910008, 35.493994478 ], [ 136.565894095, 35.493940857 ], [ 136.565888021, 35.493898011 ], [ 136.56611416699999, 35.493975123 ], [ 136.56612775100001, 35.493956622 ], [ 136.566183755, 35.493925352 ], [ 136.56626452, 35.493884201 ], [ 136.566351927999989, 35.493839206 ], [ 136.56638643, 35.493823874 ], [ 136.566430115, 35.493759462 ], [ 136.566449393999989, 35.493716201 ], [ 136.566471027, 35.493667724 ], [ 136.56648347, 35.493639573 ], [ 136.56649310099999, 35.493619069 ], [ 136.56650374099999, 35.493596317 ], [ 136.566511693, 35.49357932 ], [ 136.566515501999987, 35.493571047 ], [ 136.566523789, 35.493553421 ], [ 136.56650167, 35.493504366 ], [ 136.566488657, 35.493475637 ], [ 136.566478249, 35.493452419 ], [ 136.566606406, 35.49339663 ], [ 136.566726358000011, 35.49334756 ], [ 136.566737907, 35.4933359 ], [ 136.566755402000013, 35.493310207 ], [ 136.566782482, 35.49327023 ], [ 136.566822914999989, 35.493213284 ], [ 136.566863347, 35.493156247 ], [ 136.566894710000014, 35.493118364 ], [ 136.566933408000011, 35.493131717 ], [ 136.567004532, 35.493053019 ], [ 136.567004579000013, 35.49304671 ], [ 136.566976579999988, 35.493017456 ], [ 136.56699247099999, 35.492999958 ], [ 136.56704291, 35.492946125 ], [ 136.567079277, 35.492902228 ], [ 136.567225220000012, 35.492840848 ], [ 136.567371162, 35.492779468 ], [ 136.567499059, 35.492728904 ], [ 136.56759251299999, 35.492700524 ], [ 136.567603555, 35.492697785 ], [ 136.567608855, 35.492696549 ], [ 136.567620575, 35.492706342 ], [ 136.567643863, 35.492716824 ], [ 136.567665613, 35.492726667 ], [ 136.567692416, 35.492738878 ], [ 136.56775008599999, 35.492764944 ], [ 136.567810826999988, 35.492807971 ], [ 136.567836195000012, 35.492805483 ], [ 136.567843294, 35.492814352 ], [ 136.56785421399999, 35.492828017 ], [ 136.56786273099999, 35.492838786 ], [ 136.567866552999988, 35.492843582 ], [ 136.567872122000011, 35.49285064 ], [ 136.567878334, 35.492860046 ], [ 136.567884547, 35.492869451 ], [ 136.567890215, 35.492877952 ], [ 136.567896972, 35.492888261 ], [ 136.56806854199999, 35.492923185 ], [ 136.568175182, 35.492944806 ], [ 136.568240112000012, 35.492958018 ], [ 136.568295388, 35.492994978 ], [ 136.568380829, 35.493051288 ], [ 136.568384998, 35.493054013 ], [ 136.56847366400001, 35.493061844 ], [ 136.568509033999987, 35.493063281 ], [ 136.568606437, 35.493067189 ], [ 136.568632672, 35.493066688 ], [ 136.568596437, 35.493122665 ], [ 136.568642425, 35.493148762 ], [ 136.568650222, 35.493197115 ], [ 136.568654243999987, 35.493264288 ], [ 136.56865883099999, 35.493284772 ], [ 136.56868626799999, 35.493315555 ], [ 136.568725597999986, 35.493362532 ], [ 136.568759156999988, 35.493385233 ], [ 136.568769378000013, 35.493404032 ], [ 136.56880037, 35.493460703 ], [ 136.568819166, 35.493482519 ], [ 136.5688346, 35.493496928 ], [ 136.568848083, 35.49350682 ], [ 136.56885248099999, 35.493508374 ], [ 136.56886139299999, 35.493510491 ], [ 136.568866985999989, 35.493514215 ], [ 136.568882502, 35.493517627 ], [ 136.568912024000014, 35.493519846 ], [ 136.56900472800001, 35.493503539 ], [ 136.568960008, 35.493395512 ], [ 136.568970449, 35.49329533 ], [ 136.56897833, 35.493243089 ], [ 136.568974720999989, 35.493224413 ], [ 136.569101593, 35.493193132 ], [ 136.569203777000013, 35.493161729 ], [ 136.569237187999988, 35.493159731 ], [ 136.569255301, 35.493154593 ], [ 136.569274142000012, 35.493140534 ], [ 136.569298847, 35.49312344 ], [ 136.569367976, 35.493120447 ], [ 136.569424024999989, 35.493127485 ], [ 136.569447821000011, 35.493128955 ], [ 136.569474839, 35.493126925 ], [ 136.569506168, 35.493123204 ], [ 136.569519186, 35.493121646 ], [ 136.569525915000014, 35.493120778 ], [ 136.56953760799999, 35.493119394 ], [ 136.56953443099999, 35.493131727 ], [ 136.569516074, 35.493169765 ], [ 136.569481375, 35.493241614 ], [ 136.56950468799999, 35.493263633 ], [ 136.56954356, 35.493298168 ], [ 136.569574675000013, 35.49332338 ], [ 136.569590361, 35.493333553 ], [ 136.569643488999986, 35.493362931 ], [ 136.569688375, 35.49337424 ], [ 136.569730979000013, 35.493380941 ], [ 136.569753122, 35.493382493 ], [ 136.56979964300001, 35.493381281 ], [ 136.56990875299999, 35.493367128 ], [ 136.569914157, 35.493381576 ], [ 136.569925428, 35.493407502 ], [ 136.57000204, 35.493420951 ], [ 136.570030097, 35.493427489 ], [ 136.570056521999987, 35.493460971 ], [ 136.57007686599999, 35.493482254 ], [ 136.570094153000014, 35.493454758 ], [ 136.570143744, 35.493381089 ], [ 136.57020703, 35.493348502 ], [ 136.570226905999988, 35.493313716 ], [ 136.570210763, 35.493275869 ], [ 136.570230492, 35.49324595 ], [ 136.57025078, 35.493230006 ], [ 136.570353825000012, 35.493171564 ], [ 136.570456812, 35.493135748 ], [ 136.570521676999988, 35.493113173 ], [ 136.570553429, 35.493096925 ], [ 136.570603709000011, 35.493034346 ], [ 136.570618685, 35.49302126 ], [ 136.57063143900001, 35.493010687 ], [ 136.570657186, 35.492971784 ], [ 136.57074875, 35.492900757 ], [ 136.57081149699999, 35.492761893 ], [ 136.570832618, 35.492707734 ], [ 136.570853848000013, 35.492653665 ], [ 136.570855419999987, 35.492649707 ], [ 136.57086373300001, 35.492628476 ], [ 136.57087069799999, 35.492610663 ], [ 136.570893727, 35.492492064 ], [ 136.570907706000014, 35.492390096 ] ] ] } },
{ "type": "Feature", "properties": { "A29_001": "21401", "A29_002": "岐阜県", "A29_003": "揖斐川町", "A29_004": 7, "A29_005": "準住居地域", "A29_006": 60, "A29_007": 200, "A29_008": "条件付き公開" }, "geometry": { "type": "Polygon", "coordinates": [ [ [ 136.565150174, 35.491375327 ], [ 136.565981023, 35.490835752 ], [ 136.56676116700001, 35.490325393 ], [ 136.56691262699999, 35.490262508 ], [ 136.567497803, 35.48988431 ], [ 136.567824218999988, 35.489666263 ], [ 136.568293708999988, 35.489356353 ], [ 136.568378534, 35.489302059 ], [ 136.56859115, 35.489165923 ], [ 136.568794806999989, 35.489034068 ], [ 136.569230589, 35.488720832 ], [ 136.569226367999988, 35.488695572 ], [ 136.569310195000014, 35.488641904 ], [ 136.569346286000012, 35.488619909 ], [ 136.569401964, 35.488587374 ], [ 136.569393076000011, 35.488507557 ], [ 136.569397143, 35.488494057 ], [ 136.569400226999988, 35.488464597 ], [ 136.569373019000011, 35.488462659 ], [ 136.569295129000011, 35.488458668 ], [ 136.568974577, 35.4884368 ], [ 136.56888567199999, 35.488432033 ], [ 136.56879539799999, 35.488403732 ], [ 136.568765753, 35.48837375 ], [ 136.568882366999986, 35.48829789 ], [ 136.568988004, 35.4882309 ], [ 136.569097746000011, 35.488160324 ], [ 136.569179021999986, 35.488108807 ], [ 136.569280412000012, 35.488049727 ], [ 136.56936027899999, 35.488009921 ], [ 136.569441651, 35.487975079 ], [ 136.569490473, 35.487960358 ], [ 136.569496444, 35.48783861 ], [ 136.569491747, 35.487624328 ], [ 136.569491734, 35.487596295 ], [ 136.56948366899999, 35.487405252 ], [ 136.569433960999987, 35.48742069 ], [ 136.568939683, 35.487612491 ], [ 136.568768729, 35.487748744 ], [ 136.568691806, 35.487807855 ], [ 136.568529259, 35.487910167 ], [ 136.568393065, 35.487995845 ], [ 136.568313157, 35.488026366 ], [ 136.567865274000013, 35.488321782 ], [ 136.567223125, 35.488745309 ], [ 136.56721375399999, 35.488745713 ], [ 136.566924704, 35.488933838 ], [ 136.566427112000014, 35.489258025 ], [ 136.566334461, 35.489327061 ], [ 136.56615659, 35.489443987 ], [ 136.56599112399999, 35.489552682 ], [ 136.56587197499999, 35.489613022 ], [ 136.565849707000012, 35.489628505 ], [ 136.565742242999988, 35.48967385 ], [ 136.565356396, 35.489924226 ], [ 136.565335005, 35.489969909 ], [ 136.565124793, 35.490107765 ], [ 136.564990669, 35.490195792 ], [ 136.56464281, 35.490420755 ], [ 136.564362050999989, 35.490603868 ], [ 136.564262036, 35.4906698 ], [ 136.563721664000013, 35.491022878 ], [ 136.563638723999986, 35.491074924 ], [ 136.56317343500001, 35.491379429 ], [ 136.563091703, 35.491432021 ], [ 136.5629817, 35.491477261 ], [ 136.562775816, 35.491610086 ], [ 136.562668522, 35.491705817 ], [ 136.562350861999988, 35.491914429 ], [ 136.562018577, 35.492132973 ], [ 136.56188123199999, 35.492223234 ], [ 136.561566005, 35.492430234 ], [ 136.561312138, 35.492596888 ], [ 136.560905764000012, 35.492861838 ], [ 136.560721314, 35.492972233 ], [ 136.560679805, 35.492995821 ], [ 136.560578971000012, 35.493052643 ], [ 136.56049938699999, 35.493097583 ], [ 136.560353561, 35.493172025 ], [ 136.56029637099999, 35.493199591 ], [ 136.560246600999989, 35.493222596 ], [ 136.560197611, 35.493244254 ], [ 136.560134478, 35.493270797 ], [ 136.560089706000014, 35.4932886 ], [ 136.560074039, 35.493290685 ], [ 136.55997389800001, 35.49332849 ], [ 136.55990957, 35.493352504 ], [ 136.559900164999988, 35.493372107 ], [ 136.559883484000011, 35.493406456 ], [ 136.559831543, 35.493498136 ], [ 136.559807166000013, 35.493530012 ], [ 136.559782678, 35.493561888 ], [ 136.559740876, 35.493609812 ], [ 136.559715638, 35.493638889 ], [ 136.5596878, 35.493661825 ], [ 136.559673494, 35.493673561 ], [ 136.559662507000013, 35.493683601 ], [ 136.55963831599999, 35.493705293 ], [ 136.55958047199999, 35.493746466 ], [ 136.559522629000014, 35.493787548 ], [ 136.559431846, 35.493826572 ], [ 136.55934132499999, 35.493845496 ], [ 136.55926714099999, 35.493860987 ], [ 136.559218154, 35.493896976 ], [ 136.559169056, 35.493932964 ], [ 136.559123793999987, 35.493957254 ], [ 136.559071539, 35.493973396 ], [ 136.558926367999987, 35.494018996 ], [ 136.5588002, 35.494058652 ], [ 136.55869524, 35.494092106 ], [ 136.55859028, 35.494125559 ], [ 136.55847559599999, 35.494162298 ], [ 136.558360912000012, 35.494199037 ], [ 136.558065586, 35.494307877 ], [ 136.557953739, 35.494348416 ], [ 136.55791672399999, 35.494360488 ], [ 136.557964055000014, 35.494427339 ], [ 136.558008730000012, 35.494510221 ], [ 136.557983423, 35.494519108 ], [ 136.557945716, 35.494535323 ], [ 136.55790345, 35.494556833 ], [ 136.557872016, 35.494574251 ], [ 136.557842881999989, 35.494593574 ], [ 136.557801014, 35.494620855 ], [ 136.557770976, 35.494643148 ], [ 136.557743128, 35.494667345 ], [ 136.55772693599999, 35.494680603 ], [ 136.557703731, 35.494703021 ], [ 136.557692059, 35.494716212 ], [ 136.557668266, 35.494743494 ], [ 136.557645016, 35.49477177 ], [ 136.557627553, 35.494792775 ], [ 136.557608923, 35.494822426 ], [ 136.557597308, 35.494842558 ], [ 136.557574576, 35.494889947 ], [ 136.55756223899999, 35.494918098 ], [ 136.557554950999986, 35.494934466 ], [ 136.557548999, 35.494949129 ], [ 136.55754062299999, 35.494978201 ], [ 136.557535965, 35.494996566 ], [ 136.557531872999988, 35.49501313 ], [ 136.557528201999986, 35.495032131 ], [ 136.557523185, 35.49505428 ], [ 136.557520856, 35.495070763 ], [ 136.55752004499999, 35.495076077 ], [ 136.557519466, 35.495094282 ], [ 136.557520520999987, 35.495129802 ], [ 136.55752310299999, 35.49515271 ], [ 136.55779380300001, 35.495342736 ], [ 136.558029714000014, 35.495498333 ], [ 136.55808568899999, 35.495544406 ], [ 136.558142025, 35.49549881 ], [ 136.558188515000012, 35.495458121 ], [ 136.55825569699999, 35.495377336 ], [ 136.558271587, 35.495345687 ], [ 136.558280115, 35.495311027 ], [ 136.558280381, 35.495275784 ], [ 136.558278083, 35.495244314 ], [ 136.558271424999987, 35.495206423 ], [ 136.558261750000014, 35.495173834 ], [ 136.55825471599999, 35.495156582 ], [ 136.55824411099999, 35.495130479 ], [ 136.558233831, 35.495105188 ], [ 136.558226471000012, 35.495087303 ], [ 136.558192111000011, 35.49499573 ], [ 136.558213814, 35.494982589 ], [ 136.55853903900001, 35.494870023 ], [ 136.559057362, 35.49469984 ], [ 136.559522695, 35.494555257 ], [ 136.559668085999988, 35.494509747 ], [ 136.56005232699999, 35.494390263 ], [ 136.560190451000011, 35.494343725 ], [ 136.560298526, 35.49430632 ], [ 136.56037865, 35.494277698 ], [ 136.560471272, 35.49424337 ], [ 136.560595852, 35.494194961 ], [ 136.560893566, 35.494075851 ], [ 136.56091370199999, 35.494050983 ], [ 136.560966576, 35.49402574 ], [ 136.56136899399999, 35.493833421 ], [ 136.561470538, 35.493784985 ], [ 136.561766941, 35.493619806 ], [ 136.56184147499999, 35.493572135 ], [ 136.56195600699999, 35.493496452 ], [ 136.56240508499999, 35.493180784 ], [ 136.56240381500001, 35.493173747 ], [ 136.562440376000012, 35.493148421 ], [ 136.56260873799999, 35.493037402 ], [ 136.56266485, 35.493006405 ], [ 136.563030579000014, 35.492766935 ], [ 136.563417018, 35.492513776 ], [ 136.563719491, 35.492316803 ], [ 136.563719, 35.492308778 ], [ 136.563810593999989, 35.492249204 ], [ 136.563864512, 35.492216753 ], [ 136.56399463599999, 35.492133755 ], [ 136.564319076, 35.49191715 ], [ 136.56434233600001, 35.491901762 ], [ 136.56445797500001, 35.49182482 ], [ 136.564587894999988, 35.491769042 ], [ 136.564681138999987, 35.491709745 ], [ 136.56482676499999, 35.491616818 ], [ 136.564911711, 35.491532241 ], [ 136.565016802, 35.491465522 ], [ 136.56509158599999, 35.491413434 ], [ 136.565150174, 35.491375327 ] ] ] } },
{ "type": "Feature", "properties": { "A29_001": "21401", "A29_002": "岐阜県", "A29_003": "揖斐川町", "A29_004": 5, "A29_005": "第一種住居地域", "A29_006": 60, "A29_007": 200, "A29_008": "条件付き公開" }, "geometry": { "type": "Polygon", "coordinates": [ [ [ 136.566427112000014, 35.489258025 ], [ 136.566924704, 35.488933838 ], [ 136.56721375399999, 35.488745713 ], [ 136.567223125, 35.488745309 ], [ 136.567865274000013, 35.488321782 ], [ 136.568313157, 35.488026366 ], [ 136.568393065, 35.487995845 ], [ 136.568529259, 35.487910167 ], [ 136.568691806, 35.487807855 ], [ 136.568768729, 35.487748744 ], [ 136.568939683, 35.487612491 ], [ 136.569433960999987, 35.48742069 ], [ 136.56948366899999, 35.487405252 ], [ 136.56952719200001, 35.487391766 ], [ 136.569678802999988, 35.487307335 ], [ 136.569767852000012, 35.487262707 ], [ 136.5698569, 35.487218168 ], [ 136.569878143000011, 35.487192043 ], [ 136.570054145, 35.487102955 ], [ 136.570533028999989, 35.486860866 ], [ 136.57100472, 35.486622345 ], [ 136.571039651, 35.486608186 ], [ 136.57104812, 35.486610481 ], [ 136.571102451, 35.486580823 ], [ 136.571232565, 35.486511878 ], [ 136.571259575999989, 35.486495516 ], [ 136.571286477, 35.486479244 ], [ 136.571348145, 35.486441059 ], [ 136.57137669799999, 35.486424885 ], [ 136.57135972099999, 35.486380723 ], [ 136.571341888, 35.486333132 ], [ 136.571279263, 35.486157414 ], [ 136.56743803099999, 35.487380418 ], [ 136.567163674, 35.487475503 ], [ 136.566974767, 35.487550732 ], [ 136.566786681999986, 35.487633806 ], [ 136.566656386, 35.487696886 ], [ 136.566534354, 35.487760097 ], [ 136.566429226, 35.487817714 ], [ 136.566325619999986, 35.487878132 ], [ 136.56622387199999, 35.487940542 ], [ 136.56612553, 35.488004502 ], [ 136.565994034, 35.488095248 ], [ 136.565873907999986, 35.488183616 ], [ 136.56544442399999, 35.488508229 ], [ 136.56478728799999, 35.489003599 ], [ 136.563213969, 35.490188813 ], [ 136.563015301, 35.490329877 ], [ 136.562887928, 35.49041379 ], [ 136.56275992, 35.490494003 ], [ 136.562627076000012, 35.49057248 ], [ 136.56240628899999, 35.490694143 ], [ 136.562177622, 35.490808104 ], [ 136.561992269, 35.490892717 ], [ 136.5619173, 35.490925242 ], [ 136.561315417, 35.491175332 ], [ 136.560574513, 35.491459515 ], [ 136.56065458399999, 35.491540231 ], [ 136.560671687, 35.491596292 ], [ 136.560720268000011, 35.491672884 ], [ 136.560902422999987, 35.491823879 ], [ 136.560869880000013, 35.491871849 ], [ 136.560839122, 35.491916944 ], [ 136.560815832, 35.49195099 ], [ 136.56072500499999, 35.492069606 ], [ 136.560682205, 35.492118517 ], [ 136.560608710999986, 35.492203869 ], [ 136.560580429999987, 35.492197868 ], [ 136.560542902, 35.492249149 ], [ 136.560432358000014, 35.492395519 ], [ 136.56038945200001, 35.492443708 ], [ 136.560343522000011, 35.492483769 ], [ 136.560287847000012, 35.49252982 ], [ 136.560199716999989, 35.492641329 ], [ 136.560180874, 35.492684861 ], [ 136.560157076, 35.49274234 ], [ 136.56014492, 35.49277599 ], [ 136.56012769899999, 35.492823497 ], [ 136.56008534599999, 35.492930098 ], [ 136.560036013, 35.493056224 ], [ 136.56001215, 35.493122356 ], [ 136.55998817599999, 35.493188487 ], [ 136.55997174, 35.493219592 ], [ 136.559947928000014, 35.493264271 ], [ 136.559932331999988, 35.493300969 ], [ 136.559916735, 35.493337757 ], [ 136.55990957, 35.493352504 ], [ 136.55997389800001, 35.49332849 ], [ 136.560074039, 35.493290685 ], [ 136.560089706000014, 35.4932886 ], [ 136.560134478, 35.493270797 ], [ 136.560197611, 35.493244254 ], [ 136.560246600999989, 35.493222596 ], [ 136.56029637099999, 35.493199591 ], [ 136.560353561, 35.493172025 ], [ 136.56049938699999, 35.493097583 ], [ 136.560578971000012, 35.493052643 ], [ 136.560679805, 35.492995821 ], [ 136.560721314, 35.492972233 ], [ 136.560893475, 35.492869168 ], [ 136.560905764000012, 35.492861838 ], [ 136.560917061999987, 35.492854504 ], [ 136.561312138, 35.492596888 ], [ 136.561566005, 35.492430234 ], [ 136.56188123199999, 35.492223234 ], [ 136.562018577, 35.492132973 ], [ 136.562350861999988, 35.491914429 ], [ 136.562668522, 35.491705817 ], [ 136.562775816, 35.491610086 ], [ 136.5629817, 35.491477261 ], [ 136.563091703, 35.491432021 ], [ 136.56317343500001, 35.491379429 ], [ 136.563638723999986, 35.491074924 ], [ 136.563721664000013, 35.491022878 ], [ 136.564262036, 35.4906698 ], [ 136.564362050999989, 35.490603868 ], [ 136.56464281, 35.490420755 ], [ 136.564990669, 35.490195792 ], [ 136.565124793, 35.490107765 ], [ 136.565335005, 35.489969909 ], [ 136.565356396, 35.489924226 ], [ 136.565742242999988, 35.48967385 ], [ 136.565849707000012, 35.489628505 ], [ 136.56587197499999, 35.489613022 ], [ 136.56599112399999, 35.489552682 ], [ 136.56615659, 35.489443987 ], [ 136.566334461, 35.489327061 ], [ 136.566427112000014, 35.489258025 ] ] ] } },
{ "type": "Feature", "properties": { "A29_001": "21401", "A29_002": "岐阜県", "A29_003": "揖斐川町", "A29_004": 10, "A29_005": "準工業地域", "A29_006": 60, "A29_007": 200, "A29_008": "条件付き公開" }, "geometry": { "type": "Polygon", "coordinates": [ [ [ 136.570951901, 35.490210226 ], [ 136.571144675999989, 35.489924808 ], [ 136.571076893999987, 35.489880216 ], [ 136.571151184, 35.489744924 ], [ 136.571185305, 35.489616555 ], [ 136.57123807799999, 35.489454746 ], [ 136.57105182699999, 35.489244616 ], [ 136.570906674000014, 35.489080749 ], [ 136.570835351, 35.488993323 ], [ 136.570857875, 35.488823613 ], [ 136.57079240600001, 35.488824101 ], [ 136.57071245099999, 35.488816135 ], [ 136.570594183, 35.488787698 ], [ 136.570509018, 35.488754016 ], [ 136.570412186999988, 35.488718113 ], [ 136.570073137, 35.488589252 ], [ 136.570008698, 35.488569553 ], [ 136.56958531, 35.488489129 ], [ 136.569551581000013, 35.488504646 ], [ 136.569485638, 35.488539474 ], [ 136.569441369, 35.488564313 ], [ 136.569346286000012, 35.488619909 ], [ 136.569310195000014, 35.488641904 ], [ 136.569226367999988, 35.488695572 ], [ 136.569230589, 35.488720832 ], [ 136.568794806999989, 35.489034068 ], [ 136.56859115, 35.489165923 ], [ 136.568378534, 35.489302059 ], [ 136.568425961, 35.489401357 ], [ 136.568484676999987, 35.489523966 ], [ 136.568496062, 35.489593879 ], [ 136.568507446000012, 35.489663883 ], [ 136.568515424, 35.489851411 ], [ 136.56851614499999, 35.489873138 ], [ 136.568518863, 35.48993769 ], [ 136.568546086, 35.490532468 ], [ 136.568558263999989, 35.490688739 ], [ 136.568577245, 35.491310067 ], [ 136.568589148, 35.491354744 ], [ 136.568595025, 35.491513597 ], [ 136.568623863, 35.491712135 ], [ 136.568688372999986, 35.491886061 ], [ 136.56877155699999, 35.492038717 ], [ 136.568792495, 35.492068927 ], [ 136.568807658999987, 35.492090004 ], [ 136.568903556, 35.492044058 ], [ 136.568945243, 35.492025786 ], [ 136.56934092099999, 35.491846838 ], [ 136.569713137, 35.491680572 ], [ 136.56975857099999, 35.491662228 ], [ 136.569913396, 35.491591424 ], [ 136.569941927, 35.491578495 ], [ 136.570432038, 35.491327268 ], [ 136.57058204, 35.491207945 ], [ 136.570732152, 35.491088622 ], [ 136.570873199, 35.490943114 ], [ 136.571122933999987, 35.490660862 ], [ 136.571171033000013, 35.49060981 ], [ 136.571295657, 35.490688395 ], [ 136.571368713, 35.490555981 ], [ 136.571377761, 35.490539711 ], [ 136.571259602, 35.490496132 ], [ 136.57122226300001, 35.49047801 ], [ 136.57111182, 35.490434379 ], [ 136.570987640999988, 35.490385272 ], [ 136.57106023099999, 35.490241408 ], [ 136.570951901, 35.490210226 ] ] ] } },
{ "type": "Feature", "properties": { "A29_001": "21401", "A29_002": "岐阜県", "A29_003": "揖斐川町", "A29_004": 8, "A29_005": "近隣商業地域", "A29_006": 80, "A29_007": 200, "A29_008": "条件付き公開" }, "geometry": { "type": "Polygon", "coordinates": [ [ [ 136.578504259999988, 35.486825978 ], [ 136.57868869699999, 35.486697078 ], [ 136.578717291, 35.486675043 ], [ 136.578693595, 35.486660145 ], [ 136.578652675, 35.486634256 ], [ 136.578586968, 35.486592021 ], [ 136.578524214999987, 35.486552776 ], [ 136.578453466000013, 35.48650673 ], [ 136.578430093, 35.486492825 ], [ 136.578400044, 35.486472398 ], [ 136.57837668499999, 35.4864566 ], [ 136.57834280099999, 35.486433269 ], [ 136.578325033999988, 35.486421374 ], [ 136.578267810999989, 35.486379361 ], [ 136.578202137, 35.486332619 ], [ 136.578186039, 35.486318569 ], [ 136.57816983, 35.486304519 ], [ 136.57816260300001, 35.486298084 ], [ 136.578152530000011, 35.486289111 ], [ 136.578126679, 35.486267442 ], [ 136.578101951, 35.486242894 ], [ 136.578087946000011, 35.486228944 ], [ 136.578068917, 35.48620866 ], [ 136.57805700899999, 35.48619427 ], [ 136.57804193699999, 35.486175538 ], [ 136.578033181, 35.486167292 ], [ 136.57802738399999, 35.486161225 ], [ 136.578017238, 35.486147024 ], [ 136.5779832, 35.486099535 ], [ 136.577950722, 35.48604953 ], [ 136.578058816, 35.486022024 ], [ 136.57812666699999, 35.485996936 ], [ 136.578194518, 35.485971758 ], [ 136.578267127, 35.485943988 ], [ 136.578339847, 35.48591613 ], [ 136.578434453999989, 35.485879183 ], [ 136.578501679999988, 35.485849044 ], [ 136.578584388, 35.485811589 ], [ 136.578667096, 35.485774134 ], [ 136.578812516999989, 35.485705796 ], [ 136.578958046999986, 35.485637549 ], [ 136.57920223299999, 35.485521017 ], [ 136.579272643, 35.485492335 ], [ 136.57950101, 35.485399072 ], [ 136.57967019899999, 35.485320303 ], [ 136.579687869, 35.485345627 ], [ 136.579781325999988, 35.485451544 ], [ 136.579890699, 35.485581425 ], [ 136.580075584000014, 35.485799558 ], [ 136.580127588000011, 35.485862276 ], [ 136.58014773, 35.485850656 ], [ 136.58012352599999, 35.485814573 ], [ 136.580159718, 35.485808439 ], [ 136.580218543, 35.485796917 ], [ 136.580256522000013, 35.485787547 ], [ 136.580281713, 35.485778836 ], [ 136.580311646000013, 35.485769697 ], [ 136.58034845200001, 35.485754913 ], [ 136.580380222, 35.485720364 ], [ 136.58041517, 35.485688444 ], [ 136.58045241, 35.485644187 ], [ 136.58048389199999, 35.485588634 ], [ 136.580550382000013, 35.485477546 ], [ 136.580611476, 35.485396358 ], [ 136.58062855899999, 35.485381027 ], [ 136.580662631, 35.485348202 ], [ 136.580692234999987, 35.485323467 ], [ 136.58073488299999, 35.485293478 ], [ 136.580790025, 35.48525778 ], [ 136.580866082, 35.485210196 ], [ 136.580969296, 35.48514111 ], [ 136.580992454000011, 35.485124006 ], [ 136.581004427000011, 35.485114239 ], [ 136.581035691000011, 35.485088611 ], [ 136.581070477999987, 35.485033074 ], [ 136.581097755, 35.484994988 ], [ 136.581153343000011, 35.484897727 ], [ 136.58121089, 35.484803992 ], [ 136.58126328899999, 35.484720868 ], [ 136.58131866299999, 35.484638029 ], [ 136.58134271099999, 35.48463481 ], [ 136.581448967, 35.484601974 ], [ 136.581526728999989, 35.484577563 ], [ 136.581564939, 35.484566662 ], [ 136.581572101, 35.484566877 ], [ 136.581599422000011, 35.484553038 ], [ 136.581633906, 35.484539323 ], [ 136.581655785, 35.484531227 ], [ 136.581644148, 35.484509898 ], [ 136.581589116, 35.484469609 ], [ 136.581463993, 35.484399055 ], [ 136.58122791, 35.484265406 ], [ 136.580866816, 35.484061113 ], [ 136.580722638999987, 35.48397406 ], [ 136.580540127, 35.483869514 ], [ 136.580491903, 35.483847917 ], [ 136.580399169, 35.483824752 ], [ 136.580372278, 35.483809748 ], [ 136.58035099899999, 35.483795854 ], [ 136.580293930000011, 35.483717606 ], [ 136.580273964000014, 35.483689927 ], [ 136.580151062, 35.483753869 ], [ 136.58009325899999, 35.483776663 ], [ 136.579807162, 35.483883439 ], [ 136.579574852, 35.48397407 ], [ 136.579371505000012, 35.484052402 ], [ 136.579318812999986, 35.484069543 ], [ 136.57926930799999, 35.48408778 ], [ 136.578910955999987, 35.48421908 ], [ 136.578639263000014, 35.484299782 ], [ 136.57821619500001, 35.48443437 ], [ 136.577832561, 35.484556259 ], [ 136.577442528, 35.484679107 ], [ 136.576832117, 35.484872356 ], [ 136.57644008599999, 35.484996634 ], [ 136.575832012, 35.485186194 ], [ 136.575750714, 35.485211665 ], [ 136.57554547399999, 35.485276642 ], [ 136.575392150999988, 35.485325196 ], [ 136.575042532999987, 35.485436066 ], [ 136.574952394, 35.485464739 ], [ 136.574766778, 35.485528638 ], [ 136.574694926, 35.485558211 ], [ 136.574615443999988, 35.485591443 ], [ 136.574514916, 35.485638994 ], [ 136.574418543, 35.485691162 ], [ 136.574291910999989, 35.485766707 ], [ 136.574107919999989, 35.485879288 ], [ 136.573930682999986, 35.485987485 ], [ 136.573556077, 35.486213785 ], [ 136.573420469000013, 35.486295866 ], [ 136.573271135999988, 35.486385901 ], [ 136.57311139699999, 35.486482285 ], [ 136.57289586499999, 35.486612286 ], [ 136.572794906000013, 35.486673263 ], [ 136.572698263, 35.486731738 ], [ 136.572672498, 35.48674351 ], [ 136.572442682, 35.486882363 ], [ 136.572357711, 35.486927285 ], [ 136.57232860799999, 35.486943276 ], [ 136.57201387, 35.487105327 ], [ 136.571846962, 35.487157055 ], [ 136.57167132699999, 35.487211624 ], [ 136.571603487, 35.486995678 ], [ 136.571557718, 35.4868506 ], [ 136.571536613, 35.486783253 ], [ 136.571503482999987, 35.486717649 ], [ 136.571468968, 35.486645638 ], [ 136.571449992999987, 35.48660336 ], [ 136.571431679, 35.486561175 ], [ 136.571402119999988, 35.486489549 ], [ 136.571382104, 35.486438973 ], [ 136.57137669799999, 35.486424885 ], [ 136.571348145, 35.486441059 ], [ 136.571286477, 35.486479244 ], [ 136.571259575999989, 35.486495516 ], [ 136.571232565, 35.486511878 ], [ 136.571102451, 35.486580823 ], [ 136.57104812, 35.486610481 ], [ 136.571039651, 35.486608186 ], [ 136.57100472, 35.486622345 ], [ 136.570533028999989, 35.486860866 ], [ 136.570054145, 35.487102955 ], [ 136.569878143000011, 35.487192043 ], [ 136.5698569, 35.487218168 ], [ 136.569767852000012, 35.487262707 ], [ 136.569678802999988, 35.487307335 ], [ 136.56952719200001, 35.487391766 ], [ 136.56948366899999, 35.487405252 ], [ 136.569491734, 35.487596295 ], [ 136.569491857, 35.487624329 ], [ 136.569496444, 35.48783861 ], [ 136.569490473, 35.487960358 ], [ 136.569441651, 35.487975079 ], [ 136.569360389, 35.488009921 ], [ 136.569280412000012, 35.488049727 ], [ 136.569179021999986, 35.488108807 ], [ 136.569097746000011, 35.488160324 ], [ 136.568988004, 35.4882309 ], [ 136.568882366999986, 35.48829789 ], [ 136.568765753, 35.48837375 ], [ 136.56879539799999, 35.488403732 ], [ 136.56888567199999, 35.488432033 ], [ 136.568974575999988, 35.48843689 ], [ 136.56929513, 35.488458578 ], [ 136.569373019000011, 35.488462659 ], [ 136.569400226999988, 35.488464597 ], [ 136.56939725399999, 35.488494057 ], [ 136.569393076000011, 35.488507557 ], [ 136.569401964, 35.488587374 ], [ 136.569441369, 35.488564313 ], [ 136.569485638, 35.488539474 ], [ 136.569551581000013, 35.488504646 ], [ 136.56958531, 35.488489129 ], [ 136.570008698, 35.488569553 ], [ 136.570073137, 35.488589252 ], [ 136.570412186999988, 35.488718113 ], [ 136.570509018, 35.488754016 ], [ 136.570594183, 35.488787698 ], [ 136.57071245099999, 35.488816135 ], [ 136.57079240600001, 35.488824101 ], [ 136.570857875, 35.488823613 ], [ 136.570835351, 35.488993323 ], [ 136.570906674000014, 35.489080749 ], [ 136.57105182699999, 35.489244616 ], [ 136.57123807799999, 35.489454746 ], [ 136.571185305, 35.489616555 ], [ 136.571151184, 35.489744924 ], [ 136.571076893999987, 35.489880216 ], [ 136.571144675999989, 35.489924808 ], [ 136.570951901, 35.490210226 ], [ 136.57106023099999, 35.490241408 ], [ 136.570987640999988, 35.490385272 ], [ 136.57111182, 35.490434379 ], [ 136.57122226300001, 35.49047801 ], [ 136.571259602, 35.490496132 ], [ 136.571377761, 35.490539711 ], [ 136.57144188, 35.490423568 ], [ 136.57147499199999, 35.4903573 ], [ 136.571630301999988, 35.490040778 ], [ 136.57172999, 35.489883798 ], [ 136.571904087, 35.489739714 ], [ 136.571954280999989, 35.48962855 ], [ 136.57198982599999, 35.489546158 ], [ 136.572023304999988, 35.489429864 ], [ 136.572056895, 35.489313571 ], [ 136.572136214000011, 35.489048865 ], [ 136.57220622, 35.489045965 ], [ 136.572263988, 35.489043635 ], [ 136.572353031, 35.488999906 ], [ 136.572356861, 35.488943768 ], [ 136.57248649600001, 35.488955223 ], [ 136.57265583899999, 35.488962367 ], [ 136.572743145, 35.488959912 ], [ 136.57282497599999, 35.4889376 ], [ 136.57294019, 35.488916804 ], [ 136.573084728, 35.488850002 ], [ 136.573302941, 35.488760936 ], [ 136.57382612699999, 35.488624334 ], [ 136.57391832, 35.488586568 ], [ 136.57396251099999, 35.488572093 ], [ 136.57437511, 35.488411329 ], [ 136.574568422, 35.48833593 ], [ 136.574688896, 35.488289018 ], [ 136.574986212999988, 35.488173206 ], [ 136.575041034, 35.488151842 ], [ 136.57507010899999, 35.488139635 ], [ 136.57509929299999, 35.48812752 ], [ 136.57511931, 35.488118153 ], [ 136.575139326999988, 35.488108697 ], [ 136.575422112000012, 35.487975506 ], [ 136.575483326000011, 35.487938939 ], [ 136.57578767699999, 35.487780163 ], [ 136.575799683000014, 35.487781214 ], [ 136.575838705, 35.48776509 ], [ 136.57587272399999, 35.487754981 ], [ 136.575906742, 35.487744961 ], [ 136.575933146000011, 35.487736257 ], [ 136.576232554, 35.487635325 ], [ 136.57636921400001, 35.487590113 ], [ 136.576419383, 35.48757179 ], [ 136.576592876, 35.48750846 ], [ 136.576806527, 35.487439287 ], [ 136.577020288999989, 35.487370113 ], [ 136.577061843, 35.487354362 ], [ 136.577306961, 35.487277319 ], [ 136.577511749, 35.487214321 ], [ 136.57765652399999, 35.487174465 ], [ 136.57780141, 35.48713461 ], [ 136.577838732, 35.487124787 ], [ 136.577876056, 35.487114873 ], [ 136.577907595999989, 35.487112053 ], [ 136.578113898, 35.487052937 ], [ 136.578201486000012, 35.487026593 ], [ 136.578272520000013, 35.48698827 ], [ 136.578318695, 35.486958389 ], [ 136.578356903000014, 35.486932885 ], [ 136.578504259999988, 35.486825978 ] ] ] } },
{ "type": "Feature", "properties": { "A29_001": "21401", "A29_002": "岐阜県", "A29_003": "揖斐川町", "A29_004": 7, "A29_005": "準住居地域", "A29_006": 60, "A29_007": 200, "A29_008": "条件付き公開" }, "geometry": { "type": "Polygon", "coordinates": [ [ [ 136.56743803099999, 35.487380418 ], [ 136.571279263, 35.486157414 ], [ 136.571341888, 35.486333132 ], [ 136.57135972099999, 35.486380723 ], [ 136.571382104, 35.486438973 ], [ 136.571402119999988, 35.486489549 ], [ 136.571431679, 35.486561175 ], [ 136.571449992999987, 35.48660336 ], [ 136.571468968, 35.486645638 ], [ 136.571503482999987, 35.486717649 ], [ 136.571536613, 35.486783253 ], [ 136.571557718, 35.4868506 ], [ 136.571603487, 35.486995678 ], [ 136.57167132699999, 35.487211624 ], [ 136.571846962, 35.487157055 ], [ 136.57201387, 35.487105327 ], [ 136.57232860799999, 35.486943276 ], [ 136.572357711, 35.486927285 ], [ 136.572442682, 35.486882363 ], [ 136.572672498, 35.48674351 ], [ 136.572698263, 35.486731738 ], [ 136.57278206399999, 35.486681042 ], [ 136.57274071399999, 35.486609089 ], [ 136.572702687, 35.486519935 ], [ 136.57267154199999, 35.486483996 ], [ 136.572637447, 35.486414602 ], [ 136.57259879, 35.486336262 ], [ 136.57258327299999, 35.486303285 ], [ 136.572549020999986, 35.486225236 ], [ 136.572536570000011, 35.486194979 ], [ 136.572523370999988, 35.486161563 ], [ 136.572496333, 35.486091752 ], [ 136.572480337, 35.486048948 ], [ 136.572387799000012, 35.485804397 ], [ 136.572449549999988, 35.485784781 ], [ 136.573061435, 35.485588135 ], [ 136.573281111999989, 35.485508542 ], [ 136.57353070100001, 35.485407732 ], [ 136.573789225000013, 35.48529056 ], [ 136.573930803, 35.485220677 ], [ 136.574074293, 35.485145486 ], [ 136.57427261399999, 35.485032344 ], [ 136.574662851999989, 35.48480738 ], [ 136.579917582, 35.481761392 ], [ 136.57998287800001, 35.48172322 ], [ 136.57996798799999, 35.481709897 ], [ 136.57989916, 35.48164259 ], [ 136.579691333999989, 35.481443454 ], [ 136.579669435, 35.481424058 ], [ 136.579657771, 35.481436801 ], [ 136.57955185099999, 35.481514797 ], [ 136.57939630300001, 35.481628245 ], [ 136.579323899, 35.481673864 ], [ 136.579194129, 35.481758053 ], [ 136.579011075000011, 35.481880381 ], [ 136.578987931, 35.481895772 ], [ 136.578962348, 35.481913044 ], [ 136.578840515, 35.48199691 ], [ 136.578815278, 35.482012201 ], [ 136.578752294, 35.482050474 ], [ 136.578725617, 35.482066659 ], [ 136.578703589000014, 35.482080072 ], [ 136.578688978, 35.482088925 ], [ 136.578667282, 35.48210216 ], [ 136.578664182000011, 35.482104037 ], [ 136.578610287, 35.482135143 ], [ 136.57854632499999, 35.482156465 ], [ 136.578506957, 35.482175112 ], [ 136.578476631, 35.482192992 ], [ 136.57846864699999, 35.482199803 ], [ 136.578332280000012, 35.482327135 ], [ 136.578151273, 35.482500761 ], [ 136.578044956000014, 35.48260264 ], [ 136.578037048999988, 35.482613959 ], [ 136.578018218000011, 35.482627117 ], [ 136.577774363, 35.482366959 ], [ 136.577748122, 35.482338528 ], [ 136.577852267, 35.482262508 ], [ 136.57824724, 35.481974279 ], [ 136.57837276699999, 35.481882679 ], [ 136.578343081000014, 35.481858107 ], [ 136.578117367, 35.481649237 ], [ 136.578123052, 35.481640341 ], [ 136.578025043999986, 35.481554862 ], [ 136.57751729099999, 35.48184912 ], [ 136.57685482299999, 35.482232128 ], [ 136.576410689999989, 35.482490638 ], [ 136.573488884999989, 35.484184256 ], [ 136.573421489, 35.484222594 ], [ 136.573347684, 35.484263155 ], [ 136.573294909, 35.484291199 ], [ 136.573230306, 35.484324322 ], [ 136.573162059999987, 35.484358149 ], [ 136.573085972, 35.484394461 ], [ 136.57300281900001, 35.484432361 ], [ 136.572888834999986, 35.484481557 ], [ 136.57277387900001, 35.484528043 ], [ 136.572665242999989, 35.484569243 ], [ 136.57255729, 35.484607561 ], [ 136.57223328500001, 35.484712239 ], [ 136.572005727, 35.484784671 ], [ 136.571945419, 35.484623657 ], [ 136.57178796299999, 35.484200942 ], [ 136.571681203, 35.483912964 ], [ 136.571632560000012, 35.483784186 ], [ 136.57159874300001, 35.483692259 ], [ 136.57155941900001, 35.48358507 ], [ 136.571500969, 35.483456244 ], [ 136.571435414, 35.483319451 ], [ 136.57135425199999, 35.483147067 ], [ 136.571341431, 35.483107342 ], [ 136.571268734, 35.482982683 ], [ 136.571196313, 35.482880469 ], [ 136.570970538000012, 35.482562427 ], [ 136.570823625, 35.482355104 ], [ 136.570756820000014, 35.482253459 ], [ 136.57069161199999, 35.482279097 ], [ 136.570326771999987, 35.482422598 ], [ 136.569984718, 35.4825398 ], [ 136.570050282000011, 35.482674971 ], [ 136.570123201, 35.48273942 ], [ 136.570180706, 35.482787027 ], [ 136.57012686600001, 35.482810107 ], [ 136.570069253000014, 35.482836864 ], [ 136.56989225800001, 35.482927389 ], [ 136.569876646000012, 35.482937227 ], [ 136.56982286499999, 35.482967338 ], [ 136.569794753999986, 35.482983424 ], [ 136.570090961, 35.483388889 ], [ 136.57016259400001, 35.483493263 ], [ 136.570335250999989, 35.483781208 ], [ 136.570377337999986, 35.483782768 ], [ 136.570388087, 35.483804634 ], [ 136.57042885199999, 35.483895605 ], [ 136.570459441999986, 35.483976611 ], [ 136.570557565, 35.484239669 ], [ 136.570679813, 35.48456396 ], [ 136.570801628, 35.484887348 ], [ 136.570895546, 35.485138217 ], [ 136.56695603899999, 35.48639254 ], [ 136.566867878000011, 35.486421487 ], [ 136.566720814, 35.486472134 ], [ 136.566574714000012, 35.486526573 ], [ 136.566476451, 35.486565204 ], [ 136.566334618000013, 35.48662381 ], [ 136.566238422999987, 35.486665967 ], [ 136.566178597, 35.486693251 ], [ 136.566052739000014, 35.486752477 ], [ 136.565957499, 35.486799506 ], [ 136.565779036, 35.486893082 ], [ 136.565640694, 35.486970994 ], [ 136.565514721999989, 35.487045362 ], [ 136.56538694299999, 35.487125579 ], [ 136.56526123899999, 35.487208331 ], [ 136.56513926400001, 35.487293535 ], [ 136.565059037, 35.487351905 ], [ 136.564967161, 35.487420673 ], [ 136.56481265299999, 35.487538074 ], [ 136.562989756, 35.488911963 ], [ 136.563082, 35.488897641 ], [ 136.563249828000011, 35.488871529 ], [ 136.563579303000012, 35.488820175 ], [ 136.563729144, 35.488796947 ], [ 136.563891721, 35.4887654 ], [ 136.563976222, 35.488754825 ], [ 136.563982693000014, 35.488788569 ], [ 136.563976876, 35.48881495 ], [ 136.563967286, 35.488859341 ], [ 136.563961135, 35.488886171 ], [ 136.56395258500001, 35.488909474 ], [ 136.56394058, 35.488937808 ], [ 136.56391689099999, 35.488966444 ], [ 136.56389257399999, 35.48899066 ], [ 136.563932271999988, 35.489017269 ], [ 136.564053102, 35.489071234 ], [ 136.564062583, 35.489085704 ], [ 136.563847861999989, 35.489177924 ], [ 136.563745103, 35.489227708 ], [ 136.563620829, 35.489295412 ], [ 136.56354649799999, 35.489331366 ], [ 136.563486573, 35.489356756 ], [ 136.563461402, 35.489332924 ], [ 136.563271508000014, 35.489480162 ], [ 136.563245459, 35.489500133 ], [ 136.56321076099999, 35.489527001 ], [ 136.563176176000013, 35.489553599 ], [ 136.563144915, 35.48957787 ], [ 136.56286190599999, 35.489796572 ], [ 136.562836963, 35.489815917 ], [ 136.56252901, 35.490053874 ], [ 136.562417952, 35.490137236 ], [ 136.562373242, 35.490161891 ], [ 136.562351557, 35.490172959 ], [ 136.56237557, 35.490204267 ], [ 136.562349745, 35.490223608 ], [ 136.562263605999988, 35.49029078 ], [ 136.562171704, 35.49036225 ], [ 136.562161505, 35.490370131 ], [ 136.562068051000011, 35.490442675 ], [ 136.562019163, 35.490480559 ], [ 136.562003874999988, 35.490491119 ], [ 136.561988918, 35.4905015 ], [ 136.561943815, 35.490460802 ], [ 136.561929222, 35.490451985 ], [ 136.561888591000013, 35.490402926 ], [ 136.561864332999988, 35.490360169 ], [ 136.561630231, 35.490449495 ], [ 136.560955111, 35.490707148 ], [ 136.56021024099999, 35.490991489 ], [ 136.560159618, 35.491010795 ], [ 136.560186347000013, 35.491032562 ], [ 136.560191876, 35.491044759 ], [ 136.56021692600001, 35.491099328 ], [ 136.560574513, 35.491459515 ], [ 136.561315417, 35.491175332 ], [ 136.5619173, 35.490925242 ], [ 136.561992269, 35.490892717 ], [ 136.562177622, 35.490808104 ], [ 136.56240628899999, 35.490694143 ], [ 136.562627076000012, 35.49057248 ], [ 136.56275992, 35.490494003 ], [ 136.562887928, 35.49041379 ], [ 136.563015301, 35.490329877 ], [ 136.563213969, 35.490188813 ], [ 136.56478728799999, 35.489003599 ], [ 136.56544442399999, 35.488508229 ], [ 136.565873907999986, 35.488183616 ], [ 136.565994034, 35.488095248 ], [ 136.56612553, 35.488004502 ], [ 136.56622387199999, 35.487940542 ], [ 136.566325619999986, 35.487878132 ], [ 136.566429226, 35.487817714 ], [ 136.566534354, 35.487760097 ], [ 136.566656386, 35.487696886 ], [ 136.566786681999986, 35.487633806 ], [ 136.566974767, 35.487550732 ], [ 136.567163674, 35.487475503 ], [ 136.56743803099999, 35.487380418 ] ] ] } },
{ "type": "Feature", "properties": { "A29_001": "21401", "A29_002": "岐阜県", "A29_003": "揖斐川町", "A29_004": 5, "A29_005": "第一種住居地域", "A29_006": 60, "A29_007": 200, "A29_008": "条件付き公開" }, "geometry": { "type": "Polygon", "coordinates": [ [ [ 136.56695603899999, 35.48639254 ], [ 136.570895546, 35.485138217 ], [ 136.570801628, 35.484887348 ], [ 136.570679813, 35.48456396 ], [ 136.570557565, 35.484239669 ], [ 136.570459441999986, 35.483976611 ], [ 136.57042885199999, 35.483895605 ], [ 136.570388087, 35.483804634 ], [ 136.570377337999986, 35.483782768 ], [ 136.570335250999989, 35.483781208 ], [ 136.57016259400001, 35.483493263 ], [ 136.570090961, 35.483388889 ], [ 136.569794753999986, 35.482983424 ], [ 136.569719607, 35.483026499 ], [ 136.56970266, 35.483038133 ], [ 136.569860111, 35.483191336 ], [ 136.56988439700001, 35.483215523 ], [ 136.569909451, 35.483240255 ], [ 136.569918919, 35.483256436 ], [ 136.56989814, 35.483264626 ], [ 136.569812152999987, 35.483298273 ], [ 136.569825540000011, 35.483321055 ], [ 136.570006729, 35.483528007 ], [ 136.57002872699999, 35.483548668 ], [ 136.56999826, 35.483570421 ], [ 136.569716575, 35.483749575 ], [ 136.569593663, 35.483828649 ], [ 136.569506244, 35.483876892 ], [ 136.56941860399999, 35.483925223 ], [ 136.56922935599999, 35.484033083 ], [ 136.569186997, 35.484053335 ], [ 136.569159364, 35.484064375 ], [ 136.569131303, 35.484073701 ], [ 136.569103242000011, 35.484083027 ], [ 136.569078606, 35.484091197 ], [ 136.569035961999987, 35.484105318 ], [ 136.568960728, 35.484130184 ], [ 136.568818104, 35.484177341 ], [ 136.568801310999987, 35.484182937 ], [ 136.568784408999988, 35.484188532 ], [ 136.568626985, 35.484239942 ], [ 136.568620237, 35.484243424 ], [ 136.568534387, 35.484258232 ], [ 136.568498145, 35.484271032 ], [ 136.568445329000014, 35.484289609 ], [ 136.56839251299999, 35.484308186 ], [ 136.568353487, 35.484324939 ], [ 136.568291291, 35.484359965 ], [ 136.568260169000013, 35.484380903 ], [ 136.568232220999988, 35.484404651 ], [ 136.568210894, 35.48442717 ], [ 136.568148852, 35.484500956 ], [ 136.568086701, 35.484574652 ], [ 136.568013809, 35.484640271 ], [ 136.567991987999989, 35.484655216 ], [ 136.567827830999988, 35.4847376 ], [ 136.56764535799999, 35.484822866 ], [ 136.567462995, 35.484908133 ], [ 136.567324129000013, 35.485042561 ], [ 136.567185263, 35.485176899 ], [ 136.56717429599999, 35.485184597 ], [ 136.56710893799999, 35.485229792 ], [ 136.567093457, 35.485236836 ], [ 136.567139252, 35.485303045 ], [ 136.567108918, 35.485469921 ], [ 136.56703018499999, 35.485668826 ], [ 136.567020844000012, 35.485680137 ], [ 136.566978608999989, 35.485713278 ], [ 136.56693543, 35.485739835 ], [ 136.566754965, 35.485865943 ], [ 136.56669105200001, 35.485909522 ], [ 136.566618341, 35.485950444 ], [ 136.56652405, 35.486003518 ], [ 136.566488080999989, 35.48602389 ], [ 136.56643950099999, 35.4860506 ], [ 136.566394373, 35.48607255 ], [ 136.566388359, 35.48606612 ], [ 136.566338272, 35.486088045 ], [ 136.566233657, 35.486136199 ], [ 136.566154692999987, 35.486039899 ], [ 136.56608789500001, 35.486071205 ], [ 136.566020325000011, 35.486102417 ], [ 136.566000623, 35.486113857 ], [ 136.565948399, 35.486067536 ], [ 136.565931385, 35.48607313 ], [ 136.565867719000011, 35.486009265 ], [ 136.56579947, 35.485939339 ], [ 136.565733638000012, 35.485870416 ], [ 136.565701843999989, 35.485892521 ], [ 136.565588501, 35.485973172 ], [ 136.565527800000012, 35.486014513 ], [ 136.56547066600001, 35.486050284 ], [ 136.565405473, 35.486087998 ], [ 136.565364203, 35.486109786 ], [ 136.56530214599999, 35.486140664 ], [ 136.56516790399999, 35.486200929 ], [ 136.56508958500001, 35.486240199 ], [ 136.56493166199999, 35.486328108 ], [ 136.564773629, 35.486416016 ], [ 136.564741207999987, 35.486433522 ], [ 136.564760725000014, 35.486461652 ], [ 136.56492030699999, 35.48669816 ], [ 136.564902687, 35.486711233 ], [ 136.5647606, 35.486788854 ], [ 136.564533238, 35.486951592 ], [ 136.564350647, 35.487081021 ], [ 136.56421226399999, 35.487179122 ], [ 136.564187225000012, 35.487196664 ], [ 136.56421989, 35.487235316 ], [ 136.56419642099999, 35.48724926 ], [ 136.56401227399999, 35.487350828 ], [ 136.563812305999988, 35.487460609 ], [ 136.563712579, 35.487488325 ], [ 136.56364798199999, 35.487504948 ], [ 136.563623858999989, 35.48753277 ], [ 136.563609015999987, 35.487542791 ], [ 136.563553329, 35.487487979 ], [ 136.56353998099999, 35.487474843 ], [ 136.563514927, 35.4874502 ], [ 136.563500084, 35.487460311 ], [ 136.563461867, 35.48748635 ], [ 136.56339642399999, 35.487527577 ], [ 136.563330982, 35.487568804 ], [ 136.563299547000014, 35.487586945 ], [ 136.563324458000011, 35.487615914 ], [ 136.56333375299999, 35.487625695 ], [ 136.56341882800001, 35.487715177 ], [ 136.563417511000011, 35.487729142 ], [ 136.56341835399999, 35.487734284 ], [ 136.563505544, 35.487820982 ], [ 136.56343538199999, 35.487859662 ], [ 136.563341387, 35.48791661 ], [ 136.563400441, 35.487978109 ], [ 136.56321881, 35.488096634 ], [ 136.56323280699999, 35.488111397 ], [ 136.56281175399999, 35.488397734 ], [ 136.562765242000012, 35.488427607 ], [ 136.562770427, 35.488441604 ], [ 136.562594968000013, 35.488545106 ], [ 136.562481279, 35.488612231 ], [ 136.562419508, 35.488648698 ], [ 136.562344712, 35.488702587 ], [ 136.562317341000011, 35.488722461 ], [ 136.562291679, 35.488734771 ], [ 136.562299908, 35.488754463 ], [ 136.56230499899999, 35.488766296 ], [ 136.562329016, 35.488841141 ], [ 136.562373476, 35.488938263 ], [ 136.562396662999987, 35.488976688 ], [ 136.562403722, 35.489005387 ], [ 136.56282568, 35.488937552 ], [ 136.562989756, 35.488911963 ], [ 136.56481265299999, 35.487538074 ], [ 136.564967161, 35.487420673 ], [ 136.565059037, 35.487351905 ], [ 136.56513926400001, 35.487293535 ], [ 136.56526123899999, 35.487208331 ], [ 136.56538694299999, 35.487125579 ], [ 136.565514721999989, 35.487045362 ], [ 136.565640694, 35.486970994 ], [ 136.565779036, 35.486893082 ], [ 136.565957499, 35.486799506 ], [ 136.566052739000014, 35.486752477 ], [ 136.566178597, 35.486693251 ], [ 136.566238422999987, 35.486665967 ], [ 136.566334618000013, 35.48662381 ], [ 136.566476451, 35.486565204 ], [ 136.566574714000012, 35.486526573 ], [ 136.566720814, 35.486472134 ], [ 136.566867878000011, 35.486421487 ], [ 136.56695603899999, 35.48639254 ] ] ] } },
{ "type": "Feature", "properties": { "A29_001": "21401", "A29_002": "岐阜県", "A29_003": "揖斐川町", "A29_004": 5, "A29_005": "第一種住居地域", "A29_006": 60, "A29_007": 200, "A29_008": "条件付き公開" }, "geometry": { "type": "Polygon", "coordinates": [ [ [ 136.574418543, 35.485691162 ], [ 136.574514916, 35.485638994 ], [ 136.574615443999988, 35.485591443 ], [ 136.574766778, 35.485528638 ], [ 136.574859586, 35.485496643 ], [ 136.575042532999987, 35.485436066 ], [ 136.575392150999988, 35.485325196 ], [ 136.575832012, 35.485186194 ], [ 136.57644008599999, 35.484996634 ], [ 136.576832117, 35.484872356 ], [ 136.577442528, 35.484679107 ], [ 136.577832561, 35.484556259 ], [ 136.57821619500001, 35.48443437 ], [ 136.578639263000014, 35.484299782 ], [ 136.578910955999987, 35.48421908 ], [ 136.57926930799999, 35.48408778 ], [ 136.579371505000012, 35.484052402 ], [ 136.579574852, 35.48397407 ], [ 136.579807162, 35.483883439 ], [ 136.579950266, 35.483830051 ], [ 136.58009325899999, 35.483776663 ], [ 136.580151062, 35.483753869 ], [ 136.580212456999988, 35.483721898 ], [ 136.580273964000014, 35.483689927 ], [ 136.58029088399999, 35.483681807 ], [ 136.580307914, 35.483673777 ], [ 136.58032739399999, 35.483662153 ], [ 136.580346875, 35.48365053 ], [ 136.580363828, 35.483637813 ], [ 136.58041668300001, 35.483598318 ], [ 136.580457681000013, 35.4835676 ], [ 136.58049857, 35.483536881 ], [ 136.580504346999987, 35.483530419 ], [ 136.580510124999989, 35.483523957 ], [ 136.58051434, 35.483520192 ], [ 136.580530681999988, 35.483500711 ], [ 136.580616929, 35.483400355 ], [ 136.580686944, 35.483319571 ], [ 136.580712401999989, 35.483289047 ], [ 136.580734189, 35.483263283 ], [ 136.58076119, 35.483232857 ], [ 136.58081529099999, 35.483173358 ], [ 136.580842281, 35.483144374 ], [ 136.58086484399999, 35.483117983 ], [ 136.580012729, 35.481755455 ], [ 136.58000236699999, 35.481740712 ], [ 136.57998287800001, 35.48172322 ], [ 136.579917582, 35.481761392 ], [ 136.577290266, 35.48328446 ], [ 136.574662851999989, 35.48480738 ], [ 136.57427261399999, 35.485032344 ], [ 136.574074293, 35.485145486 ], [ 136.573930803, 35.485220677 ], [ 136.573860015, 35.485255574 ], [ 136.573659963000011, 35.485349146 ], [ 136.57353070100001, 35.485407732 ], [ 136.57340590699999, 35.485458137 ], [ 136.573281111999989, 35.485508542 ], [ 136.573061435, 35.485588135 ], [ 136.572755438, 35.485686413 ], [ 136.57241862, 35.485794544 ], [ 136.572387799000012, 35.485804397 ], [ 136.572434068, 35.485926673 ], [ 136.572480337, 35.486048948 ], [ 136.572496333, 35.486091752 ], [ 136.572523370999988, 35.486161563 ], [ 136.572536570000011, 35.486194979 ], [ 136.572549020999986, 35.486225236 ], [ 136.57258327299999, 35.486303285 ], [ 136.57259879, 35.486336262 ], [ 136.572637447, 35.486414602 ], [ 136.57267154199999, 35.486483996 ], [ 136.572702687, 35.486519935 ], [ 136.57274071399999, 35.486609089 ], [ 136.57278206399999, 35.486681042 ], [ 136.572794906000013, 35.486673263 ], [ 136.57289586499999, 35.486612286 ], [ 136.57300368599999, 35.486547286 ], [ 136.57311139699999, 35.486482285 ], [ 136.573271135999988, 35.486385901 ], [ 136.573420469000013, 35.486295866 ], [ 136.573556077, 35.486213785 ], [ 136.573930682999986, 35.485987485 ], [ 136.574107919999989, 35.485879288 ], [ 136.574199916, 35.485822953 ], [ 136.574291910999989, 35.485766707 ], [ 136.574355228, 35.485728889 ], [ 136.574418543, 35.485691162 ] ] ] } },
{ "type": "Feature", "properties": { "A29_001": "21401", "A29_002": "岐阜県", "A29_003": "揖斐川町", "A29_004": 10, "A29_005": "準工業地域", "A29_006": 60, "A29_007": 200, "A29_008": "条件付き公開" }, "geometry": { "type": "Polygon", "coordinates": [ [ [ 136.582806326999986, 35.482155157 ], [ 136.582814278, 35.482122385 ], [ 136.582840412, 35.48204391 ], [ 136.582857112, 35.481989998 ], [ 136.582900583999987, 35.481921793 ], [ 136.582910911, 35.481911027 ], [ 136.582980837, 35.481796348 ], [ 136.583050874, 35.48168158 ], [ 136.583087078, 35.481627852 ], [ 136.583096101, 35.481614375 ], [ 136.583141973000011, 35.48156484 ], [ 136.583227876, 35.481618076 ], [ 136.583295501, 35.481669242 ], [ 136.583416276, 35.48177691 ], [ 136.583471917999987, 35.481839285 ], [ 136.58349199, 35.481867775 ], [ 136.583527083, 35.481845681 ], [ 136.583762618, 35.481703768 ], [ 136.58377690899999, 35.481693381 ], [ 136.58379104799999, 35.481673619 ], [ 136.583862418, 35.481572378 ], [ 136.583882683000013, 35.481543541 ], [ 136.583899049, 35.481520454 ], [ 136.58392109499999, 35.481489102 ], [ 136.583933787, 35.481471226 ], [ 136.583983424, 35.481403772 ], [ 136.584015588999989, 35.481359939 ], [ 136.584029054000013, 35.481341796 ], [ 136.58405120099999, 35.481311707 ], [ 136.584060104, 35.481299671 ], [ 136.58406778299999, 35.481289252 ], [ 136.584085146, 35.481265539 ], [ 136.584106179, 35.481237067 ], [ 136.584124543, 35.481212097 ], [ 136.584215134, 35.481089044 ], [ 136.584496588, 35.480706953 ], [ 136.584774603, 35.480327638 ], [ 136.58485239699999, 35.480221649 ], [ 136.584899336, 35.480161393 ], [ 136.584923753999988, 35.480137173 ], [ 136.584976589, 35.480115073 ], [ 136.58502542299999, 35.480097641 ], [ 136.58494971499999, 35.479944762 ], [ 136.584906072, 35.479853512 ], [ 136.584866551, 35.479771385 ], [ 136.584782418, 35.479610262 ], [ 136.584647272000012, 35.47931026 ], [ 136.58459320099999, 35.479198227 ], [ 136.58456902399999, 35.479234797 ], [ 136.58454206, 35.47927595 ], [ 136.584438006, 35.47943238 ], [ 136.584385432, 35.479510096 ], [ 136.584302938, 35.479473282 ], [ 136.584184755, 35.479587007 ], [ 136.584115274999988, 35.479655718 ], [ 136.584035914999987, 35.479734297 ], [ 136.583530779, 35.480311719 ], [ 136.583429106000011, 35.480428047 ], [ 136.583391135999989, 35.48040587 ], [ 136.583246643, 35.480241029 ], [ 136.58290660899999, 35.480402626 ], [ 136.58287210899999, 35.480418954 ], [ 136.582853019, 35.480392001 ], [ 136.58276969799999, 35.480256209 ], [ 136.582711163, 35.480289277 ], [ 136.582123786000011, 35.480579835 ], [ 136.581872274, 35.480691199 ], [ 136.58187474499999, 35.480699955 ], [ 136.581695072, 35.480782282 ], [ 136.581555485, 35.480853175 ], [ 136.581444747, 35.48091204 ], [ 136.581352224999989, 35.480966395 ], [ 136.581176125000013, 35.481072626 ], [ 136.581044383, 35.481155816 ], [ 136.58094806599999, 35.481216642 ], [ 136.580718377000011, 35.481357315 ], [ 136.580488908, 35.481497989 ], [ 136.58043710699999, 35.481529286 ], [ 136.58033848299999, 35.481589019 ], [ 136.58016368, 35.481683266 ], [ 136.580056407, 35.481735115 ], [ 136.580049441, 35.481738236 ], [ 136.580012729, 35.481755455 ], [ 136.58086484399999, 35.483117983 ], [ 136.580842281, 35.483144374 ], [ 136.58081529099999, 35.483173358 ], [ 136.58076119, 35.483232857 ], [ 136.580734189, 35.483263283 ], [ 136.580712401999989, 35.483289047 ], [ 136.580686944, 35.483319571 ], [ 136.580616929, 35.483400355 ], [ 136.580530681999988, 35.483500711 ], [ 136.58051434, 35.483520192 ], [ 136.580510124999989, 35.483523957 ], [ 136.580504346999987, 35.483530419 ], [ 136.58049857, 35.483536881 ], [ 136.580457681000013, 35.4835676 ], [ 136.58041668300001, 35.483598318 ], [ 136.580363828, 35.483637813 ], [ 136.580346875, 35.48365053 ], [ 136.58032739399999, 35.483662153 ], [ 136.580307914, 35.483673777 ], [ 136.58029088399999, 35.483681807 ], [ 136.580273964000014, 35.483689927 ], [ 136.580293930000011, 35.483717606 ], [ 136.58035099899999, 35.483795763 ], [ 136.580372278, 35.483809748 ], [ 136.580399059, 35.483824751 ], [ 136.580491903, 35.483847917 ], [ 136.580540015999986, 35.483869514 ], [ 136.580722638999987, 35.48397406 ], [ 136.58086670599999, 35.484061112 ], [ 136.58122791, 35.484265406 ], [ 136.581463993, 35.484399055 ], [ 136.581589006, 35.484469609 ], [ 136.581644148, 35.484509898 ], [ 136.581655785, 35.484531227 ], [ 136.581748051, 35.484497512 ], [ 136.58217208799999, 35.48436544 ], [ 136.582451606, 35.48425385 ], [ 136.582621842, 35.484120998 ], [ 136.582675705000014, 35.484048698 ], [ 136.58282913799999, 35.483801018 ], [ 136.582871401, 35.483732627 ], [ 136.58282810899999, 35.48371475 ], [ 136.582716459000011, 35.483625153 ], [ 136.582623465000012, 35.483515816 ], [ 136.58261997, 35.483511472 ], [ 136.58268292, 35.483477795 ], [ 136.582783761, 35.4833858 ], [ 136.58281634799999, 35.483329531 ], [ 136.582853742, 35.483278964 ], [ 136.582879741999989, 35.483249705 ], [ 136.58286480699999, 35.483242331 ], [ 136.582941373000011, 35.483139222 ], [ 136.582967900999989, 35.48311312 ], [ 136.58307650899999, 35.483013682 ], [ 136.583114884, 35.482979885 ], [ 136.583222172, 35.482864937 ], [ 136.583338854, 35.482730834 ], [ 136.583224316000013, 35.482674935 ], [ 136.583206722999989, 35.482654208 ], [ 136.583201116, 35.482591444 ], [ 136.583200713999986, 35.482586034 ], [ 136.583200002000012, 35.482577828 ], [ 136.58317456099999, 35.482560308 ], [ 136.583230719999989, 35.482551205 ], [ 136.583226582, 35.482544335 ], [ 136.58289442899999, 35.482376873 ], [ 136.58287466199999, 35.482336666 ], [ 136.582856037, 35.482321613 ], [ 136.582843109, 35.482311094 ], [ 136.58278138899999, 35.482281501 ], [ 136.582784412, 35.482259612 ], [ 136.582791501, 35.482208988 ], [ 136.582806326999986, 35.482155157 ] ] ] } },
{ "type": "Feature", "properties": { "A29_001": "21401", "A29_002": "岐阜県", "A29_003": "揖斐川町", "A29_004": 5, "A29_005": "第一種住居地域", "A29_006": 60, "A29_007": 200, "A29_008": "条件付き公開" }, "geometry": { "type": "Polygon", "coordinates": [ [ [ 136.572005727, 35.484784671 ], [ 136.572119506, 35.484748455 ], [ 136.57223328500001, 35.484712239 ], [ 136.572395233, 35.484659855 ], [ 136.57255729, 35.484607561 ], [ 136.572665242999989, 35.484569243 ], [ 136.57277387900001, 35.484528043 ], [ 136.572888834999986, 35.484481557 ], [ 136.57300281900001, 35.484432361 ], [ 136.573085972, 35.484394461 ], [ 136.573162059999987, 35.484358149 ], [ 136.573230306, 35.484324322 ], [ 136.573294909, 35.484291199 ], [ 136.573347684, 35.484263155 ], [ 136.573421489, 35.484222594 ], [ 136.573488884999989, 35.484184256 ], [ 136.576410689999989, 35.482490638 ], [ 136.57685482299999, 35.482232128 ], [ 136.57751729099999, 35.48184912 ], [ 136.578025043999986, 35.481554862 ], [ 136.577972480999989, 35.481509086 ], [ 136.57786107699999, 35.481447338 ], [ 136.577833340000012, 35.481382213 ], [ 136.577798621999989, 35.481337515 ], [ 136.577741221999986, 35.481259986 ], [ 136.57771865, 35.481227065 ], [ 136.57769108299999, 35.481184115 ], [ 136.577641695000011, 35.481095808 ], [ 136.57760564, 35.481022981 ], [ 136.577631067999988, 35.481011837 ], [ 136.577642274, 35.481001346 ], [ 136.577554846, 35.480885812 ], [ 136.577493355, 35.480810246 ], [ 136.57753484599999, 35.480787463 ], [ 136.577423305, 35.480639001 ], [ 136.577499949000014, 35.480586194 ], [ 136.577626442, 35.480739596 ], [ 136.577720426000013, 35.480681465 ], [ 136.577844521, 35.480604641 ], [ 136.57785260899999, 35.480613875 ], [ 136.577869098, 35.480604311 ], [ 136.577715025, 35.480439957 ], [ 136.577702404, 35.480447918 ], [ 136.577676486, 35.480420569 ], [ 136.577736324, 35.480390395 ], [ 136.577761654999989, 35.480362215 ], [ 136.577709645, 35.480301298 ], [ 136.57766829900001, 35.48030407 ], [ 136.57734172799999, 35.480340965 ], [ 136.577226389, 35.480350498 ], [ 136.577112843, 35.480371035 ], [ 136.57698893700001, 35.480391703 ], [ 136.576936824, 35.480450399 ], [ 136.576915815, 35.480460121 ], [ 136.576737132, 35.480542175 ], [ 136.576428525000011, 35.480684077 ], [ 136.576067396000013, 35.480850058 ], [ 136.575764103000012, 35.480988378 ], [ 136.57536063399999, 35.481172087 ], [ 136.575095901, 35.481296533 ], [ 136.574799318, 35.481436056 ], [ 136.57451976499999, 35.481567369 ], [ 136.57448047599999, 35.481575108 ], [ 136.574469918, 35.481542156 ], [ 136.57446099, 35.481527329 ], [ 136.574336652999989, 35.481321113 ], [ 136.57412603899999, 35.481173513 ], [ 136.57409673699999, 35.481201943 ], [ 136.57397053299999, 35.481325354 ], [ 136.573811361999987, 35.481480873 ], [ 136.573678623, 35.481608578 ], [ 136.573552873000011, 35.481729827 ], [ 136.573449321, 35.481829643 ], [ 136.573360247000011, 35.481908887 ], [ 136.573255601, 35.481992472 ], [ 136.57320783, 35.482029735 ], [ 136.573199028, 35.482072868 ], [ 136.572980605, 35.482043129 ], [ 136.572537141, 35.481999483 ], [ 136.57249066599999, 35.481995288 ], [ 136.572418513, 35.481991237 ], [ 136.572298221000011, 35.481984696 ], [ 136.572232891999988, 35.48198176 ], [ 136.572113460999987, 35.481977927 ], [ 136.571982227, 35.481975657 ], [ 136.571837644, 35.481975305 ], [ 136.57179234, 35.481976795 ], [ 136.571720801, 35.481979146 ], [ 136.571557686, 35.481996189 ], [ 136.571330811, 35.482036804 ], [ 136.571197296, 35.482074815 ], [ 136.571050767, 35.482129077 ], [ 136.570795503999989, 35.482238236 ], [ 136.570756820000014, 35.482253459 ], [ 136.570823625, 35.482355104 ], [ 136.570970538000012, 35.482562427 ], [ 136.571196313, 35.482880469 ], [ 136.571268734, 35.482982683 ], [ 136.571341431, 35.483107342 ], [ 136.57135425199999, 35.483147067 ], [ 136.571435414, 35.483319451 ], [ 136.571500969, 35.483456244 ], [ 136.57155941900001, 35.48358507 ], [ 136.57159874300001, 35.483692259 ], [ 136.571632560000012, 35.483784186 ], [ 136.571681203, 35.483912964 ], [ 136.57178796299999, 35.484200942 ], [ 136.571945419, 35.484623657 ], [ 136.572005727, 35.484784671 ] ] ] } },
{ "type": "Feature", "properties": { "A29_001": "21401", "A29_002": "岐阜県", "A29_003": "揖斐川町", "A29_004": 7, "A29_005": "準住居地域", "A29_006": 60, "A29_007": 200, "A29_008": "条件付き公開" }, "geometry": { "type": "Polygon", "coordinates": [ [ [ 136.582441816, 35.480002324 ], [ 136.582396827, 35.479914762 ], [ 136.582354298000013, 35.479852721 ], [ 136.582332990999987, 35.479858116 ], [ 136.58232218399999, 35.479859146 ], [ 136.582119393999989, 35.479877543 ], [ 136.582113803999988, 35.47982767 ], [ 136.58205634699999, 35.479590146 ], [ 136.582249319, 35.479496886 ], [ 136.582522189, 35.479189843 ], [ 136.582625740999987, 35.479042336 ], [ 136.58263884499999, 35.479028428 ], [ 136.582275068, 35.47924327 ], [ 136.58216650599999, 35.479306383 ], [ 136.581943236, 35.479429152 ], [ 136.58177477800001, 35.479515409 ], [ 136.58162227599999, 35.479589665 ], [ 136.581488043, 35.479651931 ], [ 136.58124461, 35.479758647 ], [ 136.58103110799999, 35.479856132 ], [ 136.580816903, 35.479959293 ], [ 136.580689584999988, 35.480025197 ], [ 136.580861262000013, 35.480027112 ], [ 136.580868799, 35.4800212 ], [ 136.58091366299999, 35.480019434 ], [ 136.58097097000001, 35.480003848 ], [ 136.581255496000011, 35.479974672 ], [ 136.58143690899999, 35.479956172 ], [ 136.581486866, 35.479951096 ], [ 136.581492403999988, 35.479992857 ], [ 136.581498544, 35.480012356 ], [ 136.58152948599999, 35.480122205 ], [ 136.581541197, 35.480163636 ], [ 136.581550044000011, 35.480250662 ], [ 136.581554434, 35.480268261 ], [ 136.581832434, 35.480197047 ], [ 136.58191729, 35.480348981 ], [ 136.581926329, 35.480363807 ], [ 136.581885051, 35.480372531 ], [ 136.58179194499999, 35.480385871 ], [ 136.58176303499999, 35.480391049 ], [ 136.581754866000011, 35.480393083 ], [ 136.58176092, 35.480409157 ], [ 136.58181904700001, 35.480554201 ], [ 136.581837557, 35.480600442 ], [ 136.581867974, 35.480676216 ], [ 136.581872274, 35.480691199 ], [ 136.582123786000011, 35.480579835 ], [ 136.582711163, 35.480289277 ], [ 136.58276969799999, 35.480256209 ], [ 136.582744756000011, 35.480215526 ], [ 136.582657667, 35.480235025 ], [ 136.58264585399999, 35.480207566 ], [ 136.582614963999987, 35.480136027 ], [ 136.582577289999989, 35.480057874 ], [ 136.58256958199999, 35.480041883 ], [ 136.582464213, 35.480059671 ], [ 136.58242014699999, 35.480057745 ], [ 136.58241478, 35.480022745 ], [ 136.582421565, 35.480014034 ], [ 136.582441816, 35.480002324 ] ] ] } },
{ "type": "Feature", "properties": { "A29_001": "21401", "A29_002": "岐阜県", "A29_003": "揖斐川町", "A29_004": 5, "A29_005": "第一種住居地域", "A29_006": 60, "A29_007": 200, "A29_008": "条件付き公開" }, "geometry": { "type": "Polygon", "coordinates": [ [ [ 136.58263884499999, 35.479028428 ], [ 136.58286194499999, 35.478791632 ], [ 136.582926275, 35.478749578 ], [ 136.582913682999987, 35.47873834 ], [ 136.582876567999989, 35.478720042 ], [ 136.582675618, 35.47862163 ], [ 136.58246329, 35.478527038 ], [ 136.58235253399999, 35.478680279 ], [ 136.582212403999989, 35.478613619 ], [ 136.582158278, 35.478585864 ], [ 136.58218881900001, 35.478537968 ], [ 136.582272386999989, 35.478441294 ], [ 136.58216803799999, 35.478379314 ], [ 136.582130382, 35.478359661 ], [ 136.58201930300001, 35.478451065 ], [ 136.581960645, 35.478409858 ], [ 136.581938103, 35.478387935 ], [ 136.581862954, 35.4782959 ], [ 136.58182567, 35.478255427 ], [ 136.581790901, 35.478217581 ], [ 136.581718215, 35.478165939 ], [ 136.581694539000011, 35.478194038 ], [ 136.581630870999987, 35.478251238 ], [ 136.58159227199999, 35.478285844 ], [ 136.581504574, 35.478207179 ], [ 136.581371182999987, 35.478320828 ], [ 136.58142256299999, 35.478362541 ], [ 136.581299699999988, 35.478483181 ], [ 136.58125701099999, 35.478443493 ], [ 136.581227813999988, 35.478442631 ], [ 136.581202538000014, 35.47846351 ], [ 136.58117172499999, 35.478488059 ], [ 136.580969347, 35.478617237 ], [ 136.580951672, 35.478638424 ], [ 136.580837277, 35.478700515 ], [ 136.580743165, 35.47874648 ], [ 136.580649053, 35.478792444 ], [ 136.58051114700001, 35.478632049 ], [ 136.580436182999989, 35.478545061 ], [ 136.58040567099999, 35.478513004 ], [ 136.580273814, 35.478597184 ], [ 136.58021603, 35.478633049 ], [ 136.580125904999989, 35.478691471 ], [ 136.580080345999988, 35.478728297 ], [ 136.580034339, 35.478690215 ], [ 136.579892424, 35.478566215 ], [ 136.579813911, 35.478497599 ], [ 136.579708899, 35.478405777 ], [ 136.579624583, 35.478332085 ], [ 136.579599116, 35.478303297 ], [ 136.579556685999989, 35.478334188 ], [ 136.579463852, 35.478386107 ], [ 136.579391046000012, 35.478426856 ], [ 136.579316995999989, 35.478472016 ], [ 136.579263311, 35.478504835 ], [ 136.579155006, 35.478562808 ], [ 136.57889458299999, 35.478702517 ], [ 136.578592106, 35.478866808 ], [ 136.57847660199999, 35.478929523 ], [ 136.578375412000014, 35.478993839 ], [ 136.578298692, 35.479057373 ], [ 136.578207932, 35.479142112 ], [ 136.578152225, 35.479195292 ], [ 136.577951047, 35.479385675 ], [ 136.57774986699999, 35.479576148 ], [ 136.57739397, 35.479917118 ], [ 136.577369667, 35.479940345 ], [ 136.577038181, 35.480257997 ], [ 136.57697944200001, 35.480318644 ], [ 136.576949238999987, 35.480349955 ], [ 136.576977421, 35.480369112 ], [ 136.576980085, 35.480381474 ], [ 136.57698893700001, 35.480391703 ], [ 136.577112843, 35.480371035 ], [ 136.577163482, 35.480348117 ], [ 136.577219070000012, 35.480296379 ], [ 136.577459882, 35.480066349 ], [ 136.57760661, 35.479923294 ], [ 136.577665837000012, 35.479871123 ], [ 136.577724912, 35.479824809 ], [ 136.577801313, 35.479774885 ], [ 136.577873805, 35.479732242 ], [ 136.577949173, 35.479688081 ], [ 136.57800733, 35.479661684 ], [ 136.57815979899999, 35.47959248 ], [ 136.578282518, 35.479537824 ], [ 136.57829504899999, 35.479557264 ], [ 136.578324253, 35.479617619 ], [ 136.578351942000012, 35.479674181 ], [ 136.578527400000013, 35.479625911 ], [ 136.578653723, 35.479590832 ], [ 136.57871644299999, 35.47957347 ], [ 136.578783474, 35.479554146 ], [ 136.578879988000011, 35.479526673 ], [ 136.578912233000011, 35.479517546 ], [ 136.579028126, 35.479477098 ], [ 136.579098066, 35.479451749 ], [ 136.57916016199999, 35.479429246 ], [ 136.579203353, 35.479415034 ], [ 136.579246544, 35.479400912 ], [ 136.579322924, 35.479383977 ], [ 136.579361139000014, 35.479372175 ], [ 136.579408653, 35.479354468 ], [ 136.579429057999988, 35.4793369 ], [ 136.57944874399999, 35.479327171 ], [ 136.579456722, 35.479321081 ], [ 136.579486078, 35.479315274 ], [ 136.579555271, 35.479286496 ], [ 136.579586479, 35.479253206 ], [ 136.579617687, 35.479219917 ], [ 136.579641952, 35.479186593 ], [ 136.57972913899999, 35.479123289 ], [ 136.57975643899999, 35.479112155 ], [ 136.579775358, 35.479116934 ], [ 136.57978494599999, 35.479116891 ], [ 136.58007966299999, 35.478928491 ], [ 136.580086822, 35.47889869 ], [ 136.58017791, 35.478844329 ], [ 136.580170022, 35.478837981 ], [ 136.580199439000012, 35.478823521 ], [ 136.580558445, 35.479069181 ], [ 136.58060143899999, 35.479097242 ], [ 136.580678325, 35.479147282 ], [ 136.580703331, 35.479163628 ], [ 136.58073864799999, 35.479186695 ], [ 136.58072077599999, 35.479204636 ], [ 136.580682043, 35.479242306 ], [ 136.580651855000013, 35.479271815 ], [ 136.58069405399999, 35.479303118 ], [ 136.58070613000001, 35.479294253 ], [ 136.580719526, 35.479300988 ], [ 136.580633619999986, 35.479370068 ], [ 136.580595136999989, 35.479403773 ], [ 136.580576326, 35.479414408 ], [ 136.580542796, 35.479433625 ], [ 136.58039356899999, 35.479557472 ], [ 136.580376949999987, 35.47956974 ], [ 136.580241779, 35.479669949 ], [ 136.580148462000011, 35.479591075 ], [ 136.580104398, 35.479619344 ], [ 136.580015042000014, 35.479541391 ], [ 136.579985399, 35.47951096 ], [ 136.579953842, 35.479531629 ], [ 136.579878771000011, 35.479580569 ], [ 136.579829396, 35.479611698 ], [ 136.579779910000013, 35.479642915 ], [ 136.579620449, 35.479658455 ], [ 136.57946098799999, 35.479674084 ], [ 136.579410475, 35.479679697 ], [ 136.579370845, 35.47968924 ], [ 136.57934067299999, 35.479701171 ], [ 136.57932016800001, 35.479717477 ], [ 136.57930527100001, 35.479735342 ], [ 136.579297523, 35.479755135 ], [ 136.579293897000014, 35.479799195 ], [ 136.579288885000011, 35.479882278 ], [ 136.57931224, 35.479898437 ], [ 136.579296770000013, 35.480010223 ], [ 136.579258630999988, 35.48001157 ], [ 136.579243768999987, 35.480009515 ], [ 136.579189496999987, 35.480016822 ], [ 136.579220243, 35.480047078 ], [ 136.5794258, 35.480057543 ], [ 136.579631357000011, 35.480068008 ], [ 136.57969789500001, 35.480071036 ], [ 136.579764544, 35.480074064 ], [ 136.579832133999986, 35.480068894 ], [ 136.579909316999988, 35.48006296 ], [ 136.580043168, 35.480053605 ], [ 136.580115717000012, 35.480048459 ], [ 136.580178783, 35.480044078 ], [ 136.580300963000013, 35.480033225 ], [ 136.58042325400001, 35.480022281 ], [ 136.580642203, 35.480024696 ], [ 136.580689584999988, 35.480025197 ], [ 136.580816903, 35.479959293 ], [ 136.58103110799999, 35.479856132 ], [ 136.58124461, 35.479758647 ], [ 136.581488043, 35.479651931 ], [ 136.58162227599999, 35.479589665 ], [ 136.58177477800001, 35.479515409 ], [ 136.581943236, 35.479429152 ], [ 136.58216650599999, 35.479306383 ], [ 136.582275068, 35.47924327 ], [ 136.58263884499999, 35.479028428 ] ] ] } },
{ "type": "Feature", "properties": { "A29_001": "21401", "A29_002": "岐阜県", "A29_003": "揖斐川町", "A29_004": 5, "A29_005": "第一種住居地域", "A29_006": 60, "A29_007": 200, "A29_008": "条件付き公開" }, "geometry": { "type": "MultiPolygon", "coordinates": [ [ [ [ 136.569659453000014, 35.47470767 ], [ 136.569665304000011, 35.474616839 ], [ 136.56959204099999, 35.474704181 ], [ 136.56952900600001, 35.474779406 ], [ 136.56937835799999, 35.4749602 ], [ 136.56926661899999, 35.475094764 ], [ 136.569095957, 35.475299526 ], [ 136.569054501000011, 35.475347455 ], [ 136.569017050000014, 35.475390085 ], [ 136.568983376, 35.475428678 ], [ 136.56896470699999, 35.475449768 ], [ 136.568939261999986, 35.475478216 ], [ 136.568905261999987, 35.475516176 ], [ 136.568886969, 35.475531139 ], [ 136.568896478, 35.475541732 ], [ 136.568916863999988, 35.475556616 ], [ 136.56900473499999, 35.475609782 ], [ 136.569057834, 35.475641593 ], [ 136.569178177, 35.475699517 ], [ 136.569225194000012, 35.47571931 ], [ 136.56927232000001, 35.475739104 ], [ 136.56943885699999, 35.475808974 ], [ 136.569495071, 35.475836835 ], [ 136.569515249, 35.475686133 ], [ 136.569523532, 35.475623978 ], [ 136.569464522, 35.475616745 ], [ 136.569586125, 35.474967808 ], [ 136.569608663, 35.474870389 ], [ 136.569631275, 35.474792892 ], [ 136.569659453000014, 35.47470767 ] ] ], [ [ [ 136.56900396099999, 35.479049378 ], [ 136.56904319899999, 35.478750582 ], [ 136.569078999, 35.478350544 ], [ 136.569162943, 35.478339242 ], [ 136.56917602499999, 35.478239253 ], [ 136.569215383999989, 35.477938835 ], [ 136.56928405, 35.47741574 ], [ 136.569335607999989, 35.477030202 ], [ 136.569375559, 35.476738982 ], [ 136.569420615000013, 35.47639821 ], [ 136.56947232499999, 35.476006904 ], [ 136.569416993, 35.476068465 ], [ 136.569406328000014, 35.476080221 ], [ 136.569375659, 35.476129645 ], [ 136.569347529999988, 35.476193144 ], [ 136.56932112699999, 35.476276662 ], [ 136.569298898999989, 35.476272405 ], [ 136.569294609999986, 35.476286085 ], [ 136.569295383, 35.476300782 ], [ 136.569296321, 35.47632305 ], [ 136.569281455, 35.476366334 ], [ 136.56926134299999, 35.476403732 ], [ 136.569239626000012, 35.476434722 ], [ 136.569210379, 35.476470633 ], [ 136.569193412, 35.476499934 ], [ 136.56918159599999, 35.476533227 ], [ 136.56917547899999, 35.476555641 ], [ 136.569156037999988, 35.476636399 ], [ 136.56909581299999, 35.47688263 ], [ 136.569084022999988, 35.47692719 ], [ 136.569080515, 35.476954485 ], [ 136.56907793, 35.477005941 ], [ 136.569072756999986, 35.477019977 ], [ 136.569063191, 35.477032008 ], [ 136.569036176, 35.477034399 ], [ 136.568999945, 35.477031245 ], [ 136.568978249999986, 35.477029334 ], [ 136.56894785599999, 35.47702666 ], [ 136.56879038299999, 35.477012359 ], [ 136.568766165, 35.47714285 ], [ 136.568753095, 35.477181725 ], [ 136.568683244, 35.477164974 ], [ 136.56845016, 35.477108203 ], [ 136.568225438000013, 35.477053186 ], [ 136.568220153, 35.477082365 ], [ 136.568209735000011, 35.477149917 ], [ 136.568205799999987, 35.477175227 ], [ 136.56819790099999, 35.477215119 ], [ 136.5681816, 35.477288411 ], [ 136.568158914, 35.477345897 ], [ 136.568133079, 35.477397238 ], [ 136.56809818, 35.47745214 ], [ 136.568031818, 35.47752969 ], [ 136.567979742, 35.477597757 ], [ 136.567943173, 35.477669776 ], [ 136.567918916999986, 35.477745823 ], [ 136.567864644999986, 35.477916727 ], [ 136.56784597399999, 35.477967743 ], [ 136.567830633, 35.478000658 ], [ 136.567800076999987, 35.478064324 ], [ 136.567746512000014, 35.478154828 ], [ 136.567707162, 35.478215476 ], [ 136.567490759, 35.478538991 ], [ 136.567295916, 35.478837734 ], [ 136.567308553, 35.478842484 ], [ 136.567396866, 35.478881052 ], [ 136.567573399999986, 35.478940879 ], [ 136.56780535499999, 35.479016845 ], [ 136.567921197, 35.479058253 ], [ 136.567952123999987, 35.479078327 ], [ 136.567968301, 35.479066509 ], [ 136.568017163, 35.479030786 ], [ 136.568075728, 35.47899439 ], [ 136.568131392999987, 35.478962577 ], [ 136.568242016, 35.478905346 ], [ 136.568328732, 35.478862059 ], [ 136.568405563, 35.478829179 ], [ 136.56848245099999, 35.47880351 ], [ 136.568536859, 35.478792602 ], [ 136.56858899, 35.478791599 ], [ 136.568676278, 35.478790139 ], [ 136.568726039000012, 35.478796695 ], [ 136.568722181, 35.478826602 ], [ 136.568737677, 35.478981086 ], [ 136.568747148999989, 35.47911562 ], [ 136.56874396, 35.479218903 ], [ 136.56872253899999, 35.479328766 ], [ 136.568715249, 35.479360819 ], [ 136.56870781399999, 35.479382776 ], [ 136.56869464, 35.479465277 ], [ 136.56868993399999, 35.479505546 ], [ 136.56868781099999, 35.479539247 ], [ 136.568687700999988, 35.479583775 ], [ 136.568689565999989, 35.479629665 ], [ 136.56869589199999, 35.479683058 ], [ 136.568709766000012, 35.479758934 ], [ 136.568723068999986, 35.479807855 ], [ 136.568804723999989, 35.479986734 ], [ 136.568815375000014, 35.480006887 ], [ 136.56881844599999, 35.479994013 ], [ 136.568840720999987, 35.479902723 ], [ 136.568886294, 35.479715911 ], [ 136.568901668, 35.479663616 ], [ 136.568907387, 35.479620468 ], [ 136.568964212, 35.479313017 ], [ 136.568968235, 35.479305375 ], [ 136.568981734, 35.479208633 ], [ 136.56900396099999, 35.479049378 ] ] ] ] } },
{ "type": "Feature", "properties": { "A29_001": "21401", "A29_002": "岐阜県", "A29_003": "揖斐川町", "A29_004": 7, "A29_005": "準住居地域", "A29_006": 60, "A29_007": 200, "A29_008": "条件付き公開" }, "geometry": { "type": "Polygon", "coordinates": [ [ [ 136.570170639999986, 35.47965971 ], [ 136.570195981000012, 35.479451525 ], [ 136.570208302, 35.479349999 ], [ 136.570229035000011, 35.479183706 ], [ 136.570251692999989, 35.479010481 ], [ 136.57027667700001, 35.478820773 ], [ 136.570289831, 35.478725742 ], [ 136.57031567199999, 35.47852441 ], [ 136.57035246699999, 35.478272293 ], [ 136.570385480999988, 35.478039629 ], [ 136.57043135, 35.477722477 ], [ 136.57046033200001, 35.477528462 ], [ 136.57047472, 35.477415499 ], [ 136.57049109, 35.477302726 ], [ 136.570529042, 35.477043044 ], [ 136.57054775899999, 35.476910903 ], [ 136.57058435799999, 35.476625254 ], [ 136.570613900000012, 35.476400054 ], [ 136.570643107, 35.476190265 ], [ 136.570666947, 35.475990996 ], [ 136.570683699999989, 35.475856231 ], [ 136.570701509, 35.475727601 ], [ 136.570724094000013, 35.475563931 ], [ 136.57073399399999, 35.475491598 ], [ 136.570759939999988, 35.475410151 ], [ 136.570776924, 35.475303691 ], [ 136.570744057000013, 35.475277749 ], [ 136.57072634299999, 35.475259183 ], [ 136.570704634, 35.47522942 ], [ 136.570670785, 35.475172466 ], [ 136.57060088899999, 35.475057464 ], [ 136.570565375, 35.475017087 ], [ 136.570541929, 35.474998673 ], [ 136.57042436099999, 35.47493797 ], [ 136.57030969600001, 35.474887016 ], [ 136.570257536000014, 35.474877383 ], [ 136.57033622, 35.474667659 ], [ 136.570403714, 35.474525663 ], [ 136.570515002, 35.474287616 ], [ 136.57056399699999, 35.474188616 ], [ 136.570446669, 35.47412539 ], [ 136.570317694000011, 35.474072562 ], [ 136.570189615, 35.474017846 ], [ 136.570123418, 35.474103511 ], [ 136.570001886999989, 35.47405739 ], [ 136.56995512, 35.474227701 ], [ 136.569947434, 35.474223878 ], [ 136.569930172, 35.474218744 ], [ 136.569927150000012, 35.474225039 ], [ 136.569908125000012, 35.474264696 ], [ 136.569879808, 35.474338921 ], [ 136.569860033999987, 35.474375419 ], [ 136.569845657, 35.474397432 ], [ 136.569681089999989, 35.474598078 ], [ 136.569665304000011, 35.474616839 ], [ 136.569659453000014, 35.47470767 ], [ 136.569631275, 35.474792892 ], [ 136.569608663, 35.474870389 ], [ 136.569586125, 35.474967808 ], [ 136.569464522, 35.475616745 ], [ 136.569523532, 35.475623978 ], [ 136.569515249, 35.475686133 ], [ 136.569495071, 35.475836835 ], [ 136.569566654999988, 35.475872253 ], [ 136.569582465, 35.475880083 ], [ 136.569565767, 35.475902986 ], [ 136.56947232499999, 35.476006904 ], [ 136.569471857999986, 35.476010417 ], [ 136.569420615000013, 35.47639821 ], [ 136.569375559, 35.476738982 ], [ 136.569335607999989, 35.477030202 ], [ 136.56928405, 35.47741574 ], [ 136.569215383999989, 35.477938835 ], [ 136.56917602499999, 35.478239253 ], [ 136.569162943, 35.478339242 ], [ 136.569078999, 35.478350544 ], [ 136.56904319899999, 35.478750582 ], [ 136.56900396099999, 35.479049378 ], [ 136.568981734, 35.479208633 ], [ 136.568968235, 35.479305375 ], [ 136.568964212, 35.479313017 ], [ 136.568907387, 35.479620468 ], [ 136.568901668, 35.479663616 ], [ 136.568886294, 35.479715911 ], [ 136.568840720999987, 35.479902723 ], [ 136.56881844599999, 35.479994013 ], [ 136.568815375000014, 35.480006887 ], [ 136.568861450000014, 35.48009464 ], [ 136.568903175, 35.480159657 ], [ 136.568731335, 35.480209463 ], [ 136.568683846999988, 35.480223289 ], [ 136.568785107, 35.480359089 ], [ 136.568802347, 35.48038216 ], [ 136.568823189, 35.480410116 ], [ 136.568837593000012, 35.480429297 ], [ 136.568886478, 35.480494799 ], [ 136.568889939, 35.48050365 ], [ 136.568931494999987, 35.480502233 ], [ 136.568965068000011, 35.480507357 ], [ 136.568989472999988, 35.48051532 ], [ 136.569012756, 35.480526072 ], [ 136.569174306, 35.480615929 ], [ 136.569245446999986, 35.480652336 ], [ 136.569269819, 35.480664806 ], [ 136.56929475199999, 35.480675926 ], [ 136.569377972000012, 35.480688327 ], [ 136.569481418, 35.480677752 ], [ 136.56955775099999, 35.4806528 ], [ 136.569606786, 35.480638531 ], [ 136.569661107, 35.480624738 ], [ 136.569699323, 35.480612938 ], [ 136.569777656000014, 35.480585834 ], [ 136.56987281799999, 35.480562958 ], [ 136.570009851, 35.480510905 ], [ 136.570133292, 35.480463832 ], [ 136.570107412999988, 35.480416742 ], [ 136.570103022000012, 35.480399413 ], [ 136.570093488, 35.480362409 ], [ 136.570089220999989, 35.480343279 ], [ 136.57008949499999, 35.480336069 ], [ 136.570089767000013, 35.48032904 ], [ 136.570094297, 35.480282731 ], [ 136.57010009699999, 35.480228586 ], [ 136.570107788, 35.480157144 ], [ 136.570113808, 35.480103001 ], [ 136.570119377, 35.480050207 ], [ 136.570129353, 35.479952907 ], [ 136.570149241, 35.479811668 ], [ 136.570170639999986, 35.47965971 ] ] ] } },
{ "type": "Feature", "properties": { "A29_001": "21401", "A29_002": "岐阜県", "A29_003": "揖斐川町", "A29_004": 5, "A29_005": "第一種住居地域", "A29_006": 60, "A29_007": 200, "A29_008": "条件付き公開" }, "geometry": { "type": "Polygon", "coordinates": [ [ [ 136.570133292, 35.480463832 ], [ 136.570151748, 35.480456802 ], [ 136.57016739, 35.480427765 ], [ 136.57035539899999, 35.480337203 ], [ 136.570543407, 35.480246731 ], [ 136.570621703, 35.480194748 ], [ 136.570652835, 35.480172186 ], [ 136.570658976, 35.4801614 ], [ 136.57065950099999, 35.480150045 ], [ 136.570656952, 35.48012209 ], [ 136.57065451299999, 35.480094225 ], [ 136.57060786400001, 35.479874958 ], [ 136.570579157, 35.479807753 ], [ 136.57085425299999, 35.479668225 ], [ 136.57105761599999, 35.479363208 ], [ 136.571067965999987, 35.479319632 ], [ 136.571091351, 35.479286576 ], [ 136.571051941, 35.479236265 ], [ 136.57102862, 35.479215688 ], [ 136.57083194, 35.479137739 ], [ 136.57075991799999, 35.479101418 ], [ 136.570732060000012, 35.479098396 ], [ 136.570601699, 35.479112805 ], [ 136.570573604, 35.479112126 ], [ 136.570498342, 35.479096701 ], [ 136.570449943, 35.479084654 ], [ 136.57053953, 35.478816663 ], [ 136.570618843, 35.478581703 ], [ 136.57064488, 35.478503051 ], [ 136.570658743, 35.478461205 ], [ 136.570739655000011, 35.478218681 ], [ 136.57076478799999, 35.478142818 ], [ 136.570809196, 35.47800864 ], [ 136.570844021999989, 35.477903621 ], [ 136.570878848, 35.477798601 ], [ 136.570974691, 35.477712721 ], [ 136.57101396600001, 35.477646843 ], [ 136.571053240999987, 35.477580966 ], [ 136.571074353, 35.477527437 ], [ 136.571113634999989, 35.477430732 ], [ 136.57112658, 35.477408712 ], [ 136.571087186999989, 35.477386073 ], [ 136.571018966999986, 35.477327417 ], [ 136.570977827, 35.477287643 ], [ 136.570881531999987, 35.477180894 ], [ 136.570778057000012, 35.47706158 ], [ 136.570671567, 35.47694766 ], [ 136.570656778999989, 35.476935689 ], [ 136.570695796, 35.476889911 ], [ 136.57072473299999, 35.476851114 ], [ 136.57074049900001, 35.476820184 ], [ 136.570767171, 35.47674487 ], [ 136.570773605, 35.476724169 ], [ 136.570780945, 35.47665525 ], [ 136.570801702000011, 35.476605055 ], [ 136.57081190299999, 35.476581489 ], [ 136.570819596, 35.476569448 ], [ 136.570827398, 35.476557408 ], [ 136.570844867, 35.476534599 ], [ 136.570872879, 35.476501657 ], [ 136.570896471999987, 35.476470225 ], [ 136.57093615799999, 35.476438241 ], [ 136.571008253, 35.476315017 ], [ 136.571008877999986, 35.476305014 ], [ 136.57108077800001, 35.476178274 ], [ 136.571152788, 35.476051534 ], [ 136.57118018, 35.476012999 ], [ 136.571271204999988, 35.475862917 ], [ 136.57135676499999, 35.475721641 ], [ 136.57136793, 35.47567203 ], [ 136.57104513499999, 35.475497731 ], [ 136.570967905, 35.475450929 ], [ 136.570901045, 35.475402375 ], [ 136.570809352, 35.47532927 ], [ 136.570776924, 35.475303691 ], [ 136.570759939999988, 35.475410151 ], [ 136.57073399399999, 35.475491598 ], [ 136.570724094000013, 35.475563931 ], [ 136.570701509, 35.475727601 ], [ 136.570683699999989, 35.475856231 ], [ 136.570666947, 35.475990996 ], [ 136.570643107, 35.476190265 ], [ 136.570613900000012, 35.476400054 ], [ 136.57058435799999, 35.476625254 ], [ 136.57054775899999, 35.476910903 ], [ 136.570529042, 35.477043044 ], [ 136.57049109, 35.477302726 ], [ 136.57047472, 35.477415499 ], [ 136.57046033200001, 35.477528462 ], [ 136.57043135, 35.477722477 ], [ 136.570385480999988, 35.478039629 ], [ 136.57035246699999, 35.478272293 ], [ 136.57031567199999, 35.47852441 ], [ 136.570289831, 35.478725742 ], [ 136.57027667700001, 35.478820773 ], [ 136.570251692999989, 35.479010481 ], [ 136.570229035000011, 35.479183706 ], [ 136.570208302, 35.479349999 ], [ 136.57018331, 35.479555662 ], [ 136.57015994, 35.479735734 ], [ 136.570129353, 35.479952907 ], [ 136.570119377, 35.480050207 ], [ 136.570107788, 35.480157144 ], [ 136.57010009699999, 35.480228586 ], [ 136.570094297, 35.480282731 ], [ 136.570089767000013, 35.48032904 ], [ 136.57008935799999, 35.480339674 ], [ 136.570089220999989, 35.480343279 ], [ 136.570093488, 35.480362409 ], [ 136.570103022000012, 35.480399413 ], [ 136.570107412999988, 35.480416742 ], [ 136.570133292, 35.480463832 ] ] ] } },
{ "type": "Feature", "properties": { "A29_001": "21401", "A29_002": "岐阜県", "A29_003": "揖斐川町", "A29_004": 8, "A29_005": "近隣商業地域", "A29_006": 80, "A29_007": 200, "A29_008": "条件付き公開" }, "geometry": { "type": "Polygon", "coordinates": [ [ [ 136.57248765599999, 35.470738037 ], [ 136.572473037, 35.470658282 ], [ 136.57252519299999, 35.470458431 ], [ 136.572536305, 35.47041567 ], [ 136.572630862000011, 35.470413431 ], [ 136.572652726, 35.470107427 ], [ 136.572657542, 35.470036782 ], [ 136.57268767299999, 35.469790311 ], [ 136.57271014299999, 35.469686401 ], [ 136.572722465, 35.469629044 ], [ 136.572744048, 35.469630953 ], [ 136.572750418999988, 35.469603672 ], [ 136.57275084299999, 35.469590874 ], [ 136.572724513, 35.469590294 ], [ 136.572701179, 35.469586934 ], [ 136.57280459899999, 35.469263214 ], [ 136.572811667, 35.469245942 ], [ 136.572845303, 35.469047171 ], [ 136.572878938, 35.468848311 ], [ 136.57291752399999, 35.468620539 ], [ 136.572920203, 35.468600902 ], [ 136.57289699399999, 35.46859547 ], [ 136.57285872599999, 35.468585186 ], [ 136.572828264, 35.468577104 ], [ 136.572798264, 35.46856614 ], [ 136.572746615999989, 35.468547317 ], [ 136.572722535999986, 35.468540528 ], [ 136.57268822899999, 35.468530895 ], [ 136.572634193, 35.468522246 ], [ 136.572587743000014, 35.468515708 ], [ 136.572497128, 35.468506699 ], [ 136.57228481300001, 35.46849051 ], [ 136.572029743, 35.468474651 ], [ 136.571791964999989, 35.468459868 ], [ 136.571774675, 35.468458701 ], [ 136.57173655299999, 35.468458423 ], [ 136.571671434, 35.468458463 ], [ 136.571672223, 35.468396271 ], [ 136.571668718000012, 35.468288718 ], [ 136.571618123, 35.468291534 ], [ 136.57137494599999, 35.46830665 ], [ 136.571299054, 35.468303391 ], [ 136.571219344000014, 35.468294795 ], [ 136.571142829, 35.468286305 ], [ 136.571070588999987, 35.468280901 ], [ 136.570999879, 35.468277126 ], [ 136.570974433, 35.46827619 ], [ 136.570859028, 35.468267057 ], [ 136.570856571, 35.468286425 ], [ 136.570854704999988, 35.468419911 ], [ 136.570849734, 35.468436562 ], [ 136.570829107, 35.468439705 ], [ 136.57078807100001, 35.468446173 ], [ 136.570751804, 35.468448337 ], [ 136.570697152, 35.468448518 ], [ 136.570631959, 35.468443689 ], [ 136.57063412299999, 35.468463981 ], [ 136.570683995, 35.468872736 ], [ 136.570671645, 35.468933699 ], [ 136.570665827, 35.468975585 ], [ 136.57065848799999, 35.468999616 ], [ 136.57061316, 35.468990288 ], [ 136.570562114000012, 35.46897949 ], [ 136.570554332, 35.469003789 ], [ 136.570542006000011, 35.469151195 ], [ 136.570519275, 35.469424293 ], [ 136.57050813, 35.469560979 ], [ 136.570502575, 35.469626843 ], [ 136.57048829499999, 35.469799929 ], [ 136.570466716999988, 35.470051219 ], [ 136.570447671000011, 35.470272956 ], [ 136.570443313, 35.470326026 ], [ 136.570433392000012, 35.470431079 ], [ 136.570419113000014, 35.470589112 ], [ 136.570400726, 35.470781197 ], [ 136.570381148, 35.470985445 ], [ 136.570362466, 35.471112989 ], [ 136.570324591, 35.471347703 ], [ 136.570311911, 35.47143841 ], [ 136.57031006599999, 35.471449578 ], [ 136.570306210000012, 35.471509141 ], [ 136.57033422, 35.471550833 ], [ 136.57035246800001, 35.471571655 ], [ 136.570403655, 35.471623287 ], [ 136.570452573000011, 35.471668779 ], [ 136.570476409, 35.471693955 ], [ 136.5704848, 35.471736452 ], [ 136.57061458699999, 35.471798117 ], [ 136.570643732, 35.471820525 ], [ 136.570664945, 35.471842624 ], [ 136.570710197000011, 35.471892243 ], [ 136.570736372, 35.471928969 ], [ 136.570782559, 35.472001217 ], [ 136.57082311799999, 35.472059557 ], [ 136.570857346999986, 35.47209488 ], [ 136.570886816000012, 35.472118191 ], [ 136.5709247, 35.472135955 ], [ 136.571109162, 35.472239804 ], [ 136.571393419, 35.472378398 ], [ 136.571647715000012, 35.472500888 ], [ 136.57178520299999, 35.472564663 ], [ 136.571815506, 35.472519653 ], [ 136.571898454, 35.472403242 ], [ 136.571838711999987, 35.47234607 ], [ 136.571801463000014, 35.472316862 ], [ 136.57179497300001, 35.472285371 ], [ 136.57174081799999, 35.47226257 ], [ 136.571736071, 35.472233882 ], [ 136.571735940999986, 35.47220666 ], [ 136.571737485999989, 35.472176381 ], [ 136.57188861, 35.472198849 ], [ 136.572039733999986, 35.472221317 ], [ 136.572047351, 35.472204409 ], [ 136.572054498999989, 35.472206427 ], [ 136.57212675, 35.472225802 ], [ 136.572149015, 35.472135052 ], [ 136.572171169, 35.472044391 ], [ 136.572172564999988, 35.472034483 ], [ 136.572174189, 35.472023404 ], [ 136.572204757, 35.471822545 ], [ 136.572239669, 35.471630271 ], [ 136.572226097999987, 35.471617765 ], [ 136.572232379000013, 35.471617796 ], [ 136.572243843, 35.471497427 ], [ 136.57225614699999, 35.471367688 ], [ 136.572383437000013, 35.471379492 ], [ 136.57238632100001, 35.471346966 ], [ 136.572421408, 35.471220764 ], [ 136.572428989, 35.47119376 ], [ 136.57245462899999, 35.471198303 ], [ 136.572491910999986, 35.471208041 ], [ 136.572498516, 35.471148943 ], [ 136.572502585, 35.471105155 ], [ 136.572506653, 35.471061368 ], [ 136.572510244999989, 35.471022536 ], [ 136.57251547300001, 35.470955949 ], [ 136.572505438, 35.470912002 ], [ 136.572495513, 35.470868146 ], [ 136.572483205999987, 35.470803636 ], [ 136.572499083, 35.470802272 ], [ 136.572495378000013, 35.470781702 ], [ 136.57248765599999, 35.470738037 ] ] ] } },
{ "type": "Feature", "properties": { "A29_001": "21401", "A29_002": "岐阜県", "A29_003": "揖斐川町", "A29_004": 5, "A29_005": "第一種住居地域", "A29_006": 60, "A29_007": 200, "A29_008": "条件付き公開" }, "geometry": { "type": "Polygon", "coordinates": [ [ [ 136.574000731000012, 35.492807886 ], [ 136.573999219, 35.492803642 ], [ 136.57403194599999, 35.492804614 ], [ 136.574031165, 35.49279091 ], [ 136.574030877000013, 35.492785049 ], [ 136.57403058700001, 35.492779549 ], [ 136.574030201, 35.492772066 ], [ 136.574029235000012, 35.492753583 ], [ 136.57402855699999, 35.49274087 ], [ 136.57402729899999, 35.492716977 ], [ 136.574026042000014, 35.492693084 ], [ 136.574025259, 35.49267965 ], [ 136.574024584999989, 35.492666396 ], [ 136.574023909, 35.492653323 ], [ 136.57402303500001, 35.492637274 ], [ 136.574021813, 35.492623567 ], [ 136.57402069, 35.492611393 ], [ 136.574019154000013, 35.492595431 ], [ 136.574018037, 35.492582445 ], [ 136.574016707, 35.492568377 ], [ 136.57401487300001, 35.492547997 ], [ 136.574037347, 35.492549459 ], [ 136.574050457, 35.492550245 ], [ 136.574074032, 35.492551803 ], [ 136.574080091000013, 35.492552103 ], [ 136.574071911, 35.492465349 ], [ 136.574063731, 35.492378596 ], [ 136.574060651, 35.492272668 ], [ 136.574063763999987, 35.492253935 ], [ 136.57406113499999, 35.49220678 ], [ 136.57409090199999, 35.492190611 ], [ 136.57406544599999, 35.492250067 ], [ 136.57408252799999, 35.492250331 ], [ 136.574081371, 35.492377781 ], [ 136.574090646, 35.492465622 ], [ 136.574100031, 35.492553463 ], [ 136.574175604, 35.492558251 ], [ 136.574210196, 35.492560494 ], [ 136.574241373, 35.492562449 ], [ 136.574291612, 35.492550167 ], [ 136.574334899, 35.492523879 ], [ 136.574356185999989, 35.492506857 ], [ 136.574550641, 35.492262004 ], [ 136.574637717, 35.492141105 ], [ 136.574794841999989, 35.491921667 ], [ 136.574937913000014, 35.491769855 ], [ 136.574952982000013, 35.491758932 ], [ 136.574979589, 35.491572386 ], [ 136.575034620999986, 35.491552645 ], [ 136.57510044599999, 35.491518985 ], [ 136.575254819, 35.491418967 ], [ 136.575406837, 35.491354542 ], [ 136.57559006599999, 35.491287295 ], [ 136.575952261, 35.491178108 ], [ 136.57606367299999, 35.491134937 ], [ 136.576236767000012, 35.491066918 ], [ 136.576341953, 35.491061393 ], [ 136.576482919999989, 35.491061091 ], [ 136.576461607, 35.491157165 ], [ 136.576448813000013, 35.491218667 ], [ 136.576442074, 35.491250993 ], [ 136.576428025000013, 35.491318348 ], [ 136.576423, 35.491342301 ], [ 136.57641684699999, 35.491369853 ], [ 136.576371515, 35.491570369 ], [ 136.576453084, 35.491569056 ], [ 136.576419187999988, 35.491758091 ], [ 136.576673879999987, 35.491715078 ], [ 136.576746538, 35.491801966 ], [ 136.576814718, 35.491883424 ], [ 136.576897801, 35.491871031 ], [ 136.577004498, 35.491854877 ], [ 136.577025354, 35.491851373 ], [ 136.577039845, 35.491874339 ], [ 136.577052699, 35.491895043 ], [ 136.577076769, 35.491964658 ], [ 136.57709641400001, 35.492021361 ], [ 136.577046115, 35.492177776 ], [ 136.577033051, 35.492215931 ], [ 136.576991119000013, 35.492298202 ], [ 136.576980829, 35.492318704 ], [ 136.576966819, 35.492335491 ], [ 136.576993273999989, 35.492350133 ], [ 136.57706973099999, 35.492384849 ], [ 136.577134968, 35.492416536 ], [ 136.57724616499999, 35.492478553 ], [ 136.577287324, 35.492502191 ], [ 136.577300441, 35.492486841 ], [ 136.577314513, 35.492461581 ], [ 136.577475103000012, 35.492294888 ], [ 136.577688966000011, 35.492077526 ], [ 136.577910738000014, 35.491848575 ], [ 136.577943237999989, 35.49182034 ], [ 136.577921739, 35.491806084 ], [ 136.5779181, 35.491806336 ], [ 136.577765527999986, 35.491705178 ], [ 136.577748527000011, 35.491693917 ], [ 136.577918188000012, 35.491522311 ], [ 136.57764755, 35.491349276 ], [ 136.577473803, 35.491235033 ], [ 136.57745451400001, 35.491220157 ], [ 136.577467582, 35.491196514 ], [ 136.57748385799999, 35.491186228 ], [ 136.5776064, 35.491128146 ], [ 136.57776850799999, 35.49104006 ], [ 136.577904004, 35.490958786 ], [ 136.577982435, 35.490919057 ], [ 136.57808078, 35.490869149 ], [ 136.578216736, 35.490800225 ], [ 136.578245735, 35.490783421 ], [ 136.578257865000012, 35.490767435 ], [ 136.578289173, 35.490751363 ], [ 136.57806292699999, 35.490642184 ], [ 136.577775199, 35.490500614 ], [ 136.577713036, 35.490470746 ], [ 136.57752260699999, 35.490377334 ], [ 136.577455044, 35.490347348 ], [ 136.577337478, 35.490297739 ], [ 136.577134769999986, 35.490225629 ], [ 136.576906595, 35.490154747 ], [ 136.576861603, 35.49014308 ], [ 136.576891045999986, 35.490110774 ], [ 136.576901262, 35.490085224 ], [ 136.576926125, 35.490031083 ], [ 136.576950987, 35.489977031 ], [ 136.57695751599999, 35.489958404 ], [ 136.57692247599999, 35.489942188 ], [ 136.576782616, 35.489881743 ], [ 136.57669147199999, 35.489851281 ], [ 136.576428187, 35.489864416 ], [ 136.576391941999987, 35.489862345 ], [ 136.576370639, 35.489851695 ], [ 136.57635741199999, 35.489821704 ], [ 136.576274145000014, 35.48954313 ], [ 136.576266819000011, 35.489459896 ], [ 136.57628198099999, 35.489436174 ], [ 136.576239474, 35.488904058 ], [ 136.576244479, 35.488867757 ], [ 136.576295673, 35.488860075 ], [ 136.576423591, 35.488850245 ], [ 136.576500785, 35.488843862 ], [ 136.576530684, 35.488839592 ], [ 136.576787849999988, 35.488773516 ], [ 136.577051058, 35.488695029 ], [ 136.57729805, 35.488618447 ], [ 136.57742550399999, 35.488581481 ], [ 136.57755248, 35.488549471 ], [ 136.57763861, 35.48854205 ], [ 136.577874043, 35.488539052 ], [ 136.57794594399999, 35.488533183 ], [ 136.577990496000012, 35.488484185 ], [ 136.57799664, 35.488457714 ], [ 136.57799239900001, 35.488404512 ], [ 136.577947161999987, 35.488184804 ], [ 136.57794868900001, 35.488156778 ], [ 136.577946994, 35.488132343 ], [ 136.57789135199999, 35.488130268 ], [ 136.577785664, 35.488129753 ], [ 136.577695783, 35.488137787 ], [ 136.57756864699999, 35.488161594 ], [ 136.577535359, 35.488162243 ], [ 136.577496841, 35.488154483 ], [ 136.577463418, 35.48812836 ], [ 136.577339223, 35.48797569 ], [ 136.577253165, 35.487867824 ], [ 136.577300363, 35.487848855 ], [ 136.577400527, 35.487820951 ], [ 136.57751639, 35.487801506 ], [ 136.577534004, 35.487834492 ], [ 136.57770857700001, 35.487758997 ], [ 136.57789943099999, 35.487627064 ], [ 136.577913106000011, 35.487610726 ], [ 136.577922785, 35.487583191 ], [ 136.57801548399999, 35.487520997 ], [ 136.578297733, 35.487324249 ], [ 136.57853162699999, 35.487562363 ], [ 136.578544326000014, 35.48755891 ], [ 136.57860675399999, 35.487673149 ], [ 136.578662399, 35.487780595 ], [ 136.57869265299999, 35.487833383 ], [ 136.578707802, 35.487856713 ], [ 136.578877877, 35.487793453 ], [ 136.578896869, 35.487818784 ], [ 136.579041589000013, 35.488074311 ], [ 136.579176128, 35.488032691 ], [ 136.579191699, 35.48807378 ], [ 136.57923745799999, 35.488070847 ], [ 136.57926086099999, 35.488065553 ], [ 136.57927379899999, 35.488105097 ], [ 136.579434080999988, 35.488054768 ], [ 136.579486772, 35.488038169 ], [ 136.579602212999987, 35.488031249 ], [ 136.579872749, 35.4879445 ], [ 136.579921095, 35.487919316 ], [ 136.579933430000011, 35.487965977 ], [ 136.579963252, 35.488063111 ], [ 136.57997315599999, 35.488095519 ], [ 136.579976816, 35.488107525 ], [ 136.579984459, 35.488132441 ], [ 136.579987197, 35.488165264 ], [ 136.579971218, 35.488195293 ], [ 136.579933465000011, 35.488234049 ], [ 136.579901473, 35.488253454 ], [ 136.580019263999986, 35.488302251 ], [ 136.58016639499999, 35.488363088 ], [ 136.580258186, 35.48819822 ], [ 136.580305866, 35.488112911 ], [ 136.580363901999988, 35.488012868 ], [ 136.580395248, 35.488006441 ], [ 136.580411207999987, 35.488024546 ], [ 136.58054143199999, 35.48809143 ], [ 136.580664138, 35.487979443 ], [ 136.580697923, 35.487955901 ], [ 136.580809152, 35.488028191 ], [ 136.580846656, 35.487993309 ], [ 136.58088527000001, 35.487972585 ], [ 136.58091384, 35.487953884 ], [ 136.58093788, 35.487936785 ], [ 136.580970275999988, 35.487907196 ], [ 136.581661093, 35.487220447 ], [ 136.58185273, 35.487040377 ], [ 136.58191130899999, 35.486971525 ], [ 136.581942113999986, 35.486933185 ], [ 136.58194817, 35.486888416 ], [ 136.58193668199999, 35.486800745 ], [ 136.581935047, 35.486752513 ], [ 136.581903180000012, 35.486754792 ], [ 136.581858777, 35.486738082 ], [ 136.58173263099999, 35.486701685 ], [ 136.58152873200001, 35.486642648 ], [ 136.58148749, 35.48663073 ], [ 136.58146593399999, 35.486624496 ], [ 136.581439100000011, 35.486616704 ], [ 136.58134825799999, 35.486590393 ], [ 136.58123586, 35.486557939 ], [ 136.581154696999988, 35.48653447 ], [ 136.581076723, 35.486511827 ], [ 136.581009857, 35.486492484 ], [ 136.580935181, 35.486470939 ], [ 136.58078528199999, 35.486427485 ], [ 136.580718193, 35.486408501 ], [ 136.580526152, 35.486355829 ], [ 136.580460944, 35.486335681 ], [ 136.580421261, 35.486321697 ], [ 136.580415785000014, 35.486286607 ], [ 136.580411879, 35.486217452 ], [ 136.580408917, 35.486200311 ], [ 136.58040216399999, 35.486174138 ], [ 136.580383109, 35.486142317 ], [ 136.580375801, 35.486131915 ], [ 136.580291885, 35.486047408 ], [ 136.580255378, 35.486005767 ], [ 136.580239594, 35.485978739 ], [ 136.58021399399999, 35.485952835 ], [ 136.580172599, 35.485916488 ], [ 136.580127588000011, 35.485862276 ], [ 136.580075584000014, 35.485799558 ], [ 136.579890699, 35.485581425 ], [ 136.579781325999988, 35.485451544 ], [ 136.579687869, 35.485345627 ], [ 136.57967019899999, 35.485320303 ], [ 136.57950101, 35.485399072 ], [ 136.579272643, 35.485492335 ], [ 136.57920223299999, 35.485521017 ], [ 136.578958046999986, 35.485637549 ], [ 136.578812516999989, 35.485705796 ], [ 136.578667096, 35.485774134 ], [ 136.578584388, 35.485811589 ], [ 136.578501679999988, 35.485849044 ], [ 136.578434453999989, 35.485879183 ], [ 136.578339847, 35.48591613 ], [ 136.578267127, 35.485943988 ], [ 136.578194518, 35.485971758 ], [ 136.57812666699999, 35.485996936 ], [ 136.578058816, 35.486022024 ], [ 136.577950722, 35.48604953 ], [ 136.5779832, 35.486099535 ], [ 136.578017238, 35.486147024 ], [ 136.57802738399999, 35.486161225 ], [ 136.578033181, 35.486167292 ], [ 136.57804193699999, 35.486175538 ], [ 136.57805700899999, 35.48619427 ], [ 136.578068917, 35.48620866 ], [ 136.578087946000011, 35.486228944 ], [ 136.578101951, 35.486242894 ], [ 136.578115954999987, 35.486256843 ], [ 136.578126679, 35.486267442 ], [ 136.578152530000011, 35.486289111 ], [ 136.57816260300001, 35.486298084 ], [ 136.57816983, 35.486304519 ], [ 136.578186039, 35.486318569 ], [ 136.578202137, 35.486332619 ], [ 136.578267810999989, 35.486379361 ], [ 136.578325033999988, 35.486421374 ], [ 136.57834280099999, 35.486433269 ], [ 136.57837668499999, 35.4864566 ], [ 136.578400044, 35.486472398 ], [ 136.578430093, 35.486492825 ], [ 136.578453466000013, 35.48650673 ], [ 136.578524214999987, 35.486552776 ], [ 136.578586968, 35.486592021 ], [ 136.578652675, 35.486634256 ], [ 136.578693595, 35.486660145 ], [ 136.578717291, 35.486675043 ], [ 136.57868869699999, 35.486697078 ], [ 136.578504259999988, 35.486825978 ], [ 136.578356903000014, 35.486932885 ], [ 136.578318695, 35.486958389 ], [ 136.578272520000013, 35.48698827 ], [ 136.578201486000012, 35.487026593 ], [ 136.578113897, 35.487053027 ], [ 136.577907595999989, 35.487112053 ], [ 136.577876056, 35.487114873 ], [ 136.577838622, 35.487124786 ], [ 136.57780141, 35.48713461 ], [ 136.57765652399999, 35.487174465 ], [ 136.577511749, 35.487214321 ], [ 136.577306961, 35.487277319 ], [ 136.577061843, 35.487354362 ], [ 136.577020288999989, 35.487370113 ], [ 136.576806527, 35.487439287 ], [ 136.576592876, 35.48750846 ], [ 136.576419383, 35.48757179 ], [ 136.57636921400001, 35.487590113 ], [ 136.576232554, 35.487635325 ], [ 136.575933146000011, 35.487736257 ], [ 136.575906742, 35.487744961 ], [ 136.57587272399999, 35.487754981 ], [ 136.575838705, 35.48776509 ], [ 136.575799683000014, 35.487781214 ], [ 136.575787678000012, 35.487780073 ], [ 136.575483326000011, 35.487938939 ], [ 136.575422112000012, 35.487975506 ], [ 136.575139326999988, 35.488108787 ], [ 136.57511931, 35.488118153 ], [ 136.57509929299999, 35.48812752 ], [ 136.57507010899999, 35.488139635 ], [ 136.575041034, 35.488151842 ], [ 136.574986212999988, 35.488173206 ], [ 136.574688896, 35.488289018 ], [ 136.574568422, 35.48833593 ], [ 136.57437511, 35.488411329 ], [ 136.57396251099999, 35.488572093 ], [ 136.57391832, 35.488586568 ], [ 136.57382612699999, 35.488624334 ], [ 136.573302941, 35.488760936 ], [ 136.573084728999987, 35.488849911 ], [ 136.57294019, 35.488916804 ], [ 136.57282497599999, 35.4889376 ], [ 136.572743145, 35.488959912 ], [ 136.57275039699999, 35.488977886 ], [ 136.572759057000013, 35.488999111 ], [ 136.57277367, 35.489035328 ], [ 136.572786769, 35.489067392 ], [ 136.572799433, 35.489098732 ], [ 136.57280809400001, 35.489120047 ], [ 136.572819458999987, 35.489148136 ], [ 136.572837646000011, 35.489192844 ], [ 136.572843707, 35.489207927 ], [ 136.572864707, 35.48925977 ], [ 136.572878511999988, 35.489300851 ], [ 136.572892427, 35.489341933 ], [ 136.572914505999989, 35.489381883 ], [ 136.572936585, 35.489421832 ], [ 136.572969849, 35.489439573 ], [ 136.573003003, 35.489457223 ], [ 136.572930159, 35.489501303 ], [ 136.572714832, 35.489572354 ], [ 136.572662263000012, 35.489572095 ], [ 136.572609349, 35.489588691 ], [ 136.57258823399999, 35.489612383 ], [ 136.572569563, 35.489633384 ], [ 136.572568288000014, 35.489746772 ], [ 136.572599002, 35.489796499 ], [ 136.57262971599999, 35.489846226 ], [ 136.57265541000001, 35.489874296 ], [ 136.572681104, 35.489902275 ], [ 136.572710489, 35.489952807 ], [ 136.57273976499999, 35.490003338 ], [ 136.572772680000014, 35.490023601 ], [ 136.572805595, 35.490043864 ], [ 136.572844529, 35.490039909 ], [ 136.572928754, 35.490171746 ], [ 136.57307996899999, 35.490126519 ], [ 136.573068712, 35.490233548 ], [ 136.572981257, 35.490256013 ], [ 136.572998262999988, 35.490296479 ], [ 136.57300422, 35.49031075 ], [ 136.573020684999989, 35.490349861 ], [ 136.573040397999989, 35.49039692 ], [ 136.573060002, 35.490443708 ], [ 136.57307998499999, 35.490528987 ], [ 136.573092593000013, 35.490582952 ], [ 136.57310221099999, 35.490624013 ], [ 136.57314609, 35.490801891 ], [ 136.57313474899999, 35.490860335 ], [ 136.573128792, 35.490891043 ], [ 136.573124439, 35.490913466 ], [ 136.57312042699999, 35.490934539 ], [ 136.573112407999986, 35.490975873 ], [ 136.57310530699999, 35.491012254 ], [ 136.573100608, 35.491036749 ], [ 136.57309545199999, 35.491063494 ], [ 136.573087778, 35.491102847 ], [ 136.573078614, 35.491149944 ], [ 136.573073915, 35.491174439 ], [ 136.57306589699999, 35.491215683 ], [ 136.573057989, 35.491256837 ], [ 136.573068412, 35.491278342 ], [ 136.573086515999989, 35.491319444 ], [ 136.57313053499999, 35.491463431 ], [ 136.573173852, 35.491642839 ], [ 136.573164006000013, 35.491827755 ], [ 136.57315570899999, 35.49187693 ], [ 136.57314754, 35.491938634 ], [ 136.573146025999989, 35.491949624 ], [ 136.573122221, 35.492024321 ], [ 136.573055965, 35.492281341 ], [ 136.573274835, 35.492643782 ], [ 136.573224598, 35.492655794 ], [ 136.573204326, 35.492924487 ], [ 136.573203841, 35.492930524 ], [ 136.573203107000012, 35.492940345 ], [ 136.57320238, 35.492949356 ], [ 136.573201637000011, 35.492960439 ], [ 136.573207534, 35.492982822 ], [ 136.573211934, 35.492998979 ], [ 136.573214615000012, 35.493009088 ], [ 136.57321869, 35.493024521 ], [ 136.573221993, 35.493039951 ], [ 136.573248511, 35.493135989 ], [ 136.573339635, 35.493289402 ], [ 136.57337601099999, 35.493423797 ], [ 136.573417498999987, 35.493522432 ], [ 136.573452475000011, 35.49363735 ], [ 136.57348745199999, 35.493752268 ], [ 136.57363838, 35.493971866 ], [ 136.57385539399999, 35.493897757 ], [ 136.573814137999989, 35.493602441 ], [ 136.573850929, 35.493350234 ], [ 136.573868061000013, 35.493208711 ], [ 136.573827641, 35.493189674 ], [ 136.573873064999987, 35.492992584 ], [ 136.574000731000012, 35.492807886 ] ], [ [ 136.57399813699999, 35.491690247 ], [ 136.573975006000012, 35.491913407 ], [ 136.573991080000013, 35.492035894 ], [ 136.574054345, 35.492140855 ], [ 136.57407572599999, 35.492170886 ], [ 136.574057020999987, 35.492181701 ], [ 136.57396896099999, 35.492046151 ], [ 136.573951220999987, 35.491910495 ], [ 136.57395384099999, 35.491793869 ], [ 136.573950161999988, 35.491694519 ], [ 136.57399813699999, 35.491690247 ] ] ] } }
]
}
