{
"type": "FeatureCollection",
"name": "A29-19_01236",
"features": [
{ "type": "Feature", "properties": { "A29_001": "01236", "A29_002": "北海道", "A29_003": "北斗市", "A29_004": 8, "A29_005": "近隣商業地域", "A29_006": 80, "A29_007": 200, "A29_008": "条件付き公開" }, "geometry": { "type": "Polygon", "coordinates": [ [ [ 140.642236706, 41.886293102 ], [ 140.642446818, 41.886297399 ], [ 140.642557092, 41.886300447 ], [ 140.64274935, 41.884397678 ], [ 140.642251472999988, 41.884217763 ], [ 140.64207189699999, 41.884152874 ], [ 140.642068039, 41.88415148 ], [ 140.64205002, 41.884144725 ], [ 140.641857390000013, 41.886151455 ], [ 140.64192626, 41.886157173 ], [ 140.642133613, 41.886183666 ], [ 140.642143377, 41.886184196 ], [ 140.642214666, 41.886194023 ], [ 140.642211922, 41.886211449 ], [ 140.642191071000013, 41.886292173 ], [ 140.642236706, 41.886293102 ] ] ] } },
{ "type": "Feature", "properties": { "A29_001": "01236", "A29_002": "北海道", "A29_003": "北斗市", "A29_004": 6, "A29_005": "第二種住居地域", "A29_006": 60, "A29_007": 200, "A29_008": "条件付き公開" }, "geometry": { "type": "Polygon", "coordinates": [ [ [ 140.651767777, 41.826560781 ], [ 140.651949867000013, 41.825824977 ], [ 140.651968756, 41.825649878 ], [ 140.652070724, 41.825115589 ], [ 140.652052298, 41.825114483 ], [ 140.65207487699999, 41.824990514 ], [ 140.652076988, 41.824981502 ], [ 140.652101633, 41.824880482 ], [ 140.652111257, 41.824840557 ], [ 140.652152801, 41.824844824 ], [ 140.65215288600001, 41.824844833 ], [ 140.65220357199999, 41.824641637 ], [ 140.652217686, 41.824582853 ], [ 140.652228009999988, 41.824525556 ], [ 140.65186297599999, 41.824470731 ], [ 140.65055804, 41.82427473 ], [ 140.650138016, 41.824213974 ], [ 140.64990233099999, 41.824178328 ], [ 140.649628643999989, 41.824129397 ], [ 140.6492869, 41.82405405 ], [ 140.649042869999988, 41.823992679 ], [ 140.648797456000011, 41.823921407 ], [ 140.648580669000012, 41.823846524 ], [ 140.648478383999986, 41.823805231 ], [ 140.648433700999988, 41.823967075 ], [ 140.648105198, 41.82519052 ], [ 140.648104507, 41.825193093 ], [ 140.6481574, 41.825190476 ], [ 140.648239596, 41.825186409 ], [ 140.648565066, 41.82516602 ], [ 140.648797314, 41.825155607 ], [ 140.649034441, 41.825143807 ], [ 140.649102921, 41.825144947 ], [ 140.649246758, 41.825170955 ], [ 140.64942491299999, 41.825211953 ], [ 140.649448162999988, 41.82521461 ], [ 140.64963413800001, 41.825236373 ], [ 140.649679424, 41.825244906 ], [ 140.650183348000013, 41.82517227 ], [ 140.650164550999989, 41.82539365 ], [ 140.650665495999988, 41.825432135 ], [ 140.65070714, 41.825444334 ], [ 140.65053713099999, 41.826022454 ], [ 140.65049291, 41.826184472 ], [ 140.650548034, 41.826200746 ], [ 140.650717076, 41.82624816 ], [ 140.651166566, 41.826381366 ], [ 140.651307722000013, 41.826422824 ], [ 140.651717364, 41.826545839 ], [ 140.65176631599999, 41.826560348 ], [ 140.651767777, 41.826560781 ] ] ] } },
{ "type": "Feature", "properties": { "A29_001": "01236", "A29_002": "北海道", "A29_003": "北斗市", "A29_004": 12, "A29_005": "工業専用地域", "A29_006": 60, "A29_007": 200, "A29_008": "条件付き公開" }, "geometry": { "type": "Polygon", "coordinates": [ [ [ 140.705286019999988, 41.813720844 ], [ 140.70616812099999, 41.813370415 ], [ 140.70653936799999, 41.81320535 ], [ 140.707204515, 41.812879735 ], [ 140.707569347, 41.812688027 ], [ 140.708621392, 41.812146666 ], [ 140.709771601, 41.811565005 ], [ 140.710310951999986, 41.811286953 ], [ 140.710920765999987, 41.81097659 ], [ 140.71153059, 41.810535503 ], [ 140.709796968, 41.808439895 ], [ 140.709657238, 41.808505069 ], [ 140.709238757, 41.808682361 ], [ 140.709278735, 41.808751047 ], [ 140.70912267599999, 41.808820166 ], [ 140.709067452999989, 41.808844626 ], [ 140.708700757, 41.809007032 ], [ 140.708042723, 41.809294442 ], [ 140.707997948000013, 41.809234914 ], [ 140.705251271, 41.810445873 ], [ 140.705401013999989, 41.811582426 ], [ 140.705028762000012, 41.811747408 ], [ 140.704511018, 41.811976876 ], [ 140.704324625999988, 41.812059479 ], [ 140.704090997, 41.812163023 ], [ 140.703904196, 41.812245817 ], [ 140.703883891, 41.812254811 ], [ 140.704234058, 41.812620943 ], [ 140.704571800999986, 41.812974077 ], [ 140.704623649000013, 41.813028284 ], [ 140.705230236, 41.813662508 ], [ 140.705249587999987, 41.813682744 ], [ 140.705279794, 41.81371432 ], [ 140.705286019999988, 41.813720844 ] ] ] } },
{ "type": "Feature", "properties": { "A29_001": "01236", "A29_002": "北海道", "A29_003": "北斗市", "A29_004": 1, "A29_005": "第一種低層住居専用地域", "A29_006": 50, "A29_007": 80, "A29_008": "条件付き公開" }, "geometry": { "type": "Polygon", "coordinates": [ [ [ 140.707749197, 41.828372903 ], [ 140.707774919, 41.828328597 ], [ 140.707771716, 41.828325819 ], [ 140.706780731, 41.827729633 ], [ 140.70635542, 41.82745716 ], [ 140.705996954, 41.827245777 ], [ 140.705774681, 41.827123926 ], [ 140.705005019999987, 41.82666065 ], [ 140.70467844, 41.826470068 ], [ 140.704643546999989, 41.826502695 ], [ 140.704633976, 41.826511635 ], [ 140.704506837, 41.826630526 ], [ 140.704366625, 41.826761648 ], [ 140.704345399, 41.826780296 ], [ 140.704142186000013, 41.826650891 ], [ 140.704128270000012, 41.826642577 ], [ 140.70384066599999, 41.826911858 ], [ 140.703598476, 41.82713864 ], [ 140.70358603599999, 41.827131324 ], [ 140.703518006, 41.827194433 ], [ 140.703517301, 41.827195084 ], [ 140.70340374700001, 41.827299927 ], [ 140.70329311, 41.827402075 ], [ 140.703182473999988, 41.827504223 ], [ 140.703104932, 41.827575806 ], [ 140.703098998, 41.827572534 ], [ 140.702961824999988, 41.8276998 ], [ 140.702834158, 41.827818142 ], [ 140.702822880000014, 41.827828604 ], [ 140.702685429000013, 41.827955988 ], [ 140.702664935, 41.827943517 ], [ 140.702596574000012, 41.828007698 ], [ 140.70266252, 41.82804847 ], [ 140.702772866, 41.828116702 ], [ 140.702915557000011, 41.828204911 ], [ 140.702830877999986, 41.828287058 ], [ 140.70275, 41.828365497 ], [ 140.70266914699999, 41.828443936 ], [ 140.702650817, 41.828461728 ], [ 140.702586951, 41.828521579 ], [ 140.702514294999986, 41.828589667 ], [ 140.70250433199999, 41.828598998 ], [ 140.70242172499999, 41.828676418 ], [ 140.702360814, 41.82873351 ], [ 140.70229546600001, 41.828807085 ], [ 140.702270921, 41.828759355 ], [ 140.702251404, 41.828721398 ], [ 140.70216245899999, 41.828548327 ], [ 140.70208813799999, 41.828403787 ], [ 140.702067668000012, 41.828363952 ], [ 140.70203832499999, 41.828306859 ], [ 140.701180031, 41.829113351 ], [ 140.703189904, 41.830422351 ], [ 140.703945412, 41.830882985 ], [ 140.705605103000011, 41.831853783 ], [ 140.705623406, 41.831864745 ], [ 140.705827161, 41.831232426 ], [ 140.705987588999989, 41.830734502 ], [ 140.706069179, 41.830491881 ], [ 140.706202784999988, 41.830233381 ], [ 140.707749197, 41.828372903 ] ] ] } },
{ "type": "Feature", "properties": { "A29_001": "01236", "A29_002": "北海道", "A29_003": "北斗市", "A29_004": 1, "A29_005": "第一種低層住居専用地域", "A29_006": 50, "A29_007": 80, "A29_008": "条件付き公開" }, "geometry": { "type": "Polygon", "coordinates": [ [ [ 140.705391776999988, 41.832414749 ], [ 140.70349465000001, 41.83130517 ], [ 140.702724391, 41.83083554 ], [ 140.700729744, 41.829536452 ], [ 140.700322492999987, 41.829919107 ], [ 140.701792372999989, 41.832292337 ], [ 140.703776306, 41.835495511 ], [ 140.70391146, 41.835237626 ], [ 140.70389107, 41.835231584 ], [ 140.70431619199999, 41.834433652 ], [ 140.705391776999988, 41.832414749 ] ] ] } },
{ "type": "Feature", "properties": { "A29_001": "01236", "A29_002": "北海道", "A29_003": "北斗市", "A29_004": 1, "A29_005": "第一種低層住居専用地域", "A29_006": 50, "A29_007": 80, "A29_008": "条件付き公開" }, "geometry": { "type": "Polygon", "coordinates": [ [ [ 140.681634507000012, 41.845271784 ], [ 140.68164536099999, 41.845261595 ], [ 140.68166644199999, 41.845241806 ], [ 140.679842740999987, 41.84507513 ], [ 140.67981578199999, 41.845100433 ], [ 140.679698667, 41.845210362 ], [ 140.67956818499999, 41.845332857 ], [ 140.679402974999988, 41.845487933 ], [ 140.679282365, 41.845601143 ], [ 140.67923963199999, 41.845641254 ], [ 140.678379091000011, 41.84644902 ], [ 140.67848314299999, 41.846512068 ], [ 140.679094268999989, 41.846875955 ], [ 140.679079123, 41.846890622 ], [ 140.679464352, 41.847119542 ], [ 140.67958552799999, 41.847195158 ], [ 140.680021605, 41.846785825 ], [ 140.68031028199999, 41.846514838 ], [ 140.680543112, 41.846296294 ], [ 140.681634507000012, 41.845271784 ] ] ] } },
{ "type": "Feature", "properties": { "A29_001": "01236", "A29_002": "北海道", "A29_003": "北斗市", "A29_004": 1, "A29_005": "第一種低層住居専用地域", "A29_006": 50, "A29_007": 80, "A29_008": "条件付き公開" }, "geometry": { "type": "Polygon", "coordinates": [ [ [ 140.681673687, 41.847471303 ], [ 140.68316608399999, 41.848386202 ], [ 140.68344131, 41.848127843 ], [ 140.683479350999988, 41.848092124 ], [ 140.68355713299999, 41.848019113 ], [ 140.684037456, 41.847568222 ], [ 140.684364377, 41.847261371 ], [ 140.683859035000012, 41.84720592 ], [ 140.68316292599999, 41.847133451 ], [ 140.683098495, 41.847126744 ], [ 140.682156698999989, 41.847028683 ], [ 140.682111529999986, 41.84702216 ], [ 140.681859999000011, 41.847288489 ], [ 140.681673687, 41.847471303 ] ] ] } },
{ "type": "Feature", "properties": { "A29_001": "01236", "A29_002": "北海道", "A29_003": "北斗市", "A29_004": 1, "A29_005": "第一種低層住居専用地域", "A29_006": 50, "A29_007": 80, "A29_008": "条件付き公開" }, "geometry": { "type": "Polygon", "coordinates": [ [ [ 140.67789596899999, 41.848781063 ], [ 140.678229144999989, 41.848479492 ], [ 140.67827049600001, 41.848435005 ], [ 140.678317015, 41.848399953 ], [ 140.679008434999986, 41.84778836 ], [ 140.679134678999986, 41.847657687 ], [ 140.679009154999989, 41.847583026 ], [ 140.67860037299999, 41.84733954 ], [ 140.678615380999986, 41.847325454 ], [ 140.678013679, 41.846967052 ], [ 140.67789991, 41.846898804 ], [ 140.677482448, 41.847290656 ], [ 140.677403287, 41.847364948 ], [ 140.676962384, 41.847318326 ], [ 140.67678713399999, 41.848294034 ], [ 140.67647733699999, 41.848256974 ], [ 140.676460467, 41.848255019 ], [ 140.676415694000013, 41.848249801 ], [ 140.676097591, 41.848213205 ], [ 140.675484344000012, 41.848141307 ], [ 140.675651483, 41.84859238 ], [ 140.675662389, 41.848621679 ], [ 140.675694170000014, 41.848707451 ], [ 140.67574721299999, 41.848850571 ], [ 140.675765156000011, 41.848898984 ], [ 140.675683975999988, 41.848978729 ], [ 140.675654415999986, 41.849006472 ], [ 140.67562880599999, 41.84903051 ], [ 140.675524020000012, 41.849128866 ], [ 140.675362052999986, 41.849280883 ], [ 140.675348888, 41.849293241 ], [ 140.675344341, 41.849297507 ], [ 140.675322704, 41.84931782 ], [ 140.674836223999989, 41.849774423 ], [ 140.67482845699999, 41.849781709 ], [ 140.67482091799999, 41.849788787 ], [ 140.673798745, 41.850748174 ], [ 140.673397523, 41.851124734 ], [ 140.673372594, 41.851148129 ], [ 140.67307638299999, 41.85142614 ], [ 140.672801518, 41.851684108 ], [ 140.672785108, 41.851801475 ], [ 140.67276882499999, 41.851917923 ], [ 140.672750220000012, 41.852030977 ], [ 140.67277413799999, 41.852033112 ], [ 140.672745068000012, 41.852211881 ], [ 140.672730464000011, 41.852301742 ], [ 140.67272624, 41.852327708 ], [ 140.672702708, 41.852476136 ], [ 140.67272448, 41.85252631 ], [ 140.672757036, 41.852621708 ], [ 140.672834069, 41.852628687 ], [ 140.67309764699999, 41.852656071 ], [ 140.673199385, 41.852666633 ], [ 140.67337573099999, 41.852684508 ], [ 140.67373271, 41.852721799 ], [ 140.673865283, 41.85258446 ], [ 140.673726531, 41.852550442 ], [ 140.673423227, 41.852476243 ], [ 140.67321437199999, 41.852424346 ], [ 140.673045632, 41.852323167 ], [ 140.673002722, 41.852264228 ], [ 140.67313566199999, 41.851989796 ], [ 140.673190162, 41.851926241 ], [ 140.67409482799999, 41.851077169 ], [ 140.675356956, 41.849892565 ], [ 140.67583092699999, 41.849751859 ], [ 140.67607324799999, 41.85049189 ], [ 140.67619954700001, 41.850373348 ], [ 140.676282697, 41.850295305 ], [ 140.67641359699999, 41.850172441 ], [ 140.676591492, 41.850005461 ], [ 140.676817089, 41.849793723 ], [ 140.67789596899999, 41.848781063 ] ] ] } },
{ "type": "Feature", "properties": { "A29_001": "01236", "A29_002": "北海道", "A29_003": "北斗市", "A29_004": 1, "A29_005": "第一種低層住居専用地域", "A29_006": 50, "A29_007": 80, "A29_008": "条件付き公開" }, "geometry": { "type": "Polygon", "coordinates": [ [ [ 140.67736344, 41.8515509 ], [ 140.67722154399999, 41.851679503 ], [ 140.67724994400001, 41.851725102 ], [ 140.67727378699999, 41.851768147 ], [ 140.67729561199999, 41.851810795 ], [ 140.677317144, 41.851861297 ], [ 140.677339976000013, 41.851922476 ], [ 140.677362033, 41.851998815 ], [ 140.67738029899999, 41.852088741 ], [ 140.677409243, 41.852219968 ], [ 140.677600004999988, 41.852356964 ], [ 140.677674486, 41.852433763 ], [ 140.677224075999987, 41.852764052 ], [ 140.677237229000013, 41.852823685 ], [ 140.677247435999988, 41.852879207 ], [ 140.677254261, 41.852927115 ], [ 140.677258794000011, 41.852968809 ], [ 140.677262425, 41.853017293 ], [ 140.677263965, 41.853070509 ], [ 140.677264003, 41.853076189 ], [ 140.677262359999986, 41.853170052 ], [ 140.677260663, 41.853195817 ], [ 140.67725726099999, 41.853235432 ], [ 140.677251297999987, 41.853281719 ], [ 140.677244480000013, 41.853325138 ], [ 140.677235913, 41.853369795 ], [ 140.677223266999988, 41.853424489 ], [ 140.677203709, 41.85349418 ], [ 140.677183308999986, 41.853554893 ], [ 140.677268859, 41.853564673 ], [ 140.677379545, 41.853575918 ], [ 140.677608953, 41.853599227 ], [ 140.677623422000011, 41.853588982 ], [ 140.677641013999988, 41.853572465 ], [ 140.678681477999987, 41.852595792 ], [ 140.679683465000011, 41.85165528 ], [ 140.679747956, 41.851594746 ], [ 140.680234324999986, 41.851138217 ], [ 140.680326903, 41.851051321 ], [ 140.68042798799999, 41.850956433 ], [ 140.681115922, 41.850310687 ], [ 140.68157684799999, 41.849878022 ], [ 140.68206527000001, 41.849419554 ], [ 140.682408796, 41.849097081 ], [ 140.68255913199999, 41.84895596 ], [ 140.682790165, 41.848739086 ], [ 140.681863115999988, 41.84816731 ], [ 140.681738437, 41.848285058 ], [ 140.681240143999986, 41.847975106 ], [ 140.681163301, 41.847930934 ], [ 140.681162277, 41.847931917 ], [ 140.681063969, 41.848027911 ], [ 140.680930530000012, 41.848155839 ], [ 140.68083654099999, 41.848245945 ], [ 140.680725067, 41.84835385 ], [ 140.680704367, 41.848373727 ], [ 140.680688976, 41.848386603 ], [ 140.680555285999986, 41.848516828 ], [ 140.680416595999986, 41.84864852 ], [ 140.680379996, 41.848685202 ], [ 140.680368904, 41.848695859 ], [ 140.68009974099999, 41.848971154 ], [ 140.680000998, 41.849072146 ], [ 140.679922025, 41.849152922 ], [ 140.679769345000011, 41.849282696 ], [ 140.67961885599999, 41.849410615 ], [ 140.679501343, 41.849510498 ], [ 140.679479786, 41.849540905 ], [ 140.679375794, 41.84964093 ], [ 140.679383755, 41.849642971 ], [ 140.67924766199999, 41.849776607 ], [ 140.67899529799999, 41.850011541 ], [ 140.678051834, 41.850906699 ], [ 140.67782169, 41.851125035 ], [ 140.677530217999987, 41.851399735 ], [ 140.677463390000014, 41.851460304 ], [ 140.67736344, 41.8515509 ] ] ] } },
{ "type": "Feature", "properties": { "A29_001": "01236", "A29_002": "北海道", "A29_003": "北斗市", "A29_004": 1, "A29_005": "第一種低層住居専用地域", "A29_006": 50, "A29_007": 80, "A29_008": "条件付き公開" }, "geometry": { "type": "Polygon", "coordinates": [ [ [ 140.645024052999986, 41.873804723 ], [ 140.64516886199999, 41.873810442 ], [ 140.645641345, 41.873829964 ], [ 140.645770664999986, 41.873838423 ], [ 140.645828286000011, 41.873844148 ], [ 140.645888076, 41.873851297 ], [ 140.645959194, 41.873861476 ], [ 140.64604294099999, 41.873875865 ], [ 140.64612023399999, 41.8738915 ], [ 140.646204325000014, 41.87391113 ], [ 140.646312553, 41.87394074 ], [ 140.646462387000014, 41.873985352 ], [ 140.647262312, 41.874223525 ], [ 140.647411253, 41.874267876 ], [ 140.647462254, 41.87428228 ], [ 140.647508646, 41.874294024 ], [ 140.64755358799999, 41.874304185 ], [ 140.647577807, 41.87430917 ], [ 140.647603127, 41.874314017 ], [ 140.647619386, 41.874316937 ], [ 140.647636452, 41.874319839 ], [ 140.647662647, 41.87432398 ], [ 140.647683558000011, 41.874327019 ], [ 140.647700608, 41.874329318 ], [ 140.647914108, 41.874355847 ], [ 140.647914401, 41.874355884 ], [ 140.648039692999987, 41.874371514 ], [ 140.648028676, 41.874340495 ], [ 140.648189892, 41.874314806 ], [ 140.648383037, 41.874284035 ], [ 140.648553893000013, 41.874256808 ], [ 140.648512455, 41.874100586 ], [ 140.64847141199999, 41.87394583 ], [ 140.64843037, 41.873791084 ], [ 140.648390647000014, 41.873641302 ], [ 140.648327278000011, 41.873402355 ], [ 140.648324562999989, 41.873392117 ], [ 140.648290100999986, 41.87324736 ], [ 140.64827851199999, 41.873201568 ], [ 140.647413825, 41.873092576 ], [ 140.646262416000013, 41.873345377 ], [ 140.645862341, 41.873426054 ], [ 140.645188686000012, 41.873537963 ], [ 140.645024052999986, 41.873804723 ] ] ] } },
{ "type": "Feature", "properties": { "A29_001": "01236", "A29_002": "北海道", "A29_003": "北斗市", "A29_004": 1, "A29_005": "第一種低層住居専用地域", "A29_006": 50, "A29_007": 80, "A29_008": "条件付き公開" }, "geometry": { "type": "Polygon", "coordinates": [ [ [ 140.64993881800001, 41.874360368 ], [ 140.64998810099999, 41.874551102 ], [ 140.65000385499999, 41.874612078 ], [ 140.65005252, 41.874618072 ], [ 140.650190323, 41.874635045 ], [ 140.650252536000011, 41.874642292 ], [ 140.65053012199999, 41.874674631 ], [ 140.650657235000011, 41.874698489 ], [ 140.65075527, 41.874727824 ], [ 140.65081832300001, 41.874747273 ], [ 140.65088885899999, 41.874769998 ], [ 140.650910831, 41.874777077 ], [ 140.650999729, 41.874812712 ], [ 140.651095645, 41.874858624 ], [ 140.652365115, 41.873661617 ], [ 140.652305903000013, 41.87362633 ], [ 140.652280689, 41.873611112 ], [ 140.65220363200001, 41.87356456 ], [ 140.652168141, 41.873543498 ], [ 140.652086723999986, 41.87349516 ], [ 140.652055889, 41.873476855 ], [ 140.651948909, 41.87341339 ], [ 140.651943311, 41.873410105 ], [ 140.65185145, 41.873356078 ], [ 140.651840144, 41.873349436 ], [ 140.651712731, 41.873389563 ], [ 140.651615295, 41.873418807 ], [ 140.651573931, 41.873431215 ], [ 140.651570384, 41.873432285 ], [ 140.651480752999987, 41.873465911 ], [ 140.651177577, 41.873579647 ], [ 140.65115912600001, 41.873595919 ], [ 140.651135213, 41.873615298 ], [ 140.651021508000014, 41.873711175 ], [ 140.65098443299999, 41.873719949 ], [ 140.650968245, 41.873722419 ], [ 140.650936718999986, 41.873728119 ], [ 140.650793166, 41.873364951 ], [ 140.650784839000011, 41.873344379 ], [ 140.65012919599999, 41.87339777 ], [ 140.650135643999988, 41.873414499 ], [ 140.650350752, 41.873956366 ], [ 140.650397929, 41.874050363 ], [ 140.650320141, 41.874114247 ], [ 140.65000362699999, 41.874162208 ], [ 140.649894323000012, 41.874179945 ], [ 140.649919856, 41.874286978 ], [ 140.64993881800001, 41.874360368 ] ] ] } },
{ "type": "Feature", "properties": { "A29_001": "01236", "A29_002": "北海道", "A29_003": "北斗市", "A29_004": 1, "A29_005": "第一種低層住居専用地域", "A29_006": 50, "A29_007": 80, "A29_008": "条件付き公開" }, "geometry": { "type": "Polygon", "coordinates": [ [ [ 140.650642696, 41.875283356 ], [ 140.650633430999989, 41.875278921 ], [ 140.65059636, 41.875264061 ], [ 140.650537353, 41.875245051 ], [ 140.650483046, 41.875228299 ], [ 140.650433854999989, 41.87521358 ], [ 140.65038612699999, 41.875204622 ], [ 140.650141206, 41.875176089 ], [ 140.65007588899999, 41.875168479 ], [ 140.649321504, 41.875075563 ], [ 140.64888009500001, 41.875021193 ], [ 140.64826449899999, 41.874947274 ], [ 140.64779555699999, 41.874888774 ], [ 140.64779510299999, 41.874888718 ], [ 140.647574494999986, 41.874861305 ], [ 140.647521015, 41.874853785 ], [ 140.647479379, 41.874847203 ], [ 140.647431168, 41.874838781 ], [ 140.647392155, 41.874831312 ], [ 140.647352949, 41.874823243 ], [ 140.64732046899999, 41.874815899 ], [ 140.647287989, 41.874808556 ], [ 140.647218478000013, 41.874790959 ], [ 140.647149711, 41.874771538 ], [ 140.646994777, 41.874725402 ], [ 140.64654167399999, 41.874590494 ], [ 140.64631532300001, 41.874523099 ], [ 140.64605450799999, 41.874445442 ], [ 140.64597220600001, 41.874422926 ], [ 140.645917986, 41.874410269 ], [ 140.645867482999989, 41.874400052 ], [ 140.645810194, 41.87439021 ], [ 140.64576297799999, 41.874383451 ], [ 140.645723548, 41.874378737 ], [ 140.645691483, 41.874375551 ], [ 140.645589873, 41.874368904 ], [ 140.645334281, 41.874358345 ], [ 140.645239672, 41.874354436 ], [ 140.645129841999989, 41.874349898 ], [ 140.644996633, 41.874344637 ], [ 140.644984177, 41.874495953 ], [ 140.644955130999989, 41.874717543 ], [ 140.64490606699999, 41.87503767 ], [ 140.644831942, 41.875445805 ], [ 140.644789163000013, 41.875603864 ], [ 140.644744526000011, 41.875734365 ], [ 140.644372358999988, 41.876599362 ], [ 140.6442508, 41.876878152 ], [ 140.644105934, 41.877213107 ], [ 140.644009375, 41.877635679 ], [ 140.64393356799999, 41.878326061 ], [ 140.644440618, 41.878307113 ], [ 140.64619715500001, 41.878605965 ], [ 140.646712129, 41.878580344 ], [ 140.64695840499999, 41.878545052 ], [ 140.64704709899999, 41.87855402 ], [ 140.647119785, 41.87858442 ], [ 140.650642696, 41.875283356 ] ] ] } },
{ "type": "Feature", "properties": { "A29_001": "01236", "A29_002": "北海道", "A29_003": "北斗市", "A29_004": 1, "A29_005": "第一種低層住居専用地域", "A29_006": 50, "A29_007": 80, "A29_008": "条件付き公開" }, "geometry": { "type": "Polygon", "coordinates": [ [ [ 140.635945467, 41.878289959 ], [ 140.635792724, 41.878190898 ], [ 140.63578887599999, 41.878188511 ], [ 140.635735172000011, 41.878155206 ], [ 140.635559252, 41.878046107 ], [ 140.635152834, 41.877792048 ], [ 140.634723635, 41.878492156 ], [ 140.634703744, 41.878524385 ], [ 140.634221854, 41.879363731 ], [ 140.633857412999987, 41.879860189 ], [ 140.633308602, 41.880554881 ], [ 140.633232131999989, 41.880662685 ], [ 140.633155644, 41.880772223 ], [ 140.633077565, 41.880882622 ], [ 140.632998807, 41.880995318 ], [ 140.632696544999988, 41.880829171 ], [ 140.63268290799999, 41.880851344 ], [ 140.63268183299999, 41.880852788 ], [ 140.63248545, 41.881178118 ], [ 140.632339804, 41.881424452 ], [ 140.63232353399999, 41.88147124 ], [ 140.632688236, 41.881506351 ], [ 140.635039946, 41.881939334 ], [ 140.634209097, 41.883825653 ], [ 140.63390426, 41.884492857 ], [ 140.633720509999989, 41.884927566 ], [ 140.632343106, 41.888057116 ], [ 140.632394741000013, 41.888065253 ], [ 140.632399897, 41.888066047 ], [ 140.63242658199999, 41.888070192 ], [ 140.632452957, 41.888074289 ], [ 140.63219205199999, 41.88862031 ], [ 140.632121977, 41.888793504 ], [ 140.632115292, 41.888813519 ], [ 140.632151005, 41.888821079 ], [ 140.632685955999989, 41.888914778 ], [ 140.632411147, 41.888923461 ], [ 140.63222269799999, 41.888982543 ], [ 140.632188394, 41.88900334 ], [ 140.632082652, 41.88906356 ], [ 140.631977197999987, 41.889127795 ], [ 140.631870512, 41.889187541 ], [ 140.631792751, 41.889231947 ], [ 140.631783898, 41.889236541 ], [ 140.631328427999989, 41.889526879 ], [ 140.631329263999987, 41.889596551 ], [ 140.63133144299999, 41.889669162 ], [ 140.631338247, 41.889897402 ], [ 140.631254589, 41.890038495 ], [ 140.631177952, 41.890156506 ], [ 140.631205959, 41.890185316 ], [ 140.63131449799999, 41.890296931 ], [ 140.631331751, 41.890314675 ], [ 140.63158536200001, 41.890575519 ], [ 140.63170152, 41.89069548 ], [ 140.631858187, 41.890610981 ], [ 140.63189608499999, 41.890590666 ], [ 140.63200073199999, 41.890532899 ], [ 140.632120418999989, 41.890466372 ], [ 140.63225620099999, 41.8903909 ], [ 140.632447783, 41.89028641 ], [ 140.632565734999986, 41.890222071 ], [ 140.632684106999989, 41.890157506 ], [ 140.63280311, 41.890092602 ], [ 140.63287385699999, 41.890054012 ], [ 140.63292001, 41.890028829 ], [ 140.6330364, 41.889965351 ], [ 140.63315687299999, 41.889899653 ], [ 140.63327323199999, 41.889836175 ], [ 140.633392496999988, 41.889769986 ], [ 140.633544101000012, 41.889686087 ], [ 140.633915857, 41.889480135 ], [ 140.634005933, 41.889499043 ], [ 140.634028034000011, 41.889448782 ], [ 140.634293879000012, 41.888844319 ], [ 140.634740056999988, 41.887829799 ], [ 140.63498777699999, 41.887266518 ], [ 140.635154086999989, 41.886888347 ], [ 140.635239525, 41.886694066 ], [ 140.635279899000011, 41.88660226 ], [ 140.635315729000013, 41.886520785 ], [ 140.635323435, 41.886504494 ], [ 140.635331662999988, 41.886487101 ], [ 140.63537159399999, 41.886402687 ], [ 140.635444833, 41.886247862 ], [ 140.63570958599999, 41.885688172 ], [ 140.63581290499999, 41.885469753 ], [ 140.63581591799999, 41.885463434 ], [ 140.635833870999988, 41.885426605 ], [ 140.635877310000012, 41.885343012 ], [ 140.635905748, 41.885291907 ], [ 140.635943908, 41.885227128 ], [ 140.63594415099999, 41.885226049 ], [ 140.635948977, 41.885217193 ], [ 140.635953838, 41.885208328 ], [ 140.635958733, 41.885199455 ], [ 140.635963663000013, 41.885190574 ], [ 140.63596862899999, 41.885181686 ], [ 140.63597363299999, 41.885172791 ], [ 140.635978674, 41.885163889 ], [ 140.63598375399999, 41.88515498 ], [ 140.635988873, 41.885146065 ], [ 140.635994033, 41.885137144 ], [ 140.635999233, 41.885128218 ], [ 140.636004476000011, 41.885119287 ], [ 140.636009761999986, 41.885110351 ], [ 140.63601509099999, 41.88510141 ], [ 140.636020465, 41.885092465 ], [ 140.63602588399999, 41.885083517 ], [ 140.63603136399999, 41.885074542 ], [ 140.636037092, 41.885065242 ], [ 140.63604290699999, 41.885055894 ], [ 140.63614295, 41.884906338 ], [ 140.636265234, 41.884747056 ], [ 140.63631557, 41.884687375 ], [ 140.63636764, 41.884628678 ], [ 140.636373436000014, 41.884622343 ], [ 140.636470414, 41.884520388 ], [ 140.636557603, 41.884434127 ], [ 140.636561167999986, 41.884430691 ], [ 140.636574259000014, 41.88441808 ], [ 140.636582059, 41.884410599 ], [ 140.636589791, 41.884403204 ], [ 140.636597523, 41.884395831 ], [ 140.636605253, 41.884388479 ], [ 140.636612981000013, 41.884381148 ], [ 140.63662070699999, 41.884373838 ], [ 140.636628429000012, 41.884366547 ], [ 140.636636035, 41.884359381 ], [ 140.63663625800001, 41.884359171 ], [ 140.636643756000012, 41.884352123 ], [ 140.636643964, 41.884351926 ], [ 140.63665147099999, 41.884344883 ], [ 140.636651664999988, 41.8843447 ], [ 140.63665917899999, 41.884337662 ], [ 140.63665936000001, 41.884337493 ], [ 140.636666881999986, 41.884330459 ], [ 140.63666704799999, 41.884330303 ], [ 140.63667457599999, 41.884323273 ], [ 140.636674728, 41.884323132 ], [ 140.636682263000012, 41.884316106 ], [ 140.636682401, 41.884315977 ], [ 140.636689942, 41.884308955 ], [ 140.63669006500001, 41.88430884 ], [ 140.63669761, 41.88430182 ], [ 140.636697719000011, 41.884301719 ], [ 140.636705269, 41.884294702 ], [ 140.63670536399999, 41.884294615 ], [ 140.636712918, 41.8842876 ], [ 140.636712998, 41.884287526 ], [ 140.636720555000011, 41.884280513 ], [ 140.63672062099999, 41.884280453 ], [ 140.636728181, 41.884273442 ], [ 140.636728232, 41.884273395 ], [ 140.636735794, 41.884266385 ], [ 140.63673583, 41.884266351 ], [ 140.636743394, 41.884259342 ], [ 140.636743416, 41.884259322 ], [ 140.636750981, 41.884252314 ], [ 140.636758488, 41.884245357 ], [ 140.636760919000011, 41.884243103 ], [ 140.636766357, 41.884238064 ], [ 140.636776082000011, 41.884229055 ], [ 140.636776105, 41.884229033 ], [ 140.63678360899999, 41.884222079 ], [ 140.636783646, 41.884222046 ], [ 140.636791120999987, 41.884215117 ], [ 140.636791171999988, 41.88421507 ], [ 140.63679861599999, 41.884208166 ], [ 140.636798680999988, 41.884208106 ], [ 140.63680609299999, 41.884201228 ], [ 140.636806173, 41.884201153 ], [ 140.636813553, 41.8841943 ], [ 140.636813647999986, 41.884194213 ], [ 140.63682099499999, 41.884187384 ], [ 140.636821104, 41.884187283 ], [ 140.63682841799999, 41.884180479 ], [ 140.636828541, 41.884180365 ], [ 140.636835821, 41.884173585 ], [ 140.636835958, 41.884173457 ], [ 140.636843352999989, 41.884166561 ], [ 140.63685056700001, 41.884159825 ], [ 140.636850732999989, 41.88415967 ], [ 140.636857908, 41.88415296 ], [ 140.636858088, 41.884152791 ], [ 140.636865226999987, 41.884146104 ], [ 140.636865422, 41.884145921 ], [ 140.636872524000012, 41.884139257 ], [ 140.63687273299999, 41.88413906 ], [ 140.636879799000013, 41.884132418 ], [ 140.636880022000014, 41.884132208 ], [ 140.636887167999987, 41.884125475 ], [ 140.636894402, 41.884118646 ], [ 140.636901611000013, 41.884111823 ], [ 140.636908795000011, 41.884105008 ], [ 140.636915953999988, 41.8840982 ], [ 140.636923086, 41.884091399 ], [ 140.63693019199999, 41.884084604 ], [ 140.63693727, 41.884077815 ], [ 140.63694432, 41.884071031 ], [ 140.636951342, 41.884064253 ], [ 140.636958335, 41.88405748 ], [ 140.636965298, 41.884050712 ], [ 140.636972232, 41.884043948 ], [ 140.63697913499999, 41.884037189 ], [ 140.636986006, 41.884030434 ], [ 140.636992846999988, 41.884023683 ], [ 140.636999655000011, 41.884016935 ], [ 140.637006430000014, 41.88401019 ], [ 140.637013172, 41.884003448 ], [ 140.63701988, 41.88399671 ], [ 140.637026553999988, 41.883989973 ], [ 140.637033194, 41.883983239 ], [ 140.637039797999989, 41.883976507 ], [ 140.63704636599999, 41.883969777 ], [ 140.637052898, 41.883963048 ], [ 140.637059392, 41.883956321 ], [ 140.63706585, 41.883949595 ], [ 140.637072268999987, 41.88394287 ], [ 140.63707865, 41.883936146 ], [ 140.637084992000013, 41.883929422 ], [ 140.637091295, 41.883922699 ], [ 140.637097557, 41.883915976 ], [ 140.637103779, 41.883909253 ], [ 140.63710996, 41.88390253 ], [ 140.637116099, 41.883895806 ], [ 140.637122197, 41.883889082 ], [ 140.637128251, 41.883882358 ], [ 140.637134263, 41.883875632 ], [ 140.637140230999989, 41.883868906 ], [ 140.63714615399999, 41.883862178 ], [ 140.637152033, 41.88385545 ], [ 140.637157867000013, 41.88384872 ], [ 140.637163656000013, 41.883841988 ], [ 140.637169766999989, 41.883834821 ], [ 140.637171, 41.883833391 ], [ 140.63720927899999, 41.883786802 ], [ 140.637245044999986, 41.883740705 ], [ 140.637245302999986, 41.883740312 ], [ 140.637253813, 41.883728764 ], [ 140.63726964899999, 41.883707275 ], [ 140.637286154, 41.883683835 ], [ 140.637294141000012, 41.883672494 ], [ 140.637317744, 41.883637372 ], [ 140.637330657, 41.883617215 ], [ 140.637340451999989, 41.883601922 ], [ 140.637362255, 41.883566156 ], [ 140.63738314599999, 41.883530088 ], [ 140.63740311699999, 41.88349373 ], [ 140.637422162, 41.883457095 ], [ 140.637429731, 41.883441673 ], [ 140.63744027199999, 41.883420196 ], [ 140.637457442999988, 41.883383047 ], [ 140.637473666, 41.883345662 ], [ 140.637489354, 41.883307028 ], [ 140.637491020999988, 41.883302769 ], [ 140.63749577199999, 41.883290389 ], [ 140.637498634999986, 41.883282798 ], [ 140.637501512, 41.88327506 ], [ 140.637504358, 41.883267298 ], [ 140.637507172999989, 41.883259513 ], [ 140.637509959, 41.883251703 ], [ 140.637512715000014, 41.883243869 ], [ 140.63751544199999, 41.883236012 ], [ 140.637518140999987, 41.883228132 ], [ 140.63752081199999, 41.883220228 ], [ 140.637523455, 41.883212302 ], [ 140.637526072000014, 41.883204353 ], [ 140.63752866199999, 41.883196381 ], [ 140.63753122599999, 41.883188387 ], [ 140.637533765, 41.88318037 ], [ 140.637536278, 41.883172331 ], [ 140.637538768000013, 41.88316427 ], [ 140.637541234, 41.883156188 ], [ 140.637543677, 41.883148084 ], [ 140.637546097000012, 41.883139958 ], [ 140.637548495, 41.883131811 ], [ 140.637550871, 41.883123643 ], [ 140.637553227000012, 41.883115454 ], [ 140.637555563, 41.883107243 ], [ 140.637557878, 41.883099012 ], [ 140.637560175, 41.883090761 ], [ 140.637562452999987, 41.883082489 ], [ 140.637564712999989, 41.883074196 ], [ 140.637566956, 41.883065883 ], [ 140.63756918199999, 41.88305755 ], [ 140.637571392000012, 41.883049197 ], [ 140.637573586, 41.883040825 ], [ 140.637575766, 41.883032432 ], [ 140.637577932, 41.88302402 ], [ 140.637580084, 41.883015588 ], [ 140.63758222300001, 41.883007137 ], [ 140.63758435, 41.882998666 ], [ 140.637586462, 41.88299019 ], [ 140.63758886, 41.882980486 ], [ 140.63759020399999, 41.882975017 ], [ 140.637593396999989, 41.882961918 ], [ 140.637595460999989, 41.882953385 ], [ 140.637597494, 41.882944927 ], [ 140.63759755800001, 41.882944664 ], [ 140.63759955399999, 41.88293631 ], [ 140.63759961299999, 41.882936064 ], [ 140.63760160699999, 41.882927675 ], [ 140.637601662, 41.882927445 ], [ 140.637603654, 41.882919021 ], [ 140.637603705, 41.882918808 ], [ 140.637605696, 41.882910349 ], [ 140.637605742, 41.882910153 ], [ 140.637607734, 41.882901659 ], [ 140.63760777600001, 41.88290148 ], [ 140.637609766999987, 41.882892951 ], [ 140.637609805000011, 41.882892789 ], [ 140.637611797, 41.882884225 ], [ 140.637611830999987, 41.88288408 ], [ 140.637613824999988, 41.882875481 ], [ 140.637613855000012, 41.882875353 ], [ 140.63761585200001, 41.882866719 ], [ 140.637615877, 41.882866608 ], [ 140.637617877, 41.882857939 ], [ 140.637617898, 41.882857846 ], [ 140.637619902000012, 41.882849142 ], [ 140.63761992, 41.882849066 ], [ 140.637621927, 41.882840328 ], [ 140.63762194099999, 41.882840268 ], [ 140.63762395399999, 41.882831496 ], [ 140.637623964, 41.882831453 ], [ 140.63762598299999, 41.882822647 ], [ 140.637625989000014, 41.882822621 ], [ 140.637628017, 41.882813772 ], [ 140.637630048, 41.882804904 ], [ 140.637657058, 41.882687008 ], [ 140.63770234899999, 41.882489317 ], [ 140.637726816999987, 41.882382518 ], [ 140.637768779999988, 41.88219935 ], [ 140.637783109999987, 41.882136801 ], [ 140.63779259, 41.882095422 ], [ 140.637793606, 41.882090988 ], [ 140.637802036000011, 41.882054186 ], [ 140.637842468, 41.881877683 ], [ 140.637844457999989, 41.881868997 ], [ 140.637891268, 41.881664647 ], [ 140.637899718, 41.881627759 ], [ 140.637902423000014, 41.881615952 ], [ 140.637932173, 41.881486079 ], [ 140.637933831, 41.881478837 ], [ 140.63793622599999, 41.881468381 ], [ 140.637936236, 41.881468339 ], [ 140.637938241, 41.881459573 ], [ 140.637938257, 41.881459506 ], [ 140.637940248, 41.88145079 ], [ 140.637940269000012, 41.881450697 ], [ 140.637942243999987, 41.881442034 ], [ 140.637942270999986, 41.881441914 ], [ 140.637944234, 41.881433282 ], [ 140.63794426199999, 41.881433157 ], [ 140.637946201, 41.881424599 ], [ 140.637946241, 41.881424426 ], [ 140.63794816, 41.88141592 ], [ 140.637948204999987, 41.88141572 ], [ 140.637950104999987, 41.881407267 ], [ 140.637950155, 41.881407041 ], [ 140.637952033, 41.881398639 ], [ 140.637952089, 41.881398386 ], [ 140.637953976, 41.881389897 ], [ 140.63795587199999, 41.881381306 ], [ 140.637957749, 41.88137274 ], [ 140.637959607, 41.881364199 ], [ 140.63796144299999, 41.881355683 ], [ 140.637963256, 41.881347192 ], [ 140.63796504699999, 41.881338725 ], [ 140.63796681299999, 41.881330283 ], [ 140.637968554, 41.881321865 ], [ 140.63797026899999, 41.881313471 ], [ 140.637970978999988, 41.881309947 ], [ 140.637971063, 41.881309551 ], [ 140.637972789, 41.881300926 ], [ 140.637974434, 41.881292593 ], [ 140.637976049, 41.881284284 ], [ 140.63797763299999, 41.881275999 ], [ 140.637979186, 41.881267738 ], [ 140.637980706, 41.881259501 ], [ 140.63798219200001, 41.881251287 ], [ 140.637983644, 41.881243098 ], [ 140.63798506099999, 41.881234932 ], [ 140.63798644100001, 41.88122679 ], [ 140.637987853, 41.881218256 ], [ 140.637988116, 41.881216638 ], [ 140.637990495, 41.881201603 ], [ 140.637991693, 41.881193728 ], [ 140.637992875, 41.881185707 ], [ 140.63799401599999, 41.881177709 ], [ 140.637995114, 41.881169736 ], [ 140.63799617, 41.881161786 ], [ 140.637997181, 41.881153861 ], [ 140.637998148, 41.881145959 ], [ 140.637999134000012, 41.881137528 ], [ 140.637999339, 41.881135913 ], [ 140.638003029, 41.881098421 ], [ 140.63800561, 41.881063248 ], [ 140.63800731500001, 41.881028046 ], [ 140.638008141, 41.880992826 ], [ 140.638008129000013, 41.880984614 ], [ 140.63800809, 41.880957601 ], [ 140.638007397, 41.880931376 ], [ 140.63800716, 41.880922382 ], [ 140.638005783000011, 41.880895573 ], [ 140.638005353000011, 41.880887183 ], [ 140.638002668000013, 41.880852014 ], [ 140.637999143, 41.880817239 ], [ 140.63799374199999, 41.88077569 ], [ 140.637989363, 41.880746819 ], [ 140.637985321, 41.880723985 ], [ 140.637983182, 41.880711898 ], [ 140.637976132, 41.880677069 ], [ 140.637968215, 41.880642344 ], [ 140.63796255599999, 41.880620039 ], [ 140.63795943400001, 41.880607735 ], [ 140.637953812, 41.880587633 ], [ 140.637951549, 41.880579541 ], [ 140.637949037999988, 41.880570791 ], [ 140.637939291, 41.880538914 ], [ 140.637936765, 41.880531308 ], [ 140.637927937, 41.880504726 ], [ 140.637920908000012, 41.880485131 ], [ 140.63791573200001, 41.880470702 ], [ 140.637910288, 41.880456584 ], [ 140.637901749, 41.880434436 ], [ 140.637900836, 41.880432404 ], [ 140.637888159, 41.88040173 ], [ 140.63788419799999, 41.880392769 ], [ 140.637872730999987, 41.880366823 ], [ 140.637856397, 41.880332147 ], [ 140.637839165, 41.880297715 ], [ 140.63782104, 41.880263539 ], [ 140.637802029999989, 41.880229633 ], [ 140.637782141, 41.88019601 ], [ 140.63776138099999, 41.880162682 ], [ 140.637752901, 41.880149732 ], [ 140.637739758, 41.880129662 ], [ 140.63771728, 41.880096963 ], [ 140.637698938999989, 41.880071495 ], [ 140.637671458, 41.880035063 ], [ 140.63762762499999, 41.879979661 ], [ 140.63748020599999, 41.879809707 ], [ 140.637478557, 41.879807638 ], [ 140.637476908, 41.879805568 ], [ 140.637423305999988, 41.879746855 ], [ 140.637391917, 41.879712492 ], [ 140.63737081, 41.879689385 ], [ 140.637293226, 41.879602464 ], [ 140.637231587, 41.879534423 ], [ 140.637158871999986, 41.879455702 ], [ 140.637070348, 41.879356125 ], [ 140.63705020399999, 41.879333465 ], [ 140.63693371799999, 41.879203371 ], [ 140.636814514, 41.879073394 ], [ 140.636723589000013, 41.878973667 ], [ 140.636660997, 41.878906275 ], [ 140.636647364999988, 41.878891597 ], [ 140.636599456999988, 41.878840293 ], [ 140.63659428599999, 41.878834873 ], [ 140.636219509, 41.878492115 ], [ 140.635945467, 41.878289959 ] ] ] } },
{ "type": "Feature", "properties": { "A29_001": "01236", "A29_002": "北海道", "A29_003": "北斗市", "A29_004": 2, "A29_005": "第二種低層住居専用地域", "A29_006": 50, "A29_007": 100, "A29_008": "条件付き公開" }, "geometry": { "type": "Polygon", "coordinates": [ [ [ 140.70349465000001, 41.83130517 ], [ 140.705376497, 41.832405913 ], [ 140.705391776999988, 41.832414749 ], [ 140.705514614, 41.83218417 ], [ 140.705544772, 41.832110146 ], [ 140.705623406, 41.831864745 ], [ 140.705605103000011, 41.831853783 ], [ 140.703945412, 41.830882985 ], [ 140.703189904, 41.830422351 ], [ 140.701180031, 41.829113351 ], [ 140.700729744, 41.829536452 ], [ 140.702724391, 41.83083554 ], [ 140.70349465000001, 41.83130517 ] ] ] } },
{ "type": "Feature", "properties": { "A29_001": "01236", "A29_002": "北海道", "A29_003": "北斗市", "A29_004": 2, "A29_005": "第二種低層住居専用地域", "A29_006": 50, "A29_007": 100, "A29_008": "条件付き公開" }, "geometry": { "type": "Polygon", "coordinates": [ [ [ 140.679542613, 41.847235441 ], [ 140.67958552799999, 41.847195158 ], [ 140.679464352, 41.847119542 ], [ 140.679079123, 41.846890622 ], [ 140.679094268999989, 41.846875955 ], [ 140.67848314299999, 41.846512068 ], [ 140.678379091000011, 41.84644902 ], [ 140.678207592, 41.846609998 ], [ 140.678110613, 41.846701023 ], [ 140.67789991, 41.846898804 ], [ 140.678013679, 41.846967052 ], [ 140.678615380999986, 41.847325454 ], [ 140.67860037299999, 41.84733954 ], [ 140.679009154999989, 41.847583026 ], [ 140.679134678999986, 41.847657687 ], [ 140.67923083, 41.847558162 ], [ 140.679380662999989, 41.847403065 ], [ 140.679542613, 41.847235441 ] ] ] } },
{ "type": "Feature", "properties": { "A29_001": "01236", "A29_002": "北海道", "A29_003": "北斗市", "A29_004": 2, "A29_005": "第二種低層住居専用地域", "A29_006": 50, "A29_007": 100, "A29_008": "条件付き公開" }, "geometry": { "type": "Polygon", "coordinates": [ [ [ 140.68118010500001, 41.847914788 ], [ 140.681163301, 41.847930934 ], [ 140.681240143999986, 41.847975106 ], [ 140.681738437, 41.848285058 ], [ 140.681863115999988, 41.84816731 ], [ 140.682790165, 41.848739086 ], [ 140.68316608399999, 41.848386202 ], [ 140.681673687, 41.847471303 ], [ 140.68157501499999, 41.847568122 ], [ 140.681502824, 41.847636311 ], [ 140.68136285, 41.847742259 ], [ 140.68128310099999, 41.847815778 ], [ 140.681196832000012, 41.847898697 ], [ 140.68118010500001, 41.847914788 ] ] ] } },
{ "type": "Feature", "properties": { "A29_001": "01236", "A29_002": "北海道", "A29_003": "北斗市", "A29_004": 2, "A29_005": "第二種低層住居専用地域", "A29_006": 50, "A29_007": 100, "A29_008": "条件付き公開" }, "geometry": { "type": "Polygon", "coordinates": [ [ [ 140.67712247, 41.852303415 ], [ 140.677224075999987, 41.852764052 ], [ 140.677674486, 41.852433763 ], [ 140.677600004999988, 41.852356964 ], [ 140.677409243, 41.852219968 ], [ 140.67738029899999, 41.852088741 ], [ 140.677362033, 41.851998815 ], [ 140.677339976000013, 41.851922476 ], [ 140.677317144, 41.851861297 ], [ 140.67729561199999, 41.851810795 ], [ 140.67727378699999, 41.851768147 ], [ 140.67724994400001, 41.851725102 ], [ 140.67722154399999, 41.851679503 ], [ 140.677157369000014, 41.851738584 ], [ 140.677006524, 41.851875604 ], [ 140.677011488, 41.85188524 ], [ 140.677028616, 41.85192579 ], [ 140.67704753699999, 41.85197657 ], [ 140.677062583, 41.85202867 ], [ 140.67708078199999, 41.852113352 ], [ 140.67712247, 41.852303415 ] ] ] } },
{ "type": "Feature", "properties": { "A29_001": "01236", "A29_002": "北海道", "A29_003": "北斗市", "A29_004": 2, "A29_005": "第二種低層住居専用地域", "A29_006": 50, "A29_007": 100, "A29_008": "条件付き公開" }, "geometry": { "type": "Polygon", "coordinates": [ [ [ 140.648352675000012, 41.874595981 ], [ 140.648289624, 41.874573554 ], [ 140.648245988000014, 41.874558038 ], [ 140.64818223899999, 41.874496779 ], [ 140.648085027, 41.874442308 ], [ 140.648060973000014, 41.874431433 ], [ 140.648039692999987, 41.874371514 ], [ 140.647914401, 41.874355884 ], [ 140.647914108, 41.874355847 ], [ 140.647700608, 41.874329318 ], [ 140.647683558000011, 41.874327019 ], [ 140.647662647, 41.87432398 ], [ 140.647636452, 41.874319839 ], [ 140.647619386, 41.874316937 ], [ 140.647603127, 41.874314017 ], [ 140.647577807, 41.87430917 ], [ 140.64755358799999, 41.874304185 ], [ 140.647508646, 41.874294024 ], [ 140.647462254, 41.87428228 ], [ 140.647411253, 41.874267876 ], [ 140.647262312, 41.874223525 ], [ 140.646462387000014, 41.873985352 ], [ 140.646312553, 41.87394074 ], [ 140.646204325000014, 41.87391113 ], [ 140.64612023399999, 41.8738915 ], [ 140.64604294099999, 41.873875865 ], [ 140.645959194, 41.873861476 ], [ 140.645888076, 41.873851297 ], [ 140.645828286000011, 41.873844148 ], [ 140.645770664999986, 41.873838423 ], [ 140.645641345, 41.873829964 ], [ 140.64516886199999, 41.873810442 ], [ 140.645024052999986, 41.873804723 ], [ 140.645020054000014, 41.873811204 ], [ 140.645006052000014, 41.874230209 ], [ 140.644996633, 41.874344637 ], [ 140.645129841999989, 41.874349898 ], [ 140.645239672, 41.874354436 ], [ 140.645334281, 41.874358345 ], [ 140.645589873, 41.874368904 ], [ 140.645691483, 41.874375551 ], [ 140.645723548, 41.874378737 ], [ 140.64576297799999, 41.874383451 ], [ 140.645810194, 41.87439021 ], [ 140.645867482999989, 41.874400052 ], [ 140.645917986, 41.874410269 ], [ 140.64597220600001, 41.874422926 ], [ 140.64605450799999, 41.874445442 ], [ 140.64631532300001, 41.874523099 ], [ 140.64654167399999, 41.874590494 ], [ 140.646994777, 41.874725402 ], [ 140.647149711, 41.874771538 ], [ 140.647218478000013, 41.874790959 ], [ 140.647287989, 41.874808556 ], [ 140.64732046899999, 41.874815899 ], [ 140.647352949, 41.874823243 ], [ 140.647392155, 41.874831312 ], [ 140.647431168, 41.874838781 ], [ 140.647479379, 41.874847203 ], [ 140.647521015, 41.874853785 ], [ 140.647574494999986, 41.874861305 ], [ 140.64779510299999, 41.874888718 ], [ 140.64779555699999, 41.874888774 ], [ 140.64826449899999, 41.874947274 ], [ 140.64888009500001, 41.875021193 ], [ 140.649321504, 41.875075563 ], [ 140.65007588899999, 41.875168479 ], [ 140.650141206, 41.875176089 ], [ 140.65038612699999, 41.875204622 ], [ 140.650433854999989, 41.87521358 ], [ 140.650483046, 41.875228299 ], [ 140.650537353, 41.875245051 ], [ 140.65059636, 41.875264061 ], [ 140.650633430999989, 41.875278921 ], [ 140.650642696, 41.875283356 ], [ 140.651048339, 41.874903229 ], [ 140.651095645, 41.874858624 ], [ 140.650999729, 41.874812712 ], [ 140.650910831, 41.874777077 ], [ 140.65088885899999, 41.874769998 ], [ 140.65081832300001, 41.874747273 ], [ 140.65075527, 41.874727824 ], [ 140.650657235000011, 41.874698489 ], [ 140.65053012199999, 41.874674631 ], [ 140.650252536000011, 41.874642292 ], [ 140.650190323, 41.874635045 ], [ 140.65005252, 41.874618072 ], [ 140.65000385499999, 41.874612078 ], [ 140.649988099000012, 41.874551105 ], [ 140.64928893699999, 41.874541973 ], [ 140.649280592999986, 41.874541867 ], [ 140.649206364, 41.874335546 ], [ 140.648578735, 41.874433222 ], [ 140.64841041, 41.874588821 ], [ 140.648387281, 41.874587109 ], [ 140.648352675000012, 41.874595981 ] ] ] } },
{ "type": "Feature", "properties": { "A29_001": "01236", "A29_002": "北海道", "A29_003": "北斗市", "A29_004": 3, "A29_005": "第一種中高層住居専用地域", "A29_006": 60, "A29_007": 200, "A29_008": "条件付き公開" }, "geometry": { "type": "Polygon", "coordinates": [ [ [ 140.71747037599999, 41.814524918 ], [ 140.7151376, 41.816715824 ], [ 140.715260884, 41.816801863 ], [ 140.715388201, 41.816890732 ], [ 140.71552922399999, 41.816989162 ], [ 140.715670297, 41.817087628 ], [ 140.715876872, 41.817232478 ], [ 140.715973127000012, 41.817300178 ], [ 140.716043429, 41.817349398 ], [ 140.716191766, 41.817453479 ], [ 140.716192987999989, 41.817454365 ], [ 140.716293573, 41.817524973 ], [ 140.71634265599999, 41.817559377 ], [ 140.71639545299999, 41.817596414 ], [ 140.716430229, 41.817621547 ], [ 140.716497514, 41.817667988 ], [ 140.71652482499999, 41.817687758 ], [ 140.71659896, 41.817739276 ], [ 140.716620107000011, 41.817753912 ], [ 140.716700841, 41.817810761 ], [ 140.71671459699999, 41.817820448 ], [ 140.71680283, 41.817882191 ], [ 140.716809146, 41.817886713 ], [ 140.716904542, 41.817953695 ], [ 140.717006343, 41.818025119 ], [ 140.71709081099999, 41.818084426 ], [ 140.717108136, 41.818096592 ], [ 140.717184744, 41.818150342 ], [ 140.717210005999988, 41.818168059 ], [ 140.71731173, 41.818239409 ], [ 140.71737230799999, 41.818281977 ], [ 140.717460641, 41.818344044 ], [ 140.717466476999988, 41.818348783 ], [ 140.717671689000014, 41.818525014 ], [ 140.718113044, 41.818165377 ], [ 140.718286592, 41.818018441 ], [ 140.718455533999986, 41.817860557 ], [ 140.719326502, 41.817011533 ], [ 140.71966428499999, 41.816682164 ], [ 140.719503620000012, 41.816565478 ], [ 140.719451356, 41.816527513 ], [ 140.71818259599999, 41.815220999 ], [ 140.71747037599999, 41.814524918 ] ] ] } },
{ "type": "Feature", "properties": { "A29_001": "01236", "A29_002": "北海道", "A29_003": "北斗市", "A29_004": 3, "A29_005": "第一種中高層住居専用地域", "A29_006": 60, "A29_007": 200, "A29_008": "条件付き公開" }, "geometry": { "type": "Polygon", "coordinates": [ [ [ 140.652214233, 41.827695127 ], [ 140.65223188499999, 41.827699696 ], [ 140.652268494, 41.827709173 ], [ 140.652268072, 41.827710948 ], [ 140.652303117, 41.827720595 ], [ 140.652342143999988, 41.827731758 ], [ 140.652482372, 41.82777437 ], [ 140.6525298, 41.827787845 ], [ 140.652549998000012, 41.827793582 ], [ 140.65275775500001, 41.82785435 ], [ 140.652855907, 41.827875678 ], [ 140.653275909, 41.827986806 ], [ 140.65327814, 41.827970032 ], [ 140.653870262, 41.828113595 ], [ 140.653862637, 41.828131945 ], [ 140.653884677, 41.828137288 ], [ 140.654456097, 41.828264251 ], [ 140.65452363899999, 41.828277909 ], [ 140.654749138, 41.828320137 ], [ 140.65488888199999, 41.828348449 ], [ 140.654984961, 41.828368669 ], [ 140.655293309, 41.82843954 ], [ 140.65560951099999, 41.828501721 ], [ 140.655669133, 41.828513436 ], [ 140.655904381, 41.828556914 ], [ 140.655939362999987, 41.828568001 ], [ 140.655950063, 41.828571394 ], [ 140.65601353400001, 41.828581272 ], [ 140.656141693, 41.828601214 ], [ 140.65638174099999, 41.828638425 ], [ 140.656501316, 41.828663961 ], [ 140.656622908, 41.828681008 ], [ 140.65676777499999, 41.828694947 ], [ 140.656813599, 41.82869935 ], [ 140.656865954000011, 41.828704384 ], [ 140.657176643000014, 41.828732249 ], [ 140.657176958, 41.82873228 ], [ 140.65722179, 41.828736301 ], [ 140.65721811, 41.828665058 ], [ 140.65721810299999, 41.828654434 ], [ 140.657218003, 41.828534771 ], [ 140.657216518000013, 41.828348782 ], [ 140.657216709000011, 41.828278434 ], [ 140.657216921000014, 41.828198334 ], [ 140.657216962, 41.828183891 ], [ 140.657217124999988, 41.82812252 ], [ 140.657217215, 41.828089358 ], [ 140.657217468, 41.827994815 ], [ 140.657217495, 41.827985811 ], [ 140.657217648999989, 41.827930671 ], [ 140.658202985, 41.828130591 ], [ 140.658201, 41.827444855 ], [ 140.658210945, 41.826971871 ], [ 140.658210491, 41.826432397 ], [ 140.658212940999988, 41.826296922 ], [ 140.658204023, 41.825501446 ], [ 140.656895913, 41.825298924 ], [ 140.65623227399999, 41.82518881 ], [ 140.655766782, 41.825097352 ], [ 140.655162193, 41.824977569 ], [ 140.654137572, 41.824815681 ], [ 140.652237114, 41.824526923 ], [ 140.652228009999988, 41.824525556 ], [ 140.652217686, 41.824582853 ], [ 140.65220357199999, 41.824641637 ], [ 140.65215288600001, 41.824844833 ], [ 140.652152801, 41.824844824 ], [ 140.652111257, 41.824840557 ], [ 140.652101635, 41.82488048 ], [ 140.652076988, 41.824981503 ], [ 140.652074878, 41.824990514 ], [ 140.652052298, 41.825114483 ], [ 140.652070724, 41.825115589 ], [ 140.651968756, 41.825649878 ], [ 140.651949867000013, 41.825824977 ], [ 140.651767777, 41.826560781 ], [ 140.65176631599999, 41.826560348 ], [ 140.651717364, 41.826545839 ], [ 140.651307722000013, 41.826422824 ], [ 140.651166566, 41.826381366 ], [ 140.650717076, 41.82624816 ], [ 140.650548034, 41.826200746 ], [ 140.65049290499999, 41.826184471 ], [ 140.65053713099999, 41.826022454 ], [ 140.65070714, 41.825444334 ], [ 140.650665495999988, 41.825432135 ], [ 140.650164550999989, 41.82539365 ], [ 140.650183348000013, 41.82517227 ], [ 140.649679424, 41.825244906 ], [ 140.649634144, 41.825236374 ], [ 140.649448162999988, 41.82521461 ], [ 140.64942491299999, 41.825211953 ], [ 140.649246758, 41.825170955 ], [ 140.649102921, 41.825144947 ], [ 140.649034441, 41.825143807 ], [ 140.648797314, 41.825155607 ], [ 140.648565066, 41.82516602 ], [ 140.648239596, 41.825186409 ], [ 140.6481574, 41.825190476 ], [ 140.648104507, 41.825193093 ], [ 140.648105198, 41.82519052 ], [ 140.648433700999988, 41.823967075 ], [ 140.648478383999986, 41.823805231 ], [ 140.648333876, 41.823746893 ], [ 140.64810023699999, 41.823632899 ], [ 140.647880703999988, 41.823522368 ], [ 140.647677877, 41.823407456 ], [ 140.646577731, 41.822742966 ], [ 140.645534731, 41.822108613 ], [ 140.644260866, 41.821335838 ], [ 140.644104035999987, 41.821240662 ], [ 140.64399422, 41.821176118 ], [ 140.643925126999989, 41.821137096 ], [ 140.64357191799999, 41.820896094 ], [ 140.643309698, 41.820731224 ], [ 140.642866477000013, 41.820474229 ], [ 140.64275745899999, 41.820415706 ], [ 140.642647869, 41.82035423 ], [ 140.64240998599999, 41.820231685 ], [ 140.64208039799999, 41.820072445 ], [ 140.64163986299999, 41.819859558 ], [ 140.641624043, 41.819851148 ], [ 140.64149364299999, 41.819785771 ], [ 140.64131755, 41.819708395 ], [ 140.641122185, 41.819628922 ], [ 140.640967778, 41.819574432 ], [ 140.640797701999986, 41.819516484 ], [ 140.640526375, 41.819435468 ], [ 140.640265935, 41.819363329 ], [ 140.64002362299999, 41.819302923 ], [ 140.639800767, 41.819255057 ], [ 140.639582671, 41.819217889 ], [ 140.63937787099999, 41.81918977 ], [ 140.639086389, 41.819159242 ], [ 140.63874089, 41.8191334 ], [ 140.638451941999989, 41.819123572 ], [ 140.63817631, 41.819126305 ], [ 140.637894845, 41.819139861 ], [ 140.637669855000013, 41.819156828 ], [ 140.63750985199999, 41.819171775 ], [ 140.637333058, 41.819196683 ], [ 140.637165914, 41.819225159 ], [ 140.636985595, 41.819264575 ], [ 140.63675978099999, 41.819324764 ], [ 140.63655554499999, 41.819390282 ], [ 140.63637298, 41.819456717 ], [ 140.63618449399999, 41.819539289 ], [ 140.636016485999988, 41.819624493 ], [ 140.63580654899999, 41.819743244 ], [ 140.63563757599999, 41.819848351 ], [ 140.63552898399999, 41.819925971 ], [ 140.63552407099999, 41.819929589 ], [ 140.63552251199999, 41.819930675 ], [ 140.63543508, 41.820003903 ], [ 140.634505729000011, 41.820835856 ], [ 140.634468833, 41.820865874 ], [ 140.634065459, 41.821207943 ], [ 140.633834787000012, 41.821403656 ], [ 140.633641993999987, 41.821552869 ], [ 140.633632737, 41.82155917 ], [ 140.633705854999988, 41.821580099 ], [ 140.633886053, 41.821658923 ], [ 140.63394899, 41.821686149 ], [ 140.634215801000011, 41.821778049 ], [ 140.634211865, 41.821816122 ], [ 140.634204003, 41.821835921 ], [ 140.634200799000013, 41.821843675 ], [ 140.63454551699999, 41.821918976 ], [ 140.634548747999986, 41.821915814 ], [ 140.63456128199999, 41.821918293 ], [ 140.634934034, 41.82199214 ], [ 140.635741172, 41.822104899 ], [ 140.635700479, 41.822154679 ], [ 140.635683319, 41.822175609 ], [ 140.635767571, 41.822221914 ], [ 140.636428862, 41.822580913 ], [ 140.636449258999988, 41.822591839 ], [ 140.63664315599999, 41.822692916 ], [ 140.636664360999987, 41.822703974 ], [ 140.636766904000012, 41.822750892 ], [ 140.63705764, 41.822773143 ], [ 140.637179557, 41.822828847 ], [ 140.63744415799999, 41.822948575 ], [ 140.63755877599999, 41.823001512 ], [ 140.63758385700001, 41.822964672 ], [ 140.637841683, 41.822585921 ], [ 140.637911628000012, 41.822483172 ], [ 140.63809726299999, 41.822210446 ], [ 140.638253316, 41.822287581 ], [ 140.63850586699999, 41.822399451 ], [ 140.63876635, 41.822514832 ], [ 140.638955928, 41.822655502 ], [ 140.638960886, 41.822659195 ], [ 140.63897927799999, 41.822672909 ], [ 140.63898288199999, 41.82267558 ], [ 140.639285787, 41.822900272 ], [ 140.63928860499999, 41.82290236 ], [ 140.639316900000011, 41.822923352 ], [ 140.639493409000011, 41.823054324 ], [ 140.639525283000012, 41.823069946 ], [ 140.640488577000013, 41.823568237 ], [ 140.6404882, 41.823569058 ], [ 140.64043434300001, 41.82361727 ], [ 140.64043281, 41.823618491 ], [ 140.64046446, 41.823644711 ], [ 140.640461466, 41.823647207 ], [ 140.640446856000011, 41.823659343 ], [ 140.640343933, 41.823961151 ], [ 140.640079, 41.824185477 ], [ 140.64001665399999, 41.824240225 ], [ 140.639809140000011, 41.82441642 ], [ 140.639808386, 41.824768586 ], [ 140.63975740699999, 41.82481548 ], [ 140.639692161999989, 41.824875501 ], [ 140.639793601, 41.824936322 ], [ 140.63989504, 41.824997152 ], [ 140.639920659000012, 41.824999532 ], [ 140.639929802000012, 41.825000645 ], [ 140.640219992, 41.825035946 ], [ 140.640257553999987, 41.825040519 ], [ 140.640351826, 41.825062493 ], [ 140.640361911000014, 41.825066235 ], [ 140.640314536, 41.825104447 ], [ 140.640310269999986, 41.825107703 ], [ 140.64026098, 41.825145866 ], [ 140.64007263100001, 41.825287072 ], [ 140.640056894999987, 41.825298416 ], [ 140.64029933899999, 41.825439101 ], [ 140.64041399300001, 41.825505117 ], [ 140.640429645000012, 41.825515347 ], [ 140.640868559000012, 41.825760355 ], [ 140.64117455499999, 41.825921704 ], [ 140.64120884, 41.825943485 ], [ 140.64126187, 41.825941648 ], [ 140.64126202599999, 41.825967274 ], [ 140.641256211000012, 41.826099565 ], [ 140.64125587800001, 41.826135907 ], [ 140.64125335899999, 41.826248163 ], [ 140.641250582, 41.826357456 ], [ 140.641248184, 41.826451982 ], [ 140.641246794000011, 41.826496638 ], [ 140.641245244, 41.826546509 ], [ 140.64124377499999, 41.826615702 ], [ 140.64124275, 41.826664869 ], [ 140.641234903, 41.826922227 ], [ 140.641233911, 41.826986709 ], [ 140.64123261099999, 41.827071254 ], [ 140.642481733000011, 41.827072219 ], [ 140.642482492, 41.826946343 ], [ 140.642521858, 41.826828109 ], [ 140.642582358, 41.82664979 ], [ 140.64263004099999, 41.826507739 ], [ 140.642635883, 41.826470829 ], [ 140.642663586999987, 41.826286265 ], [ 140.642698671, 41.826068198 ], [ 140.642700729000012, 41.826016966 ], [ 140.642702938000014, 41.825943096 ], [ 140.642838125, 41.825918446 ], [ 140.643004233999989, 41.825888158 ], [ 140.643337403, 41.82562015 ], [ 140.643619398, 41.825460674 ], [ 140.643739046, 41.825352718 ], [ 140.643818708, 41.825216049 ], [ 140.64390249600001, 41.825169156 ], [ 140.643948179, 41.825111984 ], [ 140.643918421, 41.82501584 ], [ 140.643909573, 41.824990281 ], [ 140.643908285, 41.82498246 ], [ 140.64390333599999, 41.82497043 ], [ 140.643899303000012, 41.824960629 ], [ 140.643975481000012, 41.824944067 ], [ 140.64398864, 41.824962066 ], [ 140.64399982099999, 41.82497737 ], [ 140.644047203000014, 41.824973643 ], [ 140.644194128, 41.824962607 ], [ 140.64432343199999, 41.824952898 ], [ 140.64496184699999, 41.825007235 ], [ 140.644334928, 41.826050204 ], [ 140.644836919, 41.826060135 ], [ 140.64476241, 41.826144936 ], [ 140.644694813, 41.826243876 ], [ 140.644546321, 41.826461221 ], [ 140.644578139, 41.826477031 ], [ 140.644556894, 41.826506962 ], [ 140.64450949, 41.826572117 ], [ 140.644396769999986, 41.826822578 ], [ 140.644354563, 41.826942245 ], [ 140.644354719, 41.826949943 ], [ 140.644361752, 41.827285848 ], [ 140.64436195499999, 41.827295338 ], [ 140.64438454, 41.827346378 ], [ 140.644392255000014, 41.82736381 ], [ 140.644425766000012, 41.827439628 ], [ 140.644503422000014, 41.827615267 ], [ 140.644666809, 41.827922722 ], [ 140.644689389, 41.827965207 ], [ 140.644717659, 41.828061726 ], [ 140.644718532000013, 41.828064694 ], [ 140.64472928, 41.828101394 ], [ 140.644774003, 41.828254159 ], [ 140.644806184, 41.828364089 ], [ 140.644821616, 41.828416783 ], [ 140.64483781199999, 41.828489904 ], [ 140.64486488, 41.828612043 ], [ 140.644891935, 41.828734173 ], [ 140.644918657, 41.828854864 ], [ 140.644920066, 41.828968663 ], [ 140.644921586, 41.829092466 ], [ 140.64492311699999, 41.82921626 ], [ 140.64492475899999, 41.82934822 ], [ 140.644925508999989, 41.829409645 ], [ 140.64492551, 41.829409689 ], [ 140.644925489, 41.829409854 ], [ 140.644919636, 41.829456945 ], [ 140.644904287, 41.829580482 ], [ 140.644885853, 41.829728925 ], [ 140.644858631, 41.829947992 ], [ 140.64494966, 41.830036199 ], [ 140.645264633000011, 41.829826174 ], [ 140.645472899, 41.829750335 ], [ 140.645584133, 41.829710099 ], [ 140.645584192, 41.829710099 ], [ 140.645646739, 41.82971064 ], [ 140.645691599, 41.829709108 ], [ 140.645820065, 41.829708584 ], [ 140.645998217, 41.829706466 ], [ 140.646083556, 41.829705461 ], [ 140.64615450299999, 41.829705612 ], [ 140.646154923000012, 41.829703636 ], [ 140.646244676, 41.829282175 ], [ 140.646247743, 41.829266165 ], [ 140.646238535, 41.829129656 ], [ 140.646236671999986, 41.829112573 ], [ 140.646870887, 41.829226573 ], [ 140.646928835000011, 41.829236989 ], [ 140.646994567, 41.82924881 ], [ 140.647329742000011, 41.827999201 ], [ 140.64738058399999, 41.827814068 ], [ 140.647620318, 41.826933436 ], [ 140.647650613, 41.826822369 ], [ 140.64847465, 41.826911602 ], [ 140.648452752, 41.826987503 ], [ 140.64819977, 41.827892052 ], [ 140.648199511, 41.827893035 ], [ 140.64811232, 41.828210555 ], [ 140.64892685699999, 41.828308739 ], [ 140.649645819, 41.828397092 ], [ 140.649689131, 41.828402362 ], [ 140.64969505900001, 41.828403079 ], [ 140.65039232, 41.828487911 ], [ 140.65087949, 41.82854717 ], [ 140.651041647999989, 41.827871261 ], [ 140.651048766, 41.827871768 ], [ 140.651045555, 41.827854968 ], [ 140.651161261999988, 41.827398501 ], [ 140.65167009699999, 41.827538953 ], [ 140.651692215, 41.827545314 ], [ 140.651756330000012, 41.827577641 ], [ 140.651756553000013, 41.827576666 ], [ 140.652214233, 41.827695127 ] ] ] } },
{ "type": "Feature", "properties": { "A29_001": "01236", "A29_002": "北海道", "A29_003": "北斗市", "A29_004": 3, "A29_005": "第一種中高層住居専用地域", "A29_006": 60, "A29_007": 200, "A29_008": "条件付き公開" }, "geometry": { "type": "Polygon", "coordinates": [ [ [ 140.673045632, 41.852323167 ], [ 140.67321437199999, 41.852424346 ], [ 140.673423227, 41.852476243 ], [ 140.673726531, 41.852550442 ], [ 140.673865283, 41.85258446 ], [ 140.67407312099999, 41.852369151 ], [ 140.675911477, 41.850643728 ], [ 140.675983749000011, 41.850575892 ], [ 140.67607324799999, 41.85049189 ], [ 140.67583092699999, 41.849751859 ], [ 140.675356956, 41.849892565 ], [ 140.67409482799999, 41.851077169 ], [ 140.673190162, 41.851926241 ], [ 140.67313566199999, 41.851989796 ], [ 140.673002722, 41.852264228 ], [ 140.673045632, 41.852323167 ] ] ] } },
{ "type": "Feature", "properties": { "A29_001": "01236", "A29_002": "北海道", "A29_003": "北斗市", "A29_004": 3, "A29_005": "第一種中高層住居専用地域", "A29_006": 60, "A29_007": 200, "A29_008": "条件付き公開" }, "geometry": { "type": "Polygon", "coordinates": [ [ [ 140.640188029, 41.885739124 ], [ 140.641061221, 41.885881066 ], [ 140.64105629299999, 41.885897002 ], [ 140.641024746999989, 41.886051008 ], [ 140.641285361, 41.886111231 ], [ 140.641325380000012, 41.886113481 ], [ 140.641432146999989, 41.886120717 ], [ 140.641639779, 41.886133389 ], [ 140.641857390000013, 41.886151455 ], [ 140.64205002, 41.884144725 ], [ 140.642063992, 41.883999944 ], [ 140.643024965, 41.882529791 ], [ 140.64301781099999, 41.882526925 ], [ 140.64291489199999, 41.88249595 ], [ 140.642837864, 41.882481853 ], [ 140.642708476, 41.882465999 ], [ 140.6425468, 41.882451969 ], [ 140.641205464, 41.882370727 ], [ 140.64038075, 41.882320906 ], [ 140.640242018, 41.882315729 ], [ 140.640199201, 41.882313978 ], [ 140.64006499300001, 41.882308272 ], [ 140.639880799, 41.882284008 ], [ 140.639442615, 41.882229059 ], [ 140.63913245, 41.882672677 ], [ 140.638671730999988, 41.883423678 ], [ 140.638391098, 41.88389566 ], [ 140.638301797999986, 41.884159801 ], [ 140.637966979999987, 41.885227543 ], [ 140.639777669000011, 41.885552583 ], [ 140.639812819000014, 41.885558884 ], [ 140.64001410899999, 41.885594982 ], [ 140.640013117, 41.885595733 ], [ 140.640001238999986, 41.885604715 ], [ 140.639988273, 41.88561451 ], [ 140.639928706, 41.885696767 ], [ 140.639931694000012, 41.885697255 ], [ 140.640188029, 41.885739124 ] ] ] } },
{ "type": "Feature", "properties": { "A29_001": "01236", "A29_002": "北海道", "A29_003": "北斗市", "A29_004": 3, "A29_005": "第一種中高層住居専用地域", "A29_006": 60, "A29_007": 200, "A29_008": "条件付き公開" }, "geometry": { "type": "Polygon", "coordinates": [ [ [ 140.637875040000011, 41.891477368 ], [ 140.638369355, 41.891667998 ], [ 140.63865583899999, 41.891779442 ], [ 140.638850666, 41.891856096 ], [ 140.64017508, 41.88974197 ], [ 140.64045753900001, 41.88919824 ], [ 140.640240545000012, 41.889117678 ], [ 140.640165302000014, 41.889089751 ], [ 140.640102214, 41.889072966 ], [ 140.640059404, 41.889055832 ], [ 140.639913656, 41.888999053 ], [ 140.639879261, 41.888985654 ], [ 140.639695254, 41.888913975 ], [ 140.639266472, 41.888746944 ], [ 140.639367142999987, 41.88861074 ], [ 140.639419038999989, 41.888532885 ], [ 140.639478991, 41.888424101 ], [ 140.639299040999987, 41.888373397 ], [ 140.639106012000013, 41.88832985 ], [ 140.638850428000012, 41.888291026 ], [ 140.639048758, 41.887473642 ], [ 140.63718408599999, 41.886994106 ], [ 140.636832252, 41.887733868 ], [ 140.636058982, 41.888706043 ], [ 140.635519808, 41.88938283 ], [ 140.635210113999989, 41.890070181 ], [ 140.635115961, 41.890250165 ], [ 140.634854784, 41.890728547 ], [ 140.634676922000011, 41.891030213 ], [ 140.63414926199999, 41.891511423 ], [ 140.6341602, 41.89153544 ], [ 140.634233722, 41.891671875 ], [ 140.634328971, 41.891831019 ], [ 140.634398831999988, 41.891927258 ], [ 140.63469396, 41.891446508 ], [ 140.634836766, 41.891330359 ], [ 140.635394502999986, 41.891197646 ], [ 140.635750578999989, 41.891080208 ], [ 140.635831849999988, 41.891056686 ], [ 140.63604684500001, 41.890971911 ], [ 140.636283475999988, 41.89090137 ], [ 140.636403113, 41.890886661 ], [ 140.63655639000001, 41.89089151 ], [ 140.636589944, 41.890896762 ], [ 140.636971206, 41.891091405 ], [ 140.637758131999988, 41.89142497 ], [ 140.637875040000011, 41.891477368 ] ] ] } },
{ "type": "Feature", "properties": { "A29_001": "01236", "A29_002": "北海道", "A29_003": "北斗市", "A29_004": 4, "A29_005": "第二種中高層住居専用地域", "A29_006": 60, "A29_007": 200, "A29_008": "条件付き公開" }, "geometry": { "type": "Polygon", "coordinates": [ [ [ 140.64819977, 41.827892051 ], [ 140.648452752, 41.826987503 ], [ 140.64847465, 41.826911602 ], [ 140.647650613, 41.826822369 ], [ 140.647620318, 41.826933436 ], [ 140.64738058399999, 41.827814068 ], [ 140.64819977, 41.827892051 ] ] ] } },
{ "type": "Feature", "properties": { "A29_001": "01236", "A29_002": "北海道", "A29_003": "北斗市", "A29_004": 4, "A29_005": "第二種中高層住居専用地域", "A29_006": 60, "A29_007": 200, "A29_008": "条件付き公開" }, "geometry": { "type": "Polygon", "coordinates": [ [ [ 140.704888372999989, 41.823249826 ], [ 140.704806286, 41.823125542 ], [ 140.70478848, 41.823098086 ], [ 140.70476154799999, 41.823056589 ], [ 140.704727647, 41.823068864 ], [ 140.702766192000013, 41.823770374 ], [ 140.701864379999989, 41.824095456 ], [ 140.701197076999989, 41.824334486 ], [ 140.701079523, 41.824374363 ], [ 140.70071729599999, 41.824365843 ], [ 140.700358496, 41.824355418 ], [ 140.700087513999989, 41.824354798 ], [ 140.69729481499999, 41.825087104 ], [ 140.69906942899999, 41.82791308 ], [ 140.699756877999988, 41.829004782 ], [ 140.705268585, 41.823825429 ], [ 140.705128331, 41.823613087 ], [ 140.705048336, 41.823492 ], [ 140.704888372999989, 41.823249826 ] ] ] } },
{ "type": "Feature", "properties": { "A29_001": "01236", "A29_002": "北海道", "A29_003": "北斗市", "A29_004": 4, "A29_005": "第二種中高層住居専用地域", "A29_006": 60, "A29_007": 200, "A29_008": "条件付き公開" }, "geometry": { "type": "Polygon", "coordinates": [ [ [ 140.672733115999989, 41.829205985 ], [ 140.672768732, 41.829220261 ], [ 140.67280514399999, 41.829233367 ], [ 140.672842282, 41.829245277 ], [ 140.67288007799999, 41.829255969 ], [ 140.672918458999987, 41.829265423 ], [ 140.672957352999987, 41.82927362 ], [ 140.672996686, 41.829280546 ], [ 140.673036384999989, 41.829286187 ], [ 140.673076372999986, 41.829290532 ], [ 140.673116577, 41.829293574 ], [ 140.673156919, 41.829295306 ], [ 140.673197324, 41.829295726 ], [ 140.673255047, 41.829295253 ], [ 140.67331273, 41.82929357 ], [ 140.673370326999986, 41.829290676 ], [ 140.673427792000012, 41.829286575 ], [ 140.673485081, 41.82928127 ], [ 140.673542149000014, 41.829274765 ], [ 140.673598950000013, 41.829267065 ], [ 140.67365544, 41.829258176 ], [ 140.673711574, 41.829248105 ], [ 140.673960873, 41.829196379 ], [ 140.674264404000013, 41.82912794 ], [ 140.674309313, 41.829117514 ], [ 140.67435472299999, 41.82910838 ], [ 140.674400565000013, 41.82910055 ], [ 140.674446775, 41.829094037 ], [ 140.674487131, 41.829089537 ], [ 140.67448730000001, 41.829089518 ], [ 140.67449328399999, 41.82908885 ], [ 140.674540024, 41.829084997 ], [ 140.67456407099999, 41.829084307 ], [ 140.674588125000014, 41.829084868 ], [ 140.674612069, 41.829086678 ], [ 140.67463578600001, 41.829089729 ], [ 140.674659163, 41.829094005 ], [ 140.67468208599999, 41.829099485 ], [ 140.674704444000014, 41.829106144 ], [ 140.67472612899999, 41.829113949 ], [ 140.674747036000014, 41.829122863 ], [ 140.674767065, 41.829132842 ], [ 140.674786117999986, 41.829143837 ], [ 140.674804103000014, 41.829155797 ], [ 140.674842919000014, 41.829182707 ], [ 140.67490601099999, 41.829226447 ], [ 140.675109819, 41.829357718 ], [ 140.675326533, 41.829494189 ], [ 140.675574294, 41.82947203 ], [ 140.67582828, 41.829449335 ], [ 140.67609689299999, 41.829425327 ], [ 140.676833108000011, 41.829359537 ], [ 140.676963769, 41.829347211 ], [ 140.67745985900001, 41.829298391 ], [ 140.678036899, 41.829241594 ], [ 140.678269758999988, 41.829218927 ], [ 140.678541396000014, 41.829192485 ], [ 140.67861302599999, 41.829185512 ], [ 140.679049466, 41.829143013 ], [ 140.67935813599999, 41.829112965 ], [ 140.679666781, 41.829082916 ], [ 140.679806594000013, 41.829069301 ], [ 140.680185862, 41.829032379 ], [ 140.680964496, 41.828949888 ], [ 140.68101958299999, 41.828944054 ], [ 140.681813396, 41.828859942 ], [ 140.68208103, 41.828831211 ], [ 140.682148954000013, 41.828823927 ], [ 140.68233093399999, 41.828804378 ], [ 140.682451668999988, 41.828791417 ], [ 140.68255641499999, 41.828780173 ], [ 140.682690118000011, 41.828765821 ], [ 140.682988177, 41.828733822 ], [ 140.683037512, 41.828728522 ], [ 140.68327345899999, 41.828703195 ], [ 140.683325177, 41.828697642 ], [ 140.68348240200001, 41.828681354 ], [ 140.683978219000011, 41.828655088 ], [ 140.683923042, 41.828594347 ], [ 140.683869453, 41.828532815 ], [ 140.683817471999987, 41.828470516 ], [ 140.683767120999988, 41.828407474 ], [ 140.68371841699999, 41.828343711 ], [ 140.683671378000014, 41.828279253 ], [ 140.683626024, 41.828214123 ], [ 140.683582370000011, 41.828148346 ], [ 140.68354043299999, 41.828081947 ], [ 140.68350023, 41.828014951 ], [ 140.683461775000012, 41.827947383 ], [ 140.683425082000014, 41.82787927 ], [ 140.683390167, 41.827810636 ], [ 140.68335704099999, 41.827741507 ], [ 140.683325717, 41.82767191 ], [ 140.683296208, 41.827601871 ], [ 140.683268524, 41.827531416 ], [ 140.683242675, 41.827460572 ], [ 140.68321867200001, 41.827389366 ], [ 140.68319652400001, 41.827317824 ], [ 140.683176239, 41.827245974 ], [ 140.683157824, 41.827173842 ], [ 140.683141287000012, 41.827101457 ], [ 140.683126633, 41.827028845 ], [ 140.68311386900001, 41.826956034 ], [ 140.683102999, 41.826883051 ], [ 140.683013568, 41.826296002 ], [ 140.682929107, 41.82574055 ], [ 140.68247256699999, 41.825791469 ], [ 140.681530466999988, 41.825901442 ], [ 140.679849499, 41.826090621 ], [ 140.679431252, 41.826139457 ], [ 140.67691772399999, 41.826350701 ], [ 140.675360094000013, 41.826480648 ], [ 140.673864522, 41.82660242 ], [ 140.67346494899999, 41.826636309 ], [ 140.672754887999986, 41.826704385 ], [ 140.67183555599999, 41.826784571 ], [ 140.670117683, 41.826934484 ], [ 140.669836342, 41.826952711 ], [ 140.669502705000014, 41.826963474 ], [ 140.669183083, 41.826963651 ], [ 140.668900364, 41.826955138 ], [ 140.668783096999988, 41.826953653 ], [ 140.668665874999988, 41.826950812 ], [ 140.668548726000012, 41.826946617 ], [ 140.66843167799999, 41.826941068 ], [ 140.668314758, 41.826934166 ], [ 140.668197995000014, 41.826925913 ], [ 140.668081416, 41.826916311 ], [ 140.66796505, 41.826905362 ], [ 140.667631712, 41.826857289 ], [ 140.66568450599999, 41.826562441 ], [ 140.66565197, 41.826557517 ], [ 140.665628833999989, 41.826553999 ], [ 140.665602202, 41.826549953 ], [ 140.664342957, 41.826359201 ], [ 140.66432596300001, 41.826356111 ], [ 140.663728307000014, 41.826289203 ], [ 140.663476298, 41.826244639 ], [ 140.662796324, 41.826124897 ], [ 140.66148753499999, 41.825921326 ], [ 140.661278962000011, 41.825891729 ], [ 140.661026085, 41.825861569 ], [ 140.65984257, 41.825743701 ], [ 140.65954907, 41.825704769 ], [ 140.659126382000011, 41.825644236 ], [ 140.658204028, 41.825501448 ], [ 140.66003274900001, 41.826590573 ], [ 140.660260247, 41.826760632 ], [ 140.660567359, 41.827035566 ], [ 140.660743335, 41.827160025 ], [ 140.661193286000014, 41.827428766 ], [ 140.661226363999987, 41.827447505 ], [ 140.661260399000014, 41.827465258 ], [ 140.66129533899999, 41.827482 ], [ 140.66133113, 41.827497704 ], [ 140.66136771699999, 41.827512346 ], [ 140.661405043, 41.827525904 ], [ 140.661419685, 41.827530701 ], [ 140.661448279000012, 41.827536552 ], [ 140.661695818999988, 41.827578165 ], [ 140.662006901000012, 41.827620359 ], [ 140.662269925, 41.827550862 ], [ 140.66254992, 41.827379589 ], [ 140.662693665, 41.827359956 ], [ 140.662780715, 41.827419906 ], [ 140.662767988000013, 41.82768692 ], [ 140.662764963, 41.827723226 ], [ 140.663146173, 41.827774922 ], [ 140.663693206, 41.827849129 ], [ 140.664215057, 41.827919912 ], [ 140.66448375499999, 41.8279564 ], [ 140.664756911000012, 41.827993412 ], [ 140.665007675, 41.828049053 ], [ 140.66505787299999, 41.828069836 ], [ 140.66506770699999, 41.828072789 ], [ 140.66510882, 41.828086495 ], [ 140.665149214, 41.828101347 ], [ 140.66518883399999, 41.828117325 ], [ 140.66522762299999, 41.828134405 ], [ 140.665265526000013, 41.828152563 ], [ 140.665302489999988, 41.828171775 ], [ 140.665338461, 41.828192012 ], [ 140.665373391, 41.828213246 ], [ 140.665519963, 41.828289323 ], [ 140.666147771, 41.828605543 ], [ 140.666378126000012, 41.828703403 ], [ 140.666443609, 41.828722373 ], [ 140.666511636, 41.828740852 ], [ 140.66658017099999, 41.828758251 ], [ 140.666649183, 41.82877456 ], [ 140.66671864, 41.828789774 ], [ 140.666788513, 41.828803885 ], [ 140.666858768999987, 41.828816887 ], [ 140.66692937799999, 41.828828774 ], [ 140.666977371, 41.828838807 ], [ 140.667025728999988, 41.828847809 ], [ 140.667074412, 41.828855773 ], [ 140.667123379, 41.828862691 ], [ 140.667172591, 41.828868559 ], [ 140.667291893999987, 41.82888194 ], [ 140.667446425, 41.82889017 ], [ 140.667919439, 41.828896662 ], [ 140.668240770000011, 41.828909885 ], [ 140.669367926, 41.828951819 ], [ 140.669374691, 41.828772457 ], [ 140.669384102, 41.828735204 ], [ 140.669399731, 41.828715092 ], [ 140.66941810899999, 41.828696084 ], [ 140.66948405, 41.82863866 ], [ 140.669584135, 41.828560019 ], [ 140.66964235, 41.82852489 ], [ 140.66970970599999, 41.828493493 ], [ 140.669832472, 41.828445494 ], [ 140.670008915000011, 41.828381983 ], [ 140.670108077, 41.82835583 ], [ 140.670146297, 41.828348022 ], [ 140.670155971000014, 41.828346862 ], [ 140.670165766, 41.828346744 ], [ 140.670175484999987, 41.828347672 ], [ 140.670184927, 41.828349626 ], [ 140.670193899999987, 41.828352567 ], [ 140.670202222, 41.828356435 ], [ 140.67023828399999, 41.828376557 ], [ 140.670294535000011, 41.828404317 ], [ 140.670364135999989, 41.828472517 ], [ 140.67050404599999, 41.828652604 ], [ 140.670555275, 41.828699149 ], [ 140.670714878000013, 41.828804724 ], [ 140.670727806, 41.828815697 ], [ 140.670739305000012, 41.828827526 ], [ 140.670749273000013, 41.828840108 ], [ 140.670757624, 41.828853333 ], [ 140.670764283000011, 41.828867084 ], [ 140.670769193000012, 41.828881241 ], [ 140.67080546, 41.828996092 ], [ 140.670810319, 41.829008362 ], [ 140.670816946, 41.82902016 ], [ 140.670825261, 41.829031344 ], [ 140.67083516400001, 41.82904178 ], [ 140.670846536, 41.829051342 ], [ 140.67087762, 41.829065254 ], [ 140.67090962899999, 41.829077939 ], [ 140.67094247599999, 41.829089363 ], [ 140.670976072, 41.829099496 ], [ 140.671010327, 41.829108309 ], [ 140.671045147, 41.829115779 ], [ 140.67108044, 41.829121887 ], [ 140.671116108, 41.829126615 ], [ 140.67115343, 41.829131374 ], [ 140.67119045199999, 41.829137298 ], [ 140.67122711, 41.829144376 ], [ 140.67126334, 41.829152596 ], [ 140.671299076999986, 41.829161944 ], [ 140.67133426, 41.829172403 ], [ 140.67136882599999, 41.829183955 ], [ 140.671402715, 41.829196579 ], [ 140.671412170999986, 41.829199975 ], [ 140.67141442, 41.829200783 ], [ 140.671426185, 41.829204831 ], [ 140.67144935799999, 41.82921251 ], [ 140.671460767000013, 41.829216141 ], [ 140.671471759000013, 41.829219514 ], [ 140.671482752, 41.829222887 ], [ 140.671493327, 41.829226002 ], [ 140.671513169, 41.829231611 ], [ 140.671522436, 41.829234107 ], [ 140.671530808999989, 41.829236242 ], [ 140.67154661399999, 41.829240912 ], [ 140.671562993, 41.829244297 ], [ 140.67157976199999, 41.829246358 ], [ 140.671596728999987, 41.829247072 ], [ 140.671613701000012, 41.829246431 ], [ 140.671630485, 41.829244443 ], [ 140.67164689099999, 41.829241128 ], [ 140.671662731, 41.829236527 ], [ 140.671677827, 41.82923069 ], [ 140.67168561299999, 41.829226842 ], [ 140.671692006, 41.829223684 ], [ 140.671705107, 41.829215588 ], [ 140.671716981, 41.829206496 ], [ 140.67172749299999, 41.829196509 ], [ 140.67176781399999, 41.829155129 ], [ 140.671824195999989, 41.829092828 ], [ 140.671834209, 41.829080837 ], [ 140.67184563699999, 41.829069577 ], [ 140.671858386999986, 41.82905914 ], [ 140.671872352, 41.829049612 ], [ 140.67188741699999, 41.829041074 ], [ 140.671903457000013, 41.829033595 ], [ 140.671920339, 41.829027237 ], [ 140.671937925, 41.829022053 ], [ 140.671956067, 41.829018086 ], [ 140.671974616, 41.829015369 ], [ 140.671993418999989, 41.829013924 ], [ 140.67201232, 41.829013763 ], [ 140.672072315, 41.829016361 ], [ 140.672132198000014, 41.829020134 ], [ 140.672191929, 41.829025081 ], [ 140.672319117, 41.829035307 ], [ 140.672371261, 41.829043994 ], [ 140.672444028, 41.829071366 ], [ 140.67251847599999, 41.829105163 ], [ 140.672733115999989, 41.829205985 ] ] ] } },
{ "type": "Feature", "properties": { "A29_001": "01236", "A29_002": "北海道", "A29_003": "北斗市", "A29_004": 5, "A29_005": "第一種住居地域", "A29_006": 60, "A29_007": 200, "A29_008": "条件付き公開" }, "geometry": { "type": "Polygon", "coordinates": [ [ [ 140.623576361, 41.814183295 ], [ 140.623652615, 41.814392327 ], [ 140.62378501, 41.814754164 ], [ 140.623896948, 41.815095699 ], [ 140.62402454799999, 41.815443865 ], [ 140.62408923800001, 41.815616635 ], [ 140.624176541, 41.815877815 ], [ 140.624208404, 41.815973336 ], [ 140.624211909, 41.81598413 ], [ 140.624280169, 41.816137205 ], [ 140.62433207, 41.816312906 ], [ 140.624369244, 41.816412966 ], [ 140.62446709299999, 41.81667784 ], [ 140.62446883699999, 41.816682543 ], [ 140.624483403999989, 41.81671981 ], [ 140.624658608, 41.817190547 ], [ 140.62468561, 41.817265491 ], [ 140.624698601, 41.817307309 ], [ 140.624717498, 41.817358851 ], [ 140.624939778, 41.81796529 ], [ 140.624949636999986, 41.81799218 ], [ 140.625035851, 41.818226396 ], [ 140.625130407, 41.818483248 ], [ 140.625359876, 41.819109337 ], [ 140.625439725, 41.819322881 ], [ 140.62557027599999, 41.819684956 ], [ 140.625586285, 41.819730204 ], [ 140.625661740999988, 41.819936651 ], [ 140.625664930999989, 41.819944392 ], [ 140.625740243, 41.820125904 ], [ 140.625788855, 41.820217624 ], [ 140.62580943099999, 41.820255357 ], [ 140.62581393, 41.820264015 ], [ 140.628526502, 41.817048396 ], [ 140.628063352, 41.816753105 ], [ 140.627980060999988, 41.816698844 ], [ 140.627897776, 41.816643732 ], [ 140.62787334399999, 41.816627493 ], [ 140.627850037, 41.816610353 ], [ 140.62782791399999, 41.816592357 ], [ 140.62780703199999, 41.816573549 ], [ 140.627787442999988, 41.816553978 ], [ 140.62776919800001, 41.816533693 ], [ 140.627752343, 41.816512746 ], [ 140.62773692, 41.816491191 ], [ 140.62772296899999, 41.816469081 ], [ 140.627710525999987, 41.816446473 ], [ 140.627699621, 41.816423425 ], [ 140.627690282, 41.816399996 ], [ 140.627665818999986, 41.81633778 ], [ 140.627643038, 41.816275209 ], [ 140.627629739000014, 41.816237577 ], [ 140.627614826000013, 41.816200286 ], [ 140.627598314000011, 41.816163375 ], [ 140.62758022, 41.81612688 ], [ 140.627560563, 41.81609084 ], [ 140.627539363000011, 41.816055294 ], [ 140.627516641999989, 41.816020277 ], [ 140.627492425000014, 41.815985826 ], [ 140.627466735000013, 41.815951977 ], [ 140.62743960099999, 41.815918765 ], [ 140.627416248, 41.815890395 ], [ 140.627467422, 41.81585823 ], [ 140.627598377, 41.8157749 ], [ 140.627704654000013, 41.81570856 ], [ 140.627810919000012, 41.815642218 ], [ 140.627917193, 41.81557588 ], [ 140.62802346399999, 41.81550954 ], [ 140.628129808000011, 41.815443157 ], [ 140.628253543999989, 41.815365916 ], [ 140.628456583, 41.815238765 ], [ 140.628484625999988, 41.815222703 ], [ 140.62861258800001, 41.815147191 ], [ 140.628790595, 41.815010685 ], [ 140.62883748499999, 41.814974722 ], [ 140.628994874999989, 41.814854026 ], [ 140.62917977399999, 41.814712232 ], [ 140.629202889999988, 41.814694549 ], [ 140.629027938, 41.814569299 ], [ 140.628572136, 41.814230216 ], [ 140.628603340000012, 41.814210448 ], [ 140.628816405, 41.814071293 ], [ 140.629158918, 41.813847582 ], [ 140.629182406000012, 41.813832242 ], [ 140.629252794, 41.813786262 ], [ 140.629243073, 41.81377662 ], [ 140.629214117, 41.813747921 ], [ 140.629213082, 41.813725504 ], [ 140.62926712699999, 41.813681576 ], [ 140.62935282399999, 41.813611913 ], [ 140.629497262, 41.813494498 ], [ 140.629644825000014, 41.813374542 ], [ 140.629626694, 41.813363564 ], [ 140.62952977099999, 41.813304869 ], [ 140.629484555, 41.813278037 ], [ 140.629414958000012, 41.813233935 ], [ 140.62934636899999, 41.813188958 ], [ 140.62934251199999, 41.813186363 ], [ 140.629152113, 41.813055953 ], [ 140.628962949999988, 41.812924541 ], [ 140.62877503199999, 41.812792133 ], [ 140.628758776000012, 41.812780035 ], [ 140.628156143000012, 41.812309639 ], [ 140.62654175, 41.811139762 ], [ 140.62643457199999, 41.811059675 ], [ 140.626328702, 41.81097862 ], [ 140.626224154999989, 41.81089661 ], [ 140.62612094799999, 41.810813655 ], [ 140.626019093999986, 41.81072977 ], [ 140.625918609, 41.810644965 ], [ 140.625819553000014, 41.810559292 ], [ 140.625819509, 41.810559253 ], [ 140.625793558999987, 41.810536465 ], [ 140.625717538, 41.810468845 ], [ 140.62564237399999, 41.81040069 ], [ 140.62556807199999, 41.810332008 ], [ 140.62549464, 41.810262805 ], [ 140.62549179199999, 41.810260068 ], [ 140.62522092099999, 41.809997133 ], [ 140.621827517000014, 41.80670291 ], [ 140.621766318999988, 41.806643022 ], [ 140.621706655, 41.806582272 ], [ 140.621648547, 41.806520685 ], [ 140.62159201599999, 41.806458281 ], [ 140.62153708299999, 41.806395084 ], [ 140.621483766000011, 41.806331116 ], [ 140.621432086, 41.806266401 ], [ 140.621382062, 41.806200961 ], [ 140.621333709999988, 41.806134821 ], [ 140.62128705, 41.806068005 ], [ 140.62124209699999, 41.806000537 ], [ 140.621198869000011, 41.805932441 ], [ 140.62115738, 41.805863742 ], [ 140.621117645, 41.805794464 ], [ 140.62107968, 41.805724634 ], [ 140.621043498, 41.805654275 ], [ 140.621009111, 41.805583415 ], [ 140.620976533, 41.805512077 ], [ 140.620945775, 41.805440289 ], [ 140.620916848, 41.805368076 ], [ 140.620889763, 41.805295464 ], [ 140.62086453, 41.805222479 ], [ 140.620841157, 41.805149149 ], [ 140.620819653000012, 41.805075499 ], [ 140.620800026000012, 41.805001556 ], [ 140.620782284, 41.804927347 ], [ 140.62076643099999, 41.804852899 ], [ 140.620752474999989, 41.804778239 ], [ 140.62074042, 41.804703393 ], [ 140.620730271000014, 41.80462839 ], [ 140.62072203, 41.804553256 ], [ 140.620715702000012, 41.804478018 ], [ 140.620711289000013, 41.804402703 ], [ 140.620708791999988, 41.804327339 ], [ 140.62070821099999, 41.804251954 ], [ 140.620706713, 41.803697728 ], [ 140.620384284000011, 41.80366128 ], [ 140.62022513299999, 41.803643289 ], [ 140.619945546999986, 41.803574857 ], [ 140.61984280199999, 41.803573279 ], [ 140.619774267, 41.803556311 ], [ 140.619743975, 41.803645938 ], [ 140.619672673, 41.803856982 ], [ 140.61966365699999, 41.803883663 ], [ 140.619663575, 41.803883904 ], [ 140.61963904000001, 41.803956527 ], [ 140.619661822000012, 41.803981719 ], [ 140.619701082, 41.80402013 ], [ 140.619834335, 41.804132777 ], [ 140.619978648, 41.804301943 ], [ 140.620070313000014, 41.804473458 ], [ 140.620193771, 41.804745007 ], [ 140.620266163, 41.804954906 ], [ 140.62032632099999, 41.805123749 ], [ 140.620372174000011, 41.805245293 ], [ 140.620373887999989, 41.805252482 ], [ 140.62038916899999, 41.805293861 ], [ 140.62039943799999, 41.805321534 ], [ 140.62039950799999, 41.805321726 ], [ 140.620428105, 41.805399149 ], [ 140.62046350899999, 41.805494849 ], [ 140.620498954999988, 41.805587604 ], [ 140.620534574, 41.805687155 ], [ 140.620538071999988, 41.805696619 ], [ 140.620561262, 41.805759342 ], [ 140.620603225, 41.805872135 ], [ 140.62068615199999, 41.806140933 ], [ 140.62077355, 41.806437665 ], [ 140.620789331999987, 41.806486552 ], [ 140.620855686999988, 41.806711084 ], [ 140.62089229, 41.806824752 ], [ 140.62096997, 41.807070534 ], [ 140.620980014, 41.807101997 ], [ 140.621000842, 41.80716785 ], [ 140.62110536099999, 41.807498258 ], [ 140.621146355, 41.80762786 ], [ 140.621189816, 41.807737372 ], [ 140.621492589000013, 41.808498638 ], [ 140.62205229, 41.810027161 ], [ 140.622065066, 41.810061606 ], [ 140.622141355, 41.810268987 ], [ 140.622178588999986, 41.810369765 ], [ 140.622189655, 41.810399731 ], [ 140.622204555, 41.81043316 ], [ 140.622263342999986, 41.810563733 ], [ 140.62227818400001, 41.810605447 ], [ 140.622341342, 41.810777286 ], [ 140.622386498, 41.810905873 ], [ 140.622527453, 41.811224995 ], [ 140.622526728, 41.811225145 ], [ 140.622532624, 41.811240826 ], [ 140.622541137000013, 41.811260193 ], [ 140.622546281000012, 41.811292169 ], [ 140.622570352, 41.811441714 ], [ 140.62268860399999, 41.811763952 ], [ 140.622697776, 41.811788954 ], [ 140.622767861, 41.811949137 ], [ 140.622775351, 41.811966266 ], [ 140.622805812, 41.812103059 ], [ 140.622813893999989, 41.812139328 ], [ 140.622813906, 41.812139383 ], [ 140.622877619, 41.812313048 ], [ 140.622976195, 41.812479576 ], [ 140.623039909999989, 41.812653241 ], [ 140.623048641, 41.812747577 ], [ 140.623049971, 41.812790037 ], [ 140.623052978, 41.812794612 ], [ 140.623053042, 41.812795388 ], [ 140.623056392, 41.812838711 ], [ 140.623155247, 41.813003366 ], [ 140.623195586, 41.813182788 ], [ 140.623213397, 41.813228013 ], [ 140.62325989499999, 41.813354819 ], [ 140.623260456, 41.81335635 ], [ 140.623291265, 41.813405593 ], [ 140.623356300000012, 41.813516161 ], [ 140.623374081, 41.81355836 ], [ 140.62337305599999, 41.813593147 ], [ 140.62344741199999, 41.813797914 ], [ 140.623457158, 41.813845001 ], [ 140.623457594, 41.813846815 ], [ 140.62346524899999, 41.813878705 ], [ 140.623576361, 41.814183295 ] ] ] } },
{ "type": "Feature", "properties": { "A29_001": "01236", "A29_002": "北海道", "A29_003": "北斗市", "A29_004": 5, "A29_005": "第一種住居地域", "A29_006": 60, "A29_007": 200, "A29_008": "条件付き公開" }, "geometry": { "type": "Polygon", "coordinates": [ [ [ 140.705072795, 41.81863963 ], [ 140.705107375000011, 41.818627338 ], [ 140.705228086, 41.818586462 ], [ 140.70719914099999, 41.820415642 ], [ 140.708347475000011, 41.821508745 ], [ 140.710143867999989, 41.819838967 ], [ 140.71236596899999, 41.817752585 ], [ 140.71514380799999, 41.81512711 ], [ 140.715763462000012, 41.814909912 ], [ 140.716875671999986, 41.814520647 ], [ 140.717311432, 41.814369573 ], [ 140.71726997499999, 41.814329055 ], [ 140.716759352, 41.813829641 ], [ 140.716662079, 41.813831792 ], [ 140.716576890999988, 41.813781003 ], [ 140.715689004000012, 41.814616309 ], [ 140.71562733, 41.814579821 ], [ 140.715602501, 41.814565137 ], [ 140.715453669, 41.814466784 ], [ 140.715443483, 41.814474704 ], [ 140.715046746000013, 41.814139562 ], [ 140.71498148399999, 41.814084423 ], [ 140.71447844, 41.81366326 ], [ 140.71382366899999, 41.813107879 ], [ 140.713764838, 41.813058045 ], [ 140.71365373, 41.81296602 ], [ 140.713263645000012, 41.812635969 ], [ 140.71320475600001, 41.812586341 ], [ 140.71292473, 41.812351308 ], [ 140.71277162199999, 41.812222796 ], [ 140.712661997999987, 41.812130782 ], [ 140.712598211, 41.812077249 ], [ 140.71257416899999, 41.812091149 ], [ 140.710782107999989, 41.813130555 ], [ 140.710753766000011, 41.813146993 ], [ 140.71068735, 41.813071582 ], [ 140.71012044, 41.813400372 ], [ 140.709629519, 41.813684249 ], [ 140.709178978000011, 41.813906386 ], [ 140.703977318, 41.816470793 ], [ 140.703921189999988, 41.816500598 ], [ 140.703343421999989, 41.81679825 ], [ 140.703417331999987, 41.816869501 ], [ 140.703063637000014, 41.817051713 ], [ 140.702335940000012, 41.817400765 ], [ 140.70234496899999, 41.817411091 ], [ 140.702367188000011, 41.817400766 ], [ 140.702726106, 41.817827358 ], [ 140.702896818, 41.818038393 ], [ 140.70306561699999, 41.817967557 ], [ 140.703167293, 41.818119687 ], [ 140.703761035000014, 41.819008204 ], [ 140.703808400000014, 41.819079081 ], [ 140.703876734, 41.819055675 ], [ 140.704257522, 41.818927571 ], [ 140.704696332, 41.818773009 ], [ 140.705072795, 41.81863963 ] ] ] } },
{ "type": "Feature", "properties": { "A29_001": "01236", "A29_002": "北海道", "A29_003": "北斗市", "A29_004": 5, "A29_005": "第一種住居地域", "A29_006": 60, "A29_007": 200, "A29_008": "条件付き公開" }, "geometry": { "type": "Polygon", "coordinates": [ [ [ 140.666740121, 41.823582713 ], [ 140.66670910799999, 41.822846055 ], [ 140.666578675000011, 41.822845944 ], [ 140.666528465, 41.822843939 ], [ 140.666419063, 41.822839582 ], [ 140.666289228000011, 41.822834409 ], [ 140.66624108900001, 41.82283254 ], [ 140.666038746999988, 41.822824667 ], [ 140.66583369599999, 41.822816921 ], [ 140.665648056, 41.822813867 ], [ 140.66545875700001, 41.822810754 ], [ 140.66543685799999, 41.822810392 ], [ 140.665422881000012, 41.822810163 ], [ 140.66523650100001, 41.822806067 ], [ 140.66503505899999, 41.822801638 ], [ 140.66493515799999, 41.822807114 ], [ 140.664844362999986, 41.822798547 ], [ 140.664758957, 41.82280054 ], [ 140.66458916900001, 41.822804495 ], [ 140.664419392000013, 41.82280845 ], [ 140.664249603, 41.822812413 ], [ 140.664088564, 41.822816165 ], [ 140.66407982199999, 41.822815773 ], [ 140.663917532999989, 41.822808481 ], [ 140.6638738, 41.822810413 ], [ 140.663474503, 41.822760253 ], [ 140.663478822, 41.8228141 ], [ 140.663159611999987, 41.822816449 ], [ 140.663064412000011, 41.822817152 ], [ 140.663009598, 41.822801278 ], [ 140.662888356, 41.822812547 ], [ 140.66271244699999, 41.822810065 ], [ 140.662625493, 41.822809082 ], [ 140.662640934, 41.822527921 ], [ 140.66244138, 41.822508048 ], [ 140.662107221000014, 41.822474774 ], [ 140.66198705, 41.822463474 ], [ 140.661957703000013, 41.822733466 ], [ 140.661716825000013, 41.822721267 ], [ 140.661726355000013, 41.822677644 ], [ 140.66150232199999, 41.822658623 ], [ 140.661310246999989, 41.822641133 ], [ 140.66122414899999, 41.822625226 ], [ 140.66118033399999, 41.822625573 ], [ 140.661079308000012, 41.822626376 ], [ 140.66093832199999, 41.822611071 ], [ 140.660784326999988, 41.822594363 ], [ 140.660400180000011, 41.822561696 ], [ 140.660345807, 41.822558064 ], [ 140.660192708000011, 41.822545971 ], [ 140.660010680999989, 41.822531604 ], [ 140.65983323, 41.822517589 ], [ 140.659588609999986, 41.822499934 ], [ 140.659499829, 41.822493525 ], [ 140.659343713999988, 41.822482252 ], [ 140.659283603, 41.822477217 ], [ 140.658966878, 41.822393414 ], [ 140.658937968, 41.822384621 ], [ 140.658827104000011, 41.822350883 ], [ 140.658778076, 41.822335968 ], [ 140.658727956, 41.822334778 ], [ 140.65861904799999, 41.822332187 ], [ 140.658484953999988, 41.822328992 ], [ 140.658439413, 41.82232856 ], [ 140.658338334, 41.822326634 ], [ 140.65807462399999, 41.822276756 ], [ 140.65788889, 41.822241609 ], [ 140.657693587000011, 41.822221578 ], [ 140.657710121, 41.822162039 ], [ 140.657542895, 41.822142961 ], [ 140.657528336000013, 41.822193156 ], [ 140.65739106699999, 41.822169667 ], [ 140.65726447599999, 41.822148004 ], [ 140.656976587, 41.822098741 ], [ 140.65702005599999, 41.821941602 ], [ 140.656955302999989, 41.821935421 ], [ 140.656740786, 41.821914944 ], [ 140.656723914, 41.821993446 ], [ 140.65650591, 41.821926097 ], [ 140.65619071399999, 41.821826174 ], [ 140.65597748799999, 41.821758582 ], [ 140.654007826, 41.822261886 ], [ 140.653944978999988, 41.822263873 ], [ 140.653828793, 41.822267546 ], [ 140.653427389, 41.822086026 ], [ 140.65301926399999, 41.821901471 ], [ 140.653439799000012, 41.822297042 ], [ 140.653537336999989, 41.822361241 ], [ 140.653636123000013, 41.822424363 ], [ 140.653736135, 41.822486395 ], [ 140.653837352000011, 41.822547324 ], [ 140.653939753, 41.822607136 ], [ 140.654043315, 41.822665819 ], [ 140.65414801599999, 41.82272336 ], [ 140.654206417000012, 41.822749602 ], [ 140.654265702, 41.82277471 ], [ 140.65432583, 41.82279867 ], [ 140.65438676299999, 41.822821465 ], [ 140.654448459, 41.82284308 ], [ 140.654510878, 41.822863501 ], [ 140.65457397899999, 41.822882714 ], [ 140.654637720000011, 41.822900706 ], [ 140.654702058999987, 41.822917466 ], [ 140.654785457, 41.822934338 ], [ 140.654869209, 41.8229502 ], [ 140.654953293, 41.822965047 ], [ 140.655077533999986, 41.822983359 ], [ 140.65520208699999, 41.823000446 ], [ 140.655326929000012, 41.823016307 ], [ 140.65545204, 41.823030938 ], [ 140.655577397, 41.823044337 ], [ 140.655778774, 41.823066654 ], [ 140.657251909, 41.823251837 ], [ 140.658255913, 41.823372561 ], [ 140.65905039099999, 41.823476572 ], [ 140.659716742, 41.823557004 ], [ 140.659761137, 41.823395917 ], [ 140.659764123, 41.823384687 ], [ 140.659793114, 41.823275822 ], [ 140.65981231, 41.823203715 ], [ 140.659991493, 41.823227882 ], [ 140.66020998799999, 41.823255582 ], [ 140.66047918000001, 41.823287705 ], [ 140.660650527, 41.823303506 ], [ 140.66084827099999, 41.823317073 ], [ 140.661033124, 41.823330651 ], [ 140.661785705999989, 41.82338121 ], [ 140.662181549, 41.823397959 ], [ 140.664596057000011, 41.82352843 ], [ 140.66490949300001, 41.823548206 ], [ 140.665445134, 41.823569854 ], [ 140.66572787699999, 41.823577066 ], [ 140.665924974, 41.823581851 ], [ 140.6661061, 41.82358427 ], [ 140.66635889599999, 41.823583734 ], [ 140.666512399999988, 41.82358395 ], [ 140.666728107000012, 41.823583074 ], [ 140.666740121, 41.823582713 ] ] ] } },
{ "type": "Feature", "properties": { "A29_001": "01236", "A29_002": "北海道", "A29_003": "北斗市", "A29_004": 5, "A29_005": "第一種住居地域", "A29_006": 60, "A29_007": 200, "A29_008": "条件付き公開" }, "geometry": { "type": "Polygon", "coordinates": [ [ [ 140.638557958, 41.823953061 ], [ 140.638580026, 41.823957425 ], [ 140.638785119, 41.823997772 ], [ 140.63880838, 41.82400234 ], [ 140.639334171, 41.824107169 ], [ 140.63967581899999, 41.824174557 ], [ 140.639846952, 41.824207195 ], [ 140.639897436000012, 41.824216848 ], [ 140.640016653, 41.824240223 ], [ 140.640079003000011, 41.824185473 ], [ 140.640343933, 41.823961151 ], [ 140.640446856000011, 41.823659343 ], [ 140.64044707799999, 41.823658691 ], [ 140.640461466, 41.823647207 ], [ 140.64046446, 41.823644711 ], [ 140.64043281, 41.823618491 ], [ 140.64043434300001, 41.82361727 ], [ 140.640488577000013, 41.823568237 ], [ 140.639525283000012, 41.823069946 ], [ 140.639493409000011, 41.823054324 ], [ 140.639316900000011, 41.822923352 ], [ 140.63928860499999, 41.82290236 ], [ 140.639285787, 41.822900272 ], [ 140.63898288199999, 41.82267558 ], [ 140.63897927799999, 41.822672909 ], [ 140.638960886, 41.822659195 ], [ 140.638955928, 41.822655502 ], [ 140.63876635, 41.822514832 ], [ 140.63850586699999, 41.822399451 ], [ 140.638253316, 41.822287581 ], [ 140.63809726299999, 41.822210446 ], [ 140.637911628000012, 41.822483172 ], [ 140.637841683, 41.822585921 ], [ 140.63758385700001, 41.822964672 ], [ 140.63755877599999, 41.823001512 ], [ 140.637573454, 41.823008107 ], [ 140.637604505000013, 41.823023166 ], [ 140.637161176, 41.823582292 ], [ 140.637572573999989, 41.823756505 ], [ 140.63780606899999, 41.823803727 ], [ 140.638032736000014, 41.823848358 ], [ 140.63826333599999, 41.82389444 ], [ 140.638557958, 41.823953061 ] ] ] } },
{ "type": "Feature", "properties": { "A29_001": "01236", "A29_002": "北海道", "A29_003": "北斗市", "A29_004": 5, "A29_005": "第一種住居地域", "A29_006": 60, "A29_007": 200, "A29_008": "条件付き公開" }, "geometry": { "type": "Polygon", "coordinates": [ [ [ 140.648580669000012, 41.823846524 ], [ 140.648797456000011, 41.823921407 ], [ 140.649042869999988, 41.823992679 ], [ 140.6492869, 41.82405405 ], [ 140.649628643999989, 41.824129397 ], [ 140.64990233099999, 41.824178328 ], [ 140.650138016, 41.824213974 ], [ 140.65055804, 41.82427473 ], [ 140.65186297599999, 41.824470731 ], [ 140.652228009999988, 41.824525556 ], [ 140.652237114, 41.824526923 ], [ 140.654137572, 41.824815681 ], [ 140.655162193, 41.824977569 ], [ 140.655766782, 41.825097352 ], [ 140.65623227399999, 41.82518881 ], [ 140.656895913, 41.825298924 ], [ 140.65820402899999, 41.825501447 ], [ 140.659126382000011, 41.825644236 ], [ 140.65954907, 41.825704769 ], [ 140.65984257, 41.825743701 ], [ 140.661026085, 41.825861569 ], [ 140.661278962000011, 41.825891729 ], [ 140.66148753499999, 41.825921326 ], [ 140.662796324, 41.826124897 ], [ 140.663476298, 41.826244639 ], [ 140.663728307000014, 41.826289203 ], [ 140.66432596300001, 41.826356111 ], [ 140.664342957, 41.826359201 ], [ 140.665602202, 41.826549953 ], [ 140.665628833999989, 41.826553999 ], [ 140.66565197, 41.826557517 ], [ 140.66568450599999, 41.826562441 ], [ 140.667631712, 41.826857289 ], [ 140.66796505, 41.826905362 ], [ 140.668081416, 41.826916311 ], [ 140.668197995000014, 41.826925913 ], [ 140.668314758, 41.826934166 ], [ 140.66843167799999, 41.826941068 ], [ 140.668548726000012, 41.826946617 ], [ 140.668665874999988, 41.826950812 ], [ 140.668783096999988, 41.826953653 ], [ 140.668900364, 41.826955138 ], [ 140.669183083, 41.826963651 ], [ 140.669502705000014, 41.826963474 ], [ 140.669836342, 41.826952711 ], [ 140.670117683, 41.826934484 ], [ 140.67183555599999, 41.826784571 ], [ 140.672754887999986, 41.826704385 ], [ 140.67346494899999, 41.826636309 ], [ 140.673864522, 41.82660242 ], [ 140.675360094000013, 41.826480648 ], [ 140.67691772399999, 41.826350701 ], [ 140.679431252, 41.826139457 ], [ 140.679849499, 41.826090621 ], [ 140.681530466999988, 41.825901442 ], [ 140.68247256699999, 41.825791469 ], [ 140.682929107, 41.82574055 ], [ 140.68290409, 41.825576024 ], [ 140.682652123999986, 41.823917295 ], [ 140.682554114999988, 41.823076145 ], [ 140.682214679, 41.823151994 ], [ 140.681613786000014, 41.823270699 ], [ 140.681275007000011, 41.823332351 ], [ 140.680964155999987, 41.823385199 ], [ 140.680670986, 41.823431283 ], [ 140.680375195000011, 41.823473287 ], [ 140.679761823, 41.823559489 ], [ 140.676293493, 41.823932859 ], [ 140.675807392, 41.823977209 ], [ 140.675597732999989, 41.82399324 ], [ 140.675256967, 41.824010163 ], [ 140.674245942, 41.824050193 ], [ 140.674479459999986, 41.825297147 ], [ 140.67438108799999, 41.825313127 ], [ 140.674183465, 41.825345228 ], [ 140.674094587000013, 41.825347113 ], [ 140.674013304, 41.825348836 ], [ 140.673766551999989, 41.825384859 ], [ 140.67352198899999, 41.824078852 ], [ 140.671335021, 41.824165399 ], [ 140.66675006599999, 41.824303324 ], [ 140.66651410599999, 41.824304283 ], [ 140.66635935299999, 41.824304064 ], [ 140.666098870000013, 41.824304617 ], [ 140.665900757, 41.824301972 ], [ 140.665695844999988, 41.824296997 ], [ 140.66540274, 41.82428952 ], [ 140.664843026, 41.824266899 ], [ 140.664520893, 41.824246575 ], [ 140.662119647999987, 41.824116821 ], [ 140.661715418999989, 41.824099716 ], [ 140.66094299, 41.824047825 ], [ 140.660757229000012, 41.82403418 ], [ 140.660547602, 41.824019798 ], [ 140.660344361999989, 41.824001055 ], [ 140.660053661, 41.823966366 ], [ 140.65982624599999, 41.823937534 ], [ 140.659635992, 41.823912081 ], [ 140.658970525, 41.823831756 ], [ 140.658176191, 41.823727763 ], [ 140.657173796, 41.823607233 ], [ 140.655703579, 41.823422417 ], [ 140.655509588, 41.823400918 ], [ 140.655378531, 41.823386885 ], [ 140.65524773199999, 41.823371569 ], [ 140.65511721199999, 41.823354972 ], [ 140.654986994000012, 41.823337099 ], [ 140.654857099999987, 41.823317951 ], [ 140.65484646199999, 41.823316235 ], [ 140.654754801, 41.823300051 ], [ 140.654663502, 41.82328276 ], [ 140.654572588, 41.823264367 ], [ 140.65454956100001, 41.82325909 ], [ 140.654481097, 41.82324133 ], [ 140.654413201000011, 41.823222388 ], [ 140.654345909999989, 41.823202276 ], [ 140.65427925899999, 41.823181003 ], [ 140.654213284, 41.823158582 ], [ 140.654148021, 41.823135025 ], [ 140.654083504999988, 41.823110344 ], [ 140.65401977, 41.823084552 ], [ 140.653956851, 41.823057663 ], [ 140.65389478, 41.823029692 ], [ 140.653865771999989, 41.823015161 ], [ 140.653763223999988, 41.822958865 ], [ 140.653661711000012, 41.822901531 ], [ 140.653561251000013, 41.822843167 ], [ 140.65346186299999, 41.822783787 ], [ 140.653363563999989, 41.8227234 ], [ 140.653266374, 41.822662017 ], [ 140.65317031, 41.82259965 ], [ 140.65301355299999, 41.822504046 ], [ 140.65251214, 41.822191783 ], [ 140.652428308999987, 41.822145666 ], [ 140.652343537, 41.822100523 ], [ 140.65225784399999, 41.822056364 ], [ 140.65217124899999, 41.8220132 ], [ 140.651494178, 41.82170126 ], [ 140.649643168000011, 41.820845563 ], [ 140.649308469, 41.82069265 ], [ 140.649179003, 41.820629927 ], [ 140.648587765, 41.820364641 ], [ 140.648587402, 41.820364479 ], [ 140.647722829, 41.819977312 ], [ 140.64734219499999, 41.819806211 ], [ 140.647221519999988, 41.819752568 ], [ 140.647099983, 41.819700025 ], [ 140.64697760199999, 41.819648589 ], [ 140.646854394, 41.81959827 ], [ 140.64673037899999, 41.819549074 ], [ 140.646605574, 41.819501008 ], [ 140.646479999, 41.81945408 ], [ 140.64635367, 41.819408296 ], [ 140.646226608, 41.819363663 ], [ 140.64609883, 41.819320188 ], [ 140.64597035599999, 41.819277878 ], [ 140.64584120399999, 41.819236737 ], [ 140.645711393999989, 41.819196773 ], [ 140.645709603, 41.819196225 ], [ 140.64523827299999, 41.819051967 ], [ 140.643759210000013, 41.818613062 ], [ 140.643759057000011, 41.818613017 ], [ 140.64270374099999, 41.818299528 ], [ 140.642511528999989, 41.818242458 ], [ 140.642231063, 41.818797408 ], [ 140.64382833799999, 41.819207846 ], [ 140.644809735, 41.819455432 ], [ 140.645428455, 41.819598946 ], [ 140.645432164, 41.819628573 ], [ 140.645458773, 41.819841035 ], [ 140.645468588999989, 41.819920248 ], [ 140.645490045, 41.819975901 ], [ 140.645524063000011, 41.820064124 ], [ 140.645571796000013, 41.820187906 ], [ 140.645616569, 41.820303992 ], [ 140.645646339, 41.82038121 ], [ 140.645300897, 41.820395483 ], [ 140.645294984, 41.820324667 ], [ 140.645277838999988, 41.820129634 ], [ 140.644587352, 41.819969474 ], [ 140.643595620000013, 41.819719281 ], [ 140.641975545, 41.819302983 ], [ 140.64186395499999, 41.819523776 ], [ 140.641945384, 41.819574162 ], [ 140.641946087, 41.819573088 ], [ 140.642174102000013, 41.819672905 ], [ 140.642226310000012, 41.81970299 ], [ 140.642291177, 41.81974037 ], [ 140.642310565, 41.819749606 ], [ 140.642700029999986, 41.819935202 ], [ 140.64274404, 41.819951314 ], [ 140.64305853, 41.820066464 ], [ 140.643038182, 41.820118696 ], [ 140.642965325, 41.820196237 ], [ 140.64281191399999, 41.820358433 ], [ 140.642757542999988, 41.820415741 ], [ 140.642866477000013, 41.820474229 ], [ 140.643309698, 41.820731224 ], [ 140.64357191799999, 41.820896094 ], [ 140.643925126999989, 41.821137096 ], [ 140.64399422, 41.821176118 ], [ 140.644104035999987, 41.821240662 ], [ 140.644260866, 41.821335838 ], [ 140.645534731, 41.822108613 ], [ 140.646577731, 41.822742966 ], [ 140.647677877, 41.823407456 ], [ 140.647880703999988, 41.823522368 ], [ 140.64810023699999, 41.823632899 ], [ 140.648333876, 41.823746893 ], [ 140.648580669000012, 41.823846524 ] ] ] } },
{ "type": "Feature", "properties": { "A29_001": "01236", "A29_002": "北海道", "A29_003": "北斗市", "A29_004": 5, "A29_005": "第一種住居地域", "A29_006": 60, "A29_007": 200, "A29_008": "条件付き公開" }, "geometry": { "type": "Polygon", "coordinates": [ [ [ 140.704259742, 41.826219388 ], [ 140.70467844, 41.826470068 ], [ 140.705005019999987, 41.82666065 ], [ 140.705774681, 41.827123926 ], [ 140.705996954, 41.827245777 ], [ 140.70635542, 41.82745716 ], [ 140.706780731, 41.827729633 ], [ 140.707771716, 41.828325819 ], [ 140.707774919, 41.828328597 ], [ 140.707801644999989, 41.828282562 ], [ 140.708639299, 41.82727175 ], [ 140.708700217, 41.82719862 ], [ 140.70876833, 41.827117122 ], [ 140.70960644499999, 41.826104531 ], [ 140.709616591000014, 41.826109263 ], [ 140.709907143, 41.825741139 ], [ 140.709931676, 41.825709617 ], [ 140.709986305, 41.825639316 ], [ 140.710229346, 41.825326452 ], [ 140.710499865, 41.824970443 ], [ 140.710493386, 41.824964504 ], [ 140.710300409000013, 41.824795503 ], [ 140.71015754699999, 41.824670385 ], [ 140.710149831, 41.824663627 ], [ 140.710150741, 41.824663038 ], [ 140.71012996499999, 41.824644681 ], [ 140.71007525499999, 41.824596358 ], [ 140.710052152, 41.824575957 ], [ 140.709974364, 41.824507251 ], [ 140.709896576, 41.824438528 ], [ 140.70981877599999, 41.824369804 ], [ 140.709740989000011, 41.824301098 ], [ 140.709663225000014, 41.824232356 ], [ 140.709605278, 41.82418238 ], [ 140.70958547399999, 41.824163623 ], [ 140.70950769800001, 41.82409489 ], [ 140.709429935, 41.824026147 ], [ 140.70935154899999, 41.823957813 ], [ 140.70915961899999, 41.82378795 ], [ 140.708975216999988, 41.823949079 ], [ 140.70891128299999, 41.824004585 ], [ 140.708695583, 41.824192887 ], [ 140.708592836, 41.824116653 ], [ 140.708532737000013, 41.824072052 ], [ 140.708101449999987, 41.824472013 ], [ 140.708034013, 41.824534573 ], [ 140.70729629499999, 41.82407415 ], [ 140.706617368, 41.824712225 ], [ 140.706401782, 41.824613309 ], [ 140.70625515099999, 41.824544397 ], [ 140.706112985, 41.824477755 ], [ 140.704259742, 41.826219388 ] ] ] } },
{ "type": "Feature", "properties": { "A29_001": "01236", "A29_002": "北海道", "A29_003": "北斗市", "A29_004": 5, "A29_005": "第一種住居地域", "A29_006": 60, "A29_007": 200, "A29_008": "条件付き公開" }, "geometry": { "type": "Polygon", "coordinates": [ [ [ 140.675282466, 41.855088754 ], [ 140.675279397, 41.855103559 ], [ 140.675257034999987, 41.8552323 ], [ 140.675201988999987, 41.855563247 ], [ 140.67519753, 41.855590096 ], [ 140.675194626, 41.855606269 ], [ 140.675183524, 41.855672581 ], [ 140.676436837000011, 41.855817111 ], [ 140.676590374999989, 41.855341366 ], [ 140.67682452599999, 41.85463455 ], [ 140.676974937000011, 41.854180727 ], [ 140.677100239999987, 41.853802489 ], [ 140.677149355000012, 41.853660245 ], [ 140.67717940899999, 41.8535665 ], [ 140.677203709, 41.85349418 ], [ 140.677223266999988, 41.853424489 ], [ 140.677235913, 41.853369795 ], [ 140.677244480000013, 41.853325138 ], [ 140.677251297999987, 41.853281719 ], [ 140.67725726099999, 41.853235432 ], [ 140.677260663, 41.853195817 ], [ 140.677262359999986, 41.853170052 ], [ 140.677264003, 41.853076189 ], [ 140.677263965, 41.853070509 ], [ 140.677262425, 41.853017293 ], [ 140.677258794000011, 41.852968809 ], [ 140.677254261, 41.852927115 ], [ 140.677247435999988, 41.852879207 ], [ 140.677237229000013, 41.852823685 ], [ 140.677123378, 41.85230753 ], [ 140.676231123, 41.852208397 ], [ 140.676206122999986, 41.852319691 ], [ 140.67617127599999, 41.852474899 ], [ 140.67609976599999, 41.852793549 ], [ 140.675938174, 41.852781113 ], [ 140.67567988799999, 41.852758226 ], [ 140.675579469000013, 41.853302759 ], [ 140.675454273000014, 41.854113281 ], [ 140.675421607, 41.854301733 ], [ 140.675392378, 41.854469004 ], [ 140.67532338, 41.85485805 ], [ 140.675282466, 41.855088754 ] ] ] } },
{ "type": "Feature", "properties": { "A29_001": "01236", "A29_002": "北海道", "A29_003": "北斗市", "A29_004": 5, "A29_005": "第一種住居地域", "A29_006": 60, "A29_007": 200, "A29_008": "条件付き公開" }, "geometry": { "type": "Polygon", "coordinates": [ [ [ 140.673661505000013, 41.855561241 ], [ 140.673209479, 41.855508946 ], [ 140.673059286000012, 41.855491563 ], [ 140.673023934000014, 41.855487479 ], [ 140.672992126, 41.855483679 ], [ 140.672963495, 41.855480255 ], [ 140.672949695, 41.855478595 ], [ 140.672913002, 41.855643218 ], [ 140.672609572, 41.855592705 ], [ 140.67257757199999, 41.855702539 ], [ 140.672571094, 41.855724785 ], [ 140.67244465600001, 41.855698958 ], [ 140.672410345, 41.855691953 ], [ 140.67231531499999, 41.855680462 ], [ 140.67223883599999, 41.855671199 ], [ 140.672207648000011, 41.855657474 ], [ 140.672187968, 41.855803846 ], [ 140.672068614000011, 41.856577148 ], [ 140.67203262000001, 41.856829001 ], [ 140.672672729, 41.856908675 ], [ 140.672679609, 41.856879115 ], [ 140.67274453600001, 41.85688952 ], [ 140.67298307499999, 41.856920984 ], [ 140.67361081300001, 41.8569996 ], [ 140.67378994, 41.856144876 ], [ 140.67388395399999, 41.856120975 ], [ 140.673661505000013, 41.855561241 ] ] ] } },
{ "type": "Feature", "properties": { "A29_001": "01236", "A29_002": "北海道", "A29_003": "北斗市", "A29_004": 5, "A29_005": "第一種住居地域", "A29_006": 60, "A29_007": 200, "A29_008": "条件付き公開" }, "geometry": { "type": "Polygon", "coordinates": [ [ [ 140.63312702499999, 41.88429862 ], [ 140.63390426, 41.884492857 ], [ 140.634209097, 41.883825653 ], [ 140.635039946, 41.881939334 ], [ 140.632688236, 41.881506351 ], [ 140.63232353399999, 41.88147124 ], [ 140.63202213400001, 41.881455217 ], [ 140.629740962, 41.881460115 ], [ 140.629271125, 41.882542686 ], [ 140.629272406000013, 41.882759242 ], [ 140.630198506, 41.882981213 ], [ 140.630299208999986, 41.883069356 ], [ 140.630089451, 41.883512081 ], [ 140.629764388000012, 41.883427989 ], [ 140.629453465000012, 41.884060975 ], [ 140.629419809000012, 41.884189683 ], [ 140.629415284, 41.884255833 ], [ 140.62943057699999, 41.884347637 ], [ 140.62947524, 41.884417298 ], [ 140.629524885, 41.884497966 ], [ 140.62958427699999, 41.884563905 ], [ 140.62966327, 41.884618757 ], [ 140.629752053, 41.884666227 ], [ 140.62986046, 41.884706285 ], [ 140.629978679, 41.884742635 ], [ 140.630549801, 41.884873015 ], [ 140.631054545000012, 41.88376174 ], [ 140.631778204999989, 41.883958399 ], [ 140.632515888, 41.884142421 ], [ 140.632550122, 41.884155919 ], [ 140.63312702499999, 41.88429862 ] ] ] } },
{ "type": "Feature", "properties": { "A29_001": "01236", "A29_002": "北海道", "A29_003": "北斗市", "A29_004": 5, "A29_005": "第一種住居地域", "A29_006": 60, "A29_007": 200, "A29_008": "条件付き公開" }, "geometry": { "type": "Polygon", "coordinates": [ [ [ 140.639994381, 41.878151255 ], [ 140.640119497, 41.87794664 ], [ 140.640196721, 41.877685538 ], [ 140.639739047, 41.877706478 ], [ 140.63828454, 41.877794257 ], [ 140.638042148000011, 41.8778132 ], [ 140.637806841000014, 41.877858009 ], [ 140.63769963499999, 41.877889441 ], [ 140.637529994, 41.877945158 ], [ 140.637465359, 41.877934993 ], [ 140.636369409999986, 41.877875152 ], [ 140.63617197799999, 41.877961102 ], [ 140.636097353999986, 41.877993336 ], [ 140.63605552300001, 41.87801139 ], [ 140.63531348399999, 41.877539597 ], [ 140.635286928, 41.877579416 ], [ 140.63525858599999, 41.877619623 ], [ 140.635252536, 41.877629412 ], [ 140.635152834, 41.877792048 ], [ 140.635559252, 41.878046107 ], [ 140.635735172000011, 41.878155206 ], [ 140.63578887599999, 41.878188511 ], [ 140.635792724, 41.878190898 ], [ 140.635945467, 41.878289959 ], [ 140.636219509, 41.878492115 ], [ 140.63659428599999, 41.878834873 ], [ 140.636599456999988, 41.878840293 ], [ 140.636647364999988, 41.878891597 ], [ 140.636660997, 41.878906275 ], [ 140.636723589000013, 41.878973667 ], [ 140.636814514, 41.879073394 ], [ 140.63693371799999, 41.879203371 ], [ 140.63705020399999, 41.879333465 ], [ 140.637070348, 41.879356125 ], [ 140.637158871999986, 41.879455702 ], [ 140.637231587, 41.879534423 ], [ 140.637293226, 41.879602464 ], [ 140.63737081, 41.879689385 ], [ 140.637391917, 41.879712492 ], [ 140.637423305999988, 41.879746855 ], [ 140.637476908, 41.879805568 ], [ 140.637478557, 41.879807638 ], [ 140.63748020599999, 41.879809707 ], [ 140.63762762499999, 41.879979661 ], [ 140.637671458, 41.880035063 ], [ 140.637698938999989, 41.880071495 ], [ 140.63771728, 41.880096963 ], [ 140.637739758, 41.880129662 ], [ 140.637752901, 41.880149732 ], [ 140.63776138099999, 41.880162682 ], [ 140.637782141, 41.88019601 ], [ 140.637802029999989, 41.880229633 ], [ 140.63782104, 41.880263539 ], [ 140.637839165, 41.880297715 ], [ 140.637856397, 41.880332147 ], [ 140.637872730999987, 41.880366823 ], [ 140.63788419799999, 41.880392769 ], [ 140.637888159, 41.88040173 ], [ 140.637900836, 41.880432404 ], [ 140.637901749, 41.880434436 ], [ 140.637910288, 41.880456584 ], [ 140.63791573200001, 41.880470702 ], [ 140.637920908000012, 41.880485131 ], [ 140.637927937, 41.880504726 ], [ 140.637936765, 41.880531308 ], [ 140.637939291, 41.880538914 ], [ 140.637949037999988, 41.880570791 ], [ 140.637951549, 41.880579541 ], [ 140.637953812, 41.880587633 ], [ 140.63795943400001, 41.880607735 ], [ 140.63796255599999, 41.880620039 ], [ 140.637968215, 41.880642344 ], [ 140.637976132, 41.880677069 ], [ 140.637983182, 41.880711898 ], [ 140.637985321, 41.880723985 ], [ 140.637989363, 41.880746819 ], [ 140.63799374199999, 41.88077569 ], [ 140.637999143, 41.880817239 ], [ 140.638002668000013, 41.880852014 ], [ 140.638005353000011, 41.880887183 ], [ 140.638005783000011, 41.880895573 ], [ 140.63800716, 41.880922382 ], [ 140.638007397, 41.880931376 ], [ 140.63800809, 41.880957601 ], [ 140.638008129000013, 41.880984614 ], [ 140.638008141, 41.880992826 ], [ 140.63800731500001, 41.881028046 ], [ 140.63800561, 41.881063248 ], [ 140.638003029, 41.881098421 ], [ 140.637999339, 41.881135913 ], [ 140.637999134000012, 41.881137528 ], [ 140.637998148, 41.881145959 ], [ 140.637997181, 41.881153861 ], [ 140.63799617, 41.881161786 ], [ 140.637995114, 41.881169736 ], [ 140.63799401599999, 41.881177709 ], [ 140.637992875, 41.881185707 ], [ 140.637991693, 41.881193728 ], [ 140.637990495, 41.881201603 ], [ 140.637988116, 41.881216638 ], [ 140.637987853, 41.881218256 ], [ 140.63798644100001, 41.88122679 ], [ 140.63798506099999, 41.881234932 ], [ 140.637983644, 41.881243098 ], [ 140.63798219200001, 41.881251287 ], [ 140.637980706, 41.881259501 ], [ 140.637979186, 41.881267738 ], [ 140.63797763299999, 41.881275999 ], [ 140.637976049, 41.881284284 ], [ 140.637974434, 41.881292593 ], [ 140.637972789, 41.881300926 ], [ 140.637971063, 41.881309551 ], [ 140.637970978999988, 41.881309947 ], [ 140.63797026899999, 41.881313471 ], [ 140.637968554, 41.881321865 ], [ 140.63796681299999, 41.881330283 ], [ 140.63796504699999, 41.881338725 ], [ 140.637963256, 41.881347192 ], [ 140.63796144299999, 41.881355683 ], [ 140.637959607, 41.881364199 ], [ 140.637957749, 41.88137274 ], [ 140.63795587199999, 41.881381306 ], [ 140.637953976, 41.881389897 ], [ 140.637952089, 41.881398386 ], [ 140.637952033, 41.881398639 ], [ 140.637950155, 41.881407041 ], [ 140.637950104999987, 41.881407267 ], [ 140.637948204999987, 41.88141572 ], [ 140.63794816, 41.88141592 ], [ 140.637946241, 41.881424426 ], [ 140.637946201, 41.881424599 ], [ 140.63794426199999, 41.881433157 ], [ 140.637944234, 41.881433282 ], [ 140.637942270999986, 41.881441914 ], [ 140.637942243999987, 41.881442034 ], [ 140.637940269000012, 41.881450697 ], [ 140.637940248, 41.88145079 ], [ 140.637938257, 41.881459506 ], [ 140.637938241, 41.881459573 ], [ 140.637936236, 41.881468339 ], [ 140.63793622599999, 41.881468381 ], [ 140.637933831, 41.881478837 ], [ 140.637932173, 41.881486079 ], [ 140.637902423000014, 41.881615952 ], [ 140.637899718, 41.881627759 ], [ 140.637891268, 41.881664647 ], [ 140.637844457999989, 41.881868997 ], [ 140.637842468, 41.881877683 ], [ 140.637802036000011, 41.882054186 ], [ 140.637793606, 41.882090988 ], [ 140.63779259, 41.882095422 ], [ 140.637783109999987, 41.882136801 ], [ 140.637768779999988, 41.88219935 ], [ 140.637726816999987, 41.882382518 ], [ 140.63770234899999, 41.882489317 ], [ 140.637657058, 41.882687008 ], [ 140.637630048, 41.882804904 ], [ 140.637628017, 41.882813772 ], [ 140.637625989000014, 41.882822621 ], [ 140.63762598299999, 41.882822647 ], [ 140.637623964, 41.882831453 ], [ 140.63762395399999, 41.882831496 ], [ 140.63762194099999, 41.882840268 ], [ 140.637621927, 41.882840328 ], [ 140.63761992, 41.882849066 ], [ 140.637619902000012, 41.882849142 ], [ 140.637617898, 41.882857846 ], [ 140.637617877, 41.882857939 ], [ 140.637615877, 41.882866608 ], [ 140.63761585200001, 41.882866719 ], [ 140.637613855000012, 41.882875353 ], [ 140.637613824999988, 41.882875481 ], [ 140.637611830999987, 41.88288408 ], [ 140.637611797, 41.882884225 ], [ 140.637609805000011, 41.882892789 ], [ 140.637609766999987, 41.882892951 ], [ 140.63760777600001, 41.88290148 ], [ 140.637607734, 41.882901659 ], [ 140.637605742, 41.882910153 ], [ 140.637605696, 41.882910349 ], [ 140.637603705, 41.882918808 ], [ 140.637603654, 41.882919021 ], [ 140.637601662, 41.882927445 ], [ 140.63760160699999, 41.882927675 ], [ 140.63759961299999, 41.882936064 ], [ 140.63759955399999, 41.88293631 ], [ 140.63759755800001, 41.882944664 ], [ 140.637597494, 41.882944927 ], [ 140.637595460999989, 41.882953385 ], [ 140.637593396999989, 41.882961918 ], [ 140.63759020399999, 41.882975017 ], [ 140.63758886, 41.882980486 ], [ 140.637586462, 41.88299019 ], [ 140.63758435, 41.882998666 ], [ 140.63758222300001, 41.883007137 ], [ 140.637580084, 41.883015588 ], [ 140.637577932, 41.88302402 ], [ 140.637575766, 41.883032432 ], [ 140.637573586, 41.883040825 ], [ 140.637571392000012, 41.883049197 ], [ 140.63756918199999, 41.88305755 ], [ 140.637566956, 41.883065883 ], [ 140.637564712999989, 41.883074196 ], [ 140.637562452999987, 41.883082489 ], [ 140.637560175, 41.883090761 ], [ 140.637557878, 41.883099012 ], [ 140.637555563, 41.883107243 ], [ 140.637553227000012, 41.883115454 ], [ 140.637550871, 41.883123643 ], [ 140.637548495, 41.883131811 ], [ 140.637546097000012, 41.883139958 ], [ 140.637543677, 41.883148084 ], [ 140.637541234, 41.883156188 ], [ 140.637538768000013, 41.88316427 ], [ 140.637536278, 41.883172331 ], [ 140.637533765, 41.88318037 ], [ 140.63753122599999, 41.883188387 ], [ 140.63752866199999, 41.883196381 ], [ 140.637526072000014, 41.883204353 ], [ 140.637523455, 41.883212302 ], [ 140.63752081199999, 41.883220228 ], [ 140.637518140999987, 41.883228132 ], [ 140.63751544199999, 41.883236012 ], [ 140.637512715000014, 41.883243869 ], [ 140.637509959, 41.883251703 ], [ 140.637507172999989, 41.883259513 ], [ 140.637504358, 41.883267298 ], [ 140.637501512, 41.88327506 ], [ 140.637498634999986, 41.883282798 ], [ 140.63749577199999, 41.883290389 ], [ 140.637491020999988, 41.883302769 ], [ 140.637489354, 41.883307028 ], [ 140.637473666, 41.883345662 ], [ 140.637457442999988, 41.883383047 ], [ 140.63744027199999, 41.883420196 ], [ 140.637429731, 41.883441673 ], [ 140.637422162, 41.883457095 ], [ 140.63740311699999, 41.88349373 ], [ 140.63738314599999, 41.883530088 ], [ 140.637362255, 41.883566156 ], [ 140.637340451999989, 41.883601922 ], [ 140.637330657, 41.883617215 ], [ 140.637317744, 41.883637372 ], [ 140.637294141000012, 41.883672494 ], [ 140.637286154, 41.883683835 ], [ 140.63726964899999, 41.883707275 ], [ 140.637253813, 41.883728764 ], [ 140.637245302999986, 41.883740312 ], [ 140.637245044999986, 41.883740705 ], [ 140.63720927899999, 41.883786802 ], [ 140.637171, 41.883833391 ], [ 140.637169766999989, 41.883834821 ], [ 140.637163656000013, 41.883841988 ], [ 140.637157867000013, 41.88384872 ], [ 140.637152033, 41.88385545 ], [ 140.63714615399999, 41.883862178 ], [ 140.637140230999989, 41.883868906 ], [ 140.637134263, 41.883875632 ], [ 140.637128251, 41.883882358 ], [ 140.637122197, 41.883889082 ], [ 140.637116099, 41.883895806 ], [ 140.63710996, 41.88390253 ], [ 140.637103779, 41.883909253 ], [ 140.637097557, 41.883915976 ], [ 140.637091295, 41.883922699 ], [ 140.637084992000013, 41.883929422 ], [ 140.63707865, 41.883936146 ], [ 140.637072268999987, 41.88394287 ], [ 140.63706585, 41.883949595 ], [ 140.637059392, 41.883956321 ], [ 140.637052898, 41.883963048 ], [ 140.63704636599999, 41.883969777 ], [ 140.637039797999989, 41.883976507 ], [ 140.637033194, 41.883983239 ], [ 140.637026553999988, 41.883989973 ], [ 140.63701988, 41.88399671 ], [ 140.637013172, 41.884003448 ], [ 140.637006430000014, 41.88401019 ], [ 140.636999655000011, 41.884016935 ], [ 140.636992846999988, 41.884023683 ], [ 140.636986006, 41.884030434 ], [ 140.63697913499999, 41.884037189 ], [ 140.636972232, 41.884043948 ], [ 140.636965298, 41.884050712 ], [ 140.636958335, 41.88405748 ], [ 140.636951342, 41.884064253 ], [ 140.63694432, 41.884071031 ], [ 140.63693727, 41.884077815 ], [ 140.63693019199999, 41.884084604 ], [ 140.636923086, 41.884091399 ], [ 140.636915953999988, 41.8840982 ], [ 140.636908795000011, 41.884105008 ], [ 140.636901611000013, 41.884111823 ], [ 140.636894402, 41.884118646 ], [ 140.636887167999987, 41.884125475 ], [ 140.636880022000014, 41.884132208 ], [ 140.636879799000013, 41.884132418 ], [ 140.63687273299999, 41.88413906 ], [ 140.636872524000012, 41.884139257 ], [ 140.636865422, 41.884145921 ], [ 140.636865226999987, 41.884146104 ], [ 140.636858088, 41.884152791 ], [ 140.636857908, 41.88415296 ], [ 140.636850732999989, 41.88415967 ], [ 140.63685056700001, 41.884159825 ], [ 140.636843356000014, 41.884166558 ], [ 140.636843204, 41.8841667 ], [ 140.636835958, 41.884173457 ], [ 140.636835821, 41.884173585 ], [ 140.636828541, 41.884180365 ], [ 140.63682841799999, 41.884180479 ], [ 140.636821104, 41.884187283 ], [ 140.63682099499999, 41.884187384 ], [ 140.636813647999986, 41.884194213 ], [ 140.636813553, 41.8841943 ], [ 140.636806173, 41.884201153 ], [ 140.63680609299999, 41.884201228 ], [ 140.636798680999988, 41.884208106 ], [ 140.63679861599999, 41.884208166 ], [ 140.636791171999988, 41.88421507 ], [ 140.636791120999987, 41.884215117 ], [ 140.636783646, 41.884222046 ], [ 140.63678360899999, 41.884222079 ], [ 140.636776105, 41.884229033 ], [ 140.636776082000011, 41.884229055 ], [ 140.636766357, 41.884238064 ], [ 140.636760919000011, 41.884243103 ], [ 140.636758488, 41.884245357 ], [ 140.636750981, 41.884252314 ], [ 140.636743416, 41.884259322 ], [ 140.636743394, 41.884259342 ], [ 140.63673583, 41.884266351 ], [ 140.636735794, 41.884266385 ], [ 140.636728232, 41.884273395 ], [ 140.636728181, 41.884273442 ], [ 140.63672062099999, 41.884280453 ], [ 140.636720555000011, 41.884280513 ], [ 140.636712998, 41.884287526 ], [ 140.636712918, 41.8842876 ], [ 140.63670536399999, 41.884294615 ], [ 140.636705269, 41.884294702 ], [ 140.636697719000011, 41.884301719 ], [ 140.63669761, 41.88430182 ], [ 140.63669006500001, 41.88430884 ], [ 140.636689942, 41.884308955 ], [ 140.636682401, 41.884315977 ], [ 140.636682263000012, 41.884316106 ], [ 140.636674728, 41.884323132 ], [ 140.63667457599999, 41.884323273 ], [ 140.63666704799999, 41.884330303 ], [ 140.636666881999986, 41.884330459 ], [ 140.63665936000001, 41.884337493 ], [ 140.63665917899999, 41.884337662 ], [ 140.636651664999988, 41.8843447 ], [ 140.63665147099999, 41.884344883 ], [ 140.636643964, 41.884351926 ], [ 140.636643756000012, 41.884352123 ], [ 140.63663625800001, 41.884359171 ], [ 140.636636035, 41.884359381 ], [ 140.636628429000012, 41.884366547 ], [ 140.63662070699999, 41.884373838 ], [ 140.636612981000013, 41.884381148 ], [ 140.636605253, 41.884388479 ], [ 140.636597523, 41.884395831 ], [ 140.636589791, 41.884403204 ], [ 140.636582059, 41.884410599 ], [ 140.636574259000014, 41.88441808 ], [ 140.636561167999986, 41.884430691 ], [ 140.636557603, 41.884434127 ], [ 140.636470414, 41.884520388 ], [ 140.636373436000014, 41.884622343 ], [ 140.63636764, 41.884628678 ], [ 140.63631557, 41.884687375 ], [ 140.636265234, 41.884747056 ], [ 140.63614295, 41.884906338 ], [ 140.63604290699999, 41.885055894 ], [ 140.636037092, 41.885065242 ], [ 140.63603136399999, 41.885074542 ], [ 140.63602588399999, 41.885083517 ], [ 140.636020465, 41.885092465 ], [ 140.63601509099999, 41.88510141 ], [ 140.636009761999986, 41.885110351 ], [ 140.636004476000011, 41.885119287 ], [ 140.635999233, 41.885128218 ], [ 140.635994033, 41.885137144 ], [ 140.635988873, 41.885146065 ], [ 140.63598375399999, 41.88515498 ], [ 140.635978674, 41.885163889 ], [ 140.63597363299999, 41.885172791 ], [ 140.63596862899999, 41.885181686 ], [ 140.635963663000013, 41.885190574 ], [ 140.635958733, 41.885199455 ], [ 140.635953838, 41.885208328 ], [ 140.635948977, 41.885217193 ], [ 140.63594415099999, 41.885226049 ], [ 140.635943908, 41.885227128 ], [ 140.635905748, 41.885291907 ], [ 140.635877310000012, 41.885343012 ], [ 140.635833870999988, 41.885426605 ], [ 140.63581591799999, 41.885463434 ], [ 140.63581290499999, 41.885469753 ], [ 140.63570958599999, 41.885688172 ], [ 140.635444833, 41.886247862 ], [ 140.63537159399999, 41.886402687 ], [ 140.635331662999988, 41.886487101 ], [ 140.635323435, 41.886504494 ], [ 140.635315729000013, 41.886520785 ], [ 140.635279899000011, 41.88660226 ], [ 140.635239525, 41.886694066 ], [ 140.635154086999989, 41.886888347 ], [ 140.63498777699999, 41.887266518 ], [ 140.634740056999988, 41.887829799 ], [ 140.634293879000012, 41.888844319 ], [ 140.634028034000011, 41.889448782 ], [ 140.634005933, 41.889499043 ], [ 140.634342408, 41.889569713 ], [ 140.634304901, 41.88965481 ], [ 140.634131738, 41.890057714 ], [ 140.634057941, 41.890299245 ], [ 140.634009311999989, 41.890510474 ], [ 140.633994152000014, 41.890594812 ], [ 140.63398244199999, 41.890691195 ], [ 140.633973587000014, 41.890812127 ], [ 140.63398482299999, 41.890945474 ], [ 140.634008567, 41.891065724 ], [ 140.634031843, 41.891177054 ], [ 140.634068668, 41.891306998 ], [ 140.63409292099999, 41.891383225 ], [ 140.63414926199999, 41.891511423 ], [ 140.634676922000011, 41.891030213 ], [ 140.634854784, 41.890728547 ], [ 140.635115961, 41.890250165 ], [ 140.635210113999989, 41.890070181 ], [ 140.635519808, 41.88938283 ], [ 140.636058982, 41.888706043 ], [ 140.636832252, 41.887733868 ], [ 140.63718408599999, 41.886994106 ], [ 140.639048758, 41.887473642 ], [ 140.638850428000012, 41.888291026 ], [ 140.639106012000013, 41.88832985 ], [ 140.639299040999987, 41.888373397 ], [ 140.639478991, 41.888424101 ], [ 140.639419038999989, 41.888532885 ], [ 140.639367142999987, 41.88861074 ], [ 140.639266472, 41.888746944 ], [ 140.639879261, 41.888985654 ], [ 140.640059404, 41.889055832 ], [ 140.640102214, 41.889072966 ], [ 140.640165302000014, 41.889089751 ], [ 140.640240545000012, 41.889117678 ], [ 140.64045753900001, 41.88919824 ], [ 140.64017508, 41.88974197 ], [ 140.638850666, 41.891856096 ], [ 140.63865583899999, 41.891779442 ], [ 140.638369355, 41.891667998 ], [ 140.637875040000011, 41.891477368 ], [ 140.637789856000012, 41.891439188 ], [ 140.637569543000012, 41.891657668 ], [ 140.63758042399999, 41.891661674 ], [ 140.637747698, 41.89172334 ], [ 140.637480261, 41.892012609 ], [ 140.637546001, 41.892038121 ], [ 140.63790169399999, 41.892175249 ], [ 140.638073351, 41.892224203 ], [ 140.637989204, 41.892567544 ], [ 140.63800229899999, 41.892570813 ], [ 140.637914529999989, 41.892883075 ], [ 140.637734478999988, 41.892861317 ], [ 140.637357865000013, 41.892767594 ], [ 140.637241483, 41.892738624 ], [ 140.636963654, 41.892593361 ], [ 140.636853175, 41.892527922 ], [ 140.636843774999988, 41.892518456 ], [ 140.63682566599999, 41.892507645 ], [ 140.63680269299999, 41.892547327 ], [ 140.636769331000011, 41.892607863 ], [ 140.636737157999988, 41.892679305 ], [ 140.636699655, 41.892791629 ], [ 140.636648908000012, 41.892947269 ], [ 140.63655806, 41.893279646 ], [ 140.636500581, 41.893483748 ], [ 140.63647167900001, 41.893580687 ], [ 140.636421251, 41.893741533 ], [ 140.63641486899999, 41.89376008 ], [ 140.636399963, 41.893788262 ], [ 140.636385039, 41.893813318 ], [ 140.636366769, 41.893839011 ], [ 140.63634764599999, 41.893862206 ], [ 140.63630848, 41.893894846 ], [ 140.636274297, 41.893920592 ], [ 140.636240907, 41.893938834 ], [ 140.636122031000014, 41.894002025 ], [ 140.635966085, 41.894075888 ], [ 140.635921247999988, 41.894095213 ], [ 140.63587712399999, 41.894114536 ], [ 140.63582799, 41.894131212 ], [ 140.635744561, 41.894156917 ], [ 140.635757342, 41.894265683 ], [ 140.635774225, 41.894393782 ], [ 140.63579332899999, 41.894538369 ], [ 140.635812106, 41.894680778 ], [ 140.635831274, 41.894826067 ], [ 140.635849482999987, 41.894964129 ], [ 140.635870915, 41.895091086 ], [ 140.635893329999988, 41.89530123 ], [ 140.635908938999989, 41.895447719 ], [ 140.635725986000011, 41.89546962 ], [ 140.635748345, 41.895590335 ], [ 140.635593091, 41.895611088 ], [ 140.635647119999987, 41.895821828 ], [ 140.635660731, 41.895860707 ], [ 140.635114488999989, 41.895885577 ], [ 140.63469473699999, 41.896111189 ], [ 140.632929776999987, 41.896942875 ], [ 140.632609729, 41.897130144 ], [ 140.63214165799999, 41.89736568 ], [ 140.631582103, 41.897604577 ], [ 140.631464983, 41.897609629 ], [ 140.631131616, 41.897618403 ], [ 140.630940157999987, 41.897613661 ], [ 140.630679807, 41.897614446 ], [ 140.630711455000011, 41.897642696 ], [ 140.630712534, 41.897643659 ], [ 140.630820115, 41.897739694 ], [ 140.63094010099999, 41.897846787 ], [ 140.631023543999987, 41.897874585 ], [ 140.631350191, 41.898013488 ], [ 140.631572852, 41.898105031 ], [ 140.631897774, 41.898210821 ], [ 140.63193133199999, 41.898199679 ], [ 140.631939511000013, 41.898196978 ], [ 140.632021146, 41.898169892 ], [ 140.63203108499999, 41.898169229 ], [ 140.632630739, 41.89811897 ], [ 140.63266615399999, 41.898116007 ], [ 140.632673664, 41.898178803 ], [ 140.632700492, 41.898368728 ], [ 140.63285553599999, 41.898725142 ], [ 140.63287524, 41.89872015 ], [ 140.633332671, 41.898627927 ], [ 140.63416188, 41.898436619 ], [ 140.634649868, 41.898316951 ], [ 140.634733305, 41.898323226 ], [ 140.63529889899999, 41.898150549 ], [ 140.635432191, 41.898110223 ], [ 140.635516346, 41.898362199 ], [ 140.635835727, 41.898296918 ], [ 140.635883733000014, 41.898459713 ], [ 140.636548411, 41.898286058 ], [ 140.63661855, 41.898495464 ], [ 140.636842432, 41.899161275 ], [ 140.636850992, 41.899187763 ], [ 140.636750761, 41.899208791 ], [ 140.636780061, 41.899299634 ], [ 140.63702547, 41.899263818 ], [ 140.63712762099999, 41.899481352 ], [ 140.63765931899999, 41.900413587 ], [ 140.637914841999986, 41.900867126 ], [ 140.638867296, 41.902521257 ], [ 140.639654302999986, 41.904102715 ], [ 140.639859718999986, 41.904472753 ], [ 140.64016569399999, 41.905024988 ], [ 140.640402751000011, 41.905427875 ], [ 140.640916495, 41.906337151 ], [ 140.64111940399999, 41.906826364 ], [ 140.641150834, 41.906930899 ], [ 140.641232161, 41.906902382 ], [ 140.64134303, 41.906867067 ], [ 140.641496397, 41.906821652 ], [ 140.642095065, 41.906658249 ], [ 140.643070942, 41.9063834 ], [ 140.643689934, 41.906210966 ], [ 140.64406538, 41.906096113 ], [ 140.64472761799999, 41.905920198 ], [ 140.64473198799999, 41.905919037 ], [ 140.644782564, 41.905905601 ], [ 140.645518200999987, 41.905710783 ], [ 140.646147528, 41.905550575 ], [ 140.647000241, 41.905333887 ], [ 140.647159213, 41.905292759 ], [ 140.647200879, 41.905282297 ], [ 140.647074583, 41.905003349 ], [ 140.647042972, 41.904933534 ], [ 140.64703086099999, 41.90490678 ], [ 140.646984045000011, 41.904803377 ], [ 140.646956345, 41.90470187 ], [ 140.646934526, 41.904619657 ], [ 140.646930688, 41.904605174 ], [ 140.646926452, 41.904604378 ], [ 140.646900769000013, 41.903242373 ], [ 140.646889041, 41.902747621 ], [ 140.64664489099999, 41.90221709 ], [ 140.646502016, 41.90190767 ], [ 140.645880479, 41.902066863 ], [ 140.64586969699999, 41.902069619 ], [ 140.64561688399999, 41.902134374 ], [ 140.645519627999988, 41.902159282 ], [ 140.64554577199999, 41.902216241 ], [ 140.645737481999987, 41.90263401 ], [ 140.645793502, 41.90275605 ], [ 140.64579666099999, 41.902762934 ], [ 140.64580735199999, 41.902786236 ], [ 140.645726051, 41.902762025 ], [ 140.645709484, 41.902757094 ], [ 140.645270415999988, 41.902620555 ], [ 140.645142539, 41.902579864 ], [ 140.64512418699999, 41.902578505 ], [ 140.645101165999989, 41.902570615 ], [ 140.64487185199999, 41.902502262 ], [ 140.644576333, 41.902435894 ], [ 140.644242182999989, 41.902394236 ], [ 140.644079777, 41.902370768 ], [ 140.64341728299999, 41.902359302 ], [ 140.643223756, 41.902356129 ], [ 140.64303402499999, 41.902353034 ], [ 140.64284348699999, 41.902349918 ], [ 140.64265254099999, 41.902346781 ], [ 140.642461644, 41.902343642 ], [ 140.64234436000001, 41.90234172 ], [ 140.642272663999989, 41.902340677 ], [ 140.642082601, 41.902337896 ], [ 140.641891609, 41.902335099 ], [ 140.64170615099999, 41.902330474 ], [ 140.64151795, 41.90232674 ], [ 140.641225049000013, 41.90232329 ], [ 140.640450468000012, 41.902312501 ], [ 140.64044027599999, 41.902069965 ], [ 140.640650212, 41.902064605 ], [ 140.64055045500001, 41.901855302 ], [ 140.64048168799999, 41.90185423 ], [ 140.640485133, 41.901780879 ], [ 140.640495213, 41.901581477 ], [ 140.640506081000012, 41.901301971 ], [ 140.639744532, 41.901305083 ], [ 140.639634016, 41.901104466 ], [ 140.639802986, 41.901098409 ], [ 140.639731251, 41.900960999 ], [ 140.63978969199999, 41.900958755 ], [ 140.639760462999988, 41.900625505 ], [ 140.639723524, 41.900627783 ], [ 140.639722955, 41.900613405 ], [ 140.639710747, 41.900304494 ], [ 140.639709339, 41.900290507 ], [ 140.639219808, 41.900318012 ], [ 140.639216688, 41.900300402 ], [ 140.639144585, 41.900041328 ], [ 140.639107161, 41.89983852 ], [ 140.63909858299999, 41.899839117 ], [ 140.639105539000013, 41.899829705 ], [ 140.639135724999988, 41.899788865 ], [ 140.639225619, 41.899667275 ], [ 140.639249325, 41.899635455 ], [ 140.639284054, 41.899588837 ], [ 140.639305818, 41.899555742 ], [ 140.639331797000011, 41.899522048 ], [ 140.63947037, 41.899339299 ], [ 140.639416337, 41.89921383 ], [ 140.639285687000012, 41.899004541 ], [ 140.639279539, 41.898994423 ], [ 140.6390992, 41.898640228 ], [ 140.63908821699999, 41.898643641 ], [ 140.639005696, 41.898514433 ], [ 140.63896724599999, 41.898414392 ], [ 140.638877572000013, 41.898244783 ], [ 140.638775555, 41.89805178 ], [ 140.638643101000014, 41.898085003 ], [ 140.638558329, 41.897977727 ], [ 140.638563256999987, 41.897956416 ], [ 140.638573619999988, 41.89791163 ], [ 140.63845065000001, 41.897735782 ], [ 140.63835866, 41.897551032 ], [ 140.638271898999989, 41.897350038 ], [ 140.63857240199999, 41.897303254 ], [ 140.63858115299999, 41.897066912 ], [ 140.638599672, 41.897064193 ], [ 140.639148299999988, 41.896916459 ], [ 140.63856668299999, 41.896985721 ], [ 140.638548299, 41.896989183 ], [ 140.638549399999988, 41.896991763 ], [ 140.63813548499999, 41.897037508 ], [ 140.638047660000012, 41.897048002 ], [ 140.637976884000011, 41.89685807 ], [ 140.637949026, 41.896795243 ], [ 140.637914067999986, 41.896724067 ], [ 140.637883937, 41.896660059 ], [ 140.637850898000011, 41.896591425 ], [ 140.637795403000013, 41.89660176 ], [ 140.637714458, 41.896419331 ], [ 140.637661743, 41.896307498 ], [ 140.637659574999986, 41.896301832 ], [ 140.63765306499999, 41.896287493 ], [ 140.63764318599999, 41.896268122 ], [ 140.638239442000014, 41.896241428 ], [ 140.638649855000011, 41.896215252 ], [ 140.63903923, 41.89620883 ], [ 140.639298880000013, 41.896215606 ], [ 140.639418479999989, 41.896222857 ], [ 140.639459625, 41.896248239 ], [ 140.639483769, 41.896286439 ], [ 140.639501344, 41.896368048 ], [ 140.63951845299999, 41.896460632 ], [ 140.640249669000013, 41.896371873 ], [ 140.64040987300001, 41.896352428 ], [ 140.640521025999988, 41.896344829 ], [ 140.640583978, 41.896342076 ], [ 140.640578704, 41.896004575 ], [ 140.640570731, 41.89549696 ], [ 140.640569671, 41.895483913 ], [ 140.640551460000012, 41.89548144 ], [ 140.640455833, 41.895484317 ], [ 140.640327826, 41.895491748 ], [ 140.640229589, 41.895504848 ], [ 140.640141766, 41.89551601 ], [ 140.64004084699999, 41.895528475 ], [ 140.63991809699999, 41.895535444 ], [ 140.639813092999987, 41.895534186 ], [ 140.639752526, 41.895531058 ], [ 140.639714954, 41.89552857 ], [ 140.63951262399999, 41.895479745 ], [ 140.63950806, 41.895420792 ], [ 140.639457324, 41.895214608 ], [ 140.639455779, 41.895208293 ], [ 140.639442269, 41.895160581 ], [ 140.63939273, 41.894968763 ], [ 140.63971325599999, 41.894966478 ], [ 140.63974484100001, 41.894966254 ], [ 140.639971827000011, 41.894964643 ], [ 140.639931136, 41.894830632 ], [ 140.639899383, 41.894725952 ], [ 140.639898174, 41.894721254 ], [ 140.639893801999989, 41.894703954 ], [ 140.639839403, 41.894529594 ], [ 140.639691570999986, 41.894544582 ], [ 140.639552882, 41.894558641 ], [ 140.639525126, 41.894561455 ], [ 140.639351569000013, 41.894587987 ], [ 140.63929296399999, 41.894596938 ], [ 140.639252840000012, 41.89414727 ], [ 140.63924004399999, 41.894003583 ], [ 140.639230927, 41.893901078 ], [ 140.639008034999989, 41.8938701 ], [ 140.638689844999988, 41.893827248 ], [ 140.638703413, 41.89374102 ], [ 140.638718138, 41.893612914 ], [ 140.638733819, 41.893523729 ], [ 140.638758762, 41.893381901 ], [ 140.63878459099999, 41.893225168 ], [ 140.638909246, 41.893228647 ], [ 140.63896401299999, 41.89293387 ], [ 140.638967271000013, 41.892916023 ], [ 140.639086047, 41.892937152 ], [ 140.639260852, 41.892967975 ], [ 140.63928966200001, 41.892844251 ], [ 140.639299346, 41.892807778 ], [ 140.63931807899999, 41.892737366 ], [ 140.639435037999988, 41.892767481 ], [ 140.639450826, 41.892772131 ], [ 140.639466277999986, 41.892776697 ], [ 140.639528629000012, 41.892606196 ], [ 140.639599006, 41.892447194 ], [ 140.639642740999989, 41.892331546 ], [ 140.63971121599999, 41.892147113 ], [ 140.639713707999988, 41.892140779 ], [ 140.639724191, 41.892116541 ], [ 140.639899579, 41.892158346 ], [ 140.641331470000011, 41.892325824 ], [ 140.641819332000011, 41.892110565 ], [ 140.64211910899999, 41.892044127 ], [ 140.642083875999987, 41.892026572 ], [ 140.642075569000014, 41.892022908 ], [ 140.64163818099999, 41.891833685 ], [ 140.64125255, 41.891759203 ], [ 140.64083488, 41.891690906 ], [ 140.640029004000013, 41.891548347 ], [ 140.639915194, 41.891529887 ], [ 140.64004365299999, 41.891236547 ], [ 140.640382681, 41.891284224 ], [ 140.640554525, 41.890993177 ], [ 140.640598329, 41.890918086 ], [ 140.640617088, 41.890885923 ], [ 140.640691624999988, 41.89075809 ], [ 140.64101246199999, 41.890796382 ], [ 140.641131667, 41.890810599 ], [ 140.641350001, 41.890836651 ], [ 140.64137367, 41.890736265 ], [ 140.641493305000012, 41.890761708 ], [ 140.641691353999988, 41.890757512 ], [ 140.641843295, 41.890725488 ], [ 140.641955515, 41.890048463 ], [ 140.64224177, 41.890081798 ], [ 140.642250741, 41.890049274 ], [ 140.642285565, 41.889936469 ], [ 140.642340864, 41.889810232 ], [ 140.642408469, 41.889729831 ], [ 140.642463262, 41.889642768 ], [ 140.64162321500001, 41.88949813 ], [ 140.64217548, 41.887924083 ], [ 140.642223868, 41.887856495 ], [ 140.642244478, 41.887827683 ], [ 140.642292652, 41.887760393 ], [ 140.642408173, 41.887600635 ], [ 140.642454445, 41.887535692 ], [ 140.64277278099999, 41.887601117 ], [ 140.642822247999987, 41.887611266 ], [ 140.642884106, 41.887623949 ], [ 140.643437694999989, 41.88770527 ], [ 140.64364375299999, 41.887735547 ], [ 140.643698806, 41.887534563 ], [ 140.643738277000011, 41.88747094 ], [ 140.644034436, 41.887518602 ], [ 140.644068513, 41.887426306 ], [ 140.644090119, 41.887393007 ], [ 140.64419741099999, 41.887211963 ], [ 140.644209455, 41.887213463 ], [ 140.644602545, 41.887261661 ], [ 140.644658591, 41.886607858 ], [ 140.644911887, 41.886217438 ], [ 140.64492384499999, 41.886196625 ], [ 140.645014745, 41.886057558 ], [ 140.645058815999988, 41.885989804 ], [ 140.64515663, 41.885836514 ], [ 140.645159078, 41.885829014 ], [ 140.646905925, 41.882982333 ], [ 140.646935461, 41.882941082 ], [ 140.64699018799999, 41.882867284 ], [ 140.647118662999986, 41.882692409 ], [ 140.647181155, 41.882627228 ], [ 140.647311761, 41.882490185 ], [ 140.647333874, 41.882466428 ], [ 140.647383307000013, 41.882413335 ], [ 140.647677885, 41.882104287 ], [ 140.647389006, 41.882017562 ], [ 140.64740305, 41.882001659 ], [ 140.64752228, 41.881866661 ], [ 140.647699288000013, 41.881799592 ], [ 140.64764678, 41.881663571 ], [ 140.647849549999989, 41.881451029 ], [ 140.64800682500001, 41.881274853 ], [ 140.647965758, 41.881204945 ], [ 140.64791205, 41.881112477 ], [ 140.647845354999987, 41.880999681 ], [ 140.647832322999989, 41.880977484 ], [ 140.647784593000011, 41.88088144 ], [ 140.647726517, 41.88076465 ], [ 140.647722046000013, 41.880750452 ], [ 140.64775709, 41.880740611 ], [ 140.64779521599999, 41.880731556 ], [ 140.64783897800001, 41.880723771 ], [ 140.64791087899999, 41.880712151 ], [ 140.647959543000013, 41.880704136 ], [ 140.64796662099999, 41.880703352 ], [ 140.64796304699999, 41.880660695 ], [ 140.647922967999989, 41.880186627 ], [ 140.64790063800001, 41.87992252 ], [ 140.647893031, 41.879905281 ], [ 140.64789299099999, 41.87990517 ], [ 140.647727142, 41.87945 ], [ 140.647669361999988, 41.879289158 ], [ 140.64770153399999, 41.879294441 ], [ 140.647985017, 41.879327254 ], [ 140.648024889999988, 41.879122317 ], [ 140.647621547, 41.879072988 ], [ 140.647593852999989, 41.879069598 ], [ 140.64759228299999, 41.879065277 ], [ 140.647594473999987, 41.879059169 ], [ 140.64767509399999, 41.878721639 ], [ 140.647584696, 41.878697845 ], [ 140.647562024, 41.878697582 ], [ 140.64747405899999, 41.878685669 ], [ 140.650180060999986, 41.876150095 ], [ 140.65070947000001, 41.876380994 ], [ 140.650933205, 41.876474053 ], [ 140.651136183, 41.876545205 ], [ 140.65138644699999, 41.876632734 ], [ 140.651321607999989, 41.876716345 ], [ 140.65122621099999, 41.876831221 ], [ 140.651122308, 41.876982775 ], [ 140.651059261, 41.877098314 ], [ 140.651014747, 41.877196526 ], [ 140.651069846000013, 41.877215147 ], [ 140.65127712200001, 41.87728117 ], [ 140.651281944, 41.877287294 ], [ 140.651400491, 41.877325066 ], [ 140.651629084, 41.877399299 ], [ 140.65174295, 41.877234053 ], [ 140.65186437, 41.877060313 ], [ 140.651877184, 41.877040691 ], [ 140.65198877099999, 41.876881083 ], [ 140.652022797, 41.876832422 ], [ 140.652269955, 41.876920285 ], [ 140.652493262, 41.877012625 ], [ 140.652540356, 41.876957625 ], [ 140.65259801, 41.876945069 ], [ 140.652677043000011, 41.876929485 ], [ 140.653105842, 41.876765042 ], [ 140.653255661, 41.876708222 ], [ 140.65346120699999, 41.876629344 ], [ 140.653515354, 41.876608832 ], [ 140.653551377000014, 41.876595442 ], [ 140.654222616999988, 41.876336707 ], [ 140.65423486, 41.876310399 ], [ 140.65438832699999, 41.876249639 ], [ 140.654410985, 41.876250891 ], [ 140.654409582, 41.876232798 ], [ 140.654509397, 41.876228872 ], [ 140.654554252, 41.876091491 ], [ 140.654638059, 41.875950713 ], [ 140.65476524799999, 41.875811583 ], [ 140.654779402, 41.875807409 ], [ 140.654602289, 41.875713778 ], [ 140.65435469799999, 41.875581902 ], [ 140.653970069, 41.875370191 ], [ 140.65291449899999, 41.874802947 ], [ 140.652889307, 41.874781567 ], [ 140.65272812500001, 41.874906361 ], [ 140.652386387, 41.875154307 ], [ 140.652093470000011, 41.875373123 ], [ 140.651992541, 41.875460047 ], [ 140.651928751000014, 41.87550601 ], [ 140.651870787, 41.875539951 ], [ 140.65183070399999, 41.875554797 ], [ 140.651792236, 41.875561853 ], [ 140.65174553899999, 41.875561223 ], [ 140.651689678999986, 41.875548481 ], [ 140.651608277, 41.875519643 ], [ 140.651500715999987, 41.875469667 ], [ 140.65134027799999, 41.875393071 ], [ 140.65112087899999, 41.87526847 ], [ 140.651326237, 41.875068632 ], [ 140.652647058000014, 41.873829163 ], [ 140.65264832299999, 41.873829914 ], [ 140.654144573999986, 41.87243236 ], [ 140.654082778, 41.87238981 ], [ 140.653592769999989, 41.87209859 ], [ 140.653520358, 41.872156352 ], [ 140.65317229499999, 41.872437611 ], [ 140.652841386, 41.872692365 ], [ 140.653120497, 41.872946686 ], [ 140.653108906, 41.872950319 ], [ 140.652970624, 41.872995628 ], [ 140.652067171999988, 41.873278076 ], [ 140.651840144, 41.873349436 ], [ 140.65185145, 41.873356078 ], [ 140.651943311, 41.873410105 ], [ 140.651948909, 41.87341339 ], [ 140.652055889, 41.873476855 ], [ 140.652086723999986, 41.87349516 ], [ 140.652168141, 41.873543498 ], [ 140.65220363200001, 41.87356456 ], [ 140.652280689, 41.873611112 ], [ 140.652305903000013, 41.87362633 ], [ 140.652365115, 41.873661617 ], [ 140.651048339, 41.874903229 ], [ 140.647119785, 41.87858442 ], [ 140.64704709899999, 41.87855402 ], [ 140.64695840499999, 41.878545052 ], [ 140.646712129, 41.878580344 ], [ 140.64619715500001, 41.878605965 ], [ 140.644440618, 41.878307113 ], [ 140.64393356799999, 41.878326061 ], [ 140.644009375, 41.877635679 ], [ 140.644105934, 41.877213107 ], [ 140.6442508, 41.876878152 ], [ 140.643517854, 41.876792353 ], [ 140.643479635, 41.876845154 ], [ 140.643402105, 41.876932484 ], [ 140.64328095799999, 41.877061076 ], [ 140.643230295, 41.877111034 ], [ 140.643111651999988, 41.877175348 ], [ 140.642938605000012, 41.877262848 ], [ 140.64281474500001, 41.877320412 ], [ 140.64276927899999, 41.877342673 ], [ 140.642642096, 41.877408838 ], [ 140.64212715799999, 41.877689365 ], [ 140.642124805, 41.877691312 ], [ 140.642205803, 41.877702808 ], [ 140.642594516, 41.877746923 ], [ 140.642521869, 41.878094779 ], [ 140.642756709999986, 41.87812821 ], [ 140.643323129, 41.878144126 ], [ 140.64343589500001, 41.878147297 ], [ 140.643405392, 41.878369803 ], [ 140.643403858, 41.878375058 ], [ 140.64328074299999, 41.878564467 ], [ 140.643269643, 41.878676092 ], [ 140.64326768399999, 41.878695705 ], [ 140.64323824499999, 41.878865939 ], [ 140.643230141, 41.878884963 ], [ 140.643201456000014, 41.878952142 ], [ 140.64315121199999, 41.878947722 ], [ 140.64314757599999, 41.878967768 ], [ 140.64313557, 41.879033585 ], [ 140.643156546, 41.879035629 ], [ 140.64334891499999, 41.879054338 ], [ 140.64333364699999, 41.87914227 ], [ 140.643318541000014, 41.879229122 ], [ 140.64316313899999, 41.879216841 ], [ 140.64315269299999, 41.879307234 ], [ 140.642798252, 41.879265407 ], [ 140.642771552999989, 41.879348084 ], [ 140.642957663, 41.879375513 ], [ 140.64292752599999, 41.879477048 ], [ 140.642786707999988, 41.879455929 ], [ 140.642755799000014, 41.879554652 ], [ 140.643131317000012, 41.879613895 ], [ 140.643244286999987, 41.87980859 ], [ 140.643246675, 41.879814817 ], [ 140.643206125, 41.879935972 ], [ 140.642902098, 41.879904813 ], [ 140.64276437, 41.879890697 ], [ 140.642731601, 41.879887343 ], [ 140.642626594, 41.879876582 ], [ 140.64234596099999, 41.879847814 ], [ 140.642285386, 41.879836622 ], [ 140.64228924, 41.879841489 ], [ 140.642310646, 41.879882088 ], [ 140.642315395, 41.879935159 ], [ 140.642314981999988, 41.879967838 ], [ 140.64229632499999, 41.880074465 ], [ 140.642323527, 41.880075555 ], [ 140.642718701, 41.8800914 ], [ 140.64332382, 41.880115657 ], [ 140.643316046, 41.880238208 ], [ 140.643219719, 41.880243147 ], [ 140.643221856999986, 41.880292841 ], [ 140.64335366, 41.880289022 ], [ 140.64336820599999, 41.880389919 ], [ 140.643528838, 41.880376402 ], [ 140.6435342, 41.880411942 ], [ 140.643537576, 41.880434304 ], [ 140.643542301, 41.880465624 ], [ 140.643202632, 41.88049371 ], [ 140.643074571, 41.880504402 ], [ 140.642475281, 41.880554881 ], [ 140.64230837400001, 41.880519673 ], [ 140.642186388999988, 41.880461534 ], [ 140.642159764000013, 41.880449578 ], [ 140.642155269, 41.880477094 ], [ 140.642137947, 41.880576298 ], [ 140.642052736000011, 41.880589077 ], [ 140.641488102000011, 41.880696345 ], [ 140.641405635000012, 41.880713559 ], [ 140.641360455000012, 41.880570191 ], [ 140.641314577, 41.880420904 ], [ 140.64126161499999, 41.880257971 ], [ 140.641222653, 41.880118291 ], [ 140.64120819499999, 41.880019954 ], [ 140.641186729999987, 41.879908696 ], [ 140.641194111, 41.879719543 ], [ 140.641205305999989, 41.879546156 ], [ 140.641261625999988, 41.879123939 ], [ 140.64130459399999, 41.878784619 ], [ 140.64103364499999, 41.878767285 ], [ 140.640321828999987, 41.87871864 ], [ 140.639580974000012, 41.878685465 ], [ 140.639638663999989, 41.87861274 ], [ 140.639722032, 41.878505239 ], [ 140.639994381, 41.878151255 ] ], [ [ 140.639931694000012, 41.885697255 ], [ 140.639928706, 41.885696767 ], [ 140.639988273, 41.88561451 ], [ 140.640001238999986, 41.885604715 ], [ 140.640013117, 41.885595733 ], [ 140.64001410899999, 41.885594982 ], [ 140.639812819000014, 41.885558884 ], [ 140.639777669000011, 41.885552583 ], [ 140.637966979999987, 41.885227543 ], [ 140.638301797999986, 41.884159801 ], [ 140.638391098, 41.88389566 ], [ 140.638671730999988, 41.883423678 ], [ 140.63913245, 41.882672677 ], [ 140.639442615, 41.882229059 ], [ 140.639880799, 41.882284008 ], [ 140.64006499300001, 41.882308272 ], [ 140.640199201, 41.882313978 ], [ 140.640242018, 41.882315729 ], [ 140.64038075, 41.882320906 ], [ 140.641205464, 41.882370727 ], [ 140.64224048599999, 41.882433418 ], [ 140.642275285000011, 41.88210463 ], [ 140.642292141000013, 41.881925192 ], [ 140.642294864, 41.881894501 ], [ 140.64261771299999, 41.88191425 ], [ 140.642808710999986, 41.881930825 ], [ 140.64298255, 41.881952126 ], [ 140.643137034, 41.881980399 ], [ 140.64329421299999, 41.882027703 ], [ 140.644058839, 41.881253153 ], [ 140.644088009, 41.881205207 ], [ 140.64409931099999, 41.8811769 ], [ 140.644109444, 41.88114227 ], [ 140.64411159, 41.881096979 ], [ 140.644109963, 41.881035476 ], [ 140.644109783, 41.881034709 ], [ 140.644195849999988, 41.88105606 ], [ 140.644200557, 41.881057376 ], [ 140.644422510999988, 41.881118977 ], [ 140.644564229, 41.881158315 ], [ 140.644706369, 41.881197796 ], [ 140.64484884, 41.881241089 ], [ 140.645044359, 41.881312479 ], [ 140.645107759000012, 41.881334307 ], [ 140.643855718999987, 41.882536199 ], [ 140.64385663499999, 41.882536495 ], [ 140.644009895000011, 41.882579526 ], [ 140.644183543, 41.882618543 ], [ 140.644330867, 41.882645261 ], [ 140.644511970999986, 41.882668589 ], [ 140.645125842, 41.882740873 ], [ 140.646175319, 41.882850334 ], [ 140.646152472000011, 41.882919484 ], [ 140.646102487, 41.883066532 ], [ 140.646016073, 41.883320782 ], [ 140.645853964999986, 41.88379767 ], [ 140.645850806, 41.883797244 ], [ 140.64563036199999, 41.883766888 ], [ 140.645596825000013, 41.883762277 ], [ 140.645511959, 41.88398823 ], [ 140.645503252999987, 41.884011453 ], [ 140.6443127, 41.883793595 ], [ 140.644106384, 41.883755163 ], [ 140.644090045000013, 41.88375212 ], [ 140.64376279199999, 41.88369116 ], [ 140.643573457, 41.883654537 ], [ 140.643525175, 41.883643204 ], [ 140.643235971, 41.883582633 ], [ 140.643155895, 41.883562363 ], [ 140.642774769999988, 41.884146087 ], [ 140.642557092, 41.886300447 ], [ 140.642446818, 41.886297399 ], [ 140.642236706, 41.886293102 ], [ 140.642191071000013, 41.886292173 ], [ 140.642211922, 41.886211449 ], [ 140.642214666, 41.886194023 ], [ 140.642143377, 41.886184196 ], [ 140.642133613, 41.886183666 ], [ 140.64192626, 41.886157173 ], [ 140.641857390000013, 41.886151455 ], [ 140.641639779, 41.886133389 ], [ 140.641432146999989, 41.886120717 ], [ 140.641325380000012, 41.886113481 ], [ 140.641285361, 41.886111231 ], [ 140.641024746999989, 41.886051008 ], [ 140.64105629299999, 41.885897002 ], [ 140.641061221, 41.885881066 ], [ 140.640188029, 41.885739124 ], [ 140.639931694000012, 41.885697255 ] ] ] } },
{ "type": "Feature", "properties": { "A29_001": "01236", "A29_002": "北海道", "A29_003": "北斗市", "A29_004": 7, "A29_005": "準住居地域", "A29_006": 60, "A29_007": 200, "A29_008": "条件付き公開" }, "geometry": { "type": "Polygon", "coordinates": [ [ [ 140.62078015099999, 41.802367554 ], [ 140.620748684, 41.802374439 ], [ 140.62060606599999, 41.802405642 ], [ 140.620673384000014, 41.802487165 ], [ 140.62068328, 41.8025671 ], [ 140.62060993899999, 41.802626729 ], [ 140.620668552000012, 41.802713113 ], [ 140.620664368, 41.802755455 ], [ 140.620740095, 41.802759488 ], [ 140.62074715, 41.802805775 ], [ 140.620725162000014, 41.802919849 ], [ 140.620699615, 41.803052386 ], [ 140.62086052699999, 41.803268302 ], [ 140.620859588, 41.8032953 ], [ 140.620855089, 41.803425075 ], [ 140.620850716, 41.803551239 ], [ 140.620845096000011, 41.803713371 ], [ 140.620706713, 41.803697728 ], [ 140.62070821099999, 41.804251954 ], [ 140.620708791999988, 41.804327339 ], [ 140.620711289000013, 41.804402703 ], [ 140.620715702000012, 41.804478018 ], [ 140.62072203, 41.804553256 ], [ 140.620730271000014, 41.80462839 ], [ 140.62074042, 41.804703393 ], [ 140.620752474999989, 41.804778239 ], [ 140.62076643099999, 41.804852899 ], [ 140.620782284, 41.804927347 ], [ 140.620800026000012, 41.805001556 ], [ 140.620819653000012, 41.805075499 ], [ 140.620841157, 41.805149149 ], [ 140.62086453, 41.805222479 ], [ 140.620889763, 41.805295464 ], [ 140.620916848, 41.805368076 ], [ 140.620945775, 41.805440289 ], [ 140.620976533, 41.805512077 ], [ 140.621009111, 41.805583415 ], [ 140.621043498, 41.805654275 ], [ 140.62107968, 41.805724634 ], [ 140.621117645, 41.805794464 ], [ 140.62115738, 41.805863742 ], [ 140.621198869000011, 41.805932441 ], [ 140.62124209699999, 41.806000537 ], [ 140.62128705, 41.806068005 ], [ 140.621333709999988, 41.806134821 ], [ 140.621382062, 41.806200961 ], [ 140.621432086, 41.806266401 ], [ 140.621483766000011, 41.806331116 ], [ 140.62153708299999, 41.806395084 ], [ 140.62159201599999, 41.806458281 ], [ 140.621648547, 41.806520685 ], [ 140.621706655, 41.806582272 ], [ 140.621766318999988, 41.806643022 ], [ 140.621827517000014, 41.80670291 ], [ 140.62522092099999, 41.809997133 ], [ 140.62549179199999, 41.810260068 ], [ 140.62549464, 41.810262805 ], [ 140.62556807199999, 41.810332008 ], [ 140.62564237399999, 41.81040069 ], [ 140.625717538, 41.810468845 ], [ 140.625793558999987, 41.810536465 ], [ 140.625819509, 41.810559253 ], [ 140.625819553000014, 41.810559292 ], [ 140.625918609, 41.810644965 ], [ 140.626019093999986, 41.81072977 ], [ 140.62612094799999, 41.810813655 ], [ 140.626224154999989, 41.81089661 ], [ 140.626328702, 41.81097862 ], [ 140.62643457199999, 41.811059675 ], [ 140.62654175, 41.811139762 ], [ 140.628156143000012, 41.812309639 ], [ 140.628758776000012, 41.812780035 ], [ 140.62877503199999, 41.812792133 ], [ 140.628962949999988, 41.812924541 ], [ 140.629152113, 41.813055953 ], [ 140.62934251199999, 41.813186363 ], [ 140.62934636899999, 41.813188958 ], [ 140.629414958000012, 41.813233935 ], [ 140.629484555, 41.813278037 ], [ 140.62952977099999, 41.813304869 ], [ 140.629626694, 41.813363563 ], [ 140.629727901, 41.813261174 ], [ 140.629796857, 41.813191421 ], [ 140.629920373, 41.813079743 ], [ 140.629855572, 41.813040938 ], [ 140.629791624, 41.813001348 ], [ 140.629728546, 41.812960985 ], [ 140.62966635399999, 41.81291986 ], [ 140.62947846099999, 41.812791167 ], [ 140.629291787999989, 41.812661484 ], [ 140.629106342999989, 41.81253082 ], [ 140.628497517, 41.812055592 ], [ 140.62687831299999, 41.810882232 ], [ 140.626775511, 41.810805389 ], [ 140.62667396099999, 41.81072762 ], [ 140.626573678, 41.810648936 ], [ 140.626474677, 41.810569348 ], [ 140.626376972, 41.81048887 ], [ 140.626280578, 41.810407511 ], [ 140.62618550900001, 41.810325284 ], [ 140.626160515, 41.810303335 ], [ 140.626063235, 41.810216528 ], [ 140.625967422, 41.810128812 ], [ 140.625873092, 41.810040201 ], [ 140.622208656999987, 41.806482905 ], [ 140.622207956000011, 41.806482228 ], [ 140.62215063799999, 41.806426135 ], [ 140.622094801, 41.806369213 ], [ 140.622040465999987, 41.806311482 ], [ 140.621987654, 41.806252965 ], [ 140.621936385, 41.806193685 ], [ 140.621886679999989, 41.806133664 ], [ 140.62183855699999, 41.806072926 ], [ 140.621792035, 41.806011493 ], [ 140.621747131, 41.80594939 ], [ 140.62170386299999, 41.80588664 ], [ 140.621662248, 41.805823268 ], [ 140.621622301, 41.805759298 ], [ 140.621584038, 41.805694754 ], [ 140.62154747400001, 41.805629661 ], [ 140.621512622000012, 41.805564044 ], [ 140.621479496, 41.805497928 ], [ 140.621448109, 41.80543134 ], [ 140.621418471999988, 41.805364304 ], [ 140.621390598, 41.805296846 ], [ 140.621364497, 41.805228992 ], [ 140.621340178, 41.805160768 ], [ 140.621317651999988, 41.805092201 ], [ 140.621296926000014, 41.805023317 ], [ 140.621278009, 41.804954142 ], [ 140.621260909, 41.804884702 ], [ 140.62124563099999, 41.804815025 ], [ 140.621232181000011, 41.804745138 ], [ 140.621220566, 41.804675067 ], [ 140.621210788000013, 41.804604838 ], [ 140.62120285200001, 41.80453448 ], [ 140.621196762000011, 41.804464019 ], [ 140.621192517999987, 41.804393482 ], [ 140.621190124, 41.804322896 ], [ 140.621189579, 41.804252289 ], [ 140.621187485, 41.80347967 ], [ 140.621189616, 41.802939769 ], [ 140.621193242, 41.802726012 ], [ 140.62118841099999, 41.802616681 ], [ 140.621171983000011, 41.802448957 ], [ 140.621019474, 41.802331909 ], [ 140.62095716499999, 41.802371603 ], [ 140.62092196399999, 41.802394029 ], [ 140.620884991, 41.802351486 ], [ 140.620865614, 41.802332171 ], [ 140.620817079, 41.802283785 ], [ 140.62078015099999, 41.802367554 ] ] ] } },
{ "type": "Feature", "properties": { "A29_001": "01236", "A29_002": "北海道", "A29_003": "北斗市", "A29_004": 7, "A29_005": "準住居地域", "A29_006": 60, "A29_007": 200, "A29_008": "条件付き公開" }, "geometry": { "type": "Polygon", "coordinates": [ [ [ 140.710753766000011, 41.813146993 ], [ 140.710782107999989, 41.813130555 ], [ 140.71257416899999, 41.812091149 ], [ 140.712598211, 41.812077249 ], [ 140.712552155999987, 41.812038598 ], [ 140.712546962, 41.812034225 ], [ 140.712512741000012, 41.812005505 ], [ 140.712495921999988, 41.811991391 ], [ 140.71246287, 41.811962755 ], [ 140.712431172, 41.811936582 ], [ 140.712383241999987, 41.811896004 ], [ 140.712378083, 41.811891621 ], [ 140.712279438, 41.811806398 ], [ 140.710487140999987, 41.81284591 ], [ 140.710596024000012, 41.812967888 ], [ 140.710660593999989, 41.813041203 ], [ 140.710753766000011, 41.813146993 ] ] ] } },
{ "type": "Feature", "properties": { "A29_001": "01236", "A29_002": "北海道", "A29_003": "北斗市", "A29_004": 7, "A29_005": "準住居地域", "A29_006": 60, "A29_007": 200, "A29_008": "条件付き公開" }, "geometry": { "type": "Polygon", "coordinates": [ [ [ 140.659716742, 41.823557004 ], [ 140.65905039099999, 41.823476572 ], [ 140.658255913, 41.823372561 ], [ 140.657251909, 41.823251837 ], [ 140.655778774, 41.823066654 ], [ 140.655577397, 41.823044337 ], [ 140.65545204, 41.823030938 ], [ 140.655326929000012, 41.823016307 ], [ 140.65520208699999, 41.823000446 ], [ 140.655077533999986, 41.822983359 ], [ 140.654953293, 41.822965047 ], [ 140.654869209, 41.8229502 ], [ 140.654785457, 41.822934338 ], [ 140.654702058999987, 41.822917466 ], [ 140.654637720000011, 41.822900706 ], [ 140.65457397899999, 41.822882714 ], [ 140.654510878, 41.822863501 ], [ 140.654448459, 41.82284308 ], [ 140.65438676299999, 41.822821465 ], [ 140.65432583, 41.82279867 ], [ 140.654265702, 41.82277471 ], [ 140.654206417000012, 41.822749602 ], [ 140.65414801599999, 41.82272336 ], [ 140.654043315, 41.822665819 ], [ 140.653939753, 41.822607136 ], [ 140.653837352000011, 41.822547324 ], [ 140.653736135, 41.822486395 ], [ 140.653636123000013, 41.822424363 ], [ 140.653537336999989, 41.822361241 ], [ 140.653439799000012, 41.822297042 ], [ 140.653019265000012, 41.821901472 ], [ 140.652969191000011, 41.821878831 ], [ 140.652479319, 41.821657304 ], [ 140.652342081, 41.821448744 ], [ 140.65223767099999, 41.821290057 ], [ 140.65211525, 41.821104008 ], [ 140.65161369099999, 41.820856408 ], [ 140.651555241000011, 41.820843333 ], [ 140.650713626, 41.820761748 ], [ 140.650488728999989, 41.820739945 ], [ 140.650486217, 41.82074622 ], [ 140.65041850899999, 41.820715674 ], [ 140.650190071999987, 41.820612605 ], [ 140.649841836, 41.820454807 ], [ 140.649671573, 41.820378266 ], [ 140.64952223899999, 41.820310683 ], [ 140.649620961000011, 41.819737298 ], [ 140.649398633, 41.819636466 ], [ 140.649227585, 41.81955901 ], [ 140.649063512999987, 41.819484653 ], [ 140.648714114, 41.819326298 ], [ 140.648601888, 41.819476216 ], [ 140.64832704599999, 41.819363871 ], [ 140.648232510000014, 41.81932523 ], [ 140.64807111499999, 41.819712742 ], [ 140.647698165, 41.819537377 ], [ 140.647382203, 41.819383197 ], [ 140.646382063, 41.819003964 ], [ 140.646139983000012, 41.818924466 ], [ 140.646187306, 41.818810793 ], [ 140.64592514899999, 41.818735185 ], [ 140.645245999, 41.818521483 ], [ 140.64521371399999, 41.818516902 ], [ 140.644390834, 41.818258799 ], [ 140.644123083000011, 41.818184129 ], [ 140.64402019100001, 41.818155783 ], [ 140.642867257, 41.817838365 ], [ 140.64282423899999, 41.817832361 ], [ 140.64242104600001, 41.817700403 ], [ 140.642369151999986, 41.817675988 ], [ 140.641913562000013, 41.817572749 ], [ 140.640927261, 41.817290235 ], [ 140.64072364399999, 41.817187491 ], [ 140.639469131999988, 41.816665602 ], [ 140.639396753999989, 41.816646946 ], [ 140.639319137, 41.816619933 ], [ 140.639027386, 41.816521408 ], [ 140.63874760499999, 41.816397901 ], [ 140.638229306999989, 41.816169107 ], [ 140.637711228, 41.815940219 ], [ 140.637192948, 41.815711258 ], [ 140.63680831, 41.815541455 ], [ 140.636698185, 41.815680833 ], [ 140.636513876, 41.815841802 ], [ 140.637098408000014, 41.816196721 ], [ 140.637628618, 41.816524256 ], [ 140.638692631999987, 41.817160665 ], [ 140.638823347999988, 41.817075831 ], [ 140.638885514, 41.817117773 ], [ 140.639177077999989, 41.817314554 ], [ 140.63931732099999, 41.81741838 ], [ 140.639370684999989, 41.81745115 ], [ 140.639438705, 41.817492915 ], [ 140.639520655000013, 41.817543232 ], [ 140.639632051, 41.817611633 ], [ 140.639714011, 41.817661954 ], [ 140.639862834000013, 41.817753328 ], [ 140.639954523, 41.817809626 ], [ 140.640021264000012, 41.8178506 ], [ 140.64006357400001, 41.817876581 ], [ 140.640046168, 41.817894468 ], [ 140.640057472, 41.817900589 ], [ 140.640060576, 41.817902271 ], [ 140.640139, 41.817944712 ], [ 140.640224972999988, 41.817991251 ], [ 140.640375115000012, 41.818067664 ], [ 140.640501244, 41.818132254 ], [ 140.64067049799999, 41.818224437 ], [ 140.64064214199999, 41.818287729 ], [ 140.64081513299999, 41.818338734 ], [ 140.640933163, 41.81836974 ], [ 140.640944112, 41.81837298 ], [ 140.641012737000011, 41.818393267 ], [ 140.641092587, 41.818416406 ], [ 140.641123846999989, 41.818426312 ], [ 140.641174052999986, 41.818442223 ], [ 140.641256840000011, 41.8184556 ], [ 140.641266449999989, 41.818458323 ], [ 140.641350354, 41.818477279 ], [ 140.641400022999989, 41.818489887 ], [ 140.641419984, 41.818494348 ], [ 140.641442885, 41.818499465 ], [ 140.64145966800001, 41.818504027 ], [ 140.641528851, 41.818522845 ], [ 140.64155520700001, 41.818530012 ], [ 140.64158895599999, 41.818540199 ], [ 140.641932319, 41.817860808 ], [ 140.642177049999987, 41.817936727 ], [ 140.642192053, 41.817941385 ], [ 140.64233278899999, 41.817985043 ], [ 140.64235503899999, 41.817991946 ], [ 140.642553396000011, 41.818053487 ], [ 140.642575634999986, 41.818060389 ], [ 140.642599761000014, 41.818067874 ], [ 140.642511528999989, 41.818242458 ], [ 140.642703662, 41.818299504 ], [ 140.64270374099999, 41.818299528 ], [ 140.643759057000011, 41.818613017 ], [ 140.643759210000013, 41.818613062 ], [ 140.64523827299999, 41.819051967 ], [ 140.645709602000011, 41.819196228 ], [ 140.645711393999989, 41.819196773 ], [ 140.64584120399999, 41.819236737 ], [ 140.64597035599999, 41.819277878 ], [ 140.64609883, 41.819320188 ], [ 140.646226608, 41.819363663 ], [ 140.64635367, 41.819408296 ], [ 140.646479999, 41.81945408 ], [ 140.646605574, 41.819501008 ], [ 140.64673037899999, 41.819549074 ], [ 140.646854394, 41.81959827 ], [ 140.64697760199999, 41.819648589 ], [ 140.647099983, 41.819700025 ], [ 140.647221519999988, 41.819752568 ], [ 140.64734219499999, 41.819806211 ], [ 140.647722829, 41.819977312 ], [ 140.648587402, 41.820364479 ], [ 140.648587765, 41.820364641 ], [ 140.649179003, 41.820629927 ], [ 140.649308469, 41.82069265 ], [ 140.649643168000011, 41.820845563 ], [ 140.651494178, 41.82170126 ], [ 140.65217124899999, 41.8220132 ], [ 140.65225784399999, 41.822056364 ], [ 140.652343537, 41.822100523 ], [ 140.652428308999987, 41.822145666 ], [ 140.65251214, 41.822191783 ], [ 140.65301355299999, 41.822504046 ], [ 140.65317031, 41.82259965 ], [ 140.653266374, 41.822662017 ], [ 140.653363563999989, 41.8227234 ], [ 140.65346186299999, 41.822783787 ], [ 140.653561251000013, 41.822843167 ], [ 140.653661711000012, 41.822901531 ], [ 140.653763223999988, 41.822958865 ], [ 140.653865771999989, 41.823015161 ], [ 140.65389478, 41.823029692 ], [ 140.653956851, 41.823057663 ], [ 140.65401977, 41.823084552 ], [ 140.654083504999988, 41.823110344 ], [ 140.654148021, 41.823135025 ], [ 140.654213284, 41.823158582 ], [ 140.65427925899999, 41.823181003 ], [ 140.654345909999989, 41.823202276 ], [ 140.654413201000011, 41.823222388 ], [ 140.654481097, 41.82324133 ], [ 140.65454956100001, 41.82325909 ], [ 140.654572588, 41.823264367 ], [ 140.654663502, 41.82328276 ], [ 140.654754801, 41.823300051 ], [ 140.65484646199999, 41.823316235 ], [ 140.654857099999987, 41.823317951 ], [ 140.654986994000012, 41.823337099 ], [ 140.65511721199999, 41.823354972 ], [ 140.65524773199999, 41.823371569 ], [ 140.655378531, 41.823386885 ], [ 140.655509588, 41.823400918 ], [ 140.655703579, 41.823422417 ], [ 140.657173796, 41.823607233 ], [ 140.658176191, 41.823727763 ], [ 140.658970525, 41.823831756 ], [ 140.659635992, 41.823912081 ], [ 140.65982624599999, 41.823937534 ], [ 140.660053661, 41.823966366 ], [ 140.660344361999989, 41.824001055 ], [ 140.660547602, 41.824019798 ], [ 140.660757229000012, 41.82403418 ], [ 140.66094299, 41.824047825 ], [ 140.661715418999989, 41.824099716 ], [ 140.662119647999987, 41.824116821 ], [ 140.664520893, 41.824246575 ], [ 140.664843026, 41.824266899 ], [ 140.66540274, 41.82428952 ], [ 140.665695844999988, 41.824296997 ], [ 140.665900757, 41.824301972 ], [ 140.666098870000013, 41.824304617 ], [ 140.66635935299999, 41.824304064 ], [ 140.66651410599999, 41.824304283 ], [ 140.66670561699999, 41.824303505 ], [ 140.666730247, 41.824028972 ], [ 140.66675062600001, 41.823831247 ], [ 140.666750121, 41.823820228 ], [ 140.666744927, 41.823696862 ], [ 140.666740121, 41.823582713 ], [ 140.666728107000012, 41.823583074 ], [ 140.666512399999988, 41.82358395 ], [ 140.66635889599999, 41.823583734 ], [ 140.6661061, 41.82358427 ], [ 140.665924974, 41.823581851 ], [ 140.66572787699999, 41.823577066 ], [ 140.665445134, 41.823569854 ], [ 140.66490949300001, 41.823548206 ], [ 140.664596057000011, 41.82352843 ], [ 140.662181549, 41.823397959 ], [ 140.661785705999989, 41.82338121 ], [ 140.661033124, 41.823330651 ], [ 140.66084827099999, 41.823317073 ], [ 140.660650527, 41.823303506 ], [ 140.66047918000001, 41.823287705 ], [ 140.66020998799999, 41.823255582 ], [ 140.659991493, 41.823227882 ], [ 140.65981231, 41.823203715 ], [ 140.659793114, 41.823275822 ], [ 140.659764123, 41.823384687 ], [ 140.659761137, 41.823395917 ], [ 140.659716742, 41.823557004 ] ] ] } },
{ "type": "Feature", "properties": { "A29_001": "01236", "A29_002": "北海道", "A29_003": "北斗市", "A29_004": 8, "A29_005": "近隣商業地域", "A29_006": 80, "A29_007": 300, "A29_008": "条件付き公開" }, "geometry": { "type": "Polygon", "coordinates": [ [ [ 140.705253166, 41.815194841 ], [ 140.705369725999986, 41.81532175 ], [ 140.705457687, 41.815417517 ], [ 140.703773407999989, 41.816247814 ], [ 140.703714271, 41.816279216 ], [ 140.70312169499999, 41.816584497 ], [ 140.703343421999989, 41.81679825 ], [ 140.703921189999988, 41.816500598 ], [ 140.703977318, 41.816470793 ], [ 140.709178978000011, 41.813906386 ], [ 140.709629519, 41.813684249 ], [ 140.71012044, 41.813400372 ], [ 140.71068735, 41.813071582 ], [ 140.710660593999989, 41.813041203 ], [ 140.710596024000012, 41.812967888 ], [ 140.710487140999987, 41.81284591 ], [ 140.70989941799999, 41.813186769 ], [ 140.709683665, 41.81297012 ], [ 140.70920940900001, 41.81324436 ], [ 140.708781587, 41.813455294 ], [ 140.705253166, 41.815194841 ] ] ] } },
{ "type": "Feature", "properties": { "A29_001": "01236", "A29_002": "北海道", "A29_003": "北斗市", "A29_004": 8, "A29_005": "近隣商業地域", "A29_006": 80, "A29_007": 300, "A29_008": "条件付き公開" }, "geometry": { "type": "Polygon", "coordinates": [ [ [ 140.636228624000012, 41.816084621 ], [ 140.636163008000011, 41.816045018 ], [ 140.636023838999989, 41.81625894 ], [ 140.636202118, 41.816368147 ], [ 140.63632027, 41.816440522 ], [ 140.636369669, 41.816470799 ], [ 140.636565174, 41.816590087 ], [ 140.636654198, 41.816644398 ], [ 140.636710760999989, 41.816678838 ], [ 140.636805221, 41.81673639 ], [ 140.636835244999986, 41.816754674 ], [ 140.636902823000014, 41.816795831 ], [ 140.636922768, 41.816807974 ], [ 140.636939160999987, 41.816817959 ], [ 140.637045524, 41.81688307 ], [ 140.637147985000013, 41.816945799 ], [ 140.63721108499999, 41.816984431 ], [ 140.637292476, 41.817034247 ], [ 140.637339217, 41.817062705 ], [ 140.637458517, 41.817135345 ], [ 140.637526157999986, 41.817176545 ], [ 140.637638512, 41.817244958 ], [ 140.637675382999987, 41.817267408 ], [ 140.63772018, 41.817294674 ], [ 140.637791023, 41.817337781 ], [ 140.637866651, 41.817383808 ], [ 140.637928867999989, 41.817421677 ], [ 140.638048712999989, 41.817494611 ], [ 140.63806048, 41.817501775 ], [ 140.638142899, 41.817552226 ], [ 140.638163776, 41.817565005 ], [ 140.638266334, 41.81762758 ], [ 140.63835522799999, 41.817681809 ], [ 140.638412034, 41.817716463 ], [ 140.638436342, 41.817731301 ], [ 140.638496229, 41.817767827 ], [ 140.638549797, 41.817800439 ], [ 140.63869727299999, 41.817890216 ], [ 140.63871612, 41.817901687 ], [ 140.63880722499999, 41.817957142 ], [ 140.638828791, 41.81797035 ], [ 140.638847578, 41.817981866 ], [ 140.638865313999986, 41.817992728 ], [ 140.63887487, 41.817998584 ], [ 140.638920610000014, 41.818026496 ], [ 140.63901363799999, 41.818083268 ], [ 140.63905634599999, 41.818109325 ], [ 140.639064319, 41.818114197 ], [ 140.639174309999987, 41.818181392 ], [ 140.63930255599999, 41.818259753 ], [ 140.639330591, 41.818276881 ], [ 140.63953710199999, 41.81834638 ], [ 140.639556316000011, 41.818352843 ], [ 140.639617343999987, 41.818372959 ], [ 140.639613817, 41.818378895 ], [ 140.63973192899999, 41.818421436 ], [ 140.639875288000013, 41.818473075 ], [ 140.639983050000012, 41.818511895 ], [ 140.639995507, 41.818497842 ], [ 140.640235808, 41.818578506 ], [ 140.640255954, 41.818542069 ], [ 140.640367523, 41.818577644 ], [ 140.640378776, 41.818581288 ], [ 140.64049416899999, 41.818617984 ], [ 140.640526174, 41.818546553 ], [ 140.640545163000013, 41.818504142 ], [ 140.64064374099999, 41.818284155 ], [ 140.64067049799999, 41.818224437 ], [ 140.64063316, 41.818204101 ], [ 140.640501244, 41.818132254 ], [ 140.640375115000012, 41.818067664 ], [ 140.640224972999988, 41.817991251 ], [ 140.640139, 41.817944712 ], [ 140.640060576, 41.817902271 ], [ 140.640057472, 41.817900589 ], [ 140.640046168, 41.817894468 ], [ 140.64006357400001, 41.817876581 ], [ 140.640021264000012, 41.817850601 ], [ 140.639954523, 41.817809626 ], [ 140.639862834000013, 41.817753328 ], [ 140.639714011, 41.817661954 ], [ 140.639632051, 41.817611633 ], [ 140.639520655000013, 41.817543232 ], [ 140.639438705, 41.817492915 ], [ 140.639370684999989, 41.81745115 ], [ 140.639317322000011, 41.817418381 ], [ 140.639177077999989, 41.817314554 ], [ 140.638885514, 41.817117773 ], [ 140.638823347999988, 41.817075831 ], [ 140.638692631999987, 41.817160665 ], [ 140.637628618, 41.816524256 ], [ 140.637098408000014, 41.816196721 ], [ 140.636513876, 41.815841802 ], [ 140.636450692000011, 41.815896984 ], [ 140.636232896, 41.816087199 ], [ 140.636228624000012, 41.816084621 ] ] ] } },
{ "type": "Feature", "properties": { "A29_001": "01236", "A29_002": "北海道", "A29_003": "北斗市", "A29_004": 8, "A29_005": "近隣商業地域", "A29_006": 80, "A29_007": 300, "A29_008": "条件付き公開" }, "geometry": { "type": "Polygon", "coordinates": [ [ [ 140.645294984, 41.820324667 ], [ 140.645300897, 41.820395483 ], [ 140.645646339, 41.82038121 ], [ 140.645616569, 41.820303992 ], [ 140.645571796000013, 41.820187906 ], [ 140.645524063000011, 41.820064124 ], [ 140.645490045, 41.819975901 ], [ 140.645468588999989, 41.819920248 ], [ 140.645458773, 41.819841035 ], [ 140.645432164, 41.819628573 ], [ 140.645428455, 41.819598946 ], [ 140.644809735, 41.819455432 ], [ 140.64382833799999, 41.819207846 ], [ 140.642231063, 41.818797408 ], [ 140.641975545, 41.819302983 ], [ 140.643595620000013, 41.819719281 ], [ 140.644587352, 41.819969474 ], [ 140.645277838999988, 41.820129634 ], [ 140.645294984, 41.820324667 ] ] ] } },
{ "type": "Feature", "properties": { "A29_001": "01236", "A29_002": "北海道", "A29_003": "北斗市", "A29_004": 8, "A29_005": "近隣商業地域", "A29_006": 80, "A29_007": 300, "A29_008": "条件付き公開" }, "geometry": { "type": "Polygon", "coordinates": [ [ [ 140.673766551999989, 41.825384859 ], [ 140.674013304, 41.825348836 ], [ 140.674094587000013, 41.825347113 ], [ 140.674183465, 41.825345228 ], [ 140.67438108799999, 41.825313127 ], [ 140.674479459999986, 41.825297147 ], [ 140.674245942, 41.824050193 ], [ 140.67352198899999, 41.824078852 ], [ 140.673766551999989, 41.825384859 ] ] ] } },
{ "type": "Feature", "properties": { "A29_001": "01236", "A29_002": "北海道", "A29_003": "北斗市", "A29_004": 8, "A29_005": "近隣商業地域", "A29_006": 80, "A29_007": 300, "A29_008": "条件付き公開" }, "geometry": { "type": "Polygon", "coordinates": [ [ [ 140.646913176999988, 41.900552579 ], [ 140.646785623999989, 41.900586878 ], [ 140.646855058, 41.900738168 ], [ 140.646972575, 41.900994243 ], [ 140.646996766, 41.901046951 ], [ 140.647053039000014, 41.901169572 ], [ 140.647078634, 41.901225354 ], [ 140.647242425, 41.901582258 ], [ 140.647290827, 41.901687728 ], [ 140.647297535, 41.901702327 ], [ 140.647298181999986, 41.901703747 ], [ 140.64726605300001, 41.901711971 ], [ 140.647161374, 41.901738787 ], [ 140.646783932, 41.901835464 ], [ 140.646745317000011, 41.901845357 ], [ 140.646502016, 41.90190767 ], [ 140.64664489099999, 41.90221709 ], [ 140.646889041, 41.902747621 ], [ 140.646900769000013, 41.903242373 ], [ 140.646926452, 41.904604378 ], [ 140.646930688, 41.904605174 ], [ 140.646934526, 41.904619657 ], [ 140.646956345, 41.90470187 ], [ 140.646984045000011, 41.904803377 ], [ 140.64703086099999, 41.90490678 ], [ 140.647042972, 41.904933534 ], [ 140.647200879, 41.905282297 ], [ 140.647555922, 41.905191068 ], [ 140.648254997, 41.905016058 ], [ 140.648745119000012, 41.904891655 ], [ 140.649896098, 41.90459977 ], [ 140.65105578, 41.904295769 ], [ 140.650881806, 41.903916754 ], [ 140.65064654599999, 41.903404225 ], [ 140.650511376999987, 41.90310974 ], [ 140.65048977399999, 41.903062661 ], [ 140.65043988299999, 41.902953976 ], [ 140.65041509, 41.902899956 ], [ 140.65040398299999, 41.902875765 ], [ 140.65011432099999, 41.902244678 ], [ 140.650090119999987, 41.902191942 ], [ 140.65007872699999, 41.902167115 ], [ 140.650058143, 41.902122273 ], [ 140.65003144, 41.902064102 ], [ 140.649986047999988, 41.901965206 ], [ 140.649931858, 41.901847144 ], [ 140.649904744999986, 41.901788072 ], [ 140.649871901000012, 41.901716514 ], [ 140.649847169, 41.901662617 ], [ 140.64983777399999, 41.901642142 ], [ 140.649803843, 41.90156822 ], [ 140.64976238599999, 41.9014779 ], [ 140.64970304, 41.901348591 ], [ 140.649690858000014, 41.901322063 ], [ 140.649669305, 41.901275109 ], [ 140.649630108, 41.901189698 ], [ 140.649588639, 41.901099351 ], [ 140.649381624, 41.900648308 ], [ 140.649373682, 41.900631012 ], [ 140.649250693999988, 41.900363028 ], [ 140.649116479000014, 41.900070591 ], [ 140.649106765, 41.90004942 ], [ 140.649082649, 41.899996878 ], [ 140.649007188000013, 41.900016208 ], [ 140.648976793, 41.900023994 ], [ 140.648372107, 41.900178884 ], [ 140.648329329, 41.900189837 ], [ 140.648307152, 41.900195524 ], [ 140.647662946999986, 41.900360532 ], [ 140.647496780000012, 41.900403094 ], [ 140.646913176999988, 41.900552579 ] ] ] } },
{ "type": "Feature", "properties": { "A29_001": "01236", "A29_002": "北海道", "A29_003": "北斗市", "A29_004": 9, "A29_005": "商業地域", "A29_006": 80, "A29_007": 400, "A29_008": "条件付き公開" }, "geometry": { "type": "Polygon", "coordinates": [ [ [ 140.644665575, 41.882686676 ], [ 140.644511970999986, 41.882668589 ], [ 140.644330867, 41.882645261 ], [ 140.644183543, 41.882618543 ], [ 140.644009895000011, 41.882579526 ], [ 140.64385663499999, 41.882536495 ], [ 140.643855718999987, 41.882536199 ], [ 140.645107759000012, 41.881334307 ], [ 140.645044359, 41.881312479 ], [ 140.64484884, 41.881241089 ], [ 140.644706369, 41.881197796 ], [ 140.644564229, 41.881158315 ], [ 140.644422510999988, 41.881118977 ], [ 140.644200557, 41.881057376 ], [ 140.644195849999988, 41.88105606 ], [ 140.644109783, 41.881034709 ], [ 140.644109963, 41.881035476 ], [ 140.64411159, 41.881096979 ], [ 140.644109444, 41.88114227 ], [ 140.64409931099999, 41.8811769 ], [ 140.644088009, 41.881205207 ], [ 140.644058839, 41.881253153 ], [ 140.64329421299999, 41.882027703 ], [ 140.643137034, 41.881980399 ], [ 140.64298255, 41.881952126 ], [ 140.642808710999986, 41.881930825 ], [ 140.64261771299999, 41.88191425 ], [ 140.64234073, 41.881897475 ], [ 140.642294864, 41.881894501 ], [ 140.642292141000013, 41.881925192 ], [ 140.642275285000011, 41.88210463 ], [ 140.64224048599999, 41.882433418 ], [ 140.6425468, 41.882451969 ], [ 140.642708476, 41.882465999 ], [ 140.642837864, 41.882481853 ], [ 140.64291489199999, 41.88249595 ], [ 140.64301781099999, 41.882526925 ], [ 140.643024965, 41.882529791 ], [ 140.642063992, 41.883999944 ], [ 140.64205002, 41.884144725 ], [ 140.64207189699999, 41.884152874 ], [ 140.642251472999988, 41.884217763 ], [ 140.64274935, 41.884397678 ], [ 140.642774769999988, 41.884146087 ], [ 140.643155895, 41.883562363 ], [ 140.643235971, 41.883582633 ], [ 140.643525175, 41.883643204 ], [ 140.643573457, 41.883654537 ], [ 140.64376279199999, 41.88369116 ], [ 140.643982329000011, 41.883732055 ], [ 140.644665575, 41.882686676 ] ] ] } },
{ "type": "Feature", "properties": { "A29_001": "01236", "A29_002": "北海道", "A29_003": "北斗市", "A29_004": 9, "A29_005": "商業地域", "A29_006": 80, "A29_007": 400, "A29_008": "条件付き公開" }, "geometry": { "type": "Polygon", "coordinates": [ [ [ 140.640580652000011, 41.818645487 ], [ 140.640565385, 41.81866262 ], [ 140.640478613, 41.818759998 ], [ 140.640500228, 41.818771441 ], [ 140.640589517, 41.818818626 ], [ 140.64064658699999, 41.818848857 ], [ 140.64066237, 41.818857213 ], [ 140.640801762, 41.818931042 ], [ 140.640942333999988, 41.819005504 ], [ 140.640950659, 41.819010016 ], [ 140.64095802, 41.819013807 ], [ 140.641055324, 41.819065352 ], [ 140.641120881, 41.819100073 ], [ 140.641164016, 41.819123013 ], [ 140.641172904, 41.819127629 ], [ 140.641214311999988, 41.819149557 ], [ 140.641292843, 41.819191204 ], [ 140.64149013, 41.81929589 ], [ 140.641508944, 41.819305875 ], [ 140.641647938, 41.819391031 ], [ 140.64165236, 41.819393736 ], [ 140.64174799, 41.819452324 ], [ 140.64179819200001, 41.819483082 ], [ 140.64186395499999, 41.819523776 ], [ 140.641968816, 41.819316297 ], [ 140.641975545, 41.819302983 ], [ 140.642599761000014, 41.818067874 ], [ 140.642575634999986, 41.818060389 ], [ 140.642553396000011, 41.818053487 ], [ 140.64235503899999, 41.817991946 ], [ 140.64233278899999, 41.817985043 ], [ 140.642192053, 41.817941385 ], [ 140.642177049999987, 41.817936727 ], [ 140.641932319, 41.817860808 ], [ 140.64158895599999, 41.818540199 ], [ 140.64155520700001, 41.818530012 ], [ 140.641528851, 41.818522845 ], [ 140.64145966800001, 41.818504027 ], [ 140.641442885, 41.818499465 ], [ 140.641419984, 41.818494348 ], [ 140.641400022999989, 41.818489887 ], [ 140.641350354, 41.818477279 ], [ 140.641266449999989, 41.818458323 ], [ 140.641256840000011, 41.8184556 ], [ 140.641174052999986, 41.818442223 ], [ 140.641092587, 41.818416406 ], [ 140.641012737000011, 41.818393267 ], [ 140.640944112, 41.81837298 ], [ 140.640933163, 41.81836974 ], [ 140.64081513299999, 41.818338734 ], [ 140.64064214199999, 41.818287729 ], [ 140.640545163000013, 41.818504142 ], [ 140.640526174, 41.818546553 ], [ 140.64049416899999, 41.818617984 ], [ 140.640580652000011, 41.818645487 ] ] ] } },
{ "type": "Feature", "properties": { "A29_001": "01236", "A29_002": "北海道", "A29_003": "北斗市", "A29_004": 10, "A29_005": "準工業地域", "A29_006": 60, "A29_007": 200, "A29_008": "条件付き公開" }, "geometry": { "type": "Polygon", "coordinates": [ [ [ 140.675256967, 41.824010163 ], [ 140.675597732999989, 41.82399324 ], [ 140.675807392, 41.823977209 ], [ 140.676293493, 41.823932859 ], [ 140.679761823, 41.823559489 ], [ 140.680375195000011, 41.823473287 ], [ 140.680670986, 41.823431283 ], [ 140.680964155999987, 41.823385199 ], [ 140.681275007000011, 41.823332351 ], [ 140.681613786000014, 41.823270699 ], [ 140.682214679, 41.823151994 ], [ 140.682554114999988, 41.823076145 ], [ 140.68273711399999, 41.823034716 ], [ 140.68291962699999, 41.822992105 ], [ 140.683101641, 41.822948318 ], [ 140.683283143000011, 41.822903357 ], [ 140.683464119, 41.822857225 ], [ 140.68364455599999, 41.822809927 ], [ 140.683824439, 41.822761464 ], [ 140.684003757, 41.822711842 ], [ 140.684182494999988, 41.822661064 ], [ 140.68436064, 41.822609133 ], [ 140.68436389199999, 41.822608162 ], [ 140.684495965, 41.822569042 ], [ 140.684628671000013, 41.822531142 ], [ 140.684761992, 41.822494468 ], [ 140.684895906, 41.822459024 ], [ 140.685021385, 41.822427065 ], [ 140.685147347999987, 41.822396187 ], [ 140.685273776, 41.822366393 ], [ 140.685400654, 41.822337689 ], [ 140.685521239, 41.822311506 ], [ 140.685642198000011, 41.822286306 ], [ 140.685763516, 41.822262093 ], [ 140.68761608, 41.821940757 ], [ 140.687797331000013, 41.821908192 ], [ 140.687976776999989, 41.821874524 ], [ 140.688155763999987, 41.821839518 ], [ 140.688334274999988, 41.821803177 ], [ 140.688512292000013, 41.821765505 ], [ 140.68868979699999, 41.821726506 ], [ 140.693875349, 41.820541215 ], [ 140.694042983, 41.820502898 ], [ 140.69421012399999, 41.820463397 ], [ 140.69437675899999, 41.820422715 ], [ 140.694542872, 41.820380856 ], [ 140.694708448, 41.820337823 ], [ 140.694873473, 41.820293622 ], [ 140.695037931, 41.820248254 ], [ 140.695201808, 41.820201725 ], [ 140.695365089, 41.820154039 ], [ 140.69552776, 41.8201052 ], [ 140.697346777, 41.819519627 ], [ 140.69840814299999, 41.81915489 ], [ 140.698558719, 41.819102698 ], [ 140.698708509999989, 41.819049255 ], [ 140.698857497, 41.81899457 ], [ 140.699005661, 41.818938649 ], [ 140.699152985000012, 41.818881499 ], [ 140.699299450000012, 41.818823127 ], [ 140.69944503799999, 41.818763541 ], [ 140.69958973199999, 41.818702747 ], [ 140.69973351199999, 41.818640753 ], [ 140.699876362, 41.818577566 ], [ 140.700018263, 41.818513196 ], [ 140.700159199000012, 41.818447649 ], [ 140.700299151, 41.818380934 ], [ 140.70082386499999, 41.81812603 ], [ 140.703063637000014, 41.817051713 ], [ 140.703417331999987, 41.816869501 ], [ 140.703343421999989, 41.81679825 ], [ 140.70312169499999, 41.816584497 ], [ 140.703714271, 41.816279216 ], [ 140.703773407999989, 41.816247814 ], [ 140.705457687, 41.815417517 ], [ 140.705369725999986, 41.81532175 ], [ 140.705253166, 41.815194841 ], [ 140.70631695899999, 41.814670401 ], [ 140.705972659999986, 41.814362792 ], [ 140.705848933, 41.814254305 ], [ 140.705267451, 41.81372822 ], [ 140.705286019999988, 41.813720844 ], [ 140.705279794, 41.81371432 ], [ 140.705249587999987, 41.813682744 ], [ 140.705232677999987, 41.813692914 ], [ 140.705210937, 41.813705985 ], [ 140.705098920000012, 41.813777661 ], [ 140.704945672, 41.813851806 ], [ 140.704963537, 41.813864278 ], [ 140.704971255, 41.813869668 ], [ 140.705128819, 41.813988764 ], [ 140.70517874699999, 41.814026492 ], [ 140.705095652000011, 41.814081197 ], [ 140.70500850799999, 41.814138566 ], [ 140.704953030000013, 41.814078548 ], [ 140.704851996, 41.813969249 ], [ 140.704796671, 41.813901919 ], [ 140.704597688, 41.814163052 ], [ 140.7043416, 41.814386981 ], [ 140.704307281000013, 41.814416993 ], [ 140.704101568, 41.814568419 ], [ 140.704038317999988, 41.814624629 ], [ 140.703919205, 41.814697719 ], [ 140.703817662, 41.814760032 ], [ 140.703684677000012, 41.814861206 ], [ 140.703529736, 41.814962241 ], [ 140.703492737, 41.814979975 ], [ 140.703448708, 41.814928354 ], [ 140.70302539799999, 41.815137902 ], [ 140.702970547, 41.815165059 ], [ 140.7029159, 41.815192107 ], [ 140.702074724, 41.815585866 ], [ 140.701994417, 41.815628609 ], [ 140.701543816, 41.815825365 ], [ 140.701025042, 41.816051804 ], [ 140.700698611, 41.816185316 ], [ 140.700828199, 41.816290337 ], [ 140.70081468699999, 41.816297963 ], [ 140.700786826000012, 41.816310426 ], [ 140.70059002, 41.81639853 ], [ 140.700155467, 41.81659287 ], [ 140.699753038000011, 41.816744776 ], [ 140.699386428, 41.816883154 ], [ 140.69897583, 41.817038144 ], [ 140.698714566, 41.817132186 ], [ 140.698362446, 41.817263976 ], [ 140.69806662, 41.817373197 ], [ 140.69798727599999, 41.817401167 ], [ 140.696577243, 41.81783452 ], [ 140.693951365, 41.818631746 ], [ 140.693594975, 41.818739913 ], [ 140.693215282000011, 41.81885521 ], [ 140.693091126000013, 41.818887474 ], [ 140.692289773999988, 41.81911809 ], [ 140.690982448999989, 41.819494297 ], [ 140.691026959, 41.819572778 ], [ 140.69108365299999, 41.819672732 ], [ 140.690747179999988, 41.81975182 ], [ 140.690566012, 41.819794403 ], [ 140.690061756, 41.819912931 ], [ 140.689735856, 41.819989518 ], [ 140.689699574, 41.819998049 ], [ 140.68966328, 41.82000658 ], [ 140.689336465, 41.820083393 ], [ 140.688790826, 41.820213231 ], [ 140.688767199000011, 41.82021885 ], [ 140.688683688, 41.820238726 ], [ 140.68806072699999, 41.820350369 ], [ 140.687350347, 41.820479396 ], [ 140.686933651, 41.820553583 ], [ 140.686229426000011, 41.820682031 ], [ 140.685877589, 41.820746207 ], [ 140.68523227, 41.820863917 ], [ 140.68512955700001, 41.820837436 ], [ 140.68481204299999, 41.820895663 ], [ 140.684316067999987, 41.820986618 ], [ 140.683538813000013, 41.821129147 ], [ 140.682984705, 41.821230742 ], [ 140.682953422, 41.821236479 ], [ 140.68277658400001, 41.821268905 ], [ 140.681916144000013, 41.821499067 ], [ 140.681887058, 41.821282435 ], [ 140.680821742, 41.821465223 ], [ 140.68077334899999, 41.821470258 ], [ 140.680425955, 41.821530718 ], [ 140.68011601399999, 41.821584662 ], [ 140.678589985, 41.821815797 ], [ 140.678541630000012, 41.821822856 ], [ 140.677570808000013, 41.821933807 ], [ 140.67726271699999, 41.821969512 ], [ 140.676345067, 41.822066883 ], [ 140.674847031000013, 41.822236394 ], [ 140.674749014000014, 41.822233444 ], [ 140.672954242, 41.822378998 ], [ 140.672613694, 41.822400386 ], [ 140.6724523, 41.822410525 ], [ 140.672328196, 41.82241832 ], [ 140.67220280399999, 41.822426201 ], [ 140.67203021899999, 41.822437037 ], [ 140.671839201000012, 41.822452695 ], [ 140.671511581, 41.822479561 ], [ 140.671462445, 41.822483586 ], [ 140.67107236199999, 41.822515571 ], [ 140.670853139, 41.822523769 ], [ 140.670418014, 41.822554441 ], [ 140.670175906, 41.822571501 ], [ 140.669947366, 41.822583332 ], [ 140.669717889999987, 41.822593718 ], [ 140.66970588, 41.822594266 ], [ 140.669445187, 41.8226059 ], [ 140.66925825199999, 41.822614687 ], [ 140.669071486, 41.822623348 ], [ 140.668972964, 41.822627914 ], [ 140.66857145099999, 41.822646372 ], [ 140.668368582, 41.822655658 ], [ 140.668372046, 41.822828856 ], [ 140.668347923999988, 41.822829016 ], [ 140.6670915, 41.822842079 ], [ 140.66670910799999, 41.822846055 ], [ 140.666740121, 41.823582713 ], [ 140.666744927, 41.823696862 ], [ 140.666750121, 41.823820228 ], [ 140.66675062600001, 41.823831238 ], [ 140.666730247, 41.824028972 ], [ 140.66670561699999, 41.824303505 ], [ 140.66675006599999, 41.824303324 ], [ 140.671335021, 41.824165399 ], [ 140.675256967, 41.824010163 ] ] ] } },
{ "type": "Feature", "properties": { "A29_001": "01236", "A29_002": "北海道", "A29_003": "北斗市", "A29_004": 10, "A29_005": "準工業地域", "A29_006": 60, "A29_007": 200, "A29_008": "条件付き公開" }, "geometry": { "type": "Polygon", "coordinates": [ [ [ 140.706112985, 41.824477755 ], [ 140.70625515099999, 41.824544397 ], [ 140.706401782, 41.824613309 ], [ 140.706617368, 41.824712225 ], [ 140.70729629499999, 41.82407415 ], [ 140.708034013, 41.824534573 ], [ 140.708101449999987, 41.824472013 ], [ 140.70853273899999, 41.824072051 ], [ 140.708592836, 41.824116653 ], [ 140.708695583, 41.824192887 ], [ 140.70891128299999, 41.824004585 ], [ 140.708975216999988, 41.823949079 ], [ 140.70915961899999, 41.82378795 ], [ 140.709352184000011, 41.823957405 ], [ 140.709429935, 41.824026147 ], [ 140.70950769800001, 41.82409489 ], [ 140.70958547399999, 41.824163623 ], [ 140.709605278, 41.82418238 ], [ 140.709663225000014, 41.824232356 ], [ 140.709740989000011, 41.824301098 ], [ 140.70981877599999, 41.824369804 ], [ 140.709896576, 41.824438528 ], [ 140.709974364, 41.824507251 ], [ 140.710052152, 41.824575957 ], [ 140.71007525499999, 41.824596358 ], [ 140.71012996499999, 41.824644681 ], [ 140.710150741, 41.824663038 ], [ 140.710149831, 41.824663627 ], [ 140.71015754699999, 41.824670385 ], [ 140.710300409000013, 41.824795503 ], [ 140.710493386, 41.824964504 ], [ 140.710499865, 41.824970443 ], [ 140.710668736, 41.824748204 ], [ 140.710760900999986, 41.824620196 ], [ 140.710784146, 41.824587909 ], [ 140.710909355000013, 41.824414005 ], [ 140.710972559999988, 41.824326218 ], [ 140.711252151999986, 41.824050738 ], [ 140.71124335799999, 41.824041434 ], [ 140.711460042, 41.823833649 ], [ 140.711659328, 41.823642527 ], [ 140.71179661299999, 41.823510875 ], [ 140.71203102699999, 41.823330129 ], [ 140.71225506799999, 41.823146714 ], [ 140.712342854000013, 41.823092282 ], [ 140.712597484000014, 41.822934369 ], [ 140.71268557499999, 41.82264371 ], [ 140.712871632, 41.822421854 ], [ 140.71331864699999, 41.822060804 ], [ 140.71372550800001, 41.821729151 ], [ 140.714963614999988, 41.820745851 ], [ 140.715777465, 41.820082457 ], [ 140.716175080999989, 41.819744339 ], [ 140.716989136, 41.819081168 ], [ 140.717396224, 41.818749472 ], [ 140.717671689000014, 41.818525014 ], [ 140.717466476999988, 41.818348783 ], [ 140.717466476999988, 41.818348783 ], [ 140.71737230799999, 41.818281977 ], [ 140.71731173, 41.818239409 ], [ 140.717210005999988, 41.818168059 ], [ 140.717184744, 41.818150342 ], [ 140.717108136, 41.818096592 ], [ 140.71709081099999, 41.818084426 ], [ 140.717006343, 41.818025119 ], [ 140.716904543999988, 41.817953697 ], [ 140.716809146, 41.817886713 ], [ 140.71680283, 41.817882191 ], [ 140.71671459699999, 41.817820448 ], [ 140.716700841, 41.817810761 ], [ 140.716620107000011, 41.817753912 ], [ 140.71659896, 41.817739276 ], [ 140.71652482499999, 41.817687758 ], [ 140.716497514, 41.817667988 ], [ 140.716430229, 41.817621547 ], [ 140.71639545299999, 41.817596414 ], [ 140.71634265599999, 41.817559377 ], [ 140.716293573, 41.817524973 ], [ 140.716192987999989, 41.817454365 ], [ 140.716191766, 41.817453479 ], [ 140.716043429, 41.817349398 ], [ 140.715973127000012, 41.817300178 ], [ 140.715876872, 41.817232478 ], [ 140.715670297, 41.817087628 ], [ 140.71552922399999, 41.816989162 ], [ 140.715388201, 41.816890732 ], [ 140.715260884, 41.816801863 ], [ 140.7151376, 41.816715824 ], [ 140.71747037599999, 41.814524918 ], [ 140.717351014, 41.81440826 ], [ 140.717311432, 41.814369573 ], [ 140.716875671999986, 41.814520647 ], [ 140.715763462000012, 41.814909912 ], [ 140.71514380799999, 41.81512711 ], [ 140.71236596899999, 41.817752585 ], [ 140.710143867999989, 41.819838967 ], [ 140.708347475000011, 41.821508745 ], [ 140.70719914099999, 41.820415642 ], [ 140.705228086, 41.818586462 ], [ 140.705107375000011, 41.818627338 ], [ 140.705072795, 41.81863963 ], [ 140.704696332, 41.818773009 ], [ 140.704755019, 41.818860661 ], [ 140.704801005, 41.818929337 ], [ 140.704865818, 41.819027163 ], [ 140.704924721, 41.819116432 ], [ 140.70498330800001, 41.819205959 ], [ 140.705059798, 41.819321706 ], [ 140.705136161000013, 41.819437279 ], [ 140.705212886999988, 41.819552944 ], [ 140.705289599, 41.819668602 ], [ 140.705366336, 41.819784263 ], [ 140.705443046999989, 41.819899935 ], [ 140.705519995, 41.820015917 ], [ 140.705555487, 41.820069434 ], [ 140.705757914, 41.820374584 ], [ 140.705856616, 41.820523383 ], [ 140.705961596, 41.820681657 ], [ 140.706034589000012, 41.820791696 ], [ 140.706103761, 41.820895951 ], [ 140.70617292099999, 41.821000206 ], [ 140.70621243, 41.821059774 ], [ 140.706273049, 41.821151161 ], [ 140.706330379, 41.821240534 ], [ 140.706389539000014, 41.821332752 ], [ 140.70642928, 41.821391547 ], [ 140.706489069000014, 41.821480241 ], [ 140.706588337, 41.82162958 ], [ 140.706686717, 41.821778389 ], [ 140.70671137, 41.821815604 ], [ 140.70680978499999, 41.821964188 ], [ 140.706909685999989, 41.822115025 ], [ 140.706931148, 41.822147423 ], [ 140.706846831, 41.822176471 ], [ 140.70670508399999, 41.822225303 ], [ 140.706640332, 41.822250493 ], [ 140.706601546, 41.822265576 ], [ 140.706461405999988, 41.822320087 ], [ 140.706425669, 41.822333987 ], [ 140.706006279, 41.822497134 ], [ 140.705907897, 41.822534721 ], [ 140.705810356, 41.822571981 ], [ 140.705581015, 41.822662194 ], [ 140.705472264, 41.822741188 ], [ 140.705511395, 41.822785077 ], [ 140.70476154799999, 41.823056589 ], [ 140.70478848, 41.823098086 ], [ 140.704806286, 41.823125542 ], [ 140.704888372999989, 41.823249826 ], [ 140.704968353999988, 41.823370913 ], [ 140.705048336, 41.823492 ], [ 140.705128331, 41.823613087 ], [ 140.705268585, 41.823825429 ], [ 140.699756877999988, 41.829004782 ], [ 140.699778062, 41.829038423 ], [ 140.700091743, 41.829546526 ], [ 140.700322492999987, 41.829919107 ], [ 140.70203832499999, 41.828306859 ], [ 140.702067668000012, 41.828363952 ], [ 140.70208813799999, 41.828403787 ], [ 140.70216245899999, 41.828548327 ], [ 140.702251404, 41.828721398 ], [ 140.702270921, 41.828759355 ], [ 140.70229546600001, 41.828807085 ], [ 140.702360814, 41.82873351 ], [ 140.70242172499999, 41.828676418 ], [ 140.70250433199999, 41.828598998 ], [ 140.702514294999986, 41.828589667 ], [ 140.702586951, 41.828521579 ], [ 140.702650817, 41.828461728 ], [ 140.70266914699999, 41.828443936 ], [ 140.70275, 41.828365497 ], [ 140.702830877999986, 41.828287058 ], [ 140.702915553, 41.82820491 ], [ 140.702772866, 41.828116702 ], [ 140.702662508, 41.82804847 ], [ 140.702596574000012, 41.828007698 ], [ 140.702664935, 41.827943517 ], [ 140.702685429000013, 41.827955988 ], [ 140.702822880000014, 41.827828604 ], [ 140.702834158, 41.827818142 ], [ 140.702961824999988, 41.8276998 ], [ 140.703098998, 41.827572534 ], [ 140.703104932, 41.827575806 ], [ 140.703182473999988, 41.827504223 ], [ 140.70329311, 41.827402075 ], [ 140.70340374700001, 41.827299927 ], [ 140.703517301, 41.827195084 ], [ 140.703518006, 41.827194433 ], [ 140.70358603599999, 41.827131324 ], [ 140.703598476, 41.82713864 ], [ 140.70384066599999, 41.826911858 ], [ 140.704128270000012, 41.826642577 ], [ 140.704142192, 41.826650895 ], [ 140.704345399, 41.826780296 ], [ 140.704366625, 41.826761648 ], [ 140.704506837, 41.826630526 ], [ 140.704633976, 41.826511635 ], [ 140.70464354399999, 41.826502692 ], [ 140.70467844, 41.826470068 ], [ 140.704259742, 41.826219388 ], [ 140.706112985, 41.824477755 ] ] ] } },
{ "type": "Feature", "properties": { "A29_001": "01236", "A29_002": "北海道", "A29_003": "北斗市", "A29_004": 10, "A29_005": "準工業地域", "A29_006": 60, "A29_007": 200, "A29_008": "条件付き公開" }, "geometry": { "type": "Polygon", "coordinates": [ [ [ 140.630633192, 41.812391537 ], [ 140.630440357999987, 41.812275988 ], [ 140.630434326, 41.812271523 ], [ 140.63040788, 41.81225661 ], [ 140.63040279399999, 41.812251332 ], [ 140.6302068, 41.812136031 ], [ 140.630155846, 41.812106062 ], [ 140.63007914799999, 41.812055946 ], [ 140.629883508, 41.811910722 ], [ 140.629771124, 41.811827588 ], [ 140.629313524999986, 41.811488879 ], [ 140.62921987499999, 41.811419 ], [ 140.629063811, 41.811302395 ], [ 140.62877838, 41.811091753 ], [ 140.62877220199999, 41.811086983 ], [ 140.62874931499999, 41.811069257 ], [ 140.628742899, 41.811064965 ], [ 140.628709141, 41.81104062 ], [ 140.62842612, 41.810836289 ], [ 140.628370187, 41.810796466 ], [ 140.628221706, 41.810689604 ], [ 140.628215092, 41.810686502 ], [ 140.628191507999986, 41.810668957 ], [ 140.62818625599999, 41.810664022 ], [ 140.627945633, 41.810491371 ], [ 140.627786439, 41.81038005 ], [ 140.627780492999989, 41.810375684 ], [ 140.62775507399999, 41.810359317 ], [ 140.62757064199999, 41.810220922 ], [ 140.62709515899999, 41.809833258 ], [ 140.626944540000011, 41.809931348 ], [ 140.626241771999986, 41.809262427 ], [ 140.62642182, 41.809155004 ], [ 140.626399534, 41.809139112 ], [ 140.626180186, 41.80898273 ], [ 140.625997251, 41.808852305 ], [ 140.625462223999989, 41.808420915 ], [ 140.625403, 41.80845364 ], [ 140.625307525000011, 41.808366519 ], [ 140.62528630599999, 41.808347688 ], [ 140.62518137, 41.808266541 ], [ 140.623919762000014, 41.80727733 ], [ 140.623888733, 41.807243548 ], [ 140.623869844000012, 41.807223736 ], [ 140.623511188, 41.806770443 ], [ 140.623457320999989, 41.806712468 ], [ 140.623330321, 41.806575771 ], [ 140.623141077000014, 41.806279296 ], [ 140.62311922399999, 41.806250697 ], [ 140.622990759, 41.806103955 ], [ 140.622823188000012, 41.805912543 ], [ 140.622789258000012, 41.805872134 ], [ 140.622726676000013, 41.805794962 ], [ 140.622657694999987, 41.805709906 ], [ 140.622632941, 41.805683027 ], [ 140.622215208, 41.805172644 ], [ 140.622115040000011, 41.805030168 ], [ 140.622099908, 41.805008616 ], [ 140.621999794, 41.804867112 ], [ 140.621909605000013, 41.804739641 ], [ 140.62166539899999, 41.803900931 ], [ 140.62171200200001, 41.803873273 ], [ 140.62172270799999, 41.803785375 ], [ 140.621729818, 41.803726995 ], [ 140.62159199300001, 41.803728763 ], [ 140.62170215, 41.803558434 ], [ 140.621768073, 41.803562822 ], [ 140.621772822, 41.803460464 ], [ 140.621829831000014, 41.80312307 ], [ 140.62166289000001, 41.802998961 ], [ 140.621393541, 41.802673118 ], [ 140.621304032000012, 41.802676891 ], [ 140.621302660999987, 41.802647821 ], [ 140.62129845199999, 41.802559106 ], [ 140.621292356999987, 41.802541342 ], [ 140.621171983000011, 41.802448957 ], [ 140.62118841099999, 41.802616681 ], [ 140.621193242, 41.802726012 ], [ 140.621189616, 41.802939769 ], [ 140.621187485, 41.80347967 ], [ 140.621189579, 41.804252289 ], [ 140.621190124, 41.804322896 ], [ 140.621192517999987, 41.804393482 ], [ 140.621196762000011, 41.804464019 ], [ 140.62120285200001, 41.80453448 ], [ 140.621210788000013, 41.804604838 ], [ 140.621220566, 41.804675067 ], [ 140.621232181000011, 41.804745138 ], [ 140.62124563099999, 41.804815025 ], [ 140.621260909, 41.804884702 ], [ 140.621278009, 41.804954142 ], [ 140.621296926000014, 41.805023317 ], [ 140.621317651999988, 41.805092201 ], [ 140.621340178, 41.805160768 ], [ 140.621364497, 41.805228992 ], [ 140.621390598, 41.805296846 ], [ 140.621418471999988, 41.805364304 ], [ 140.621448109, 41.80543134 ], [ 140.621479496, 41.805497928 ], [ 140.621512622000012, 41.805564044 ], [ 140.62154747400001, 41.805629661 ], [ 140.621584038, 41.805694754 ], [ 140.621622301, 41.805759298 ], [ 140.621662248, 41.805823268 ], [ 140.62170386299999, 41.80588664 ], [ 140.621747131, 41.80594939 ], [ 140.621792035, 41.806011493 ], [ 140.62183855699999, 41.806072926 ], [ 140.621886679999989, 41.806133664 ], [ 140.621936385, 41.806193685 ], [ 140.621987654, 41.806252965 ], [ 140.622040465999987, 41.806311482 ], [ 140.622094801, 41.806369213 ], [ 140.62215063799999, 41.806426135 ], [ 140.622207956000011, 41.806482228 ], [ 140.622208656999987, 41.806482905 ], [ 140.625873092, 41.810040201 ], [ 140.625967422, 41.810128812 ], [ 140.626063235, 41.810216528 ], [ 140.626160515, 41.810303335 ], [ 140.62618550900001, 41.810325284 ], [ 140.626280578, 41.810407511 ], [ 140.626376972, 41.81048887 ], [ 140.626474677, 41.810569348 ], [ 140.626573678, 41.810648936 ], [ 140.62667396099999, 41.81072762 ], [ 140.626775511, 41.810805389 ], [ 140.62687831299999, 41.810882232 ], [ 140.628497517, 41.812055592 ], [ 140.629106342999989, 41.81253082 ], [ 140.629291787999989, 41.812661484 ], [ 140.62947846099999, 41.812791167 ], [ 140.62966635399999, 41.81291986 ], [ 140.629728546, 41.812960985 ], [ 140.629791624, 41.813001348 ], [ 140.629855572, 41.813040938 ], [ 140.629920373, 41.813079743 ], [ 140.629985578, 41.813020791 ], [ 140.63005001799999, 41.812957648 ], [ 140.63015227299999, 41.812857452 ], [ 140.630325027999987, 41.812689321 ], [ 140.630324507000012, 41.812686657 ], [ 140.630381355, 41.812632308 ], [ 140.630633192, 41.812391537 ] ] ] } },
{ "type": "Feature", "properties": { "A29_001": "01236", "A29_002": "北海道", "A29_003": "北斗市", "A29_004": 10, "A29_005": "準工業地域", "A29_006": 60, "A29_007": 200, "A29_008": "条件付き公開" }, "geometry": { "type": "Polygon", "coordinates": [ [ [ 140.646139983000012, 41.818924466 ], [ 140.646382063, 41.819003964 ], [ 140.647382203, 41.819383197 ], [ 140.647698165, 41.819537377 ], [ 140.647954199, 41.819653579 ], [ 140.64807111499999, 41.819712742 ], [ 140.648232510000014, 41.81932523 ], [ 140.648283644, 41.81921315 ], [ 140.648356651, 41.819040803 ], [ 140.648863051, 41.817836549 ], [ 140.648807842999986, 41.817823792 ], [ 140.64874307, 41.817978521 ], [ 140.64815581799999, 41.817840695 ], [ 140.648218875, 41.817690457 ], [ 140.64707066, 41.81742101 ], [ 140.647524686, 41.816284564 ], [ 140.647519890000012, 41.816201796 ], [ 140.647276825, 41.816209687 ], [ 140.646779103, 41.817389215 ], [ 140.646139983000012, 41.818924466 ] ] ] } },
{ "type": "Feature", "properties": { "A29_001": "01236", "A29_002": "北海道", "A29_003": "北斗市", "A29_004": 10, "A29_005": "準工業地域", "A29_006": 60, "A29_007": 200, "A29_008": "条件付き公開" }, "geometry": { "type": "Polygon", "coordinates": [ [ [ 140.646175319, 41.882850334 ], [ 140.645125842, 41.882740873 ], [ 140.64467428, 41.882687701 ], [ 140.643997469999988, 41.883708889 ], [ 140.643982329000011, 41.883732055 ], [ 140.644106384, 41.883755163 ], [ 140.6443127, 41.883793595 ], [ 140.645503252999987, 41.884011453 ], [ 140.645511959, 41.88398823 ], [ 140.645596825000013, 41.883762277 ], [ 140.64563036199999, 41.883766888 ], [ 140.645850806, 41.883797244 ], [ 140.645853964999986, 41.88379767 ], [ 140.646016073, 41.883320782 ], [ 140.646102487, 41.883066532 ], [ 140.646152472000011, 41.882919484 ], [ 140.646175319, 41.882850334 ] ] ] } },
{ "type": "Feature", "properties": { "A29_001": "01236", "A29_002": "北海道", "A29_003": "北斗市", "A29_004": 10, "A29_005": "準工業地域", "A29_006": 60, "A29_007": 200, "A29_008": "条件付き公開" }, "geometry": { "type": "Polygon", "coordinates": [ [ [ 140.675282466, 41.855088754 ], [ 140.67532338, 41.85485805 ], [ 140.675392378, 41.854469004 ], [ 140.675421607, 41.854301733 ], [ 140.675454273000014, 41.854113281 ], [ 140.675579469000013, 41.853302759 ], [ 140.67567988799999, 41.852758226 ], [ 140.675938174, 41.852781113 ], [ 140.67609976599999, 41.852793549 ], [ 140.67617127599999, 41.852474899 ], [ 140.676206122999986, 41.852319691 ], [ 140.676231123, 41.852208397 ], [ 140.677123378, 41.85230753 ], [ 140.67712247, 41.852303415 ], [ 140.67708078199999, 41.852113352 ], [ 140.677062583, 41.85202867 ], [ 140.67704753699999, 41.85197657 ], [ 140.677028616, 41.85192579 ], [ 140.677011488, 41.85188524 ], [ 140.677006524, 41.851875604 ], [ 140.677154910000013, 41.851739894 ], [ 140.67722154399999, 41.851679503 ], [ 140.67736344, 41.8515509 ], [ 140.677463390000014, 41.851460304 ], [ 140.677530217999987, 41.851399735 ], [ 140.67782169, 41.851125035 ], [ 140.678051834, 41.850906699 ], [ 140.67899529799999, 41.850011541 ], [ 140.67924766199999, 41.849776607 ], [ 140.679383755, 41.849642971 ], [ 140.679375794, 41.84964093 ], [ 140.679479786, 41.849540905 ], [ 140.679501343, 41.849510498 ], [ 140.67961885599999, 41.849410615 ], [ 140.679769345000011, 41.849282696 ], [ 140.679922025, 41.849152922 ], [ 140.680000998, 41.849072146 ], [ 140.68009974099999, 41.848971154 ], [ 140.680368904, 41.848695859 ], [ 140.680379996, 41.848685202 ], [ 140.680416595999986, 41.84864852 ], [ 140.680555285999986, 41.848516828 ], [ 140.680688976, 41.848386603 ], [ 140.680704367, 41.848373727 ], [ 140.680725067, 41.84835385 ], [ 140.68083654099999, 41.848245945 ], [ 140.680930530000012, 41.848155839 ], [ 140.681063969, 41.848027911 ], [ 140.681162277, 41.847931917 ], [ 140.681163301, 41.847930934 ], [ 140.68118010500001, 41.847914788 ], [ 140.681196832000012, 41.847898697 ], [ 140.681281057, 41.847817743 ], [ 140.68128310099999, 41.847815778 ], [ 140.68136285, 41.847742259 ], [ 140.681502824, 41.847636311 ], [ 140.68157501499999, 41.847568122 ], [ 140.681859999000011, 41.847288489 ], [ 140.682111529999986, 41.84702216 ], [ 140.682156698999989, 41.847028683 ], [ 140.683098495, 41.847126744 ], [ 140.683097033, 41.847095596 ], [ 140.683095290000011, 41.847061874 ], [ 140.683072704000011, 41.846700037 ], [ 140.683072125, 41.846690873 ], [ 140.68306868499999, 41.846635872 ], [ 140.683067028000011, 41.846590383 ], [ 140.683055008999986, 41.846316869 ], [ 140.683049498, 41.846188367 ], [ 140.683051215, 41.846156706 ], [ 140.68304573899999, 41.846008905 ], [ 140.683041371, 41.845918366 ], [ 140.68304049299999, 41.845900631 ], [ 140.683038684, 41.845863339 ], [ 140.683267064, 41.845874336 ], [ 140.68348960899999, 41.84588907 ], [ 140.683943309, 41.845459351 ], [ 140.682646103, 41.845334671 ], [ 140.68166644199999, 41.845241806 ], [ 140.680543112, 41.846296294 ], [ 140.68031028199999, 41.846514838 ], [ 140.680021605, 41.846785825 ], [ 140.679542613, 41.847235441 ], [ 140.679380662999989, 41.847403065 ], [ 140.67923083, 41.847558162 ], [ 140.679008434999986, 41.84778836 ], [ 140.678317015, 41.848399953 ], [ 140.67827049600001, 41.848435005 ], [ 140.678229144999989, 41.848479492 ], [ 140.67789596899999, 41.848781063 ], [ 140.676817089, 41.849793723 ], [ 140.676591492, 41.850005461 ], [ 140.67641359699999, 41.850172441 ], [ 140.676282697, 41.850295305 ], [ 140.67619954700001, 41.850373348 ], [ 140.67607324799999, 41.85049189 ], [ 140.675983749000011, 41.850575892 ], [ 140.675911477, 41.850643728 ], [ 140.67407312099999, 41.852369151 ], [ 140.67373271, 41.852721799 ], [ 140.674150962, 41.852764817 ], [ 140.67428234799999, 41.852779435 ], [ 140.674318201, 41.852783039 ], [ 140.674524025000011, 41.852803654 ], [ 140.674671184, 41.852818409 ], [ 140.67456866, 41.852915024 ], [ 140.674571554000011, 41.852915626 ], [ 140.67431182199999, 41.853159122 ], [ 140.674285429, 41.85315632 ], [ 140.674095082, 41.853136115 ], [ 140.67330217899999, 41.853045175 ], [ 140.6729746, 41.853009498 ], [ 140.672888932, 41.853001394 ], [ 140.672905214999986, 41.853047693 ], [ 140.67281207799999, 41.853041791 ], [ 140.672597161999988, 41.853017775 ], [ 140.672580581, 41.853126084 ], [ 140.672424438, 41.854145669 ], [ 140.672374518, 41.854471642 ], [ 140.672313050000014, 41.854872986 ], [ 140.672298084, 41.854970727 ], [ 140.67228471199999, 41.855058026 ], [ 140.67225611, 41.855244778 ], [ 140.672207648000011, 41.855657474 ], [ 140.67223883599999, 41.855671199 ], [ 140.67231531499999, 41.855680462 ], [ 140.672410345, 41.855691953 ], [ 140.67244465600001, 41.855698958 ], [ 140.672571094, 41.855724785 ], [ 140.67257757199999, 41.855702539 ], [ 140.672609572, 41.855592705 ], [ 140.672913002, 41.855643218 ], [ 140.672949695, 41.855478595 ], [ 140.67296349899999, 41.855480255 ], [ 140.672992126, 41.855483679 ], [ 140.673023934000014, 41.855487479 ], [ 140.673059286000012, 41.855491563 ], [ 140.673209479, 41.855508946 ], [ 140.673661505000013, 41.855561241 ], [ 140.673822023000014, 41.855965144 ], [ 140.673961174, 41.855985105 ], [ 140.674634008999988, 41.856081641 ], [ 140.674652751, 41.856084304 ], [ 140.674777879, 41.855691028 ], [ 140.674783604, 41.855673448 ], [ 140.67479834400001, 41.85562816 ], [ 140.675183524, 41.855672581 ], [ 140.675194626, 41.855606269 ], [ 140.67519753, 41.855590096 ], [ 140.675201988999987, 41.855563247 ], [ 140.675257034999987, 41.8552323 ], [ 140.675279397, 41.855103559 ], [ 140.675282466, 41.855088754 ] ] ] } },
{ "type": "Feature", "properties": { "A29_001": "01236", "A29_002": "北海道", "A29_003": "北斗市", "A29_004": 11, "A29_005": "工業地域", "A29_006": 60, "A29_007": 200, "A29_008": "条件付き公開" }, "geometry": { "type": "Polygon", "coordinates": [ [ [ 140.712279438, 41.811806398 ], [ 140.712702581, 41.811561264 ], [ 140.712625451, 41.811500436 ], [ 140.711906969000012, 41.810933759 ], [ 140.711691316000014, 41.810729781 ], [ 140.71153059, 41.810535503 ], [ 140.710920765999987, 41.81097659 ], [ 140.710310951999986, 41.811286953 ], [ 140.709771601, 41.811565005 ], [ 140.708621392, 41.812146666 ], [ 140.707569347, 41.812688027 ], [ 140.707204515, 41.812879735 ], [ 140.70653936799999, 41.81320535 ], [ 140.70616812099999, 41.813370415 ], [ 140.705286019999988, 41.813720844 ], [ 140.705267451, 41.81372822 ], [ 140.705848933, 41.814254305 ], [ 140.705972659999986, 41.814362792 ], [ 140.70631695899999, 41.814670401 ], [ 140.708781587, 41.813455294 ], [ 140.70920940900001, 41.81324436 ], [ 140.709683665, 41.81297012 ], [ 140.70989941799999, 41.813186769 ], [ 140.712279438, 41.811806398 ] ] ] } },
{ "type": "Feature", "properties": { "A29_001": "01236", "A29_002": "北海道", "A29_003": "北斗市", "A29_004": 11, "A29_005": "工業地域", "A29_006": 60, "A29_007": 200, "A29_008": "条件付き公開" }, "geometry": { "type": "Polygon", "coordinates": [ [ [ 140.632879847999988, 41.821913693 ], [ 140.632880747, 41.821913237 ], [ 140.632970898999986, 41.821867258 ], [ 140.633087346, 41.821807883 ], [ 140.63309352600001, 41.821804729 ], [ 140.633119461, 41.821791505 ], [ 140.63313292399999, 41.821783264 ], [ 140.63316609200001, 41.82176296 ], [ 140.633326495, 41.821664712 ], [ 140.633403311, 41.821617662 ], [ 140.633492995000012, 41.821562727 ], [ 140.633493023999989, 41.821562707 ], [ 140.633533742, 41.821530837 ], [ 140.633536537999987, 41.821531637 ], [ 140.633620087, 41.821555549 ], [ 140.633632737, 41.82155917 ], [ 140.633641993999987, 41.821552869 ], [ 140.633834787000012, 41.821403656 ], [ 140.634065459, 41.821207943 ], [ 140.634468833, 41.820865874 ], [ 140.634505729000011, 41.820835856 ], [ 140.63543508, 41.820003903 ], [ 140.63552251199999, 41.819930675 ], [ 140.63552407099999, 41.819929589 ], [ 140.63552898399999, 41.819925971 ], [ 140.63563757599999, 41.819848351 ], [ 140.63580654899999, 41.819743244 ], [ 140.636016485999988, 41.819624493 ], [ 140.63618449399999, 41.819539289 ], [ 140.63637298, 41.819456717 ], [ 140.63655554499999, 41.819390282 ], [ 140.63675978099999, 41.819324764 ], [ 140.636985595, 41.819264575 ], [ 140.637165914, 41.819225159 ], [ 140.637333058, 41.819196683 ], [ 140.63750985199999, 41.819171775 ], [ 140.637669855000013, 41.819156828 ], [ 140.637894845, 41.819139861 ], [ 140.63817631, 41.819126305 ], [ 140.638451941999989, 41.819123572 ], [ 140.63874089, 41.8191334 ], [ 140.639086389, 41.819159242 ], [ 140.63937787099999, 41.81918977 ], [ 140.639582671, 41.819217889 ], [ 140.639800767, 41.819255057 ], [ 140.64002362299999, 41.819302923 ], [ 140.640265935, 41.819363329 ], [ 140.640526375, 41.819435468 ], [ 140.640797701999986, 41.819516484 ], [ 140.640967778, 41.819574432 ], [ 140.641122185, 41.819628922 ], [ 140.64131755, 41.819708395 ], [ 140.64149364299999, 41.819785771 ], [ 140.641624043, 41.819851148 ], [ 140.64163986299999, 41.819859558 ], [ 140.64208039799999, 41.820072445 ], [ 140.64240998599999, 41.820231685 ], [ 140.642647869, 41.82035423 ], [ 140.642757542999988, 41.820415741 ], [ 140.64281191399999, 41.820358433 ], [ 140.642965325, 41.820196237 ], [ 140.643038182, 41.820118696 ], [ 140.64305853, 41.820066464 ], [ 140.64274404, 41.819951314 ], [ 140.642700029999986, 41.819935202 ], [ 140.64231056, 41.819749604 ], [ 140.642291177, 41.81974037 ], [ 140.642226310000012, 41.81970299 ], [ 140.642174102000013, 41.819672905 ], [ 140.641946087, 41.819573088 ], [ 140.641945384, 41.819574162 ], [ 140.64186395499999, 41.819523776 ], [ 140.64179819200001, 41.819483082 ], [ 140.64174799, 41.819452324 ], [ 140.64165236, 41.819393736 ], [ 140.641647938, 41.819391031 ], [ 140.641508944, 41.819305875 ], [ 140.64149013, 41.81929589 ], [ 140.641292843, 41.819191204 ], [ 140.641214311999988, 41.819149557 ], [ 140.641172904, 41.819127629 ], [ 140.641164016, 41.819123013 ], [ 140.641120881, 41.819100073 ], [ 140.641055324, 41.819065352 ], [ 140.64095802, 41.819013807 ], [ 140.640950655000012, 41.819010014 ], [ 140.640942333999988, 41.819005504 ], [ 140.640801762, 41.818931042 ], [ 140.64066237, 41.818857213 ], [ 140.64064658699999, 41.818848857 ], [ 140.640589517, 41.818818626 ], [ 140.640500228, 41.818771441 ], [ 140.640478613, 41.818759998 ], [ 140.640565385, 41.81866262 ], [ 140.640580564, 41.818645586 ], [ 140.640580652000011, 41.818645487 ], [ 140.64049416899999, 41.818617984 ], [ 140.640378776, 41.818581288 ], [ 140.640367523, 41.818577644 ], [ 140.640255954, 41.818542069 ], [ 140.640235808, 41.818578506 ], [ 140.639995507, 41.818497842 ], [ 140.639983050000012, 41.818511895 ], [ 140.639875288000013, 41.818473075 ], [ 140.63973192899999, 41.818421436 ], [ 140.639613817, 41.818378895 ], [ 140.639617343999987, 41.818372959 ], [ 140.639556316000011, 41.818352843 ], [ 140.63953710199999, 41.81834638 ], [ 140.639330591, 41.818276881 ], [ 140.639302550999986, 41.81825975 ], [ 140.639174309999987, 41.818181392 ], [ 140.639064319, 41.818114197 ], [ 140.63905634599999, 41.818109325 ], [ 140.63901363799999, 41.818083268 ], [ 140.638920610000014, 41.818026496 ], [ 140.638874834, 41.817998648 ], [ 140.638865313999986, 41.817992728 ], [ 140.638847578, 41.817981866 ], [ 140.638828788000012, 41.817970354 ], [ 140.63880722499999, 41.817957142 ], [ 140.63871612, 41.817901687 ], [ 140.63869727299999, 41.817890216 ], [ 140.638549797, 41.817800439 ], [ 140.63849622699999, 41.81776783 ], [ 140.638436342, 41.817731301 ], [ 140.638412034, 41.817716463 ], [ 140.63835522799999, 41.817681809 ], [ 140.638266334, 41.81762758 ], [ 140.638163776, 41.817565005 ], [ 140.638142899, 41.817552226 ], [ 140.63806048, 41.817501775 ], [ 140.638048712999989, 41.817494611 ], [ 140.637928867999989, 41.817421677 ], [ 140.637866651, 41.817383808 ], [ 140.637791023, 41.817337781 ], [ 140.63772018, 41.817294674 ], [ 140.637675382999987, 41.817267408 ], [ 140.637638512, 41.817244958 ], [ 140.637526157999986, 41.817176545 ], [ 140.637458517, 41.817135345 ], [ 140.637339217, 41.817062705 ], [ 140.637292476, 41.817034247 ], [ 140.63721108499999, 41.816984431 ], [ 140.637147985000013, 41.816945799 ], [ 140.637045524, 41.81688307 ], [ 140.636939160999987, 41.816817959 ], [ 140.636922768, 41.816807974 ], [ 140.636902823000014, 41.816795831 ], [ 140.636835241999989, 41.816754676 ], [ 140.636805221, 41.81673639 ], [ 140.636710760999989, 41.816678838 ], [ 140.636654198, 41.816644398 ], [ 140.636565174, 41.816590087 ], [ 140.636369669, 41.816470799 ], [ 140.63632027, 41.816440522 ], [ 140.636202118, 41.816368147 ], [ 140.636023838999989, 41.81625894 ], [ 140.636163008000011, 41.816045018 ], [ 140.636228624000012, 41.816084621 ], [ 140.636232896, 41.816087199 ], [ 140.636320160999986, 41.816007833 ], [ 140.636513876, 41.815841802 ], [ 140.636698185, 41.815680833 ], [ 140.63680831, 41.815541455 ], [ 140.63597571599999, 41.815173526 ], [ 140.635504329000014, 41.814981076 ], [ 140.635001541, 41.814836289 ], [ 140.635009309, 41.814819119 ], [ 140.63499784699999, 41.814816366 ], [ 140.634951406, 41.814763045 ], [ 140.634774005, 41.814683948 ], [ 140.634588751, 41.814694226 ], [ 140.634381832, 41.814577842 ], [ 140.634297984, 41.814530569 ], [ 140.63420258799999, 41.814476114 ], [ 140.63407772799999, 41.814405675 ], [ 140.633971077000012, 41.814345008 ], [ 140.633523612, 41.814091273 ], [ 140.633516369, 41.814087795 ], [ 140.633489448, 41.814074162 ], [ 140.633482203999989, 41.814070332 ], [ 140.633231316, 41.813926712 ], [ 140.63311446599999, 41.813858822 ], [ 140.633106524, 41.813855031 ], [ 140.63308013, 41.813841027 ], [ 140.633073681000013, 41.813837347 ], [ 140.63295229, 41.813774973 ], [ 140.632808508000011, 41.813699681 ], [ 140.632804205000014, 41.813698551 ], [ 140.63277161900001, 41.813679445 ], [ 140.63277058599999, 41.813677746 ], [ 140.632678956, 41.813624953 ], [ 140.632653069000014, 41.813609092 ], [ 140.632453814, 41.813487017 ], [ 140.632261932, 41.813370095 ], [ 140.632234885, 41.813353419 ], [ 140.63222732, 41.813350247 ], [ 140.632201208999987, 41.813335126 ], [ 140.63219564799999, 41.813331083 ], [ 140.631810503999986, 41.813099556 ], [ 140.631759120999988, 41.813068536 ], [ 140.631609649000012, 41.812979079 ], [ 140.631602192, 41.812975862 ], [ 140.631576666, 41.81295991 ], [ 140.63157154699999, 41.812955254 ], [ 140.631491374, 41.812909886 ], [ 140.631204045, 41.812738775 ], [ 140.63119704799999, 41.812734008 ], [ 140.631172571, 41.812718295 ], [ 140.63116640699999, 41.812713931 ], [ 140.630997697999987, 41.812613398 ], [ 140.630883238, 41.812543949 ], [ 140.630763647, 41.812469708 ], [ 140.630633192, 41.812391537 ], [ 140.630324507000012, 41.812686657 ], [ 140.630325027999987, 41.812689321 ], [ 140.63015227299999, 41.812857452 ], [ 140.63005001799999, 41.812957648 ], [ 140.629985578, 41.813020791 ], [ 140.629920373, 41.813079743 ], [ 140.629796857, 41.813191421 ], [ 140.629727901, 41.813261174 ], [ 140.629626696, 41.813363564 ], [ 140.629644825000014, 41.813374542 ], [ 140.629497262, 41.813494498 ], [ 140.62935282399999, 41.813611913 ], [ 140.629267123, 41.813681578 ], [ 140.629213082, 41.813725504 ], [ 140.629214117, 41.813747921 ], [ 140.629252799, 41.813786259 ], [ 140.62918240499999, 41.813832245 ], [ 140.629158918, 41.813847584 ], [ 140.628816402000012, 41.814071296 ], [ 140.628603340000012, 41.814210448 ], [ 140.628572136, 41.814230216 ], [ 140.629027938, 41.814569299 ], [ 140.629202889999988, 41.814694549 ], [ 140.62917977399999, 41.814712232 ], [ 140.628994874999989, 41.814854026 ], [ 140.62883748499999, 41.814974722 ], [ 140.628790595, 41.815010685 ], [ 140.62861258800001, 41.815147191 ], [ 140.628484625999988, 41.815222703 ], [ 140.628456583, 41.815238765 ], [ 140.628253543999989, 41.815365916 ], [ 140.628129808000011, 41.815443157 ], [ 140.62802346399999, 41.81550954 ], [ 140.627917193, 41.81557588 ], [ 140.627810919000012, 41.815642218 ], [ 140.627704654000013, 41.81570856 ], [ 140.627598377, 41.8157749 ], [ 140.627467422, 41.81585823 ], [ 140.627416248, 41.815890395 ], [ 140.62743960099999, 41.815918765 ], [ 140.627466735000013, 41.815951977 ], [ 140.627492425000014, 41.815985826 ], [ 140.627516641999989, 41.816020277 ], [ 140.627539363000011, 41.816055294 ], [ 140.627560563, 41.81609084 ], [ 140.62758022, 41.81612688 ], [ 140.627598314000011, 41.816163375 ], [ 140.627614826000013, 41.816200286 ], [ 140.627629739000014, 41.816237577 ], [ 140.627643038, 41.816275209 ], [ 140.627665818999986, 41.81633778 ], [ 140.627690282, 41.816399996 ], [ 140.627699621, 41.816423425 ], [ 140.627710525999987, 41.816446473 ], [ 140.62772296899999, 41.816469081 ], [ 140.62773692, 41.816491191 ], [ 140.627752343, 41.816512746 ], [ 140.62776919800001, 41.816533693 ], [ 140.627787442999988, 41.816553978 ], [ 140.62780703199999, 41.816573549 ], [ 140.62782791399999, 41.816592357 ], [ 140.627850037, 41.816610353 ], [ 140.62787334399999, 41.816627493 ], [ 140.627897776, 41.816643732 ], [ 140.627980060999988, 41.816698844 ], [ 140.628063352, 41.816753105 ], [ 140.628526502, 41.817048396 ], [ 140.62581393, 41.820264015 ], [ 140.62581438399999, 41.820264889 ], [ 140.625917386, 41.820463129 ], [ 140.625918221, 41.820464736 ], [ 140.62594335, 41.820503111 ], [ 140.62613603, 41.820778496 ], [ 140.626399929, 41.821079228 ], [ 140.626546690999987, 41.821213144 ], [ 140.62686179799999, 41.821476006 ], [ 140.626865302999988, 41.82147893 ], [ 140.62720724799999, 41.821714178 ], [ 140.627286622000014, 41.821754868 ], [ 140.627304917, 41.821764794 ], [ 140.627396272, 41.821814314 ], [ 140.62759008, 41.821919378 ], [ 140.627624731, 41.821934886 ], [ 140.62770301, 41.82196744 ], [ 140.628004850999986, 41.822096252 ], [ 140.62843338499999, 41.822226213 ], [ 140.628766688000013, 41.82230473 ], [ 140.62880984200001, 41.822314897 ], [ 140.62888177100001, 41.82233184 ], [ 140.629060579999987, 41.822364728 ], [ 140.629194786999989, 41.822391189 ], [ 140.629306981000013, 41.822412177 ], [ 140.629425719000011, 41.822424022 ], [ 140.62948451599999, 41.822428951 ], [ 140.629491608, 41.822423961 ], [ 140.629496461, 41.822420546 ], [ 140.62949745, 41.82241985 ], [ 140.629547022999986, 41.822436488 ], [ 140.629936875999988, 41.822463022 ], [ 140.630040974999986, 41.822470818 ], [ 140.630530283000013, 41.822464741 ], [ 140.630533321, 41.82246356 ], [ 140.630768294, 41.822448969 ], [ 140.630967755, 41.822436242 ], [ 140.631429923000013, 41.822386418 ], [ 140.63187753299999, 41.822281401 ], [ 140.632173013, 41.822184919 ], [ 140.632733406, 41.821987905 ], [ 140.632879847999988, 41.821913693 ] ] ] } },
{ "type": "Feature", "properties": { "A29_001": "01236", "A29_002": "北海道", "A29_003": "北斗市", "A29_004": 11, "A29_005": "工業地域", "A29_006": 60, "A29_007": 200, "A29_008": "条件付き公開" }, "geometry": { "type": "Polygon", "coordinates": [ [ [ 140.684536071999986, 41.828625527 ], [ 140.684595171000012, 41.828620189 ], [ 140.684655593, 41.828614747 ], [ 140.68493839300001, 41.828589201 ], [ 140.685201989, 41.828565388 ], [ 140.685472997, 41.828540905 ], [ 140.685691789, 41.828491011 ], [ 140.685910586, 41.828441132 ], [ 140.686129381, 41.82839124 ], [ 140.686346465000014, 41.828341235 ], [ 140.686501408, 41.828306413 ], [ 140.686578321000013, 41.828288419 ], [ 140.686869656, 41.828835634 ], [ 140.68694352899999, 41.828816726 ], [ 140.687212026, 41.828747987 ], [ 140.687227938, 41.828743919 ], [ 140.687568089, 41.828633394 ], [ 140.687601435, 41.828618977 ], [ 140.68761096599999, 41.828614862 ], [ 140.688434906999987, 41.828464422 ], [ 140.68902746, 41.82835613 ], [ 140.689087032, 41.828344315 ], [ 140.689105992, 41.828339868 ], [ 140.690331383, 41.828052003 ], [ 140.69148002099999, 41.827782168 ], [ 140.69156331, 41.827762663 ], [ 140.692593468000013, 41.83032905 ], [ 140.692652635, 41.830315292 ], [ 140.692688027, 41.83030707 ], [ 140.693826516, 41.830041663 ], [ 140.694322105, 41.829925115 ], [ 140.695010552000014, 41.829764219 ], [ 140.695042924, 41.829757124 ], [ 140.695102647, 41.829742891 ], [ 140.695138479, 41.82973481 ], [ 140.697210129000013, 41.829246866 ], [ 140.697636143000011, 41.82914725 ], [ 140.6977713, 41.829115641 ], [ 140.697790735000012, 41.829111099 ], [ 140.697797935000011, 41.829109414 ], [ 140.69785357, 41.829057093 ], [ 140.698181686, 41.82874856 ], [ 140.698559176, 41.828393591 ], [ 140.69887169, 41.828099713 ], [ 140.69892870000001, 41.828046106 ], [ 140.698939129, 41.828036296 ], [ 140.698949672999987, 41.828026575 ], [ 140.69906942899999, 41.82791308 ], [ 140.69729481499999, 41.825087104 ], [ 140.700087513999989, 41.824354798 ], [ 140.700358496, 41.824355418 ], [ 140.70071729599999, 41.824365843 ], [ 140.701079523, 41.824374363 ], [ 140.701197076999989, 41.824334486 ], [ 140.701864379999989, 41.824095456 ], [ 140.702766192000013, 41.823770374 ], [ 140.704727647, 41.823068864 ], [ 140.705511395, 41.822785077 ], [ 140.705472264, 41.822741188 ], [ 140.705581015, 41.822662194 ], [ 140.705810356, 41.822571981 ], [ 140.705907897, 41.822534721 ], [ 140.706006279, 41.822497134 ], [ 140.706425669, 41.822333987 ], [ 140.706461405999988, 41.822320087 ], [ 140.706601546, 41.822265576 ], [ 140.706640332, 41.822250493 ], [ 140.70670508399999, 41.822225303 ], [ 140.706846831, 41.822176471 ], [ 140.706931148, 41.822147423 ], [ 140.70690968299999, 41.822115021 ], [ 140.70680978499999, 41.821964188 ], [ 140.70671137, 41.821815604 ], [ 140.706686717, 41.821778389 ], [ 140.706588337, 41.82162958 ], [ 140.706489069000014, 41.821480241 ], [ 140.70642928, 41.821391547 ], [ 140.706389535999989, 41.821332754 ], [ 140.706330379, 41.821240534 ], [ 140.706273048000014, 41.821151159 ], [ 140.706212427, 41.821059773 ], [ 140.706172917, 41.821000205 ], [ 140.706103754999987, 41.82089595 ], [ 140.706034589000012, 41.820791696 ], [ 140.705961596, 41.820681657 ], [ 140.705856616, 41.820523383 ], [ 140.705757909, 41.820374584 ], [ 140.705555487, 41.820069433 ], [ 140.705519994000014, 41.820015919 ], [ 140.705443046999989, 41.819899935 ], [ 140.70536633099999, 41.819784265 ], [ 140.705289599, 41.819668602 ], [ 140.705212886999988, 41.819552944 ], [ 140.70513616, 41.819437283 ], [ 140.70505979399999, 41.819321711 ], [ 140.70498330800001, 41.819205959 ], [ 140.704924721, 41.819116432 ], [ 140.704865818, 41.819027163 ], [ 140.704801005, 41.818929337 ], [ 140.704755019, 41.818860661 ], [ 140.704696332, 41.818773009 ], [ 140.704257522, 41.818927571 ], [ 140.703876734, 41.819055675 ], [ 140.703808400000014, 41.819079081 ], [ 140.703761035000014, 41.819008204 ], [ 140.703167293, 41.818119687 ], [ 140.70306561699999, 41.817967557 ], [ 140.702896818, 41.818038393 ], [ 140.702726106, 41.817827358 ], [ 140.702367188000011, 41.817400766 ], [ 140.70234496899999, 41.817411091 ], [ 140.702335940000012, 41.817400765 ], [ 140.70082386499999, 41.81812603 ], [ 140.700299151, 41.818380934 ], [ 140.700159199000012, 41.818447649 ], [ 140.700018263, 41.818513196 ], [ 140.699876362, 41.818577566 ], [ 140.69973351199999, 41.818640753 ], [ 140.69958973199999, 41.818702747 ], [ 140.69944503799999, 41.818763541 ], [ 140.699299450000012, 41.818823127 ], [ 140.699152985000012, 41.818881499 ], [ 140.699005661, 41.818938649 ], [ 140.698857497, 41.81899457 ], [ 140.698708509999989, 41.819049255 ], [ 140.698558719, 41.819102698 ], [ 140.69840814299999, 41.81915489 ], [ 140.697346777, 41.819519627 ], [ 140.69552776, 41.8201052 ], [ 140.695365089, 41.820154039 ], [ 140.695201808, 41.820201725 ], [ 140.695037931, 41.820248254 ], [ 140.694873473, 41.820293622 ], [ 140.694708448, 41.820337823 ], [ 140.694542872, 41.820380856 ], [ 140.69437675899999, 41.820422715 ], [ 140.69421012399999, 41.820463397 ], [ 140.694042983, 41.820502898 ], [ 140.693875349, 41.820541215 ], [ 140.68868979699999, 41.821726506 ], [ 140.688512292000013, 41.821765505 ], [ 140.688334274999988, 41.821803177 ], [ 140.688155763999987, 41.821839518 ], [ 140.687976776999989, 41.821874524 ], [ 140.687797331000013, 41.821908192 ], [ 140.68761608, 41.821940757 ], [ 140.685763516, 41.822262093 ], [ 140.685642198000011, 41.822286306 ], [ 140.685521239, 41.822311506 ], [ 140.685400654, 41.822337689 ], [ 140.685273776, 41.822366393 ], [ 140.685147347999987, 41.822396187 ], [ 140.685021385, 41.822427065 ], [ 140.684895906, 41.822459024 ], [ 140.684761992, 41.822494468 ], [ 140.684628671000013, 41.822531142 ], [ 140.684495965, 41.822569042 ], [ 140.68436389199999, 41.822608162 ], [ 140.68436064, 41.822609133 ], [ 140.684182494999988, 41.822661064 ], [ 140.684003757, 41.822711842 ], [ 140.683824439, 41.822761464 ], [ 140.68364455599999, 41.822809927 ], [ 140.683464119, 41.822857225 ], [ 140.683283143000011, 41.822903357 ], [ 140.683101641, 41.822948318 ], [ 140.68291962699999, 41.822992105 ], [ 140.68273711399999, 41.823034716 ], [ 140.682554114999988, 41.823076145 ], [ 140.682652123999986, 41.823917295 ], [ 140.68290409, 41.825576024 ], [ 140.683013568, 41.826296002 ], [ 140.683102999, 41.826883051 ], [ 140.68311386900001, 41.826956034 ], [ 140.683126633, 41.827028845 ], [ 140.683141287000012, 41.827101457 ], [ 140.683157824, 41.827173842 ], [ 140.683176239, 41.827245974 ], [ 140.68319652400001, 41.827317824 ], [ 140.68321867200001, 41.827389366 ], [ 140.683242675, 41.827460572 ], [ 140.683268524, 41.827531416 ], [ 140.683296208, 41.827601871 ], [ 140.683325717, 41.82767191 ], [ 140.68335704099999, 41.827741507 ], [ 140.683390167, 41.827810636 ], [ 140.683425082000014, 41.82787927 ], [ 140.683461775000012, 41.827947383 ], [ 140.68350023, 41.828014951 ], [ 140.68354043299999, 41.828081947 ], [ 140.683582370000011, 41.828148346 ], [ 140.683626024, 41.828214123 ], [ 140.683671378000014, 41.828279253 ], [ 140.68371841699999, 41.828343711 ], [ 140.683767120999988, 41.828407474 ], [ 140.683817471999987, 41.828470516 ], [ 140.683869453, 41.828532815 ], [ 140.683923042, 41.828594347 ], [ 140.683978219000011, 41.828655088 ], [ 140.684536071999986, 41.828625527 ] ] ] } },
{ "type": "Feature", "properties": { "A29_001": "01236", "A29_002": "北海道", "A29_003": "北斗市", "A29_004": 11, "A29_005": "工業地域", "A29_006": 60, "A29_007": 200, "A29_008": "条件付き公開" }, "geometry": { "type": "Polygon", "coordinates": [ [ [ 140.661217634, 41.865776869 ], [ 140.661383437000012, 41.865621052 ], [ 140.661561513, 41.86545834 ], [ 140.66172186, 41.865308845 ], [ 140.66245902599999, 41.864610539 ], [ 140.664089193, 41.863082434 ], [ 140.665054035, 41.862178103 ], [ 140.66526135399999, 41.862304266 ], [ 140.66533955700001, 41.862350856 ], [ 140.665359482000014, 41.862362732 ], [ 140.666844231999988, 41.863247382 ], [ 140.667096794, 41.863397854 ], [ 140.667145051, 41.863426607 ], [ 140.668485397000012, 41.862169293 ], [ 140.668579931000011, 41.862080615 ], [ 140.66910467400001, 41.860416261 ], [ 140.669125439999988, 41.860420461 ], [ 140.669256819, 41.860447035 ], [ 140.669289972, 41.860360472 ], [ 140.669507974999988, 41.859791369 ], [ 140.66934628199999, 41.859733418 ], [ 140.669326834, 41.859726457 ], [ 140.668773018, 41.859527987 ], [ 140.668373484999989, 41.859384801 ], [ 140.668194962, 41.859317805 ], [ 140.66805309899999, 41.859269565 ], [ 140.667873226000012, 41.859203975 ], [ 140.666225223, 41.858609993 ], [ 140.666138225, 41.858558206 ], [ 140.665843701, 41.858382175 ], [ 140.665824356, 41.858370666 ], [ 140.66574859100001, 41.858327135 ], [ 140.665734625, 41.858318604 ], [ 140.665615917999986, 41.858430676 ], [ 140.66559323300001, 41.858452098 ], [ 140.665544799, 41.858500023 ], [ 140.66484913, 41.859154727 ], [ 140.664314899, 41.85965554 ], [ 140.664265728, 41.859701641 ], [ 140.664230056, 41.859735132 ], [ 140.664176399000013, 41.859785505 ], [ 140.664061548, 41.859889586 ], [ 140.663644280999989, 41.860284981 ], [ 140.662935358999988, 41.860948076 ], [ 140.662910734, 41.860971557 ], [ 140.66215183, 41.861685648 ], [ 140.661949485, 41.861873102 ], [ 140.6619033, 41.861915903 ], [ 140.661877798, 41.861939541 ], [ 140.66180560399999, 41.862011654 ], [ 140.66175559199999, 41.862058427 ], [ 140.661430362, 41.862362709 ], [ 140.660866719000012, 41.862892982 ], [ 140.660092013, 41.863621837 ], [ 140.65960640899999, 41.863475285 ], [ 140.659598358000011, 41.86347286 ], [ 140.65906949399999, 41.864582139 ], [ 140.659049291, 41.864621083 ], [ 140.659056169, 41.864622949 ], [ 140.65890485700001, 41.864940699 ], [ 140.658882317, 41.864989552 ], [ 140.65853381, 41.865744888 ], [ 140.658563171999987, 41.865755256 ], [ 140.658518660999988, 41.865868614 ], [ 140.65827283199999, 41.866503155 ], [ 140.658344465999988, 41.866676771 ], [ 140.658324247, 41.866709906 ], [ 140.658279776, 41.866786032 ], [ 140.65801720499999, 41.867247509 ], [ 140.65789991599999, 41.867376479 ], [ 140.65788193, 41.867399075 ], [ 140.657393422000013, 41.868139072 ], [ 140.657391193, 41.868142727 ], [ 140.657260005000012, 41.868347064 ], [ 140.657073285, 41.868371245 ], [ 140.657039929, 41.868957317 ], [ 140.657465535999989, 41.868974501 ], [ 140.657688226, 41.869103662 ], [ 140.657787173, 41.869008352 ], [ 140.658568761, 41.868273267 ], [ 140.65887193099999, 41.867984597 ], [ 140.661217634, 41.865776869 ] ] ] } },
{ "type": "Feature", "properties": { "A29_001": "01236", "A29_002": "北海道", "A29_003": "北斗市", "A29_004": 11, "A29_005": "工業地域", "A29_006": 60, "A29_007": 200, "A29_008": "条件付き公開" }, "geometry": { "type": "Polygon", "coordinates": [ [ [ 140.6686335, 41.898058245 ], [ 140.66880353799999, 41.898083183 ], [ 140.66883616699999, 41.897942113 ], [ 140.6686335, 41.898058245 ] ] ] } },
{ "type": "Feature", "properties": { "A29_001": "01236", "A29_002": "北海道", "A29_003": "北斗市", "A29_004": 11, "A29_005": "工業地域", "A29_006": 60, "A29_007": 200, "A29_008": "条件付き公開" }, "geometry": { "type": "Polygon", "coordinates": [ [ [ 140.654933166, 41.903283312 ], [ 140.654966593000012, 41.903276553 ], [ 140.655013741, 41.903266805 ], [ 140.655068785, 41.903255562 ], [ 140.655071857, 41.903254939 ], [ 140.65515691499999, 41.903237872 ], [ 140.655204629999986, 41.903228454 ], [ 140.655280051, 41.903213794 ], [ 140.655352284, 41.903200014 ], [ 140.655464345000013, 41.903179136 ], [ 140.65553563099999, 41.903166172 ], [ 140.655658957000014, 41.90314432 ], [ 140.655707948000014, 41.903135883 ], [ 140.655717708, 41.903134168 ], [ 140.655747701, 41.903129047 ], [ 140.65580276599999, 41.90311976 ], [ 140.65586645, 41.903109199 ], [ 140.655992989, 41.903088786 ], [ 140.656035465, 41.903082103 ], [ 140.65606677, 41.903077233 ], [ 140.656114884, 41.903069837 ], [ 140.65613972599999, 41.903066062 ], [ 140.656222654, 41.903053667 ], [ 140.656262029, 41.903047895 ], [ 140.65629995899999, 41.903042403 ], [ 140.656315533999987, 41.903040169 ], [ 140.656329770000013, 41.903038135 ], [ 140.65634162500001, 41.903036448 ], [ 140.65637847799999, 41.903031249 ], [ 140.65645216499999, 41.903021043 ], [ 140.656697554, 41.90298887 ], [ 140.656729052, 41.902984943 ], [ 140.65686201599999, 41.902968835 ], [ 140.657033863, 41.902949003 ], [ 140.657098256000012, 41.902941814 ], [ 140.657289101, 41.90292111 ], [ 140.657490236, 41.90289998 ], [ 140.657655107000011, 41.902882919 ], [ 140.657784314999986, 41.902869579 ], [ 140.65810697399999, 41.902836267 ], [ 140.65822812799999, 41.902823759 ], [ 140.65864316, 41.902780587 ], [ 140.658908974000013, 41.902751665 ], [ 140.659103417000011, 41.902729253 ], [ 140.65924342, 41.902712231 ], [ 140.659347996, 41.902698948 ], [ 140.659443374, 41.902686392 ], [ 140.659538494, 41.90267345 ], [ 140.659615460999987, 41.902662668 ], [ 140.659699241, 41.902650617 ], [ 140.659805231, 41.902634908 ], [ 140.659856843999989, 41.902627083 ], [ 140.659937199000012, 41.902614693 ], [ 140.660051205, 41.902596722 ], [ 140.660173821, 41.902576957 ], [ 140.660248107, 41.902564801 ], [ 140.660308654, 41.902554808 ], [ 140.660482736, 41.902525753 ], [ 140.660621913999989, 41.902502337 ], [ 140.660835014000014, 41.902466407 ], [ 140.660938756, 41.902450372 ], [ 140.661628306000011, 41.90233528 ], [ 140.662469574999989, 41.902193823 ], [ 140.663471859, 41.902023643 ], [ 140.664109948, 41.901915546 ], [ 140.665041503, 41.901759113 ], [ 140.665700656000013, 41.901647554 ], [ 140.666243936, 41.901556671 ], [ 140.666716474, 41.901476171 ], [ 140.666797865, 41.901463973 ], [ 140.665356589999988, 41.900992429 ], [ 140.66488844599999, 41.900974897 ], [ 140.665176295, 41.899799037 ], [ 140.665112951999987, 41.89982704 ], [ 140.664904845, 41.899917902 ], [ 140.664486352000011, 41.900096673 ], [ 140.664276236, 41.900184917 ], [ 140.664065083, 41.900271771 ], [ 140.663853159000013, 41.900357571 ], [ 140.663640472999987, 41.900442313 ], [ 140.663427035000012, 41.900525993 ], [ 140.663212855000012, 41.900608609 ], [ 140.662994278000014, 41.900691534 ], [ 140.662782306, 41.900770628 ], [ 140.66256595499999, 41.900850026 ], [ 140.662348901, 41.900928343 ], [ 140.661912718, 41.901081726 ], [ 140.661693608, 41.901156784 ], [ 140.661512484000014, 41.901217836 ], [ 140.661343805, 41.901273894 ], [ 140.661253413, 41.901303622 ], [ 140.660916707000013, 41.901410765 ], [ 140.66081015200001, 41.901445205 ], [ 140.660586419, 41.901516384 ], [ 140.66036592099999, 41.901585114 ], [ 140.660155459, 41.901647964 ], [ 140.65991814899999, 41.901718588 ], [ 140.659693705, 41.901784266 ], [ 140.659468796999988, 41.901849053 ], [ 140.65924345900001, 41.901913001 ], [ 140.659017726, 41.901976169 ], [ 140.658791634000011, 41.902038614 ], [ 140.658565216, 41.902100399 ], [ 140.658338509, 41.902161589 ], [ 140.658111547, 41.902222249 ], [ 140.657884360999986, 41.902282442 ], [ 140.657656986, 41.902342233 ], [ 140.65742945, 41.902401683 ], [ 140.657201781, 41.90246085 ], [ 140.656974007, 41.90251979 ], [ 140.65674615, 41.902578552 ], [ 140.65667778, 41.902596153 ], [ 140.656518232, 41.902637181 ], [ 140.656290270999989, 41.902695718 ], [ 140.65606228199999, 41.902754194 ], [ 140.655834277, 41.902812635 ], [ 140.655606264, 41.90287106 ], [ 140.655378238, 41.902929487 ], [ 140.654937421999989, 41.903042428 ], [ 140.654933166, 41.903283312 ] ] ] } }
]
}
