{
"type": "FeatureCollection",
"name": "A29-19_09213",
"features": [
{ "type": "Feature", "properties": { "A29_001": "09213", "A29_002": "栃木県", "A29_003": "那須塩原市", "A29_004": 3, "A29_005": "第一種中高層住居専用地域", "A29_006": 60, "A29_007": 200, "A29_008": null }, "geometry": { "type": "Polygon", "coordinates": [ [ [ 139.98715830899999, 36.875375644 ], [ 139.987062677000011, 36.875274938 ], [ 139.985467254000014, 36.876071855 ], [ 139.985387887, 36.876111498 ], [ 139.985615638000013, 36.876461013 ], [ 139.985638212999987, 36.876495657 ], [ 139.984663339, 36.876902194 ], [ 139.984617699000012, 36.876921227 ], [ 139.98465270599999, 36.876973597 ], [ 139.98473122199999, 36.877091056 ], [ 139.98485919399999, 36.8772775 ], [ 139.98494600699999, 36.87739384 ], [ 139.984976124000013, 36.877434201 ], [ 139.984843915, 36.877476399 ], [ 139.983220141, 36.877994652 ], [ 139.983168045000014, 36.878011279 ], [ 139.983219472, 36.878153528 ], [ 139.983260868, 36.878268006 ], [ 139.983416815, 36.87860545 ], [ 139.983631812999988, 36.878942482 ], [ 139.98381138900001, 36.879182849 ], [ 139.98414401799999, 36.879611722 ], [ 139.984629848, 36.880302223 ], [ 139.985024613, 36.880966891 ], [ 139.985511901, 36.881790365 ], [ 139.985601972000012, 36.881732944 ], [ 139.985604396000014, 36.881731754 ], [ 139.985887917000014, 36.881592611 ], [ 139.986245083, 36.881417333 ], [ 139.986368889, 36.88135275 ], [ 139.987502806, 36.880797889 ], [ 139.98782408299999, 36.880642167 ], [ 139.98815322199999, 36.880482583 ], [ 139.988982056, 36.880073389 ], [ 139.98928186099999, 36.879925361 ], [ 139.989394471999987, 36.879871056 ], [ 139.990275110999988, 36.879446417 ], [ 139.99048288899999, 36.879346222 ], [ 139.990089861, 36.878868306 ], [ 139.988991075, 36.87752799 ], [ 139.988028788, 36.876444214 ], [ 139.98715830899999, 36.875375644 ] ] ] } },
{ "type": "Feature", "properties": { "A29_001": "09213", "A29_002": "栃木県", "A29_003": "那須塩原市", "A29_004": 8, "A29_005": "近隣商業地域", "A29_006": 80, "A29_007": 200, "A29_008": null }, "geometry": { "type": "Polygon", "coordinates": [ [ [ 139.985186871, 36.88193796 ], [ 139.98512767, 36.881957607 ], [ 139.98457799900001, 36.882231881 ], [ 139.983854033, 36.882608015 ], [ 139.98326067799999, 36.882908143 ], [ 139.983147142, 36.882969485 ], [ 139.983691033000014, 36.883501935 ], [ 139.984183699999988, 36.884018875 ], [ 139.984705585, 36.88348795 ], [ 139.984933923999989, 36.883271372 ], [ 139.98452913700001, 36.882703766 ], [ 139.984488402000011, 36.88265632 ], [ 139.98474335099999, 36.882538573 ], [ 139.985375172, 36.882210971 ], [ 139.985186871, 36.88193796 ] ] ] } },
{ "type": "Feature", "properties": { "A29_001": "09213", "A29_002": "栃木県", "A29_003": "那須塩原市", "A29_004": 8, "A29_005": "近隣商業地域", "A29_006": 80, "A29_007": 200, "A29_008": null }, "geometry": { "type": "Polygon", "coordinates": [ [ [ 139.99016473899999, 36.88408918 ], [ 139.990201393, 36.883183007 ], [ 139.98999508599999, 36.88326321 ], [ 139.98978953299999, 36.882932954 ], [ 139.989754334, 36.8828764 ], [ 139.98965330499999, 36.882723706 ], [ 139.989531844999988, 36.882550549 ], [ 139.989476610999986, 36.882471806 ], [ 139.989405510000012, 36.882369669 ], [ 139.989217004000011, 36.88209888 ], [ 139.989110302, 36.881945599 ], [ 139.989047352, 36.881850571 ], [ 139.987632821, 36.882469099 ], [ 139.986033752999987, 36.883124802 ], [ 139.986607534, 36.88393633 ], [ 139.987161321, 36.884808772 ], [ 139.98780931499999, 36.885803541 ], [ 139.988691131, 36.885700891 ], [ 139.98910970099999, 36.885630686 ], [ 139.989046419, 36.885550046 ], [ 139.988920916000012, 36.885390118 ], [ 139.989462734999989, 36.88514837 ], [ 139.990508242, 36.88472126 ], [ 139.99016473899999, 36.88408918 ] ] ] } },
{ "type": "Feature", "properties": { "A29_001": "09213", "A29_002": "栃木県", "A29_003": "那須塩原市", "A29_004": 9, "A29_005": "商業地域", "A29_006": 80, "A29_007": 400, "A29_008": null }, "geometry": { "type": "Polygon", "coordinates": [ [ [ 139.985375172, 36.882210971 ], [ 139.98474335099999, 36.882538573 ], [ 139.984488402000011, 36.88265632 ], [ 139.98452913700001, 36.882703766 ], [ 139.984933923999989, 36.883271372 ], [ 139.984705585, 36.88348795 ], [ 139.984183699999988, 36.884018875 ], [ 139.983739070000013, 36.884457243 ], [ 139.983684721, 36.884494503 ], [ 139.983384784, 36.884275517 ], [ 139.983219429, 36.884145109 ], [ 139.98315162099999, 36.884152658 ], [ 139.98313079499999, 36.884977303 ], [ 139.982973906000012, 36.884970856 ], [ 139.98279412799999, 36.884971082 ], [ 139.98274347899999, 36.885917489 ], [ 139.983275056999986, 36.886619362 ], [ 139.983957605, 36.887231482 ], [ 139.98361194, 36.887529953 ], [ 139.98406487299999, 36.887917967 ], [ 139.98498782499999, 36.887303312 ], [ 139.985945361, 36.886644323 ], [ 139.98651445199999, 36.886262964 ], [ 139.98681462799999, 36.886455627 ], [ 139.987190696999988, 36.886192433 ], [ 139.98780931499999, 36.885803541 ], [ 139.987161321, 36.884808772 ], [ 139.986607534, 36.88393633 ], [ 139.986033752999987, 36.883124802 ], [ 139.985700494000014, 36.882645816 ], [ 139.985458603000012, 36.882320727 ], [ 139.985375172, 36.882210971 ] ] ] } },
{ "type": "Feature", "properties": { "A29_001": "09213", "A29_002": "栃木県", "A29_003": "那須塩原市", "A29_004": 3, "A29_005": "第一種中高層住居専用地域", "A29_006": 60, "A29_007": 200, "A29_008": null }, "geometry": { "type": "Polygon", "coordinates": [ [ [ 139.977855392, 36.890548522 ], [ 139.979106374, 36.889505495 ], [ 139.979887056, 36.888843667 ], [ 139.980466285, 36.88835261 ], [ 139.980325708, 36.88822614 ], [ 139.980616586999986, 36.887514672 ], [ 139.979737185, 36.887275441 ], [ 139.978796364, 36.886982544 ], [ 139.978721342, 36.886616935 ], [ 139.978668464, 36.886169204 ], [ 139.976643094999986, 36.886328886 ], [ 139.974885973, 36.886507899 ], [ 139.97301690399999, 36.88668552 ], [ 139.974115283, 36.887549692 ], [ 139.97422345699999, 36.887636329 ], [ 139.975030615, 36.888282769 ], [ 139.976047426, 36.889097094 ], [ 139.97686793599999, 36.889747124 ], [ 139.977855392, 36.890548522 ] ] ] } },
{ "type": "Feature", "properties": { "A29_001": "09213", "A29_002": "栃木県", "A29_003": "那須塩原市", "A29_004": 5, "A29_005": "第一種住居地域", "A29_006": 60, "A29_007": 200, "A29_008": null }, "geometry": { "type": "Polygon", "coordinates": [ [ [ 139.978061462, 36.891107418 ], [ 139.97824118599999, 36.890962026 ], [ 139.978704249, 36.890587415 ], [ 139.979122636, 36.890239114 ], [ 139.979439914000011, 36.889981242 ], [ 139.980076886, 36.889438091 ], [ 139.980871240999988, 36.888760722 ], [ 139.980744187999989, 36.888643333 ], [ 139.980466285, 36.88835261 ], [ 139.979887056, 36.888843667 ], [ 139.979106374, 36.889505495 ], [ 139.977855392, 36.890548522 ], [ 139.977605151, 36.890760223 ], [ 139.978061462, 36.891107418 ] ] ] } },
{ "type": "Feature", "properties": { "A29_001": "09213", "A29_002": "栃木県", "A29_003": "那須塩原市", "A29_004": 10, "A29_005": "準工業地域", "A29_006": 60, "A29_007": 200, "A29_008": null }, "geometry": { "type": "Polygon", "coordinates": [ [ [ 139.96275488, 36.883626639 ], [ 139.96278361200001, 36.88365022 ], [ 139.963859128, 36.884432936 ], [ 139.964514204000011, 36.884964679 ], [ 139.965218267000012, 36.885532191 ], [ 139.96567173599999, 36.885886026 ], [ 139.96647794899999, 36.885264009 ], [ 139.967560031, 36.884438404 ], [ 139.968065462999988, 36.884794955 ], [ 139.968105243999986, 36.884742757 ], [ 139.968218782, 36.884593778 ], [ 139.968224612, 36.884597591 ], [ 139.968494677, 36.884774183 ], [ 139.968521943000013, 36.884792012 ], [ 139.968394004, 36.884971387 ], [ 139.96833630899999, 36.885052277 ], [ 139.969121414, 36.885668789 ], [ 139.97064754199999, 36.886861159 ], [ 139.97108602599999, 36.887185513 ], [ 139.971130111, 36.887218123 ], [ 139.970517701, 36.887699653 ], [ 139.970606221999986, 36.887772361 ], [ 139.971346043000011, 36.888343822 ], [ 139.971390111, 36.888377861 ], [ 139.971662388999988, 36.888596028 ], [ 139.97188488899999, 36.888774333 ], [ 139.97216511100001, 36.888998861 ], [ 139.9725065, 36.889266278 ], [ 139.97294438899999, 36.889609278 ], [ 139.97327461099999, 36.889861722 ], [ 139.973743694, 36.890220278 ], [ 139.974144389, 36.890540139 ], [ 139.974502444, 36.890825972 ], [ 139.974829583, 36.891076917 ], [ 139.97493458299999, 36.891157472 ], [ 139.975, 36.891210694 ], [ 139.97529036099999, 36.891446889 ], [ 139.975579532000012, 36.891665745 ], [ 139.97558075, 36.891666667 ], [ 139.97558075, 36.891666667 ], [ 139.97564961099999, 36.891718778 ], [ 139.976024071000012, 36.892010306 ], [ 139.976844473999989, 36.891332239 ], [ 139.977605151, 36.890760223 ], [ 139.977855392, 36.890548522 ], [ 139.97686793599999, 36.889747124 ], [ 139.976047426, 36.889097094 ], [ 139.975030615, 36.888282769 ], [ 139.97422345699999, 36.887636329 ], [ 139.974115283, 36.887549692 ], [ 139.97301690399999, 36.88668552 ], [ 139.972775428, 36.886719145 ], [ 139.972438544999989, 36.886759344 ], [ 139.972215087, 36.886802948 ], [ 139.971304701, 36.886116503 ], [ 139.970071934, 36.88517855 ], [ 139.969114827999988, 36.884436637 ], [ 139.968568344, 36.884037688 ], [ 139.967882212, 36.883475508 ], [ 139.96685759499999, 36.882629605 ], [ 139.96555595800001, 36.881561754 ], [ 139.965463161, 36.881479039 ], [ 139.965445589000012, 36.881492991 ], [ 139.964184692, 36.882494198 ], [ 139.963157731, 36.883315126 ], [ 139.962827643, 36.883570373 ], [ 139.96275488, 36.883626639 ] ] ] } },
{ "type": "Feature", "properties": { "A29_001": "09213", "A29_002": "栃木県", "A29_003": "那須塩原市", "A29_004": 5, "A29_005": "第一種住居地域", "A29_006": 60, "A29_007": 200, "A29_008": null }, "geometry": { "type": "Polygon", "coordinates": [ [ [ 139.985982302, 36.873938907 ], [ 139.983635306, 36.875855443 ], [ 139.983240810000012, 36.875308707 ], [ 139.98214442599999, 36.87390544 ], [ 139.981415292, 36.872908722 ], [ 139.981370739999988, 36.872836614 ], [ 139.980768880999989, 36.872830789 ], [ 139.980785639, 36.872587917 ], [ 139.980820693999988, 36.872169583 ], [ 139.980862833, 36.871666361 ], [ 139.980901417000013, 36.871458722 ], [ 139.980919056, 36.871170694 ], [ 139.980900292, 36.871040074 ], [ 139.97960932399999, 36.870862517 ], [ 139.979532819000013, 36.870851767 ], [ 139.97942320199999, 36.872147177 ], [ 139.979227844, 36.872340311 ], [ 139.978719383, 36.874374152 ], [ 139.978138916, 36.876121961 ], [ 139.977168621, 36.878824024 ], [ 139.977207447000012, 36.878826634 ], [ 139.977630721999986, 36.878855083 ], [ 139.977825028000012, 36.878878694 ], [ 139.978163639, 36.878905833 ], [ 139.978710471999989, 36.878955861 ], [ 139.979104971999988, 36.878991944 ], [ 139.979438528, 36.879018167 ], [ 139.979693610999988, 36.879038222 ], [ 139.97983944399999, 36.879049694 ], [ 139.98009659499999, 36.87906782 ], [ 139.980423175999988, 36.879114369 ], [ 139.980536226, 36.879138437 ], [ 139.9811609, 36.881428375 ], [ 139.981517926, 36.882874629 ], [ 139.981336457, 36.88298604 ], [ 139.980938511, 36.883183125 ], [ 139.980886844, 36.883208708 ], [ 139.98066364799999, 36.883317966 ], [ 139.980630353, 36.883333333 ], [ 139.980579647000013, 36.883356737 ], [ 139.980477126000011, 36.883407138 ], [ 139.98009095, 36.883596989 ], [ 139.97993566, 36.883675474 ], [ 139.979733974999988, 36.883777407 ], [ 139.979672029999989, 36.883808712 ], [ 139.97954844899999, 36.883871166 ], [ 139.97949747199999, 36.883892444 ], [ 139.979089116000011, 36.884081696 ], [ 139.97903391700001, 36.884107278 ], [ 139.978837859, 36.884204633 ], [ 139.978717429, 36.884261966 ], [ 139.97824730100001, 36.884485776 ], [ 139.977688656999987, 36.884751721 ], [ 139.977615211, 36.884764206 ], [ 139.97759649, 36.884767388 ], [ 139.97695615399999, 36.885066681 ], [ 139.976571506, 36.885246462 ], [ 139.976325972000012, 36.885361222 ], [ 139.97614017399999, 36.885461811 ], [ 139.975979693999989, 36.885548694 ], [ 139.975339240000011, 36.885863578 ], [ 139.973885475, 36.884676073 ], [ 139.97341587299999, 36.884371734 ], [ 139.97306846399999, 36.884225376 ], [ 139.9729125, 36.884183639 ], [ 139.97258008599999, 36.884064505 ], [ 139.972420763, 36.884004936 ], [ 139.97220396, 36.883912936 ], [ 139.97203025499999, 36.883838706 ], [ 139.971765084999987, 36.883701683 ], [ 139.971557342000011, 36.883566689 ], [ 139.971361296999987, 36.883405473 ], [ 139.971156060999988, 36.883212816 ], [ 139.971064508000012, 36.88310075 ], [ 139.970767693, 36.882780302 ], [ 139.970720585, 36.882709069 ], [ 139.970568888, 36.882533124 ], [ 139.970370226999989, 36.882365619 ], [ 139.97025521399999, 36.882269304 ], [ 139.970148056999989, 36.882187657 ], [ 139.969625885, 36.882005991 ], [ 139.968883831, 36.883435939 ], [ 139.968568344, 36.884037688 ], [ 139.969114827999988, 36.884436637 ], [ 139.970071934, 36.88517855 ], [ 139.971304701, 36.886116503 ], [ 139.972215087, 36.886802948 ], [ 139.972438544999989, 36.886759344 ], [ 139.972775428, 36.886719145 ], [ 139.97301690399999, 36.88668552 ], [ 139.974885973, 36.886507899 ], [ 139.976643094999986, 36.886328886 ], [ 139.978668464, 36.886169204 ], [ 139.978721342, 36.886616935 ], [ 139.978796364, 36.886982544 ], [ 139.979737185, 36.887275441 ], [ 139.980616586999986, 36.887514672 ], [ 139.980942789000011, 36.886706654 ], [ 139.981272948, 36.885797304 ], [ 139.98133132699999, 36.885235994 ], [ 139.981373557000012, 36.885210964 ], [ 139.981866876999987, 36.885199502 ], [ 139.98231234299999, 36.885182525 ], [ 139.982314128000013, 36.885110189 ], [ 139.982322657999987, 36.884992572 ], [ 139.98246758799999, 36.884988658 ], [ 139.98279412799999, 36.884971082 ], [ 139.982973906000012, 36.884970856 ], [ 139.98313079499999, 36.884977303 ], [ 139.98315162099999, 36.884152658 ], [ 139.983219429, 36.884145109 ], [ 139.983384784, 36.884275517 ], [ 139.983684721, 36.884494503 ], [ 139.983739070000013, 36.884457243 ], [ 139.984183699999988, 36.884018875 ], [ 139.983691033000014, 36.883501935 ], [ 139.983147142, 36.882969485 ], [ 139.98326067799999, 36.882908143 ], [ 139.983854033, 36.882608015 ], [ 139.98457799900001, 36.882231881 ], [ 139.98512767, 36.881957607 ], [ 139.985186871, 36.88193796 ], [ 139.985375172, 36.882210971 ], [ 139.985458603000012, 36.882320727 ], [ 139.985700494000014, 36.882645816 ], [ 139.986033752999987, 36.883124802 ], [ 139.987632821, 36.882469099 ], [ 139.989047352, 36.881850571 ], [ 139.989110302, 36.881945599 ], [ 139.989217004000011, 36.88209888 ], [ 139.989405510000012, 36.882369669 ], [ 139.989476610999986, 36.882471806 ], [ 139.989531844999988, 36.882550549 ], [ 139.98965330499999, 36.882723706 ], [ 139.989754334, 36.8828764 ], [ 139.98978953299999, 36.882932954 ], [ 139.98999508599999, 36.88326321 ], [ 139.990201393, 36.883183007 ], [ 139.99016473899999, 36.88408918 ], [ 139.990508242, 36.88472126 ], [ 139.989462734999989, 36.88514837 ], [ 139.988920916000012, 36.885390118 ], [ 139.989046419, 36.885550046 ], [ 139.98910970099999, 36.885630686 ], [ 139.988691131, 36.885700891 ], [ 139.98780931499999, 36.885803541 ], [ 139.987190696999988, 36.886192433 ], [ 139.98681462799999, 36.886455627 ], [ 139.98651445199999, 36.886262964 ], [ 139.985945361, 36.886644323 ], [ 139.986973474, 36.887831151 ], [ 139.98654929599999, 36.889191399 ], [ 139.986347233, 36.889847747 ], [ 139.98628972099999, 36.890045141 ], [ 139.986261302, 36.890058359 ], [ 139.986254390999989, 36.890056736 ], [ 139.985818539, 36.88957873 ], [ 139.98552448800001, 36.889831875 ], [ 139.98523606399999, 36.890044004 ], [ 139.985012692999987, 36.889854225 ], [ 139.985121746, 36.889769694 ], [ 139.985304719, 36.889627864 ], [ 139.985171474, 36.889518595 ], [ 139.984932719, 36.889693043 ], [ 139.984689448000012, 36.889462489 ], [ 139.98490535900001, 36.889300369 ], [ 139.984488855, 36.888885585 ], [ 139.984268656000012, 36.889046077 ], [ 139.983881411, 36.888651553 ], [ 139.983828929, 36.888598084 ], [ 139.983970908, 36.88851507 ], [ 139.983567603000012, 36.888166797 ], [ 139.982353421999989, 36.889059938 ], [ 139.980953086999989, 36.890120474 ], [ 139.978861118999987, 36.891733626 ], [ 139.978820402, 36.891765023 ], [ 139.979460756, 36.892334431 ], [ 139.979843514, 36.892043133 ], [ 139.981033653999987, 36.89110652 ], [ 139.982509776, 36.889909635 ], [ 139.984229453000012, 36.891536984 ], [ 139.984992866999988, 36.892229979 ], [ 139.985072456000012, 36.892381133 ], [ 139.985110142999986, 36.892643791 ], [ 139.985587102000011, 36.892128515 ], [ 139.986674276, 36.89107965 ], [ 139.987521979, 36.890241226 ], [ 139.98867768299999, 36.889031391 ], [ 139.989488166, 36.888165637 ], [ 139.989881047000011, 36.887758785 ], [ 139.990418484, 36.887212713 ], [ 139.99068247299999, 36.886905429 ], [ 139.99095253499999, 36.88675506 ], [ 139.991501054999986, 36.886472219 ], [ 139.99184759799999, 36.886915076 ], [ 139.99220527599999, 36.88734896 ], [ 139.992818841, 36.886787041 ], [ 139.994125321000013, 36.885875579 ], [ 139.994292796, 36.885769246 ], [ 139.99557224, 36.884926219 ], [ 139.994876323, 36.884197404 ], [ 139.994483933, 36.883779649 ], [ 139.994189618, 36.883454539 ], [ 139.994069735000011, 36.883332078 ], [ 139.993914960000012, 36.883167141 ], [ 139.993838419000014, 36.883072894 ], [ 139.993269508999987, 36.882485543 ], [ 139.992474888, 36.881606005 ], [ 139.992343471999988, 36.881478807 ], [ 139.99239077199999, 36.881459186 ], [ 139.992425365, 36.881444835 ], [ 139.992480379, 36.881422014 ], [ 139.992790858, 36.881295162 ], [ 139.99310465100001, 36.881166956 ], [ 139.99323337199999, 36.881114364 ], [ 139.993635774000012, 36.880946742 ], [ 139.993707172, 36.880913987 ], [ 139.993747444, 36.880895511 ], [ 139.993806376, 36.880868475 ], [ 139.994125652, 36.880721998 ], [ 139.994239609, 36.880669303 ], [ 139.994473578999987, 36.880561114 ], [ 139.99452161100001, 36.880532639 ], [ 139.99453905499999, 36.880522296 ], [ 139.994683056000014, 36.880436917 ], [ 139.994717657, 36.880414609 ], [ 139.995075332999988, 36.880184 ], [ 139.995124135999987, 36.880148104 ], [ 139.995174278, 36.880111222 ], [ 139.995500252999989, 36.879871477 ], [ 139.995542333, 36.879840528 ], [ 139.995737166999987, 36.87969725 ], [ 139.995863049, 36.879604675 ], [ 139.995981883000013, 36.879517283 ], [ 139.996200480999988, 36.879356522 ], [ 139.99455543, 36.878693826 ], [ 139.993974775, 36.879481492 ], [ 139.992866139, 36.879129972 ], [ 139.992276221999987, 36.878923167 ], [ 139.992258144, 36.878916693 ], [ 139.991929639, 36.878799056 ], [ 139.991666667, 36.87870675 ], [ 139.991382071, 36.878606852 ], [ 139.991215833000012, 36.8785485 ], [ 139.991128499000013, 36.878525287 ], [ 139.991007854, 36.879095868 ], [ 139.991001907, 36.879123993 ], [ 139.990506159, 36.879373111 ], [ 139.99048288899999, 36.879346222 ], [ 139.990275110999988, 36.879446417 ], [ 139.989984448, 36.879586575 ], [ 139.989394471999987, 36.879871056 ], [ 139.98928186099999, 36.879925361 ], [ 139.989195623, 36.879967941 ], [ 139.988982056, 36.880073389 ], [ 139.98815322199999, 36.880482583 ], [ 139.98782408299999, 36.880642167 ], [ 139.987780326, 36.880663376 ], [ 139.987502806, 36.880797889 ], [ 139.98687313100001, 36.881106011 ], [ 139.986785473, 36.881148905 ], [ 139.986447491, 36.881314288 ], [ 139.986368889, 36.88135275 ], [ 139.986245083, 36.881417333 ], [ 139.985887917000014, 36.881592611 ], [ 139.985604396000014, 36.881731754 ], [ 139.985601972000012, 36.881732944 ], [ 139.985511901, 36.881790365 ], [ 139.985024613, 36.880966891 ], [ 139.984629848, 36.880302223 ], [ 139.98414401799999, 36.879611722 ], [ 139.98381138900001, 36.879182849 ], [ 139.983631812999988, 36.878942482 ], [ 139.983416815, 36.87860545 ], [ 139.983260868, 36.878268006 ], [ 139.983219472, 36.878153528 ], [ 139.983168045000014, 36.878011279 ], [ 139.983220141, 36.877994652 ], [ 139.984843915, 36.877476399 ], [ 139.984976124000013, 36.877434201 ], [ 139.98494600699999, 36.87739384 ], [ 139.98485919399999, 36.8772775 ], [ 139.98473122199999, 36.877091056 ], [ 139.98465270599999, 36.876973597 ], [ 139.984617699000012, 36.876921227 ], [ 139.984663339, 36.876902194 ], [ 139.985638212999987, 36.876495657 ], [ 139.98556835299999, 36.876388448 ], [ 139.985387887, 36.876111498 ], [ 139.985467254000014, 36.876071855 ], [ 139.987062677000011, 36.875274938 ], [ 139.985982302, 36.873938907 ] ] ] } },
{ "type": "Feature", "properties": { "A29_001": "09213", "A29_002": "栃木県", "A29_003": "那須塩原市", "A29_004": 3, "A29_005": "第一種中高層住居専用地域", "A29_006": 60, "A29_007": 200, "A29_008": null }, "geometry": { "type": "Polygon", "coordinates": [ [ [ 139.971662388999988, 36.888596028 ], [ 139.971395014, 36.888381789 ], [ 139.970960563, 36.888733269 ], [ 139.970470139000014, 36.889130028 ], [ 139.970787667, 36.889378556 ], [ 139.970883574, 36.889453617 ], [ 139.971244805999987, 36.889736333 ], [ 139.971537583000014, 36.889968972 ], [ 139.971632701, 36.890044553 ], [ 139.97164971, 36.890058067 ], [ 139.971782222, 36.890163361 ], [ 139.972017472, 36.890350278 ], [ 139.97223858800001, 36.890524318 ], [ 139.972251202, 36.890534246 ], [ 139.97231155599999, 36.89058175 ], [ 139.972316535, 36.890585669 ], [ 139.972499704, 36.890729829 ], [ 139.972512139, 36.890739616 ], [ 139.972768491000011, 36.890941372 ], [ 139.972810194, 36.890974194 ], [ 139.972815137999987, 36.890978073 ], [ 139.973041302000013, 36.891155525 ], [ 139.973291111, 36.891351528 ], [ 139.973589333, 36.8915855 ], [ 139.97370858299999, 36.891683222 ], [ 139.973804, 36.891750139 ], [ 139.97393752799999, 36.891853889 ], [ 139.97509294599999, 36.892746645 ], [ 139.976024071000012, 36.892010306 ], [ 139.97564961099999, 36.891718778 ], [ 139.97558075, 36.891666667 ], [ 139.975579532000012, 36.891665745 ], [ 139.97529036099999, 36.891446889 ], [ 139.975, 36.891210694 ], [ 139.97493458299999, 36.891157472 ], [ 139.974829583, 36.891076917 ], [ 139.974502444, 36.890825972 ], [ 139.974144389, 36.890540139 ], [ 139.973743694, 36.890220278 ], [ 139.97327461099999, 36.889861722 ], [ 139.97294438899999, 36.889609278 ], [ 139.9725065, 36.889266278 ], [ 139.97216511100001, 36.888998861 ], [ 139.97188488899999, 36.888774333 ], [ 139.971662388999988, 36.888596028 ] ] ] } },
{ "type": "Feature", "properties": { "A29_001": "09213", "A29_002": "栃木県", "A29_003": "那須塩原市", "A29_004": 8, "A29_005": "近隣商業地域", "A29_006": 80, "A29_007": 200, "A29_008": null }, "geometry": { "type": "Polygon", "coordinates": [ [ [ 139.978061462, 36.891107418 ], [ 139.977605151, 36.890760223 ], [ 139.976844473999989, 36.891332239 ], [ 139.976024071000012, 36.892010306 ], [ 139.976243678, 36.892184812 ], [ 139.976997806000014, 36.892787917 ], [ 139.977924972000011, 36.893533306 ], [ 139.978794018, 36.892877579 ], [ 139.979460756, 36.892334431 ], [ 139.978820402, 36.891765023 ], [ 139.978861118999987, 36.891733626 ], [ 139.980953086999989, 36.890120474 ], [ 139.982353421999989, 36.889059938 ], [ 139.983567603000012, 36.888166797 ], [ 139.983970908, 36.88851507 ], [ 139.983828929, 36.888598084 ], [ 139.983881411, 36.888651553 ], [ 139.984268656000012, 36.889046077 ], [ 139.984488855, 36.888885585 ], [ 139.98490535900001, 36.889300369 ], [ 139.984689448000012, 36.889462489 ], [ 139.984932719, 36.889693043 ], [ 139.985171474, 36.889518595 ], [ 139.985304719, 36.889627864 ], [ 139.985121746, 36.889769694 ], [ 139.985012692999987, 36.889854225 ], [ 139.98523606399999, 36.890044004 ], [ 139.98552448800001, 36.889831875 ], [ 139.985818539, 36.88957873 ], [ 139.986254390999989, 36.890056736 ], [ 139.986261302, 36.890058359 ], [ 139.98628972099999, 36.890045141 ], [ 139.986347233, 36.889847747 ], [ 139.98654929599999, 36.889191399 ], [ 139.986973474, 36.887831151 ], [ 139.985945361, 36.886644323 ], [ 139.98498782499999, 36.887303312 ], [ 139.98406487299999, 36.887917967 ], [ 139.98361194, 36.887529953 ], [ 139.983957605, 36.887231482 ], [ 139.983275056999986, 36.886619362 ], [ 139.98274347899999, 36.885917489 ], [ 139.98279412799999, 36.884971082 ], [ 139.98246758799999, 36.884988658 ], [ 139.982322657999987, 36.884992572 ], [ 139.982314128000013, 36.885110189 ], [ 139.98231234299999, 36.885182525 ], [ 139.981866876999987, 36.885199502 ], [ 139.981373557000012, 36.885210964 ], [ 139.98133132699999, 36.885235994 ], [ 139.981272948, 36.885797304 ], [ 139.980942789000011, 36.886706654 ], [ 139.980616586999986, 36.887514672 ], [ 139.980325708, 36.88822614 ], [ 139.980466285, 36.88835261 ], [ 139.980744187999989, 36.888643333 ], [ 139.980871240999988, 36.888760722 ], [ 139.980076886, 36.889438091 ], [ 139.979439914000011, 36.889981242 ], [ 139.979122636, 36.890239114 ], [ 139.978704249, 36.890587415 ], [ 139.97824118599999, 36.890962026 ], [ 139.978061462, 36.891107418 ] ] ] } },
{ "type": "Feature", "properties": { "A29_001": "09213", "A29_002": "栃木県", "A29_003": "那須塩原市", "A29_004": 1, "A29_005": "第一種低層住居専用地域", "A29_006": 40, "A29_007": 60, "A29_008": null }, "geometry": { "type": "Polygon", "coordinates": [ [ [ 139.970787667, 36.889378556 ], [ 139.970470139000014, 36.889130028 ], [ 139.97043189199999, 36.889161217 ], [ 139.970054194999989, 36.889469216 ], [ 139.969690065, 36.889766147 ], [ 139.969555555999989, 36.889875833 ], [ 139.969475721, 36.889942433 ], [ 139.969223363999987, 36.890152954 ], [ 139.969201333, 36.890171333 ], [ 139.969059144, 36.890292124 ], [ 139.96877777099999, 36.890531152 ], [ 139.96866722199999, 36.890625063 ], [ 139.969122972, 36.890999528 ], [ 139.969263848999987, 36.891112162 ], [ 139.969445388999986, 36.891257306 ], [ 139.969577944, 36.891366694 ], [ 139.969760861, 36.891504778 ], [ 139.96989869399999, 36.891618444 ], [ 139.969961778, 36.891666667 ], [ 139.9702155, 36.891860611 ], [ 139.970371583, 36.891993389 ], [ 139.970449236, 36.892052851 ], [ 139.97061016699999, 36.892176083 ], [ 139.97073061099999, 36.892271778 ], [ 139.971003610999986, 36.892478586 ], [ 139.971166028, 36.892607194 ], [ 139.971396141000014, 36.892781763 ], [ 139.971616544999989, 36.892948965 ], [ 139.971785981000011, 36.893077501 ], [ 139.97193669399999, 36.893210444 ], [ 139.9722495, 36.893462167 ], [ 139.972546361000013, 36.893696861 ], [ 139.972734583, 36.893846639 ], [ 139.973003639000012, 36.894060111 ], [ 139.97328744699999, 36.894271293 ], [ 139.973942803, 36.893699932 ], [ 139.974858441, 36.892937413 ], [ 139.974985199, 36.89283185 ], [ 139.97509294599999, 36.892746645 ], [ 139.97393752799999, 36.891853889 ], [ 139.973804, 36.891750139 ], [ 139.97370858299999, 36.891683222 ], [ 139.973589333, 36.8915855 ], [ 139.973291111, 36.891351528 ], [ 139.973041302000013, 36.891155525 ], [ 139.972815137999987, 36.890978073 ], [ 139.972810194, 36.890974194 ], [ 139.972768491000011, 36.890941372 ], [ 139.972512139, 36.890739616 ], [ 139.972499704, 36.890729829 ], [ 139.972316535, 36.890585669 ], [ 139.97231155599999, 36.89058175 ], [ 139.972251202, 36.890534246 ], [ 139.97223858800001, 36.890524318 ], [ 139.972017472, 36.890350278 ], [ 139.971782222, 36.890163361 ], [ 139.97164971, 36.890058067 ], [ 139.971632701, 36.890044553 ], [ 139.971537583000014, 36.889968972 ], [ 139.971244805999987, 36.889736333 ], [ 139.970883574, 36.889453617 ], [ 139.970787667, 36.889378556 ] ] ] } },
{ "type": "Feature", "properties": { "A29_001": "09213", "A29_002": "栃木県", "A29_003": "那須塩原市", "A29_004": 3, "A29_005": "第一種中高層住居専用地域", "A29_006": 60, "A29_007": 200, "A29_008": null }, "geometry": { "type": "Polygon", "coordinates": [ [ [ 139.979843514, 36.892043133 ], [ 139.98055216899999, 36.892625643 ], [ 139.981362447, 36.893284389 ], [ 139.982383360999989, 36.894096982 ], [ 139.982407233, 36.894115983 ], [ 139.982289782, 36.894243503 ], [ 139.98228494599999, 36.894285834 ], [ 139.982281255, 36.894318147 ], [ 139.982628076999987, 36.894595842 ], [ 139.982511829, 36.894704454 ], [ 139.982640038, 36.89479462 ], [ 139.983178712000012, 36.894313407 ], [ 139.98444552699999, 36.893204581 ], [ 139.985110142999986, 36.892643791 ], [ 139.985072456000012, 36.892381133 ], [ 139.984992866999988, 36.892229979 ], [ 139.984229453000012, 36.891536984 ], [ 139.982509776, 36.889909635 ], [ 139.981033653999987, 36.89110652 ], [ 139.979843514, 36.892043133 ] ] ] } },
{ "type": "Feature", "properties": { "A29_001": "09213", "A29_002": "栃木県", "A29_003": "那須塩原市", "A29_004": 6, "A29_005": "第二種住居地域", "A29_006": 60, "A29_007": 200, "A29_008": null }, "geometry": { "type": "Polygon", "coordinates": [ [ [ 139.99040052, 36.889295578 ], [ 139.99030036799999, 36.889143963 ], [ 139.99135522099999, 36.88811667 ], [ 139.99220527599999, 36.88734896 ], [ 139.99184759799999, 36.886915076 ], [ 139.991501054999986, 36.886472219 ], [ 139.99095253499999, 36.88675506 ], [ 139.99068247299999, 36.886905429 ], [ 139.990418484, 36.887212713 ], [ 139.989881047000011, 36.887758785 ], [ 139.989488166, 36.888165637 ], [ 139.98867768299999, 36.889031391 ], [ 139.987521979, 36.890241226 ], [ 139.986674276, 36.89107965 ], [ 139.985587102000011, 36.892128515 ], [ 139.985110142999986, 36.892643791 ], [ 139.98444552699999, 36.893204581 ], [ 139.983178712000012, 36.894313407 ], [ 139.982640038, 36.89479462 ], [ 139.983120353, 36.895132249 ], [ 139.984044595, 36.895434915 ], [ 139.98508128899999, 36.89448338 ], [ 139.98650494099999, 36.893174993 ], [ 139.987988659, 36.89176233 ], [ 139.98918572, 36.890591393 ], [ 139.98986076700001, 36.889846087 ], [ 139.99040052, 36.889295578 ] ] ] } },
{ "type": "Feature", "properties": { "A29_001": "09213", "A29_002": "栃木県", "A29_003": "那須塩原市", "A29_004": 5, "A29_005": "第一種住居地域", "A29_006": 60, "A29_007": 200, "A29_008": null }, "geometry": { "type": "Polygon", "coordinates": [ [ [ 139.987484673000012, 36.895692421 ], [ 139.987675074, 36.894962531 ], [ 139.98768375099999, 36.894893688 ], [ 139.988166476, 36.894790788 ], [ 139.98831225399999, 36.894759712 ], [ 139.98837308200001, 36.894746746 ], [ 139.988415933999988, 36.894737611 ], [ 139.988434221, 36.894733797 ], [ 139.98843495599999, 36.894733576 ], [ 139.988817753, 36.894618235 ], [ 139.989502144999989, 36.894263302 ], [ 139.98979370399999, 36.894125948 ], [ 139.990132794, 36.89393241 ], [ 139.990275352999987, 36.893832542 ], [ 139.991097841, 36.893286462 ], [ 139.991624833, 36.89294925 ], [ 139.99230777, 36.892347636 ], [ 139.99243761299999, 36.89217999 ], [ 139.992473724, 36.892128049 ], [ 139.992461564, 36.892111144 ], [ 139.991553872, 36.890849257 ], [ 139.990615413, 36.889551612 ], [ 139.99040052, 36.889295578 ], [ 139.98986076700001, 36.889846087 ], [ 139.98918572, 36.890591393 ], [ 139.987988659, 36.89176233 ], [ 139.98650494099999, 36.893174993 ], [ 139.98508128899999, 36.89448338 ], [ 139.984044595, 36.895434915 ], [ 139.984321677999986, 36.895518763 ], [ 139.984382178, 36.89553707 ], [ 139.984379415, 36.895539332 ], [ 139.98409252799999, 36.895774167 ], [ 139.983862163999987, 36.895944578 ], [ 139.984487637, 36.896470524 ], [ 139.98452434699999, 36.896442692 ], [ 139.98484692400001, 36.896198119 ], [ 139.985155037999988, 36.89647498 ], [ 139.985569266, 36.896464978 ], [ 139.98562800799999, 36.897372527 ], [ 139.986910021, 36.897910702 ], [ 139.987245722000011, 36.896606107 ], [ 139.987484673000012, 36.895692421 ] ] ] } },
{ "type": "Feature", "properties": { "A29_001": "09213", "A29_002": "栃木県", "A29_003": "那須塩原市", "A29_004": 1, "A29_005": "第一種低層住居専用地域", "A29_006": 40, "A29_007": 60, "A29_008": null }, "geometry": { "type": "Polygon", "coordinates": [ [ [ 139.96682210899999, 36.892157958 ], [ 139.966789417, 36.892132111 ], [ 139.966666667, 36.892231222 ], [ 139.96655694399999, 36.892319806 ], [ 139.96651494599999, 36.892353901 ], [ 139.966418255, 36.892432396 ], [ 139.966125532, 36.892670031 ], [ 139.965863805999987, 36.8928825 ], [ 139.965767811, 36.892961355 ], [ 139.96576408300001, 36.892964417 ], [ 139.965524111, 36.893156139 ], [ 139.965522192, 36.893165459 ], [ 139.965514508000012, 36.893171599 ], [ 139.965485161, 36.893195047 ], [ 139.965443959, 36.893227966 ], [ 139.965433942, 36.89323597 ], [ 139.96533191099999, 36.893317489 ], [ 139.96529548399999, 36.893346593 ], [ 139.965243041, 36.893388494 ], [ 139.965194438999987, 36.893427324 ], [ 139.96518308200001, 36.893436397 ], [ 139.965113358999986, 36.893492103 ], [ 139.965040824999988, 36.893550052 ], [ 139.96494987299999, 36.893622718 ], [ 139.96491124100001, 36.893653239 ], [ 139.96486659199999, 36.893688514 ], [ 139.964809136000014, 36.893733908 ], [ 139.964698056, 36.893821667 ], [ 139.964620693, 36.89388516 ], [ 139.964470444, 36.894008472 ], [ 139.964468944, 36.894009722 ], [ 139.964451145, 36.894024373 ], [ 139.964220949, 36.894213853 ], [ 139.96417523400001, 36.894251481 ], [ 139.964149838, 36.894272386 ], [ 139.964057806, 36.894348139 ], [ 139.964634778, 36.894816444 ], [ 139.964832, 36.894976528 ], [ 139.96524205599999, 36.895302333 ], [ 139.965318739999987, 36.895363259 ], [ 139.965416694, 36.895441083 ], [ 139.965602472, 36.895580944 ], [ 139.966097203, 36.895976257 ], [ 139.966381111, 36.896203111 ], [ 139.96656816699999, 36.896347 ], [ 139.966666667, 36.896427111 ], [ 139.966735277999987, 36.896482917 ], [ 139.967136806000013, 36.896814694 ], [ 139.967365922, 36.896990105 ], [ 139.967638306, 36.897198639 ], [ 139.967945917, 36.897434139 ], [ 139.968216909, 36.897663811 ], [ 139.968442694, 36.897855167 ], [ 139.968597444000011, 36.897995194 ], [ 139.968687554000013, 36.898046033 ], [ 139.969467927000011, 36.897421451 ], [ 139.970356482, 36.896688035 ], [ 139.971392400000013, 36.895846528 ], [ 139.97065321, 36.895240782 ], [ 139.969402381, 36.894198966 ], [ 139.969380941999987, 36.894181826 ], [ 139.96926666499999, 36.894090465 ], [ 139.969130611, 36.893981694 ], [ 139.96905736299999, 36.893922698 ], [ 139.968833346, 36.893742266 ], [ 139.968823413, 36.893734266 ], [ 139.968654764, 36.893598429 ], [ 139.968596213000012, 36.893552499 ], [ 139.968413923000014, 36.8934095 ], [ 139.968352538, 36.893361346 ], [ 139.968006245999987, 36.893099037 ], [ 139.967891306000013, 36.893011972 ], [ 139.967781435, 36.892922089 ], [ 139.96757978, 36.89275712 ], [ 139.967575168, 36.892753347 ], [ 139.967440495, 36.892646872 ], [ 139.96717277799999, 36.892435209 ], [ 139.967113938000011, 36.892388688 ], [ 139.96682210899999, 36.892157958 ] ] ] } },
{ "type": "Feature", "properties": { "A29_001": "09213", "A29_002": "栃木県", "A29_003": "那須塩原市", "A29_004": 3, "A29_005": "第一種中高層住居専用地域", "A29_006": 60, "A29_007": 200, "A29_008": null }, "geometry": { "type": "Polygon", "coordinates": [ [ [ 139.978690806, 36.894157611 ], [ 139.977924972000011, 36.893533306 ], [ 139.977861639, 36.893598194 ], [ 139.977355, 36.89402425 ], [ 139.97722247199999, 36.894138722 ], [ 139.97701730599999, 36.894288306 ], [ 139.976960566, 36.894337621 ], [ 139.977854992, 36.895030406 ], [ 139.97927095899999, 36.896145345 ], [ 139.98033482, 36.897009108 ], [ 139.98093211, 36.897491324 ], [ 139.982361262000012, 36.898604695 ], [ 139.98239787, 36.89857349 ], [ 139.982882745000012, 36.898156265 ], [ 139.983283578999988, 36.897849269 ], [ 139.982080575999987, 36.896815579 ], [ 139.981798972, 36.896593 ], [ 139.981418889, 36.896292556 ], [ 139.981335632, 36.896226748 ], [ 139.98105544399999, 36.896005278 ], [ 139.981018438, 36.895975303 ], [ 139.980715944, 36.895730278 ], [ 139.980492083, 36.895560333 ], [ 139.980257889, 36.895375028 ], [ 139.979983333, 36.895161722 ], [ 139.979886166999989, 36.89508625 ], [ 139.97948413899999, 36.894773917 ], [ 139.979030021, 36.894421134 ], [ 139.978690806, 36.894157611 ] ] ] } },
{ "type": "Feature", "properties": { "A29_001": "09213", "A29_002": "栃木県", "A29_003": "那須塩原市", "A29_004": 1, "A29_005": "第一種低層住居専用地域", "A29_006": 40, "A29_007": 60, "A29_008": null }, "geometry": { "type": "Polygon", "coordinates": [ [ [ 139.977854992, 36.895030406 ], [ 139.976960566, 36.894337621 ], [ 139.976758972, 36.894512833 ], [ 139.976582917, 36.894665889 ], [ 139.976536083000013, 36.894698861 ], [ 139.976460253, 36.89475612 ], [ 139.975902952000013, 36.894339107 ], [ 139.97547893399999, 36.894677407 ], [ 139.975422576999989, 36.894722371 ], [ 139.975633445999989, 36.89490249 ], [ 139.97564594100001, 36.894913163 ], [ 139.975602538, 36.89494568 ], [ 139.975158735, 36.895278174 ], [ 139.97488939499999, 36.895479959 ], [ 139.974854998000012, 36.895505729 ], [ 139.974966583, 36.895593611 ], [ 139.975, 36.895619806 ], [ 139.9752035, 36.895779333 ], [ 139.975310306000011, 36.895863056 ], [ 139.975559333, 36.896058278 ], [ 139.975839001999987, 36.896274121 ], [ 139.97596841699999, 36.896374 ], [ 139.976760500000012, 36.896992972 ], [ 139.976765503, 36.896996888 ], [ 139.976767916999989, 36.896998778 ], [ 139.97713552799999, 36.897286528 ], [ 139.977297456, 36.897413296 ], [ 139.977532110999988, 36.897597 ], [ 139.977537038, 36.897601116 ], [ 139.977863805999988, 36.897874111 ], [ 139.978132127, 36.898086078 ], [ 139.978293102, 36.898213243 ], [ 139.978312028, 36.898228194 ], [ 139.978637139, 36.898478 ], [ 139.979083306, 36.898834306 ], [ 139.97933633299999, 36.899023306 ], [ 139.979360265999986, 36.899041184 ], [ 139.97939442500001, 36.8990667 ], [ 139.9794705, 36.899123528 ], [ 139.979880361, 36.899453583 ], [ 139.980160159, 36.899675715 ], [ 139.98024466699999, 36.899742806 ], [ 139.980549278000012, 36.9 ], [ 139.980631956, 36.900069796 ], [ 139.98154850099999, 36.899304293 ], [ 139.981914631, 36.898985404 ], [ 139.982361262000012, 36.898604695 ], [ 139.98093211, 36.897491324 ], [ 139.98033482, 36.897009108 ], [ 139.97927095899999, 36.896145345 ], [ 139.977854992, 36.895030406 ] ] ] } },
{ "type": "Feature", "properties": { "A29_001": "09213", "A29_002": "栃木県", "A29_003": "那須塩原市", "A29_004": 1, "A29_005": "第一種低層住居専用地域", "A29_006": 40, "A29_007": 60, "A29_008": null }, "geometry": { "type": "Polygon", "coordinates": [ [ [ 139.97337747200001, 36.897322833 ], [ 139.973370364, 36.89731479 ], [ 139.971858008999988, 36.89853251 ], [ 139.970998578, 36.899235387 ], [ 139.970783813999986, 36.899416234 ], [ 139.97069015, 36.899514372 ], [ 139.971492536999989, 36.900109537 ], [ 139.97354231700001, 36.901776087 ], [ 139.975816952, 36.903572326 ], [ 139.975857526999988, 36.90360544 ], [ 139.97614998099999, 36.903844116 ], [ 139.978869631, 36.901652428 ], [ 139.978820361, 36.901607806 ], [ 139.97854625, 36.901389722 ], [ 139.978409639, 36.901281028 ], [ 139.978020515999987, 36.900970743 ], [ 139.977604361, 36.900659278 ], [ 139.977591666, 36.900648759 ], [ 139.977261765, 36.900375412 ], [ 139.977256944, 36.900371417 ], [ 139.977060289, 36.90021013 ], [ 139.97680408299999, 36.9 ], [ 139.976802611000011, 36.899998833 ], [ 139.97678950400001, 36.899988446 ], [ 139.976641027999989, 36.899870778 ], [ 139.976468858, 36.899741172 ], [ 139.976463722, 36.899737306 ], [ 139.97617103799999, 36.89951019 ], [ 139.97601027799999, 36.899385444 ], [ 139.975694667, 36.899140528 ], [ 139.975084333000012, 36.898649944 ], [ 139.975011278000011, 36.898589278 ], [ 139.975, 36.898579917 ], [ 139.974991241, 36.898574593 ], [ 139.974897027999987, 36.898517333 ], [ 139.97474258299999, 36.898392361 ], [ 139.974329055999988, 36.898057722 ], [ 139.974117721999988, 36.897902 ], [ 139.973727028000013, 36.897595917 ], [ 139.973516389, 36.897431361 ], [ 139.97337747200001, 36.897322833 ] ] ] } },
{ "type": "Feature", "properties": { "A29_001": "09213", "A29_002": "栃木県", "A29_003": "那須塩原市", "A29_004": 5, "A29_005": "第一種住居地域", "A29_006": 60, "A29_007": 200, "A29_008": null }, "geometry": { "type": "Polygon", "coordinates": [ [ [ 139.981742271, 36.901262428 ], [ 139.982781415, 36.900860933 ], [ 139.98290400799999, 36.900931891 ], [ 139.98458116399999, 36.90019885 ], [ 139.984443666, 36.899304627 ], [ 139.984512818000013, 36.89929894 ], [ 139.984648483, 36.899287781 ], [ 139.98465270299999, 36.899249839 ], [ 139.984667962, 36.899112619 ], [ 139.98457521099999, 36.898991998 ], [ 139.984469202000014, 36.898850165 ], [ 139.98407869499999, 36.898528249 ], [ 139.983661696000013, 36.898174521 ], [ 139.983283578999988, 36.897849269 ], [ 139.982882745000012, 36.898156265 ], [ 139.98239787, 36.89857349 ], [ 139.982361262000012, 36.898604695 ], [ 139.981914631, 36.898985404 ], [ 139.98154850099999, 36.899304293 ], [ 139.980631956, 36.900069796 ], [ 139.980549278000012, 36.9 ], [ 139.98024466699999, 36.899742806 ], [ 139.980160159, 36.899675715 ], [ 139.979880361, 36.899453583 ], [ 139.9794705, 36.899123528 ], [ 139.97939442500001, 36.8990667 ], [ 139.979360265999986, 36.899041184 ], [ 139.97933633299999, 36.899023306 ], [ 139.979083306, 36.898834306 ], [ 139.978637139, 36.898478 ], [ 139.978312028, 36.898228194 ], [ 139.978293102, 36.898213243 ], [ 139.978132127, 36.898086078 ], [ 139.977863805999988, 36.897874111 ], [ 139.977537038, 36.897601116 ], [ 139.977532110999988, 36.897597 ], [ 139.977297456, 36.897413296 ], [ 139.97713552799999, 36.897286528 ], [ 139.976767916999989, 36.896998778 ], [ 139.976765503, 36.896996888 ], [ 139.976760500000012, 36.896992972 ], [ 139.97596841699999, 36.896374 ], [ 139.975839001999987, 36.896274121 ], [ 139.975559333, 36.896058278 ], [ 139.975310306000011, 36.895863056 ], [ 139.9752035, 36.895779333 ], [ 139.975, 36.895619806 ], [ 139.974966583, 36.895593611 ], [ 139.974854998000012, 36.895505729 ], [ 139.97488939499999, 36.895479959 ], [ 139.975158735, 36.895278174 ], [ 139.975602538, 36.89494568 ], [ 139.97564594100001, 36.894913163 ], [ 139.975633445999989, 36.89490249 ], [ 139.975422576999989, 36.894722371 ], [ 139.97547893399999, 36.894677407 ], [ 139.975902952000013, 36.894339107 ], [ 139.976460253, 36.89475612 ], [ 139.976536083000013, 36.894698861 ], [ 139.976582917, 36.894665889 ], [ 139.976758972, 36.894512833 ], [ 139.976960566, 36.894337621 ], [ 139.97701730599999, 36.894288306 ], [ 139.97722247199999, 36.894138722 ], [ 139.977355, 36.89402425 ], [ 139.977861639, 36.893598194 ], [ 139.977924972000011, 36.893533306 ], [ 139.976997806000014, 36.892787917 ], [ 139.976243678, 36.892184812 ], [ 139.976024071000012, 36.892010306 ], [ 139.97509294599999, 36.892746645 ], [ 139.974985199, 36.89283185 ], [ 139.974858441, 36.892937413 ], [ 139.973942803, 36.893699932 ], [ 139.97328744699999, 36.894271293 ], [ 139.973003639000012, 36.894060111 ], [ 139.972734583, 36.893846639 ], [ 139.972546361000013, 36.893696861 ], [ 139.9722495, 36.893462167 ], [ 139.97193669399999, 36.893210444 ], [ 139.971785981000011, 36.893077501 ], [ 139.971616544999989, 36.892948965 ], [ 139.971396141000014, 36.892781763 ], [ 139.971166028, 36.892607194 ], [ 139.971003610999986, 36.892478586 ], [ 139.97073061099999, 36.892271778 ], [ 139.97061016699999, 36.892176083 ], [ 139.970449236, 36.892052851 ], [ 139.970371583, 36.891993389 ], [ 139.9702155, 36.891860611 ], [ 139.969961778, 36.891666667 ], [ 139.96989869399999, 36.891618444 ], [ 139.969760861, 36.891504778 ], [ 139.969577944, 36.891366694 ], [ 139.969445388999986, 36.891257306 ], [ 139.969263848999987, 36.891112162 ], [ 139.969122972, 36.890999528 ], [ 139.96866722199999, 36.890625063 ], [ 139.96877777099999, 36.890531152 ], [ 139.969059144, 36.890292124 ], [ 139.969201333, 36.890171333 ], [ 139.969223363999987, 36.890152954 ], [ 139.969475721, 36.889942433 ], [ 139.969555555999989, 36.889875833 ], [ 139.969690065, 36.889766147 ], [ 139.970054194999989, 36.889469216 ], [ 139.97043189199999, 36.889161217 ], [ 139.970470139000014, 36.889130028 ], [ 139.970960563, 36.888733269 ], [ 139.971395014, 36.888381789 ], [ 139.971390111, 36.888377861 ], [ 139.971346043000011, 36.888343822 ], [ 139.970606221999986, 36.887772361 ], [ 139.970517701, 36.887699653 ], [ 139.971130111, 36.887218123 ], [ 139.97108602599999, 36.887185513 ], [ 139.97064754199999, 36.886861159 ], [ 139.969121414, 36.885668789 ], [ 139.96833630899999, 36.885052277 ], [ 139.968394004, 36.884971387 ], [ 139.968521943000013, 36.884792012 ], [ 139.968494677, 36.884774183 ], [ 139.968224612, 36.884597591 ], [ 139.968218782, 36.884593778 ], [ 139.968105243999986, 36.884742757 ], [ 139.968065462999988, 36.884794955 ], [ 139.967560031, 36.884438404 ], [ 139.96647794899999, 36.885264009 ], [ 139.96567173599999, 36.885886026 ], [ 139.96665182000001, 36.886647966 ], [ 139.966691069, 36.886678479 ], [ 139.966177804000012, 36.887219996 ], [ 139.964894617999988, 36.886296789 ], [ 139.96414170700001, 36.887132098 ], [ 139.963446035, 36.887866699 ], [ 139.96244030299999, 36.888941295 ], [ 139.961851061, 36.889572283 ], [ 139.961775882000012, 36.889652788 ], [ 139.962313779999988, 36.890045778 ], [ 139.962192154, 36.890257634 ], [ 139.961930556999988, 36.890645305 ], [ 139.96179491800001, 36.890793 ], [ 139.961629362, 36.890946529 ], [ 139.961546, 36.891023862 ], [ 139.96125988599999, 36.891289433 ], [ 139.961238172, 36.891309588 ], [ 139.961122781, 36.891416694 ], [ 139.961037293, 36.891496043 ], [ 139.961009832, 36.891521531 ], [ 139.960986854, 36.891541622 ], [ 139.960845137, 36.891665532 ], [ 139.960533494, 36.892073689 ], [ 139.960481117, 36.892116587 ], [ 139.960302186, 36.892231773 ], [ 139.95994947299999, 36.892438331 ], [ 139.959766022, 36.892562647 ], [ 139.959668615999988, 36.892623703 ], [ 139.959424965000011, 36.892776426 ], [ 139.959376135000014, 36.892824984 ], [ 139.959346549, 36.892854405 ], [ 139.959290409, 36.892910232 ], [ 139.959053657999988, 36.893171844 ], [ 139.959017399, 36.893215213 ], [ 139.95889425199999, 36.893362507 ], [ 139.958808269, 36.893465349 ], [ 139.958764997, 36.893517106 ], [ 139.958721163, 36.893569535 ], [ 139.958719589999987, 36.893572977 ], [ 139.958722982000012, 36.893573168 ], [ 139.958748770999989, 36.893574615 ], [ 139.958828528, 36.893579092 ], [ 139.95885063899999, 36.893580333 ], [ 139.958992819, 36.893565395 ], [ 139.95900266699999, 36.893564361 ], [ 139.95906593699999, 36.893550082 ], [ 139.959263515, 36.893505491 ], [ 139.959436278, 36.8934665 ], [ 139.959627173, 36.893380525 ], [ 139.959765675999989, 36.893318146 ], [ 139.959947639, 36.893236194 ], [ 139.960015274, 36.893209192 ], [ 139.960643361, 36.892958444 ], [ 139.960974576000012, 36.892813897 ], [ 139.961453806, 36.89260475 ], [ 139.961526298, 36.892567967 ], [ 139.961652694, 36.892503833 ], [ 139.961845361, 36.892639056 ], [ 139.961934528, 36.892701639 ], [ 139.962119639, 36.892831556 ], [ 139.96239509099999, 36.893038203 ], [ 139.962462323000011, 36.893088641 ], [ 139.962519, 36.893142583 ], [ 139.962812500000013, 36.893371167 ], [ 139.962926278999987, 36.893459778 ], [ 139.963298583000011, 36.893749722 ], [ 139.963782621, 36.894131241 ], [ 139.964056805000013, 36.89434735 ], [ 139.964057806, 36.894348139 ], [ 139.96413299, 36.894286253 ], [ 139.964149838, 36.894272386 ], [ 139.96417523400001, 36.894251481 ], [ 139.964220949, 36.894213853 ], [ 139.964451145, 36.894024373 ], [ 139.964468944, 36.894009722 ], [ 139.964470444, 36.894008472 ], [ 139.964620693, 36.89388516 ], [ 139.964698056, 36.893821667 ], [ 139.964809136000014, 36.893733908 ], [ 139.96486659199999, 36.893688514 ], [ 139.96491124100001, 36.893653239 ], [ 139.96494987299999, 36.893622718 ], [ 139.965040824999988, 36.893550052 ], [ 139.965113358999986, 36.893492103 ], [ 139.96518308200001, 36.893436397 ], [ 139.965194438999987, 36.893427324 ], [ 139.965243041, 36.893388494 ], [ 139.96529548399999, 36.893346593 ], [ 139.96533191099999, 36.893317489 ], [ 139.965433942, 36.89323597 ], [ 139.965443959, 36.893227966 ], [ 139.965485161, 36.893195047 ], [ 139.965514508000012, 36.893171599 ], [ 139.965522192, 36.893165459 ], [ 139.965524111, 36.893156139 ], [ 139.96576408300001, 36.892964417 ], [ 139.965767811, 36.892961355 ], [ 139.965863805999987, 36.8928825 ], [ 139.966125532, 36.892670031 ], [ 139.966418255, 36.892432396 ], [ 139.96651494599999, 36.892353901 ], [ 139.96655694399999, 36.892319806 ], [ 139.966666667, 36.892231222 ], [ 139.966789417, 36.892132111 ], [ 139.96682210899999, 36.892157958 ], [ 139.967113938000011, 36.892388688 ], [ 139.96717277799999, 36.892435209 ], [ 139.967440495, 36.892646872 ], [ 139.967575168, 36.892753347 ], [ 139.96757978, 36.89275712 ], [ 139.967781435, 36.892922089 ], [ 139.967891306000013, 36.893011972 ], [ 139.968006245999987, 36.893099037 ], [ 139.968352538, 36.893361346 ], [ 139.968413923000014, 36.8934095 ], [ 139.968596213000012, 36.893552499 ], [ 139.968654764, 36.893598429 ], [ 139.968823413, 36.893734266 ], [ 139.968833346, 36.893742266 ], [ 139.96905736299999, 36.893922698 ], [ 139.969130611, 36.893981694 ], [ 139.96926666499999, 36.894090465 ], [ 139.969380941999987, 36.894181826 ], [ 139.969402381, 36.894198966 ], [ 139.97065321, 36.895240782 ], [ 139.971392400000013, 36.895846528 ], [ 139.970356482, 36.896688035 ], [ 139.969467927000011, 36.897421451 ], [ 139.968687554000013, 36.898046033 ], [ 139.968745, 36.898078444 ], [ 139.96882727799999, 36.898166361 ], [ 139.969612611, 36.898829667 ], [ 139.969495443999989, 36.898893611 ], [ 139.96878867, 36.898898893 ], [ 139.967897139, 36.898994425 ], [ 139.967351333000011, 36.899245222 ], [ 139.967123249999986, 36.899347111 ], [ 139.966763944, 36.899507611 ], [ 139.966666667, 36.899552583 ], [ 139.966439083000012, 36.899657833 ], [ 139.966352167, 36.899698028 ], [ 139.96581941, 36.899970365 ], [ 139.96575150000001, 36.9 ], [ 139.965574186999987, 36.900089146 ], [ 139.96550845199999, 36.900122194 ], [ 139.965565457999986, 36.900181466 ], [ 139.966514956999987, 36.900994775 ], [ 139.96726784, 36.901574707 ], [ 139.968185514, 36.902328471 ], [ 139.968597023, 36.902629724 ], [ 139.968685998000012, 36.902444144 ], [ 139.969078794000012, 36.901624852 ], [ 139.969386363000012, 36.901919299 ], [ 139.970707946, 36.900783479 ], [ 139.971492536999989, 36.900109537 ], [ 139.97069015, 36.899514372 ], [ 139.970783813999986, 36.899416234 ], [ 139.970998578, 36.899235387 ], [ 139.971858008999988, 36.89853251 ], [ 139.973370364, 36.89731479 ], [ 139.97337747200001, 36.897322833 ], [ 139.973516389, 36.897431361 ], [ 139.973727028000013, 36.897595917 ], [ 139.974117721999988, 36.897902 ], [ 139.974329055999988, 36.898057722 ], [ 139.97474258299999, 36.898392361 ], [ 139.974897027999987, 36.898517333 ], [ 139.974991241, 36.898574593 ], [ 139.975, 36.898579917 ], [ 139.975011278000011, 36.898589278 ], [ 139.975084333000012, 36.898649944 ], [ 139.975694667, 36.899140528 ], [ 139.97601027799999, 36.899385444 ], [ 139.97617103799999, 36.89951019 ], [ 139.976463722, 36.899737306 ], [ 139.976468858, 36.899741172 ], [ 139.976641027999989, 36.899870778 ], [ 139.97678950400001, 36.899988446 ], [ 139.976802611000011, 36.899998833 ], [ 139.97680408299999, 36.9 ], [ 139.977060289, 36.90021013 ], [ 139.977256944, 36.900371417 ], [ 139.977261765, 36.900375412 ], [ 139.977591666, 36.900648759 ], [ 139.977604361, 36.900659278 ], [ 139.978020515999987, 36.900970743 ], [ 139.978409639, 36.901281028 ], [ 139.97854625, 36.901389722 ], [ 139.978820361, 36.901607806 ], [ 139.978869631, 36.901652428 ], [ 139.97614998099999, 36.903844116 ], [ 139.976631442000013, 36.904237039 ], [ 139.976814458, 36.904377296 ], [ 139.976889844, 36.904444299 ], [ 139.977099508, 36.904630648 ], [ 139.977774528999987, 36.904009215 ], [ 139.978045528, 36.903734221 ], [ 139.97818443700001, 36.903562878 ], [ 139.978365999, 36.903389976 ], [ 139.978660549000011, 36.903145878 ], [ 139.978829638, 36.902996807 ], [ 139.97923684700001, 36.902712601 ], [ 139.97975244, 36.902389158 ], [ 139.980176994, 36.90214933 ], [ 139.98079928300001, 36.901865951 ], [ 139.98075993399999, 36.901834446 ], [ 139.980652021999987, 36.901748048 ], [ 139.981742271, 36.901262428 ] ] ] } },
{ "type": "Feature", "properties": { "A29_001": "09213", "A29_002": "栃木県", "A29_003": "那須塩原市", "A29_004": 11, "A29_005": "工業地域", "A29_006": 60, "A29_007": 200, "A29_008": null }, "geometry": { "type": "Polygon", "coordinates": [ [ [ 139.98022321900001, 36.903499522 ], [ 139.98145305599999, 36.904536194 ], [ 139.981731864000011, 36.904760747 ], [ 139.982437806, 36.905329306 ], [ 139.98254971099999, 36.905422721 ], [ 139.982556751, 36.905429437 ], [ 139.982702045999986, 36.905568021 ], [ 139.983143675, 36.905959336 ], [ 139.983298815000012, 36.906121983 ], [ 139.984110229, 36.905429804 ], [ 139.984678897, 36.90494469 ], [ 139.984569111000013, 36.904853111 ], [ 139.98388383299999, 36.904378944 ], [ 139.983326991000013, 36.903895451 ], [ 139.98323875, 36.903818833 ], [ 139.982605333, 36.903313583 ], [ 139.981478317000011, 36.902437659 ], [ 139.98022321900001, 36.903499522 ] ] ] } },
{ "type": "Feature", "properties": { "A29_001": "09213", "A29_002": "栃木県", "A29_003": "那須塩原市", "A29_004": 10, "A29_005": "準工業地域", "A29_006": 60, "A29_007": 200, "A29_008": null }, "geometry": { "type": "Polygon", "coordinates": [ [ [ 139.98813547200001, 36.902909583 ], [ 139.988531278000011, 36.902411722 ], [ 139.988565833, 36.902371417 ], [ 139.988577572, 36.902334557 ], [ 139.988580391, 36.902325705 ], [ 139.988584153, 36.902259289 ], [ 139.98850024, 36.902184757 ], [ 139.988445195999986, 36.902076326 ], [ 139.98840384499999, 36.901961587 ], [ 139.988376226000014, 36.90185941 ], [ 139.988343474, 36.901706025 ], [ 139.987933696999988, 36.901850552 ], [ 139.98781300600001, 36.901859879 ], [ 139.987720247999988, 36.901836521 ], [ 139.987690853, 36.901825708 ], [ 139.987551679, 36.901748836 ], [ 139.987357644000014, 36.901653165 ], [ 139.987024458, 36.901491628 ], [ 139.986893127, 36.901419463 ], [ 139.986550897, 36.901139999 ], [ 139.98652406, 36.900937967 ], [ 139.986512710999989, 36.900806649 ], [ 139.986477971999989, 36.900404687 ], [ 139.986171571, 36.900412173 ], [ 139.986170999, 36.900376775 ], [ 139.986154798, 36.899374095 ], [ 139.986628204999988, 36.899039661 ], [ 139.986851314, 36.898140059 ], [ 139.986910021, 36.897910702 ], [ 139.98562800799999, 36.897372527 ], [ 139.985569266, 36.896464978 ], [ 139.985155037999988, 36.89647498 ], [ 139.98484692400001, 36.896198119 ], [ 139.98452434699999, 36.896442692 ], [ 139.984487637, 36.896470524 ], [ 139.983862163999987, 36.895944578 ], [ 139.98409252799999, 36.895774167 ], [ 139.984379415, 36.895539332 ], [ 139.984382178, 36.89553707 ], [ 139.984321677999986, 36.895518763 ], [ 139.984044595, 36.895434915 ], [ 139.983120353, 36.895132249 ], [ 139.982640038, 36.89479462 ], [ 139.982511829, 36.894704454 ], [ 139.982628076999987, 36.894595842 ], [ 139.982281255, 36.894318147 ], [ 139.98228494599999, 36.894285834 ], [ 139.982289782, 36.894243503 ], [ 139.982407233, 36.894115983 ], [ 139.982383360999989, 36.894096982 ], [ 139.981362447, 36.893284389 ], [ 139.98055216899999, 36.892625643 ], [ 139.979843514, 36.892043133 ], [ 139.979460756, 36.892334431 ], [ 139.978794018, 36.892877579 ], [ 139.977924972000011, 36.893533306 ], [ 139.978690806, 36.894157611 ], [ 139.979030021, 36.894421134 ], [ 139.97948413899999, 36.894773917 ], [ 139.979886166999989, 36.89508625 ], [ 139.979983333, 36.895161722 ], [ 139.980257889, 36.895375028 ], [ 139.980492083, 36.895560333 ], [ 139.980715944, 36.895730278 ], [ 139.981018438, 36.895975303 ], [ 139.98105544399999, 36.896005278 ], [ 139.981335632, 36.896226748 ], [ 139.981418889, 36.896292556 ], [ 139.981798972, 36.896593 ], [ 139.982080575999987, 36.896815579 ], [ 139.983283578999988, 36.897849269 ], [ 139.983661696000013, 36.898174521 ], [ 139.98407869499999, 36.898528249 ], [ 139.984469202000014, 36.898850165 ], [ 139.98457521099999, 36.898991998 ], [ 139.984667962, 36.899112619 ], [ 139.98465270299999, 36.899249839 ], [ 139.984648483, 36.899287781 ], [ 139.984512818000013, 36.89929894 ], [ 139.984443666, 36.899304627 ], [ 139.98458116399999, 36.90019885 ], [ 139.98290400799999, 36.900931891 ], [ 139.982781415, 36.900860933 ], [ 139.981742271, 36.901262428 ], [ 139.980652021999987, 36.901748048 ], [ 139.98075993399999, 36.901834446 ], [ 139.98079928300001, 36.901865951 ], [ 139.980176994, 36.90214933 ], [ 139.97975244, 36.902389158 ], [ 139.97923684700001, 36.902712601 ], [ 139.980161978000012, 36.903451195 ], [ 139.98022321900001, 36.903499522 ], [ 139.981478317000011, 36.902437659 ], [ 139.982605333, 36.903313583 ], [ 139.98323875, 36.903818833 ], [ 139.983326991000013, 36.903895451 ], [ 139.98388383299999, 36.904378944 ], [ 139.984569111000013, 36.904853111 ], [ 139.984678897, 36.90494469 ], [ 139.984110229, 36.905429804 ], [ 139.983298815000012, 36.906121983 ], [ 139.98334472799999, 36.906203565 ], [ 139.983434563, 36.906370482 ], [ 139.983523866000013, 36.906549876 ], [ 139.983529721999986, 36.906561639 ], [ 139.983604205, 36.906672009 ], [ 139.983757736, 36.907084289 ], [ 139.98391116, 36.907434763 ], [ 139.984325514, 36.907041112 ], [ 139.984714435, 36.906661643 ], [ 139.985146254, 36.906192487 ], [ 139.98584788, 36.905518557 ], [ 139.986582658, 36.904783252 ], [ 139.987145355, 36.904169249 ], [ 139.98739239, 36.903840276 ], [ 139.987891510999987, 36.903182169 ], [ 139.987924627000012, 36.903145168 ], [ 139.98813547200001, 36.902909583 ] ] ] } },
{ "type": "Feature", "properties": { "A29_001": "09213", "A29_002": "栃木県", "A29_003": "那須塩原市", "A29_004": 10, "A29_005": "準工業地域", "A29_006": 60, "A29_007": 200, "A29_008": null }, "geometry": { "type": "Polygon", "coordinates": [ [ [ 139.93435558499999, 36.903824054 ], [ 139.934239725999987, 36.904079304 ], [ 139.934097699, 36.904392166 ], [ 139.933904006, 36.904791195 ], [ 139.933804673, 36.905011113 ], [ 139.933697867, 36.90522803 ], [ 139.933627089999987, 36.905374308 ], [ 139.933567506, 36.905452919 ], [ 139.93338434, 36.905741476 ], [ 139.933333333, 36.905819521 ], [ 139.932917527, 36.906444536 ], [ 139.932645889000014, 36.906875833 ], [ 139.932595091, 36.907016621 ], [ 139.932555091000012, 36.90712748 ], [ 139.932594814, 36.907189147 ], [ 139.932838151, 36.907517453 ], [ 139.933333333, 36.908131028 ], [ 139.933414131, 36.908228794 ], [ 139.933445361, 36.908266583 ], [ 139.93348391699999, 36.908311212 ], [ 139.93350302799999, 36.908333333 ], [ 139.933624138999988, 36.9084735 ], [ 139.933809894, 36.908674694 ], [ 139.933867778, 36.908737389 ], [ 139.933954144000012, 36.908826904 ], [ 139.934012625, 36.908887519 ], [ 139.934117611, 36.908996333 ], [ 139.934552610999987, 36.909468417 ], [ 139.934673167, 36.909603861 ], [ 139.934971182999988, 36.909904396 ], [ 139.934995361, 36.909928778 ], [ 139.93508361100001, 36.910017389 ], [ 139.935391833000011, 36.910324139 ], [ 139.935734860999986, 36.910646833 ], [ 139.935949861000012, 36.910841056 ], [ 139.936138139, 36.911010361 ], [ 139.93642905199999, 36.911268579 ], [ 139.936714888000012, 36.9115395 ], [ 139.937567054, 36.912255816 ], [ 139.938476651, 36.912951109 ], [ 139.939024394, 36.913354991 ], [ 139.940037604999986, 36.91399155 ], [ 139.940383121, 36.914220736 ], [ 139.940929162, 36.914512331 ], [ 139.94244469, 36.915294817 ], [ 139.942515472, 36.915240111 ], [ 139.943041139, 36.914685556 ], [ 139.943352972000014, 36.914337083 ], [ 139.943772722, 36.913868 ], [ 139.94409741699999, 36.913506889 ], [ 139.944183306000014, 36.913411361 ], [ 139.944526722, 36.913028472 ], [ 139.944805417, 36.912729389 ], [ 139.94509158299999, 36.912418306 ], [ 139.945423944, 36.912068194 ], [ 139.945621611, 36.911859944 ], [ 139.945800778, 36.911710389 ], [ 139.946200468, 36.911392198 ], [ 139.946670025, 36.911057092 ], [ 139.946582838000012, 36.910981874 ], [ 139.94623443399999, 36.910797699 ], [ 139.94592088499999, 36.910641445 ], [ 139.945624793, 36.910518721 ], [ 139.94537392699999, 36.910373589 ], [ 139.945116074, 36.910211689 ], [ 139.94475005699999, 36.909880759 ], [ 139.944577579, 36.909774689 ], [ 139.94443642600001, 36.909662999 ], [ 139.94431964099999, 36.909551286 ], [ 139.9442655, 36.909425536 ], [ 139.94421483299999, 36.90929559 ], [ 139.94420235199999, 36.909090128 ], [ 139.944196519, 36.908668003 ], [ 139.944216573, 36.908092099 ], [ 139.94419198599999, 36.907941162 ], [ 139.944038490999986, 36.90771766 ], [ 139.94381185099999, 36.907466271 ], [ 139.943449493, 36.907245758 ], [ 139.94298265399999, 36.906991793 ], [ 139.942132802, 36.906673881 ], [ 139.940405277999986, 36.906043653 ], [ 139.938531431, 36.905307299 ], [ 139.936776097, 36.904660269 ], [ 139.936741368000014, 36.904720404 ], [ 139.935450374, 36.904221303 ], [ 139.934977898, 36.904055887 ], [ 139.93481517399999, 36.903989276 ], [ 139.93474431199999, 36.903963109 ], [ 139.9344745, 36.903863463 ], [ 139.93435733699999, 36.903820193 ], [ 139.93435558499999, 36.903824054 ] ] ] } },
{ "type": "Feature", "properties": { "A29_001": "09213", "A29_002": "栃木県", "A29_003": "那須塩原市", "A29_004": 12, "A29_005": "工業専用地域", "A29_006": 60, "A29_007": 200, "A29_008": null }, "geometry": { "type": "Polygon", "coordinates": [ [ [ 139.951225327, 36.919521028 ], [ 139.95181363099999, 36.918696879 ], [ 139.954205441999989, 36.91548811 ], [ 139.95439539099999, 36.915233267 ], [ 139.954303243999988, 36.915191364 ], [ 139.953508862, 36.914811974 ], [ 139.95320918199999, 36.914638952 ], [ 139.95258211699999, 36.914385188 ], [ 139.951944214, 36.914019544 ], [ 139.950599747000012, 36.913288474 ], [ 139.949065348, 36.912504461 ], [ 139.948098491, 36.913574698 ], [ 139.947271292000011, 36.914506416 ], [ 139.94666303299999, 36.915183522 ], [ 139.945759650000014, 36.916218195 ], [ 139.945717647, 36.916266301 ], [ 139.94602135, 36.916813943 ], [ 139.94624080599999, 36.916988722 ], [ 139.94666961199999, 36.917277388 ], [ 139.947676524, 36.91776285 ], [ 139.948777559, 36.918318101 ], [ 139.949641643, 36.918733796 ], [ 139.950027642, 36.918923095 ], [ 139.950648605999987, 36.919227619 ], [ 139.951225327, 36.919521028 ] ] ] } },
{ "type": "Feature", "properties": { "A29_001": "09213", "A29_002": "栃木県", "A29_003": "那須塩原市", "A29_004": 10, "A29_005": "準工業地域", "A29_006": 60, "A29_007": 200, "A29_008": null }, "geometry": { "type": "Polygon", "coordinates": [ [ [ 139.951356690000011, 36.919587859 ], [ 139.951699098, 36.919762057 ], [ 139.952130342, 36.919990561 ], [ 139.952328136, 36.920095366 ], [ 139.952693985, 36.920265528 ], [ 139.953125048, 36.919834579 ], [ 139.953810073, 36.919277571 ], [ 139.954688366, 36.918748317 ], [ 139.955794626999989, 36.918176888 ], [ 139.956838384, 36.917717336 ], [ 139.957736036, 36.917341795 ], [ 139.958501469999987, 36.917022298 ], [ 139.959162518999989, 36.916744839 ], [ 139.958930027, 36.916728212 ], [ 139.958546205, 36.916700762 ], [ 139.957599076, 36.916616492 ], [ 139.95692755499999, 36.916355315 ], [ 139.956480787, 36.916181549 ], [ 139.95590981, 36.915921917 ], [ 139.95537714, 36.915679701 ], [ 139.95439539099999, 36.915233267 ], [ 139.954205441999989, 36.91548811 ], [ 139.95181363099999, 36.918696879 ], [ 139.951225327, 36.919521028 ], [ 139.951356690000011, 36.919587859 ] ] ] } },
{ "type": "Feature", "properties": { "A29_001": "09213", "A29_002": "栃木県", "A29_003": "那須塩原市", "A29_004": 12, "A29_005": "工業専用地域", "A29_006": 60, "A29_007": 200, "A29_008": null }, "geometry": { "type": "Polygon", "coordinates": [ [ [ 140.014091130999986, 36.918578808 ], [ 140.01407037300001, 36.918852359 ], [ 140.014043286, 36.91911328 ], [ 140.014061297000012, 36.91927503 ], [ 140.01414244, 36.91950217 ], [ 140.014220232000014, 36.91964512 ], [ 140.014790944, 36.920273188 ], [ 140.015051782, 36.920866328 ], [ 140.01566629300001, 36.922378676 ], [ 140.01583079299999, 36.922293412 ], [ 140.01598349599999, 36.922194943 ], [ 140.016209994, 36.922011444 ], [ 140.017003442, 36.920977828 ], [ 140.01792247899999, 36.919816621 ], [ 140.018496964, 36.918868266 ], [ 140.019161618, 36.91772564 ], [ 140.01984904299999, 36.916629494 ], [ 140.020529641, 36.915838708 ], [ 140.019661507, 36.915125192 ], [ 140.019336684, 36.915151993 ], [ 140.019137682, 36.915138144 ], [ 140.018711486, 36.914903216 ], [ 140.018361051999989, 36.914754118 ], [ 140.017940036999988, 36.91458086 ], [ 140.017740965, 36.914536681 ], [ 140.017569683, 36.914526832 ], [ 140.017370812, 36.914565563 ], [ 140.017234941999988, 36.914618353 ], [ 140.016993611, 36.914807815 ], [ 140.016797682, 36.915016417 ], [ 140.01661919099999, 36.915156228 ], [ 140.01653611099999, 36.915164448 ], [ 140.016435269, 36.915124159 ], [ 140.01593358299999, 36.914917651 ], [ 140.015689271000014, 36.914909942 ], [ 140.015377059, 36.914948834 ], [ 140.014798868000014, 36.915399688 ], [ 140.014500226, 36.915827071 ], [ 140.01422376, 36.916314887 ], [ 140.01401284100001, 36.916664697 ], [ 140.013749482, 36.916823986 ], [ 140.013732906, 36.917267897 ], [ 140.013882501000012, 36.917688308 ], [ 140.01407771800001, 36.918233018 ], [ 140.014091130999986, 36.918578808 ] ] ] } },
{ "type": "Feature", "properties": { "A29_001": "09213", "A29_002": "栃木県", "A29_003": "那須塩原市", "A29_004": 11, "A29_005": "工業地域", "A29_006": 60, "A29_007": 200, "A29_008": null }, "geometry": { "type": "Polygon", "coordinates": [ [ [ 140.01566629300001, 36.922378676 ], [ 140.015051782, 36.920866328 ], [ 140.014790944, 36.920273188 ], [ 140.014220232000014, 36.91964512 ], [ 140.01414244, 36.91950217 ], [ 140.014061297000012, 36.91927503 ], [ 140.014043286, 36.91911328 ], [ 140.01407037300001, 36.918852359 ], [ 140.014091130999986, 36.918578808 ], [ 140.013151029999989, 36.919371965 ], [ 140.01156422, 36.918860322 ], [ 140.011861737, 36.919278711 ], [ 140.01208174199999, 36.919588711 ], [ 140.012151743, 36.919688711 ], [ 140.012234419, 36.919788231 ], [ 140.013362855999986, 36.921399842 ], [ 140.014878476, 36.923541696 ], [ 140.01566629300001, 36.922378676 ] ] ] } },
{ "type": "Feature", "properties": { "A29_001": "09213", "A29_002": "栃木県", "A29_003": "那須塩原市", "A29_004": 10, "A29_005": "準工業地域", "A29_006": 60, "A29_007": 200, "A29_008": null }, "geometry": { "type": "Polygon", "coordinates": [ [ [ 140.012894655999986, 36.924055505 ], [ 140.012755562, 36.924442217 ], [ 140.013504805, 36.92473016 ], [ 140.014419086, 36.925291729 ], [ 140.01440277099999, 36.924657359 ], [ 140.013172113, 36.924040414 ], [ 140.012894655999986, 36.924055505 ] ] ] } },
{ "type": "Feature", "properties": { "A29_001": "09213", "A29_002": "栃木県", "A29_003": "那須塩原市", "A29_004": 12, "A29_005": "工業専用地域", "A29_006": 60, "A29_007": 200, "A29_008": null }, "geometry": { "type": "Polygon", "coordinates": [ [ [ 139.97271267299999, 36.921655767 ], [ 139.972710939, 36.921713241 ], [ 139.973346808, 36.921769785 ], [ 139.97301127, 36.923082528 ], [ 139.973036474999986, 36.923724631 ], [ 139.973036723, 36.923860064 ], [ 139.973020276, 36.923961181 ], [ 139.972989528999989, 36.924037518 ], [ 139.972944547999987, 36.924125316 ], [ 139.972852071, 36.924224615 ], [ 139.972547034, 36.924501139 ], [ 139.97260774, 36.924537275 ], [ 139.973001266000011, 36.924696486 ], [ 139.973438977, 36.924855317 ], [ 139.97330975, 36.925103861 ], [ 139.973239490999987, 36.925243244 ], [ 139.973268510999986, 36.925261518 ], [ 139.973438929999986, 36.925360636 ], [ 139.973553908000014, 36.925582724 ], [ 139.973583267, 36.925670429 ], [ 139.973599861, 36.925720001 ], [ 139.973602344, 36.925965668 ], [ 139.973602813000014, 36.926012043 ], [ 139.975116625, 36.926578916 ], [ 139.97514780099999, 36.926523085 ], [ 139.975219028, 36.926395528 ], [ 139.97546122, 36.926078415 ], [ 139.975604494, 36.92588535 ], [ 139.97571925599999, 36.925807636 ], [ 139.976089604, 36.925547205 ], [ 139.97615739299999, 36.925488417 ], [ 139.97688549099999, 36.92521707 ], [ 139.97689639, 36.92521066 ], [ 139.978696796, 36.926032566 ], [ 139.979420306, 36.926351333 ], [ 139.979469806, 36.926384167 ], [ 139.980105630999986, 36.926674509 ], [ 139.980185342999988, 36.92667335 ], [ 139.980197296999989, 36.926673176 ], [ 139.980341968, 36.926671072 ], [ 139.980590143, 36.926712698 ], [ 139.980788714, 36.926761723 ], [ 139.980982176, 36.926869461 ], [ 139.981251702, 36.926471808 ], [ 139.981207411000014, 36.926456453 ], [ 139.980995600999989, 36.926383019 ], [ 139.98057876199999, 36.926226286 ], [ 139.980617775000013, 36.926203632 ], [ 139.980634847, 36.926193718 ], [ 139.980913745, 36.925916613 ], [ 139.981374926, 36.925370906 ], [ 139.98146467, 36.925269797 ], [ 139.981541235, 36.925183534 ], [ 139.98178259299999, 36.924998862 ], [ 139.981942260000011, 36.924876694 ], [ 139.98213626099999, 36.924719137 ], [ 139.98231490500001, 36.924619125 ], [ 139.98244004, 36.924508894 ], [ 139.982520717999989, 36.924366219 ], [ 139.98263917599999, 36.924155136 ], [ 139.983385338, 36.923816852 ], [ 139.98365532599999, 36.9236666 ], [ 139.983715436000011, 36.92363703 ], [ 139.98379383599999, 36.923587666 ], [ 139.98391211, 36.923441931 ], [ 139.983988978000014, 36.923355871 ], [ 139.98417096599999, 36.923101931 ], [ 139.984296352, 36.922963404 ], [ 139.98448776, 36.922694788 ], [ 139.984615322, 36.922494394 ], [ 139.984857952999988, 36.922378768 ], [ 139.984993624, 36.922317792 ], [ 139.985060112000014, 36.922266338 ], [ 139.985082164, 36.922192927 ], [ 139.98505725199999, 36.922140542 ], [ 139.985055632000012, 36.922140348 ], [ 139.98493579399999, 36.922126021 ], [ 139.98466027399999, 36.922115889 ], [ 139.984634109000012, 36.922099161 ], [ 139.984597164, 36.921856444 ], [ 139.984532639, 36.921618093 ], [ 139.98396412299999, 36.9206382 ], [ 139.981774992999988, 36.92024511 ], [ 139.97879340899999, 36.919746607 ], [ 139.978487597, 36.919686218 ], [ 139.976934618, 36.919385137 ], [ 139.976033239, 36.91912414 ], [ 139.97535396699999, 36.918940448 ], [ 139.97499922599999, 36.918811489 ], [ 139.974689504, 36.918997326 ], [ 139.974415622, 36.919161191 ], [ 139.974154792, 36.919322944 ], [ 139.974096714000012, 36.919384073 ], [ 139.973853324, 36.919554297 ], [ 139.973573372, 36.919812155 ], [ 139.973362129, 36.919961268 ], [ 139.97330811099999, 36.919985102 ], [ 139.973445027, 36.92051348 ], [ 139.973428492000011, 36.92121055 ], [ 139.972724575, 36.921261372 ], [ 139.97271267299999, 36.921655767 ] ] ] } },
{ "type": "Feature", "properties": { "A29_001": "09213", "A29_002": "栃木県", "A29_003": "那須塩原市", "A29_004": 12, "A29_005": "工業専用地域", "A29_006": 60, "A29_007": 200, "A29_008": null }, "geometry": { "type": "Polygon", "coordinates": [ [ [ 140.012755562, 36.924442217 ], [ 140.012894655999986, 36.924055505 ], [ 140.012554655, 36.923894727 ], [ 140.012584858, 36.923752983 ], [ 140.010829378000011, 36.922868994 ], [ 140.01068233699999, 36.922916628 ], [ 140.00949920299999, 36.922318084 ], [ 140.007376926, 36.921299194 ], [ 140.00706599, 36.9216248 ], [ 140.006420541000011, 36.921338573 ], [ 140.00472767, 36.921331382 ], [ 140.003366241, 36.922787968 ], [ 140.002948441, 36.923247623 ], [ 140.00166354699999, 36.925299155 ], [ 140.002702223, 36.925754847 ], [ 140.004828917, 36.926617016 ], [ 140.00609599399999, 36.927064168 ], [ 140.006979169, 36.927746415 ], [ 140.007699986, 36.927640951 ], [ 140.008050039000011, 36.927606059 ], [ 140.008319582000013, 36.927613748 ], [ 140.009627469, 36.927847402 ], [ 140.010978908999988, 36.926237651 ], [ 140.011581869999986, 36.925563326 ], [ 140.012240622, 36.925049681 ], [ 140.012549823, 36.924786319 ], [ 140.012755562, 36.924442217 ] ] ] } },
{ "type": "Feature", "properties": { "A29_001": "09213", "A29_002": "栃木県", "A29_003": "那須塩原市", "A29_004": 5, "A29_005": "第一種住居地域", "A29_006": 60, "A29_007": 200, "A29_008": null }, "geometry": { "type": "Polygon", "coordinates": [ [ [ 140.014270584, 36.926878793 ], [ 140.01503765699999, 36.927622834 ], [ 140.015925290000013, 36.928462448 ], [ 140.016607838, 36.927987466 ], [ 140.01468318799999, 36.926067481 ], [ 140.01463723099999, 36.926258132 ], [ 140.01431352, 36.926833538 ], [ 140.014270584, 36.926878793 ] ] ] } },
{ "type": "Feature", "properties": { "A29_001": "09213", "A29_002": "栃木県", "A29_003": "那須塩原市", "A29_004": 1, "A29_005": "第一種低層住居専用地域", "A29_006": 50, "A29_007": 80, "A29_008": null }, "geometry": { "type": "Polygon", "coordinates": [ [ [ 140.01326669299999, 36.927776875 ], [ 140.013509081, 36.927806172 ], [ 140.01383937599999, 36.927939141 ], [ 140.014139511, 36.928096419 ], [ 140.014500448, 36.928400228 ], [ 140.015119341, 36.928977731 ], [ 140.015388066000014, 36.928812525 ], [ 140.015756947, 36.928579596 ], [ 140.015925290000013, 36.928462448 ], [ 140.01503765699999, 36.927622834 ], [ 140.014270584, 36.926878793 ], [ 140.014064303, 36.927096217 ], [ 140.013377528, 36.927689194 ], [ 140.01326669299999, 36.927776875 ] ] ] } },
{ "type": "Feature", "properties": { "A29_001": "09213", "A29_002": "栃木県", "A29_003": "那須塩原市", "A29_004": 5, "A29_005": "第一種住居地域", "A29_006": 60, "A29_007": 200, "A29_008": null }, "geometry": { "type": "Polygon", "coordinates": [ [ [ 140.013509081, 36.927806172 ], [ 140.01326669299999, 36.927776875 ], [ 140.01292783299999, 36.928044944 ], [ 140.01245298, 36.928359966 ], [ 140.01308859400001, 36.928601611 ], [ 140.013351174, 36.928690947 ], [ 140.01372097399999, 36.928996984 ], [ 140.01423848499999, 36.929523639 ], [ 140.01432835899999, 36.929464003 ], [ 140.015119341, 36.928977731 ], [ 140.014500448, 36.928400228 ], [ 140.014139511, 36.928096419 ], [ 140.01383937599999, 36.927939141 ], [ 140.013509081, 36.927806172 ] ] ] } },
{ "type": "Feature", "properties": { "A29_001": "09213", "A29_002": "栃木県", "A29_003": "那須塩原市", "A29_004": 5, "A29_005": "第一種住居地域", "A29_006": 60, "A29_007": 200, "A29_008": null }, "geometry": { "type": "Polygon", "coordinates": [ [ [ 140.01409030799999, 36.926559834 ], [ 140.014191234, 36.926452 ], [ 140.01439032499999, 36.926064426 ], [ 140.014419086, 36.925291729 ], [ 140.013504805, 36.92473016 ], [ 140.012755562, 36.924442217 ], [ 140.012549823, 36.924786319 ], [ 140.012240622, 36.925049681 ], [ 140.011581869999986, 36.925563326 ], [ 140.010978908999988, 36.926237651 ], [ 140.009627469, 36.927847402 ], [ 140.008319582000013, 36.927613748 ], [ 140.008050039000011, 36.927606059 ], [ 140.007699986, 36.927640951 ], [ 140.006979169, 36.927746415 ], [ 140.007696564000014, 36.928622024 ], [ 140.008229615, 36.929297693 ], [ 140.008453788, 36.929291292 ], [ 140.008626819999989, 36.929749311 ], [ 140.009752870999989, 36.929273474 ], [ 140.010519296000012, 36.92897574 ], [ 140.01088364099999, 36.928808953 ], [ 140.011478344000011, 36.928537917 ], [ 140.011701538000011, 36.928388341 ], [ 140.011959918, 36.928191484 ], [ 140.01227240899999, 36.927990766 ], [ 140.012434554, 36.927897955 ], [ 140.012587343, 36.927829716 ], [ 140.01278711, 36.927725512 ], [ 140.012942224999989, 36.927645934 ], [ 140.013055025999989, 36.927583423 ], [ 140.01321003000001, 36.927456617 ], [ 140.013576411, 36.927161357 ], [ 140.013747725, 36.926966517 ], [ 140.01409030799999, 36.926559834 ] ] ] } },
{ "type": "Feature", "properties": { "A29_001": "09213", "A29_002": "栃木県", "A29_003": "那須塩原市", "A29_004": 5, "A29_005": "第一種住居地域", "A29_006": 60, "A29_007": 200, "A29_008": null }, "geometry": { "type": "Polygon", "coordinates": [ [ [ 140.025141945, 36.927174381 ], [ 140.025402582, 36.926644118 ], [ 140.025597306, 36.925951165 ], [ 140.025751388, 36.925126832 ], [ 140.02554739499999, 36.925141323 ], [ 140.025283284000011, 36.925285335 ], [ 140.025085155999989, 36.925628427 ], [ 140.024874247000014, 36.925899759 ], [ 140.02445449699999, 36.926259392 ], [ 140.024112486, 36.926482394 ], [ 140.023898855999988, 36.926677896 ], [ 140.023763166, 36.926803487 ], [ 140.023675094999987, 36.926844087 ], [ 140.02344846299999, 36.926874789 ], [ 140.02311604, 36.92689958 ], [ 140.022904517, 36.926928231 ], [ 140.022743517, 36.927013423 ], [ 140.022698838, 36.926268281 ], [ 140.021754267, 36.926271816 ], [ 140.02143626099999, 36.926022567 ], [ 140.021088174999988, 36.925828978 ], [ 140.02018779, 36.925364261 ], [ 140.01992392, 36.925613413 ], [ 140.01903386699999, 36.925247767 ], [ 140.019430395, 36.924655633 ], [ 140.018611063, 36.924363677 ], [ 140.018285397, 36.92509929 ], [ 140.018634294, 36.925374539 ], [ 140.018780797, 36.925540129 ], [ 140.018834069, 36.925697789 ], [ 140.018849993, 36.92602841 ], [ 140.020327817, 36.926740974 ], [ 140.02197723399999, 36.927566478 ], [ 140.023591442, 36.928398102 ], [ 140.02506485, 36.929169659 ], [ 140.025102944, 36.929173472 ], [ 140.025215906999989, 36.929192126 ], [ 140.02535644400001, 36.929215333 ], [ 140.025679778000011, 36.929293194 ], [ 140.02587420899999, 36.929359306 ], [ 140.02599925199999, 36.929401824 ], [ 140.026153717, 36.929454346 ], [ 140.02617494, 36.929455689 ], [ 140.026318137, 36.92952605 ], [ 140.026333763, 36.929533984 ], [ 140.026390158999988, 36.929562622 ], [ 140.027600954, 36.930344367 ], [ 140.028201263, 36.929664902 ], [ 140.028570965, 36.929430719 ], [ 140.028386700999988, 36.92928238 ], [ 140.027688540000014, 36.929129843 ], [ 140.026665173999987, 36.928873667 ], [ 140.026760494, 36.928713747 ], [ 140.026468079000011, 36.928629288 ], [ 140.025711003, 36.92808551 ], [ 140.025899251999988, 36.927818269 ], [ 140.025364563000011, 36.927553201 ], [ 140.025462201000011, 36.927312389 ], [ 140.025141945, 36.927174381 ] ] ] } },
{ "type": "Feature", "properties": { "A29_001": "09213", "A29_002": "栃木県", "A29_003": "那須塩原市", "A29_004": 8, "A29_005": "近隣商業地域", "A29_006": 80, "A29_007": 200, "A29_008": null }, "geometry": { "type": "Polygon", "coordinates": [ [ [ 140.022351748, 36.929271691 ], [ 140.021284799, 36.928702094 ], [ 140.02122602599999, 36.929381677 ], [ 140.021186631, 36.930772071 ], [ 140.022232183999989, 36.930831075 ], [ 140.022351748, 36.929271691 ] ] ] } },
{ "type": "Feature", "properties": { "A29_001": "09213", "A29_002": "栃木県", "A29_003": "那須塩原市", "A29_004": 5, "A29_005": "第一種住居地域", "A29_006": 60, "A29_007": 200, "A29_008": null }, "geometry": { "type": "Polygon", "coordinates": [ [ [ 140.020386785999989, 36.930238443 ], [ 140.021081091000013, 36.930875371 ], [ 140.021179553, 36.930968241 ], [ 140.021186631, 36.930772071 ], [ 140.02122602599999, 36.929381677 ], [ 140.021284799, 36.928702094 ], [ 140.02014982, 36.928118429 ], [ 140.019315046, 36.927707202 ], [ 140.019302818999989, 36.927743461 ], [ 140.019157971999988, 36.928098278 ], [ 140.019077133, 36.928412756 ], [ 140.019052957000014, 36.928506806 ], [ 140.018997565, 36.928701042 ], [ 140.01899404400001, 36.928713389 ], [ 140.019061373999989, 36.928750874 ], [ 140.019809790000011, 36.929167547 ], [ 140.02039213399999, 36.929576386 ], [ 140.020386785999989, 36.930238443 ] ] ] } },
{ "type": "Feature", "properties": { "A29_001": "09213", "A29_002": "栃木県", "A29_003": "那須塩原市", "A29_004": 3, "A29_005": "第一種中高層住居専用地域", "A29_006": 60, "A29_007": 200, "A29_008": null }, "geometry": { "type": "Polygon", "coordinates": [ [ [ 140.012996168, 36.930347961 ], [ 140.012420466, 36.929772483 ], [ 140.011938316999988, 36.929335384 ], [ 140.011639026000012, 36.929538066 ], [ 140.011490775, 36.929696027 ], [ 140.011289946, 36.929993609 ], [ 140.010886207999988, 36.930775823 ], [ 140.011439309999986, 36.931390782 ], [ 140.011690495000011, 36.931622471 ], [ 140.013020931999989, 36.930704352 ], [ 140.012788677, 36.930486803 ], [ 140.012996168, 36.930347961 ] ] ] } },
{ "type": "Feature", "properties": { "A29_001": "09213", "A29_002": "栃木県", "A29_003": "那須塩原市", "A29_004": 10, "A29_005": "準工業地域", "A29_006": 60, "A29_007": 200, "A29_008": null }, "geometry": { "type": "Polygon", "coordinates": [ [ [ 140.023591442, 36.928398102 ], [ 140.02197723399999, 36.927566478 ], [ 140.020327817, 36.926740974 ], [ 140.018849993, 36.92602841 ], [ 140.018834069, 36.925697789 ], [ 140.018780797, 36.925540129 ], [ 140.018634294, 36.925374539 ], [ 140.018285397, 36.92509929 ], [ 140.017611534, 36.924549272 ], [ 140.017398027000013, 36.924367742 ], [ 140.016545631000014, 36.923683497 ], [ 140.01621492699999, 36.923410444 ], [ 140.016125549, 36.923291362 ], [ 140.016010193999989, 36.923026722 ], [ 140.01587525, 36.922737778 ], [ 140.01582189199999, 36.922808393 ], [ 140.015739563000011, 36.922912481 ], [ 140.01571153099999, 36.922947921 ], [ 140.015510447999986, 36.923223062 ], [ 140.015397643, 36.923425479 ], [ 140.015361157, 36.923507826 ], [ 140.01534605099999, 36.923541922 ], [ 140.015010092000011, 36.924091465 ], [ 140.014780204, 36.924491967 ], [ 140.01469518499999, 36.924752968 ], [ 140.01466331899999, 36.925124109 ], [ 140.01468318799999, 36.926067481 ], [ 140.016607838, 36.927987466 ], [ 140.016984076, 36.928364036 ], [ 140.016898566, 36.928418776 ], [ 140.017373246, 36.928882155 ], [ 140.017091513999986, 36.929044377 ], [ 140.018293340000014, 36.930189144 ], [ 140.019270541999987, 36.931150221 ], [ 140.019518991000012, 36.930763579 ], [ 140.01977139600001, 36.930967428 ], [ 140.01993300699999, 36.930882617 ], [ 140.020011939, 36.930978697 ], [ 140.02035194699999, 36.931318696 ], [ 140.021081091000013, 36.930875371 ], [ 140.020386785999989, 36.930238443 ], [ 140.02039213399999, 36.929576386 ], [ 140.019809790000011, 36.929167547 ], [ 140.019061373999989, 36.928750874 ], [ 140.01899404400001, 36.928713389 ], [ 140.018997565, 36.928701042 ], [ 140.019052957000014, 36.928506806 ], [ 140.019077133, 36.928412756 ], [ 140.019157971999988, 36.928098278 ], [ 140.019302818999989, 36.927743461 ], [ 140.019315046, 36.927707202 ], [ 140.02014982, 36.928118429 ], [ 140.021284799, 36.928702094 ], [ 140.022351748, 36.929271691 ], [ 140.023421176999989, 36.929821057 ], [ 140.024505766, 36.930381512 ], [ 140.02515162899999, 36.93076975 ], [ 140.026052327, 36.931320377 ], [ 140.02664983, 36.931757485 ], [ 140.026855488, 36.931401223 ], [ 140.027048084, 36.930861961 ], [ 140.027600954, 36.930344367 ], [ 140.026390158999988, 36.929562622 ], [ 140.026333763, 36.929533984 ], [ 140.026318137, 36.92952605 ], [ 140.02617494, 36.929455689 ], [ 140.026153717, 36.929454346 ], [ 140.02599925199999, 36.929401824 ], [ 140.02587420899999, 36.929359306 ], [ 140.025679778000011, 36.929293194 ], [ 140.02535644400001, 36.929215333 ], [ 140.025215906999989, 36.929192126 ], [ 140.025102944, 36.929173472 ], [ 140.02506485, 36.929169659 ], [ 140.023591442, 36.928398102 ] ] ] } },
{ "type": "Feature", "properties": { "A29_001": "09213", "A29_002": "栃木県", "A29_003": "那須塩原市", "A29_004": 1, "A29_005": "第一種低層住居専用地域", "A29_006": 50, "A29_007": 80, "A29_008": null }, "geometry": { "type": "Polygon", "coordinates": [ [ [ 140.011639026000012, 36.929538066 ], [ 140.011938316999988, 36.929335384 ], [ 140.012420466, 36.929772483 ], [ 140.012996168, 36.930347961 ], [ 140.014196754000011, 36.92955133 ], [ 140.01423848499999, 36.929523639 ], [ 140.01372097399999, 36.928996984 ], [ 140.013351174, 36.928690947 ], [ 140.01308859400001, 36.928601611 ], [ 140.01245298, 36.928359966 ], [ 140.011643, 36.928897306 ], [ 140.011395596, 36.929075208 ], [ 140.011141917, 36.929220726 ], [ 140.011001893000014, 36.929289605 ], [ 140.01070505199999, 36.929377828 ], [ 140.010198758, 36.929559776 ], [ 140.009736124, 36.929767595 ], [ 140.00908393, 36.930095519 ], [ 140.008766006, 36.930298184 ], [ 140.008538278, 36.930460658 ], [ 140.008406546, 36.930625997 ], [ 140.00839602100001, 36.930649894 ], [ 140.008345133, 36.930793367 ], [ 140.00834264400001, 36.930800383 ], [ 140.008333333, 36.930826632 ], [ 140.00825405, 36.931050146 ], [ 140.008175349999988, 36.931277949 ], [ 140.008077914000012, 36.931559982 ], [ 140.008052198, 36.931623522 ], [ 140.008022492, 36.931696921 ], [ 140.00931550199999, 36.932905835 ], [ 140.010231545000011, 36.932239502 ], [ 140.011439309999986, 36.931390782 ], [ 140.010886207999988, 36.930775823 ], [ 140.011289946, 36.929993609 ], [ 140.011490775, 36.929696027 ], [ 140.011639026000012, 36.929538066 ] ] ] } },
{ "type": "Feature", "properties": { "A29_001": "09213", "A29_002": "栃木県", "A29_003": "那須塩原市", "A29_004": 5, "A29_005": "第一種住居地域", "A29_006": 60, "A29_007": 200, "A29_008": null }, "geometry": { "type": "Polygon", "coordinates": [ [ [ 140.019270541999987, 36.931150221 ], [ 140.018293340000014, 36.930189144 ], [ 140.017091513999986, 36.929044377 ], [ 140.015974798, 36.929764024 ], [ 140.014407748999986, 36.930738135 ], [ 140.017104388, 36.933340718 ], [ 140.017772192, 36.932917024 ], [ 140.019075039, 36.932073715 ], [ 140.018681070000014, 36.931664816 ], [ 140.01902065199999, 36.931460023 ], [ 140.019126172, 36.931342573 ], [ 140.019270541999987, 36.931150221 ] ] ] } },
{ "type": "Feature", "properties": { "A29_001": "09213", "A29_002": "栃木県", "A29_003": "那須塩原市", "A29_004": 6, "A29_005": "第二種住居地域", "A29_006": 60, "A29_007": 200, "A29_008": null }, "geometry": { "type": "Polygon", "coordinates": [ [ [ 140.012996168, 36.930347961 ], [ 140.012788677, 36.930486803 ], [ 140.013020931999989, 36.930704352 ], [ 140.011690495000011, 36.931622471 ], [ 140.011439309999986, 36.931390782 ], [ 140.010231545000011, 36.932239502 ], [ 140.00931550199999, 36.932905835 ], [ 140.010091743, 36.933626425 ], [ 140.011113859, 36.932949572 ], [ 140.013489673, 36.931318921 ], [ 140.015388575, 36.933225067 ], [ 140.01614605099999, 36.933949905 ], [ 140.017104388, 36.933340718 ], [ 140.014407748999986, 36.930738135 ], [ 140.015974798, 36.929764024 ], [ 140.017091513999986, 36.929044377 ], [ 140.017373246, 36.928882155 ], [ 140.016898566, 36.928418776 ], [ 140.016984076, 36.928364036 ], [ 140.016607838, 36.927987466 ], [ 140.015925290000013, 36.928462448 ], [ 140.015756947, 36.928579596 ], [ 140.015388066000014, 36.928812525 ], [ 140.015119341, 36.928977731 ], [ 140.01432835899999, 36.929464003 ], [ 140.014196754000011, 36.92955133 ], [ 140.012996168, 36.930347961 ] ] ] } },
{ "type": "Feature", "properties": { "A29_001": "09213", "A29_002": "栃木県", "A29_003": "那須塩原市", "A29_004": 5, "A29_005": "第一種住居地域", "A29_006": 60, "A29_007": 200, "A29_008": null }, "geometry": { "type": "Polygon", "coordinates": [ [ [ 140.02664983, 36.931757485 ], [ 140.026052327, 36.931320377 ], [ 140.02515162899999, 36.93076975 ], [ 140.024505766, 36.930381512 ], [ 140.023421176999989, 36.929821057 ], [ 140.022351748, 36.929271691 ], [ 140.022232183999989, 36.930831075 ], [ 140.02214794, 36.931397447 ], [ 140.022420837, 36.931733727 ], [ 140.022103945, 36.931944549 ], [ 140.023082362999986, 36.932951363 ], [ 140.023959936000011, 36.93382415 ], [ 140.024678617, 36.934510253 ], [ 140.025005095000012, 36.934858312 ], [ 140.025422477, 36.934537099 ], [ 140.02552295699999, 36.934423678 ], [ 140.025557936000013, 36.934312398 ], [ 140.025555085, 36.934178937 ], [ 140.02550665199999, 36.933954547 ], [ 140.025410147, 36.933642247 ], [ 140.025427404999988, 36.933492576 ], [ 140.025590384, 36.933190984 ], [ 140.026028916, 36.932609411 ], [ 140.026236361, 36.932286034 ], [ 140.02664983, 36.931757485 ] ] ] } },
{ "type": "Feature", "properties": { "A29_001": "09213", "A29_002": "栃木県", "A29_003": "那須塩原市", "A29_004": 9, "A29_005": "商業地域", "A29_006": 80, "A29_007": 400, "A29_008": null }, "geometry": { "type": "Polygon", "coordinates": [ [ [ 140.022234265, 36.934627601 ], [ 140.022683174, 36.935063057 ], [ 140.02294565, 36.934891266 ], [ 140.023390667, 36.9346 ], [ 140.022694726, 36.933992181 ], [ 140.02144985699999, 36.932806075 ], [ 140.021673448, 36.932675173 ], [ 140.021400642, 36.932414954 ], [ 140.022103945, 36.931944549 ], [ 140.022420837, 36.931733727 ], [ 140.02214794, 36.931397447 ], [ 140.022232183999989, 36.930831075 ], [ 140.021186631, 36.930772071 ], [ 140.021179553, 36.930968241 ], [ 140.021081091000013, 36.930875371 ], [ 140.02035194699999, 36.931318696 ], [ 140.020011939, 36.930978697 ], [ 140.01993300699999, 36.930882617 ], [ 140.01977139600001, 36.930967428 ], [ 140.019518991000012, 36.930763579 ], [ 140.019270541999987, 36.931150221 ], [ 140.019126172, 36.931342573 ], [ 140.01902065199999, 36.931460023 ], [ 140.018681070000014, 36.931664816 ], [ 140.019075039, 36.932073715 ], [ 140.017772192, 36.932917024 ], [ 140.017104388, 36.933340718 ], [ 140.01614605099999, 36.933949905 ], [ 140.014605964999987, 36.935027526 ], [ 140.014933595, 36.935496 ], [ 140.01494282199999, 36.935584355 ], [ 140.015171458999987, 36.935926835 ], [ 140.01527882, 36.936087652 ], [ 140.015311266999987, 36.936131407 ], [ 140.01514835399999, 36.93637128 ], [ 140.015837542000014, 36.935890445 ], [ 140.017437997, 36.934832651 ], [ 140.018652774, 36.934012732 ], [ 140.01980706, 36.933192914 ], [ 140.020435808, 36.933778175 ], [ 140.020720667, 36.933565556 ], [ 140.020934806000014, 36.93341125 ], [ 140.022234265, 36.934627601 ] ] ] } },
{ "type": "Feature", "properties": { "A29_001": "09213", "A29_002": "栃木県", "A29_003": "那須塩原市", "A29_004": 3, "A29_005": "第一種中高層住居専用地域", "A29_006": 60, "A29_007": 200, "A29_008": null }, "geometry": { "type": "Polygon", "coordinates": [ [ [ 140.010091743, 36.933626425 ], [ 140.011270878, 36.934777372 ], [ 140.012753019, 36.936212979 ], [ 140.014605964999987, 36.935027526 ], [ 140.01614605099999, 36.933949905 ], [ 140.015388575, 36.933225067 ], [ 140.013489673, 36.931318921 ], [ 140.011113859, 36.932949572 ], [ 140.010091743, 36.933626425 ] ] ] } },
{ "type": "Feature", "properties": { "A29_001": "09213", "A29_002": "栃木県", "A29_003": "那須塩原市", "A29_004": 6, "A29_005": "第二種住居地域", "A29_006": 60, "A29_007": 200, "A29_008": null }, "geometry": { "type": "Polygon", "coordinates": [ [ [ 140.01514835399999, 36.93637128 ], [ 140.015311266999987, 36.936131407 ], [ 140.01527882, 36.936087652 ], [ 140.015171458999987, 36.935926835 ], [ 140.01494282199999, 36.935584355 ], [ 140.014933595, 36.935496 ], [ 140.014605964999987, 36.935027526 ], [ 140.012753019, 36.936212979 ], [ 140.01325553, 36.936714758 ], [ 140.01374038099999, 36.937201397 ], [ 140.014045028, 36.937033213 ], [ 140.01486492, 36.936537369 ], [ 140.01514835399999, 36.93637128 ] ] ] } },
{ "type": "Feature", "properties": { "A29_001": "09213", "A29_002": "栃木県", "A29_003": "那須塩原市", "A29_004": 8, "A29_005": "近隣商業地域", "A29_006": 80, "A29_007": 200, "A29_008": null }, "geometry": { "type": "Polygon", "coordinates": [ [ [ 140.019335648, 36.937275335 ], [ 140.019624755, 36.937085139 ], [ 140.01989086099999, 36.936908417 ], [ 140.020737056, 36.936347361 ], [ 140.021542611, 36.93581325 ], [ 140.021837033999986, 36.93561391 ], [ 140.022099556, 36.935436167 ], [ 140.022461333, 36.93520825 ], [ 140.022683174, 36.935063057 ], [ 140.022234265, 36.934627601 ], [ 140.020934806000014, 36.93341125 ], [ 140.020720667, 36.933565556 ], [ 140.020435808, 36.933778175 ], [ 140.01980706, 36.933192914 ], [ 140.018652774, 36.934012732 ], [ 140.017437997, 36.934832651 ], [ 140.015837542000014, 36.935890445 ], [ 140.016201904000013, 36.936228931 ], [ 140.016946913999988, 36.93702646 ], [ 140.01820874, 36.936185803 ], [ 140.019335648, 36.937275335 ] ] ] } },
{ "type": "Feature", "properties": { "A29_001": "09213", "A29_002": "栃木県", "A29_003": "那須塩原市", "A29_004": 10, "A29_005": "準工業地域", "A29_006": 60, "A29_007": 200, "A29_008": null }, "geometry": { "type": "Polygon", "coordinates": [ [ [ 140.024333896, 36.935315118 ], [ 140.024479781999986, 36.935227556 ], [ 140.025005095000012, 36.934858312 ], [ 140.024678617, 36.934510253 ], [ 140.023959936000011, 36.93382415 ], [ 140.023082362999986, 36.932951363 ], [ 140.022103945, 36.931944549 ], [ 140.021400642, 36.932414954 ], [ 140.021673448, 36.932675173 ], [ 140.02144985699999, 36.932806075 ], [ 140.022694726, 36.933992181 ], [ 140.023390667, 36.9346 ], [ 140.02294565, 36.934891266 ], [ 140.02462131199999, 36.936458651 ], [ 140.025592109, 36.937356852 ], [ 140.025629619999989, 36.937269523 ], [ 140.025622462, 36.93715635 ], [ 140.02605669499999, 36.936895492 ], [ 140.024333896, 36.935315118 ] ] ] } },
{ "type": "Feature", "properties": { "A29_001": "09213", "A29_002": "栃木県", "A29_003": "那須塩原市", "A29_004": 7, "A29_005": "準住居地域", "A29_006": 60, "A29_007": 200, "A29_008": null }, "geometry": { "type": "Polygon", "coordinates": [ [ [ 140.008022492, 36.931696921 ], [ 140.00795469799999, 36.931864432 ], [ 140.00795172, 36.931871789 ], [ 140.007899138, 36.93204454 ], [ 140.007857473, 36.932136805 ], [ 140.007836407000013, 36.932183453 ], [ 140.008830455, 36.93315332 ], [ 140.010292373999988, 36.934593037 ], [ 140.011877946999988, 36.936098273 ], [ 140.01288293799999, 36.937092741 ], [ 140.01404677299999, 36.938123338 ], [ 140.01408501099999, 36.938154988 ], [ 140.01431697699999, 36.937718194 ], [ 140.01428542799999, 36.937697445 ], [ 140.014277521999986, 36.937692246 ], [ 140.01374038099999, 36.937201397 ], [ 140.01325553, 36.936714758 ], [ 140.012753019, 36.936212979 ], [ 140.011270878, 36.934777372 ], [ 140.010091743, 36.933626425 ], [ 140.00931550199999, 36.932905835 ], [ 140.008022492, 36.931696921 ] ] ] } },
{ "type": "Feature", "properties": { "A29_001": "09213", "A29_002": "栃木県", "A29_003": "那須塩原市", "A29_004": 5, "A29_005": "第一種住居地域", "A29_006": 60, "A29_007": 200, "A29_008": null }, "geometry": { "type": "Polygon", "coordinates": [ [ [ 140.020328455999987, 36.936618279 ], [ 140.021982849000011, 36.938198289 ], [ 140.02462131199999, 36.936458651 ], [ 140.02294565, 36.934891266 ], [ 140.022683174, 36.935063057 ], [ 140.022461333, 36.93520825 ], [ 140.022099556, 36.935436167 ], [ 140.021837033999986, 36.93561391 ], [ 140.021542611, 36.93581325 ], [ 140.020737056, 36.936347361 ], [ 140.020328455999987, 36.936618279 ] ] ] } },
{ "type": "Feature", "properties": { "A29_001": "09213", "A29_002": "栃木県", "A29_003": "那須塩原市", "A29_004": 3, "A29_005": "第一種中高層住居専用地域", "A29_006": 60, "A29_007": 200, "A29_008": null }, "geometry": { "type": "Polygon", "coordinates": [ [ [ 140.019335648, 36.937275335 ], [ 140.01820874, 36.936185803 ], [ 140.016946913999988, 36.93702646 ], [ 140.016201904000013, 36.936228931 ], [ 140.015837542000014, 36.935890445 ], [ 140.01514835399999, 36.93637128 ], [ 140.01486492, 36.936537369 ], [ 140.014045028, 36.937033213 ], [ 140.01374038099999, 36.937201397 ], [ 140.014277521999986, 36.937692246 ], [ 140.01431697699999, 36.937718194 ], [ 140.014963797, 36.936639738 ], [ 140.015881853, 36.936846573 ], [ 140.01579944299999, 36.937377334 ], [ 140.016098914, 36.937385269 ], [ 140.016082200999989, 36.937551792 ], [ 140.01611941199999, 36.937554141 ], [ 140.01667932699999, 36.937589498 ], [ 140.016684309999988, 36.938291397 ], [ 140.017756236999986, 36.938284562 ], [ 140.017814214999987, 36.938281774 ], [ 140.01813741699999, 36.938066389 ], [ 140.01893411099999, 36.937535444 ], [ 140.019335648, 36.937275335 ] ] ] } },
{ "type": "Feature", "properties": { "A29_001": "09213", "A29_002": "栃木県", "A29_003": "那須塩原市", "A29_004": 1, "A29_005": "第一種低層住居専用地域", "A29_006": 50, "A29_007": 80, "A29_008": null }, "geometry": { "type": "Polygon", "coordinates": [ [ [ 140.01813741699999, 36.938066389 ], [ 140.017814214999987, 36.938281774 ], [ 140.019572412, 36.938197199 ], [ 140.019787560999987, 36.938435495 ], [ 140.019880999, 36.939107421 ], [ 140.019849402, 36.939655231 ], [ 140.019848171, 36.939670714 ], [ 140.019909445, 36.939632305 ], [ 140.02042107, 36.939298089 ], [ 140.02064735799999, 36.939150266 ], [ 140.02075659, 36.93907891 ], [ 140.020893648999987, 36.93898701 ], [ 140.020955863000012, 36.938945296 ], [ 140.021024278, 36.938899422 ], [ 140.020185556, 36.938068056 ], [ 140.019335648, 36.937275335 ], [ 140.01893411099999, 36.937535444 ], [ 140.018409659000014, 36.937884959 ], [ 140.01813741699999, 36.938066389 ] ] ] } },
{ "type": "Feature", "properties": { "A29_001": "09213", "A29_002": "栃木県", "A29_003": "那須塩原市", "A29_004": 6, "A29_005": "第二種住居地域", "A29_006": 60, "A29_007": 200, "A29_008": null }, "geometry": { "type": "Polygon", "coordinates": [ [ [ 140.023420436, 36.938818186 ], [ 140.024458966, 36.938138265 ], [ 140.025592109, 36.937356852 ], [ 140.02462131199999, 36.936458651 ], [ 140.021982849000011, 36.938198289 ], [ 140.020328455999987, 36.936618279 ], [ 140.01989086099999, 36.936908417 ], [ 140.019624755, 36.937085139 ], [ 140.019335648, 36.937275335 ], [ 140.020185556, 36.938068056 ], [ 140.021024278, 36.938899422 ], [ 140.020955863000012, 36.938945296 ], [ 140.020893648999987, 36.93898701 ], [ 140.02075659, 36.93907891 ], [ 140.02064735799999, 36.939150266 ], [ 140.02042107, 36.939298089 ], [ 140.019909445, 36.939632305 ], [ 140.019848171, 36.939670714 ], [ 140.019811898, 36.940127125 ], [ 140.01992225, 36.940358028 ], [ 140.02018783599999, 36.940702917 ], [ 140.020316944, 36.940825083 ], [ 140.020414194000011, 36.940873083 ], [ 140.022410398, 36.93951347 ], [ 140.023420436, 36.938818186 ] ] ] } },
{ "type": "Feature", "properties": { "A29_001": "09213", "A29_002": "栃木県", "A29_003": "那須塩原市", "A29_004": 11, "A29_005": "工業地域", "A29_006": 60, "A29_007": 200, "A29_008": null }, "geometry": { "type": "Polygon", "coordinates": [ [ [ 139.911169236, 36.944185874 ], [ 139.91144358299999, 36.944256981 ], [ 139.911417293999989, 36.944946651 ], [ 139.910865102, 36.94495809 ], [ 139.91088439699999, 36.946647537 ], [ 139.910135152, 36.947107192 ], [ 139.909850573999989, 36.947262529 ], [ 139.90922497, 36.94761012 ], [ 139.909207278999986, 36.948045054 ], [ 139.909201055000011, 36.948198054 ], [ 139.91006844399999, 36.948312813 ], [ 139.910857453, 36.948415037 ], [ 139.91143633199999, 36.947389392 ], [ 139.912178982, 36.947650139 ], [ 139.912434577999989, 36.94774726 ], [ 139.9129572, 36.947912547 ], [ 139.913861368, 36.948222242 ], [ 139.914465279000012, 36.948438514 ], [ 139.914441138, 36.948957097 ], [ 139.914431833, 36.949156963 ], [ 139.915712015999986, 36.949300751 ], [ 139.91588931699999, 36.948990323 ], [ 139.915897129, 36.948967254 ], [ 139.91579672899999, 36.948934506 ], [ 139.915756015999989, 36.948921226 ], [ 139.91582609, 36.948780745 ], [ 139.915832912000013, 36.948767068 ], [ 139.915917658000012, 36.948624437 ], [ 139.91604568299999, 36.948646363 ], [ 139.916335119, 36.948159736 ], [ 139.916333779000013, 36.948128287 ], [ 139.91624983, 36.948096169 ], [ 139.914777539999989, 36.947532866 ], [ 139.91468737299999, 36.947490994 ], [ 139.91463246399999, 36.947441761 ], [ 139.914628451, 36.947352655 ], [ 139.914626494, 36.947312325 ], [ 139.914592395999989, 36.946609415 ], [ 139.914574681, 36.944686792 ], [ 139.91510270399999, 36.942587674 ], [ 139.91591426, 36.93942535 ], [ 139.916761143, 36.936386697 ], [ 139.917291193000011, 36.934455822 ], [ 139.916483480000011, 36.935044504 ], [ 139.914570473, 36.936417044 ], [ 139.91193971199999, 36.938364516 ], [ 139.911273325, 36.938848679 ], [ 139.91107319, 36.938994084 ], [ 139.911447592, 36.9390507 ], [ 139.911743179000013, 36.939058741 ], [ 139.91182093099999, 36.939061734 ], [ 139.911736858000012, 36.940004439 ], [ 139.91172280399999, 36.940162021 ], [ 139.912375894, 36.940487449 ], [ 139.912462379, 36.940530543 ], [ 139.91182560199999, 36.942342479 ], [ 139.911403725000014, 36.943594463 ], [ 139.91122944599999, 36.944034018 ], [ 139.911169236, 36.944185874 ] ] ] } },
{ "type": "Feature", "properties": { "A29_001": "09213", "A29_002": "栃木県", "A29_003": "那須塩原市", "A29_004": 3, "A29_005": "第一種中高層住居専用地域", "A29_006": 60, "A29_007": 200, "A29_008": null }, "geometry": { "type": "Polygon", "coordinates": [ [ [ 139.900552541, 36.952702652 ], [ 139.90063892500001, 36.952917023 ], [ 139.900683, 36.953051749 ], [ 139.90072511, 36.953143342 ], [ 139.901547138000012, 36.953518712 ], [ 139.901813741000012, 36.953410017 ], [ 139.90206627, 36.953311021 ], [ 139.90262585, 36.953106676 ], [ 139.90312199600001, 36.952869464 ], [ 139.903401382, 36.95271205 ], [ 139.90364936200001, 36.952493851 ], [ 139.903876475, 36.952313404 ], [ 139.90415051, 36.952023903 ], [ 139.904270405, 36.951726106 ], [ 139.904284195, 36.951663529 ], [ 139.904311052999986, 36.95154165 ], [ 139.90441088099999, 36.951088638 ], [ 139.904514189999986, 36.949813809 ], [ 139.90450585799999, 36.949779675 ], [ 139.904508913, 36.949758251 ], [ 139.904845970999986, 36.947036588 ], [ 139.90505324099999, 36.945214467 ], [ 139.905174530000011, 36.943765911 ], [ 139.905197218000012, 36.943494949 ], [ 139.90435476, 36.944101561 ], [ 139.902819867, 36.945245148 ], [ 139.900997724, 36.946546128 ], [ 139.900014679, 36.94726661 ], [ 139.90014832599999, 36.94754986 ], [ 139.900158906, 36.947700813 ], [ 139.900093843, 36.947979705 ], [ 139.899963546, 36.9483425 ], [ 139.89978614899999, 36.948615165 ], [ 139.899486053, 36.948982247 ], [ 139.899424882, 36.94923388 ], [ 139.899415027, 36.949662153 ], [ 139.899443031, 36.950073675 ], [ 139.89952120699999, 36.95037018 ], [ 139.89962956, 36.950684824 ], [ 139.90005641, 36.951609535 ], [ 139.900470662, 36.952489869 ], [ 139.900552541, 36.952702652 ] ] ] } },
{ "type": "Feature", "properties": { "A29_001": "09213", "A29_002": "栃木県", "A29_003": "那須塩原市", "A29_004": 5, "A29_005": "第一種住居地域", "A29_006": 60, "A29_007": 200, "A29_008": null }, "geometry": { "type": "Polygon", "coordinates": [ [ [ 139.90173997, 36.944229158 ], [ 139.901756424000013, 36.944072646 ], [ 139.90176069099999, 36.94403206 ], [ 139.901692720999989, 36.944023161 ], [ 139.90129829, 36.943971522 ], [ 139.90091949399999, 36.943927709 ], [ 139.900915934000011, 36.943781774 ], [ 139.900914073, 36.943705466 ], [ 139.90086311799999, 36.943702443 ], [ 139.900739052, 36.943695082 ], [ 139.900665884, 36.943661577 ], [ 139.900744151, 36.943552506 ], [ 139.900744137, 36.943537125 ], [ 139.900744014, 36.943397354 ], [ 139.90068586000001, 36.943383164 ], [ 139.90046968499999, 36.943330416 ], [ 139.90040710299999, 36.943454154 ], [ 139.900402007, 36.943600923 ], [ 139.89911426399999, 36.943633093 ], [ 139.89902525, 36.943398317 ], [ 139.898131882, 36.943365261 ], [ 139.898095189, 36.943209279 ], [ 139.897580944999987, 36.943193261 ], [ 139.897537483, 36.943191561 ], [ 139.89760375, 36.943461209 ], [ 139.89764232499999, 36.943618174 ], [ 139.896826033999986, 36.943610227 ], [ 139.89627489599999, 36.943630766 ], [ 139.896251529000011, 36.944270878 ], [ 139.896255169999989, 36.94427096 ], [ 139.896247648000013, 36.944477281 ], [ 139.896877687, 36.944474023 ], [ 139.896891643, 36.946594366 ], [ 139.895967664000011, 36.946618202 ], [ 139.89591015, 36.946619685 ], [ 139.89597055499999, 36.947223577 ], [ 139.89605600499999, 36.947460101 ], [ 139.896133279999987, 36.947721094 ], [ 139.89627585400001, 36.947971569 ], [ 139.89654002099999, 36.948369793 ], [ 139.89668656500001, 36.948680021 ], [ 139.896786017000011, 36.948902213 ], [ 139.89681749499999, 36.949059446 ], [ 139.896868329, 36.949753993 ], [ 139.896865235, 36.949925339 ], [ 139.89623519599999, 36.949942881 ], [ 139.895483345, 36.94996381 ], [ 139.895627279, 36.950278233 ], [ 139.895771242, 36.950626203 ], [ 139.895964805, 36.950930116 ], [ 139.89605899099999, 36.951101992 ], [ 139.89620279499999, 36.951252875 ], [ 139.89702078900001, 36.950887267 ], [ 139.897157587, 36.951066421 ], [ 139.897213833, 36.951171028 ], [ 139.897334093000012, 36.951421052 ], [ 139.897339353, 36.951429523 ], [ 139.897405168, 36.951535512 ], [ 139.897546027, 36.95176235 ], [ 139.89755123399999, 36.951795188 ], [ 139.89753037, 36.951836084 ], [ 139.897337451999988, 36.951978033 ], [ 139.89723665599999, 36.952052198 ], [ 139.897576562000012, 36.952402156 ], [ 139.897700378, 36.952544638 ], [ 139.89770472, 36.952568573 ], [ 139.89771239, 36.952702043 ], [ 139.89772328399999, 36.952909467 ], [ 139.897394243, 36.953058508 ], [ 139.89717754599999, 36.953220067 ], [ 139.89689212, 36.953535897 ], [ 139.896412169, 36.954145465 ], [ 139.896381528, 36.95416189 ], [ 139.89640246499999, 36.954208006 ], [ 139.896603766, 36.954377728 ], [ 139.896702995, 36.954323162 ], [ 139.896857305999987, 36.954532745 ], [ 139.896948740999989, 36.954530599 ], [ 139.89701401100001, 36.954480244 ], [ 139.897022529, 36.95445969 ], [ 139.897024878, 36.954328161 ], [ 139.89698347, 36.954281245 ], [ 139.89695373, 36.954247548 ], [ 139.896987975, 36.95423048 ], [ 139.89742116799999, 36.954014568 ], [ 139.89752827800001, 36.954012413 ], [ 139.897624992, 36.954075261 ], [ 139.897670131000012, 36.954129522 ], [ 139.897694527, 36.954158848 ], [ 139.897639633000011, 36.954400234 ], [ 139.89773372, 36.954444213 ], [ 139.897915289, 36.954446211 ], [ 139.897936109, 36.954445899 ], [ 139.898191614000012, 36.955281578 ], [ 139.898195818, 36.955300191 ], [ 139.898243382, 36.955281234 ], [ 139.89847977, 36.955187019 ], [ 139.899307306, 36.954868417 ], [ 139.89949016700001, 36.95479875 ], [ 139.899992028000014, 36.954608417 ], [ 139.90040944399999, 36.954446278 ], [ 139.901199278, 36.954120861 ], [ 139.9013755, 36.954054167 ], [ 139.90162011000001, 36.953968023 ], [ 139.90205921, 36.954302885 ], [ 139.90207736, 36.954150867 ], [ 139.902398758, 36.954220919 ], [ 139.902337209, 36.95404798 ], [ 139.90233063, 36.953995568 ], [ 139.903053368, 36.95370738 ], [ 139.90387601099999, 36.953402879 ], [ 139.90410841, 36.953285328 ], [ 139.9043982, 36.953079683 ], [ 139.90471133299999, 36.952694759 ], [ 139.90498651499999, 36.952237522 ], [ 139.905249946999987, 36.951789727 ], [ 139.905438456000013, 36.951539586 ], [ 139.90544552, 36.950719265 ], [ 139.905541064, 36.949539314 ], [ 139.905687529, 36.94834413 ], [ 139.905779389, 36.947419448 ], [ 139.905791040999986, 36.947310415 ], [ 139.906191911, 36.944453473 ], [ 139.906477169999988, 36.942281159 ], [ 139.90648081, 36.942241083 ], [ 139.907514827, 36.941510353 ], [ 139.906985291000012, 36.941390267 ], [ 139.906911871, 36.941373617 ], [ 139.906713583, 36.941331639 ], [ 139.90651044399999, 36.941294639 ], [ 139.906237, 36.941236083 ], [ 139.90572595399999, 36.941157024 ], [ 139.90510163, 36.941104986 ], [ 139.90469406599999, 36.941010882 ], [ 139.903586219, 36.940629951 ], [ 139.902786651000014, 36.940363351 ], [ 139.902280673, 36.940995609 ], [ 139.902244505, 36.941040896 ], [ 139.902338882, 36.941422433 ], [ 139.903975049, 36.942188674 ], [ 139.904046583, 36.942217111 ], [ 139.903866728999986, 36.942628163 ], [ 139.903827759, 36.942856722 ], [ 139.90335481, 36.942680882 ], [ 139.903007282, 36.942546901 ], [ 139.901985661, 36.942214127 ], [ 139.90197168899999, 36.942210271 ], [ 139.901788638, 36.942544005 ], [ 139.901711096000014, 36.942685376 ], [ 139.901759435, 36.942702817 ], [ 139.902155354, 36.942830345 ], [ 139.90222788, 36.942854208 ], [ 139.90218274599999, 36.942943876 ], [ 139.90206960399999, 36.943168658 ], [ 139.901988620999987, 36.943329548 ], [ 139.902387041999987, 36.943413183 ], [ 139.902366497, 36.943803173 ], [ 139.902311857, 36.944040128 ], [ 139.902173659, 36.944312773 ], [ 139.90173997, 36.944229158 ] ], [ [ 139.900552541, 36.952702652 ], [ 139.900470662, 36.952489869 ], [ 139.90005641, 36.951609535 ], [ 139.89962956, 36.950684824 ], [ 139.89952120699999, 36.95037018 ], [ 139.899443031, 36.950073675 ], [ 139.899415027, 36.949662153 ], [ 139.899424882, 36.94923388 ], [ 139.899486053, 36.948982247 ], [ 139.89978614899999, 36.948615165 ], [ 139.899963546, 36.9483425 ], [ 139.900093843, 36.947979705 ], [ 139.900158906, 36.947700813 ], [ 139.90014832599999, 36.94754986 ], [ 139.900014679, 36.94726661 ], [ 139.900997724, 36.946546128 ], [ 139.902819867, 36.945245148 ], [ 139.90435476, 36.944101561 ], [ 139.905197218000012, 36.943494949 ], [ 139.905174530000011, 36.943765911 ], [ 139.90505324099999, 36.945214467 ], [ 139.904845970999986, 36.947036588 ], [ 139.904508913, 36.949758251 ], [ 139.90450585799999, 36.949779675 ], [ 139.904514189999986, 36.949813809 ], [ 139.90441088099999, 36.951088638 ], [ 139.904311052999986, 36.95154165 ], [ 139.904284195, 36.951663529 ], [ 139.904270405, 36.951726106 ], [ 139.90415051, 36.952023903 ], [ 139.903876475, 36.952313404 ], [ 139.90364936200001, 36.952493851 ], [ 139.903401382, 36.95271205 ], [ 139.90312199600001, 36.952869464 ], [ 139.90262585, 36.953106676 ], [ 139.90206627, 36.953311021 ], [ 139.901813741000012, 36.953410017 ], [ 139.901547138000012, 36.953518712 ], [ 139.90072511, 36.953143342 ], [ 139.900683, 36.953051749 ], [ 139.90063892500001, 36.952917023 ], [ 139.900552541, 36.952702652 ] ] ] } },
{ "type": "Feature", "properties": { "A29_001": "09213", "A29_002": "栃木県", "A29_003": "那須塩原市", "A29_004": 1, "A29_005": "第一種低層住居専用地域", "A29_006": 50, "A29_007": 80, "A29_008": null }, "geometry": { "type": "Polygon", "coordinates": [ [ [ 140.073965173, 36.952686973 ], [ 140.073042724, 36.953765199 ], [ 140.072278927000013, 36.954584947 ], [ 140.072959166, 36.95532529 ], [ 140.074596114, 36.954190277 ], [ 140.07572124399999, 36.953397587 ], [ 140.07473393399999, 36.952969038 ], [ 140.074436983999988, 36.952852752 ], [ 140.073965173, 36.952686973 ] ] ] } },
{ "type": "Feature", "properties": { "A29_001": "09213", "A29_002": "栃木県", "A29_003": "那須塩原市", "A29_004": 1, "A29_005": "第一種低層住居専用地域", "A29_006": 50, "A29_007": 80, "A29_008": null }, "geometry": { "type": "Polygon", "coordinates": [ [ [ 140.07676143399999, 36.954552199 ], [ 140.075975844999988, 36.955034289 ], [ 140.07448938600001, 36.955965171 ], [ 140.075950315999989, 36.957363446 ], [ 140.076753824, 36.956845328 ], [ 140.077019541999988, 36.956305163 ], [ 140.077353139, 36.955473345 ], [ 140.07676143399999, 36.954552199 ] ] ] } },
{ "type": "Feature", "properties": { "A29_001": "09213", "A29_002": "栃木県", "A29_003": "那須塩原市", "A29_004": 2, "A29_005": "第二種低層住居専用地域", "A29_006": 50, "A29_007": 80, "A29_008": null }, "geometry": { "type": "Polygon", "coordinates": [ [ [ 140.037794536, 36.951508942 ], [ 140.037766478, 36.950933098 ], [ 140.03683980400001, 36.950953106 ], [ 140.036814115, 36.950570478 ], [ 140.03657321, 36.950575799 ], [ 140.03516930699999, 36.951443655 ], [ 140.03461587000001, 36.951790409 ], [ 140.034361918, 36.951996101 ], [ 140.033914484, 36.952411425 ], [ 140.033474770999987, 36.952888419 ], [ 140.033128119, 36.953295482 ], [ 140.032651178, 36.953992976 ], [ 140.032451650000013, 36.954524903 ], [ 140.032298454999989, 36.955151542 ], [ 140.033013649, 36.955323107 ], [ 140.033783382, 36.955667342 ], [ 140.035141517999989, 36.956351849 ], [ 140.03707848799999, 36.957354497 ], [ 140.037499083, 36.957595476 ], [ 140.037603407, 36.957094799 ], [ 140.037724751000013, 36.956300846 ], [ 140.037694089000013, 36.956141146 ], [ 140.037632745, 36.955815665 ], [ 140.037795996, 36.954677841 ], [ 140.038662953, 36.953785524 ], [ 140.03906977599999, 36.953710321 ], [ 140.037794536, 36.951508942 ] ] ] } },
{ "type": "Feature", "properties": { "A29_001": "09213", "A29_002": "栃木県", "A29_003": "那須塩原市", "A29_004": 3, "A29_005": "第一種中高層住居専用地域", "A29_006": 60, "A29_007": 200, "A29_008": null }, "geometry": { "type": "Polygon", "coordinates": [ [ [ 140.075950315999989, 36.957363446 ], [ 140.07448938600001, 36.955965171 ], [ 140.072576935, 36.957154842 ], [ 140.073992849, 36.958628413 ], [ 140.075950315999989, 36.957363446 ] ] ] } },
{ "type": "Feature", "properties": { "A29_001": "09213", "A29_002": "栃木県", "A29_003": "那須塩原市", "A29_004": 6, "A29_005": "第二種住居地域", "A29_006": 60, "A29_007": 200, "A29_008": null }, "geometry": { "type": "Polygon", "coordinates": [ [ [ 140.033758686, 36.951856324 ], [ 140.033328445, 36.952259074 ], [ 140.033043964, 36.952571062 ], [ 140.032641246, 36.953051195 ], [ 140.032396592, 36.953342875 ], [ 140.032131176, 36.953788207 ], [ 140.031892359000011, 36.95428025 ], [ 140.031663361999989, 36.955156238 ], [ 140.03138708099999, 36.95618249 ], [ 140.031272550000011, 36.956609857 ], [ 140.031121748, 36.957114558 ], [ 140.031046554, 36.957341599 ], [ 140.030911604000011, 36.957690244 ], [ 140.030890451, 36.957759858 ], [ 140.030884504999989, 36.957779425 ], [ 140.030780408, 36.958121988 ], [ 140.03076475, 36.958173517 ], [ 140.03075287199999, 36.958212606 ], [ 140.030737111, 36.958264472 ], [ 140.030718417, 36.958333333 ], [ 140.030688978, 36.958441692 ], [ 140.030680065000013, 36.9584745 ], [ 140.03067551, 36.958491263 ], [ 140.03066325, 36.958536389 ], [ 140.030654750999986, 36.958562628 ], [ 140.030634222, 36.958626 ], [ 140.030621615, 36.958686811 ], [ 140.03090607499999, 36.959288998 ], [ 140.031034573999989, 36.959140017 ], [ 140.031177197, 36.958899479 ], [ 140.031289315, 36.958653617 ], [ 140.03170238300001, 36.957354591 ], [ 140.032063302000012, 36.956071083 ], [ 140.032298454999989, 36.955151542 ], [ 140.032451650000013, 36.954524903 ], [ 140.032651178, 36.953992976 ], [ 140.033128119, 36.953295482 ], [ 140.033474770999987, 36.952888419 ], [ 140.033914484, 36.952411425 ], [ 140.034361918, 36.951996101 ], [ 140.03461587000001, 36.951790409 ], [ 140.03516930699999, 36.951443655 ], [ 140.03657321, 36.950575799 ], [ 140.035764572, 36.950530425 ], [ 140.035133497, 36.950875791 ], [ 140.034644398000012, 36.951184002 ], [ 140.034391778000014, 36.951373273 ], [ 140.033758686, 36.951856324 ] ] ] } },
{ "type": "Feature", "properties": { "A29_001": "09213", "A29_002": "栃木県", "A29_003": "那須塩原市", "A29_004": 1, "A29_005": "第一種低層住居専用地域", "A29_006": 50, "A29_007": 80, "A29_008": null }, "geometry": { "type": "Polygon", "coordinates": [ [ [ 140.06830406200001, 36.954997651 ], [ 140.06724253199999, 36.956346089 ], [ 140.066529876, 36.957323243 ], [ 140.065989239, 36.958155113 ], [ 140.065640374999987, 36.958823126 ], [ 140.066311832, 36.959495806 ], [ 140.06824990199999, 36.95824326 ], [ 140.067859126, 36.957870826 ], [ 140.06751194899999, 36.957495947 ], [ 140.06795328199999, 36.957195947 ], [ 140.067971699999987, 36.957184389 ], [ 140.068614091, 36.956791372 ], [ 140.06908603, 36.956543375 ], [ 140.069386132, 36.956391886 ], [ 140.069910979000014, 36.95612731 ], [ 140.070836106, 36.955691089 ], [ 140.071103575, 36.955570236 ], [ 140.071089046, 36.955530519 ], [ 140.07093470800001, 36.955342109 ], [ 140.070584642999989, 36.955421865 ], [ 140.069816171000014, 36.955441041 ], [ 140.06923355399999, 36.955433699 ], [ 140.068846638, 36.955340956 ], [ 140.068631911000011, 36.955266998 ], [ 140.06854434600001, 36.955209789 ], [ 140.068456524, 36.955132123 ], [ 140.068315891999987, 36.954977526 ], [ 140.06830406200001, 36.954997651 ] ] ] } },
{ "type": "Feature", "properties": { "A29_001": "09213", "A29_002": "栃木県", "A29_003": "那須塩原市", "A29_004": 11, "A29_005": "工業地域", "A29_006": 60, "A29_007": 200, "A29_008": null }, "geometry": { "type": "Polygon", "coordinates": [ [ [ 140.03992965899999, 36.954897091 ], [ 140.039588106999986, 36.955325404 ], [ 140.039249116, 36.955762807 ], [ 140.038603661, 36.956565762 ], [ 140.038413192, 36.956953354 ], [ 140.03812484299999, 36.957622484 ], [ 140.037886858, 36.95825268 ], [ 140.039016678, 36.958792004 ], [ 140.040019031000014, 36.959249837 ], [ 140.04062649, 36.959561969 ], [ 140.040893895000011, 36.958272625 ], [ 140.04111764699999, 36.957158961 ], [ 140.04132157699999, 36.956217781 ], [ 140.041555636999988, 36.955716946 ], [ 140.04098157199999, 36.955195399 ], [ 140.040637311000012, 36.954736096 ], [ 140.040487815, 36.954436046 ], [ 140.040348177999988, 36.954050036 ], [ 140.040033754, 36.954256858 ], [ 140.04011273899999, 36.954577249 ], [ 140.040020019999986, 36.95476751 ], [ 140.03992965899999, 36.954897091 ] ] ] } },
{ "type": "Feature", "properties": { "A29_001": "09213", "A29_002": "栃木県", "A29_003": "那須塩原市", "A29_004": 5, "A29_005": "第一種住居地域", "A29_006": 60, "A29_007": 200, "A29_008": null }, "geometry": { "type": "Polygon", "coordinates": [ [ [ 140.066311832, 36.959495806 ], [ 140.065640374999987, 36.958823126 ], [ 140.065140702, 36.959664252 ], [ 140.06545999799999, 36.960034873 ], [ 140.066311832, 36.959495806 ] ] ] } },
{ "type": "Feature", "properties": { "A29_001": "09213", "A29_002": "栃木県", "A29_003": "那須塩原市", "A29_004": 7, "A29_005": "準住居地域", "A29_006": 60, "A29_007": 200, "A29_008": null }, "geometry": { "type": "Polygon", "coordinates": [ [ [ 140.075975844999988, 36.955034289 ], [ 140.07676143399999, 36.954552199 ], [ 140.076374370999986, 36.953881496 ], [ 140.076562881, 36.953764186 ], [ 140.076110499, 36.953563694 ], [ 140.07572124399999, 36.953397587 ], [ 140.074596114, 36.954190277 ], [ 140.072959166, 36.95532529 ], [ 140.072278927000013, 36.954584947 ], [ 140.071565561999989, 36.955164494 ], [ 140.071503831, 36.9551856 ], [ 140.071383019, 36.955214984 ], [ 140.07093470800001, 36.955342109 ], [ 140.071089046, 36.955530519 ], [ 140.071103575, 36.955570236 ], [ 140.070836106, 36.955691089 ], [ 140.069910979000014, 36.95612731 ], [ 140.069386132, 36.956391886 ], [ 140.06908603, 36.956543375 ], [ 140.068614091, 36.956791372 ], [ 140.067971699999987, 36.957184389 ], [ 140.06795328199999, 36.957195947 ], [ 140.06751194899999, 36.957495947 ], [ 140.067859126, 36.957870826 ], [ 140.06824990199999, 36.95824326 ], [ 140.066311832, 36.959495806 ], [ 140.06545999799999, 36.960034873 ], [ 140.066401098999989, 36.961035901 ], [ 140.067274123, 36.960477616 ], [ 140.06886674899999, 36.959450862 ], [ 140.070426160000011, 36.958494255 ], [ 140.07170623499999, 36.95766963 ], [ 140.072576935, 36.957154842 ], [ 140.07448938600001, 36.955965171 ], [ 140.075975844999988, 36.955034289 ] ] ] } },
{ "type": "Feature", "properties": { "A29_001": "09213", "A29_002": "栃木県", "A29_003": "那須塩原市", "A29_004": 10, "A29_005": "準工業地域", "A29_006": 60, "A29_007": 200, "A29_008": null }, "geometry": { "type": "Polygon", "coordinates": [ [ [ 140.038544881, 36.949925773 ], [ 140.038494815, 36.949867204 ], [ 140.038296333, 36.949550111 ], [ 140.038164472, 36.949336167 ], [ 140.038132960000013, 36.949285036 ], [ 140.036908712000013, 36.949945598 ], [ 140.035764572, 36.950530425 ], [ 140.03657321, 36.950575799 ], [ 140.036814115, 36.950570478 ], [ 140.03731197799999, 36.950395512 ], [ 140.037615584, 36.950301744 ], [ 140.03781724000001, 36.95028 ], [ 140.038026454, 36.950307939 ], [ 140.038203385, 36.950376045 ], [ 140.038532264, 36.950578136 ], [ 140.038939770000013, 36.950867899 ], [ 140.040661246000013, 36.952040218 ], [ 140.04192550499999, 36.952909493 ], [ 140.04278516799999, 36.953503798 ], [ 140.043491264000011, 36.954615807 ], [ 140.043989052, 36.955311081 ], [ 140.04319884, 36.956302989 ], [ 140.044239089, 36.956811888 ], [ 140.043374707, 36.957785228 ], [ 140.042585084, 36.958838408 ], [ 140.041716315, 36.959989616 ], [ 140.041368823, 36.960471554 ], [ 140.042083797, 36.961262886 ], [ 140.04247146899999, 36.960846185 ], [ 140.04258127, 36.960958963 ], [ 140.04370260499999, 36.959593265 ], [ 140.044290458, 36.958848051 ], [ 140.044804421, 36.958859689 ], [ 140.046335312999986, 36.957444198 ], [ 140.045875372000012, 36.9568202 ], [ 140.046255954, 36.956096392 ], [ 140.04579983799999, 36.955701615 ], [ 140.04573167800001, 36.95564262 ], [ 140.046145375, 36.955363936 ], [ 140.044199916, 36.953563696 ], [ 140.043400260999988, 36.952835287 ], [ 140.041494148999988, 36.951101046 ], [ 140.040532117999987, 36.950191172 ], [ 140.040465657999988, 36.950129772 ], [ 140.040454694, 36.950119643 ], [ 140.040170329, 36.950255347 ], [ 140.039466188, 36.95059137 ], [ 140.03939066699999, 36.950595806 ], [ 140.039378402000011, 36.95059658 ], [ 140.038544881, 36.949925773 ] ] ] } },
{ "type": "Feature", "properties": { "A29_001": "09213", "A29_002": "栃木県", "A29_003": "那須塩原市", "A29_004": 1, "A29_005": "第一種低層住居専用地域", "A29_006": 50, "A29_007": 80, "A29_008": null }, "geometry": { "type": "Polygon", "coordinates": [ [ [ 140.071895606, 36.960007265 ], [ 140.07310947, 36.959278078 ], [ 140.073035995, 36.959208418 ], [ 140.073992849, 36.958628413 ], [ 140.072576935, 36.957154842 ], [ 140.07170623499999, 36.95766963 ], [ 140.070426160000011, 36.958494255 ], [ 140.06886674899999, 36.959450862 ], [ 140.067274123, 36.960477616 ], [ 140.06809734699999, 36.961352039 ], [ 140.067787243, 36.961559509 ], [ 140.06837998099999, 36.962243919 ], [ 140.069646209000013, 36.961499151 ], [ 140.070904836000011, 36.960683689 ], [ 140.071520956, 36.960271917 ], [ 140.071895606, 36.960007265 ] ] ] } },
{ "type": "Feature", "properties": { "A29_001": "09213", "A29_002": "栃木県", "A29_003": "那須塩原市", "A29_004": 6, "A29_005": "第二種住居地域", "A29_006": 60, "A29_007": 200, "A29_008": null }, "geometry": { "type": "Polygon", "coordinates": [ [ [ 140.047015261000013, 36.961594819 ], [ 140.046556122999988, 36.961217283 ], [ 140.0469417, 36.960916728 ], [ 140.04765727099999, 36.960422493 ], [ 140.047221495, 36.959831749 ], [ 140.046680675, 36.96016859 ], [ 140.04588259, 36.960881372 ], [ 140.045597302, 36.96114548 ], [ 140.045030739999987, 36.96191487 ], [ 140.045739282999989, 36.962383419 ], [ 140.045959767999989, 36.962117633 ], [ 140.04669817199999, 36.962474049 ], [ 140.047119253, 36.962024996 ], [ 140.04715485700001, 36.961889953 ], [ 140.047149526, 36.961788852 ], [ 140.047103834000012, 36.961669622 ], [ 140.047015261000013, 36.961594819 ] ] ] } },
{ "type": "Feature", "properties": { "A29_001": "09213", "A29_002": "栃木県", "A29_003": "那須塩原市", "A29_004": 9, "A29_005": "商業地域", "A29_006": 80, "A29_007": 400, "A29_008": null }, "geometry": { "type": "Polygon", "coordinates": [ [ [ 139.84378083499999, 36.962625908 ], [ 139.843981078000013, 36.962629762 ], [ 139.844259359, 36.962671282 ], [ 139.844473592000014, 36.962687899 ], [ 139.844784600999986, 36.962725859 ], [ 139.84518927799999, 36.962780167 ], [ 139.84554663899999, 36.962856917 ], [ 139.845878027, 36.962939244 ], [ 139.846139171, 36.9629625 ], [ 139.846289584, 36.962964498 ], [ 139.846562344, 36.962960433 ], [ 139.846785927000013, 36.962907808 ], [ 139.847021059000014, 36.962813432 ], [ 139.848011297999989, 36.96280912 ], [ 139.848023051000013, 36.962789201 ], [ 139.848063520000011, 36.962639285 ], [ 139.847987741, 36.962590023 ], [ 139.847989909, 36.962582509 ], [ 139.848033434, 36.96243172 ], [ 139.848045788, 36.962413301 ], [ 139.84806086, 36.962390832 ], [ 139.848137935000011, 36.962387677 ], [ 139.848141129, 36.962166904 ], [ 139.848133967, 36.962136079 ], [ 139.84786572199999, 36.961984583 ], [ 139.847765444, 36.961950972 ], [ 139.847610167, 36.961894028 ], [ 139.847246863, 36.961712663 ], [ 139.846930695999987, 36.961559644 ], [ 139.846640666000013, 36.961463231 ], [ 139.84635430599999, 36.961415694 ], [ 139.84606585099999, 36.961362654 ], [ 139.845807189999988, 36.961350102 ], [ 139.845566824, 36.96137948 ], [ 139.845420518999987, 36.961421428 ], [ 139.844965925, 36.961549369 ], [ 139.84496592, 36.961518968 ], [ 139.845125270000011, 36.961349123 ], [ 139.845116122, 36.961323964 ], [ 139.84510475799999, 36.961314497 ], [ 139.845082152, 36.961295663 ], [ 139.845013771999987, 36.961271764 ], [ 139.844328442, 36.961048227 ], [ 139.84371700299999, 36.961259099 ], [ 139.843697408999986, 36.961269584 ], [ 139.843583392, 36.961274262 ], [ 139.84335822, 36.961360963 ], [ 139.843091673, 36.961461385 ], [ 139.84312007599999, 36.96187871 ], [ 139.843331812, 36.961950569 ], [ 139.84351984599999, 36.962035926 ], [ 139.84356956, 36.962570568 ], [ 139.84378083499999, 36.962625908 ] ] ] } },
{ "type": "Feature", "properties": { "A29_001": "09213", "A29_002": "栃木県", "A29_003": "那須塩原市", "A29_004": 5, "A29_005": "第一種住居地域", "A29_006": 60, "A29_007": 200, "A29_008": null }, "geometry": { "type": "Polygon", "coordinates": [ [ [ 140.06837998099999, 36.962243919 ], [ 140.067787243, 36.961559509 ], [ 140.06809734699999, 36.961352039 ], [ 140.067274123, 36.960477616 ], [ 140.066401098999989, 36.961035901 ], [ 140.06713006699999, 36.961867816 ], [ 140.06778009199999, 36.962855426 ], [ 140.06854194499999, 36.96239395 ], [ 140.06837998099999, 36.962243919 ] ] ] } },
{ "type": "Feature", "properties": { "A29_001": "09213", "A29_002": "栃木県", "A29_003": "那須塩原市", "A29_004": 6, "A29_005": "第二種住居地域", "A29_006": 60, "A29_007": 200, "A29_008": null }, "geometry": { "type": "Polygon", "coordinates": [ [ [ 140.062671397, 36.962636981 ], [ 140.06278083, 36.962961068 ], [ 140.062871065, 36.963163851 ], [ 140.065658957000011, 36.963159846 ], [ 140.064301056, 36.961620139 ], [ 140.063934222, 36.961866833 ], [ 140.062716806, 36.962608694 ], [ 140.062671397, 36.962636981 ] ] ] } },
{ "type": "Feature", "properties": { "A29_001": "09213", "A29_002": "栃木県", "A29_003": "那須塩原市", "A29_004": 5, "A29_005": "第一種住居地域", "A29_006": 60, "A29_007": 200, "A29_008": null }, "geometry": { "type": "Polygon", "coordinates": [ [ [ 140.034251434, 36.958674755 ], [ 140.03323200299999, 36.959568473 ], [ 140.032886964, 36.959277185 ], [ 140.03261280699999, 36.959084956 ], [ 140.032280488999987, 36.958931078 ], [ 140.031919612, 36.958817265 ], [ 140.031289315, 36.958653617 ], [ 140.031177197, 36.958899479 ], [ 140.031034573999989, 36.959140017 ], [ 140.03090607499999, 36.959288998 ], [ 140.031572291, 36.960546748 ], [ 140.032374842, 36.962042132 ], [ 140.032952461, 36.963200933 ], [ 140.034601263000013, 36.96200651 ], [ 140.036007391, 36.96102432 ], [ 140.036539121, 36.960654626 ], [ 140.034251434, 36.958674755 ] ] ] } },
{ "type": "Feature", "properties": { "A29_001": "09213", "A29_002": "栃木県", "A29_003": "那須塩原市", "A29_004": 10, "A29_005": "準工業地域", "A29_006": 60, "A29_007": 200, "A29_008": null }, "geometry": { "type": "Polygon", "coordinates": [ [ [ 140.06778009199999, 36.962855426 ], [ 140.06713006699999, 36.961867816 ], [ 140.066401098999989, 36.961035901 ], [ 140.06545999799999, 36.960034873 ], [ 140.065140702, 36.959664252 ], [ 140.064873761, 36.960155032 ], [ 140.06419030699999, 36.96053147 ], [ 140.063697451, 36.960003239 ], [ 140.06321991199999, 36.959391417 ], [ 140.06264237100001, 36.958769446 ], [ 140.062249027, 36.958301586 ], [ 140.062355494, 36.95936507 ], [ 140.064301056, 36.961620139 ], [ 140.065658957000011, 36.963159846 ], [ 140.066211611999989, 36.963745333 ], [ 140.067120998, 36.963237929 ], [ 140.06778009199999, 36.962855426 ] ] ] } },
{ "type": "Feature", "properties": { "A29_001": "09213", "A29_002": "栃木県", "A29_003": "那須塩原市", "A29_004": 3, "A29_005": "第一種中高層住居専用地域", "A29_006": 60, "A29_007": 200, "A29_008": null }, "geometry": { "type": "Polygon", "coordinates": [ [ [ 140.061715872, 36.959834945 ], [ 140.06135805400001, 36.959466877 ], [ 140.059851605, 36.960729504 ], [ 140.059567907, 36.960982955 ], [ 140.058217066999987, 36.962102673 ], [ 140.057514986, 36.962719959 ], [ 140.05709706499999, 36.963083867 ], [ 140.059596887999987, 36.96379192 ], [ 140.060785124, 36.96307369 ], [ 140.062406192999987, 36.962113045 ], [ 140.062234976000013, 36.960243033 ], [ 140.06204667, 36.960150947 ], [ 140.061715872, 36.959834945 ] ] ] } },
{ "type": "Feature", "properties": { "A29_001": "09213", "A29_002": "栃木県", "A29_003": "那須塩原市", "A29_004": 3, "A29_005": "第一種中高層住居専用地域", "A29_006": 60, "A29_007": 200, "A29_008": null }, "geometry": { "type": "Polygon", "coordinates": [ [ [ 140.038446408999988, 36.962684046 ], [ 140.039344134, 36.96163886 ], [ 140.03966682399999, 36.961977211 ], [ 140.040378914, 36.96168396 ], [ 140.04045727799999, 36.961582639 ], [ 140.040632792999986, 36.961354426 ], [ 140.040701667, 36.961266556 ], [ 140.040824363000013, 36.961110442 ], [ 140.041027805, 36.960851585 ], [ 140.041029323, 36.960849653 ], [ 140.041078489, 36.960787094 ], [ 140.040170493, 36.959828101 ], [ 140.038852773, 36.959235052 ], [ 140.037379026999986, 36.958465794 ], [ 140.035353453999988, 36.957503461 ], [ 140.03382873000001, 36.956813735 ], [ 140.032063302000012, 36.956071083 ], [ 140.03170238300001, 36.957354591 ], [ 140.031289315, 36.958653617 ], [ 140.031919612, 36.958817265 ], [ 140.032280488999987, 36.958931078 ], [ 140.03261280699999, 36.959084956 ], [ 140.032886964, 36.959277185 ], [ 140.03323200299999, 36.959568473 ], [ 140.034251434, 36.958674755 ], [ 140.036539121, 36.960654626 ], [ 140.036007391, 36.96102432 ], [ 140.034601263000013, 36.96200651 ], [ 140.032952461, 36.963200933 ], [ 140.033465725000013, 36.964049985 ], [ 140.034433717000013, 36.963775786 ], [ 140.03654386, 36.963182236 ], [ 140.038446408999988, 36.962684046 ] ] ] } },
{ "type": "Feature", "properties": { "A29_001": "09213", "A29_002": "栃木県", "A29_003": "那須塩原市", "A29_004": 5, "A29_005": "第一種住居地域", "A29_006": 60, "A29_007": 200, "A29_008": null }, "geometry": { "type": "Polygon", "coordinates": [ [ [ 140.064639983, 36.964492995 ], [ 140.06466978200001, 36.964658575 ], [ 140.064699378, 36.96464375 ], [ 140.064828809, 36.96457892 ], [ 140.066211611999989, 36.963745333 ], [ 140.065658957000011, 36.963159846 ], [ 140.062871065, 36.963163851 ], [ 140.063249291, 36.964340643 ], [ 140.063531895000011, 36.965083545 ], [ 140.06416936, 36.965037813 ], [ 140.064117748, 36.964637501 ], [ 140.064639983, 36.964492995 ] ] ] } },
{ "type": "Feature", "properties": { "A29_001": "09213", "A29_002": "栃木県", "A29_003": "那須塩原市", "A29_004": 5, "A29_005": "第一種住居地域", "A29_006": 60, "A29_007": 200, "A29_008": null }, "geometry": { "type": "Polygon", "coordinates": [ [ [ 139.843239, 36.96350695 ], [ 139.843373525, 36.963454553 ], [ 139.84338188000001, 36.963427722 ], [ 139.843249918, 36.96330403 ], [ 139.84320027199999, 36.963273633 ], [ 139.843039576, 36.963203408 ], [ 139.842702505, 36.963023123 ], [ 139.842488241000012, 36.962885809 ], [ 139.842265492, 36.962796718 ], [ 139.842143341, 36.962758988 ], [ 139.841988533, 36.962747992 ], [ 139.841767756, 36.962756918 ], [ 139.841625365, 36.9628062 ], [ 139.841473833, 36.962883786 ], [ 139.84122041, 36.963038956 ], [ 139.84086872200001, 36.963174806 ], [ 139.840653221999986, 36.963242694 ], [ 139.840594051000011, 36.963265731 ], [ 139.840546337, 36.963284307 ], [ 139.84063292, 36.963648464 ], [ 139.84021228899999, 36.963969277 ], [ 139.839906617, 36.964275405 ], [ 139.839593102, 36.964562664 ], [ 139.839216878, 36.964862504 ], [ 139.838909145, 36.965177421 ], [ 139.838567968, 36.965649434 ], [ 139.838952052, 36.965548777 ], [ 139.839179363999989, 36.965462803 ], [ 139.83936486799999, 36.965349575 ], [ 139.839487663, 36.965232156 ], [ 139.83967316, 36.965045544 ], [ 139.839767212999988, 36.964936513 ], [ 139.840067675, 36.964768765 ], [ 139.840522287, 36.9645423 ], [ 139.840880227000014, 36.964366159 ], [ 139.841157173999989, 36.964246632 ], [ 139.841277359, 36.964200497 ], [ 139.8413865, 36.964104639 ], [ 139.841585417, 36.963937833 ], [ 139.841690148999987, 36.963879681 ], [ 139.841712875000013, 36.963870763 ], [ 139.842234897999987, 36.963706668 ], [ 139.842432159, 36.96365843 ], [ 139.84267906299999, 36.963613333 ], [ 139.842972994, 36.963546216 ], [ 139.843132368999989, 36.963509512 ], [ 139.84318746299999, 36.963500902 ], [ 139.843239, 36.96350695 ] ] ] } },
{ "type": "Feature", "properties": { "A29_001": "09213", "A29_002": "栃木県", "A29_003": "那須塩原市", "A29_004": 9, "A29_005": "商業地域", "A29_006": 80, "A29_007": 400, "A29_008": null }, "geometry": { "type": "Polygon", "coordinates": [ [ [ 139.82910077599999, 36.964868061 ], [ 139.82852057, 36.964869891 ], [ 139.828521738, 36.964886016 ], [ 139.82854015, 36.965140359 ], [ 139.828634193, 36.965450668 ], [ 139.828728243, 36.965666626 ], [ 139.828785716, 36.965828071 ], [ 139.829355322999987, 36.965819705 ], [ 139.82988050899999, 36.965836494 ], [ 139.830178374000013, 36.965897305 ], [ 139.830570303, 36.965945538 ], [ 139.830642941, 36.965953369 ], [ 139.830881233000014, 36.966014734 ], [ 139.831092876000014, 36.966035705 ], [ 139.831194778, 36.96603361 ], [ 139.83123919799999, 36.965997968 ], [ 139.831247074, 36.965988731 ], [ 139.83124102299999, 36.965854631 ], [ 139.831205608, 36.965740594 ], [ 139.831102284, 36.965037853 ], [ 139.831096309, 36.965000899 ], [ 139.831094893999989, 36.964931544 ], [ 139.831094216, 36.964898272 ], [ 139.831357462, 36.964775622 ], [ 139.831536797000012, 36.964614569 ], [ 139.831658599, 36.964440163 ], [ 139.831683422999987, 36.964351055 ], [ 139.83168342499999, 36.96424583 ], [ 139.831643971, 36.964123139 ], [ 139.831613197, 36.964104097 ], [ 139.831443052, 36.963998814 ], [ 139.831194837999988, 36.963884542 ], [ 139.830989734000013, 36.963837364 ], [ 139.830815983, 36.963833167 ], [ 139.830687403000013, 36.963858746 ], [ 139.830657906999988, 36.963864613 ], [ 139.830682900999989, 36.963956216 ], [ 139.830697095, 36.964008235 ], [ 139.830707544, 36.964072183 ], [ 139.830676189, 36.964101535 ], [ 139.830553385, 36.964158142 ], [ 139.830386162, 36.964235714 ], [ 139.830232, 36.964357316 ], [ 139.830117030999986, 36.964478919 ], [ 139.829996832, 36.964684387 ], [ 139.829914368, 36.964791133 ], [ 139.829739049000011, 36.964931806 ], [ 139.829629106, 36.96495803 ], [ 139.82948350800001, 36.964953257 ], [ 139.82935871, 36.964938947 ], [ 139.82919598699999, 36.964905559 ], [ 139.82910077599999, 36.964868061 ] ] ] } },
{ "type": "Feature", "properties": { "A29_001": "09213", "A29_002": "栃木県", "A29_003": "那須塩原市", "A29_004": 9, "A29_005": "商業地域", "A29_006": 80, "A29_007": 400, "A29_008": null }, "geometry": { "type": "Polygon", "coordinates": [ [ [ 139.83599524600001, 36.964795527 ], [ 139.835814972, 36.965154058 ], [ 139.83548313899999, 36.965120518 ], [ 139.835409981999987, 36.965216966 ], [ 139.835146654, 36.965737007 ], [ 139.83511397699999, 36.965973036 ], [ 139.836405514, 36.966101731 ], [ 139.83667137, 36.964863469 ], [ 139.836546927, 36.964853386 ], [ 139.83599524600001, 36.964795527 ] ] ] } },
{ "type": "Feature", "properties": { "A29_001": "09213", "A29_002": "栃木県", "A29_003": "那須塩原市", "A29_004": 3, "A29_005": "第一種中高層住居専用地域", "A29_006": 60, "A29_007": 200, "A29_008": null }, "geometry": { "type": "Polygon", "coordinates": [ [ [ 140.049385410000014, 36.964108159 ], [ 140.047409993, 36.961314372 ], [ 140.047015261000013, 36.961594819 ], [ 140.047103834000012, 36.961669622 ], [ 140.047149526, 36.961788852 ], [ 140.04715485700001, 36.961889953 ], [ 140.047119253, 36.962024996 ], [ 140.04669817199999, 36.962474049 ], [ 140.045959767999989, 36.962117633 ], [ 140.045739282999989, 36.962383419 ], [ 140.044948933, 36.963441015 ], [ 140.04616631799999, 36.964816467 ], [ 140.046932711000011, 36.965740581 ], [ 140.047153266, 36.965498105 ], [ 140.047344294, 36.965188471 ], [ 140.047512676, 36.96502031 ], [ 140.04782689000001, 36.964732588 ], [ 140.048302347, 36.964425334 ], [ 140.049385410000014, 36.964108159 ] ] ] } },
{ "type": "Feature", "properties": { "A29_001": "09213", "A29_002": "栃木県", "A29_003": "那須塩原市", "A29_004": 6, "A29_005": "第二種住居地域", "A29_006": 60, "A29_007": 200, "A29_008": null }, "geometry": { "type": "Polygon", "coordinates": [ [ [ 140.02696894499999, 36.965560734 ], [ 140.027851723999987, 36.964202364 ], [ 140.028294163999988, 36.963516197 ], [ 140.02838368799999, 36.963292468 ], [ 140.028891062000014, 36.962635403 ], [ 140.029624829999989, 36.961816177 ], [ 140.029850700999987, 36.961451794 ], [ 140.029968661999987, 36.961263523 ], [ 140.030000109000014, 36.960754871 ], [ 140.02991465, 36.960630263 ], [ 140.0294609, 36.960629596 ], [ 140.029319405, 36.961220651 ], [ 140.029175554, 36.961582182 ], [ 140.028698383, 36.962091612 ], [ 140.028106788, 36.962678918 ], [ 140.027880826, 36.96301397 ], [ 140.027492215, 36.963798245 ], [ 140.026540366, 36.965103164 ], [ 140.02604269599999, 36.965849858 ], [ 140.026373908000011, 36.965908119 ], [ 140.026736809, 36.965929489 ], [ 140.02696894499999, 36.965560734 ] ] ] } },
{ "type": "Feature", "properties": { "A29_001": "09213", "A29_002": "栃木県", "A29_003": "那須塩原市", "A29_004": 5, "A29_005": "第一種住居地域", "A29_006": 60, "A29_007": 200, "A29_008": null }, "geometry": { "type": "Polygon", "coordinates": [ [ [ 139.849784734999986, 36.965943382 ], [ 139.85013913200001, 36.965930089 ], [ 139.850445822000012, 36.966073281 ], [ 139.850704519, 36.96616969 ], [ 139.850840414, 36.966278696 ], [ 139.851302799, 36.965873973 ], [ 139.851222691, 36.965722968 ], [ 139.850883578, 36.965083729 ], [ 139.850781653000013, 36.964976815 ], [ 139.85065620899999, 36.964855227 ], [ 139.85061882, 36.964834974 ], [ 139.850381895999988, 36.964682008 ], [ 139.850290355999988, 36.964601585 ], [ 139.849810815000012, 36.964201192 ], [ 139.849447558, 36.963840618 ], [ 139.849323426000012, 36.963727415 ], [ 139.849152264999987, 36.963618412 ], [ 139.848932776999987, 36.963555542 ], [ 139.848740152, 36.963533597 ], [ 139.848338632, 36.963959811 ], [ 139.848641601, 36.964156205 ], [ 139.84843276399999, 36.964391294 ], [ 139.848282385, 36.964543149 ], [ 139.848569500999986, 36.964703899 ], [ 139.848517296000011, 36.964962318 ], [ 139.848548674, 36.965081823 ], [ 139.848634919, 36.965188742 ], [ 139.848888389, 36.965304024 ], [ 139.849005986, 36.965394165 ], [ 139.849160180000013, 36.96556607 ], [ 139.84931436799999, 36.965706525 ], [ 139.849549552000013, 36.965830195 ], [ 139.849784734999986, 36.965943382 ] ] ] } },
{ "type": "Feature", "properties": { "A29_001": "09213", "A29_002": "栃木県", "A29_003": "那須塩原市", "A29_004": 3, "A29_005": "第一種中高層住居専用地域", "A29_006": 60, "A29_007": 200, "A29_008": null }, "geometry": { "type": "Polygon", "coordinates": [ [ [ 140.030000109000014, 36.960754871 ], [ 140.029968661999987, 36.961263523 ], [ 140.029850700999987, 36.961451794 ], [ 140.029624829999989, 36.961816177 ], [ 140.028891062000014, 36.962635403 ], [ 140.02838368799999, 36.963292468 ], [ 140.028294163999988, 36.963516197 ], [ 140.027851723999987, 36.964202364 ], [ 140.02696894499999, 36.965560734 ], [ 140.028629109, 36.965642974 ], [ 140.030140526999986, 36.965760859 ], [ 140.03159336600001, 36.965823089 ], [ 140.032830979000011, 36.965890772 ], [ 140.031951396000011, 36.964339437 ], [ 140.031158846000011, 36.962900834 ], [ 140.03049874199999, 36.961686154 ], [ 140.030000109000014, 36.960754871 ] ] ] } },
{ "type": "Feature", "properties": { "A29_001": "09213", "A29_002": "栃木県", "A29_003": "那須塩原市", "A29_004": 5, "A29_005": "第一種住居地域", "A29_006": 60, "A29_007": 200, "A29_008": null }, "geometry": { "type": "Polygon", "coordinates": [ [ [ 139.825262269, 36.965736155 ], [ 139.825583652, 36.965733031 ], [ 139.82558338199999, 36.965942154 ], [ 139.825583348, 36.965968014 ], [ 139.82573528099999, 36.965970369 ], [ 139.825688777000011, 36.966164424 ], [ 139.826062411, 36.966248314 ], [ 139.826313241, 36.966328002 ], [ 139.82654054599999, 36.966516713 ], [ 139.82713369699999, 36.966212731 ], [ 139.827507351, 36.966059695 ], [ 139.827852261, 36.965921332 ], [ 139.828238973999987, 36.96580813 ], [ 139.82818936000001, 36.965353585 ], [ 139.828189361999989, 36.965334285 ], [ 139.828176318, 36.965332304 ], [ 139.827996012999989, 36.965304923 ], [ 139.827912405, 36.965246213 ], [ 139.82788367, 36.965160249 ], [ 139.82787353399999, 36.965062031 ], [ 139.827767861000012, 36.96507925 ], [ 139.827432972, 36.96511675 ], [ 139.827129977, 36.965163967 ], [ 139.826167778000013, 36.965375278 ], [ 139.825837889000013, 36.965418139 ], [ 139.825597389, 36.965440917 ], [ 139.825331806, 36.965434222 ], [ 139.825223609, 36.965428259 ], [ 139.825222717, 36.965454171 ], [ 139.825254951, 36.965455123 ], [ 139.825262269, 36.965736155 ] ] ] } },
{ "type": "Feature", "properties": { "A29_001": "09213", "A29_002": "栃木県", "A29_003": "那須塩原市", "A29_004": 1, "A29_005": "第一種低層住居専用地域", "A29_006": 50, "A29_007": 80, "A29_008": null }, "geometry": { "type": "Polygon", "coordinates": [ [ [ 140.042373, 36.964776343 ], [ 140.04180799299999, 36.964088754 ], [ 140.04142809699999, 36.963675196 ], [ 140.040972985, 36.963334391 ], [ 140.040336722, 36.962937415 ], [ 140.039922847000014, 36.963589061 ], [ 140.03917341799999, 36.963191799 ], [ 140.038887657, 36.963760552 ], [ 140.038477873, 36.964729341 ], [ 140.038093780999986, 36.96524644 ], [ 140.037101957, 36.964755918 ], [ 140.036538576, 36.96554422 ], [ 140.03585191900001, 36.965108583 ], [ 140.035086562, 36.965702125 ], [ 140.034975171000013, 36.966043916 ], [ 140.036071435, 36.966099879 ], [ 140.038374747, 36.966272104 ], [ 140.04115078, 36.966470356 ], [ 140.043702236, 36.966667596 ], [ 140.043923045000014, 36.966512542 ], [ 140.043389501, 36.965893235 ], [ 140.042373, 36.964776343 ] ] ] } },
{ "type": "Feature", "properties": { "A29_001": "09213", "A29_002": "栃木県", "A29_003": "那須塩原市", "A29_004": 5, "A29_005": "第一種住居地域", "A29_006": 60, "A29_007": 200, "A29_008": null }, "geometry": { "type": "Polygon", "coordinates": [ [ [ 140.032830979000011, 36.965890772 ], [ 140.03159336600001, 36.965823089 ], [ 140.030140526999986, 36.965760859 ], [ 140.028629109, 36.965642974 ], [ 140.02696894499999, 36.965560734 ], [ 140.026736809, 36.965929489 ], [ 140.028961826999989, 36.966032107 ], [ 140.02894035599999, 36.966611628 ], [ 140.030910565999989, 36.966699656 ], [ 140.033185753999987, 36.966796267 ], [ 140.033430627, 36.966789681 ], [ 140.03320542, 36.966445262 ], [ 140.032830979000011, 36.965890772 ] ] ] } },
{ "type": "Feature", "properties": { "A29_001": "09213", "A29_002": "栃木県", "A29_003": "那須塩原市", "A29_004": 3, "A29_005": "第一種中高層住居専用地域", "A29_006": 60, "A29_007": 200, "A29_008": null }, "geometry": { "type": "Polygon", "coordinates": [ [ [ 140.044137689, 36.964281482 ], [ 140.043761896, 36.963867224 ], [ 140.043735411, 36.963883683 ], [ 140.043725740000014, 36.963889693 ], [ 140.043695383999989, 36.963908557 ], [ 140.043663822000013, 36.963928172 ], [ 140.043594173, 36.963971455 ], [ 140.043344063, 36.964126884 ], [ 140.043102815, 36.964276805 ], [ 140.04281799, 36.964453806 ], [ 140.042350457999987, 36.964744343 ], [ 140.042348202, 36.964746165 ], [ 140.042373, 36.964776343 ], [ 140.043389501, 36.965893235 ], [ 140.043923045000014, 36.966512542 ], [ 140.043702236, 36.966667596 ], [ 140.04589489, 36.966812973 ], [ 140.04618917799999, 36.966563642 ], [ 140.045584574, 36.965876173 ], [ 140.044137689, 36.964281482 ] ] ] } },
{ "type": "Feature", "properties": { "A29_001": "09213", "A29_002": "栃木県", "A29_003": "那須塩原市", "A29_004": 5, "A29_005": "第一種住居地域", "A29_006": 60, "A29_007": 200, "A29_008": null }, "geometry": { "type": "Polygon", "coordinates": [ [ [ 140.053752497, 36.963675576 ], [ 140.05373948499999, 36.963660781 ], [ 140.05351998099999, 36.963411195 ], [ 140.053221939, 36.963668679 ], [ 140.052549425, 36.962892175 ], [ 140.051453331, 36.961621276 ], [ 140.050723506999987, 36.96077823 ], [ 140.049531395, 36.959378652 ], [ 140.048847591, 36.959683932 ], [ 140.04969254, 36.960889933 ], [ 140.050133972, 36.961517389 ], [ 140.050920714, 36.962642229 ], [ 140.051488533, 36.963460709 ], [ 140.051788074, 36.963913196 ], [ 140.052206458, 36.964447441 ], [ 140.05272366599999, 36.965182164 ], [ 140.053492986, 36.966283894 ], [ 140.053895476, 36.966897914 ], [ 140.054510247, 36.966837111 ], [ 140.055579423000012, 36.966174834 ], [ 140.055586604000013, 36.966170619 ], [ 140.055575008, 36.966155726 ], [ 140.05550090700001, 36.966060563 ], [ 140.055349003, 36.965865479 ], [ 140.055341797000011, 36.965856225 ], [ 140.055235748, 36.965720034 ], [ 140.055077659, 36.96551701 ], [ 140.055047564, 36.965478361 ], [ 140.055041988999989, 36.965471202 ], [ 140.054930136, 36.965327554 ], [ 140.054854479, 36.965230392 ], [ 140.054846289000011, 36.965219873 ], [ 140.05483572599999, 36.965206308 ], [ 140.054721441, 36.96505954 ], [ 140.054667641, 36.964990448 ], [ 140.05462397299999, 36.964931448 ], [ 140.05455236099999, 36.964834643 ], [ 140.054536758000012, 36.96480037 ], [ 140.054495781000014, 36.964710364 ], [ 140.054464636, 36.964641614 ], [ 140.054396059, 36.96445584 ], [ 140.05439216100001, 36.964445281 ], [ 140.05435716, 36.964377503 ], [ 140.054305981999988, 36.964321816 ], [ 140.054280295000012, 36.964293866 ], [ 140.05414471200001, 36.96414634 ], [ 140.054139655, 36.964140837 ], [ 140.05404895800001, 36.964034754 ], [ 140.053994488, 36.963969214 ], [ 140.05381978599999, 36.963759004 ], [ 140.053752497, 36.963675576 ] ] ] } },
{ "type": "Feature", "properties": { "A29_001": "09213", "A29_002": "栃木県", "A29_003": "那須塩原市", "A29_004": 3, "A29_005": "第一種中高層住居専用地域", "A29_006": 60, "A29_007": 200, "A29_008": null }, "geometry": { "type": "Polygon", "coordinates": [ [ [ 140.062871065, 36.963163851 ], [ 140.06278083, 36.962961068 ], [ 140.06207616899999, 36.963434585 ], [ 140.060344144999988, 36.964546457 ], [ 140.059646789999988, 36.96499604 ], [ 140.05968725299999, 36.965053478 ], [ 140.059804172000014, 36.96521945 ], [ 140.05990240599999, 36.965358897 ], [ 140.05992563800001, 36.965391876 ], [ 140.060040334, 36.965554694 ], [ 140.06008731899999, 36.965621391 ], [ 140.060165966999989, 36.965733036 ], [ 140.060215175, 36.965802891 ], [ 140.06033288899999, 36.965969993 ], [ 140.060418825999989, 36.966091985 ], [ 140.060425417, 36.966101341 ], [ 140.060472983000011, 36.966168867 ], [ 140.060571743999986, 36.966309069 ], [ 140.060671727999988, 36.966451008 ], [ 140.06068352, 36.966467749 ], [ 140.06069399399999, 36.966482617 ], [ 140.06078961899999, 36.966618369 ], [ 140.06080391099999, 36.966639384 ], [ 140.060822467, 36.966666667 ], [ 140.06102156599999, 36.966959377 ], [ 140.061298212999986, 36.967366091 ], [ 140.06149649599999, 36.967657143 ], [ 140.062617350000011, 36.966967957 ], [ 140.063170722, 36.966704972 ], [ 140.063391180999986, 36.966615156 ], [ 140.064064921000011, 36.966340655 ], [ 140.063531895000011, 36.965083545 ], [ 140.063249291, 36.964340643 ], [ 140.062871065, 36.963163851 ] ] ] } },
{ "type": "Feature", "properties": { "A29_001": "09213", "A29_002": "栃木県", "A29_003": "那須塩原市", "A29_004": 5, "A29_005": "第一種住居地域", "A29_006": 60, "A29_007": 200, "A29_008": null }, "geometry": { "type": "Polygon", "coordinates": [ [ [ 140.060165966999989, 36.965733036 ], [ 140.06008731899999, 36.965621391 ], [ 140.060040334, 36.965554694 ], [ 140.05992563800001, 36.965391876 ], [ 140.05990240599999, 36.965358897 ], [ 140.059804172000014, 36.96521945 ], [ 140.05968725299999, 36.965053478 ], [ 140.059646789999988, 36.96499604 ], [ 140.060344144999988, 36.964546457 ], [ 140.06207616899999, 36.963434585 ], [ 140.06278083, 36.962961068 ], [ 140.062671397, 36.962636981 ], [ 140.062716806, 36.962608694 ], [ 140.063934222, 36.961866833 ], [ 140.064301056, 36.961620139 ], [ 140.062355494, 36.95936507 ], [ 140.062434298999989, 36.960238975 ], [ 140.062234976000013, 36.960243033 ], [ 140.062406192999987, 36.962113045 ], [ 140.060785124, 36.96307369 ], [ 140.059596887999987, 36.96379192 ], [ 140.05709706499999, 36.963083867 ], [ 140.056888719, 36.963254158 ], [ 140.056833812, 36.962880709 ], [ 140.056817867, 36.962754042 ], [ 140.056786671, 36.96252018 ], [ 140.056744391, 36.962205763 ], [ 140.05670336099999, 36.961911818 ], [ 140.056660611000012, 36.961630917 ], [ 140.056548666999987, 36.960812806 ], [ 140.056544436, 36.960686009 ], [ 140.056479239, 36.960270702 ], [ 140.056436181, 36.959959841 ], [ 140.056407124, 36.959839201 ], [ 140.056372790000012, 36.959776924 ], [ 140.05630872899999, 36.959709036 ], [ 140.055752638, 36.960253623 ], [ 140.054943968, 36.961057381 ], [ 140.05382674, 36.962169634 ], [ 140.054574871, 36.963012447 ], [ 140.05592877399999, 36.964602857 ], [ 140.05705509500001, 36.965875975 ], [ 140.05743801700001, 36.96564758 ], [ 140.05751805599999, 36.965748528 ], [ 140.057576861, 36.965812861 ], [ 140.05802087, 36.966288446 ], [ 140.058333333, 36.966624262 ], [ 140.058373278, 36.966666667 ], [ 140.058550860999986, 36.966855167 ], [ 140.058724082999987, 36.96704725 ], [ 140.059225935, 36.967600799 ], [ 140.05953716499999, 36.967926704 ], [ 140.06049670499999, 36.967543185 ], [ 140.06123772399999, 36.967277163 ], [ 140.06102156599999, 36.966959377 ], [ 140.060822467, 36.966666667 ], [ 140.06080391099999, 36.966639384 ], [ 140.06078961899999, 36.966618369 ], [ 140.06069399399999, 36.966482617 ], [ 140.06068352, 36.966467749 ], [ 140.060671727999988, 36.966451008 ], [ 140.060571743999986, 36.966309069 ], [ 140.060472983000011, 36.966168867 ], [ 140.060425417, 36.966101341 ], [ 140.060418825999989, 36.966091985 ], [ 140.06033288899999, 36.965969993 ], [ 140.060215175, 36.965802891 ], [ 140.060165966999989, 36.965733036 ] ] ] } },
{ "type": "Feature", "properties": { "A29_001": "09213", "A29_002": "栃木県", "A29_003": "那須塩原市", "A29_004": 5, "A29_005": "第一種住居地域", "A29_006": 60, "A29_007": 200, "A29_008": null }, "geometry": { "type": "Polygon", "coordinates": [ [ [ 139.833928668, 36.966002511 ], [ 139.83382137000001, 36.965442373 ], [ 139.833616259, 36.964940226 ], [ 139.833488229000011, 36.964617341 ], [ 139.83343074699999, 36.964372033 ], [ 139.833420295, 36.964162368 ], [ 139.83344381, 36.963735699 ], [ 139.833430744999987, 36.963406525 ], [ 139.83246205399999, 36.963384507 ], [ 139.832373221000012, 36.963246127 ], [ 139.832177263, 36.963244029 ], [ 139.832085815, 36.963237738 ], [ 139.832046623999986, 36.963206288 ], [ 139.832028336, 36.963099358 ], [ 139.832031314, 36.962987121 ], [ 139.832044023, 36.962508102 ], [ 139.832015211999988, 36.962516705 ], [ 139.831931674, 36.962541648 ], [ 139.83157110799999, 36.962774371 ], [ 139.83141172399999, 36.962954681 ], [ 139.83133333699999, 36.963118218 ], [ 139.83132061500001, 36.963194473 ], [ 139.831288913, 36.963384493 ], [ 139.831385582, 36.963529163 ], [ 139.831816688, 36.963789154 ], [ 139.83196561599999, 36.963870926 ], [ 139.83213022000001, 36.96403237 ], [ 139.83225040799999, 36.964143493 ], [ 139.83227722699999, 36.964190573 ], [ 139.832302661, 36.964369932 ], [ 139.832294819999987, 36.964535568 ], [ 139.832208595, 36.964676042 ], [ 139.832064887, 36.964797647 ], [ 139.83172460899999, 36.96503491 ], [ 139.831646826999986, 36.965082786 ], [ 139.831718736999989, 36.965156979 ], [ 139.831756563, 36.965254713 ], [ 139.83172781799999, 36.965407768 ], [ 139.831735286999987, 36.965486359 ], [ 139.831739574000011, 36.965531471 ], [ 139.831681658, 36.965597548 ], [ 139.831697131999988, 36.96568608 ], [ 139.831857144999987, 36.965916208 ], [ 139.832123653, 36.966252724 ], [ 139.83241368, 36.966544161 ], [ 139.832607032, 36.966739151 ], [ 139.832873546, 36.967032683 ], [ 139.83314267599999, 36.967296862 ], [ 139.833207999, 36.967467739 ], [ 139.833317741, 36.968017061 ], [ 139.833406582, 36.968220437 ], [ 139.833429445, 36.96825608 ], [ 139.833507833999988, 36.968334704 ], [ 139.833609740000014, 36.968416473 ], [ 139.833794606999987, 36.968507153 ], [ 139.833920690000014, 36.968506114 ], [ 139.834114676000013, 36.968499756 ], [ 139.834266246, 36.968446871 ], [ 139.83443870100001, 36.96838397 ], [ 139.834590251, 36.968300103 ], [ 139.834736574, 36.968188979 ], [ 139.834861993, 36.968027535 ], [ 139.834969120000011, 36.967847221 ], [ 139.835086697, 36.967608202 ], [ 139.835169648, 36.967217175 ], [ 139.83527938099999, 36.966839776 ], [ 139.835381278999989, 36.966663656 ], [ 139.83556679099999, 36.966516887 ], [ 139.83583069, 36.966401566 ], [ 139.83604233299999, 36.966380595 ], [ 139.836353268000011, 36.966399457 ], [ 139.836405514, 36.966101731 ], [ 139.83511397699999, 36.965973036 ], [ 139.83512063500001, 36.966319809 ], [ 139.834394909, 36.966597624 ], [ 139.834306067999989, 36.966415216 ], [ 139.834230292, 36.966239098 ], [ 139.833940262, 36.966234907 ], [ 139.833928668, 36.966002511 ] ] ] } },
{ "type": "Feature", "properties": { "A29_001": "09213", "A29_002": "栃木県", "A29_003": "那須塩原市", "A29_004": 10, "A29_005": "準工業地域", "A29_006": 60, "A29_007": 200, "A29_008": null }, "geometry": { "type": "Polygon", "coordinates": [ [ [ 140.05802087, 36.966288446 ], [ 140.057576861, 36.965812861 ], [ 140.05751805599999, 36.965748528 ], [ 140.05743801700001, 36.96564758 ], [ 140.05705509500001, 36.965875975 ], [ 140.05592877399999, 36.964602857 ], [ 140.054574871, 36.963012447 ], [ 140.05382674, 36.962169634 ], [ 140.053146814, 36.962733057 ], [ 140.052711896, 36.962242529 ], [ 140.050443284000011, 36.959700379 ], [ 140.048641167999989, 36.957720399 ], [ 140.048034015000013, 36.957144093 ], [ 140.047348446, 36.956489025 ], [ 140.046425518, 36.957249202 ], [ 140.04677775799999, 36.957763213 ], [ 140.04726000799999, 36.958422237 ], [ 140.04793526099999, 36.959376785 ], [ 140.047221495, 36.959831749 ], [ 140.04765727099999, 36.960422493 ], [ 140.04844642899999, 36.961570717 ], [ 140.04930348, 36.962792112 ], [ 140.05024809599999, 36.964149622 ], [ 140.051300993000012, 36.965616552 ], [ 140.052308229, 36.967075782 ], [ 140.053895476, 36.966897914 ], [ 140.053492986, 36.966283894 ], [ 140.05272366599999, 36.965182164 ], [ 140.052206458, 36.964447441 ], [ 140.051788074, 36.963913196 ], [ 140.051488533, 36.963460709 ], [ 140.050920714, 36.962642229 ], [ 140.050133972, 36.961517389 ], [ 140.04969254, 36.960889933 ], [ 140.048847591, 36.959683932 ], [ 140.049531395, 36.959378652 ], [ 140.050723506999987, 36.96077823 ], [ 140.051453331, 36.961621276 ], [ 140.052549425, 36.962892175 ], [ 140.053221939, 36.963668679 ], [ 140.05351998099999, 36.963411195 ], [ 140.05373948499999, 36.963660781 ], [ 140.053752497, 36.963675576 ], [ 140.05381978599999, 36.963759004 ], [ 140.053994488, 36.963969214 ], [ 140.05404895800001, 36.964034754 ], [ 140.054139655, 36.964140837 ], [ 140.05414471200001, 36.96414634 ], [ 140.054280295000012, 36.964293866 ], [ 140.054305981999988, 36.964321816 ], [ 140.05435716, 36.964377503 ], [ 140.05439216100001, 36.964445281 ], [ 140.054396059, 36.96445584 ], [ 140.054464636, 36.964641614 ], [ 140.054495781000014, 36.964710364 ], [ 140.054536758000012, 36.96480037 ], [ 140.05455236099999, 36.964834643 ], [ 140.05462397299999, 36.964931448 ], [ 140.054667641, 36.964990448 ], [ 140.054721441, 36.96505954 ], [ 140.05483572599999, 36.965206308 ], [ 140.054846289000011, 36.965219873 ], [ 140.054854479, 36.965230392 ], [ 140.054930136, 36.965327554 ], [ 140.055041988999989, 36.965471202 ], [ 140.055047564, 36.965478361 ], [ 140.055077659, 36.96551701 ], [ 140.055235748, 36.965720034 ], [ 140.055341797000011, 36.965856225 ], [ 140.055349003, 36.965865479 ], [ 140.05550090700001, 36.966060563 ], [ 140.055575008, 36.966155726 ], [ 140.055586604000013, 36.966170619 ], [ 140.055985284, 36.965936578 ], [ 140.056108822, 36.965864056 ], [ 140.056119494, 36.965857791 ], [ 140.056382455, 36.96570342 ], [ 140.058281104, 36.967895124 ], [ 140.058597424, 36.96827734 ], [ 140.05893973799999, 36.968165485 ], [ 140.05953716499999, 36.967926704 ], [ 140.059225935, 36.967600799 ], [ 140.058724082999987, 36.96704725 ], [ 140.058550860999986, 36.966855167 ], [ 140.058373278, 36.966666667 ], [ 140.058333333, 36.966624262 ], [ 140.05802087, 36.966288446 ] ] ] } },
{ "type": "Feature", "properties": { "A29_001": "09213", "A29_002": "栃木県", "A29_003": "那須塩原市", "A29_004": 8, "A29_005": "近隣商業地域", "A29_006": 80, "A29_007": 200, "A29_008": null }, "geometry": { "type": "Polygon", "coordinates": [ [ [ 140.063093216, 36.967752545 ], [ 140.064435006999986, 36.967249419 ], [ 140.064075081999988, 36.966364617 ], [ 140.064064921000011, 36.966340655 ], [ 140.063391180999986, 36.966615156 ], [ 140.063170722, 36.966704972 ], [ 140.062617350000011, 36.966967957 ], [ 140.06149649599999, 36.967657143 ], [ 140.061298212999986, 36.967366091 ], [ 140.061255738, 36.967303647 ], [ 140.06123772399999, 36.967277163 ], [ 140.06049670499999, 36.967543185 ], [ 140.060836982000012, 36.968404026 ], [ 140.06098203499999, 36.968872917 ], [ 140.061400162000012, 36.968789195 ], [ 140.062830733999988, 36.968465898 ], [ 140.062660572, 36.968030427 ], [ 140.063146606, 36.967904105 ], [ 140.063093216, 36.967752545 ] ] ] } },
{ "type": "Feature", "properties": { "A29_001": "09213", "A29_002": "栃木県", "A29_003": "那須塩原市", "A29_004": 8, "A29_005": "近隣商業地域", "A29_006": 80, "A29_007": 200, "A29_008": null }, "geometry": { "type": "Polygon", "coordinates": [ [ [ 140.058281104, 36.967895124 ], [ 140.056382455, 36.96570342 ], [ 140.055579423000012, 36.966174834 ], [ 140.054510247, 36.966837111 ], [ 140.053895476, 36.966897914 ], [ 140.052308229, 36.967075782 ], [ 140.05253851399999, 36.967408022 ], [ 140.053287649999987, 36.968495632 ], [ 140.05400495, 36.968186613 ], [ 140.05384748099999, 36.96796036 ], [ 140.053842741000011, 36.96795355 ], [ 140.053964775999987, 36.967894981 ], [ 140.054537183, 36.967620257 ], [ 140.055812747, 36.969270502 ], [ 140.056973621999987, 36.968581321 ], [ 140.05776347599999, 36.968154847 ], [ 140.05825249599999, 36.967915577 ], [ 140.058281104, 36.967895124 ] ] ] } },
{ "type": "Feature", "properties": { "A29_001": "09213", "A29_002": "栃木県", "A29_003": "那須塩原市", "A29_004": 9, "A29_005": "商業地域", "A29_006": 80, "A29_007": 400, "A29_008": null }, "geometry": { "type": "Polygon", "coordinates": [ [ [ 139.838006962, 36.963414983 ], [ 139.83780618, 36.963555561 ], [ 139.837787254, 36.963572732 ], [ 139.837546893, 36.963868369 ], [ 139.83725951, 36.964373672 ], [ 139.837084475000012, 36.964853811 ], [ 139.836831069, 36.965713446 ], [ 139.836781435, 36.965947224 ], [ 139.83678275599999, 36.966273253 ], [ 139.83672772, 36.966942144 ], [ 139.83671173799999, 36.967136376 ], [ 139.836496688000011, 36.967320538 ], [ 139.836504534, 36.967496657 ], [ 139.836473187, 36.967683259 ], [ 139.836386968, 36.967895023 ], [ 139.836347780000011, 36.96804808 ], [ 139.836350407, 36.968406607 ], [ 139.836295544, 36.96864353 ], [ 139.836177972, 36.96893916 ], [ 139.836041744999989, 36.969129797 ], [ 139.835910274000014, 36.969238519 ], [ 139.835807413, 36.96930138 ], [ 139.835669413, 36.969362936 ], [ 139.835427747000011, 36.969428407 ], [ 139.835214447999988, 36.969424554 ], [ 139.835017275000013, 36.969406363 ], [ 139.834782924, 36.969384741 ], [ 139.834634362, 36.969340696 ], [ 139.83436261, 36.969231673 ], [ 139.834028146, 36.969126843 ], [ 139.83367278, 36.969030398 ], [ 139.833521227, 36.969030399 ], [ 139.833380126, 36.968984273 ], [ 139.833056117000012, 36.968774607 ], [ 139.832679852000012, 36.968447528 ], [ 139.832554433000013, 36.968128837 ], [ 139.83239243599999, 36.967705312 ], [ 139.832085424000013, 36.967192678 ], [ 139.831547174, 36.966723021 ], [ 139.831024603, 36.966412708 ], [ 139.830491582, 36.966165292 ], [ 139.830151279, 36.966085977 ], [ 139.829749529999987, 36.966026892 ], [ 139.828989185000012, 36.965991224 ], [ 139.828092967, 36.966001671 ], [ 139.82770886599999, 36.966108583 ], [ 139.827047784, 36.966394743 ], [ 139.826777341, 36.966495367 ], [ 139.826463776, 36.966694531 ], [ 139.826224682, 36.966839186 ], [ 139.826044376999988, 36.966994327 ], [ 139.82593462299999, 36.967106491 ], [ 139.825917632999989, 36.967172535 ], [ 139.825871882, 36.967426227 ], [ 139.825776499999989, 36.967530005 ], [ 139.825664139, 36.967585559 ], [ 139.825512586, 36.967615951 ], [ 139.825441458, 36.967612589 ], [ 139.825334907000013, 36.967607552 ], [ 139.825185981, 36.967506903 ], [ 139.825042284, 36.967372707 ], [ 139.824906438, 36.967133679 ], [ 139.824598199, 36.966391443 ], [ 139.824519822000013, 36.966305474 ], [ 139.824472961, 36.966302785 ], [ 139.824300341, 36.966292878 ], [ 139.824070404, 36.966320116 ], [ 139.82402858099999, 36.966460589 ], [ 139.823738993, 36.967393336 ], [ 139.823696608, 36.967529854 ], [ 139.823521496000012, 36.967888367 ], [ 139.82329442599999, 36.968178003 ], [ 139.823260158000011, 36.968221713 ], [ 139.82284544699999, 36.968694314 ], [ 139.822430669, 36.968982288 ], [ 139.822037816, 36.969125783 ], [ 139.820595373, 36.969578514 ], [ 139.820250922000014, 36.969819948 ], [ 139.820201405, 36.969916556 ], [ 139.820149111, 36.970111538 ], [ 139.820145636, 36.970221553 ], [ 139.820141229, 36.970361039 ], [ 139.82017517, 36.970524581 ], [ 139.820266602, 36.97066926 ], [ 139.820442957000012, 36.970813948 ], [ 139.821502525999989, 36.9704304 ], [ 139.821662964000012, 36.970534041 ], [ 139.821882453, 36.970569705 ], [ 139.822050996, 36.970553996 ], [ 139.82208709599999, 36.970532877 ], [ 139.822125806, 36.970514806 ], [ 139.822173722, 36.970481 ], [ 139.82224677799999, 36.970419944 ], [ 139.822362838, 36.970333906 ], [ 139.82241006000001, 36.970289211 ], [ 139.822432838, 36.970261961 ], [ 139.822619398, 36.970078109 ], [ 139.822760526, 36.969893617 ], [ 139.822940859999989, 36.969627358 ], [ 139.823126414, 36.969396743 ], [ 139.82341911099999, 36.96907598 ], [ 139.823850233, 36.969235361 ], [ 139.823979589, 36.969127394 ], [ 139.82434963899999, 36.969295861 ], [ 139.82456262299999, 36.96902064 ], [ 139.824682841999987, 36.968827757 ], [ 139.824750798, 36.968668416 ], [ 139.82493634299999, 36.968439895 ], [ 139.825119268, 36.968276369 ], [ 139.825257767000011, 36.968165256 ], [ 139.825255163, 36.9680751 ], [ 139.824941316, 36.968097185 ], [ 139.824912864, 36.968099187 ], [ 139.824905029, 36.968064592 ], [ 139.82502523299999, 36.967994363 ], [ 139.825051852, 36.967990481 ], [ 139.825183318, 36.967971311 ], [ 139.825645812, 36.96794094 ], [ 139.825794753, 36.967913693 ], [ 139.825993342, 36.967859193 ], [ 139.82624553, 36.967437781 ], [ 139.82646241899999, 36.967253289 ], [ 139.826904019000011, 36.967054132 ], [ 139.827319482, 36.966936741 ], [ 139.82796227, 36.966764846 ], [ 139.828338531000014, 36.966714543 ], [ 139.828746142999989, 36.966718753 ], [ 139.829080592, 36.966764892 ], [ 139.829318363999988, 36.966813123 ], [ 139.829634520000013, 36.966930546 ], [ 139.82995067499999, 36.967091997 ], [ 139.830138799, 36.967226188 ], [ 139.83090697899999, 36.967783915 ], [ 139.831118621, 36.967995681 ], [ 139.831403426, 36.968247284 ], [ 139.831630749999988, 36.968362603 ], [ 139.83183194599999, 36.968448569 ], [ 139.832059273, 36.968480021 ], [ 139.832155953000012, 36.968509375 ], [ 139.832170324, 36.968514617 ], [ 139.832249168, 36.968640271 ], [ 139.832358453000012, 36.96881444 ], [ 139.832640652, 36.969076523 ], [ 139.83298817799999, 36.969345944 ], [ 139.833259929, 36.969484324 ], [ 139.833539519, 36.969595446 ], [ 139.833973278, 36.969622701 ], [ 139.834499798, 36.96967721 ], [ 139.834851246999989, 36.969693979 ], [ 139.835235359, 36.969701312 ], [ 139.835763183000012, 36.969617436 ], [ 139.836055834, 36.969479051 ], [ 139.836348480999987, 36.969260992 ], [ 139.836641119, 36.968858427 ], [ 139.836688148, 36.968764077 ], [ 139.836681528000014, 36.96861125 ], [ 139.836710111, 36.968441389 ], [ 139.836724261, 36.968303376 ], [ 139.83696771000001, 36.968225229 ], [ 139.83703825399999, 36.968086848 ], [ 139.837100956, 36.967917018 ], [ 139.83713752700001, 36.967722028 ], [ 139.83722112800001, 36.967455751 ], [ 139.837226348, 36.967346725 ], [ 139.837179313, 36.967290117 ], [ 139.837140777, 36.967275276 ], [ 139.837138592, 36.967274434 ], [ 139.837134561, 36.967180437 ], [ 139.837189290999987, 36.966848765 ], [ 139.83725341499999, 36.966514222 ], [ 139.837388628000014, 36.966433497 ], [ 139.83747491599999, 36.966425925 ], [ 139.83757773100001, 36.9663529 ], [ 139.83769661299999, 36.966276368 ], [ 139.837848157, 36.966207173 ], [ 139.83799708699999, 36.966140074 ], [ 139.838159080999986, 36.966072975 ], [ 139.838230333000013, 36.966043298 ], [ 139.838278785, 36.965998655 ], [ 139.838356341, 36.965886365 ], [ 139.83846346199999, 36.965773141 ], [ 139.838567968, 36.965649434 ], [ 139.838909145, 36.965177421 ], [ 139.839216878, 36.964862504 ], [ 139.839593102, 36.964562664 ], [ 139.839906617, 36.964275405 ], [ 139.84021228899999, 36.963969277 ], [ 139.84063292, 36.963648464 ], [ 139.840546337, 36.963284307 ], [ 139.840594051000011, 36.963265731 ], [ 139.840653221999986, 36.963242694 ], [ 139.84086872200001, 36.963174806 ], [ 139.84122041, 36.963038956 ], [ 139.841473833, 36.962883786 ], [ 139.841625365, 36.9628062 ], [ 139.841767756, 36.962756918 ], [ 139.841988533, 36.962747992 ], [ 139.842143341, 36.962758988 ], [ 139.842265492, 36.962796718 ], [ 139.842488241000012, 36.962885809 ], [ 139.842702505, 36.963023123 ], [ 139.843039576, 36.963203408 ], [ 139.84320027199999, 36.963273633 ], [ 139.843249918, 36.96330403 ], [ 139.843325703, 36.963291088 ], [ 139.84350796699999, 36.963318811 ], [ 139.84429373899999, 36.963391998 ], [ 139.844654307000013, 36.96341922 ], [ 139.844827083000013, 36.963450523 ], [ 139.845418241, 36.963541144 ], [ 139.846002543999987, 36.963645523 ], [ 139.846721105, 36.963884462 ], [ 139.847141810000011, 36.964125529 ], [ 139.847463212, 36.964268063 ], [ 139.84776192699999, 36.964437926 ], [ 139.847772865, 36.964444145 ], [ 139.847771991, 36.964445474 ], [ 139.84764748500001, 36.964634955 ], [ 139.84795845, 36.964837244 ], [ 139.848168147, 36.965011434 ], [ 139.848427292, 36.964886484 ], [ 139.848445752, 36.964876496 ], [ 139.848569500999986, 36.964703899 ], [ 139.848282385, 36.964543149 ], [ 139.84843276399999, 36.964391294 ], [ 139.848641601, 36.964156205 ], [ 139.848338632, 36.963959811 ], [ 139.848740152, 36.963533597 ], [ 139.848319678, 36.963451445 ], [ 139.847798791, 36.963379567 ], [ 139.846760573000012, 36.963273377 ], [ 139.84667269799999, 36.96348191 ], [ 139.846577708000012, 36.963431109 ], [ 139.84637859599999, 36.963362568 ], [ 139.846373513, 36.963361386 ], [ 139.846160563000012, 36.963314235 ], [ 139.84614700899999, 36.963178927 ], [ 139.845316593, 36.963057483 ], [ 139.845290479, 36.963144497 ], [ 139.84512390899999, 36.963113063 ], [ 139.843263580000013, 36.962874215 ], [ 139.842197499, 36.962270464 ], [ 139.842056421, 36.962362727 ], [ 139.841894429, 36.962350159 ], [ 139.841586124, 36.962345987 ], [ 139.841455489999987, 36.962383736 ], [ 139.841285672999987, 36.962499063 ], [ 139.841121081000011, 36.96261439 ], [ 139.840841525, 36.962706661 ], [ 139.839765413, 36.962951901 ], [ 139.838223383000013, 36.963308905 ], [ 139.838006962, 36.963414983 ] ] ] } },
{ "type": "Feature", "properties": { "A29_001": "09213", "A29_002": "栃木県", "A29_003": "那須塩原市", "A29_004": 5, "A29_005": "第一種住居地域", "A29_006": 60, "A29_007": 200, "A29_008": null }, "geometry": { "type": "Polygon", "coordinates": [ [ [ 139.82241006000001, 36.970289211 ], [ 139.822362838, 36.970333906 ], [ 139.82224677799999, 36.970419944 ], [ 139.822173722, 36.970481 ], [ 139.822125806, 36.970514806 ], [ 139.82208709599999, 36.970532877 ], [ 139.822050996, 36.970553996 ], [ 139.821882453, 36.970569705 ], [ 139.821662964000012, 36.970534041 ], [ 139.821502525999989, 36.9704304 ], [ 139.820442957000012, 36.970813948 ], [ 139.82093287, 36.971015279 ], [ 139.821189159999989, 36.970919081 ], [ 139.821340529999986, 36.970862265 ], [ 139.82166519099999, 36.970708376 ], [ 139.821771713, 36.970657885 ], [ 139.82221325, 36.971113948 ], [ 139.822678405, 36.970882311 ], [ 139.822882243, 36.970729274 ], [ 139.823389252999988, 36.970114999 ], [ 139.823835027, 36.969341742 ], [ 139.824009932, 36.96940114 ], [ 139.824194135, 36.969504938 ], [ 139.82434963899999, 36.969295861 ], [ 139.823979589, 36.969127394 ], [ 139.823850233, 36.969235361 ], [ 139.82341911099999, 36.96907598 ], [ 139.823126414, 36.969396743 ], [ 139.822940859999989, 36.969627358 ], [ 139.822760526, 36.969893617 ], [ 139.822619398, 36.970078109 ], [ 139.822432838, 36.970261961 ], [ 139.82241006000001, 36.970289211 ] ] ] } },
{ "type": "Feature", "properties": { "A29_001": "09213", "A29_002": "栃木県", "A29_003": "那須塩原市", "A29_004": 1, "A29_005": "第一種低層住居専用地域", "A29_006": 50, "A29_007": 80, "A29_008": null }, "geometry": { "type": "Polygon", "coordinates": [ [ [ 140.041238478, 36.96727724 ], [ 140.037884193999986, 36.967093331 ], [ 140.03528851199999, 36.966960432 ], [ 140.036209657, 36.968377491 ], [ 140.037032169000014, 36.96965113 ], [ 140.037482681, 36.97036119 ], [ 140.039264296999988, 36.970718571 ], [ 140.039688747000014, 36.97109599 ], [ 140.040377597, 36.970454734 ], [ 140.041340391, 36.969533927 ], [ 140.041395577, 36.968509543 ], [ 140.041052799999989, 36.968504085 ], [ 140.041238478, 36.96727724 ] ] ] } },
{ "type": "Feature", "properties": { "A29_001": "09213", "A29_002": "栃木県", "A29_003": "那須塩原市", "A29_004": 9, "A29_005": "商業地域", "A29_006": 80, "A29_007": 400, "A29_008": null }, "geometry": { "type": "Polygon", "coordinates": [ [ [ 140.056756877999987, 36.972118956 ], [ 140.058764295, 36.970994025 ], [ 140.059059388, 36.97133354 ], [ 140.059492866999989, 36.97102668 ], [ 140.060075455, 36.970637454 ], [ 140.060484097999989, 36.970343733 ], [ 140.061199767, 36.969928647 ], [ 140.061597992, 36.969647349 ], [ 140.062094645, 36.969256013 ], [ 140.061400162000012, 36.968789195 ], [ 140.06098203499999, 36.968872917 ], [ 140.060836982000012, 36.968404026 ], [ 140.06049670499999, 36.967543185 ], [ 140.05953716499999, 36.967926704 ], [ 140.05893973799999, 36.968165485 ], [ 140.058597424, 36.96827734 ], [ 140.058281104, 36.967895124 ], [ 140.05825249599999, 36.967915577 ], [ 140.05776347599999, 36.968154847 ], [ 140.056973621999987, 36.968581321 ], [ 140.055812747, 36.969270502 ], [ 140.054537183, 36.967620257 ], [ 140.053964775999987, 36.967894981 ], [ 140.053842741000011, 36.96795355 ], [ 140.05384748099999, 36.96796036 ], [ 140.05400495, 36.968186613 ], [ 140.053287649999987, 36.968495632 ], [ 140.053664809, 36.969061172 ], [ 140.054252031, 36.969926632 ], [ 140.054762302, 36.970760372 ], [ 140.05562276, 36.971971111 ], [ 140.05613303199999, 36.972703921 ], [ 140.05687633, 36.972293695 ], [ 140.056756877999987, 36.972118956 ] ] ] } },
{ "type": "Feature", "properties": { "A29_001": "09213", "A29_002": "栃木県", "A29_003": "那須塩原市", "A29_004": 10, "A29_005": "準工業地域", "A29_006": 60, "A29_007": 200, "A29_008": null }, "geometry": { "type": "Polygon", "coordinates": [ [ [ 140.06766393699999, 36.966321522 ], [ 140.06705047599999, 36.966039266 ], [ 140.06712035000001, 36.968181515 ], [ 140.067273271, 36.970692849 ], [ 140.06735974599999, 36.972594633 ], [ 140.067447111, 36.972964551 ], [ 140.06772851299999, 36.973139803 ], [ 140.067759443999989, 36.973100639 ], [ 140.067832278, 36.97302825 ], [ 140.06806125, 36.972827361 ], [ 140.068230742, 36.97270599 ], [ 140.068392402, 36.972600108 ], [ 140.06828381, 36.972343919 ], [ 140.068229462, 36.972065057 ], [ 140.06817690599999, 36.971666223 ], [ 140.06814328499999, 36.971338448 ], [ 140.068069044, 36.969240795 ], [ 140.067881602999989, 36.96642167 ], [ 140.06766393699999, 36.966321522 ] ] ] } },
{ "type": "Feature", "properties": { "A29_001": "09213", "A29_002": "栃木県", "A29_003": "那須塩原市", "A29_004": 2, "A29_005": "第二種低層住居専用地域", "A29_006": 50, "A29_007": 80, "A29_008": null }, "geometry": { "type": "Polygon", "coordinates": [ [ [ 140.033185753999987, 36.966796267 ], [ 140.030910565999989, 36.966699656 ], [ 140.02894035599999, 36.966611628 ], [ 140.028784559, 36.968523202 ], [ 140.028606972, 36.970198186 ], [ 140.028374144, 36.970297747 ], [ 140.028748511, 36.97093104 ], [ 140.030042503, 36.973151842 ], [ 140.031736615, 36.972454918 ], [ 140.033352371, 36.971547226 ], [ 140.034686222, 36.970799746 ], [ 140.03409125499999, 36.969784567 ], [ 140.03332438699999, 36.968535868 ], [ 140.03311096600001, 36.968535331 ], [ 140.033185753999987, 36.966796267 ] ] ] } },
{ "type": "Feature", "properties": { "A29_001": "09213", "A29_002": "栃木県", "A29_003": "那須塩原市", "A29_004": 3, "A29_005": "第一種中高層住居専用地域", "A29_006": 60, "A29_007": 200, "A29_008": null }, "geometry": { "type": "Polygon", "coordinates": [ [ [ 140.04500972299999, 36.967605251 ], [ 140.041238478, 36.96727724 ], [ 140.041052799999989, 36.968504085 ], [ 140.041395577, 36.968509543 ], [ 140.041340391, 36.969533927 ], [ 140.040377597, 36.970454734 ], [ 140.039688747000014, 36.97109599 ], [ 140.039264296999988, 36.970718571 ], [ 140.037482681, 36.97036119 ], [ 140.038454527999988, 36.971850939 ], [ 140.03949729499999, 36.973463908 ], [ 140.040687342000012, 36.972212578 ], [ 140.041612163999986, 36.97122509 ], [ 140.042519406999986, 36.970265932 ], [ 140.043501991, 36.969219694 ], [ 140.04439158400001, 36.968276736 ], [ 140.04500972299999, 36.967605251 ] ] ] } },
{ "type": "Feature", "properties": { "A29_001": "09213", "A29_002": "栃木県", "A29_003": "那須塩原市", "A29_004": 3, "A29_005": "第一種中高層住居専用地域", "A29_006": 60, "A29_007": 200, "A29_008": null }, "geometry": { "type": "Polygon", "coordinates": [ [ [ 140.065501129000012, 36.973489603 ], [ 140.065556640000011, 36.973511733 ], [ 140.06596548499999, 36.973684852 ], [ 140.066159787, 36.973759291 ], [ 140.066333949000011, 36.973761133 ], [ 140.066950788000014, 36.973364625 ], [ 140.066956734, 36.973091386 ], [ 140.06679566, 36.972340435 ], [ 140.066677109000011, 36.971059976 ], [ 140.066567306, 36.969796377 ], [ 140.066587819, 36.968660285 ], [ 140.066561986000011, 36.967629993 ], [ 140.06559470799999, 36.967792666 ], [ 140.064831451, 36.967919539 ], [ 140.065142787000013, 36.969193982 ], [ 140.065548304, 36.970769545 ], [ 140.06593537, 36.972186397 ], [ 140.06594343099999, 36.972235938 ], [ 140.065897002000014, 36.972716319 ], [ 140.065501129000012, 36.973489603 ] ] ] } },
{ "type": "Feature", "properties": { "A29_001": "09213", "A29_002": "栃木県", "A29_003": "那須塩原市", "A29_004": 5, "A29_005": "第一種住居地域", "A29_006": 60, "A29_007": 200, "A29_008": null }, "geometry": { "type": "Polygon", "coordinates": [ [ [ 140.045811167000011, 36.967690111 ], [ 140.045945569, 36.967552076 ], [ 140.045970211999986, 36.96758674 ], [ 140.046617674, 36.968497499 ], [ 140.046687843, 36.968594943 ], [ 140.046775591999989, 36.968651135 ], [ 140.04762132, 36.969159222 ], [ 140.048633765, 36.968005693 ], [ 140.048833199, 36.968120602 ], [ 140.049205789000013, 36.968866143 ], [ 140.049938399000013, 36.970358253 ], [ 140.05040992, 36.971321014 ], [ 140.050711764999988, 36.971106102 ], [ 140.051492327, 36.970839747 ], [ 140.053129023, 36.970297778 ], [ 140.054252031, 36.969926632 ], [ 140.053664809, 36.969061172 ], [ 140.053287649999987, 36.968495632 ], [ 140.05253851399999, 36.967408022 ], [ 140.052308229, 36.967075782 ], [ 140.051300993000012, 36.965616552 ], [ 140.05024809599999, 36.964149622 ], [ 140.04930348, 36.962792112 ], [ 140.04844642899999, 36.961570717 ], [ 140.04765727099999, 36.960422493 ], [ 140.0469417, 36.960916728 ], [ 140.046556122999988, 36.961217283 ], [ 140.047015261000013, 36.961594819 ], [ 140.047409993, 36.961314372 ], [ 140.049385410000014, 36.964108159 ], [ 140.048302347, 36.964425334 ], [ 140.04782689000001, 36.964732588 ], [ 140.047512676, 36.96502031 ], [ 140.047344294, 36.965188471 ], [ 140.047153266, 36.965498105 ], [ 140.046932711000011, 36.965740581 ], [ 140.04616631799999, 36.964816467 ], [ 140.044948933, 36.963441015 ], [ 140.045739282999989, 36.962383419 ], [ 140.045030739999987, 36.96191487 ], [ 140.04450257900001, 36.962624509 ], [ 140.043464706, 36.96206021 ], [ 140.04258127, 36.960958963 ], [ 140.04247146899999, 36.960846185 ], [ 140.042083797, 36.961262886 ], [ 140.041368823, 36.960471554 ], [ 140.041716315, 36.959989616 ], [ 140.042585084, 36.958838408 ], [ 140.043374707, 36.957785228 ], [ 140.044239089, 36.956811888 ], [ 140.04319884, 36.956302989 ], [ 140.043989052, 36.955311081 ], [ 140.043491264000011, 36.954615807 ], [ 140.04278516799999, 36.953503798 ], [ 140.04192550499999, 36.952909493 ], [ 140.040661246000013, 36.952040218 ], [ 140.038939770000013, 36.950867899 ], [ 140.038532264, 36.950578136 ], [ 140.038203385, 36.950376045 ], [ 140.038026454, 36.950307939 ], [ 140.03781724000001, 36.95028 ], [ 140.037615584, 36.950301744 ], [ 140.03731197799999, 36.950395512 ], [ 140.036814115, 36.950570478 ], [ 140.03683980400001, 36.950953106 ], [ 140.037766478, 36.950933098 ], [ 140.037794536, 36.951508942 ], [ 140.03906977599999, 36.953710321 ], [ 140.038662953, 36.953785524 ], [ 140.037795996, 36.954677841 ], [ 140.037632745, 36.955815665 ], [ 140.037694089000013, 36.956141146 ], [ 140.037724751000013, 36.956300846 ], [ 140.037603407, 36.957094799 ], [ 140.037499083, 36.957595476 ], [ 140.03707848799999, 36.957354497 ], [ 140.035141517999989, 36.956351849 ], [ 140.033783382, 36.955667342 ], [ 140.033013649, 36.955323107 ], [ 140.032298454999989, 36.955151542 ], [ 140.032063302000012, 36.956071083 ], [ 140.03382873000001, 36.956813735 ], [ 140.035353453999988, 36.957503461 ], [ 140.037379026999986, 36.958465794 ], [ 140.038852773, 36.959235052 ], [ 140.040170493, 36.959828101 ], [ 140.041078489, 36.960787094 ], [ 140.041029323, 36.960849653 ], [ 140.041027805, 36.960851585 ], [ 140.040824363000013, 36.961110442 ], [ 140.040701667, 36.961266556 ], [ 140.040632792999986, 36.961354426 ], [ 140.04045727799999, 36.961582639 ], [ 140.040378914, 36.96168396 ], [ 140.03966682399999, 36.961977211 ], [ 140.039344134, 36.96163886 ], [ 140.038446408999988, 36.962684046 ], [ 140.03654386, 36.963182236 ], [ 140.034433717000013, 36.963775786 ], [ 140.033465725000013, 36.964049985 ], [ 140.033945305, 36.964864641 ], [ 140.034702116, 36.966095485 ], [ 140.03528851199999, 36.966960432 ], [ 140.037884193999986, 36.967093331 ], [ 140.041238478, 36.96727724 ], [ 140.04500972299999, 36.967605251 ], [ 140.04439158400001, 36.968276736 ], [ 140.043501991, 36.969219694 ], [ 140.042519406999986, 36.970265932 ], [ 140.041612163999986, 36.97122509 ], [ 140.040687342000012, 36.972212578 ], [ 140.03949729499999, 36.973463908 ], [ 140.040143527999987, 36.974463824 ], [ 140.041784984, 36.972671724 ], [ 140.043070242, 36.971232122 ], [ 140.042698867000013, 36.97101845 ], [ 140.042848746, 36.970850455 ], [ 140.042847591, 36.970849949 ], [ 140.04286543399999, 36.970832068 ], [ 140.0428982, 36.970795965 ], [ 140.04289899, 36.970795094 ], [ 140.043001514, 36.970682128 ], [ 140.0430643, 36.970619238 ], [ 140.043219507, 36.970463772 ], [ 140.043361358, 36.970311766 ], [ 140.043619936999988, 36.970034672 ], [ 140.043679277, 36.969971083 ], [ 140.04388012699999, 36.96975585 ], [ 140.044169633, 36.969436325 ], [ 140.044418286, 36.969162963 ], [ 140.044479926, 36.969095197 ], [ 140.044543229999988, 36.969025601 ], [ 140.044663194, 36.96889551 ], [ 140.044960753999987, 36.968568591 ], [ 140.045125222, 36.968406812 ], [ 140.045139419, 36.968391979 ], [ 140.045811167000011, 36.967690111 ] ], [ [ 140.035086562, 36.965702125 ], [ 140.03585191900001, 36.965108583 ], [ 140.036538576, 36.96554422 ], [ 140.037101957, 36.964755918 ], [ 140.038093780999986, 36.96524644 ], [ 140.038477873, 36.964729341 ], [ 140.038887657, 36.963760552 ], [ 140.03917341799999, 36.963191799 ], [ 140.039922847000014, 36.963589061 ], [ 140.040336722, 36.962937415 ], [ 140.040972985, 36.963334391 ], [ 140.04142809699999, 36.963675196 ], [ 140.04180799299999, 36.964088754 ], [ 140.042348202, 36.964746165 ], [ 140.042350457999987, 36.964744343 ], [ 140.04281799, 36.964453806 ], [ 140.043102815, 36.964276805 ], [ 140.043344063, 36.964126884 ], [ 140.043594173, 36.963971455 ], [ 140.043663822000013, 36.963928172 ], [ 140.043695383999989, 36.963908557 ], [ 140.043725740000014, 36.963889693 ], [ 140.043735411, 36.963883683 ], [ 140.043761896, 36.963867224 ], [ 140.044137689, 36.964281482 ], [ 140.045584574, 36.965876173 ], [ 140.04618917799999, 36.966563642 ], [ 140.04589489, 36.966812973 ], [ 140.043702236, 36.966667596 ], [ 140.04115078, 36.966470356 ], [ 140.038374747, 36.966272104 ], [ 140.036071435, 36.966099879 ], [ 140.034975171000013, 36.966043916 ], [ 140.035086562, 36.965702125 ] ], [ [ 140.03812484299999, 36.957622484 ], [ 140.038413192, 36.956953354 ], [ 140.038603661, 36.956565762 ], [ 140.039249116, 36.955762807 ], [ 140.039588106999986, 36.955325404 ], [ 140.03992965899999, 36.954897091 ], [ 140.040020019999986, 36.95476751 ], [ 140.04011273899999, 36.954577249 ], [ 140.040033754, 36.954256858 ], [ 140.040348177999988, 36.954050036 ], [ 140.040487815, 36.954436046 ], [ 140.040637311000012, 36.954736096 ], [ 140.04098157199999, 36.955195399 ], [ 140.041555636999988, 36.955716946 ], [ 140.04132157699999, 36.956217781 ], [ 140.04111764699999, 36.957158961 ], [ 140.040893895000011, 36.958272625 ], [ 140.04062649, 36.959561969 ], [ 140.040019031000014, 36.959249837 ], [ 140.039016678, 36.958792004 ], [ 140.037886858, 36.95825268 ], [ 140.03812484299999, 36.957622484 ] ] ] } },
{ "type": "Feature", "properties": { "A29_001": "09213", "A29_002": "栃木県", "A29_003": "那須塩原市", "A29_004": 5, "A29_005": "第一種住居地域", "A29_006": 60, "A29_007": 200, "A29_008": null }, "geometry": { "type": "Polygon", "coordinates": [ [ [ 140.065775058000014, 36.974662237 ], [ 140.06610346, 36.974998958 ], [ 140.066751098, 36.974654645 ], [ 140.066934938, 36.974506245 ], [ 140.067052550999989, 36.97418305 ], [ 140.067225216, 36.973760585 ], [ 140.06734319200001, 36.973491417 ], [ 140.06752747199999, 36.973286418 ], [ 140.06758108299999, 36.973240737 ], [ 140.06772851299999, 36.973139803 ], [ 140.067447111, 36.972964551 ], [ 140.06735974599999, 36.972594633 ], [ 140.067273271, 36.970692849 ], [ 140.06712035000001, 36.968181515 ], [ 140.06705047599999, 36.966039266 ], [ 140.066027577999989, 36.96613936 ], [ 140.064075081999988, 36.966364617 ], [ 140.064435006999986, 36.967249419 ], [ 140.063093216, 36.967752545 ], [ 140.063146606, 36.967904105 ], [ 140.062660572, 36.968030427 ], [ 140.062830733999988, 36.968465898 ], [ 140.061400162000012, 36.968789195 ], [ 140.062094645, 36.969256013 ], [ 140.061597992, 36.969647349 ], [ 140.061315244000014, 36.969847077 ], [ 140.061375887999986, 36.969910884 ], [ 140.061652528, 36.970223167 ], [ 140.061741861, 36.970319861 ], [ 140.061939306, 36.970533556 ], [ 140.062095333, 36.970703056 ], [ 140.062328556000011, 36.970956417 ], [ 140.062624043999989, 36.971278101 ], [ 140.062810278, 36.971479667 ], [ 140.063052701, 36.971741998 ], [ 140.063446911999989, 36.972170086 ], [ 140.063555, 36.972288667 ], [ 140.06401283299999, 36.972785972 ], [ 140.064298444, 36.97309625 ], [ 140.064952444, 36.973806667 ], [ 140.06512261899999, 36.973983823 ], [ 140.065775058000014, 36.974662237 ] ], [ [ 140.065501129000012, 36.973489603 ], [ 140.065897002000014, 36.972716319 ], [ 140.06594343099999, 36.972235938 ], [ 140.06593537, 36.972186397 ], [ 140.065548304, 36.970769545 ], [ 140.065142787000013, 36.969193982 ], [ 140.064831451, 36.967919539 ], [ 140.06559470799999, 36.967792666 ], [ 140.066561986000011, 36.967629993 ], [ 140.066587819, 36.968660285 ], [ 140.066567306, 36.969796377 ], [ 140.066677109000011, 36.971059976 ], [ 140.06679566, 36.972340435 ], [ 140.066956734, 36.973091386 ], [ 140.066950788000014, 36.973364625 ], [ 140.066333949000011, 36.973761133 ], [ 140.066159787, 36.973759291 ], [ 140.06596548499999, 36.973684852 ], [ 140.065556640000011, 36.973511733 ], [ 140.065501129000012, 36.973489603 ] ] ] } },
{ "type": "Feature", "properties": { "A29_001": "09213", "A29_002": "栃木県", "A29_003": "那須塩原市", "A29_004": 8, "A29_005": "近隣商業地域", "A29_006": 80, "A29_007": 200, "A29_008": null }, "geometry": { "type": "Polygon", "coordinates": [ [ [ 140.046836496999987, 36.974656683 ], [ 140.04812819899999, 36.974188214 ], [ 140.049913987999986, 36.972859361 ], [ 140.051299766999989, 36.971808271 ], [ 140.05310530599999, 36.971255881 ], [ 140.054762302, 36.970760372 ], [ 140.054252031, 36.969926632 ], [ 140.053129023, 36.970297778 ], [ 140.051492327, 36.970839747 ], [ 140.050711764999988, 36.971106102 ], [ 140.05040992, 36.971321014 ], [ 140.049938399000013, 36.970358253 ], [ 140.049205789000013, 36.968866143 ], [ 140.048833199, 36.968120602 ], [ 140.048633765, 36.968005693 ], [ 140.04762132, 36.969159222 ], [ 140.046775591999989, 36.968651135 ], [ 140.046687843, 36.968594943 ], [ 140.046617674, 36.968497499 ], [ 140.045970211999986, 36.96758674 ], [ 140.045945569, 36.967552076 ], [ 140.045811167000011, 36.967690111 ], [ 140.045139419, 36.968391979 ], [ 140.045125222, 36.968406812 ], [ 140.044960753999987, 36.968568591 ], [ 140.044663194, 36.96889551 ], [ 140.044543229999988, 36.969025601 ], [ 140.044479926, 36.969095197 ], [ 140.044418286, 36.969162963 ], [ 140.044169633, 36.969436325 ], [ 140.04388012699999, 36.96975585 ], [ 140.043679277, 36.969971083 ], [ 140.043619936999988, 36.970034672 ], [ 140.043361358, 36.970311766 ], [ 140.043219507, 36.970463772 ], [ 140.0430643, 36.970619238 ], [ 140.043001514, 36.970682128 ], [ 140.04289899, 36.970795094 ], [ 140.0428982, 36.970795965 ], [ 140.04286543399999, 36.970832068 ], [ 140.042847591, 36.970849949 ], [ 140.042848746, 36.970850455 ], [ 140.042698867000013, 36.97101845 ], [ 140.043070242, 36.971232122 ], [ 140.04488795099999, 36.972315866 ], [ 140.045839711000013, 36.972877353 ], [ 140.04607472699999, 36.973095342 ], [ 140.04708720799999, 36.973727508 ], [ 140.04635209599999, 36.974038233 ], [ 140.04629414499999, 36.974048454 ], [ 140.046162861999989, 36.973971844 ], [ 140.046119981, 36.973959794 ], [ 140.045976639, 36.974079355 ], [ 140.04551617199999, 36.974360269 ], [ 140.045143265, 36.974405421 ], [ 140.0449159, 36.974219782 ], [ 140.044702167, 36.974402163 ], [ 140.045207207, 36.974738992 ], [ 140.044973054, 36.974834453 ], [ 140.045399363, 36.975408522 ], [ 140.046101615, 36.975057408 ], [ 140.046836496999987, 36.974656683 ] ] ] } },
{ "type": "Feature", "properties": { "A29_001": "09213", "A29_002": "栃木県", "A29_003": "那須塩原市", "A29_004": 8, "A29_005": "近隣商業地域", "A29_006": 80, "A29_007": 200, "A29_008": null }, "geometry": { "type": "Polygon", "coordinates": [ [ [ 140.05613303199999, 36.972703921 ], [ 140.05710584, 36.974057331 ], [ 140.058232242, 36.97568212 ], [ 140.059535081, 36.974732201 ], [ 140.06104156399999, 36.973622121 ], [ 140.061748265, 36.973106096 ], [ 140.061384237999988, 36.972741777 ], [ 140.06216583599999, 36.972352407 ], [ 140.061040491, 36.970994411 ], [ 140.060484097999989, 36.970343733 ], [ 140.060075455, 36.970637454 ], [ 140.059492866999989, 36.97102668 ], [ 140.059059388, 36.97133354 ], [ 140.058764295, 36.970994025 ], [ 140.056756877999987, 36.972118956 ], [ 140.05687633, 36.972293695 ], [ 140.05613303199999, 36.972703921 ] ] ] } },
{ "type": "Feature", "properties": { "A29_001": "09213", "A29_002": "栃木県", "A29_003": "那須塩原市", "A29_004": 3, "A29_005": "第一種中高層住居専用地域", "A29_006": 60, "A29_007": 200, "A29_008": null }, "geometry": { "type": "Polygon", "coordinates": [ [ [ 140.045976639, 36.974079355 ], [ 140.046119981, 36.973959794 ], [ 140.046162861999989, 36.973971844 ], [ 140.04629414499999, 36.974048454 ], [ 140.04635209599999, 36.974038233 ], [ 140.04708720799999, 36.973727508 ], [ 140.04607472699999, 36.973095342 ], [ 140.045839711000013, 36.972877353 ], [ 140.04488795099999, 36.972315866 ], [ 140.043070242, 36.971232122 ], [ 140.041784984, 36.972671724 ], [ 140.040143527999987, 36.974463824 ], [ 140.041259395999987, 36.976047342 ], [ 140.042480339, 36.975323728 ], [ 140.043649174, 36.974693293 ], [ 140.04366217899999, 36.974546229 ], [ 140.04509923, 36.973523288 ], [ 140.045976639, 36.974079355 ] ] ] } },
{ "type": "Feature", "properties": { "A29_001": "09213", "A29_002": "栃木県", "A29_003": "那須塩原市", "A29_004": 10, "A29_005": "準工業地域", "A29_006": 60, "A29_007": 200, "A29_008": null }, "geometry": { "type": "Polygon", "coordinates": [ [ [ 140.064555616, 36.975813517 ], [ 140.06476626700001, 36.975698657 ], [ 140.06610346, 36.974998958 ], [ 140.065775058000014, 36.974662237 ], [ 140.06512261899999, 36.973983823 ], [ 140.064952444, 36.973806667 ], [ 140.064298444, 36.97309625 ], [ 140.06401283299999, 36.972785972 ], [ 140.063555, 36.972288667 ], [ 140.063446911999989, 36.972170086 ], [ 140.063052701, 36.971741998 ], [ 140.062810278, 36.971479667 ], [ 140.062624043999989, 36.971278101 ], [ 140.062328556000011, 36.970956417 ], [ 140.062095333, 36.970703056 ], [ 140.061939306, 36.970533556 ], [ 140.061741861, 36.970319861 ], [ 140.061652528, 36.970223167 ], [ 140.061375887999986, 36.969910884 ], [ 140.061315244000014, 36.969847077 ], [ 140.061199767, 36.969928647 ], [ 140.060484097999989, 36.970343733 ], [ 140.061040491, 36.970994411 ], [ 140.06216583599999, 36.972352407 ], [ 140.061384237999988, 36.972741777 ], [ 140.061748265, 36.973106096 ], [ 140.063083205, 36.974481695 ], [ 140.064017369999988, 36.975445666 ], [ 140.06403991799999, 36.975559458 ], [ 140.063309341, 36.976155694 ], [ 140.063829137999988, 36.976942368 ], [ 140.063842025000014, 36.977321892 ], [ 140.064257602999987, 36.977140977 ], [ 140.064693078, 36.976948015 ], [ 140.06525046199999, 36.976652953 ], [ 140.064555616, 36.975813517 ] ] ] } },
{ "type": "Feature", "properties": { "A29_001": "09213", "A29_002": "栃木県", "A29_003": "那須塩原市", "A29_004": 9, "A29_005": "商業地域", "A29_006": 80, "A29_007": 400, "A29_008": null }, "geometry": { "type": "Polygon", "coordinates": [ [ [ 139.81461708099999, 36.971878432 ], [ 139.814629932, 36.972096324 ], [ 139.814552822, 36.972195903 ], [ 139.814450891, 36.972279753 ], [ 139.81408892499999, 36.972486215 ], [ 139.813635468, 36.972814266 ], [ 139.813598638, 36.972834247 ], [ 139.81354661, 36.972862474 ], [ 139.813708942, 36.973237946 ], [ 139.8137787, 36.973448395 ], [ 139.813804815999987, 36.973509202 ], [ 139.81359476, 36.973606792 ], [ 139.813526827, 36.973575331 ], [ 139.81334124899999, 36.973747225 ], [ 139.813050473, 36.974196734 ], [ 139.81290728799999, 36.974418079 ], [ 139.813001353, 36.974451641 ], [ 139.81248898199999, 36.975151833 ], [ 139.81209171899999, 36.975361427 ], [ 139.811480154, 36.975629687 ], [ 139.810387693, 36.97609913 ], [ 139.809849315, 36.976273047 ], [ 139.80896339200001, 36.976396571 ], [ 139.808657621, 36.976467619 ], [ 139.808685383000011, 36.976849173 ], [ 139.808706398999988, 36.97713802 ], [ 139.808709655, 36.977182761 ], [ 139.809067679, 36.977157675 ], [ 139.809065003, 36.977354759 ], [ 139.80720857599999, 36.977958674 ], [ 139.807164948, 36.977972867 ], [ 139.807245894, 36.978166999 ], [ 139.808370593, 36.978155403 ], [ 139.809257838, 36.978055996 ], [ 139.809864498, 36.977889565 ], [ 139.81074786, 36.977646525 ], [ 139.812033719999988, 36.9771855 ], [ 139.813782201, 36.976364964 ], [ 139.814695933, 36.975921484 ], [ 139.814893805999986, 36.975821556 ], [ 139.815136139, 36.975702611 ], [ 139.8152785, 36.975634639 ], [ 139.815906344000012, 36.975312777 ], [ 139.816116001000012, 36.97520795 ], [ 139.81665772299999, 36.974922385 ], [ 139.816976578, 36.974704378 ], [ 139.81738689, 36.974498962 ], [ 139.817564605, 36.974400443 ], [ 139.817865146, 36.974268394 ], [ 139.818121262, 36.974134241 ], [ 139.818278072, 36.974031526 ], [ 139.818550944, 36.973866778 ], [ 139.8187115, 36.973776944 ], [ 139.818913141, 36.973642676 ], [ 139.819161423999986, 36.973452959 ], [ 139.819333922, 36.9732842 ], [ 139.81945546099999, 36.973125917 ], [ 139.819648906, 36.972711851 ], [ 139.819727333, 36.972521065 ], [ 139.819787485, 36.972234879 ], [ 139.819818997999988, 36.97135429 ], [ 139.819827053000012, 36.970136138 ], [ 139.819863679, 36.969886641 ], [ 139.820044001000014, 36.969744089 ], [ 139.820615013, 36.969324821 ], [ 139.821634119, 36.969060748 ], [ 139.82191081, 36.968962339 ], [ 139.822054828, 36.968936038 ], [ 139.822178267999988, 36.968867213 ], [ 139.822205168000011, 36.968852215 ], [ 139.82242328699999, 36.968730601 ], [ 139.822580084, 36.968599574 ], [ 139.822836185999989, 36.968373159 ], [ 139.823118429, 36.968046106 ], [ 139.82328309499999, 36.967659288 ], [ 139.82338242599999, 36.967355282 ], [ 139.823398383000011, 36.966287033 ], [ 139.823502789, 36.966044885 ], [ 139.823685711, 36.965887651 ], [ 139.82346540399999, 36.965766614 ], [ 139.82324678, 36.9656465 ], [ 139.822765965, 36.965992406 ], [ 139.82266995399999, 36.966076274 ], [ 139.822650966999987, 36.966214641 ], [ 139.82252551, 36.966491387 ], [ 139.822423576, 36.966707333 ], [ 139.822243257, 36.966904401 ], [ 139.822034193, 36.967116143 ], [ 139.821749356999987, 36.967300621 ], [ 139.821482823999986, 36.967397041 ], [ 139.82117970199999, 36.967543776 ], [ 139.820991544, 36.967707295 ], [ 139.82081603099999, 36.967595828 ], [ 139.820534267, 36.967789016 ], [ 139.820732832, 36.96790016 ], [ 139.820651824, 36.967944181 ], [ 139.820467933, 36.967972859 ], [ 139.82006553799999, 36.967979105 ], [ 139.819896676000013, 36.967983934 ], [ 139.819686881, 36.968009231 ], [ 139.819515195, 36.967931474 ], [ 139.81862404899999, 36.968621165 ], [ 139.818569165000014, 36.968679864 ], [ 139.818263421000012, 36.968818205 ], [ 139.817688456000013, 36.969359066 ], [ 139.817340855, 36.969709161 ], [ 139.817014193, 36.969876848 ], [ 139.816285083999986, 36.970233176 ], [ 139.81605249, 36.970390391 ], [ 139.815765011, 36.970589531 ], [ 139.815660455, 36.970740474 ], [ 139.814931394000013, 36.970836809 ], [ 139.814920152000013, 36.970839422 ], [ 139.81488690399999, 36.97111985 ], [ 139.81469457899999, 36.971231003 ], [ 139.81453147799999, 36.971325266 ], [ 139.814710007, 36.971523255 ], [ 139.814928557, 36.971765624 ], [ 139.81461708099999, 36.971878432 ] ] ] } },
{ "type": "Feature", "properties": { "A29_001": "09213", "A29_002": "栃木県", "A29_003": "那須塩原市", "A29_004": 5, "A29_005": "第一種住居地域", "A29_006": 60, "A29_007": 200, "A29_008": null }, "geometry": { "type": "Polygon", "coordinates": [ [ [ 140.03845160099999, 36.974514287 ], [ 140.037265265, 36.975771147 ], [ 140.03581746399999, 36.977288329 ], [ 140.035023161999987, 36.978127916 ], [ 140.036775732, 36.977456554 ], [ 140.038553412, 36.976760862 ], [ 140.03958074, 36.976360686 ], [ 140.03845160099999, 36.974514287 ] ] ] } },
{ "type": "Feature", "properties": { "A29_001": "09213", "A29_002": "栃木県", "A29_003": "那須塩原市", "A29_004": 5, "A29_005": "第一種住居地域", "A29_006": 60, "A29_007": 200, "A29_008": null }, "geometry": { "type": "Polygon", "coordinates": [ [ [ 139.80720857599999, 36.977958674 ], [ 139.809065003, 36.977354759 ], [ 139.809067679, 36.977157675 ], [ 139.808709655, 36.977182761 ], [ 139.808706398999988, 36.97713802 ], [ 139.808685383000011, 36.976849173 ], [ 139.808657621, 36.976467619 ], [ 139.807823979, 36.976526323 ], [ 139.806851808, 36.976662393 ], [ 139.80615401099999, 36.97683416 ], [ 139.80583513900001, 36.976989238 ], [ 139.805336853, 36.976847139 ], [ 139.805009423, 36.976796153 ], [ 139.80448679, 36.976751997 ], [ 139.80380755499999, 36.976708703 ], [ 139.803807361, 36.976714091 ], [ 139.803829877999988, 36.977761694 ], [ 139.803116905, 36.97813125 ], [ 139.803147623, 36.978232435 ], [ 139.803186947, 36.978361966 ], [ 139.802331056000014, 36.97869177 ], [ 139.802601435000014, 36.978938196 ], [ 139.803342488999988, 36.978483413 ], [ 139.804075958999988, 36.978192293 ], [ 139.804779007, 36.97800167 ], [ 139.80548306099999, 36.977886159 ], [ 139.805776003, 36.977854958 ], [ 139.806082763, 36.977852003 ], [ 139.80620722399999, 36.977860101 ], [ 139.806325391, 36.977888371 ], [ 139.806469815000014, 36.977970615 ], [ 139.806685799, 36.978064616 ], [ 139.806997642, 36.978134271 ], [ 139.807245894, 36.978166999 ], [ 139.807164948, 36.977972867 ], [ 139.80720857599999, 36.977958674 ] ] ] } },
{ "type": "Feature", "properties": { "A29_001": "09213", "A29_002": "栃木県", "A29_003": "那須塩原市", "A29_004": 5, "A29_005": "第一種住居地域", "A29_006": 60, "A29_007": 200, "A29_008": null }, "geometry": { "type": "Polygon", "coordinates": [ [ [ 140.051379531, 36.97705638 ], [ 140.05161952099999, 36.977106878 ], [ 140.051803912, 36.977154226 ], [ 140.05205970899999, 36.977230055 ], [ 140.05220253600001, 36.977291785 ], [ 140.052321615000011, 36.977363096 ], [ 140.052506048, 36.977424749 ], [ 140.052708216000013, 36.977452988 ], [ 140.05299954099999, 36.977481062 ], [ 140.053302683999988, 36.97748527 ], [ 140.053593941, 36.977489498 ], [ 140.054010084, 36.977517338 ], [ 140.054455932, 36.977540352 ], [ 140.05471154, 36.977549413 ], [ 140.05505036, 36.977558318 ], [ 140.055306026000011, 36.977591519 ], [ 140.055650802, 36.977658426 ], [ 140.055861798, 36.977760948 ], [ 140.056154909000014, 36.977936596 ], [ 140.056472464, 36.978118364 ], [ 140.056641022, 36.978224354 ], [ 140.057305093, 36.978614412 ], [ 140.057532207, 36.978698921 ], [ 140.05784754199999, 36.97878932 ], [ 140.058183007999986, 36.978863509 ], [ 140.058450341999986, 36.978910528 ], [ 140.058901549000012, 36.978915726 ], [ 140.059582010000014, 36.978876012 ], [ 140.05987174399999, 36.978826921 ], [ 140.060269479999988, 36.978653259 ], [ 140.06098430099999, 36.978304054 ], [ 140.061696571999988, 36.97794171 ], [ 140.06219998, 36.977705147 ], [ 140.06249204400001, 36.977595375 ], [ 140.06284627, 36.977536769 ], [ 140.06320259200001, 36.977509062 ], [ 140.063842025000014, 36.977321892 ], [ 140.063829137999988, 36.976942368 ], [ 140.063309341, 36.976155694 ], [ 140.06403991799999, 36.975559458 ], [ 140.064017369999988, 36.975445666 ], [ 140.063083205, 36.974481695 ], [ 140.061748265, 36.973106096 ], [ 140.06104156399999, 36.973622121 ], [ 140.059535081, 36.974732201 ], [ 140.058232242, 36.97568212 ], [ 140.05710584, 36.974057331 ], [ 140.05613303199999, 36.972703921 ], [ 140.05562276, 36.971971111 ], [ 140.054762302, 36.970760372 ], [ 140.05310530599999, 36.971255881 ], [ 140.051299766999989, 36.971808271 ], [ 140.049913987999986, 36.972859361 ], [ 140.04812819899999, 36.974188214 ], [ 140.046836496999987, 36.974656683 ], [ 140.046101615, 36.975057408 ], [ 140.046842822, 36.976021716 ], [ 140.04667673899999, 36.976117057 ], [ 140.047207801000013, 36.976735936 ], [ 140.04678747299999, 36.976959139 ], [ 140.047169372000013, 36.977417508 ], [ 140.047567098, 36.977226696 ], [ 140.04805202899999, 36.977800395 ], [ 140.048713490000011, 36.97727846 ], [ 140.04931788, 36.977081186 ], [ 140.049940181000011, 36.976984002 ], [ 140.05042405899999, 36.97695682 ], [ 140.051006398, 36.976988107 ], [ 140.051379531, 36.97705638 ] ] ] } },
{ "type": "Feature", "properties": { "A29_001": "09213", "A29_002": "栃木県", "A29_003": "那須塩原市", "A29_004": 1, "A29_005": "第一種低層住居専用地域", "A29_006": 50, "A29_007": 80, "A29_008": null }, "geometry": { "type": "Polygon", "coordinates": [ [ [ 140.035023161999987, 36.978127916 ], [ 140.03581746399999, 36.977288329 ], [ 140.037265265, 36.975771147 ], [ 140.03845160099999, 36.974514287 ], [ 140.037606229, 36.973202267 ], [ 140.036760966, 36.971918568 ], [ 140.035705658000012, 36.970297499 ], [ 140.034845174999987, 36.96895516 ], [ 140.033779856, 36.967334091 ], [ 140.033430627, 36.966789681 ], [ 140.033185753999987, 36.966796267 ], [ 140.03311096600001, 36.968535331 ], [ 140.03332438699999, 36.968535868 ], [ 140.03409125499999, 36.969784567 ], [ 140.034686222, 36.970799746 ], [ 140.033352371, 36.971547226 ], [ 140.031736615, 36.972454918 ], [ 140.030042503, 36.973151842 ], [ 140.028748511, 36.97093104 ], [ 140.028374144, 36.970297747 ], [ 140.027066179, 36.970698978 ], [ 140.027059009, 36.970850659 ], [ 140.026593074, 36.970885103 ], [ 140.026580595000013, 36.971536867 ], [ 140.025911541999989, 36.971579538 ], [ 140.025509437000011, 36.972040261 ], [ 140.02462401, 36.973745461 ], [ 140.02385846300001, 36.97503388 ], [ 140.023035134, 36.976401258 ], [ 140.02268619, 36.976969062 ], [ 140.022118619, 36.976794035 ], [ 140.02125483899999, 36.978135164 ], [ 140.020509583, 36.977960598 ], [ 140.01989245199999, 36.977624671 ], [ 140.019219394, 36.978640918 ], [ 140.019419268, 36.978687367 ], [ 140.020970852, 36.978824138 ], [ 140.023360692000011, 36.979014443 ], [ 140.025428014, 36.979161617 ], [ 140.025697027, 36.978149156 ], [ 140.025894222, 36.977908102 ], [ 140.025941732, 36.977470938 ], [ 140.026997685, 36.977432908 ], [ 140.02697980799999, 36.976331477 ], [ 140.029205198999989, 36.976073644 ], [ 140.029694819000014, 36.977259203 ], [ 140.030359378000014, 36.978869854 ], [ 140.030719608, 36.979757045 ], [ 140.033116939, 36.978854118 ], [ 140.035023161999987, 36.978127916 ] ] ] } },
{ "type": "Feature", "properties": { "A29_001": "09213", "A29_002": "栃木県", "A29_003": "那須塩原市", "A29_004": 11, "A29_005": "工業地域", "A29_006": 60, "A29_007": 200, "A29_008": null }, "geometry": { "type": "Polygon", "coordinates": [ [ [ 140.046742362, 36.979200701 ], [ 140.04688124099999, 36.978973758 ], [ 140.047114311, 36.978580733 ], [ 140.047222096000013, 36.978466211 ], [ 140.04776014399999, 36.977978887 ], [ 140.04805202899999, 36.977800395 ], [ 140.047567098, 36.977226696 ], [ 140.047169372000013, 36.977417508 ], [ 140.04678747299999, 36.976959139 ], [ 140.047207801000013, 36.976735936 ], [ 140.04667673899999, 36.976117057 ], [ 140.046842822, 36.976021716 ], [ 140.046101615, 36.975057408 ], [ 140.045399363, 36.975408522 ], [ 140.044973054, 36.974834453 ], [ 140.043668811, 36.975337291 ], [ 140.042437580000012, 36.975817739 ], [ 140.04336536, 36.976808027 ], [ 140.043274779, 36.976868858 ], [ 140.04385915200001, 36.977639317 ], [ 140.043510424, 36.977849141 ], [ 140.044474967000014, 36.978828336 ], [ 140.045816222000013, 36.980133834 ], [ 140.04591478099999, 36.980074954 ], [ 140.04617398, 36.979929973 ], [ 140.04632039099999, 36.97986081 ], [ 140.046472042, 36.979789171 ], [ 140.046742362, 36.979200701 ] ] ] } },
{ "type": "Feature", "properties": { "A29_001": "09213", "A29_002": "栃木県", "A29_003": "那須塩原市", "A29_004": 5, "A29_005": "第一種住居地域", "A29_006": 60, "A29_007": 200, "A29_008": null }, "geometry": { "type": "Polygon", "coordinates": [ [ [ 139.80609257, 36.98058295 ], [ 139.806584313, 36.979358621 ], [ 139.806840679, 36.978612272 ], [ 139.806764921, 36.978532582 ], [ 139.806645494, 36.978483785 ], [ 139.806472272, 36.978413008 ], [ 139.806184828, 36.97836105 ], [ 139.805890242, 36.978318971 ], [ 139.805508042000014, 36.97833502 ], [ 139.80517738399999, 36.978362176 ], [ 139.80471612299999, 36.978440378 ], [ 139.803884689, 36.978640798 ], [ 139.803806258, 36.978724644 ], [ 139.803566329, 36.979067953 ], [ 139.80352812000001, 36.979100529 ], [ 139.803448390999989, 36.979158167 ], [ 139.802886408, 36.9794547 ], [ 139.803231227, 36.979813314 ], [ 139.803504438, 36.979514611 ], [ 139.803543633, 36.979529297 ], [ 139.80354030399999, 36.979690643 ], [ 139.80353516, 36.979939928 ], [ 139.803674027, 36.980104501 ], [ 139.803677994999987, 36.980108006 ], [ 139.803794262, 36.980180369 ], [ 139.803901389, 36.980234908 ], [ 139.80401636900001, 36.980253806 ], [ 139.804321888, 36.980256118 ], [ 139.804732429000012, 36.980259223 ], [ 139.804768349999989, 36.980257799 ], [ 139.80482623, 36.980255506 ], [ 139.80494280799999, 36.980250887 ], [ 139.804987829, 36.980278468 ], [ 139.804989704, 36.980287904 ], [ 139.80497283299999, 36.98032847 ], [ 139.804912703000014, 36.980389258 ], [ 139.804869564, 36.980437471 ], [ 139.804866296, 36.980442542 ], [ 139.804866215, 36.980659714 ], [ 139.804906681, 36.980771895 ], [ 139.804922331, 36.980852619 ], [ 139.804914454, 36.980952208 ], [ 139.804913795, 36.98099324 ], [ 139.804913137999989, 36.981034195 ], [ 139.80491414799999, 36.981044446 ], [ 139.80489609599999, 36.981123604 ], [ 139.80489517, 36.981239515 ], [ 139.804930006, 36.981296586 ], [ 139.805020135, 36.981385715 ], [ 139.805122028999989, 36.981464363 ], [ 139.805386586, 36.981601756 ], [ 139.805576035, 36.9816647 ], [ 139.805857097, 36.981331399 ], [ 139.806076749, 36.980977116 ], [ 139.806105527, 36.98089116 ], [ 139.806105589999987, 36.980715042 ], [ 139.80609257, 36.98058295 ] ] ] } },
{ "type": "Feature", "properties": { "A29_001": "09213", "A29_002": "栃木県", "A29_003": "那須塩原市", "A29_004": 3, "A29_005": "第一種中高層住居専用地域", "A29_006": 60, "A29_007": 200, "A29_008": null }, "geometry": { "type": "Polygon", "coordinates": [ [ [ 140.036282107, 36.981405897 ], [ 140.037022854000014, 36.981801153 ], [ 140.037218403, 36.981905495 ], [ 140.037273887, 36.981812753 ], [ 140.037407917, 36.981633168 ], [ 140.037472501, 36.981565751 ], [ 140.037711393, 36.98131636 ], [ 140.037923648, 36.98109479 ], [ 140.03799125899999, 36.981036691 ], [ 140.038118872000013, 36.98093044 ], [ 140.03823599, 36.980864849 ], [ 140.038304180000011, 36.980826661 ], [ 140.03860837900001, 36.980645548 ], [ 140.038925968, 36.980438963 ], [ 140.038980329999987, 36.980403601 ], [ 140.039192582999988, 36.980270266 ], [ 140.039267556, 36.980210717 ], [ 140.039266758999986, 36.980209406 ], [ 140.039535144000013, 36.979989208 ], [ 140.03977781399999, 36.979747373 ], [ 140.039923455, 36.979603094 ], [ 140.04049360499999, 36.979038324 ], [ 140.040460612, 36.979007776 ], [ 140.03995949599999, 36.978543786 ], [ 140.038974193, 36.977637793 ], [ 140.036687784, 36.978502227 ], [ 140.034864653, 36.9791919 ], [ 140.03400235, 36.980063957 ], [ 140.033357934, 36.980742184 ], [ 140.03505417400001, 36.981275534 ], [ 140.035073974, 36.981140004 ], [ 140.036224487, 36.981537438 ], [ 140.036282107, 36.981405897 ] ] ] } },
{ "type": "Feature", "properties": { "A29_001": "09213", "A29_002": "栃木県", "A29_003": "那須塩原市", "A29_004": 5, "A29_005": "第一種住居地域", "A29_006": 60, "A29_007": 200, "A29_008": null }, "geometry": { "type": "Polygon", "coordinates": [ [ [ 140.038974193, 36.977637793 ], [ 140.03995949599999, 36.978543786 ], [ 140.040460612, 36.979007776 ], [ 140.04049360499999, 36.979038324 ], [ 140.039923455, 36.979603094 ], [ 140.03977781399999, 36.979747373 ], [ 140.039535144000013, 36.979989208 ], [ 140.039266758999986, 36.980209406 ], [ 140.039267556, 36.980210717 ], [ 140.039192582999988, 36.980270266 ], [ 140.038980329999987, 36.980403601 ], [ 140.038925968, 36.980438963 ], [ 140.03860837900001, 36.980645548 ], [ 140.038304180000011, 36.980826661 ], [ 140.03823599, 36.980864849 ], [ 140.038118872000013, 36.98093044 ], [ 140.03799125899999, 36.981036691 ], [ 140.038240597, 36.981176107 ], [ 140.03843382299999, 36.981268551 ], [ 140.040211633000013, 36.982093387 ], [ 140.040806779, 36.981377833 ], [ 140.04127884499999, 36.980708638 ], [ 140.041511708, 36.980134916 ], [ 140.041530867, 36.979764805 ], [ 140.041502294999987, 36.979455444 ], [ 140.041398112, 36.979151274 ], [ 140.04126875899999, 36.978854234 ], [ 140.040790437999988, 36.978150304 ], [ 140.040147603, 36.977191855 ], [ 140.038974193, 36.977637793 ] ] ] } },
{ "type": "Feature", "properties": { "A29_001": "09213", "A29_002": "栃木県", "A29_003": "那須塩原市", "A29_004": 5, "A29_005": "第一種住居地域", "A29_006": 60, "A29_007": 200, "A29_008": null }, "geometry": { "type": "Polygon", "coordinates": [ [ [ 140.04542853, 36.980495206 ], [ 140.045764920000011, 36.980164482 ], [ 140.045816222000013, 36.980133834 ], [ 140.044474967000014, 36.978828336 ], [ 140.043510424, 36.977849141 ], [ 140.04385915200001, 36.977639317 ], [ 140.043274779, 36.976868858 ], [ 140.04336536, 36.976808027 ], [ 140.042437580000012, 36.975817739 ], [ 140.043668811, 36.975337291 ], [ 140.044973054, 36.974834453 ], [ 140.045207207, 36.974738992 ], [ 140.044702167, 36.974402163 ], [ 140.0449159, 36.974219782 ], [ 140.045143265, 36.974405421 ], [ 140.04551617199999, 36.974360269 ], [ 140.045976639, 36.974079355 ], [ 140.04509923, 36.973523288 ], [ 140.04366217899999, 36.974546229 ], [ 140.043649174, 36.974693293 ], [ 140.042480339, 36.975323728 ], [ 140.041259395999987, 36.976047342 ], [ 140.042020466999986, 36.977212835 ], [ 140.042848327, 36.978534964 ], [ 140.043065266000013, 36.97916203 ], [ 140.043107875, 36.979417482 ], [ 140.043096381, 36.980115497 ], [ 140.042925343, 36.980707548 ], [ 140.04272676299999, 36.981082222 ], [ 140.04247838, 36.981509374 ], [ 140.041845671, 36.98242961 ], [ 140.04149585, 36.982850564 ], [ 140.0419412, 36.982637258 ], [ 140.042432187, 36.982644895 ], [ 140.04280793800001, 36.982709839 ], [ 140.043187687999989, 36.982829875 ], [ 140.043390812000013, 36.982839434 ], [ 140.04354251399999, 36.982773991 ], [ 140.043635822999988, 36.982667563 ], [ 140.04375363299999, 36.982480333 ], [ 140.043889435000011, 36.982217442 ], [ 140.04400796499999, 36.982166762 ], [ 140.044096067999988, 36.982094347 ], [ 140.04415053, 36.981990822 ], [ 140.044183729, 36.981861831 ], [ 140.044190531, 36.981766892 ], [ 140.04431897, 36.981592393 ], [ 140.044656951, 36.981195079 ], [ 140.04542853, 36.980495206 ] ] ] } },
{ "type": "Feature", "properties": { "A29_001": "09213", "A29_002": "栃木県", "A29_003": "那須塩原市", "A29_004": 3, "A29_005": "第一種中高層住居専用地域", "A29_006": 60, "A29_007": 200, "A29_008": null }, "geometry": { "type": "Polygon", "coordinates": [ [ [ 140.030719608, 36.979757045 ], [ 140.030359378000014, 36.978869854 ], [ 140.029694819000014, 36.977259203 ], [ 140.029205198999989, 36.976073644 ], [ 140.02697980799999, 36.976331477 ], [ 140.026997685, 36.977432908 ], [ 140.025941732, 36.977470938 ], [ 140.025894222, 36.977908102 ], [ 140.025697027, 36.978149156 ], [ 140.025428014, 36.979161617 ], [ 140.023360692000011, 36.979014443 ], [ 140.020970852, 36.978824138 ], [ 140.019419268, 36.978687367 ], [ 140.019219394, 36.978640918 ], [ 140.019361108, 36.978869208 ], [ 140.02016042599999, 36.980005486 ], [ 140.02096980499999, 36.981127575 ], [ 140.02180448499999, 36.982279964 ], [ 140.022315407, 36.982975823 ], [ 140.024474301999987, 36.982154587 ], [ 140.026821382, 36.981253891 ], [ 140.02887125699999, 36.980470947 ], [ 140.030719608, 36.979757045 ] ] ] } },
{ "type": "Feature", "properties": { "A29_001": "09213", "A29_002": "栃木県", "A29_003": "那須塩原市", "A29_004": 5, "A29_005": "第一種住居地域", "A29_006": 60, "A29_007": 200, "A29_008": null }, "geometry": { "type": "Polygon", "coordinates": [ [ [ 140.032733209000014, 36.981353836 ], [ 140.033357934, 36.980742184 ], [ 140.03400235, 36.980063957 ], [ 140.034864653, 36.9791919 ], [ 140.032673835, 36.980025764 ], [ 140.031142738999989, 36.980595575 ], [ 140.029707355, 36.981148024 ], [ 140.02808825, 36.981768374 ], [ 140.029681192, 36.983229501 ], [ 140.030175957000012, 36.983641715 ], [ 140.03094873500001, 36.982976059 ], [ 140.031838592000014, 36.982213371 ], [ 140.032733209000014, 36.981353836 ] ] ] } },
{ "type": "Feature", "properties": { "A29_001": "09213", "A29_002": "栃木県", "A29_003": "那須塩原市", "A29_004": 3, "A29_005": "第一種中高層住居専用地域", "A29_006": 60, "A29_007": 200, "A29_008": null }, "geometry": { "type": "Polygon", "coordinates": [ [ [ 140.032733209000014, 36.981353836 ], [ 140.031838592000014, 36.982213371 ], [ 140.03094873500001, 36.982976059 ], [ 140.030175957000012, 36.983641715 ], [ 140.02952816199999, 36.98418838 ], [ 140.031020383999987, 36.985422449 ], [ 140.032179668999987, 36.986375211 ], [ 140.033283761, 36.985468251 ], [ 140.034739067, 36.984254052 ], [ 140.035596340000012, 36.983539807 ], [ 140.033887451999988, 36.982234925 ], [ 140.033250477, 36.98171743 ], [ 140.032733209000014, 36.981353836 ] ] ] } },
{ "type": "Feature", "properties": { "A29_001": "09213", "A29_002": "栃木県", "A29_003": "那須塩原市", "A29_004": 7, "A29_005": "準住居地域", "A29_006": 60, "A29_007": 200, "A29_008": null }, "geometry": { "type": "Polygon", "coordinates": [ [ [ 140.019777330000011, 36.984571559 ], [ 140.019762988999986, 36.984577064 ], [ 140.020005567999988, 36.984896075 ], [ 140.020744842, 36.984598793 ], [ 140.022099258999987, 36.984069056 ], [ 140.02357813, 36.983505879 ], [ 140.02576240799999, 36.982649481 ], [ 140.02808825, 36.981768374 ], [ 140.029707355, 36.981148024 ], [ 140.031142738999989, 36.980595575 ], [ 140.032673835, 36.980025764 ], [ 140.034864653, 36.9791919 ], [ 140.036687784, 36.978502227 ], [ 140.038974193, 36.977637793 ], [ 140.040147603, 36.977191855 ], [ 140.040790437999988, 36.978150304 ], [ 140.04126875899999, 36.978854234 ], [ 140.041398112, 36.979151274 ], [ 140.041502294999987, 36.979455444 ], [ 140.041530867, 36.979764805 ], [ 140.041511708, 36.980134916 ], [ 140.04127884499999, 36.980708638 ], [ 140.040806779, 36.981377833 ], [ 140.040211633000013, 36.982093387 ], [ 140.039496917, 36.983273434 ], [ 140.039346066, 36.98365624 ], [ 140.039174838, 36.984342283 ], [ 140.03904323899999, 36.985317291 ], [ 140.038892537, 36.986414179 ], [ 140.039533567, 36.986383314 ], [ 140.03983716799999, 36.986317612 ], [ 140.039967475, 36.986174285 ], [ 140.04009754399999, 36.985943115 ], [ 140.040180795, 36.98570636 ], [ 140.04021521199999, 36.985371928 ], [ 140.040218815, 36.984745682 ], [ 140.040257282999988, 36.983835534 ], [ 140.040445908, 36.983435877 ], [ 140.040667039, 36.983308234 ], [ 140.04093156499999, 36.983166089 ], [ 140.04149585, 36.982850564 ], [ 140.041845671, 36.98242961 ], [ 140.04247838, 36.981509374 ], [ 140.04272676299999, 36.981082222 ], [ 140.042925343, 36.980707548 ], [ 140.043096381, 36.980115497 ], [ 140.043107875, 36.979417482 ], [ 140.043065266000013, 36.97916203 ], [ 140.042848327, 36.978534964 ], [ 140.042020466999986, 36.977212835 ], [ 140.041259395999987, 36.976047342 ], [ 140.040143527999987, 36.974463824 ], [ 140.03949729499999, 36.973463908 ], [ 140.038454527999988, 36.971850939 ], [ 140.037482681, 36.97036119 ], [ 140.037032169000014, 36.96965113 ], [ 140.036209657, 36.968377491 ], [ 140.03528851199999, 36.966960432 ], [ 140.034702116, 36.966095485 ], [ 140.033945305, 36.964864641 ], [ 140.033465725000013, 36.964049985 ], [ 140.032952461, 36.963200933 ], [ 140.032374842, 36.962042132 ], [ 140.031572291, 36.960546748 ], [ 140.03090607499999, 36.959288998 ], [ 140.030621615, 36.958686811 ], [ 140.030236206000012, 36.959717807 ], [ 140.030051026, 36.960221659 ], [ 140.02991465, 36.960630263 ], [ 140.030000109000014, 36.960754871 ], [ 140.03049874199999, 36.961686154 ], [ 140.031158846000011, 36.962900834 ], [ 140.031951396000011, 36.964339437 ], [ 140.032830979000011, 36.965890772 ], [ 140.03320542, 36.966445262 ], [ 140.033430627, 36.966789681 ], [ 140.033779856, 36.967334091 ], [ 140.034845174999987, 36.96895516 ], [ 140.035705658000012, 36.970297499 ], [ 140.036760966, 36.971918568 ], [ 140.037606229, 36.973202267 ], [ 140.03845160099999, 36.974514287 ], [ 140.03958074, 36.976360686 ], [ 140.038553412, 36.976760862 ], [ 140.036775732, 36.977456554 ], [ 140.035023161999987, 36.978127916 ], [ 140.033116939, 36.978854118 ], [ 140.030719608, 36.979757045 ], [ 140.02887125699999, 36.980470947 ], [ 140.026821382, 36.981253891 ], [ 140.024474301999987, 36.982154587 ], [ 140.022315407, 36.982975823 ], [ 140.022629824, 36.98343012 ], [ 140.019697092, 36.984492388 ], [ 140.019777330000011, 36.984571559 ] ] ] } },
{ "type": "Feature", "properties": { "A29_001": "09213", "A29_002": "栃木県", "A29_003": "那須塩原市", "A29_004": 1, "A29_005": "第一種低層住居専用地域", "A29_006": 50, "A29_007": 80, "A29_008": null }, "geometry": { "type": "Polygon", "coordinates": [ [ [ 140.029481228, 36.98609666 ], [ 140.031017125, 36.987306201 ], [ 140.03101051499999, 36.987311766 ], [ 140.030779196999987, 36.987506528 ], [ 140.030681119, 36.987589106 ], [ 140.030655432, 36.987610733 ], [ 140.030648421, 36.987616637 ], [ 140.030852694, 36.987599295 ], [ 140.03147572, 36.9875464 ], [ 140.031675076999989, 36.98740407 ], [ 140.031930939, 36.987314382 ], [ 140.032755006, 36.987032468 ], [ 140.033213748, 36.986856009 ], [ 140.033979678, 36.986633692 ], [ 140.034607212, 36.986471271 ], [ 140.035215349999987, 36.986392152 ], [ 140.03583684899999, 36.986321669 ], [ 140.036269508, 36.986303928 ], [ 140.037403469999987, 36.986338822 ], [ 140.038892537, 36.986414179 ], [ 140.03904323899999, 36.985317291 ], [ 140.039174838, 36.984342283 ], [ 140.039346066, 36.98365624 ], [ 140.039496917, 36.983273434 ], [ 140.040211633000013, 36.982093387 ], [ 140.03843382299999, 36.981268551 ], [ 140.038240597, 36.981176107 ], [ 140.03799125899999, 36.981036691 ], [ 140.037923648, 36.98109479 ], [ 140.037711393, 36.98131636 ], [ 140.037472501, 36.981565751 ], [ 140.037407917, 36.981633168 ], [ 140.037273887, 36.981812753 ], [ 140.037218403, 36.981905495 ], [ 140.037022854000014, 36.981801153 ], [ 140.036282107, 36.981405897 ], [ 140.036224487, 36.981537438 ], [ 140.035073974, 36.981140004 ], [ 140.03505417400001, 36.981275534 ], [ 140.033357934, 36.980742184 ], [ 140.032733209000014, 36.981353836 ], [ 140.033250477, 36.98171743 ], [ 140.033887451999988, 36.982234925 ], [ 140.035596340000012, 36.983539807 ], [ 140.034739067, 36.984254052 ], [ 140.033283761, 36.985468251 ], [ 140.032179668999987, 36.986375211 ], [ 140.031020383999987, 36.985422449 ], [ 140.02952816199999, 36.98418838 ], [ 140.030175957000012, 36.983641715 ], [ 140.029681192, 36.983229501 ], [ 140.02808825, 36.981768374 ], [ 140.02576240799999, 36.982649481 ], [ 140.02357813, 36.983505879 ], [ 140.022099258999987, 36.984069056 ], [ 140.020744842, 36.984598793 ], [ 140.020005567999988, 36.984896075 ], [ 140.021380633, 36.98673166 ], [ 140.021770795, 36.987220431 ], [ 140.02254756, 36.988148636 ], [ 140.023620432, 36.987048878 ], [ 140.024513617, 36.986144922 ], [ 140.025418460999987, 36.986725778 ], [ 140.025645614000013, 36.986454796 ], [ 140.025686467000014, 36.986402817 ], [ 140.025709537000012, 36.986389844 ], [ 140.025776132, 36.986384451 ], [ 140.025825591, 36.986387205 ], [ 140.025875082999988, 36.98640271 ], [ 140.02608731699999, 36.986519962 ], [ 140.02639804899999, 36.986066783 ], [ 140.027137826, 36.986380819 ], [ 140.027711884000013, 36.98570972 ], [ 140.02798861, 36.985491075 ], [ 140.028129613, 36.985378205 ], [ 140.02825736599999, 36.985263941 ], [ 140.028422129, 36.985119153 ], [ 140.028612556000013, 36.98495737 ], [ 140.029772982, 36.985836317 ], [ 140.029481228, 36.98609666 ] ] ] } },
{ "type": "Feature", "properties": { "A29_001": "09213", "A29_002": "栃木県", "A29_003": "那須塩原市", "A29_004": 5, "A29_005": "第一種住居地域", "A29_006": 60, "A29_007": 200, "A29_008": null }, "geometry": { "type": "Polygon", "coordinates": [ [ [ 140.020414194000011, 36.940873083 ], [ 140.020574861, 36.940934694 ], [ 140.021416789, 36.94113908 ], [ 140.021407083000014, 36.9411365 ], [ 140.021423371, 36.941111145 ], [ 140.021428453999988, 36.941082162 ], [ 140.021487965, 36.940987239 ], [ 140.021556374, 36.940878125 ], [ 140.02173576199999, 36.940591993 ], [ 140.02182757, 36.940445554 ], [ 140.021939562999989, 36.940266918 ], [ 140.022094884000012, 36.94001917 ], [ 140.02220542399999, 36.939842849 ], [ 140.022232868, 36.939792932 ], [ 140.022428267, 36.939546709 ], [ 140.022858598999989, 36.939586012 ], [ 140.02345456399999, 36.938847091 ], [ 140.023864675999988, 36.938951858 ], [ 140.024532872, 36.938127386 ], [ 140.025498451, 36.937609613 ], [ 140.025592109, 36.937356852 ], [ 140.024458966, 36.938138265 ], [ 140.023420436, 36.938818186 ], [ 140.022410398, 36.93951347 ], [ 140.020414194000011, 36.940873083 ] ] ] } }
]
}
