{
"type": "FeatureCollection",
"name": "A29-19_42308",
"features": [
{ "type": "Feature", "properties": { "A29_001": "42308", "A29_002": "長崎県", "A29_003": "時津町", "A29_004": 1, "A29_005": "第一種低層住居専用地域", "A29_006": 50, "A29_007": 80, "A29_008": null }, "geometry": { "type": "Polygon", "coordinates": [ [ [ 129.822883504, 32.842224982 ], [ 129.822871924999987, 32.842160336 ], [ 129.822864173999989, 32.842108458 ], [ 129.822853621, 32.842073361 ], [ 129.822841251999989, 32.842050244 ], [ 129.822819353, 32.842008783 ], [ 129.82280983199999, 32.841990447 ], [ 129.822779464, 32.841958584 ], [ 129.82276807, 32.841945042 ], [ 129.82275572, 32.841929905 ], [ 129.822746217, 32.841916358 ], [ 129.822738613000013, 32.841905196 ], [ 129.8227329, 32.841894028 ], [ 129.822730043, 32.841886857 ], [ 129.822693738, 32.841784752 ], [ 129.822683274000013, 32.841765616 ], [ 129.822672815, 32.841750475 ], [ 129.822659533, 32.841737731 ], [ 129.822644368999988, 32.84172739 ], [ 129.822630159999989, 32.841721042 ], [ 129.82262068899999, 32.841716278 ], [ 129.822604617, 32.841714714 ], [ 129.82251477, 32.841706965 ], [ 129.822404989, 32.841695967 ], [ 129.822371987999986, 32.84170112 ], [ 129.822216037, 32.841734473 ], [ 129.822014145999987, 32.841775365 ], [ 129.821945561, 32.841774486 ], [ 129.821906082999988, 32.841781604 ], [ 129.821854145, 32.841790521 ], [ 129.821800137999986, 32.841806459 ], [ 129.821752362000012, 32.841817115 ], [ 129.82171912199999, 32.841824225 ], [ 129.821669211999989, 32.841820845 ], [ 129.821631741, 32.841806892 ], [ 129.821608819, 32.84179291 ], [ 129.821602711999986, 32.841787993 ], [ 129.82152880699999, 32.841795893 ], [ 129.821409665, 32.841819736 ], [ 129.821301374, 32.841848781 ], [ 129.82119565, 32.841881643 ], [ 129.821253461999987, 32.841919549 ], [ 129.821302889, 32.841949064 ], [ 129.821328585, 32.841962011 ], [ 129.821380153, 32.841989626 ], [ 129.821434817000011, 32.842016675 ], [ 129.821495070999987, 32.84204177 ], [ 129.82145191399999, 32.842098297 ], [ 129.82138645, 32.842186794 ], [ 129.821361161, 32.842209539 ], [ 129.821332430000012, 32.842240688 ], [ 129.82129774399999, 32.842276281 ], [ 129.821257081, 32.84231637 ], [ 129.821245583, 32.842362905 ], [ 129.821275821, 32.842453465 ], [ 129.821280804, 32.842472751 ], [ 129.821299020999987, 32.842518064 ], [ 129.82132944599999, 32.842571732 ], [ 129.821365418, 32.842622951 ], [ 129.82139658599999, 32.84266043 ], [ 129.821423121, 32.8426871 ], [ 129.821443362, 32.842701116 ], [ 129.82154760899999, 32.842756046 ], [ 129.821591187, 32.842783619 ], [ 129.821617608, 32.842808278 ], [ 129.821626579, 32.842822305 ], [ 129.821632607999987, 32.842835275 ], [ 129.821637477, 32.842852487 ], [ 129.821648251, 32.842945794 ], [ 129.821654975, 32.842982614 ], [ 129.821664723999987, 32.843011293 ], [ 129.821678487000014, 32.843030105 ], [ 129.821698335, 32.843047621 ], [ 129.821710008, 32.843049737 ], [ 129.82173531699999, 32.843035532 ], [ 129.821758089000014, 32.84301962 ], [ 129.82180566299999, 32.842988224 ], [ 129.821860877, 32.842963238 ], [ 129.82188265100001, 32.842952045 ], [ 129.821915657, 32.842963097 ], [ 129.821950313, 32.842984254 ], [ 129.821980177, 32.843000499 ], [ 129.82210457299999, 32.843044006 ], [ 129.822151679, 32.8430722 ], [ 129.822183919, 32.843096015 ], [ 129.82222413299999, 32.843108897 ], [ 129.822376896, 32.843109135 ], [ 129.822472559, 32.843129656 ], [ 129.82257533, 32.843098352 ], [ 129.822568983, 32.843047589 ], [ 129.822599832, 32.843052722 ], [ 129.82267399, 32.84309679 ], [ 129.82276361000001, 32.84315384 ], [ 129.822828491, 32.843187526 ], [ 129.822868652000011, 32.843209552 ], [ 129.822913467, 32.843239376 ], [ 129.822947478, 32.843265332 ], [ 129.822978389000014, 32.843287382 ], [ 129.823006203, 32.843304236 ], [ 129.82304324899999, 32.843318461 ], [ 129.823117341999989, 32.843344304 ], [ 129.823185255999988, 32.843366259 ], [ 129.823242381999989, 32.843388241 ], [ 129.823285591, 32.84340245 ], [ 129.823369426999989, 32.843422433 ], [ 129.82341812300001, 32.843438233 ], [ 129.823452728, 32.843454078 ], [ 129.82348123, 32.843474934 ], [ 129.823557222, 32.843544085 ], [ 129.82361614300001, 32.843622235 ], [ 129.82368450300001, 32.843707908 ], [ 129.82380349499999, 32.843821865 ], [ 129.823738238, 32.843884617 ], [ 129.823674860000011, 32.843929817 ], [ 129.823671542, 32.843933712 ], [ 129.823643019, 32.844022205 ], [ 129.823622564, 32.844096385 ], [ 129.823608439, 32.844122213 ], [ 129.823592396, 32.844134753 ], [ 129.82357805800001, 32.84414608 ], [ 129.82355567499999, 32.844160071 ], [ 129.82353592199999, 32.844171818 ], [ 129.823493101999986, 32.844191434 ], [ 129.823444365, 32.844214402 ], [ 129.82336728199999, 32.844248031 ], [ 129.823345561, 32.844262019 ], [ 129.823330432, 32.844275991 ], [ 129.823325841000013, 32.844282685 ], [ 129.823318365, 32.844306773 ], [ 129.823312149, 32.844330641 ], [ 129.823307656999987, 32.844349951 ], [ 129.82329231599999, 32.844388028 ], [ 129.823275556, 32.844423728 ], [ 129.823247544, 32.844461828 ], [ 129.823225124, 32.844489219 ], [ 129.823215331, 32.844504701 ], [ 129.823215382, 32.844518958 ], [ 129.823216820999988, 32.844529649 ], [ 129.82322249399999, 32.84454152 ], [ 129.823232431, 32.844562894 ], [ 129.823262191, 32.844621054 ], [ 129.823270775, 32.84465787 ], [ 129.823272253999988, 32.844676885 ], [ 129.823272331, 32.844698275 ], [ 129.823296736, 32.844664422 ], [ 129.823346077999986, 32.844593108 ], [ 129.82340044899999, 32.844479875 ], [ 129.82348023899999, 32.844344365 ], [ 129.823570890000013, 32.844222642 ], [ 129.82362038299999, 32.844160832 ], [ 129.823637487000013, 32.844119657 ], [ 129.82369049799999, 32.843967471 ], [ 129.82374000499999, 32.843912505 ], [ 129.823892693, 32.843768176 ], [ 129.824092299, 32.84357374 ], [ 129.824260441, 32.84339054 ], [ 129.82443019199999, 32.843247348 ], [ 129.824578843000012, 32.843109873 ], [ 129.82470087499999, 32.842966912 ], [ 129.82485153499999, 32.842826862 ], [ 129.824913235999986, 32.842744252 ], [ 129.82490214500001, 32.8427407 ], [ 129.824796023, 32.842719982 ], [ 129.82467829, 32.842696508 ], [ 129.824608933, 32.84268051 ], [ 129.824503778, 32.84264931 ], [ 129.824494460000011, 32.842648613 ], [ 129.824474130999988, 32.842648666 ], [ 129.82445295, 32.842649442 ], [ 129.82443093399999, 32.842649499 ], [ 129.824385175, 32.842645325 ], [ 129.82429872599999, 32.842631959 ], [ 129.824246987, 32.84261349 ], [ 129.824209687, 32.842605723 ], [ 129.82408999399999, 32.84253664 ], [ 129.824028046, 32.842504616 ], [ 129.823987324, 32.842486839 ], [ 129.823912675, 32.842457706 ], [ 129.823890621, 32.842450603 ], [ 129.823875367, 32.842447784 ], [ 129.823855033, 32.842446403 ], [ 129.82380928, 32.842443663 ], [ 129.823751691000012, 32.84244667 ], [ 129.82372291199999, 32.842452471 ], [ 129.823669583, 32.842464053 ], [ 129.82362895899999, 32.842473455 ], [ 129.82360187899999, 32.842479251 ], [ 129.823573936, 32.842482904 ], [ 129.82355105900001, 32.842481529 ], [ 129.823516315, 32.842477326 ], [ 129.823479856, 32.842468845 ], [ 129.823423897999987, 32.842456112 ], [ 129.823303525, 32.842429243 ], [ 129.823195008999988, 32.842405202 ], [ 129.823071234, 32.842376908 ], [ 129.82303733399999, 32.842369845 ], [ 129.823003403, 32.842357055 ], [ 129.822971149000011, 32.842338543 ], [ 129.822941407, 32.842314299 ], [ 129.822921005000012, 32.842294323 ], [ 129.822905698999989, 32.842277192 ], [ 129.822893754, 32.842252902 ], [ 129.822883504, 32.842224982 ] ] ] } },
{ "type": "Feature", "properties": { "A29_001": "42308", "A29_002": "長崎県", "A29_003": "時津町", "A29_004": 5, "A29_005": "第一種住居地域", "A29_006": 60, "A29_007": 200, "A29_008": null }, "geometry": { "type": "Polygon", "coordinates": [ [ [ 129.86230464, 32.829709421 ], [ 129.86232329500001, 32.829631732 ], [ 129.8623263, 32.829616853 ], [ 129.862325469000012, 32.82960166 ], [ 129.862316932, 32.829571944 ], [ 129.86231488300001, 32.829569858 ], [ 129.862303935, 32.82956199 ], [ 129.86225234599999, 32.829527908 ], [ 129.86218668, 32.829483324 ], [ 129.86217730199999, 32.829475452 ], [ 129.86216631100001, 32.829457051 ], [ 129.8621128, 32.829333427 ], [ 129.86210026, 32.829317664 ], [ 129.86205493599999, 32.829290146 ], [ 129.861995379, 32.829213946 ], [ 129.861975053, 32.829198197 ], [ 129.861937579999989, 32.829183822 ], [ 129.86189701399999, 32.829178673 ], [ 129.861843983, 32.82917356 ], [ 129.861829933, 32.829167018 ], [ 129.861815839, 32.829152576 ], [ 129.861784824000011, 32.829176906 ], [ 129.86167361299999, 32.829311241 ], [ 129.861670102, 32.8293198 ], [ 129.861537113, 32.829449058 ], [ 129.861414672, 32.829495313 ], [ 129.861339555, 32.829496134 ], [ 129.86132040199999, 32.829492934 ], [ 129.86130701499999, 32.829486624 ], [ 129.86128106000001, 32.829465552 ], [ 129.86127436699999, 32.829461333 ], [ 129.861256773, 32.829452771 ], [ 129.86117435599999, 32.829417903 ], [ 129.86107358000001, 32.829510275 ], [ 129.861048563, 32.82953079 ], [ 129.861022149, 32.8295492 ], [ 129.860982873000012, 32.829580524 ], [ 129.86095075899999, 32.829594756 ], [ 129.86090815599999, 32.829585005 ], [ 129.86082290499999, 32.829559865 ], [ 129.860805375000012, 32.829559212 ], [ 129.86078820099999, 32.829559541 ], [ 129.860713397000012, 32.829592699 ], [ 129.860691761999988, 32.829609679 ], [ 129.860665829999988, 32.829684232 ], [ 129.86063842499999, 32.829838038 ], [ 129.860633944999989, 32.829855374 ], [ 129.860591948, 32.829897852 ], [ 129.86046594699999, 32.830020443 ], [ 129.860435279, 32.830043635 ], [ 129.860403442, 32.83006298 ], [ 129.86031811699999, 32.830098837 ], [ 129.86011788, 32.830181223 ], [ 129.860092881000014, 32.830198618 ], [ 129.860072471, 32.830222737 ], [ 129.86005877299999, 32.830218925 ], [ 129.860045093999986, 32.830217044 ], [ 129.860026857, 32.830216131 ], [ 129.859974419, 32.830212432 ], [ 129.85995618699999, 32.830212484 ], [ 129.85994514399999, 32.830223472 ], [ 129.85992106899999, 32.830300148 ], [ 129.85990951799999, 32.830322816 ], [ 129.859862881999987, 32.830385814 ], [ 129.859798501, 32.830442865 ], [ 129.85976527, 32.830466191 ], [ 129.859727803999988, 32.830480087 ], [ 129.859687041, 32.830489844 ], [ 129.859639713, 32.83048998 ], [ 129.859562694, 32.830480101 ], [ 129.859551052, 32.830480225 ], [ 129.859413252, 32.830423898 ], [ 129.859364437000011, 32.830396624 ], [ 129.859356114, 32.830393537 ], [ 129.859348938000011, 32.83041502 ], [ 129.859342422999987, 32.830417798 ], [ 129.859334262, 32.830417822 ], [ 129.85932281699999, 32.830410965 ], [ 129.85929174899999, 32.830395886 ], [ 129.85922966199999, 32.830378155 ], [ 129.859177386999988, 32.830364517 ], [ 129.859120254, 32.830359171 ], [ 129.85905502, 32.830355426 ], [ 129.859063896, 32.830296929 ], [ 129.859073856, 32.830234641 ], [ 129.858913682, 32.83017359 ], [ 129.85889548099999, 32.830160232 ], [ 129.85882829900001, 32.830094324 ], [ 129.858770134999986, 32.830015946 ], [ 129.858730186, 32.82995188 ], [ 129.858704886, 32.829867654 ], [ 129.85869914700001, 32.829850924 ], [ 129.85862996899999, 32.829851582 ], [ 129.858601611000012, 32.829851663 ], [ 129.858602458, 32.829780781 ], [ 129.858610250999988, 32.829742442 ], [ 129.858618078, 32.829715339 ], [ 129.85867893299999, 32.829618412 ], [ 129.85870370399999, 32.829573504 ], [ 129.85871715499999, 32.829532092 ], [ 129.85871819499999, 32.829509102 ], [ 129.85883606199999, 32.829485534 ], [ 129.858820583000011, 32.829445341 ], [ 129.85878255899999, 32.829392209 ], [ 129.858727163, 32.829298248 ], [ 129.858695544, 32.829236161 ], [ 129.858682953, 32.829207457 ], [ 129.858659246, 32.8292353 ], [ 129.858636638, 32.829254708 ], [ 129.858619658, 32.829263378 ], [ 129.858594726, 32.829268238 ], [ 129.858579349, 32.82926912 ], [ 129.85859021600001, 32.829214225 ], [ 129.85858979599999, 32.829109799 ], [ 129.85858547, 32.829083299 ], [ 129.858557921, 32.829005365 ], [ 129.858533134, 32.828963863 ], [ 129.85849378099999, 32.82892556 ], [ 129.858438648, 32.828894155 ], [ 129.858348952, 32.828860235 ], [ 129.85813810499999, 32.828792483 ], [ 129.857776499000011, 32.828671776 ], [ 129.85771590600001, 32.828658576 ], [ 129.857662745, 32.828727272 ], [ 129.857649976, 32.828728661 ], [ 129.857635364, 32.828717846 ], [ 129.85756609500001, 32.828671836 ], [ 129.857397214, 32.828753272 ], [ 129.857386025000011, 32.828740994 ], [ 129.85723630699999, 32.828812365 ], [ 129.857197398000011, 32.828839403 ], [ 129.857118165, 32.82884963 ], [ 129.857083746, 32.828816425 ], [ 129.857113618, 32.828783759 ], [ 129.857113575, 32.828772901 ], [ 129.857149419, 32.828735159 ], [ 129.857175877, 32.828706127 ], [ 129.85718864099999, 32.828682193 ], [ 129.857199670999989, 32.828654657 ], [ 129.857206423, 32.828628576 ], [ 129.857210614, 32.828605397 ], [ 129.857209649999987, 32.828580791 ], [ 129.857202712, 32.828560538 ], [ 129.857178599, 32.828532372 ], [ 129.85714934, 32.828502047 ], [ 129.857122640999989, 32.828468099 ], [ 129.857108845999988, 32.82845077 ], [ 129.857079502, 32.828401617 ], [ 129.85706569199999, 32.828377768 ], [ 129.857051052, 32.828362605 ], [ 129.85703988, 32.828354674 ], [ 129.857020131000013, 32.828346768 ], [ 129.856984950999987, 32.828336732 ], [ 129.85694464, 32.828331058 ], [ 129.85689958, 32.828422402 ], [ 129.856876013, 32.828477433 ], [ 129.85686730399999, 32.828497784 ], [ 129.856852178999986, 32.828537523 ], [ 129.856864898, 32.828539778 ], [ 129.856853487, 32.828565556 ], [ 129.856840844, 32.828616994 ], [ 129.85683753399999, 32.828646681 ], [ 129.85684029399999, 32.828695902 ], [ 129.856840497, 32.828746572 ], [ 129.856840688, 32.828794357 ], [ 129.856837372, 32.828822602 ], [ 129.856836555, 32.82883201 ], [ 129.85683148699999, 32.828849402 ], [ 129.85682994699999, 32.828854212 ], [ 129.85681131199999, 32.828897605 ], [ 129.85674558, 32.829017595 ], [ 129.85638386, 32.829017904 ], [ 129.85636499099999, 32.829016506 ], [ 129.856324663, 32.829006493 ], [ 129.856285208, 32.828998634 ], [ 129.856182518999987, 32.82899008 ], [ 129.856172507, 32.828994346 ], [ 129.856146015, 32.829055112 ], [ 129.856130334, 32.829231383 ], [ 129.856114141, 32.82935988 ], [ 129.85604621600001, 32.829495286 ], [ 129.85599792, 32.829536356 ], [ 129.855971361, 32.829580195 ], [ 129.85594156499999, 32.829653676 ], [ 129.85591355299999, 32.829751157 ], [ 129.856005598, 32.829787598 ], [ 129.856301266, 32.829855707 ], [ 129.85637571699999, 32.829878085 ], [ 129.856509448999986, 32.829951624 ], [ 129.85666107899999, 32.830050704 ], [ 129.85671117199999, 32.830090582 ], [ 129.856828538, 32.830189759 ], [ 129.857098248, 32.830355559 ], [ 129.85708582, 32.830378184 ], [ 129.856926472, 32.830624645 ], [ 129.856913281, 32.830667436 ], [ 129.856906981, 32.830764144 ], [ 129.856909279, 32.830924718 ], [ 129.856897863, 32.830989472 ], [ 129.856855929, 32.831160398 ], [ 129.856976463, 32.831220754 ], [ 129.85710498, 32.831284991 ], [ 129.85721711, 32.831329832 ], [ 129.857279, 32.831346591 ], [ 129.85736261, 32.831361881 ], [ 129.857834594, 32.831415352 ], [ 129.85799161700001, 32.831436059 ], [ 129.8580451, 32.83145001 ], [ 129.858574487, 32.831673877 ], [ 129.858865011, 32.831794172 ], [ 129.858923573, 32.831825035 ], [ 129.85915420399999, 32.831928593 ], [ 129.859279730999987, 32.832002981 ], [ 129.859471109, 32.83196866 ], [ 129.859831602000014, 32.831933771 ], [ 129.860148041, 32.831924447 ], [ 129.860530352000012, 32.831920524 ], [ 129.86218917, 32.831943853 ], [ 129.862246376, 32.8319432 ], [ 129.862354398, 32.830888919 ], [ 129.863940117999988, 32.830729437 ], [ 129.863998665, 32.831128288 ], [ 129.86396156, 32.831484664 ], [ 129.863903892, 32.83192207 ], [ 129.863920137, 32.831921834 ], [ 129.863941458999989, 32.831919589 ], [ 129.864552776000011, 32.831855263 ], [ 129.864643511999986, 32.831996037 ], [ 129.864889949, 32.832243535 ], [ 129.864827711, 32.832505216 ], [ 129.864967301, 32.832548527 ], [ 129.865096044000012, 32.832597976 ], [ 129.865109378999989, 32.832601688 ], [ 129.865119023, 32.832609217 ], [ 129.865123382, 32.832617419 ], [ 129.865134262999987, 32.832637461 ], [ 129.865158126000011, 32.832661109 ], [ 129.865177252, 32.832680892 ], [ 129.865173922999986, 32.832687052 ], [ 129.865226444, 32.832705412 ], [ 129.86523724700001, 32.832695939 ], [ 129.865322212, 32.832621456 ], [ 129.865336047999989, 32.832609323 ], [ 129.865379147, 32.832609197 ], [ 129.865431311, 32.832610957 ], [ 129.865483785, 32.832544964 ], [ 129.865507006, 32.83253963 ], [ 129.86551945299999, 32.832532407 ], [ 129.86552401899999, 32.832520688 ], [ 129.865527877, 32.832510802 ], [ 129.86553066799999, 32.832503643 ], [ 129.86553106, 32.832458706 ], [ 129.865525392, 32.832435979 ], [ 129.865507704, 32.832425841 ], [ 129.865498393, 32.832418807 ], [ 129.865422099999989, 32.832380605 ], [ 129.865318875000014, 32.83234405 ], [ 129.86530861899999, 32.832333097 ], [ 129.865304774, 32.832301735 ], [ 129.865310216000012, 32.832271924 ], [ 129.86530552, 32.832257031 ], [ 129.865293404, 32.832248445 ], [ 129.865272917, 32.832232823 ], [ 129.86540171499999, 32.832061063 ], [ 129.86569850399999, 32.831948619 ], [ 129.865737421, 32.831931389 ], [ 129.865896221000014, 32.831876944 ], [ 129.865908690999987, 32.831875582 ], [ 129.865933939, 32.831947931 ], [ 129.865960535999989, 32.831971561 ], [ 129.866114853, 32.831961893 ], [ 129.86614091199999, 32.831953458 ], [ 129.866314456, 32.831930991 ], [ 129.86630576499999, 32.83189812 ], [ 129.866337528, 32.831897441 ], [ 129.866329903, 32.831827584 ], [ 129.866327817000013, 32.831808472 ], [ 129.866481257, 32.831817032 ], [ 129.866483533, 32.831827729 ], [ 129.866491201, 32.831863859 ], [ 129.866502344, 32.831916319 ], [ 129.86650301899999, 32.831919483 ], [ 129.86666402099999, 32.831930392 ], [ 129.866692357, 32.831857264 ], [ 129.866719259, 32.831775799 ], [ 129.866746162, 32.831694326 ], [ 129.866771414, 32.831640181 ], [ 129.866785827, 32.83159183 ], [ 129.866792342999986, 32.831553034 ], [ 129.86681462300001, 32.831490214 ], [ 129.866837761999989, 32.831423522 ], [ 129.866902963, 32.831271101 ], [ 129.866987146000014, 32.831066898 ], [ 129.867114335, 32.830762362 ], [ 129.867133086, 32.830716965 ], [ 129.86714971699999, 32.830665361 ], [ 129.867162895, 32.83062302 ], [ 129.867166943, 32.830591978 ], [ 129.867159226000012, 32.83054123 ], [ 129.867155426000011, 32.830433027 ], [ 129.867160114, 32.830354747 ], [ 129.867168961, 32.83027504 ], [ 129.867185616, 32.83016941 ], [ 129.867198355999989, 32.830119414 ], [ 129.867217133, 32.830020758 ], [ 129.86724042099999, 32.82994888 ], [ 129.86724970899999, 32.829950422 ], [ 129.86726620799999, 32.829897836 ], [ 129.867253124, 32.829851054 ], [ 129.86723873299999, 32.82983719 ], [ 129.867234121, 32.82983265 ], [ 129.867197395, 32.829810844 ], [ 129.867116114999988, 32.829772531 ], [ 129.867051855999989, 32.829769564 ], [ 129.86693391099999, 32.829765617 ], [ 129.86689879299999, 32.829766045 ], [ 129.866737825, 32.829767634 ], [ 129.866653254999989, 32.829775908 ], [ 129.866599962, 32.829777236 ], [ 129.866415397, 32.829765107 ], [ 129.86631971599999, 32.829757316 ], [ 129.86628549400001, 32.829747046 ], [ 129.866254026, 32.829730996 ], [ 129.866222408999988, 32.829704576 ], [ 129.866133281, 32.829614829 ], [ 129.866093522, 32.829582662 ], [ 129.86605507199999, 32.829559689 ], [ 129.866025447999988, 32.829550487 ], [ 129.865964703, 32.829544713 ], [ 129.865917018, 32.829546295 ], [ 129.865874319999989, 32.829552462 ], [ 129.865768035, 32.829576489 ], [ 129.86569474699999, 32.829598527 ], [ 129.865543984999988, 32.829658719 ], [ 129.865458569, 32.829703147 ], [ 129.865415186, 32.829717017 ], [ 129.865371871, 32.829724159 ], [ 129.865328309, 32.829720237 ], [ 129.865254061, 32.829690551 ], [ 129.86523878599999, 32.829679891 ], [ 129.865231864, 32.829672048 ], [ 129.865167594000013, 32.829559269 ], [ 129.865137075, 32.829545407 ], [ 129.865104987, 32.829534409 ], [ 129.86498641, 32.829529975 ], [ 129.864828327999987, 32.829532059 ], [ 129.864739858, 32.829524381 ], [ 129.864576029, 32.829502585 ], [ 129.864459304, 32.829507253 ], [ 129.86443179599999, 32.829519327 ], [ 129.864378652999989, 32.829557176 ], [ 129.864350656, 32.829606495 ], [ 129.864322646, 32.829681244 ], [ 129.864311488999988, 32.829695525 ], [ 129.86427386, 32.829713941 ], [ 129.864186921, 32.829728126 ], [ 129.864104645, 32.829733461 ], [ 129.863920981, 32.829745808 ], [ 129.86387068799999, 32.829749291 ], [ 129.863852415999986, 32.829747541 ], [ 129.863818947999988, 32.82973853 ], [ 129.863734830999988, 32.829674919 ], [ 129.863721142, 32.82967063 ], [ 129.86370156000001, 32.82966185 ], [ 129.863524598999987, 32.829649351 ], [ 129.863496629999986, 32.829645221 ], [ 129.86344087099999, 32.8296443 ], [ 129.86329846000001, 32.829741205 ], [ 129.863205499, 32.829811192 ], [ 129.863170935999989, 32.82985061 ], [ 129.86300768000001, 32.82999609 ], [ 129.86297306899999, 32.829995108 ], [ 129.862963439, 32.829990808 ], [ 129.862726563, 32.829788043 ], [ 129.862632389999987, 32.829743858 ], [ 129.862563869000013, 32.829654049 ], [ 129.862457044, 32.829668949 ], [ 129.862465882, 32.82971734 ], [ 129.862466082, 32.829766749 ], [ 129.86250443599999, 32.82983722 ], [ 129.862505397, 32.829845054 ], [ 129.862487531, 32.829853772 ], [ 129.862381496000012, 32.829850129 ], [ 129.86230464, 32.829709421 ] ] ] } },
{ "type": "Feature", "properties": { "A29_001": "42308", "A29_002": "長崎県", "A29_003": "時津町", "A29_004": 10, "A29_005": "準工業地域", "A29_006": 60, "A29_007": 200, "A29_008": null }, "geometry": { "type": "Polygon", "coordinates": [ [ [ 129.86461125299999, 32.833446191 ], [ 129.86462317499999, 32.833436146 ], [ 129.864561052999989, 32.83333466 ], [ 129.864702177, 32.833230093 ], [ 129.864888965, 32.833102334 ], [ 129.864897998, 32.833091125 ], [ 129.86491978399999, 32.833063918 ], [ 129.864925312999986, 32.833060412 ], [ 129.864906453, 32.832990669 ], [ 129.864967353, 32.83289795 ], [ 129.865112743999987, 32.832800278 ], [ 129.865173922999986, 32.832687052 ], [ 129.865177252, 32.832680892 ], [ 129.865158126000011, 32.832661109 ], [ 129.865134262999987, 32.832637461 ], [ 129.865123382, 32.832617419 ], [ 129.865119023, 32.832609217 ], [ 129.865109378999989, 32.832601688 ], [ 129.865096044000012, 32.832597976 ], [ 129.864967301, 32.832548527 ], [ 129.864827711, 32.832505216 ], [ 129.864889949, 32.832243535 ], [ 129.864643511999986, 32.831996037 ], [ 129.864552776000011, 32.831855263 ], [ 129.863941458999989, 32.831919589 ], [ 129.863920137, 32.831921834 ], [ 129.863903892, 32.83192207 ], [ 129.863184195, 32.831932502 ], [ 129.862287903, 32.831942729 ], [ 129.862246376, 32.8319432 ], [ 129.86218917, 32.831943853 ], [ 129.860530352000012, 32.831920524 ], [ 129.860148041, 32.831924447 ], [ 129.859831602000014, 32.831933771 ], [ 129.859471109, 32.83196866 ], [ 129.859279730999987, 32.832002981 ], [ 129.85915420399999, 32.831928593 ], [ 129.858923573, 32.831825035 ], [ 129.858865011, 32.831794172 ], [ 129.858574487, 32.831673877 ], [ 129.8580451, 32.83145001 ], [ 129.85799161700001, 32.831436059 ], [ 129.857834594, 32.831415352 ], [ 129.85736261, 32.831361881 ], [ 129.857279, 32.831346591 ], [ 129.85721711, 32.831329832 ], [ 129.85710498, 32.831284991 ], [ 129.856976463, 32.831220754 ], [ 129.856855929, 32.831160398 ], [ 129.85647952, 32.831052788 ], [ 129.856414320999988, 32.831044506 ], [ 129.856312757000012, 32.831037526 ], [ 129.856294392, 32.831041817 ], [ 129.856237692, 32.831070204 ], [ 129.856194386999988, 32.831104198 ], [ 129.856196925, 32.831282249 ], [ 129.856194012, 32.831296424 ], [ 129.856193488, 32.831298986 ], [ 129.856185114999988, 32.832142061 ], [ 129.856171883, 32.832717915 ], [ 129.856124791000013, 32.832772057 ], [ 129.85541713399999, 32.832926921 ], [ 129.855416213000012, 32.832958603 ], [ 129.85541021099999, 32.833017624 ], [ 129.85539738599999, 32.833085547 ], [ 129.855354362000014, 32.833466591 ], [ 129.855342581, 32.833512463 ], [ 129.855676429999988, 32.833573548 ], [ 129.856189089999987, 32.833581911 ], [ 129.856317775, 32.833585774 ], [ 129.85650159799999, 32.833589489 ], [ 129.856915191000013, 32.833561247 ], [ 129.85729914, 32.833540403 ], [ 129.857529898, 32.833539032 ], [ 129.857737909, 32.833570874 ], [ 129.85810245799999, 32.833648044 ], [ 129.858114167, 32.833653655 ], [ 129.858229200000011, 32.833697279 ], [ 129.858619664, 32.833824945 ], [ 129.858911705, 32.834373691 ], [ 129.85892507299999, 32.834369712 ], [ 129.859073102999986, 32.834328337 ], [ 129.859146807, 32.834312741 ], [ 129.85920368699999, 32.834296923 ], [ 129.859278588, 32.834273397 ], [ 129.859327218, 32.834259271 ], [ 129.85936990499999, 32.834246875 ], [ 129.859594867, 32.834190381 ], [ 129.859789282, 32.834139972 ], [ 129.859805008, 32.834137898 ], [ 129.859827085, 32.834134985 ], [ 129.859919808, 32.834118107 ], [ 129.859952240000013, 32.834108094 ], [ 129.860024517, 32.834085775 ], [ 129.860203238, 32.834026626 ], [ 129.860324365, 32.833984002 ], [ 129.86042643, 32.833931567 ], [ 129.860454010000012, 32.833918637 ], [ 129.860483370999987, 32.8338914 ], [ 129.86061251699999, 32.833782048 ], [ 129.860717805, 32.833702685 ], [ 129.860732208, 32.833703662 ], [ 129.860967439, 32.833707051 ], [ 129.861157064999986, 32.833711572 ], [ 129.861359877000012, 32.833711997 ], [ 129.861495488, 32.833711605 ], [ 129.862009457999989, 32.833715765 ], [ 129.862138238999989, 32.833716808 ], [ 129.862181606, 32.83371689 ], [ 129.86223800499999, 32.833716997 ], [ 129.862329144, 32.833786505 ], [ 129.862568204000013, 32.833966972 ], [ 129.862952729999989, 32.834263626 ], [ 129.862990798, 32.834300227 ], [ 129.863035214, 32.834303138 ], [ 129.863125258999986, 32.834310983 ], [ 129.86319251, 32.834323963 ], [ 129.863260787, 32.834337166 ], [ 129.863343547, 32.834357748 ], [ 129.863391326, 32.83436843 ], [ 129.86340715, 32.834371965 ], [ 129.863460172, 32.8343821 ], [ 129.86349830399999, 32.834381899 ], [ 129.86354719, 32.83437319 ], [ 129.863596159, 32.83435852 ], [ 129.86364431199999, 32.834340119 ], [ 129.863692464, 32.834321718 ], [ 129.863761398, 32.834404265 ], [ 129.863743465, 32.834456991 ], [ 129.863693805999986, 32.834556557 ], [ 129.86370113699999, 32.834562704 ], [ 129.863746848, 32.834589931 ], [ 129.86382140399999, 32.8346262 ], [ 129.863930815, 32.834675552 ], [ 129.86396329499999, 32.83469573 ], [ 129.86399459899999, 32.83472097 ], [ 129.864024707, 32.834746223 ], [ 129.864081273000011, 32.834784573 ], [ 129.864122205, 32.834815872 ], [ 129.864154713, 32.834843147 ], [ 129.86419802399999, 32.834868361 ], [ 129.864213656, 32.834877433 ], [ 129.86428218899999, 32.83490866 ], [ 129.86435428499999, 32.834899505 ], [ 129.86438056899999, 32.834809881 ], [ 129.864383534000012, 32.834704048 ], [ 129.864401503000011, 32.834662812 ], [ 129.864409211, 32.8346042 ], [ 129.864408461000011, 32.834598377 ], [ 129.864402769, 32.834554413 ], [ 129.864389498, 32.834498424 ], [ 129.864388268, 32.834474486 ], [ 129.864394352, 32.834436638 ], [ 129.864338131000011, 32.834417422 ], [ 129.864293248, 32.834396965 ], [ 129.864248984, 32.834386561 ], [ 129.864111011, 32.834342424 ], [ 129.864076954000012, 32.834333424 ], [ 129.864044553000014, 32.834314364 ], [ 129.864072561, 32.834230687 ], [ 129.86411245299999, 32.834138274 ], [ 129.864196654000011, 32.834205789 ], [ 129.86420145400001, 32.834201464 ], [ 129.864405102, 32.834092576 ], [ 129.864421174, 32.834081284 ], [ 129.864477760999989, 32.83403851 ], [ 129.86450638, 32.834012988 ], [ 129.864514753, 32.834002322 ], [ 129.8644852, 32.83397163 ], [ 129.864480971, 32.83396395 ], [ 129.864479544, 32.833959815 ], [ 129.86448092, 32.833951524 ], [ 129.864482987, 32.833945007 ], [ 129.864485072, 32.833940267 ], [ 129.864493407999987, 32.833923081 ], [ 129.864501393000012, 32.833893011 ], [ 129.864499532999986, 32.83387691 ], [ 129.864481904, 32.833849737 ], [ 129.864421232000012, 32.833752854 ], [ 129.864412636999987, 32.833706726 ], [ 129.864376784, 32.83367902 ], [ 129.864469488, 32.833558614 ], [ 129.864484142, 32.833542592 ], [ 129.864545478, 32.833501553 ], [ 129.86461125299999, 32.833446191 ] ] ] } },
{ "type": "Feature", "properties": { "A29_001": "42308", "A29_002": "長崎県", "A29_003": "時津町", "A29_004": 12, "A29_005": "工業専用地域", "A29_006": 60, "A29_007": 200, "A29_008": null }, "geometry": { "type": "Polygon", "coordinates": [ [ [ 129.85035523, 32.8325812 ], [ 129.85030826, 32.832822297 ], [ 129.850214052000013, 32.833236443 ], [ 129.850147513, 32.833483096 ], [ 129.85008298299999, 32.833689298 ], [ 129.850018388, 32.833878944 ], [ 129.849919297000014, 32.834156971 ], [ 129.84984377, 32.834337448 ], [ 129.849792075000011, 32.834482906 ], [ 129.849731920000011, 32.834696455 ], [ 129.84968254099999, 32.834876859 ], [ 129.84963982, 32.835033672 ], [ 129.849936549, 32.835094165 ], [ 129.849927587, 32.835121414 ], [ 129.850254275, 32.835191877 ], [ 129.850598807000011, 32.83531773 ], [ 129.851002298999987, 32.835608389 ], [ 129.85142696, 32.835786436 ], [ 129.85171771200001, 32.835906783 ], [ 129.852071685999988, 32.836004552 ], [ 129.852318335, 32.835408175 ], [ 129.85245408099999, 32.835100672 ], [ 129.852673923999987, 32.834569083 ], [ 129.852880270000014, 32.834082629 ], [ 129.852140945, 32.833909675 ], [ 129.85237041, 32.833250682 ], [ 129.852528729999989, 32.832731439 ], [ 129.85228228299999, 32.83252714 ], [ 129.851772573, 32.832095221 ], [ 129.85147320199999, 32.831852688 ], [ 129.850702430000013, 32.831206431 ], [ 129.850028205, 32.831505014 ], [ 129.85004425299999, 32.831536216 ], [ 129.85036780199999, 32.832146126 ], [ 129.850392636, 32.832192245 ], [ 129.850403601000011, 32.832223759 ], [ 129.850414879, 32.832264128 ], [ 129.850415822, 32.83226748 ], [ 129.850425048, 32.83231578 ], [ 129.85068326199999, 32.832376162 ], [ 129.85130235, 32.83251606 ], [ 129.85176013899999, 32.832623304 ], [ 129.852150357999989, 32.83271418 ], [ 129.852281135, 32.832739567 ], [ 129.85246423699999, 32.832777684 ], [ 129.852434098, 32.832867902 ], [ 129.851187156, 32.832577092 ], [ 129.85057459, 32.832433486 ], [ 129.85056597499999, 32.832459265 ], [ 129.850367033999987, 32.83242376 ], [ 129.85035523, 32.8325812 ] ] ] } },
{ "type": "Feature", "properties": { "A29_001": "42308", "A29_002": "長崎県", "A29_003": "時津町", "A29_004": 10, "A29_005": "準工業地域", "A29_006": 60, "A29_007": 200, "A29_008": null }, "geometry": { "type": "Polygon", "coordinates": [ [ [ 129.838923705000013, 32.833172188 ], [ 129.838932637, 32.833175635 ], [ 129.839042955, 32.833231707 ], [ 129.839098178, 32.833276656 ], [ 129.83913685600001, 32.833355466 ], [ 129.839383392, 32.833472346 ], [ 129.839559103999989, 32.833612791 ], [ 129.839709316000011, 32.833719019 ], [ 129.840018719, 32.833918294 ], [ 129.84014187, 32.833977937 ], [ 129.840253813, 32.834022722 ], [ 129.840305586, 32.834036676 ], [ 129.840394002000011, 32.834035029 ], [ 129.840521082, 32.834107963 ], [ 129.84060472499999, 32.834168335 ], [ 129.840684949, 32.834206163 ], [ 129.840784409, 32.834218192 ], [ 129.840892903999986, 32.834314 ], [ 129.841193852, 32.834225725 ], [ 129.841221862, 32.834217857 ], [ 129.84131377, 32.83432225 ], [ 129.841547975, 32.834573389 ], [ 129.841634731, 32.834640218 ], [ 129.84169846899999, 32.834679407 ], [ 129.841726838999989, 32.834690467 ], [ 129.84230869699999, 32.834831368 ], [ 129.842372961, 32.834857019 ], [ 129.842877149, 32.835054942 ], [ 129.842905819, 32.835066316 ], [ 129.843120242999987, 32.835149306 ], [ 129.843422, 32.83464953 ], [ 129.843790632, 32.834180582 ], [ 129.843126928, 32.833685403 ], [ 129.842737714, 32.833802177 ], [ 129.842321094999988, 32.83388391 ], [ 129.842187763, 32.833827002 ], [ 129.841880835000012, 32.833692086 ], [ 129.841548687999989, 32.83353179 ], [ 129.84182595199999, 32.833075758 ], [ 129.84176053600001, 32.833102765 ], [ 129.841636356, 32.833139933 ], [ 129.84160997, 32.833136298 ], [ 129.841510588, 32.833096783 ], [ 129.841479106, 32.833079185 ], [ 129.841444102999986, 32.83305128 ], [ 129.841444052000014, 32.833038015 ], [ 129.84145093699999, 32.833014414 ], [ 129.84145608599999, 32.832992289 ], [ 129.841461173, 32.832953958 ], [ 129.841478525000014, 32.832927389 ], [ 129.84135794, 32.832882024 ], [ 129.841321252, 32.832871808 ], [ 129.84130206399999, 32.832873339 ], [ 129.84127590599999, 32.832876351 ], [ 129.841234085999986, 32.832892679 ], [ 129.841208193999989, 32.832912156 ], [ 129.84116954000001, 32.832898752 ], [ 129.841177635, 32.832861973 ], [ 129.841094282, 32.832824145 ], [ 129.8410691, 32.832822681 ], [ 129.841018531, 32.832763211 ], [ 129.840972891, 32.832693609 ], [ 129.840966887, 32.832606802 ], [ 129.840921044, 32.832484175 ], [ 129.840894616000014, 32.83243336 ], [ 129.84087881100001, 32.832378439 ], [ 129.840866694, 32.832360508 ], [ 129.84085024, 32.832322832 ], [ 129.840830127, 32.832255821 ], [ 129.840696763000011, 32.832323863 ], [ 129.840685502000014, 32.832345446 ], [ 129.840683801000011, 32.832361466 ], [ 129.840657306999987, 32.832374425 ], [ 129.840652689, 32.832376385 ], [ 129.840634962, 32.832371699 ], [ 129.840573565, 32.832377277 ], [ 129.840534249, 32.832377934 ], [ 129.84048558399999, 32.832386173 ], [ 129.840474604, 32.832397286 ], [ 129.840468671, 32.832421407 ], [ 129.84046252499999, 32.83243707 ], [ 129.840449822000011, 32.832453048 ], [ 129.840431411999987, 32.832459906 ], [ 129.84041510599999, 32.832458156 ], [ 129.84040515800001, 32.832454585 ], [ 129.840374617, 32.832417298 ], [ 129.840120917, 32.832275695 ], [ 129.84005476199999, 32.832265838 ], [ 129.840036306, 32.832260496 ], [ 129.839863689, 32.832174745 ], [ 129.839779084000014, 32.832141762 ], [ 129.839732709, 32.832122995 ], [ 129.839729548, 32.832120344 ], [ 129.839707823999987, 32.83211519 ], [ 129.83967888, 32.83210745 ], [ 129.839631395999987, 32.832091951 ], [ 129.839530975, 32.832068065 ], [ 129.83959181, 32.832122629 ], [ 129.839636533, 32.832161835 ], [ 129.839688572999989, 32.832212545 ], [ 129.839726391, 32.83226471 ], [ 129.83975682499999, 32.832352218 ], [ 129.839802042, 32.832588714 ], [ 129.839833231999989, 32.832742772 ], [ 129.839717286, 32.832698168 ], [ 129.839273186000014, 32.83254138 ], [ 129.83904874000001, 32.832786498 ], [ 129.83884914699999, 32.833025615 ], [ 129.838980469, 32.833094075 ], [ 129.838923705000013, 32.833172188 ] ] ] } },
{ "type": "Feature", "properties": { "A29_001": "42308", "A29_002": "長崎県", "A29_003": "時津町", "A29_004": 1, "A29_005": "第一種低層住居専用地域", "A29_006": 50, "A29_007": 80, "A29_008": null }, "geometry": { "type": "Polygon", "coordinates": [ [ [ 129.83557177, 32.835298619 ], [ 129.835613228, 32.835355888 ], [ 129.835634031000012, 32.835402986 ], [ 129.835731928, 32.835624058 ], [ 129.835756483000011, 32.835702889 ], [ 129.83576469799999, 32.835731409 ], [ 129.835766747, 32.835750647 ], [ 129.83576780300001, 32.835767363 ], [ 129.835764903000012, 32.835785777 ], [ 129.835760677, 32.835803932 ], [ 129.835763156000013, 32.83586375 ], [ 129.835769391000014, 32.835902672 ], [ 129.835777338000014, 32.835933789 ], [ 129.835789317, 32.835960522 ], [ 129.83581019799999, 32.835985554 ], [ 129.835821119, 32.835992216 ], [ 129.835842918, 32.83599718 ], [ 129.8358974, 32.836007071 ], [ 129.83591028399999, 32.836010382 ], [ 129.835910305999988, 32.836016234 ], [ 129.835893776, 32.836048896 ], [ 129.83594373599999, 32.83612866 ], [ 129.83596817899999, 32.836174712 ], [ 129.835992005, 32.836213199 ], [ 129.835971956, 32.836210566 ], [ 129.835915125000014, 32.836186758 ], [ 129.835833877, 32.836231605 ], [ 129.835976941000013, 32.836391035 ], [ 129.83598282299999, 32.836392796 ], [ 129.83600076, 32.836393506 ], [ 129.836031236999986, 32.836391151 ], [ 129.836040201, 32.836388855 ], [ 129.836046471, 32.836385808 ], [ 129.83605452099999, 32.836381999 ], [ 129.836067573, 32.836378862 ], [ 129.836087693, 32.836380404 ], [ 129.836153236, 32.836399923 ], [ 129.836236679, 32.836410312 ], [ 129.836260014, 32.836414795 ], [ 129.836304004999988, 32.836426797 ], [ 129.836290835999989, 32.836501085 ], [ 129.83630979099999, 32.836533615 ], [ 129.836469317, 32.836692748 ], [ 129.836504741999988, 32.836685466 ], [ 129.83657992799999, 32.836644665 ], [ 129.83658463899999, 32.836641983 ], [ 129.836617104999988, 32.836691152 ], [ 129.83665587199999, 32.836742566 ], [ 129.83668557499999, 32.836772795 ], [ 129.83672874199999, 32.836804503 ], [ 129.83676832, 32.836833191 ], [ 129.83678092, 32.836846034 ], [ 129.836780943, 32.836852103 ], [ 129.836777391, 32.83686196 ], [ 129.83677115, 32.836872582 ], [ 129.836751541000012, 32.836904459 ], [ 129.836745317, 32.836916605 ], [ 129.836743559000013, 32.836926457 ], [ 129.836743590999987, 32.836934789 ], [ 129.836744536999987, 32.836947673 ], [ 129.836751756000012, 32.836961289 ], [ 129.836772528000012, 32.836991361 ], [ 129.836795693, 32.837015737 ], [ 129.836805602999988, 32.837026325 ], [ 129.836820038000013, 32.837047126 ], [ 129.836858027, 32.837098931 ], [ 129.836872230000012, 32.837103681 ], [ 129.836900581, 32.837101206 ], [ 129.83691798800001, 32.837099896 ], [ 129.83692336499999, 32.837101027 ], [ 129.83693459599999, 32.837107814 ], [ 129.836944948, 32.837116498 ], [ 129.836959347, 32.837130482 ], [ 129.83697737, 32.837153916 ], [ 129.837004379, 32.837180743 ], [ 129.83702955699999, 32.837197728 ], [ 129.83705245199999, 32.837204484 ], [ 129.83706770500001, 32.837207094 ], [ 129.83709385099999, 32.836949005 ], [ 129.837120238000011, 32.836811033 ], [ 129.83713966900001, 32.836732174 ], [ 129.837188610999988, 32.836584411 ], [ 129.837272401, 32.836387173 ], [ 129.83739761199999, 32.836166223 ], [ 129.83760288900001, 32.835901987 ], [ 129.837796028000014, 32.835721885 ], [ 129.838020742, 32.835516474 ], [ 129.838227187, 32.835355435 ], [ 129.838388458, 32.835250797 ], [ 129.838719266999988, 32.834976833 ], [ 129.838846569, 32.834889052 ], [ 129.83897662199999, 32.834783299 ], [ 129.83926929899999, 32.834552551 ], [ 129.839419205000013, 32.834443155 ], [ 129.839540677, 32.834325296 ], [ 129.839488851999988, 32.834289437 ], [ 129.839444754999988, 32.834263234 ], [ 129.839421769000012, 32.834243935 ], [ 129.83940246200001, 32.834228503 ], [ 129.839380345, 32.834196036 ], [ 129.83935178499999, 32.8341574 ], [ 129.839344411000013, 32.834145029 ], [ 129.839425656, 32.834061187 ], [ 129.839431983999987, 32.834037164 ], [ 129.839357557, 32.833987028 ], [ 129.839329079, 32.833970071 ], [ 129.83921437, 32.833930892 ], [ 129.839204246, 32.83392008 ], [ 129.839204069, 32.833873621 ], [ 129.839030506, 32.833781171 ], [ 129.83891478699999, 32.833717981 ], [ 129.838895506999989, 32.833709511 ], [ 129.838870796, 32.833719651 ], [ 129.838838779000014, 32.833735221 ], [ 129.838795358, 32.833642419 ], [ 129.838709193, 32.833640326 ], [ 129.838670223, 32.833512666 ], [ 129.838563958, 32.833525344 ], [ 129.838543783, 32.833523081 ], [ 129.838519929, 32.83351695 ], [ 129.838507611000011, 32.833513467 ], [ 129.83838412899999, 32.833473139 ], [ 129.838372354, 32.833508792 ], [ 129.83828911, 32.833547324 ], [ 129.8381451, 32.833549743 ], [ 129.838120933999988, 32.833506207 ], [ 129.83809192199999, 32.833452539 ], [ 129.838081054000014, 32.833434316 ], [ 129.838066644, 32.833431316 ], [ 129.838042636000011, 32.833432391 ], [ 129.83802943399999, 32.833432426 ], [ 129.838018639000012, 32.833433474 ], [ 129.837910107, 32.833327176 ], [ 129.83788733899999, 32.833342559 ], [ 129.837769406, 32.833410475 ], [ 129.837709007, 32.833437349 ], [ 129.837612248999989, 32.833560307 ], [ 129.83756181699999, 32.833553346 ], [ 129.83742299799999, 32.833660194 ], [ 129.837390621, 32.833665358 ], [ 129.837353326, 32.833644159 ], [ 129.837285707, 32.833662782 ], [ 129.837160049, 32.833631495 ], [ 129.837154107, 32.833610987 ], [ 129.83713833600001, 32.833601137 ], [ 129.837060014, 32.833594187 ], [ 129.836958431999989, 32.833639135 ], [ 129.836929973999986, 32.833618796 ], [ 129.83671771600001, 32.833775664 ], [ 129.836704719000011, 32.833770757 ], [ 129.836663714, 32.833776819 ], [ 129.836647168000013, 32.833844804 ], [ 129.83641530599999, 32.833743382 ], [ 129.836399666, 32.833734442 ], [ 129.836379179, 32.833754255 ], [ 129.836323803, 32.83373644 ], [ 129.83629696, 32.833764657 ], [ 129.836215138999989, 32.833866553 ], [ 129.83594277, 32.833878133 ], [ 129.83589118399999, 32.83388233 ], [ 129.835937113999989, 32.833978571 ], [ 129.83593387, 32.834061697 ], [ 129.83598171, 32.834146147 ], [ 129.83602181099999, 32.834149683 ], [ 129.83607102900001, 32.83415158 ], [ 129.83606887, 32.834216478 ], [ 129.836064185, 32.834245898 ], [ 129.836059554, 32.834292559 ], [ 129.836063306, 32.834333112 ], [ 129.836034520999988, 32.834339276 ], [ 129.836015299, 32.834337686 ], [ 129.836001759, 32.834338868 ], [ 129.835995002, 32.834345758 ], [ 129.83599242299999, 32.83438125 ], [ 129.835998151000013, 32.834461358 ], [ 129.835990065, 32.834472832 ], [ 129.83597791, 32.834484309 ], [ 129.835946312, 32.834498173 ], [ 129.83592869, 32.834498761 ], [ 129.83591243699999, 32.834497182 ], [ 129.835877589, 32.834490241 ], [ 129.8358732, 32.834516044 ], [ 129.835861368, 32.83457094 ], [ 129.83585997899999, 32.834579295 ], [ 129.835858596, 32.834609147 ], [ 129.835869484, 32.83479163 ], [ 129.835870911, 32.834850035 ], [ 129.835866184999986, 32.834882837 ], [ 129.835855896999988, 32.834973376 ], [ 129.835856014, 32.835004325 ], [ 129.83595324800001, 32.835063447 ], [ 129.835868401999988, 32.835148226 ], [ 129.835816337000011, 32.835176032 ], [ 129.835758174, 32.835195658 ], [ 129.83574685799999, 32.835200341 ], [ 129.835734003, 32.835204551 ], [ 129.83571422899999, 32.835209627 ], [ 129.835699381000012, 32.835209667 ], [ 129.835678056, 32.835185629 ], [ 129.83558421399999, 32.835074185 ], [ 129.83555719200001, 32.835043597 ], [ 129.835463285, 32.835082328 ], [ 129.835394624, 32.835091115 ], [ 129.835436754999989, 32.835134261 ], [ 129.835445682, 32.835139251 ], [ 129.835478434, 32.835162582 ], [ 129.83552612, 32.835205947 ], [ 129.835510771, 32.83522296 ], [ 129.83552784299999, 32.835246487 ], [ 129.83557177, 32.835298619 ] ] ] } },
{ "type": "Feature", "properties": { "A29_001": "42308", "A29_002": "長崎県", "A29_003": "時津町", "A29_004": 1, "A29_005": "第一種低層住居専用地域", "A29_006": 50, "A29_007": 80, "A29_008": null }, "geometry": { "type": "Polygon", "coordinates": [ [ [ 129.831857202, 32.825880708 ], [ 129.83181117399999, 32.82587909 ], [ 129.83176509099999, 32.825877273 ], [ 129.831706333999989, 32.825876455 ], [ 129.83167177499999, 32.825874598 ], [ 129.831650779, 32.825872354 ], [ 129.831597695999989, 32.825869438 ], [ 129.831568347, 32.825866801 ], [ 129.831541397, 32.825863139 ], [ 129.83152797299999, 32.825860749 ], [ 129.8314958, 32.82587703 ], [ 129.831419452, 32.825905152 ], [ 129.831410849, 32.825909413 ], [ 129.831309672, 32.8259297 ], [ 129.83129824, 32.825946107 ], [ 129.831282485, 32.825957069 ], [ 129.831133185, 32.825975654 ], [ 129.831123811999987, 32.825965371 ], [ 129.830995156, 32.825983278 ], [ 129.83095348099999, 32.825977932 ], [ 129.830701935, 32.825924012 ], [ 129.83056183299999, 32.82590558 ], [ 129.830495027000012, 32.825900291 ], [ 129.830469685999986, 32.826036835 ], [ 129.83051935099999, 32.826261888 ], [ 129.83065209599999, 32.826427728 ], [ 129.830678008, 32.826442214 ], [ 129.830673112, 32.826478623 ], [ 129.830748371, 32.826531179 ], [ 129.830782297000013, 32.826578397 ], [ 129.831003497000012, 32.82658206 ], [ 129.831040607, 32.826520099 ], [ 129.831080834, 32.826446434 ], [ 129.831087266999987, 32.826447184 ], [ 129.831093039, 32.82644844 ], [ 129.831123225999988, 32.826466621 ], [ 129.831162557, 32.826473731 ], [ 129.83119111100001, 32.826483395 ], [ 129.83132384000001, 32.826575657 ], [ 129.831472209, 32.8266944 ], [ 129.831597820000013, 32.82679651 ], [ 129.83166444299999, 32.826847374 ], [ 129.831678157, 32.826858881 ], [ 129.831692780999987, 32.826885454 ], [ 129.831696684, 32.826915247 ], [ 129.831694696, 32.826955157 ], [ 129.831692866, 32.827023111 ], [ 129.831695075999988, 32.8270429 ], [ 129.831709558999989, 32.827103371 ], [ 129.831729601, 32.827141905 ], [ 129.831750284, 32.827180708 ], [ 129.831796782, 32.82727971 ], [ 129.831735536999986, 32.827322256 ], [ 129.831674322999987, 32.827364784 ], [ 129.831644106999988, 32.827381926 ], [ 129.83160625299999, 32.827398799 ], [ 129.831545018000014, 32.82741853 ], [ 129.83152869, 32.827422271 ], [ 129.831509146, 32.827422638 ], [ 129.831480648, 32.827427881 ], [ 129.831442571, 32.827442428 ], [ 129.831426713000013, 32.827474664 ], [ 129.831421240999987, 32.827499748 ], [ 129.831425029, 32.827521688 ], [ 129.83145872599999, 32.827599179 ], [ 129.831471851, 32.827635973 ], [ 129.83150834, 32.82771738 ], [ 129.831527929, 32.82774633 ], [ 129.83154102200001, 32.827774503 ], [ 129.831540159000014, 32.827792532 ], [ 129.831560622000012, 32.827803452 ], [ 129.831603346, 32.827815089 ], [ 129.83162191299999, 32.827818963 ], [ 129.83164047, 32.827817345 ], [ 129.831709058, 32.827795989 ], [ 129.831757256, 32.827783317 ], [ 129.831809171, 32.827770645 ], [ 129.831820314, 32.8277714 ], [ 129.83182868099999, 32.827775292 ], [ 129.831837986000011, 32.827781534 ], [ 129.831876115999989, 32.827807296 ], [ 129.831901281, 32.827836231 ], [ 129.831932028000011, 32.827869831 ], [ 129.83193491599999, 32.827899601 ], [ 129.83193957, 32.827901942 ], [ 129.832040674000012, 32.827893053 ], [ 129.832107459000014, 32.827886608 ], [ 129.832157542, 32.827880992 ], [ 129.832172367999988, 32.827875461 ], [ 129.832222417999986, 32.827858086 ], [ 129.832250205, 32.827845478 ], [ 129.832260396, 32.827843097 ], [ 129.83241538199999, 32.827850522 ], [ 129.832416384, 32.827870115 ], [ 129.832354282000011, 32.828135946 ], [ 129.832309122, 32.828155716 ], [ 129.832279590000013, 32.828170187 ], [ 129.832239316999988, 32.828191504 ], [ 129.832208912999988, 32.828212785 ], [ 129.832199964000012, 32.828218869 ], [ 129.832184778999988, 32.828234059 ], [ 129.832169607999987, 32.828253028 ], [ 129.832142846000011, 32.828288693 ], [ 129.832127672000013, 32.828306913 ], [ 129.832109804, 32.828324374 ], [ 129.832097288999989, 32.828336527 ], [ 129.832068670000012, 32.828355531 ], [ 129.832050329999987, 32.828366555 ], [ 129.832020362, 32.828384508 ], [ 129.831990851, 32.828410485 ], [ 129.831950164, 32.828452743 ], [ 129.831937579, 32.82847202 ], [ 129.831909929, 32.828570424 ], [ 129.831950490999986, 32.828549134 ], [ 129.832023399, 32.828508919 ], [ 129.832058482, 32.828493667 ], [ 129.832090563, 32.828475267 ], [ 129.832109976, 32.828468271 ], [ 129.832133142, 32.828465054 ], [ 129.832163802, 32.82846371 ], [ 129.832191475, 32.828466161 ], [ 129.832222143, 32.828469867 ], [ 129.832228886, 32.828473637 ], [ 129.8322334, 32.828481209 ], [ 129.832240926, 32.828494445 ], [ 129.832242997, 32.828502835 ], [ 129.832410154, 32.828537309 ], [ 129.832493046, 32.828562528 ], [ 129.832570131000011, 32.828596943 ], [ 129.83261342, 32.828628264 ], [ 129.832633617999988, 32.828662839 ], [ 129.83263791600001, 32.828692496 ], [ 129.832622206999986, 32.828742001 ], [ 129.832611479, 32.828780887 ], [ 129.832612433, 32.828813385 ], [ 129.832621737000011, 32.828839503 ], [ 129.83263183, 32.82885643 ], [ 129.832667070000014, 32.828886014 ], [ 129.832699501, 32.828901375 ], [ 129.832737167, 32.828911159 ], [ 129.83277982300001, 32.828910342 ], [ 129.833026483, 32.828891317 ], [ 129.83310382799999, 32.828892554 ], [ 129.83314568599999, 32.828903742 ], [ 129.83318250799999, 32.828907882 ], [ 129.833211758, 32.828903566 ], [ 129.83323930200001, 32.828888658 ], [ 129.833344315, 32.828788046 ], [ 129.833385088, 32.828774699 ], [ 129.833555598, 32.82874316 ], [ 129.83373410199999, 32.828738473 ], [ 129.833933878000011, 32.828706856 ], [ 129.83396565000001, 32.828703236 ], [ 129.833999108, 32.828704563 ], [ 129.834039753000013, 32.828717007 ], [ 129.83407413099999, 32.828738811 ], [ 129.834097652, 32.828767722 ], [ 129.834117063, 32.828814302 ], [ 129.83415422499999, 32.828926331 ], [ 129.834181134, 32.828964413 ], [ 129.83421640099999, 32.829001058 ], [ 129.834259161, 32.82902779 ], [ 129.83441785299999, 32.829068929 ], [ 129.83444463, 32.829071689 ], [ 129.83447556199999, 32.829068775 ], [ 129.834503985999987, 32.829063757 ], [ 129.834599204999989, 32.829031706 ], [ 129.83464512, 32.829008272 ], [ 129.834673525999989, 32.828998304 ], [ 129.834708631000012, 32.828991852 ], [ 129.83474374, 32.828988927 ], [ 129.834781155, 32.828991685 ], [ 129.834807958, 32.829001506 ], [ 129.83483479099999, 32.829019091 ], [ 129.83492277799999, 32.829135078 ], [ 129.834946273000014, 32.829154097 ], [ 129.834983150999989, 32.829175903 ], [ 129.835017505, 32.829191348 ], [ 129.835070218, 32.829197565 ], [ 129.835115347999988, 32.829186848 ], [ 129.83522639, 32.829133562 ], [ 129.83534961699999, 32.829090839 ], [ 129.83542323399999, 32.82909488 ], [ 129.835471853, 32.829123012 ], [ 129.835488649000013, 32.829141336 ], [ 129.83552077499999, 32.82923169 ], [ 129.835538433000011, 32.829257785 ], [ 129.83557624, 32.829302196 ], [ 129.835615991999987, 32.829330063 ], [ 129.835647813, 32.82934199 ], [ 129.835692163, 32.829345397 ], [ 129.835713051999988, 32.829341815 ], [ 129.835942845, 32.829282555 ], [ 129.836126404999987, 32.829287302 ], [ 129.836093267, 32.829175245 ], [ 129.836094331999988, 32.829163031 ], [ 129.83610866, 32.829130123 ], [ 129.83616389299999, 32.829031346 ], [ 129.836190329, 32.82896365 ], [ 129.836215673, 32.828900656 ], [ 129.83622223899999, 32.82887151 ], [ 129.836233134999986, 32.828812306 ], [ 129.8362353, 32.828794454 ], [ 129.83625207, 32.828786221 ], [ 129.836303976000011, 32.828754203 ], [ 129.836286261999987, 32.82858577 ], [ 129.83619546700001, 32.828410968 ], [ 129.836092834999988, 32.828240969 ], [ 129.836097755999987, 32.828211837 ], [ 129.83615289299999, 32.828167114 ], [ 129.836208749, 32.828123281 ], [ 129.836311924, 32.828057489 ], [ 129.83634346, 32.828039207 ], [ 129.836348453999989, 32.82802949 ], [ 129.836346026, 32.828017358 ], [ 129.836340130999986, 32.827994857 ], [ 129.83633672799999, 32.827976082 ], [ 129.836231817, 32.827867455 ], [ 129.836218822, 32.827851474 ], [ 129.836150371, 32.827752831 ], [ 129.836136761, 32.827738042 ], [ 129.83612574, 32.827707069 ], [ 129.83608154699999, 32.827470036 ], [ 129.836085383000011, 32.827450718 ], [ 129.83608976299999, 32.827430939 ], [ 129.836101888, 32.827417524 ], [ 129.836122440999986, 32.827401147 ], [ 129.83614299300001, 32.827384769 ], [ 129.836156283, 32.827368546 ], [ 129.836159293, 32.827359746 ], [ 129.836158966999989, 32.827344056 ], [ 129.836152335, 32.827324396 ], [ 129.836042233, 32.827223963 ], [ 129.835981091, 32.82715707 ], [ 129.83592412199999, 32.827089598 ], [ 129.83589618900001, 32.827054918 ], [ 129.835881691999987, 32.827042747 ], [ 129.835841558999988, 32.827018434 ], [ 129.83578933699999, 32.827011892 ], [ 129.835768132999988, 32.827008369 ], [ 129.835751167000012, 32.827001254 ], [ 129.83573841899999, 32.826994128 ], [ 129.83573626399999, 32.826983403 ], [ 129.835736163, 32.826956566 ], [ 129.835746683999986, 32.826936852 ], [ 129.835759314, 32.826915346 ], [ 129.835782531, 32.826892018 ], [ 129.835793086, 32.826881258 ], [ 129.835793052000014, 32.826872313 ], [ 129.835788758, 32.826858004 ], [ 129.83576324399999, 32.826833021 ], [ 129.83571220499999, 32.826783054 ], [ 129.83560809799999, 32.826702813 ], [ 129.835425406000013, 32.826572679 ], [ 129.835410544000013, 32.826565568 ], [ 129.835355498000013, 32.826574661 ], [ 129.83534276099999, 32.826567535 ], [ 129.835242701999988, 32.826438974 ], [ 129.835236293, 32.82642467 ], [ 129.835214502000014, 32.826261902 ], [ 129.835188612, 32.826136714 ], [ 129.835175478999986, 32.826024017 ], [ 129.835179492, 32.825937885 ], [ 129.83522585099999, 32.825859703 ], [ 129.835232448, 32.825836157 ], [ 129.835221238, 32.825791892 ], [ 129.835140612, 32.825709919 ], [ 129.835103623, 32.825663846 ], [ 129.835077837999989, 32.825623434 ], [ 129.835066581, 32.825594986 ], [ 129.835045842, 32.825564444 ], [ 129.835012298, 32.825533945 ], [ 129.834967986, 32.825500445 ], [ 129.834901089999988, 32.825453749 ], [ 129.83486387100001, 32.825414675 ], [ 129.83485066, 32.825380686 ], [ 129.834829318, 32.825334608 ], [ 129.834823481, 32.82526496 ], [ 129.834825558, 32.825226358 ], [ 129.834848760999989, 32.825170755 ], [ 129.834877904, 32.825132649 ], [ 129.834893813, 32.825120027 ], [ 129.834906546000013, 32.825111903 ], [ 129.834960650999989, 32.825065759 ], [ 129.835136446, 32.824975849 ], [ 129.835071427, 32.824973967 ], [ 129.83500044199999, 32.824973381 ], [ 129.834953566, 32.824959385 ], [ 129.83491332700001, 32.824929364 ], [ 129.83489534, 32.824889219 ], [ 129.83487667, 32.82466706 ], [ 129.834864348999986, 32.824651086 ], [ 129.834811866, 32.824628628 ], [ 129.834731702, 32.824592509 ], [ 129.834720276000013, 32.824578977 ], [ 129.834723588, 32.824570492 ], [ 129.834752584, 32.824510535 ], [ 129.834759883, 32.824440465 ], [ 129.834736514000014, 32.824389135 ], [ 129.834736281, 32.824326975 ], [ 129.834746222, 32.824300581 ], [ 129.83476732299999, 32.82428266 ], [ 129.834788973, 32.824112182 ], [ 129.834798688, 32.824025531 ], [ 129.834799163000014, 32.823989972 ], [ 129.834875, 32.82393182 ], [ 129.834906286, 32.823907028 ], [ 129.835014898999987, 32.823859925 ], [ 129.83494894, 32.823809259 ], [ 129.83485209599999, 32.823702639 ], [ 129.834828761000011, 32.823657449 ], [ 129.834815467999988, 32.823547647 ], [ 129.834797164, 32.823488296 ], [ 129.8347367, 32.823439247 ], [ 129.83473668100001, 32.823214738 ], [ 129.834730619, 32.823156301 ], [ 129.83471243599999, 32.823129196 ], [ 129.83444134699999, 32.822894897 ], [ 129.834268967000014, 32.822732252 ], [ 129.83425787499999, 32.8227221 ], [ 129.834191239, 32.822630215 ], [ 129.834034315999986, 32.822667589 ], [ 129.834002649000013, 32.822673318 ], [ 129.83401196599999, 32.822714334 ], [ 129.834014491, 32.822778318 ], [ 129.834017154, 32.822819342 ], [ 129.834025887, 32.822869801 ], [ 129.83408065, 32.822873893 ], [ 129.834173615999987, 32.823020861 ], [ 129.833574145, 32.823287053 ], [ 129.833532531, 32.823308798 ], [ 129.833523523999986, 32.823319427 ], [ 129.833512071, 32.823344058 ], [ 129.833509166, 32.823375457 ], [ 129.833523232, 32.82350121 ], [ 129.833370962, 32.82348698 ], [ 129.83331923099999, 32.823487965 ], [ 129.833303679000011, 32.823493516 ], [ 129.833294671, 32.823500755 ], [ 129.83322689100001, 32.823643057 ], [ 129.833217861, 32.823647319 ], [ 129.833200796999989, 32.823651188 ], [ 129.833183217999988, 32.823651235 ], [ 129.833149092000014, 32.823656412 ], [ 129.83313103899999, 32.823664098 ], [ 129.83312195900001, 32.82367507 ], [ 129.833122006999986, 32.823688064 ], [ 129.833122925999987, 32.823691119 ], [ 129.833124751000014, 32.823696462 ], [ 129.833133842, 32.823705618 ], [ 129.833153842, 32.823730021 ], [ 129.833223734, 32.823787161 ], [ 129.833260919999987, 32.823809228 ], [ 129.83329083000001, 32.823822143 ], [ 129.833308942, 32.823827452 ], [ 129.833337019, 32.823832725 ], [ 129.833377766000012, 32.82383873 ], [ 129.83337930499999, 32.823839114 ], [ 129.83344114, 32.823780541 ], [ 129.833464209999988, 32.823872191 ], [ 129.833493755, 32.823998948 ], [ 129.833724445, 32.825102544 ], [ 129.833882783, 32.825907443 ], [ 129.83384713, 32.825906952 ], [ 129.833732897, 32.825894524 ], [ 129.833627107000012, 32.825837786 ], [ 129.83344829699999, 32.825841896 ], [ 129.83339945899999, 32.825843244 ], [ 129.833272341999987, 32.825844187 ], [ 129.833151761000011, 32.825862101 ], [ 129.833115905999989, 32.825879177 ], [ 129.833103023, 32.825890132 ], [ 129.833098086, 32.825915017 ], [ 129.833099056, 32.825949002 ], [ 129.833103384999987, 32.825966955 ], [ 129.83312902099999, 32.825999224 ], [ 129.833146112, 32.826019532 ], [ 129.833160392, 32.826048234 ], [ 129.833166143999989, 32.826069771 ], [ 129.83316341599999, 32.826097328 ], [ 129.833155006999988, 32.826124891 ], [ 129.833146612, 32.826153653 ], [ 129.833139569999986, 32.826166847 ], [ 129.833129688000014, 32.82617765 ], [ 129.833112687000011, 32.826181284 ], [ 129.833099936999986, 32.826184916 ], [ 129.833051758000011, 32.826191032 ], [ 129.833016342, 32.826197114 ], [ 129.833000771, 32.826203144 ], [ 129.832978148, 32.826219968 ], [ 129.83296264399999, 32.826243961 ], [ 129.832940087999987, 32.826278749 ], [ 129.832930291, 32.826312303 ], [ 129.83293198199999, 32.826387742 ], [ 129.832939317000012, 32.826444129 ], [ 129.832936659000012, 32.826447518 ], [ 129.832924639, 32.826452068 ], [ 129.83290058599999, 32.826457786 ], [ 129.832881863000011, 32.826457836 ], [ 129.83285913899999, 32.826459023 ], [ 129.832835065000012, 32.826459087 ], [ 129.83282168400001, 32.82645686 ], [ 129.832804269, 32.826446743 ], [ 129.832788174, 32.826435486 ], [ 129.832777418, 32.826420834 ], [ 129.83276663800001, 32.826397145 ], [ 129.832757162, 32.826367799 ], [ 129.83273695599999, 32.82632831 ], [ 129.832695231, 32.826255006 ], [ 129.832672366, 32.826221178 ], [ 129.83263763, 32.826183296 ], [ 129.832617078, 32.826165342 ], [ 129.83254119, 32.826107622 ], [ 129.832471394, 32.826068002 ], [ 129.832370051, 32.826026293 ], [ 129.832208097, 32.825979524 ], [ 129.832193864, 32.825974972 ], [ 129.831952675999986, 32.825906507 ], [ 129.83193524, 32.825902081 ], [ 129.831857202, 32.825880708 ] ] ] } },
{ "type": "Feature", "properties": { "A29_001": "42308", "A29_002": "長崎県", "A29_003": "時津町", "A29_004": 1, "A29_005": "第一種低層住居専用地域", "A29_006": 50, "A29_007": 80, "A29_008": null }, "geometry": { "type": "Polygon", "coordinates": [ [ [ 129.839599881999987, 32.825678386 ], [ 129.839590543000014, 32.825702399 ], [ 129.839661758, 32.825735355 ], [ 129.83968308199999, 32.825764867 ], [ 129.839530881, 32.825915824 ], [ 129.83948238, 32.825938067 ], [ 129.839475478, 32.825946067 ], [ 129.839364786, 32.826084088 ], [ 129.839344802999989, 32.826109572 ], [ 129.83932147199999, 32.826130837 ], [ 129.839292261, 32.826147869 ], [ 129.839261365999988, 32.826159965 ], [ 129.839184735, 32.826174872 ], [ 129.839115381999989, 32.826193429 ], [ 129.839072800999986, 32.826214033 ], [ 129.839046153999988, 32.826242367 ], [ 129.839008008, 32.826283204 ], [ 129.838910862, 32.826396839 ], [ 129.838893643, 32.826421712 ], [ 129.838892421999986, 32.826496897 ], [ 129.8389039, 32.826583032 ], [ 129.83892133, 32.826622059 ], [ 129.838996173999988, 32.826659993 ], [ 129.83906588100001, 32.826669688 ], [ 129.839145183999989, 32.826708556 ], [ 129.839183275000011, 32.826734722 ], [ 129.83919479299999, 32.826744394 ], [ 129.839202879999988, 32.826756014 ], [ 129.839204067, 32.826764749 ], [ 129.839204114000012, 32.826777356 ], [ 129.83920186200001, 32.826789004 ], [ 129.839198468, 32.826803568 ], [ 129.839185687999986, 32.826841316 ], [ 129.839150703, 32.826929831 ], [ 129.83914505300001, 32.826955078 ], [ 129.839139366000012, 32.826970613 ], [ 129.83913603, 32.827000706 ], [ 129.839171982000011, 32.827087928 ], [ 129.839222541, 32.827188286 ], [ 129.839242281, 32.827320858 ], [ 129.83931098, 32.827503347 ], [ 129.839343539999987, 32.827563525 ], [ 129.839335811000012, 32.82758426 ], [ 129.839305827, 32.82761447 ], [ 129.83926320899999, 32.827636607 ], [ 129.83929047699999, 32.827771187 ], [ 129.83929063, 32.827811677 ], [ 129.839467124, 32.827902532 ], [ 129.839516263, 32.827924059 ], [ 129.839564252, 32.827938051 ], [ 129.839619999, 32.827938847 ], [ 129.839741492, 32.82793004 ], [ 129.839792759, 32.827927078 ], [ 129.839839108, 32.828020693 ], [ 129.839817927000013, 32.828045739 ], [ 129.839811156, 32.828076806 ], [ 129.839811322, 32.828120461 ], [ 129.839821796, 32.828155927 ], [ 129.839849831, 32.828200101 ], [ 129.839892359, 32.828244236 ], [ 129.83993719599999, 32.828305319 ], [ 129.840001258, 32.828442162 ], [ 129.840006972999987, 32.828478867 ], [ 129.84000829199999, 32.828533476 ], [ 129.839998388999987, 32.828580837 ], [ 129.840008726, 32.828644593 ], [ 129.84003332099999, 32.828663355 ], [ 129.840056801, 32.828681183 ], [ 129.84008464199999, 32.828694012 ], [ 129.840178576999989, 32.828734878 ], [ 129.840226546999986, 32.828757932 ], [ 129.840206722, 32.828822013 ], [ 129.840204626, 32.82885497 ], [ 129.84022153, 32.828879047 ], [ 129.840233525, 32.828887716 ], [ 129.840273207, 32.828916195 ], [ 129.840304764, 32.828942847 ], [ 129.840302442, 32.829118125 ], [ 129.840498109, 32.829222335 ], [ 129.840550208, 32.829143098 ], [ 129.840573552, 32.829125152 ], [ 129.840703526999988, 32.829004274 ], [ 129.840742336, 32.828949557 ], [ 129.84081342799999, 32.828879682 ], [ 129.840854130999986, 32.828739272 ], [ 129.840876134000013, 32.828661063 ], [ 129.84085664700001, 32.828634576 ], [ 129.840883671, 32.828634782 ], [ 129.840902892, 32.828664507 ], [ 129.8409356, 32.828687513 ], [ 129.84095507399999, 32.828696649 ], [ 129.841032272, 32.828723708 ], [ 129.841039169, 32.828734069 ], [ 129.84108158, 32.828747138 ], [ 129.841163859, 32.82868947 ], [ 129.841261685, 32.8286167 ], [ 129.841309516, 32.828589263 ], [ 129.84134054, 32.828537885 ], [ 129.84131147799999, 32.828518639 ], [ 129.841357689, 32.828444603 ], [ 129.841358007999986, 32.828441301 ], [ 129.84132645, 32.82831952 ], [ 129.841417975000013, 32.828249806 ], [ 129.841576312, 32.828195005 ], [ 129.841686533, 32.828143339 ], [ 129.841718458, 32.828115567 ], [ 129.841765529000014, 32.828101695 ], [ 129.841819159000011, 32.828104732 ], [ 129.84188233899999, 32.82810556 ], [ 129.84195029, 32.828105375 ], [ 129.842082699, 32.82812717 ], [ 129.842150651, 32.828130005 ], [ 129.842174994, 32.828130408 ], [ 129.842156941000013, 32.82801556 ], [ 129.842158369, 32.827950556 ], [ 129.842169598, 32.827826169 ], [ 129.842164290999989, 32.82775129 ], [ 129.842155623, 32.827671659 ], [ 129.842145327999987, 32.827602439 ], [ 129.842116604000012, 32.82752904 ], [ 129.842089345, 32.82740052 ], [ 129.842090496, 32.827263446 ], [ 129.842068409, 32.827174482 ], [ 129.842239046, 32.827121829 ], [ 129.842466320999989, 32.827063268 ], [ 129.84261522599999, 32.82706993 ], [ 129.842566384, 32.826953355 ], [ 129.842522729, 32.826911081 ], [ 129.842473882, 32.826823607 ], [ 129.84247539099999, 32.826779794 ], [ 129.84249196, 32.826739051 ], [ 129.842511975, 32.826724865 ], [ 129.842537042, 32.82671632 ], [ 129.84259216800001, 32.82669779 ], [ 129.842679021, 32.826663646 ], [ 129.84271238, 32.826639531 ], [ 129.842732356999988, 32.826612621 ], [ 129.842740561999989, 32.826571621 ], [ 129.842735331, 32.826516527 ], [ 129.842708294, 32.826445946 ], [ 129.84269136399999, 32.826390064 ], [ 129.842736228, 32.82631081 ], [ 129.84276095300001, 32.826216063 ], [ 129.84276399699999, 32.826135508 ], [ 129.842752064, 32.826079016 ], [ 129.842728402, 32.82601408 ], [ 129.84267795400001, 32.825946386 ], [ 129.84261763, 32.825896331 ], [ 129.842657097, 32.825729997 ], [ 129.84266019, 32.825662156 ], [ 129.842638184, 32.825594384 ], [ 129.84260957399999, 32.825550662 ], [ 129.842500773000012, 32.825436947 ], [ 129.842452132, 32.825403164 ], [ 129.842351567, 32.825351154 ], [ 129.842304684999988, 32.825338567 ], [ 129.842137403, 32.825337608 ], [ 129.84205097, 32.825311116 ], [ 129.841796366000011, 32.825221371 ], [ 129.841662316, 32.825160271 ], [ 129.841426985, 32.825055224 ], [ 129.841255057000012, 32.824995426 ], [ 129.841114455, 32.824963787 ], [ 129.841106712, 32.824980527 ], [ 129.841086122, 32.824989529 ], [ 129.84104231, 32.824986483 ], [ 129.840965121000011, 32.824980787 ], [ 129.840772431, 32.824976983 ], [ 129.840543437, 32.824975983 ], [ 129.840431415000012, 32.824982961 ], [ 129.840395390999987, 32.824975123 ], [ 129.840374306, 32.824963457 ], [ 129.84032056, 32.82494334 ], [ 129.840219357, 32.824925183 ], [ 129.83997935299999, 32.825056134 ], [ 129.839928648000011, 32.825085886 ], [ 129.83987295, 32.825086037 ], [ 129.839898662, 32.825210459 ], [ 129.839705645, 32.825280944 ], [ 129.839740565, 32.82535521 ], [ 129.839745641, 32.825372862 ], [ 129.839746565000013, 32.825399408 ], [ 129.839745822999987, 32.825426257 ], [ 129.83972919199999, 32.825451029 ], [ 129.839715848999987, 32.825461661 ], [ 129.83969752199999, 32.825478673 ], [ 129.83967503, 32.825504165 ], [ 129.839660081, 32.825530348 ], [ 129.839630225, 32.825596845 ], [ 129.839614520999987, 32.825646351 ], [ 129.839599881999987, 32.825678386 ] ] ] } },
{ "type": "Feature", "properties": { "A29_001": "42308", "A29_002": "長崎県", "A29_003": "時津町", "A29_004": 9, "A29_005": "商業地域", "A29_006": 80, "A29_007": 400, "A29_008": null }, "geometry": { "type": "Polygon", "coordinates": [ [ [ 129.848991934999987, 32.832057978 ], [ 129.84903505, 32.832078545 ], [ 129.849075954999989, 32.832099064 ], [ 129.849111927, 32.832114772 ], [ 129.849147888, 32.832130471 ], [ 129.84919165299999, 32.832145012 ], [ 129.849240353, 32.832159584 ], [ 129.849284181, 32.832165756 ], [ 129.849328738, 32.832169545 ], [ 129.849375447999989, 32.832169758 ], [ 129.84941937799999, 32.83216638 ], [ 129.849470424, 32.832158247 ], [ 129.84953361, 32.832140612 ], [ 129.849603312, 32.832112246 ], [ 129.849656657, 32.832090968 ], [ 129.849699299, 32.832078008 ], [ 129.849741897, 32.832069827 ], [ 129.849801465000013, 32.832064114 ], [ 129.849847522, 32.832063733 ], [ 129.849913335999986, 32.83206822 ], [ 129.849944486, 32.832074274 ], [ 129.849999856000011, 32.832087574 ], [ 129.850056201, 32.832109591 ], [ 129.850221366, 32.832182904 ], [ 129.85037119899999, 32.832246719 ], [ 129.850414879, 32.832264128 ], [ 129.850403601000011, 32.832223759 ], [ 129.850392636, 32.832192245 ], [ 129.85036780199999, 32.832146126 ], [ 129.85004425299999, 32.831536216 ], [ 129.850028205, 32.831505014 ], [ 129.850702430000013, 32.831206431 ], [ 129.85038952799999, 32.830927628 ], [ 129.850293298999986, 32.830853617 ], [ 129.850181017000011, 32.830766142 ], [ 129.850112878, 32.830719061 ], [ 129.850070248, 32.830696771 ], [ 129.84997665, 32.830656444 ], [ 129.84997607299999, 32.830656193 ], [ 129.84999517899999, 32.830590273 ], [ 129.850103534, 32.830452791 ], [ 129.850153621, 32.830388326 ], [ 129.850015799, 32.830338284 ], [ 129.849920666, 32.830312119 ], [ 129.849804428, 32.830283487 ], [ 129.849717743000014, 32.830270527 ], [ 129.84964238399999, 32.83026677 ], [ 129.84954323299999, 32.830261807 ], [ 129.849407128, 32.830263053 ], [ 129.849325201, 32.830265013 ], [ 129.849212411, 32.830271126 ], [ 129.848819647, 32.830293558 ], [ 129.848233013, 32.830325176 ], [ 129.848133603, 32.830330403 ], [ 129.848071757000014, 32.830335318 ], [ 129.84788180000001, 32.83034545 ], [ 129.847912560999987, 32.830172772 ], [ 129.84790949, 32.830135564 ], [ 129.847918029999988, 32.829972813 ], [ 129.847924769, 32.829876709 ], [ 129.84793897599999, 32.829797646 ], [ 129.848093686999988, 32.829799263 ], [ 129.84819035000001, 32.8298073 ], [ 129.848409787, 32.829835808 ], [ 129.84848789, 32.829844771 ], [ 129.84867866799999, 32.829878426 ], [ 129.848857758, 32.829919554 ], [ 129.849030273000011, 32.829958968 ], [ 129.849266898, 32.830012748 ], [ 129.849428353, 32.830059037 ], [ 129.849463, 32.829919236 ], [ 129.849453425, 32.829885347 ], [ 129.849401166, 32.829809697 ], [ 129.84937108599999, 32.829776442 ], [ 129.849752233, 32.829548498 ], [ 129.84932846, 32.829482426 ], [ 129.84920431099999, 32.829459714 ], [ 129.84882268699999, 32.829371871 ], [ 129.848734229, 32.829353451 ], [ 129.84874729500001, 32.829282949 ], [ 129.848811891999986, 32.828891827 ], [ 129.84885789, 32.828576543 ], [ 129.849070524000012, 32.828597891 ], [ 129.849139646, 32.828353675 ], [ 129.84914079, 32.828329341 ], [ 129.849083482999987, 32.828325705 ], [ 129.84855302299999, 32.828267214 ], [ 129.848483433000013, 32.82826335 ], [ 129.848200831000014, 32.828234161 ], [ 129.848169012999989, 32.828231445 ], [ 129.84831997500001, 32.827306226 ], [ 129.848300596, 32.827346247 ], [ 129.848221814999988, 32.827450496 ], [ 129.848172274, 32.827498645 ], [ 129.847897622, 32.827669819 ], [ 129.847477199999986, 32.827923992 ], [ 129.847438454000013, 32.828147165 ], [ 129.847381082999988, 32.828530177 ], [ 129.84732982, 32.828869129 ], [ 129.84713008, 32.830166107 ], [ 129.847048094, 32.830691146 ], [ 129.847023740999987, 32.830847881 ], [ 129.847013653, 32.830879534 ], [ 129.847002202999988, 32.830906908 ], [ 129.84697427399999, 32.830956981 ], [ 129.84695774299999, 32.830982772 ], [ 129.84692942, 32.831022106 ], [ 129.84688755, 32.831071693 ], [ 129.84685597, 32.831102838 ], [ 129.84681516500001, 32.831135299 ], [ 129.846767414, 32.831166732 ], [ 129.846748991, 32.831178217 ], [ 129.84672751299999, 32.831189639 ], [ 129.846692229000013, 32.831207917 ], [ 129.84657789900001, 32.831257976 ], [ 129.846443313, 32.831301301 ], [ 129.846533219, 32.831711616 ], [ 129.846669182999989, 32.831665267 ], [ 129.846734516, 32.832123211 ], [ 129.847684401, 32.832025284 ], [ 129.847770445, 32.832574845 ], [ 129.84799332099999, 32.83257161 ], [ 129.847957752000013, 32.832385365 ], [ 129.848038984999988, 32.832372063 ], [ 129.847951526, 32.831780582 ], [ 129.848837545, 32.831683311 ], [ 129.84892872099999, 32.83223228 ], [ 129.84897900199999, 32.832222328 ], [ 129.848959008, 32.832058927 ], [ 129.848991934999987, 32.832057978 ] ] ] } },
{ "type": "Feature", "properties": { "A29_001": "42308", "A29_002": "長崎県", "A29_003": "時津町", "A29_004": 3, "A29_005": "第一種中高層住居専用地域", "A29_006": 60, "A29_007": 200, "A29_008": null }, "geometry": { "type": "Polygon", "coordinates": [ [ [ 129.86332397699999, 32.836927698 ], [ 129.863358025999986, 32.836897615 ], [ 129.863334079999987, 32.836879847 ], [ 129.863239553999989, 32.836803389 ], [ 129.862940063, 32.83657708 ], [ 129.86254883699999, 32.836282077 ], [ 129.86244602799999, 32.836201458 ], [ 129.862399081, 32.83616463 ], [ 129.862359067999989, 32.836133247 ], [ 129.861893119, 32.835783855 ], [ 129.861617012000011, 32.835577153 ], [ 129.861446468999986, 32.835445949 ], [ 129.861399087, 32.8354095 ], [ 129.861365967000012, 32.835384012 ], [ 129.861143558, 32.835216625 ], [ 129.861009639, 32.835115912 ], [ 129.86092752, 32.835047614 ], [ 129.86084014, 32.834962187 ], [ 129.86078848299999, 32.834901502 ], [ 129.860743977999988, 32.834839272 ], [ 129.860659356000014, 32.834688359 ], [ 129.860625402000011, 32.834628199 ], [ 129.86046727199999, 32.834348236 ], [ 129.86023616899999, 32.834441884 ], [ 129.85908448, 32.834901866 ], [ 129.85844907399999, 32.835152688 ], [ 129.858349099, 32.83497865 ], [ 129.85832881499999, 32.835010713 ], [ 129.858283375000013, 32.835077061 ], [ 129.858225209000011, 32.835179778 ], [ 129.85816214, 32.83529049 ], [ 129.858089696, 32.835407424 ], [ 129.857970384999987, 32.835581422 ], [ 129.857946895, 32.835610581 ], [ 129.85787984800001, 32.835688551 ], [ 129.857825357, 32.83573009 ], [ 129.857774616, 32.835766847 ], [ 129.857744577, 32.835795583 ], [ 129.85772912199999, 32.835817369 ], [ 129.857820268000012, 32.836000694 ], [ 129.857980131, 32.836325348 ], [ 129.85804882799999, 32.836466677 ], [ 129.858149198, 32.836651066 ], [ 129.858198965000014, 32.836728288 ], [ 129.85822808399999, 32.836755068 ], [ 129.858250903999988, 32.836777151 ], [ 129.858258686, 32.836751978 ], [ 129.858270573, 32.836738074 ], [ 129.85833458799999, 32.836692504 ], [ 129.858377749, 32.836662126 ], [ 129.858429953000012, 32.83664937 ], [ 129.858594062, 32.836626202 ], [ 129.858728377, 32.836615735 ], [ 129.858846284, 32.836607831 ], [ 129.858971641000011, 32.836598643 ], [ 129.859008963, 32.836598536 ], [ 129.85921655300001, 32.836619376 ], [ 129.859428624, 32.836643963 ], [ 129.85965714299999, 32.83667357 ], [ 129.859713889, 32.836677185 ], [ 129.859733287000012, 32.83667713 ], [ 129.859931804000013, 32.83666774 ], [ 129.85998253299999, 32.836662544 ], [ 129.86013914, 32.836641352 ], [ 129.860197376, 32.836630408 ], [ 129.860213784, 32.836627845 ], [ 129.860292843, 32.836612486 ], [ 129.860377132999986, 32.83658592 ], [ 129.860430071, 32.836585614 ], [ 129.860467418000013, 32.83659181 ], [ 129.86050329599999, 32.836604314 ], [ 129.860639354999989, 32.836655612 ], [ 129.860864711, 32.836639839 ], [ 129.860916956000011, 32.836639689 ], [ 129.861127547, 32.836665558 ], [ 129.861282867999989, 32.836680232 ], [ 129.861457597, 32.836697385 ], [ 129.86152330499999, 32.836703498 ], [ 129.861574100000013, 32.836712171 ], [ 129.86170106, 32.836729461 ], [ 129.861781705999988, 32.836736785 ], [ 129.861844424, 32.836740391 ], [ 129.862157994, 32.836759657 ], [ 129.862271475999989, 32.836766895 ], [ 129.862383802000011, 32.836781467 ], [ 129.862477804, 32.836797517 ], [ 129.862544847, 32.83681149 ], [ 129.862652445, 32.836837655 ], [ 129.862758568, 32.836871389 ], [ 129.862881155999986, 32.836913896 ], [ 129.863002263, 32.836960194 ], [ 129.863030654, 32.836967677 ], [ 129.863059045999989, 32.836972636 ], [ 129.863123258, 32.836978753 ], [ 129.863178489, 32.83697733 ], [ 129.863224757000012, 32.836973418 ], [ 129.863247136000012, 32.836970828 ], [ 129.863263534, 32.836965739 ], [ 129.863296303, 32.836946734 ], [ 129.863315666, 32.836935333 ], [ 129.86332397699999, 32.836927698 ] ] ] } },
{ "type": "Feature", "properties": { "A29_001": "42308", "A29_002": "長崎県", "A29_003": "時津町", "A29_004": 3, "A29_005": "第一種中高層住居専用地域", "A29_006": 60, "A29_007": 200, "A29_008": null }, "geometry": { "type": "Polygon", "coordinates": [ [ [ 129.863692464, 32.834321718 ], [ 129.86364431199999, 32.834340119 ], [ 129.863596159, 32.83435852 ], [ 129.86354719, 32.83437319 ], [ 129.86349830399999, 32.834381899 ], [ 129.863460172, 32.8343821 ], [ 129.86340715, 32.834371965 ], [ 129.863391326, 32.83436843 ], [ 129.863343547, 32.834357748 ], [ 129.863260787, 32.834337166 ], [ 129.86319251, 32.834323963 ], [ 129.863125258999986, 32.834310983 ], [ 129.863035214, 32.834303138 ], [ 129.862990798, 32.834300227 ], [ 129.862952729999989, 32.834263626 ], [ 129.862568204000013, 32.833966972 ], [ 129.862329144, 32.833786505 ], [ 129.86223800499999, 32.833716997 ], [ 129.862181606, 32.83371689 ], [ 129.86167779199999, 32.833899146 ], [ 129.860935598, 32.83419545 ], [ 129.860888311999986, 32.834214388 ], [ 129.861021437, 32.834449379 ], [ 129.86106460100001, 32.834525879 ], [ 129.861126649, 32.834638982 ], [ 129.861163463, 32.834692803 ], [ 129.861197335000014, 32.83473251 ], [ 129.861316219, 32.834840119 ], [ 129.861496644999988, 32.834974956 ], [ 129.861700146, 32.835128699 ], [ 129.86180321399999, 32.835207984 ], [ 129.861916291, 32.835294994 ], [ 129.86219107, 32.835500699 ], [ 129.86270246399999, 32.835885605 ], [ 129.86274971099999, 32.835922667 ], [ 129.863240092000012, 32.836295485 ], [ 129.86371262099999, 32.836661508 ], [ 129.863862587, 32.836777348 ], [ 129.86391182700001, 32.836695323 ], [ 129.863956317, 32.836624584 ], [ 129.863962155, 32.836589271 ], [ 129.863948388000011, 32.83650862 ], [ 129.863942278, 32.836474595 ], [ 129.863922554999988, 32.836397748 ], [ 129.863902859, 32.836327205 ], [ 129.86384267, 32.83621013 ], [ 129.863814042, 32.836144654 ], [ 129.86376282, 32.836031331 ], [ 129.863725216, 32.835959568 ], [ 129.863691870999986, 32.835837374 ], [ 129.863670613000011, 32.835750441 ], [ 129.86362342000001, 32.835524907 ], [ 129.863614391, 32.835506023 ], [ 129.863546675, 32.835373838 ], [ 129.86353005699999, 32.835324721 ], [ 129.863519508, 32.835302053 ], [ 129.863493769, 32.835211355 ], [ 129.863475378, 32.835094158 ], [ 129.86347062499999, 32.835028612 ], [ 129.863486806, 32.834968047 ], [ 129.86349410299999, 32.834928942 ], [ 129.863507406999986, 32.834896124 ], [ 129.863528120000012, 32.834849414 ], [ 129.863544409000014, 32.83481785 ], [ 129.863575544000014, 32.834764806 ], [ 129.863642273000011, 32.834654929 ], [ 129.863651162, 32.834639771 ], [ 129.863693805999986, 32.834556557 ], [ 129.863743465, 32.834456991 ], [ 129.863761398, 32.834404265 ], [ 129.863692464, 32.834321718 ] ] ] } },
{ "type": "Feature", "properties": { "A29_001": "42308", "A29_002": "長崎県", "A29_003": "時津町", "A29_004": 10, "A29_005": "準工業地域", "A29_006": 60, "A29_007": 200, "A29_008": null }, "geometry": { "type": "Polygon", "coordinates": [ [ [ 129.853306921000012, 32.833089301 ], [ 129.85328177400001, 32.833034444 ], [ 129.853248017, 32.8329608 ], [ 129.85274628499999, 32.832811284 ], [ 129.852528729999989, 32.832731439 ], [ 129.85237041, 32.833250682 ], [ 129.852140945, 32.833909675 ], [ 129.852880270000014, 32.834082629 ], [ 129.853199641, 32.833354881 ], [ 129.853306921000012, 32.833089301 ] ] ] } },
{ "type": "Feature", "properties": { "A29_001": "42308", "A29_002": "長崎県", "A29_003": "時津町", "A29_004": 8, "A29_005": "近隣商業地域", "A29_006": 80, "A29_007": 300, "A29_008": null }, "geometry": { "type": "Polygon", "coordinates": [ [ [ 129.862354398, 32.830888919 ], [ 129.862246376, 32.8319432 ], [ 129.862287903, 32.831942729 ], [ 129.863184195, 32.831932502 ], [ 129.863903892, 32.83192207 ], [ 129.86396156, 32.831484664 ], [ 129.863998665, 32.831128288 ], [ 129.863940117999988, 32.830729437 ], [ 129.862354398, 32.830888919 ] ] ] } },
{ "type": "Feature", "properties": { "A29_001": "42308", "A29_002": "長崎県", "A29_003": "時津町", "A29_004": 1, "A29_005": "第一種低層住居専用地域", "A29_006": 50, "A29_007": 80, "A29_008": null }, "geometry": { "type": "Polygon", "coordinates": [ [ [ 129.83591251499999, 32.838682056 ], [ 129.835886863000013, 32.838683829 ], [ 129.83576064799999, 32.838699237 ], [ 129.835694805, 32.838711001 ], [ 129.835682386, 32.838692494 ], [ 129.835683579, 32.838646121 ], [ 129.835688721, 32.838553368 ], [ 129.835665352, 32.838543006 ], [ 129.835648854, 32.838536088 ], [ 129.835632382999989, 32.838536132 ], [ 129.835606360000014, 32.838550117 ], [ 129.835555848000013, 32.838622124 ], [ 129.835517702, 32.838698725 ], [ 129.83550400199999, 32.838705723 ], [ 129.835490267000011, 32.838703443 ], [ 129.835459898000011, 32.838658309 ], [ 129.835373449, 32.838664339 ], [ 129.835267807, 32.838673892 ], [ 129.835240559, 32.838728451 ], [ 129.835248197999988, 32.838799987 ], [ 129.83522406, 32.838792386 ], [ 129.83521325000001, 32.838766778 ], [ 129.835195319, 32.838742478 ], [ 129.835089470000014, 32.838699872 ], [ 129.834919015999986, 32.838631937 ], [ 129.834896687999986, 32.838625549 ], [ 129.834880008, 32.838652566 ], [ 129.834864919000012, 32.838685161 ], [ 129.834824524, 32.838697768 ], [ 129.83479402, 32.838716192 ], [ 129.834717114999989, 32.838766086 ], [ 129.83469493199999, 32.838801269 ], [ 129.83468799900001, 32.838846693 ], [ 129.834697272999989, 32.838884353 ], [ 129.834709549, 32.838913457 ], [ 129.834723878, 32.838948534 ], [ 129.834732099, 32.838975927 ], [ 129.834717962000013, 32.838994812 ], [ 129.834709858, 32.83899569 ], [ 129.834686519, 32.838993182 ], [ 129.834657074, 32.838986408 ], [ 129.834609562999987, 32.839032796 ], [ 129.834619785, 32.839052473 ], [ 129.834591663, 32.839127676 ], [ 129.834581515, 32.839127703 ], [ 129.8345165, 32.839103889 ], [ 129.834472846000011, 32.839093725 ], [ 129.834416119, 32.839115294 ], [ 129.834396938999987, 32.839139324 ], [ 129.834387921, 32.839170189 ], [ 129.834396072, 32.839178734 ], [ 129.834495752, 32.839251287 ], [ 129.834545405999989, 32.83936018 ], [ 129.834559477, 32.83940075 ], [ 129.834652516, 32.839664643 ], [ 129.834681042, 32.83969713 ], [ 129.83471338199999, 32.839715647 ], [ 129.834786662, 32.839726832 ], [ 129.834841493999988, 32.839741249 ], [ 129.834861835, 32.839755758 ], [ 129.834898476, 32.839787349 ], [ 129.834965348, 32.839824594 ], [ 129.83505796899999, 32.839905732 ], [ 129.835089102000012, 32.839923991 ], [ 129.835144840999988, 32.839940939 ], [ 129.835180342, 32.839959015 ], [ 129.83532629199999, 32.84003781 ], [ 129.835377130000012, 32.840069362 ], [ 129.83553061399999, 32.840149038 ], [ 129.835549832999988, 32.840138138 ], [ 129.835646921, 32.840202464 ], [ 129.835718665, 32.840248353 ], [ 129.835737044000012, 32.840280858 ], [ 129.835788659, 32.840422191 ], [ 129.835816365999989, 32.840441198 ], [ 129.835876504, 32.840497083 ], [ 129.835907017000011, 32.840523766 ], [ 129.836029634, 32.840482505 ], [ 129.836052626999987, 32.84047531 ], [ 129.836066447, 32.840477221 ], [ 129.836071822, 32.840480444 ], [ 129.836077991, 32.84048756 ], [ 129.836087184, 32.840483649 ], [ 129.836171495, 32.840456838 ], [ 129.836187609, 32.840458093 ], [ 129.836192997000012, 32.840461965 ], [ 129.836196854, 32.84046779 ], [ 129.836227893, 32.8405234 ], [ 129.836291953999989, 32.840608357 ], [ 129.836306833, 32.840622078 ], [ 129.836323185999987, 32.840635804 ], [ 129.83635733, 32.840650736 ], [ 129.836548826000012, 32.840725331 ], [ 129.836602236, 32.840738957 ], [ 129.836648215, 32.840747834 ], [ 129.836655463, 32.840701255 ], [ 129.836671501000012, 32.840628609 ], [ 129.836696417000013, 32.840553442 ], [ 129.836723142000011, 32.840510508 ], [ 129.836747925, 32.84047088 ], [ 129.836758472000014, 32.840452004 ], [ 129.83678057, 32.840419932 ], [ 129.836835971, 32.84027336 ], [ 129.83690167099999, 32.840121629 ], [ 129.83700233, 32.839810531 ], [ 129.83704767, 32.839630945 ], [ 129.837069702, 32.839535991 ], [ 129.837073849, 32.839505662 ], [ 129.837087516, 32.839421886 ], [ 129.83710996, 32.839201646 ], [ 129.837112229000013, 32.838829726 ], [ 129.837097478, 32.838146141 ], [ 129.837075062, 32.837324892 ], [ 129.83705595, 32.837324412 ], [ 129.837006548, 32.837327764 ], [ 129.836961621, 32.837339654 ], [ 129.836932518, 32.837349363 ], [ 129.83691607899999, 32.837357974 ], [ 129.836901531, 32.837363902 ], [ 129.83689519, 32.837362314 ], [ 129.83687163, 32.837332321 ], [ 129.836851198, 32.837307423 ], [ 129.836774150999986, 32.837240186 ], [ 129.836713913000011, 32.837205603 ], [ 129.836612578, 32.837175747 ], [ 129.836559322999989, 32.837163048 ], [ 129.836499092999986, 32.83715036 ], [ 129.83648070699999, 32.837146667 ], [ 129.836472477, 32.837148294 ], [ 129.83641554, 32.837207153 ], [ 129.836394536, 32.837197786 ], [ 129.836322196, 32.837168952 ], [ 129.836315731000013, 32.837168293 ], [ 129.836289872, 32.837171772 ], [ 129.83625833100001, 32.837172542 ], [ 129.83622357499999, 32.837176053 ], [ 129.83619123, 32.83717614 ], [ 129.836171028, 32.837178241 ], [ 129.836160524, 32.837180316 ], [ 129.836140590000014, 32.83718845 ], [ 129.836122827, 32.8371971 ], [ 129.836128417999987, 32.837223742 ], [ 129.836154741, 32.837289745 ], [ 129.83611532099999, 32.837390698 ], [ 129.836092247000011, 32.837461478 ], [ 129.836083910000013, 32.837519674 ], [ 129.83609157399999, 32.837563624 ], [ 129.836199859, 32.837773621 ], [ 129.83630988499999, 32.838000466 ], [ 129.83637047, 32.838135598 ], [ 129.836383211999987, 32.838239964 ], [ 129.83634095299999, 32.838265282 ], [ 129.836350661000012, 32.838290181 ], [ 129.836364350999986, 32.838345595 ], [ 129.836377043999988, 32.838374725 ], [ 129.836396154999989, 32.838423063 ], [ 129.836416934, 32.838466113 ], [ 129.836417627, 32.838468717 ], [ 129.83641803899999, 32.838475849 ], [ 129.836424405, 32.838549417 ], [ 129.836420806, 32.838558174 ], [ 129.836378784, 32.838589714 ], [ 129.836357297, 32.838599737 ], [ 129.836303727, 32.838613904 ], [ 129.836156603, 32.838651236 ], [ 129.83614898, 32.838652104 ], [ 129.836128671000012, 32.838654494 ], [ 129.836060127, 32.838661036 ], [ 129.83600428299999, 32.838664261 ], [ 129.835971398, 32.838668497 ], [ 129.83591251499999, 32.838682056 ] ] ] } },
{ "type": "Feature", "properties": { "A29_001": "42308", "A29_002": "長崎県", "A29_003": "時津町", "A29_004": 12, "A29_005": "工業専用地域", "A29_006": 50, "A29_007": 200, "A29_008": null }, "geometry": { "type": "Polygon", "coordinates": [ [ [ 129.841625469, 32.844049897 ], [ 129.841428615000012, 32.843990709 ], [ 129.84138237, 32.844099635 ], [ 129.841319817, 32.844106687 ], [ 129.84107300299999, 32.844031538 ], [ 129.841130319, 32.84389817 ], [ 129.84110848, 32.8438918 ], [ 129.84106876199999, 32.843984007 ], [ 129.841017983, 32.843969149 ], [ 129.841057699, 32.843876094 ], [ 129.840549861999989, 32.843722199 ], [ 129.840884913, 32.842939197 ], [ 129.840841159, 32.842925726 ], [ 129.840017796000012, 32.842674159 ], [ 129.839967765000011, 32.842658929 ], [ 129.838956529, 32.843350706 ], [ 129.833713676, 32.846990578 ], [ 129.833644486999987, 32.847049279 ], [ 129.83298505499999, 32.847508609 ], [ 129.832554781, 32.847804438 ], [ 129.83156091699999, 32.848478904 ], [ 129.83201049499999, 32.848740618 ], [ 129.832216536, 32.848858799 ], [ 129.832452826, 32.848994882 ], [ 129.832563478999987, 32.84905948 ], [ 129.832628367000012, 32.849095965 ], [ 129.832768885, 32.849175986 ], [ 129.832844526, 32.849219521 ], [ 129.833030716, 32.84932797 ], [ 129.833115779, 32.849377026 ], [ 129.833378259, 32.849531127 ], [ 129.833467551000012, 32.849582651 ], [ 129.83365738, 32.849692623 ], [ 129.833676198, 32.849667954 ], [ 129.833901032999989, 32.849511526 ], [ 129.83397573, 32.849459835 ], [ 129.834275222, 32.849252753 ], [ 129.83445716899999, 32.849126693 ], [ 129.834666121, 32.848980497 ], [ 129.83479750699999, 32.848889832 ], [ 129.83492889199999, 32.848799167 ], [ 129.835046527, 32.84871688 ], [ 129.835164162000012, 32.848634593 ], [ 129.835273116, 32.848559543 ], [ 129.835383137, 32.848483859 ], [ 129.83561453199999, 32.848323551 ], [ 129.835958651, 32.84808508 ], [ 129.836534148999988, 32.847686298 ], [ 129.83663463799999, 32.847616203 ], [ 129.8368853, 32.847441602 ], [ 129.837440910999987, 32.847054638 ], [ 129.83754773699999, 32.846979763 ], [ 129.837691111, 32.846880063 ], [ 129.837807379, 32.846799112 ], [ 129.838344463999988, 32.846425315 ], [ 129.83847393, 32.846334822 ], [ 129.84167951399999, 32.844111485 ], [ 129.841625469, 32.844049897 ] ] ] } },
{ "type": "Feature", "properties": { "A29_001": "42308", "A29_002": "長崎県", "A29_003": "時津町", "A29_004": 10, "A29_005": "準工業地域", "A29_006": 60, "A29_007": 200, "A29_008": null }, "geometry": { "type": "Polygon", "coordinates": [ [ [ 129.827221716999986, 32.843715978 ], [ 129.827153597, 32.843702467 ], [ 129.826812421999989, 32.84378102 ], [ 129.826598338, 32.843739709 ], [ 129.826574251000011, 32.843737382 ], [ 129.82649067599999, 32.84374238 ], [ 129.8264312, 32.843749713 ], [ 129.826367459000011, 32.843753469 ], [ 129.826296598999988, 32.843750064 ], [ 129.826265389000014, 32.843736989 ], [ 129.82622420300001, 32.843709582 ], [ 129.826187221, 32.843668999 ], [ 129.826134575999987, 32.843610512 ], [ 129.82611033, 32.843602657 ], [ 129.826096525, 32.84365469 ], [ 129.826106196000012, 32.843722749 ], [ 129.826120094, 32.843871435 ], [ 129.826136517, 32.844147059 ], [ 129.826154976999987, 32.844357487 ], [ 129.82616546700001, 32.844485756 ], [ 129.826136690999988, 32.844659181 ], [ 129.826015014, 32.844831649 ], [ 129.825859122999987, 32.845055066 ], [ 129.82582932, 32.84512 ], [ 129.825804807, 32.845232354 ], [ 129.825750597, 32.845470755 ], [ 129.82571249099999, 32.845535278 ], [ 129.82564774, 32.845631315 ], [ 129.825366996000014, 32.845805269 ], [ 129.825073567, 32.8459961 ], [ 129.82509213099999, 32.846012618 ], [ 129.82514195600001, 32.846053609 ], [ 129.825194183, 32.846079355 ], [ 129.825196842, 32.846079023 ], [ 129.825212763, 32.846077052 ], [ 129.825237434, 32.846075185 ], [ 129.825266881, 32.846064566 ], [ 129.82528396, 32.846060824 ], [ 129.825311203000012, 32.846061295 ], [ 129.82533054699999, 32.846063318 ], [ 129.825341884000011, 32.846066896 ], [ 129.82537026599999, 32.846086571 ], [ 129.82540440599999, 32.846132654 ], [ 129.825428372, 32.846171729 ], [ 129.825441049, 32.846191084 ], [ 129.825448873, 32.846198188 ], [ 129.82546267399999, 32.846203563 ], [ 129.825502983, 32.846212837 ], [ 129.825630565000012, 32.84622026 ], [ 129.825706731, 32.846218899 ], [ 129.82578289599999, 32.846217528 ], [ 129.82582144599999, 32.84621337 ], [ 129.825848255000011, 32.846211767 ], [ 129.825868879000012, 32.846213426 ], [ 129.825889300999989, 32.846218243 ], [ 129.82590097, 32.846224886 ], [ 129.825935085, 32.846263934 ], [ 129.826034209999989, 32.846347812 ], [ 129.82606937700001, 32.846411793 ], [ 129.826095162, 32.846451539 ], [ 129.826104423, 32.846471634 ], [ 129.826109503999987, 32.846487943 ], [ 129.82611975899999, 32.846546081 ], [ 129.826129627, 32.846586365 ], [ 129.826135341999986, 32.846600689 ], [ 129.826148640000014, 32.84662915 ], [ 129.826156223, 32.846643288 ], [ 129.82621183, 32.846716639 ], [ 129.826221661, 32.846714602 ], [ 129.82625351199999, 32.846759599 ], [ 129.826329410999989, 32.846886688 ], [ 129.82640840900001, 32.846961691 ], [ 129.826444836, 32.847001743 ], [ 129.826451967, 32.847011942 ], [ 129.82651321099999, 32.84712813 ], [ 129.826567548000014, 32.847289056 ], [ 129.826606665000014, 32.847392956 ], [ 129.826627241000011, 32.847433762 ], [ 129.82670168300001, 32.847542143 ], [ 129.8267377, 32.847700654 ], [ 129.82674959900001, 32.847758383 ], [ 129.82677495499999, 32.847849883 ], [ 129.826860700999987, 32.8480342 ], [ 129.826909683999986, 32.848217811 ], [ 129.826901558, 32.848274184 ], [ 129.826955489, 32.848426183 ], [ 129.826962243, 32.848447294 ], [ 129.826982418, 32.848492322 ], [ 129.827042634, 32.848537245 ], [ 129.827607962, 32.84804553 ], [ 129.82811048799999, 32.84757993 ], [ 129.82857730399999, 32.847154389 ], [ 129.828686495, 32.84706984 ], [ 129.828891169, 32.846935468 ], [ 129.828872343, 32.846871112 ], [ 129.828648544, 32.846515126 ], [ 129.828892074, 32.846390095 ], [ 129.828915504, 32.846384866 ], [ 129.82894100199999, 32.846389966 ], [ 129.82900433399999, 32.84642854 ], [ 129.829021694, 32.846437106 ], [ 129.829033923, 32.846436218 ], [ 129.82959600699999, 32.846246969 ], [ 129.82933777400001, 32.845847041 ], [ 129.829379923, 32.84583371 ], [ 129.82934963, 32.845771395 ], [ 129.829278389, 32.845711614 ], [ 129.829154316, 32.845633125 ], [ 129.829083024, 32.845559636 ], [ 129.8288607, 32.845246653 ], [ 129.828728109, 32.845056815 ], [ 129.828597556, 32.844872103 ], [ 129.828454961, 32.844718263 ], [ 129.82823353, 32.844486923 ], [ 129.828189748, 32.844419368 ], [ 129.828147339999987, 32.8443474 ], [ 129.828088648, 32.84425449 ], [ 129.828087546, 32.844248108 ], [ 129.828059172, 32.844172451 ], [ 129.828035269, 32.844136009 ], [ 129.828021107000012, 32.844105025 ], [ 129.827975486000014, 32.84403669 ], [ 129.827886608, 32.843962102 ], [ 129.827863838000013, 32.843940266 ], [ 129.827838926, 32.843922999 ], [ 129.827817282000012, 32.84391393 ], [ 129.82778051, 32.8439049 ], [ 129.827733994999988, 32.843889511 ], [ 129.827709096, 32.843878629 ], [ 129.827691764, 32.843865896 ], [ 129.827668929, 32.843832175 ], [ 129.827624484000012, 32.843793055 ], [ 129.82758112799999, 32.843753932 ], [ 129.827535657999988, 32.843729423 ], [ 129.827354138, 32.843729898 ], [ 129.82732278200001, 32.843726328 ], [ 129.827221716999986, 32.843715978 ] ] ] } },
{ "type": "Feature", "properties": { "A29_001": "42308", "A29_002": "長崎県", "A29_003": "時津町", "A29_004": 5, "A29_005": "第一種住居地域", "A29_006": 60, "A29_007": 200, "A29_008": null }, "geometry": { "type": "Polygon", "coordinates": [ [ [ 129.825219188, 32.846658027 ], [ 129.825229603999986, 32.846672699 ], [ 129.82527206200001, 32.846629745 ], [ 129.825296232999989, 32.846581708 ], [ 129.825296021000014, 32.846523444 ], [ 129.825274748999988, 32.84644086 ], [ 129.825230567, 32.84631578 ], [ 129.82520776699999, 32.846247791 ], [ 129.82519947899999, 32.846201551 ], [ 129.825201271, 32.846136428 ], [ 129.825212763, 32.846077052 ], [ 129.825196842, 32.846079023 ], [ 129.825194183, 32.846079355 ], [ 129.82514195600001, 32.846053609 ], [ 129.82509213099999, 32.846012618 ], [ 129.825073567, 32.8459961 ], [ 129.82505323399999, 32.845980435 ], [ 129.82494514199999, 32.84607387 ], [ 129.82489942399999, 32.846110691 ], [ 129.82490069799999, 32.846120129 ], [ 129.824902487, 32.846139053 ], [ 129.82491118199999, 32.84615942 ], [ 129.824923259, 32.846196028 ], [ 129.8249463, 32.846245025 ], [ 129.824958764, 32.846264652 ], [ 129.825039374, 32.846369148 ], [ 129.825101601999989, 32.846471339 ], [ 129.825219188, 32.846658027 ] ] ] } },
{ "type": "Feature", "properties": { "A29_001": "42308", "A29_002": "長崎県", "A29_003": "時津町", "A29_004": 3, "A29_005": "第一種中高層住居専用地域", "A29_006": 60, "A29_007": 200, "A29_008": null }, "geometry": { "type": "Polygon", "coordinates": [ [ [ 129.824967027000014, 32.845917326 ], [ 129.824989609999989, 32.845934699 ], [ 129.82505323399999, 32.845980435 ], [ 129.825073567, 32.8459961 ], [ 129.825366996000014, 32.845805269 ], [ 129.82564774, 32.845631315 ], [ 129.82571249099999, 32.845535278 ], [ 129.825750597, 32.845470755 ], [ 129.825804807, 32.845232354 ], [ 129.82582932, 32.84512 ], [ 129.825859122999987, 32.845055066 ], [ 129.826015014, 32.844831649 ], [ 129.826136690999988, 32.844659181 ], [ 129.82616546700001, 32.844485756 ], [ 129.826154976999987, 32.844357487 ], [ 129.826136517, 32.844147059 ], [ 129.826120094, 32.843871435 ], [ 129.826106196000012, 32.843722749 ], [ 129.826096525, 32.84365469 ], [ 129.82611033, 32.843602657 ], [ 129.826090607, 32.84359627 ], [ 129.82606503299999, 32.843575992 ], [ 129.826011056999988, 32.843539051 ], [ 129.825954298999989, 32.843515275 ], [ 129.825901818, 32.843498657 ], [ 129.82585642399999, 32.843483219 ], [ 129.825835146, 32.843474906 ], [ 129.825819516, 32.84346298 ], [ 129.825798201, 32.84344748 ], [ 129.825746966, 32.843383009 ], [ 129.825691484, 32.843319749 ], [ 129.82564736099999, 32.843266018 ], [ 129.82562031099999, 32.843227808 ], [ 129.82560177, 32.843196745 ], [ 129.825591739, 32.843164469 ], [ 129.82558162, 32.843108269 ], [ 129.825572977, 32.843070002 ], [ 129.825553035000013, 32.843041341 ], [ 129.825511753, 32.842987612 ], [ 129.825448697000013, 32.842906696 ], [ 129.82537553099999, 32.842848036 ], [ 129.825344839, 32.842827213 ], [ 129.825331108, 32.842814596 ], [ 129.825295823, 32.842782233 ], [ 129.825279490000014, 32.842770724 ], [ 129.825263189999987, 32.842765265 ], [ 129.82524625, 32.842763109 ], [ 129.825226058, 32.842762611 ], [ 129.82519219, 32.842764349 ], [ 129.825114052, 32.842771703 ], [ 129.825056749999987, 32.842774603 ], [ 129.825042988, 32.842773953 ], [ 129.825018242, 32.842772584 ], [ 129.824958540000011, 32.842758743 ], [ 129.824947909, 32.842755344 ], [ 129.824913235999986, 32.842744252 ], [ 129.82485153499999, 32.842826862 ], [ 129.82470087499999, 32.842966912 ], [ 129.824578843000012, 32.843109873 ], [ 129.82443019199999, 32.843247348 ], [ 129.824260441, 32.84339054 ], [ 129.824092299, 32.84357374 ], [ 129.823892693, 32.843768176 ], [ 129.82374000499999, 32.843912505 ], [ 129.82369049799999, 32.843967471 ], [ 129.823637487000013, 32.844119657 ], [ 129.82362038299999, 32.844160832 ], [ 129.823570890000013, 32.844222642 ], [ 129.82348023899999, 32.844344365 ], [ 129.82340044899999, 32.844479875 ], [ 129.823346077999986, 32.844593108 ], [ 129.823296736, 32.844664422 ], [ 129.823272331, 32.844698275 ], [ 129.823252915000012, 32.84474107 ], [ 129.823241306999989, 32.844765781 ], [ 129.823233804000012, 32.844782556 ], [ 129.82321675099999, 32.844811024 ], [ 129.823200695, 32.844834783 ], [ 129.823182403, 32.844857645 ], [ 129.823151357, 32.844883696 ], [ 129.823104289000014, 32.84491033 ], [ 129.823050954, 32.844932291 ], [ 129.822963585, 32.844966424 ], [ 129.822938198, 32.844956525 ], [ 129.822709234, 32.845036842 ], [ 129.82260027800001, 32.845089778 ], [ 129.82241600399999, 32.845153423 ], [ 129.822344421, 32.845181022 ], [ 129.822364523, 32.845215544 ], [ 129.822451883000014, 32.845406046 ], [ 129.822491344000014, 32.845494365 ], [ 129.82262881, 32.84548768 ], [ 129.82266278099999, 32.845487601 ], [ 129.822700278000013, 32.845487504 ], [ 129.82272443299999, 32.845484629 ], [ 129.82277438, 32.845471126 ], [ 129.822821828, 32.845457639 ], [ 129.822887602, 32.84544269 ], [ 129.822948239999988, 32.845431279 ], [ 129.822997372, 32.845422711 ], [ 129.823079639000014, 32.845416177 ], [ 129.823199616000011, 32.845412351 ], [ 129.82332661699999, 32.845407189 ], [ 129.82338074899999, 32.8453986 ], [ 129.823474831, 32.845374432 ], [ 129.823492324999989, 32.84537298 ], [ 129.823551073, 32.845370718 ], [ 129.823622238000013, 32.845375449 ], [ 129.82371894799999, 32.845389275 ], [ 129.823775454000014, 32.845399265 ], [ 129.82386552, 32.84541944 ], [ 129.82396673, 32.845451507 ], [ 129.824060933, 32.845463572 ], [ 129.82422080500001, 32.845499355 ], [ 129.824259602000012, 32.845512971 ], [ 129.824291101, 32.845517471 ], [ 129.824334829, 32.845512424 ], [ 129.82437103, 32.845499661 ], [ 129.824424615999988, 32.845496726 ], [ 129.824471284999987, 32.845498364 ], [ 129.824527982, 32.845507712 ], [ 129.824633252000012, 32.845534159 ], [ 129.824702487, 32.845554396 ], [ 129.824749994, 32.845557438 ], [ 129.824795266, 32.845556626 ], [ 129.824796166999988, 32.845560501 ], [ 129.824804223, 32.845572564 ], [ 129.824814632999988, 32.845585613 ], [ 129.82482097499999, 32.845596328 ], [ 129.82483918299999, 32.845638574 ], [ 129.824847412, 32.845668853 ], [ 129.82485900899999, 32.845743671 ], [ 129.824858803000012, 32.845745746 ], [ 129.82485961099999, 32.845747628 ], [ 129.824850824, 32.845754946 ], [ 129.82484929200001, 32.84575973 ], [ 129.82487732199999, 32.845826587 ], [ 129.82490941, 32.84588126 ], [ 129.82491147499999, 32.84588213 ], [ 129.824937697, 32.845877715 ], [ 129.824956224, 32.845878533 ], [ 129.824968082999987, 32.845884589 ], [ 129.82497015300001, 32.845889796 ], [ 129.824970694, 32.845894574 ], [ 129.824967027000014, 32.845917326 ] ] ] } },
{ "type": "Feature", "properties": { "A29_001": "42308", "A29_002": "長崎県", "A29_003": "時津町", "A29_004": 7, "A29_005": "準住居地域", "A29_006": 60, "A29_007": 200, "A29_008": null }, "geometry": { "type": "Polygon", "coordinates": [ [ [ 129.836512395, 32.841375516 ], [ 129.836488937000013, 32.841401018 ], [ 129.836464116, 32.841416568 ], [ 129.836454978, 32.841421012 ], [ 129.83644229399999, 32.841530522 ], [ 129.836424233, 32.841599134 ], [ 129.836395621, 32.841648971 ], [ 129.836355644, 32.84173317 ], [ 129.83624936199999, 32.841964925 ], [ 129.836172728, 32.842127163 ], [ 129.836068778, 32.842314725 ], [ 129.835967133999986, 32.842453882 ], [ 129.835855549, 32.842597276 ], [ 129.83581089099999, 32.842649997 ], [ 129.83575625899999, 32.842700652 ], [ 129.83565447399999, 32.842799824 ], [ 129.835522786000013, 32.842901186 ], [ 129.835254415, 32.843099711 ], [ 129.834968575, 32.843291971 ], [ 129.834401934, 32.843691199 ], [ 129.833417688999987, 32.844373518 ], [ 129.832714312, 32.844863579 ], [ 129.832722163999989, 32.844966659 ], [ 129.832441308999989, 32.845161009 ], [ 129.831785126, 32.845613065 ], [ 129.831466029000012, 32.845820852 ], [ 129.83127447699999, 32.845842281 ], [ 129.831167249, 32.846005418 ], [ 129.831078719, 32.846132172 ], [ 129.831028792000012, 32.846202652 ], [ 129.8310045, 32.846240375 ], [ 129.830867520999988, 32.84644748 ], [ 129.83084126, 32.846452536 ], [ 129.830928736, 32.846513852 ], [ 129.831112932, 32.846458653 ], [ 129.831180111, 32.846431124 ], [ 129.831354205999986, 32.846340179 ], [ 129.831658232, 32.846135246 ], [ 129.83178672599999, 32.846048631 ], [ 129.832234105999987, 32.845738115 ], [ 129.832582137, 32.845512033 ], [ 129.83282074600001, 32.845347256 ], [ 129.833021953000014, 32.845182587 ], [ 129.833784951000013, 32.844643957 ], [ 129.83387941399999, 32.844582682 ], [ 129.834639984, 32.844063 ], [ 129.835077425, 32.843765124 ], [ 129.835472613, 32.843492602 ], [ 129.83562918199999, 32.84338276 ], [ 129.835852878999987, 32.843224338 ], [ 129.836083887, 32.843030123 ], [ 129.83627991899999, 32.842810752 ], [ 129.83635434199999, 32.842722168 ], [ 129.83650803099999, 32.842509223 ], [ 129.836659013, 32.842241582 ], [ 129.836802328, 32.841921334 ], [ 129.837067098, 32.841297723 ], [ 129.837121802000013, 32.841226804 ], [ 129.837314744999986, 32.840672264 ], [ 129.83688159499999, 32.841048311 ], [ 129.836654581, 32.841245754 ], [ 129.836512395, 32.841375516 ] ] ] } },
{ "type": "Feature", "properties": { "A29_001": "42308", "A29_002": "長崎県", "A29_003": "時津町", "A29_004": 11, "A29_005": "工業地域", "A29_006": 60, "A29_007": 200, "A29_008": null }, "geometry": { "type": "Polygon", "coordinates": [ [ [ 129.832188488000014, 32.846950602 ], [ 129.83216515699999, 32.84706575 ], [ 129.831624248999987, 32.847436374 ], [ 129.83125831699999, 32.847686416 ], [ 129.830951657000014, 32.847902753 ], [ 129.830858036, 32.847959461 ], [ 129.83083227, 32.8479744 ], [ 129.830788985, 32.848026998 ], [ 129.831165375000012, 32.848247805 ], [ 129.83155590699999, 32.848475986 ], [ 129.83156091699999, 32.848478904 ], [ 129.832554781, 32.847804438 ], [ 129.83298505499999, 32.847508609 ], [ 129.833644486999987, 32.847049279 ], [ 129.833713676, 32.846990578 ], [ 129.838956529, 32.843350706 ], [ 129.839967765000011, 32.842658929 ], [ 129.839912985000012, 32.84264225 ], [ 129.839777051, 32.842600858 ], [ 129.837900061999989, 32.841320222 ], [ 129.83788012, 32.841301068 ], [ 129.837864345000014, 32.841281992 ], [ 129.837834027000014, 32.841231033 ], [ 129.837832528, 32.841216041 ], [ 129.837825955, 32.84120943 ], [ 129.83775658799999, 32.841210718 ], [ 129.837524943, 32.841220189 ], [ 129.837316836000014, 32.841225178 ], [ 129.837121802000013, 32.841226804 ], [ 129.837067098, 32.841297723 ], [ 129.836802328, 32.841921334 ], [ 129.836659013, 32.842241582 ], [ 129.83650803099999, 32.842509223 ], [ 129.83635434199999, 32.842722168 ], [ 129.83627991899999, 32.842810752 ], [ 129.836083887, 32.843030123 ], [ 129.835852878999987, 32.843224338 ], [ 129.83562918199999, 32.84338276 ], [ 129.835472613, 32.843492602 ], [ 129.835077425, 32.843765124 ], [ 129.834639984, 32.844063 ], [ 129.83387941399999, 32.844582682 ], [ 129.833784951000013, 32.844643957 ], [ 129.833021953000014, 32.845182587 ], [ 129.83282074600001, 32.845347256 ], [ 129.832582137, 32.845512033 ], [ 129.832234105999987, 32.845738115 ], [ 129.83178672599999, 32.846048631 ], [ 129.831658232, 32.846135246 ], [ 129.831748178, 32.84621716 ], [ 129.831825291, 32.846301263 ], [ 129.83195106299999, 32.846387401 ], [ 129.83197845399999, 32.846415951 ], [ 129.832244674, 32.846673344 ], [ 129.832188488000014, 32.846950602 ] ] ] } },
{ "type": "Feature", "properties": { "A29_001": "42308", "A29_002": "長崎県", "A29_003": "時津町", "A29_004": 12, "A29_005": "工業専用地域", "A29_006": 60, "A29_007": 200, "A29_008": null }, "geometry": { "type": "Polygon", "coordinates": [ [ [ 129.842289564, 32.835017233 ], [ 129.842255466000012, 32.835038915 ], [ 129.842230633000014, 32.835089717 ], [ 129.842224136, 32.835136249 ], [ 129.842236449000012, 32.835299708 ], [ 129.842258488999988, 32.835392676 ], [ 129.84234824, 32.83575796 ], [ 129.84236014699999, 32.835818527 ], [ 129.842372082, 32.835883333 ], [ 129.842370620999986, 32.835939717 ], [ 129.842364132, 32.835982722 ], [ 129.842317978000011, 32.83613084 ], [ 129.84224338300001, 32.836260712 ], [ 129.841843727, 32.836872628 ], [ 129.841368046000014, 32.837608276 ], [ 129.84105841600001, 32.838085776 ], [ 129.840473392, 32.83897568 ], [ 129.840030891999987, 32.839659064 ], [ 129.840015959, 32.839681659 ], [ 129.840438758, 32.839842596 ], [ 129.841233138, 32.840142205 ], [ 129.841957879, 32.838852309 ], [ 129.842495332, 32.837884415 ], [ 129.843030061, 32.836930938 ], [ 129.843168713000011, 32.836683884 ], [ 129.84376158399999, 32.835606771 ], [ 129.842293590999986, 32.835022903 ], [ 129.84229443000001, 32.835018752 ], [ 129.842289564, 32.835017233 ] ] ] } },
{ "type": "Feature", "properties": { "A29_001": "42308", "A29_002": "長崎県", "A29_003": "時津町", "A29_004": 12, "A29_005": "工業専用地域", "A29_006": 50, "A29_007": 200, "A29_008": null }, "geometry": { "type": "Polygon", "coordinates": [ [ [ 129.840255425, 32.842398226 ], [ 129.840351542, 32.842427696 ], [ 129.844925925000013, 32.843829159 ], [ 129.844947948, 32.843778058 ], [ 129.843483859, 32.843329543 ], [ 129.843827452999989, 32.842530359 ], [ 129.841842442, 32.841922196 ], [ 129.840816636999989, 32.841607864 ], [ 129.84081536799999, 32.841597091 ], [ 129.84081409800001, 32.841586318 ], [ 129.84080111599999, 32.841571645 ], [ 129.840783065000011, 32.84155824 ], [ 129.84076742900001, 32.841589728 ], [ 129.84075979799999, 32.841602725 ], [ 129.84074472099999, 32.841677362 ], [ 129.840722064, 32.841777963 ], [ 129.840718466, 32.841842838 ], [ 129.84070351299999, 32.841949903 ], [ 129.84069228300001, 32.842024529 ], [ 129.840673224, 32.842063493 ], [ 129.840657999, 32.842099209 ], [ 129.84062359, 32.842138223 ], [ 129.840562293, 32.842177311 ], [ 129.840527799, 32.842196865 ], [ 129.84048947, 32.84221643 ], [ 129.840443498000013, 32.842245737 ], [ 129.84039762399999, 32.842300997 ], [ 129.840255425, 32.842398226 ] ] ] } },
{ "type": "Feature", "properties": { "A29_001": "42308", "A29_002": "長崎県", "A29_003": "時津町", "A29_004": 10, "A29_005": "準工業地域", "A29_006": 60, "A29_007": 200, "A29_008": null }, "geometry": { "type": "Polygon", "coordinates": [ [ [ 129.847770445, 32.832574845 ], [ 129.847684401, 32.832025284 ], [ 129.846734516, 32.832123211 ], [ 129.846736185, 32.832134947 ], [ 129.846879230000013, 32.833137696 ], [ 129.847214479, 32.833074733 ], [ 129.847775922000011, 32.832609819 ], [ 129.847770445, 32.832574845 ] ] ] } },
{ "type": "Feature", "properties": { "A29_001": "42308", "A29_002": "長崎県", "A29_003": "時津町", "A29_004": 12, "A29_005": "工業専用地域", "A29_006": 50, "A29_007": 200, "A29_008": null }, "geometry": { "type": "Polygon", "coordinates": [ [ [ 129.847204549999987, 32.835806589 ], [ 129.846824016999989, 32.835775099 ], [ 129.846819533, 32.835808874 ], [ 129.847214177000012, 32.835842941 ], [ 129.847214242, 32.835843184 ], [ 129.847636427999987, 32.837197005 ], [ 129.847839185999987, 32.83784716 ], [ 129.848196411, 32.838998223 ], [ 129.85026577, 32.838540853 ], [ 129.85026200499999, 32.83852887 ], [ 129.85008109899999, 32.837988649 ], [ 129.849963516, 32.837690523 ], [ 129.849812472, 32.83733631 ], [ 129.849665797, 32.837041773 ], [ 129.84946054299999, 32.836649088 ], [ 129.84933906, 32.836417687 ], [ 129.849196595, 32.83613367 ], [ 129.849101343, 32.835993853 ], [ 129.848953047, 32.835985609 ], [ 129.848954725999988, 32.835950525 ], [ 129.847204549999987, 32.835806589 ] ] ] } },
{ "type": "Feature", "properties": { "A29_001": "42308", "A29_002": "長崎県", "A29_003": "時津町", "A29_004": 11, "A29_005": "工業地域", "A29_006": 60, "A29_007": 200, "A29_008": null }, "geometry": { "type": "Polygon", "coordinates": [ [ [ 129.85026577, 32.838540853 ], [ 129.848196411, 32.838998223 ], [ 129.848196551, 32.838998673 ], [ 129.848674123, 32.840524387 ], [ 129.849039882999989, 32.841697255 ], [ 129.85102849399999, 32.841792513 ], [ 129.851030533, 32.841767527 ], [ 129.851334183, 32.841781194 ], [ 129.85136010299999, 32.8417198 ], [ 129.85136586499999, 32.841699332 ], [ 129.851365901, 32.841646045 ], [ 129.851367649, 32.841615082 ], [ 129.85136892700001, 32.841592561 ], [ 129.85136137500001, 32.84157102 ], [ 129.85135324699999, 32.841549545 ], [ 129.851329389999989, 32.841519113 ], [ 129.851300348, 32.841484675 ], [ 129.851284666999987, 32.841463238 ], [ 129.851271755, 32.841434219 ], [ 129.851262960000014, 32.841389813 ], [ 129.851258849, 32.841325139 ], [ 129.851256568, 32.841285738 ], [ 129.85125509299999, 32.841277437 ], [ 129.85124061499999, 32.841236049 ], [ 129.85121232, 32.841147168 ], [ 129.85119242499999, 32.841070139 ], [ 129.851183778, 32.84101997 ], [ 129.85118180500001, 32.840972109 ], [ 129.851182881, 32.840946766 ], [ 129.851187012999986, 32.840924724 ], [ 129.851195378999989, 32.84090331 ], [ 129.851201655000011, 32.840858609 ], [ 129.851201949999989, 32.840824945 ], [ 129.8511981, 32.840791283 ], [ 129.851191269, 32.840749423 ], [ 129.851180942000013, 32.84072579 ], [ 129.851147628, 32.840664282 ], [ 129.85112476099999, 32.840608382 ], [ 129.85111148199999, 32.840562031 ], [ 129.851107366, 32.840534069 ], [ 129.851096234000011, 32.84049857 ], [ 129.85108384899999, 32.840475754 ], [ 129.851042861, 32.840424332 ], [ 129.850985807, 32.840361917 ], [ 129.85095145599999, 32.840327421 ], [ 129.850930793, 32.84031315 ], [ 129.85091012, 32.840298878 ], [ 129.85090707099999, 32.840294991 ], [ 129.850821975, 32.840311011 ], [ 129.85026577, 32.838540853 ] ] ] } },
{ "type": "Feature", "properties": { "A29_001": "42308", "A29_002": "長崎県", "A29_003": "時津町", "A29_004": 5, "A29_005": "第一種住居地域", "A29_006": 60, "A29_007": 200, "A29_008": null }, "geometry": { "type": "Polygon", "coordinates": [ [ [ 129.82521024799999, 32.848126208 ], [ 129.825202966, 32.848168349 ], [ 129.825193977, 32.848213867 ], [ 129.825186839999986, 32.84822845 ], [ 129.825141583, 32.848297914 ], [ 129.825134666999986, 32.848305688 ], [ 129.825095546, 32.848358904 ], [ 129.825039263, 32.848422266 ], [ 129.824995924, 32.848461425 ], [ 129.824964139, 32.848475486 ], [ 129.824933821, 32.848481696 ], [ 129.824859584, 32.848484955 ], [ 129.82483726000001, 32.848486005 ], [ 129.824794752, 32.848489091 ], [ 129.824765073, 32.84849494 ], [ 129.824724524, 32.848508031 ], [ 129.824682504, 32.848527708 ], [ 129.82465234, 32.848546905 ], [ 129.824624714, 32.848573651 ], [ 129.82460518799999, 32.848595092 ], [ 129.82458885299999, 32.848627328 ], [ 129.82458398, 32.848638613 ], [ 129.82458219, 32.848645922 ], [ 129.824570612, 32.848693566 ], [ 129.824574081, 32.848707264 ], [ 129.824583399, 32.848743221 ], [ 129.82459402, 32.848784766 ], [ 129.824596673, 32.848809287 ], [ 129.824593580999988, 32.848840145 ], [ 129.824566392, 32.848884223 ], [ 129.82452749699999, 32.848926347 ], [ 129.824456279, 32.848990116 ], [ 129.824420408, 32.849017524 ], [ 129.82438907, 32.849037174 ], [ 129.824381820000013, 32.849041161 ], [ 129.82435075699999, 32.849048095 ], [ 129.824329608999989, 32.849049493 ], [ 129.82427772, 32.849028977 ], [ 129.824128112000011, 32.848962182 ], [ 129.824044703999988, 32.848911267 ], [ 129.823942636, 32.848855801 ], [ 129.823873635000012, 32.84881521 ], [ 129.823805725, 32.848795817 ], [ 129.823766568999986, 32.848780678 ], [ 129.823709965, 32.848770815 ], [ 129.82366973, 32.848767582 ], [ 129.823623263, 32.848769145 ], [ 129.823595229, 32.848771923 ], [ 129.823556692000011, 32.848780094 ], [ 129.82352813899999, 32.848786886 ], [ 129.82340519499999, 32.848822373 ], [ 129.823358893, 32.848839897 ], [ 129.823308329000014, 32.848860543 ], [ 129.82325776499999, 32.848881181 ], [ 129.82323365, 32.848889359 ], [ 129.82322377700001, 32.848891909 ], [ 129.823213904, 32.84889446 ], [ 129.823194363999988, 32.848897396 ], [ 129.82317850199999, 32.848898249 ], [ 129.82316264100001, 32.848899101 ], [ 129.823012001, 32.848897867 ], [ 129.822989678, 32.848899458 ], [ 129.822964375999987, 32.848904302 ], [ 129.822932995, 32.848912049 ], [ 129.822866196, 32.848933683 ], [ 129.82281627099999, 32.848954102 ], [ 129.822807524000012, 32.848957642 ], [ 129.822766347, 32.848974521 ], [ 129.822726577, 32.848996176 ], [ 129.822703764000011, 32.849009942 ], [ 129.82268235699999, 32.849028304 ], [ 129.822665862, 32.849046202 ], [ 129.822658875, 32.849057844 ], [ 129.82263046700001, 32.849101843 ], [ 129.822603937999986, 32.849142744 ], [ 129.822604812, 32.849151056 ], [ 129.822598758, 32.849190389 ], [ 129.82258425399999, 32.849241693 ], [ 129.822564276, 32.849288953 ], [ 129.82253463, 32.849333397 ], [ 129.822506569000012, 32.849373013 ], [ 129.82248448499999, 32.849410899 ], [ 129.822472499000014, 32.849440653 ], [ 129.822469414000011, 32.849468021 ], [ 129.822464658, 32.849629912 ], [ 129.82245517199999, 32.84979866 ], [ 129.822454701, 32.849860253 ], [ 129.822467065000012, 32.849941111 ], [ 129.822463484999986, 32.849982179 ], [ 129.822454926, 32.850037805 ], [ 129.822455337, 32.85012488 ], [ 129.82245708100001, 32.850193465 ], [ 129.822459734, 32.850218167 ], [ 129.822459477, 32.850235662 ], [ 129.82245635000001, 32.850257313 ], [ 129.82243502599999, 32.850328248 ], [ 129.82242266, 32.850350509 ], [ 129.82233284599999, 32.850463418 ], [ 129.822309985, 32.850493416 ], [ 129.82229840299999, 32.85051085 ], [ 129.822289086000012, 32.850534231 ], [ 129.82226714699999, 32.85064205 ], [ 129.822256435000014, 32.850663811 ], [ 129.822210447, 32.850709559 ], [ 129.822190103999986, 32.850726655 ], [ 129.822159309, 32.850778768 ], [ 129.822147852, 32.850801161 ], [ 129.822126077, 32.850850969 ], [ 129.82212434600001, 32.850859567 ], [ 129.822118888, 32.850886545 ], [ 129.822119294, 32.850916194 ], [ 129.822121336, 32.850943179 ], [ 129.82213341, 32.851002756 ], [ 129.822145481, 32.851032033 ], [ 129.82219152499999, 32.851120018 ], [ 129.822211618000011, 32.85115171 ], [ 129.822260857, 32.851207358 ], [ 129.822288426, 32.851238353 ], [ 129.82230357200001, 32.851260904 ], [ 129.822310388, 32.851284468 ], [ 129.8223097, 32.851301063 ], [ 129.822303256, 32.851321279 ], [ 129.82227890199999, 32.851366891 ], [ 129.822249642, 32.851414941 ], [ 129.82222302400001, 32.851469658 ], [ 129.822188165, 32.851550006 ], [ 129.82207652299999, 32.851757704 ], [ 129.822061023, 32.851784977 ], [ 129.82203293, 32.851815936 ], [ 129.821971803999986, 32.851870966 ], [ 129.82190838299999, 32.8519118 ], [ 129.821838547999988, 32.851951478 ], [ 129.821820968, 32.851964869 ], [ 129.82180618699999, 32.851983935 ], [ 129.82179176299999, 32.852016436 ], [ 129.821791209, 32.852040515 ], [ 129.821818181, 32.852231714 ], [ 129.821825331000014, 32.852258938 ], [ 129.82183909, 32.852282169 ], [ 129.82186474, 32.852314207 ], [ 129.821891325, 32.852338937 ], [ 129.821930731, 32.852363725 ], [ 129.821967142, 32.852387619 ], [ 129.822028444000011, 32.85243733 ], [ 129.822044745999989, 32.852454782 ], [ 129.822079263, 32.852501406 ], [ 129.82210018399999, 32.85253158 ], [ 129.822127247999987, 32.852555669 ], [ 129.82215635899999, 32.852625996 ], [ 129.822170209, 32.852686217 ], [ 129.822170301999989, 32.852711936 ], [ 129.822204749, 32.852703722 ], [ 129.822300802, 32.85266083 ], [ 129.822372771, 32.852608521 ], [ 129.82239438799999, 32.852597635 ], [ 129.82241760799999, 32.852590126 ], [ 129.822439241000012, 32.85258668 ], [ 129.82245689199999, 32.852590025 ], [ 129.82244643199999, 32.852631146 ], [ 129.822368129000012, 32.852834556 ], [ 129.822312482, 32.852998616 ], [ 129.822284900999989, 32.853091481 ], [ 129.822242081000013, 32.853197992 ], [ 129.822212882, 32.853248378 ], [ 129.822174735, 32.853306109 ], [ 129.82212665899999, 32.853368402 ], [ 129.822074157, 32.853433249 ], [ 129.82200122899999, 32.853504344 ], [ 129.821942517, 32.853550684 ], [ 129.82187461699999, 32.853599807 ], [ 129.821815528, 32.853636509 ], [ 129.821734193, 32.853678326 ], [ 129.82165537099999, 32.85371791 ], [ 129.821529069, 32.853781251 ], [ 129.82136722300001, 32.853862692 ], [ 129.82130494, 32.853893602 ], [ 129.821175888999989, 32.853955886 ], [ 129.821032077000012, 32.85401369 ], [ 129.820954597, 32.85403453 ], [ 129.820872662, 32.854049485 ], [ 129.820774112, 32.854061334 ], [ 129.820667173, 32.854063412 ], [ 129.82053756, 32.854058721 ], [ 129.820576093999989, 32.854245075 ], [ 129.820614748, 32.8543934 ], [ 129.820634001, 32.854447007 ], [ 129.820651016, 32.854466631 ], [ 129.82066801900001, 32.854482684 ], [ 129.820697712, 32.854495125 ], [ 129.82077615, 32.854514592 ], [ 129.820945646000013, 32.854533834 ], [ 129.82106005, 32.854542477 ], [ 129.821110906, 32.854551292 ], [ 129.821214793, 32.854579639 ], [ 129.821339868, 32.854611503 ], [ 129.821409802, 32.854622054 ], [ 129.82151362, 32.854634304 ], [ 129.821581401, 32.85463771 ], [ 129.82168519199999, 32.854639229 ], [ 129.82175085099999, 32.854640846 ], [ 129.821808062, 32.854646064 ], [ 129.82185891099999, 32.854653085 ], [ 129.821899190000011, 32.854661927 ], [ 129.8219522, 32.854681458 ], [ 129.822009494000014, 32.854709924 ], [ 129.822145634, 32.854805532 ], [ 129.82218258899999, 32.854825745 ], [ 129.82220507, 32.854835165 ], [ 129.822243549, 32.854833714 ], [ 129.822309120999989, 32.854787509 ], [ 129.822334755000014, 32.854779318 ], [ 129.822416569000012, 32.854789937 ], [ 129.822450245, 32.85478985 ], [ 129.822509430999986, 32.854750434 ], [ 129.822551065999988, 32.854735439 ], [ 129.822591216, 32.854752929 ], [ 129.82261339499999, 32.854785282 ], [ 129.822702217, 32.854851487 ], [ 129.822829297999988, 32.854917837 ], [ 129.822904517000012, 32.854921367 ], [ 129.822952533, 32.854895515 ], [ 129.822997480999987, 32.854910297 ], [ 129.823049782, 32.85491964 ], [ 129.82306882899999, 32.854927833 ], [ 129.823070500999989, 32.854938199 ], [ 129.82307637299999, 32.854954533 ], [ 129.823080288, 32.854967608 ], [ 129.823089985, 32.854972488 ], [ 129.82309773099999, 32.854972468 ], [ 129.82312669800001, 32.854949497 ], [ 129.823142214, 32.854956004 ], [ 129.823167415, 32.854964118 ], [ 129.823282454, 32.854965075 ], [ 129.823360975000014, 32.854951336 ], [ 129.823648141, 32.854883519 ], [ 129.823591539, 32.854689791 ], [ 129.82365290300001, 32.854673536 ], [ 129.823442847, 32.853985586 ], [ 129.823374206000011, 32.853747927 ], [ 129.82332276, 32.853576379 ], [ 129.82358349399999, 32.853591865 ], [ 129.824435302000012, 32.852919734 ], [ 129.823992874999988, 32.852517504 ], [ 129.82403846599999, 32.852424304 ], [ 129.82469798599999, 32.851893158 ], [ 129.824419293, 32.851647108 ], [ 129.82430423299999, 32.851521743 ], [ 129.824048137, 32.851184418 ], [ 129.823775450999989, 32.850802831 ], [ 129.823850467, 32.850769533 ], [ 129.823978874, 32.850693135 ], [ 129.82433416, 32.850485742 ], [ 129.824532981, 32.85030955 ], [ 129.824671798, 32.850149791 ], [ 129.824832117, 32.850000861 ], [ 129.82486023199999, 32.850064174 ], [ 129.825329055, 32.849823884 ], [ 129.825695845000013, 32.850418801 ], [ 129.825774432, 32.850541338 ], [ 129.82587836, 32.850710233 ], [ 129.825984979999987, 32.850864503 ], [ 129.826106863, 32.85098552 ], [ 129.826254105, 32.851125878 ], [ 129.82685004699999, 32.850667741 ], [ 129.82821954799999, 32.849618864 ], [ 129.828487459, 32.849404835 ], [ 129.828842441, 32.849136281 ], [ 129.82899123199999, 32.849004022 ], [ 129.829087369, 32.848916494 ], [ 129.829158304, 32.848846492 ], [ 129.829199472999989, 32.848801781 ], [ 129.82925427, 32.8487299 ], [ 129.829352496000013, 32.848586132 ], [ 129.829400462, 32.84851619 ], [ 129.829519115000011, 32.848306438 ], [ 129.82954205199999, 32.848300561 ], [ 129.829893145999989, 32.848222056 ], [ 129.829966729, 32.848247076 ], [ 129.830290553, 32.848331602 ], [ 129.830432511, 32.848106143 ], [ 129.830290351, 32.847902057 ], [ 129.83064706, 32.847776966 ], [ 129.83064963699999, 32.847766192 ], [ 129.830662154, 32.847736337 ], [ 129.830674671, 32.847706491 ], [ 129.830722393, 32.847648804 ], [ 129.83077896899999, 32.847593592 ], [ 129.830860333, 32.847524544 ], [ 129.83089186399999, 32.847500139 ], [ 129.831066924999988, 32.847377944 ], [ 129.83115488199999, 32.847315362 ], [ 129.831178247999986, 32.847298491 ], [ 129.831437962, 32.847185351 ], [ 129.83159523399999, 32.847129295 ], [ 129.831703575, 32.847061239 ], [ 129.831747538, 32.847032995 ], [ 129.83184062699999, 32.846928539 ], [ 129.83185855100001, 32.846890643 ], [ 129.832188488000014, 32.846950602 ], [ 129.832244674, 32.846673344 ], [ 129.83197845399999, 32.846415951 ], [ 129.83195106299999, 32.846387401 ], [ 129.831825291, 32.846301263 ], [ 129.831748178, 32.84621716 ], [ 129.831658232, 32.846135246 ], [ 129.831354205999986, 32.846340179 ], [ 129.831180111, 32.846431124 ], [ 129.831112932, 32.846458653 ], [ 129.830928736, 32.846513852 ], [ 129.83084126, 32.846452536 ], [ 129.830809055, 32.846439419 ], [ 129.830662813, 32.846297766 ], [ 129.830524426000011, 32.846154045 ], [ 129.830526294, 32.846087452 ], [ 129.83051991799999, 32.846053165 ], [ 129.83051831899999, 32.846042618 ], [ 129.830516719, 32.846034705 ], [ 129.830512000999988, 32.846024166 ], [ 129.830504192, 32.846024187 ], [ 129.830488616999986, 32.846036105 ], [ 129.830482447, 32.84605459 ], [ 129.830468466000013, 32.846075728 ], [ 129.830407685000011, 32.846108867 ], [ 129.830378067, 32.846122138 ], [ 129.83036713300001, 32.846123493 ], [ 129.830360836000011, 32.846107674 ], [ 129.830363729999988, 32.846046985 ], [ 129.83029970699999, 32.846047154 ], [ 129.83028855399999, 32.845986512 ], [ 129.83027431, 32.845936419 ], [ 129.830255416, 32.845894257 ], [ 129.830227181999987, 32.845860027 ], [ 129.830159844, 32.845807442 ], [ 129.830139492, 32.845795619 ], [ 129.830114466, 32.845785134 ], [ 129.830086359, 32.845785208 ], [ 129.82993340499999, 32.845806713 ], [ 129.829952240000011, 32.84583305 ], [ 129.829952284, 32.845844926 ], [ 129.829947604000012, 32.845847572 ], [ 129.82992107199999, 32.8458516 ], [ 129.8297962, 32.845866439 ], [ 129.829754065, 32.845871835 ], [ 129.829736852, 32.845862646 ], [ 129.82971022699999, 32.845841605 ], [ 129.829696076, 32.845816582 ], [ 129.829689739, 32.845792846 ], [ 129.82969438, 32.84577964 ], [ 129.829703646000013, 32.845751913 ], [ 129.829714505999988, 32.845733416 ], [ 129.829726971000014, 32.845724149 ], [ 129.82973788000001, 32.845718845 ], [ 129.829734589, 32.845675324 ], [ 129.829786031, 32.845650119 ], [ 129.829789127, 32.845640877 ], [ 129.829792188, 32.845625042 ], [ 129.829787331, 32.845582843 ], [ 129.829768335000011, 32.845512969 ], [ 129.829728996999989, 32.84543128 ], [ 129.829722714000013, 32.845422063 ], [ 129.829714908999989, 32.845423409 ], [ 129.82970711499999, 32.845427379 ], [ 129.829699341, 32.845434001 ], [ 129.82969939899999, 32.845449827 ], [ 129.829697035, 32.845656955 ], [ 129.82956923399999, 32.845723248 ], [ 129.82954289599999, 32.845780048 ], [ 129.829379923, 32.84583371 ], [ 129.82933777400001, 32.845847041 ], [ 129.82959600699999, 32.846246969 ], [ 129.829033923, 32.846436218 ], [ 129.829021694, 32.846437106 ], [ 129.82900433399999, 32.84642854 ], [ 129.82894100199999, 32.846389966 ], [ 129.828915504, 32.846384866 ], [ 129.828892074, 32.846390095 ], [ 129.828648544, 32.846515126 ], [ 129.828872343, 32.846871112 ], [ 129.828891169, 32.846935468 ], [ 129.828686495, 32.84706984 ], [ 129.82857730399999, 32.847154389 ], [ 129.82811048799999, 32.84757993 ], [ 129.827607962, 32.84804553 ], [ 129.827042634, 32.848537245 ], [ 129.826982418, 32.848492322 ], [ 129.826962243, 32.848447294 ], [ 129.826955489, 32.848426183 ], [ 129.826901558, 32.848274184 ], [ 129.826909683999986, 32.848217811 ], [ 129.826860700999987, 32.8480342 ], [ 129.82677495499999, 32.847849883 ], [ 129.82674959900001, 32.847758383 ], [ 129.8267377, 32.847700654 ], [ 129.82670168300001, 32.847542143 ], [ 129.826627241000011, 32.847433762 ], [ 129.826606665000014, 32.847392956 ], [ 129.826567548000014, 32.847289056 ], [ 129.82651321099999, 32.84712813 ], [ 129.826451967, 32.847011942 ], [ 129.826444836, 32.847001743 ], [ 129.82640840900001, 32.846961691 ], [ 129.826329410999989, 32.846886688 ], [ 129.82625351199999, 32.846759599 ], [ 129.826221661, 32.846714602 ], [ 129.82621183, 32.846716639 ], [ 129.826166161, 32.846760945 ], [ 129.826139192, 32.846777067 ], [ 129.826126391, 32.846782151 ], [ 129.826097468, 32.846789981 ], [ 129.826050888999987, 32.846789832 ], [ 129.82602889399999, 32.846793136 ], [ 129.826019916, 32.846791897 ], [ 129.826011314999988, 32.846791631 ], [ 129.826006454, 32.846791571 ], [ 129.825993111, 32.846794492 ], [ 129.82597711599999, 32.846802559 ], [ 129.825916459000013, 32.846823639 ], [ 129.825855803, 32.846844718 ], [ 129.825847672, 32.846841673 ], [ 129.825834928, 32.846833139 ], [ 129.825800729, 32.846800223 ], [ 129.82576652899999, 32.846767307 ], [ 129.82576011, 32.846764798 ], [ 129.825606001000011, 32.846836522 ], [ 129.825569637, 32.846824983 ], [ 129.825544304, 32.846821171 ], [ 129.82550840499999, 32.846820183 ], [ 129.825393055, 32.846886313 ], [ 129.825441876000014, 32.846944802 ], [ 129.825469591, 32.846957264 ], [ 129.825559285, 32.847062188 ], [ 129.82540341699999, 32.847179014 ], [ 129.82534546799999, 32.847221801 ], [ 129.825359886, 32.847282201 ], [ 129.825363814000013, 32.847363171 ], [ 129.825364154999988, 32.847398159 ], [ 129.82536041899999, 32.847428288 ], [ 129.82533238799999, 32.847563358 ], [ 129.825325862999989, 32.847590519 ], [ 129.82530604199999, 32.847650945 ], [ 129.82530454, 32.847658091 ], [ 129.82526685, 32.847684548 ], [ 129.825191217999986, 32.847750268 ], [ 129.825151694999988, 32.847789688 ], [ 129.825122534, 32.847831995 ], [ 129.82511056300001, 32.847859692 ], [ 129.82510891699999, 32.847880086 ], [ 129.825115935000014, 32.847915012 ], [ 129.825133332, 32.847957197 ], [ 129.82516978699999, 32.848022626 ], [ 129.825197567, 32.848073523 ], [ 129.82521024799999, 32.848126208 ] ] ] } },
{ "type": "Feature", "properties": { "A29_001": "42308", "A29_002": "長崎県", "A29_003": "時津町", "A29_004": 3, "A29_005": "第一種中高層住居専用地域", "A29_006": 60, "A29_007": 200, "A29_008": null }, "geometry": { "type": "Polygon", "coordinates": [ [ [ 129.847097670000011, 32.826117894 ], [ 129.846822594, 32.825981315 ], [ 129.84682019600001, 32.825979951 ], [ 129.846642581999987, 32.825896026 ], [ 129.84684433000001, 32.825657504 ], [ 129.846949267000014, 32.825544986 ], [ 129.846979245, 32.825511195 ], [ 129.846998377, 32.825476459 ], [ 129.847022345, 32.825391471 ], [ 129.846851374000011, 32.825356505 ], [ 129.846844309, 32.825374353 ], [ 129.846804271, 32.825430392 ], [ 129.846775466, 32.825471738 ], [ 129.84673927599999, 32.825503491 ], [ 129.846603429, 32.825536241 ], [ 129.846581391, 32.825546168 ], [ 129.846451666, 32.82557395 ], [ 129.846395828, 32.825574105 ], [ 129.846364676, 32.825577473 ], [ 129.846216819, 32.825617372 ], [ 129.84623269299999, 32.825238037 ], [ 129.845973867, 32.825237003 ], [ 129.84592829499999, 32.82523188 ], [ 129.845876487, 32.825221536 ], [ 129.845832959, 32.82520941 ], [ 129.845801846, 32.825195509 ], [ 129.845762416000014, 32.825171134 ], [ 129.845718841, 32.825146762 ], [ 129.84567314, 32.825108418 ], [ 129.845635695999988, 32.825064794 ], [ 129.84560443399999, 32.825012415 ], [ 129.845587685999988, 32.824965243 ], [ 129.84557708599999, 32.82490056 ], [ 129.845588271, 32.824583976 ], [ 129.845595616999987, 32.824340861 ], [ 129.845604815, 32.824043517 ], [ 129.84560837, 32.823891349 ], [ 129.845618628000011, 32.823865087 ], [ 129.845628889000011, 32.823842325 ], [ 129.845629102, 32.823828175 ], [ 129.84562848600001, 32.823815354 ], [ 129.845622251, 32.82380207 ], [ 129.84558952099999, 32.823770354 ], [ 129.845578249999988, 32.823764208 ], [ 129.8455563, 32.823758091 ], [ 129.845541677, 32.823754813 ], [ 129.845511867999988, 32.823752046 ], [ 129.845455077, 32.823748406 ], [ 129.845405019999987, 32.823743323 ], [ 129.845371633000013, 32.823737788 ], [ 129.845337615, 32.823731993 ], [ 129.84529226699999, 32.82372402 ], [ 129.845226853000014, 32.823710944 ], [ 129.845208681, 32.823706828 ], [ 129.845176594, 32.82369789 ], [ 129.845160267000011, 32.823690342 ], [ 129.845146175, 32.823680885 ], [ 129.845135456, 32.82367094 ], [ 129.84512640299999, 32.823658142 ], [ 129.845109431, 32.823630179 ], [ 129.84510319200001, 32.823615948 ], [ 129.845063245, 32.823607031 ], [ 129.845034545, 32.823600942 ], [ 129.84502835, 32.82359811 ], [ 129.845009159, 32.823579171 ], [ 129.844986629, 32.823566888 ], [ 129.844972552, 32.823561227 ], [ 129.844933755999989, 32.823559909 ], [ 129.84489214199999, 32.823556227 ], [ 129.84484487200001, 32.823545437 ], [ 129.84476100099999, 32.823518127 ], [ 129.844744695, 32.82351627 ], [ 129.844730085, 32.82351916 ], [ 129.844695427, 32.823571486 ], [ 129.844681425, 32.823585295 ], [ 129.844656691000012, 32.823585841 ], [ 129.844628418000013, 32.823585107 ], [ 129.844516246000012, 32.82353075 ], [ 129.84434973, 32.823724749 ], [ 129.844294545, 32.823724901 ], [ 129.844162404, 32.823723849 ], [ 129.84412387399999, 32.823708417 ], [ 129.844093706, 32.82369013 ], [ 129.844021583999989, 32.823638061 ], [ 129.843971191, 32.823581694 ], [ 129.843962757000014, 32.823563348 ], [ 129.843908749, 32.823439185 ], [ 129.843846721, 32.82340121 ], [ 129.843764576000012, 32.823350583 ], [ 129.84374784, 32.823347798 ], [ 129.843636787, 32.823436811 ], [ 129.843632179999986, 32.823452578 ], [ 129.84364041500001, 32.823693892 ], [ 129.843638193, 32.823976743 ], [ 129.843524236, 32.823919143 ], [ 129.843442156, 32.823885461 ], [ 129.8433483, 32.823836273 ], [ 129.843232661, 32.82377443 ], [ 129.843151505, 32.823717254 ], [ 129.843112874000013, 32.823683796 ], [ 129.843033803, 32.823660404 ], [ 129.84287634899999, 32.823622987 ], [ 129.84282164699999, 32.823595966 ], [ 129.842765144999987, 32.823567264 ], [ 129.842740418, 32.823552813 ], [ 129.84266912699999, 32.823511165 ], [ 129.84262924, 32.823498288 ], [ 129.842588189999987, 32.823497048 ], [ 129.842514808, 32.823486518 ], [ 129.84225280699999, 32.823455121 ], [ 129.842105616, 32.823395375 ], [ 129.842069181, 32.823391416 ], [ 129.84194053600001, 32.823377159 ], [ 129.841820734, 32.823360172 ], [ 129.841769559999989, 32.823347758 ], [ 129.841769500999987, 32.823349084 ], [ 129.841765638, 32.823428082 ], [ 129.841775676999987, 32.823461538 ], [ 129.841787063, 32.823478244 ], [ 129.841818316, 32.823506854 ], [ 129.841850958, 32.823527091 ], [ 129.84185806, 32.82353544 ], [ 129.841858105999989, 32.823547398 ], [ 129.841852496, 32.82356057 ], [ 129.841789656, 32.823686928 ], [ 129.84177960400001, 32.823705893 ], [ 129.841807132000014, 32.823715594 ], [ 129.84197011099999, 32.823773196 ], [ 129.8418989, 32.823894717 ], [ 129.841864307, 32.823939549 ], [ 129.841902589, 32.823993281 ], [ 129.84192332, 32.824096597 ], [ 129.841928142, 32.824122943 ], [ 129.84182475099999, 32.824180299 ], [ 129.841817577, 32.824270479 ], [ 129.841875574, 32.824407663 ], [ 129.841880648, 32.824410706 ], [ 129.842004437000014, 32.82443358 ], [ 129.842044966, 32.824438357 ], [ 129.842091317000012, 32.824451676 ], [ 129.84211088399999, 32.824460171 ], [ 129.84211885900001, 32.824465037 ], [ 129.842123224, 32.824472357 ], [ 129.84212324500001, 32.824477857 ], [ 129.842082975000011, 32.824540903 ], [ 129.84216952599999, 32.82458177 ], [ 129.842106188, 32.824686821 ], [ 129.842059221999989, 32.824744285 ], [ 129.841939507, 32.824828523 ], [ 129.841935358, 32.82484106 ], [ 129.841922505000014, 32.824851141 ], [ 129.841917067, 32.824853663 ], [ 129.841899231000014, 32.824853712 ], [ 129.84183578, 32.824848447 ], [ 129.841804556, 32.824844348 ], [ 129.84178224199999, 32.824841063 ], [ 129.841755995999989, 32.824842812 ], [ 129.84149872099999, 32.824864093 ], [ 129.84145135899999, 32.824868452 ], [ 129.841419015000014, 32.824867602 ], [ 129.841395834999986, 32.824860956 ], [ 129.84135316699999, 32.824847266 ], [ 129.841314536999988, 32.824853224 ], [ 129.841291275, 32.824858734 ], [ 129.84124775399999, 32.824881668 ], [ 129.841192662, 32.824900629 ], [ 129.84115135799999, 32.824919562 ], [ 129.84113337, 32.824933057 ], [ 129.841114455, 32.824963787 ], [ 129.841255057000012, 32.824995426 ], [ 129.841426985, 32.825055224 ], [ 129.841662316, 32.825160271 ], [ 129.841796366000011, 32.825221371 ], [ 129.84205097, 32.825311116 ], [ 129.842137403, 32.825337608 ], [ 129.842304684999988, 32.825338567 ], [ 129.842351567, 32.825351154 ], [ 129.842452132, 32.825403164 ], [ 129.842500773000012, 32.825436947 ], [ 129.84260957399999, 32.825550662 ], [ 129.842638184, 32.825594384 ], [ 129.84266019, 32.825662156 ], [ 129.842657097, 32.825729997 ], [ 129.84261763, 32.825896331 ], [ 129.84267795400001, 32.825946386 ], [ 129.842728402, 32.82601408 ], [ 129.842752064, 32.826079016 ], [ 129.84276399699999, 32.826135508 ], [ 129.84276095300001, 32.826216063 ], [ 129.842736228, 32.82631081 ], [ 129.84269136399999, 32.826390064 ], [ 129.842708294, 32.826445946 ], [ 129.842735331, 32.826516527 ], [ 129.842740561999989, 32.826571621 ], [ 129.842732356999988, 32.826612621 ], [ 129.84271238, 32.826639531 ], [ 129.842679021, 32.826663646 ], [ 129.84259216800001, 32.82669779 ], [ 129.842537042, 32.82671632 ], [ 129.842511975, 32.826724865 ], [ 129.84249196, 32.826739051 ], [ 129.84247539099999, 32.826779794 ], [ 129.842473882, 32.826823607 ], [ 129.842522729, 32.826911081 ], [ 129.842566384, 32.826953355 ], [ 129.84261522599999, 32.82706993 ], [ 129.842466320999989, 32.827063268 ], [ 129.842239046, 32.827121829 ], [ 129.842068409, 32.827174482 ], [ 129.842090496, 32.827263446 ], [ 129.842089345, 32.82740052 ], [ 129.842116604000012, 32.82752904 ], [ 129.842145327999987, 32.827602439 ], [ 129.842155623, 32.827671659 ], [ 129.842164290999989, 32.82775129 ], [ 129.842169598, 32.827826169 ], [ 129.842158369, 32.827950556 ], [ 129.842156941000013, 32.82801556 ], [ 129.842174994, 32.828130408 ], [ 129.842203108, 32.828130863 ], [ 129.84222812499999, 32.828125762 ], [ 129.842259062000011, 32.828110573 ], [ 129.842298416, 32.828086866 ], [ 129.842352405000014, 32.828052757 ], [ 129.842443374, 32.827985911 ], [ 129.842475728000011, 32.827955784 ], [ 129.842506488999987, 32.827911296 ], [ 129.842549502999987, 32.827836736 ], [ 129.842571012, 32.82780011 ], [ 129.842591053, 32.827784382 ], [ 129.842607936, 32.827752999 ], [ 129.84261558899999, 32.827732074 ], [ 129.842663339000012, 32.827683626 ], [ 129.842695662000011, 32.827645662 ], [ 129.842737333, 32.827624654 ], [ 129.842754316999986, 32.827619386 ], [ 129.842774413, 32.827618023 ], [ 129.842834721, 32.827619166 ], [ 129.842939771, 32.827617489 ], [ 129.842985567, 32.827611196 ], [ 129.843008148, 32.827608861 ], [ 129.843037844, 32.827612351 ], [ 129.843058135, 32.827614568 ], [ 129.84307272800001, 32.82761258 ], [ 129.843120269999986, 32.827585189 ], [ 129.84314331499999, 32.82758123 ], [ 129.843168701, 32.827586355 ], [ 129.843211808, 32.827608249 ], [ 129.843257703, 32.827622137 ], [ 129.84331684599999, 32.827628495 ], [ 129.843422901, 32.827624308 ], [ 129.84358506, 32.827605656 ], [ 129.843751325999989, 32.827591249 ], [ 129.843812519000011, 32.827592055 ], [ 129.843841255, 32.827590353 ], [ 129.843869339, 32.827577614 ], [ 129.843956958, 32.827576075 ], [ 129.844025647, 32.827573289 ], [ 129.844108612000014, 32.827561374 ], [ 129.84416284, 32.827550836 ], [ 129.84424377799999, 32.827533741 ], [ 129.844309790000011, 32.827510186 ], [ 129.844395811, 32.827495665 ], [ 129.844454183000011, 32.827485124 ], [ 129.844554001, 32.827458878 ], [ 129.844582906, 32.827448509 ], [ 129.844643194000014, 32.827444421 ], [ 129.84467564799999, 32.827437802 ], [ 129.844718871999987, 32.827420703 ], [ 129.844760552, 32.827402309 ], [ 129.844871826, 32.827388944 ], [ 129.84497538799999, 32.827378207 ], [ 129.845034097, 32.827366295 ], [ 129.8450619, 32.827358382 ], [ 129.84508354, 32.827355707 ], [ 129.845097457, 32.827355669 ], [ 129.845130783, 32.827364378 ], [ 129.845238040999988, 32.827409073 ], [ 129.845280237, 32.827441349 ], [ 129.845329883, 32.827483009 ], [ 129.845346962, 32.827502549 ], [ 129.845360989999989, 32.827531241 ], [ 129.845364219, 32.827565184 ], [ 129.84536276099999, 32.827588698 ], [ 129.845358202, 32.827608297 ], [ 129.845353616000011, 32.827623983 ], [ 129.845341329, 32.827644911 ], [ 129.845325914, 32.827658021 ], [ 129.845312068, 32.827673723 ], [ 129.84528121299999, 32.827693404 ], [ 129.845245737, 32.827717002 ], [ 129.84520099, 32.827740635 ], [ 129.845157750999988, 32.827756427 ], [ 129.845122236, 32.827766977 ], [ 129.845041922, 32.827790699 ], [ 129.844964741000013, 32.827826181 ], [ 129.844767084000011, 32.827895937 ], [ 129.844604116999989, 32.828026405 ], [ 129.844588953, 32.828071347 ], [ 129.844592205, 32.828119692 ], [ 129.844626476, 32.828256894 ], [ 129.844700243, 32.82856236 ], [ 129.844750111, 32.828675442 ], [ 129.844753356000012, 32.828691485 ], [ 129.844758840999987, 32.828717721 ], [ 129.844923712, 32.828632093 ], [ 129.845044594, 32.828600441 ], [ 129.845155758, 32.828580358 ], [ 129.845232606, 32.828582716 ], [ 129.845289853999986, 32.828579636 ], [ 129.845759312000013, 32.828551891 ], [ 129.845974256, 32.828532721 ], [ 129.846019962000014, 32.828552605 ], [ 129.846078303000013, 32.828572355 ], [ 129.846149134, 32.828593252 ], [ 129.846222759999989, 32.828615845 ], [ 129.84628541699999, 32.828641319 ], [ 129.84632702799999, 32.828668474 ], [ 129.846370831, 32.828742687 ], [ 129.84638840400001, 32.828716017 ], [ 129.84642383100001, 32.828677025 ], [ 129.846582395000013, 32.828543672 ], [ 129.846682695, 32.828462901 ], [ 129.846765688, 32.828402919 ], [ 129.84684178, 32.828351162 ], [ 129.847217274, 32.828100444 ], [ 129.847474675, 32.827925514 ], [ 129.847477199999986, 32.827923992 ], [ 129.84750027199999, 32.827787055 ], [ 129.847605335, 32.827070511 ], [ 129.847498072, 32.827027541 ], [ 129.846893067, 32.826781526 ], [ 129.846890436, 32.826753226 ], [ 129.846895211, 32.826687401 ], [ 129.846901718, 32.826638551 ], [ 129.846880685, 32.826602132 ], [ 129.846852087, 32.826570369 ], [ 129.846930004, 32.826408707 ], [ 129.846860392, 32.826385129 ], [ 129.84693516499999, 32.82624721 ], [ 129.846968223, 32.826261366 ], [ 129.847109311999986, 32.826123354 ], [ 129.847097670000011, 32.826117894 ] ] ] } },
{ "type": "Feature", "properties": { "A29_001": "42308", "A29_002": "長崎県", "A29_003": "時津町", "A29_004": 8, "A29_005": "近隣商業地域", "A29_006": 80, "A29_007": 300, "A29_008": null }, "geometry": { "type": "Polygon", "coordinates": [ [ [ 129.847097670000011, 32.826117894 ], [ 129.847109311999986, 32.826123354 ], [ 129.846968223, 32.826261366 ], [ 129.84693516499999, 32.82624721 ], [ 129.846860392, 32.826385129 ], [ 129.846930004, 32.826408707 ], [ 129.846852087, 32.826570369 ], [ 129.846880685, 32.826602132 ], [ 129.846901718, 32.826638551 ], [ 129.846895211, 32.826687401 ], [ 129.846890436, 32.826753226 ], [ 129.846893067, 32.826781526 ], [ 129.847498072, 32.827027541 ], [ 129.847605335, 32.827070511 ], [ 129.84750027199999, 32.827787055 ], [ 129.847477199999986, 32.827923992 ], [ 129.847897622, 32.827669819 ], [ 129.848172274, 32.827498645 ], [ 129.848221814999988, 32.827450496 ], [ 129.848300596, 32.827346247 ], [ 129.84831997500001, 32.827306226 ], [ 129.848332117000012, 32.827281141 ], [ 129.848626115, 32.82667389 ], [ 129.84867060799999, 32.826561196 ], [ 129.84860740100001, 32.826247253 ], [ 129.848632514, 32.826155012 ], [ 129.84864078199999, 32.825991279 ], [ 129.848518926999986, 32.825974673 ], [ 129.848151515000012, 32.825939363 ], [ 129.847555895, 32.825929836 ], [ 129.846642581999987, 32.825896026 ], [ 129.84682019600001, 32.825979951 ], [ 129.846822594, 32.825981315 ], [ 129.847097670000011, 32.826117894 ] ] ] } },
{ "type": "Feature", "properties": { "A29_001": "42308", "A29_002": "長崎県", "A29_003": "時津町", "A29_004": 5, "A29_005": "第一種住居地域", "A29_006": 60, "A29_007": 200, "A29_008": null }, "geometry": { "type": "Polygon", "coordinates": [ [ [ 129.84449469899999, 32.831027216 ], [ 129.84450183199999, 32.831023896 ], [ 129.844523173, 32.830999011 ], [ 129.84455850099999, 32.830950533 ], [ 129.844567565, 32.830924383 ], [ 129.844578869, 32.830883718 ], [ 129.844627906, 32.830825526 ], [ 129.844688377000011, 32.83076053 ], [ 129.844704501, 32.830748203 ], [ 129.844711221000011, 32.830743053 ], [ 129.844743128, 32.830721566 ], [ 129.84476535499999, 32.830716022 ], [ 129.844800598, 32.830717494 ], [ 129.844857221000012, 32.830734571 ], [ 129.84490994399999, 32.830812052 ], [ 129.845048015, 32.830915728 ], [ 129.845066473, 32.830938213 ], [ 129.845071947, 32.830961572 ], [ 129.84507203199999, 32.830983647 ], [ 129.845063653000011, 32.831004448 ], [ 129.845049370999988, 32.831026148 ], [ 129.84502862799999, 32.831039957 ], [ 129.84501420699999, 32.831045047 ], [ 129.845001255999989, 32.831052135 ], [ 129.84496704599999, 32.83107729 ], [ 129.844920984999987, 32.831156512 ], [ 129.84491563200001, 32.831211346 ], [ 129.844922241, 32.831241087 ], [ 129.844925120999989, 32.831267709 ], [ 129.844932647, 32.831294309 ], [ 129.844948593999987, 32.831341257 ], [ 129.844953102, 32.831357792 ], [ 129.844968032, 32.83141248 ], [ 129.844872205, 32.831494148 ], [ 129.844785338, 32.83156957 ], [ 129.84472770299999, 32.83162517 ], [ 129.844655917000011, 32.83167566 ], [ 129.844674868999988, 32.831778971 ], [ 129.844682510000013, 32.831835338 ], [ 129.844691153000014, 32.831915979 ], [ 129.844693307999989, 32.831992724 ], [ 129.844694371, 32.832027178 ], [ 129.844703712000012, 32.832045161 ], [ 129.844712692, 32.832060936 ], [ 129.844768033, 32.832091832 ], [ 129.844780025, 32.832099112 ], [ 129.844791487, 32.83211883 ], [ 129.84479347300001, 32.832124 ], [ 129.844798329000014, 32.832161889 ], [ 129.844794108, 32.832222005 ], [ 129.84478942699999, 32.832238132 ], [ 129.844783772999989, 32.832253695 ], [ 129.844776163, 32.832268965 ], [ 129.844768198999986, 32.832283911 ], [ 129.84475047, 32.832306712 ], [ 129.84474595, 32.832311576 ], [ 129.844738546, 32.832319379 ], [ 129.84472502700001, 32.832331374 ], [ 129.844715087999987, 32.83233839 ], [ 129.84469285, 32.832349588 ], [ 129.844680848, 32.832353463 ], [ 129.84467435799999, 32.832357178 ], [ 129.844668721, 32.832363615 ], [ 129.844645665, 32.832378693 ], [ 129.844623718, 32.832390531 ], [ 129.844615479999987, 32.832387117 ], [ 129.84460111199999, 32.832375497 ], [ 129.844585335, 32.832364511 ], [ 129.844585509000012, 32.832356828 ], [ 129.84458177799999, 32.832350462 ], [ 129.84455118299999, 32.832335848 ], [ 129.844503651999986, 32.832327907 ], [ 129.844483731, 32.832322236 ], [ 129.844478264, 32.832319915 ], [ 129.84447025099999, 32.832316691 ], [ 129.84445590499999, 32.832310779 ], [ 129.84444424899999, 32.832304634 ], [ 129.844431748, 32.832298049 ], [ 129.844422693000013, 32.832293276 ], [ 129.84441067899999, 32.832285698 ], [ 129.844401892, 32.83227831 ], [ 129.844396128, 32.832271039 ], [ 129.84439218, 32.832263872 ], [ 129.844389091000011, 32.832254998 ], [ 129.844386681, 32.832233948 ], [ 129.844386584, 32.832186713 ], [ 129.84439182700001, 32.832103139 ], [ 129.844388382, 32.832074048 ], [ 129.844383848, 32.832050587 ], [ 129.844372634, 32.832026197 ], [ 129.844356949, 32.831994317 ], [ 129.844330386, 32.831950419 ], [ 129.844319781, 32.831926037 ], [ 129.844307213, 32.831888242 ], [ 129.844290725, 32.831822908 ], [ 129.844281553, 32.831748851 ], [ 129.844274579, 32.83168001 ], [ 129.844276656, 32.831642445 ], [ 129.844274293000012, 32.83160583 ], [ 129.844264176, 32.831577695 ], [ 129.84424404, 32.831546765 ], [ 129.844228401, 32.831527095 ], [ 129.84421615, 32.831521493 ], [ 129.844084966999986, 32.831522791 ], [ 129.844067114000012, 32.831505003 ], [ 129.843937032000014, 32.831503476 ], [ 129.843910349999987, 32.831503549 ], [ 129.843905968, 32.831519523 ], [ 129.84389822899999, 32.831531754 ], [ 129.84389164000001, 32.831551485 ], [ 129.84388174, 32.831579684 ], [ 129.843881791, 32.831592832 ], [ 129.843880799, 32.83162382 ], [ 129.84387530699999, 32.831639797 ], [ 129.843866471000013, 32.831655783 ], [ 129.843855399, 32.831668014 ], [ 129.843839890999988, 32.831682143 ], [ 129.843804406, 32.831706652 ], [ 129.843744496999989, 32.831737802 ], [ 129.843740075, 32.831746263 ], [ 129.843740104, 32.831753775 ], [ 129.84373348599999, 32.831765995 ], [ 129.8437213, 32.8317773 ], [ 129.843681389000011, 32.83180652 ], [ 129.84364367500001, 32.83182915 ], [ 129.843634825, 32.831841384 ], [ 129.84363263899999, 32.831850778 ], [ 129.843632668, 32.831858289 ], [ 129.843633815, 32.831867674 ], [ 129.84363832, 32.83188081 ], [ 129.84363949199999, 32.831896768 ], [ 129.843635092, 32.831910866 ], [ 129.84362625599999, 32.831924029 ], [ 129.84361741699999, 32.831939077 ], [ 129.84361525599999, 32.831955045 ], [ 129.843603629, 32.831992185 ], [ 129.843602551, 32.832003578 ], [ 129.843593328, 32.832038421 ], [ 129.843588877, 32.832080727 ], [ 129.843586569, 32.832102592 ], [ 129.843586987, 32.83213914 ], [ 129.843592777999987, 32.832175692 ], [ 129.843599716, 32.832193853 ], [ 129.843625100999986, 32.832220242 ], [ 129.843647546, 32.832248857 ], [ 129.843678524000012, 32.832279901 ], [ 129.84370094, 32.832325921 ], [ 129.843713627, 32.832372544 ], [ 129.843719523, 32.832416806 ], [ 129.84371867499999, 32.832440769 ], [ 129.843703382, 32.832485864 ], [ 129.843696748000013, 32.832518842 ], [ 129.843697157, 32.832558592 ], [ 129.843703705, 32.832586222 ], [ 129.843717715, 32.832629659 ], [ 129.843744652999987, 32.832668389 ], [ 129.84379880099999, 32.83272195 ], [ 129.84382295099999, 32.83275222 ], [ 129.843835477999988, 32.83277106 ], [ 129.843847245, 32.832786556 ], [ 129.84385272599999, 32.832801024 ], [ 129.843851151, 32.832824682 ], [ 129.843844555, 32.832848002 ], [ 129.84383297299999, 32.832866557 ], [ 129.84381882299999, 32.832883901 ], [ 129.843805497, 32.832896292 ], [ 129.843785491, 32.832910117 ], [ 129.843768377, 32.832917929 ], [ 129.843747513000011, 32.832925408 ], [ 129.843717844, 32.832929367 ], [ 129.84368815799999, 32.832925922 ], [ 129.843605945, 32.832915236 ], [ 129.843590475000013, 32.832914566 ], [ 129.843570416, 32.832914622 ], [ 129.843546597999989, 32.83291787 ], [ 129.84348896, 32.832928615 ], [ 129.84345288599999, 32.832933647 ], [ 129.843428654, 32.832934778 ], [ 129.843355889, 32.832925445 ], [ 129.843324091, 32.832917408 ], [ 129.843272625999987, 32.832903075 ], [ 129.843255054999986, 32.832900301 ], [ 129.843222182, 32.832901509 ], [ 129.84319439399999, 32.832900052 ], [ 129.843155456, 32.832898788 ], [ 129.843124624000012, 32.832897502 ], [ 129.843088935, 32.832899656 ], [ 129.843038314000012, 32.832904854 ], [ 129.843028640999989, 32.832905917 ], [ 129.842973381, 32.832924131 ], [ 129.842916072, 32.83295393 ], [ 129.842851, 32.832992732 ], [ 129.84283595799999, 32.83300033 ], [ 129.842824266, 32.833001408 ], [ 129.842814503, 32.832998739 ], [ 129.84280242299999, 32.832990538 ], [ 129.84275426100001, 32.832934922 ], [ 129.842718115999986, 32.832943714 ], [ 129.842705725, 32.832943568 ], [ 129.842691401, 32.832940721 ], [ 129.842679197, 32.83293363 ], [ 129.842670945, 32.832926529 ], [ 129.84266713299999, 32.832921174 ], [ 129.842649954, 32.832901057 ], [ 129.84262414, 32.832879395 ], [ 129.842605692, 32.832859786 ], [ 129.842592109, 32.832832914 ], [ 129.842574824, 32.832798811 ], [ 129.84256241, 32.832759518 ], [ 129.842548873999988, 32.83274197 ], [ 129.842526722, 32.832717187 ], [ 129.842507003, 32.832689303 ], [ 129.84249341200001, 32.832660366 ], [ 129.84247606, 32.83260866 ], [ 129.842462461, 32.832577649 ], [ 129.842414641, 32.832569501 ], [ 129.842374166000013, 32.832560306 ], [ 129.842326393, 32.832564576 ], [ 129.842266029, 32.832622013 ], [ 129.84223597, 32.832641186 ], [ 129.84213330899999, 32.832724187 ], [ 129.841960666, 32.832894348 ], [ 129.841948218, 32.832924078 ], [ 129.84195606, 32.833002539 ], [ 129.84195368799999, 32.833038598 ], [ 129.841938674, 32.833053492 ], [ 129.841926153, 32.833064131 ], [ 129.841843293000011, 32.833068596 ], [ 129.84182595199999, 32.833075758 ], [ 129.841548687999989, 32.83353179 ], [ 129.841880835000012, 32.833692086 ], [ 129.842187763, 32.833827002 ], [ 129.842321094999988, 32.83388391 ], [ 129.842737714, 32.833802177 ], [ 129.843126928, 32.833685403 ], [ 129.843602006, 32.833448536 ], [ 129.84399468699999, 32.833201008 ], [ 129.844174672, 32.833049401 ], [ 129.844545681999989, 32.832722999 ], [ 129.844830596, 32.832470833 ], [ 129.84510041199999, 32.832281571 ], [ 129.845272173000012, 32.832166706 ], [ 129.845630879, 32.831972238 ], [ 129.845883437999987, 32.831861703 ], [ 129.846247306, 32.831723761 ], [ 129.84625956299999, 32.831804915 ], [ 129.846533219, 32.831711616 ], [ 129.846443313, 32.831301301 ], [ 129.84657789900001, 32.831257976 ], [ 129.846692229000013, 32.831207917 ], [ 129.84672751299999, 32.831189639 ], [ 129.846748991, 32.831178217 ], [ 129.846767414, 32.831166732 ], [ 129.84681516500001, 32.831135299 ], [ 129.84685597, 32.831102838 ], [ 129.84688755, 32.831071693 ], [ 129.84692942, 32.831022106 ], [ 129.84695774299999, 32.830982772 ], [ 129.84697427399999, 32.830956981 ], [ 129.847002202999988, 32.830906908 ], [ 129.847013653, 32.830879534 ], [ 129.847023740999987, 32.830847881 ], [ 129.847048094, 32.830691146 ], [ 129.84713008, 32.830166107 ], [ 129.84732982, 32.828869129 ], [ 129.847381082999988, 32.828530177 ], [ 129.847438454000013, 32.828147165 ], [ 129.847477199999986, 32.827923992 ], [ 129.847474675, 32.827925514 ], [ 129.847217274, 32.828100444 ], [ 129.84684178, 32.828351162 ], [ 129.846765688, 32.828402919 ], [ 129.846682695, 32.828462901 ], [ 129.846582395000013, 32.828543672 ], [ 129.84642383100001, 32.828677025 ], [ 129.84638840400001, 32.828716017 ], [ 129.846370831, 32.828742687 ], [ 129.84632702799999, 32.828668474 ], [ 129.84628541699999, 32.828641319 ], [ 129.846222759999989, 32.828615845 ], [ 129.846149134, 32.828593252 ], [ 129.846078303000013, 32.828572355 ], [ 129.846019962000014, 32.828552605 ], [ 129.845974256, 32.828532721 ], [ 129.845759312000013, 32.828551891 ], [ 129.845289853999986, 32.828579636 ], [ 129.845232606, 32.828582716 ], [ 129.845155758, 32.828580358 ], [ 129.845044594, 32.828600441 ], [ 129.844923712, 32.828632093 ], [ 129.844758840999987, 32.828717721 ], [ 129.844774803, 32.82887089 ], [ 129.844778034, 32.828911137 ], [ 129.844730481999989, 32.828938529 ], [ 129.84472021799999, 32.829065808 ], [ 129.84470804899999, 32.829100894 ], [ 129.844751213, 32.829131941 ], [ 129.844783572000011, 32.829150031 ], [ 129.844802098, 32.829170748 ], [ 129.844809923000014, 32.829205788 ], [ 129.844796296999988, 32.829261655 ], [ 129.844715221, 32.829364962 ], [ 129.844699977, 32.829397468 ], [ 129.844649342999986, 32.82942357 ], [ 129.844580248, 32.829445836 ], [ 129.844443691, 32.829515027 ], [ 129.844459306, 32.829578605 ], [ 129.84430603199999, 32.829697187 ], [ 129.84427236, 32.829737527 ], [ 129.844207724, 32.829719533 ], [ 129.844164, 32.829742703 ], [ 129.844170329, 32.829791373 ], [ 129.84409880199999, 32.829778593 ], [ 129.84403121599999, 32.829796301 ], [ 129.844012959999986, 32.829845696 ], [ 129.843952621999989, 32.829945185 ], [ 129.84394115399999, 32.829962747 ], [ 129.8440315, 32.830022143 ], [ 129.843982441, 32.830102473 ], [ 129.844007202, 32.8301446 ], [ 129.844047326, 32.830184745 ], [ 129.844066934000011, 32.830209076 ], [ 129.844079099999988, 32.830234022 ], [ 129.844086538999989, 32.830279641 ], [ 129.844093945999987, 32.830314122 ], [ 129.844092555, 32.830352434 ], [ 129.844094985, 32.830384233 ], [ 129.844100649000012, 32.830456938 ], [ 129.844124528, 32.830469849 ], [ 129.84417263899999, 32.830514923 ], [ 129.84418441, 32.830559295 ], [ 129.844213681000014, 32.83066567 ], [ 129.844220709000012, 32.830696167 ], [ 129.844222381, 32.830730818 ], [ 129.844204654, 32.830917193 ], [ 129.84416416, 32.831033175 ], [ 129.844314147, 32.83111111 ], [ 129.84449469899999, 32.831027216 ] ] ] } },
{ "type": "Feature", "properties": { "A29_001": "42308", "A29_002": "長崎県", "A29_003": "時津町", "A29_004": 1, "A29_005": "第一種低層住居専用地域", "A29_006": 50, "A29_007": 80, "A29_008": null }, "geometry": { "type": "Polygon", "coordinates": [ [ [ 129.848449778, 32.815198061 ], [ 129.84855144, 32.815316976 ], [ 129.848584319, 32.815360053 ], [ 129.848681246000012, 32.815314027 ], [ 129.848756782, 32.815287051 ], [ 129.848805782, 32.815271368 ], [ 129.848823127, 32.815263546 ], [ 129.848833313, 32.815254888 ], [ 129.848840427, 32.815244507 ], [ 129.848846493999986, 32.815225489 ], [ 129.848881733000013, 32.815088103 ], [ 129.848930739999986, 32.815003316 ], [ 129.8488396, 32.81455448 ], [ 129.849038544, 32.81443984 ], [ 129.849026134000013, 32.814403984 ], [ 129.84900065, 32.814411449 ], [ 129.848834433, 32.814508485 ], [ 129.848829814999988, 32.81451004 ], [ 129.84876813599999, 32.814467377 ], [ 129.848658011, 32.814502673 ], [ 129.84865564899999, 32.814523998 ], [ 129.848650701999986, 32.814564592 ], [ 129.84863965299999, 32.814614708 ], [ 129.848587962000011, 32.814728829 ], [ 129.848580878, 32.814746974 ], [ 129.848583036, 32.814774599 ], [ 129.84858958800001, 32.814882516 ], [ 129.848598925, 32.814913574 ], [ 129.848626888000013, 32.815007607 ], [ 129.848630027000013, 32.815026599 ], [ 129.848623948000011, 32.815039565 ], [ 129.84860969499999, 32.815054286 ], [ 129.848555688, 32.815097605 ], [ 129.848458905, 32.815180767 ], [ 129.848448719, 32.815189425 ], [ 129.848449778, 32.815198061 ] ] ] } },
{ "type": "Feature", "properties": { "A29_001": "42308", "A29_002": "長崎県", "A29_003": "時津町", "A29_004": 3, "A29_005": "第一種中高層住居専用地域", "A29_006": 60, "A29_007": 200, "A29_008": null }, "geometry": { "type": "Polygon", "coordinates": [ [ [ 129.848881733000013, 32.815088103 ], [ 129.848916073999987, 32.815087304 ], [ 129.84988377, 32.815101286 ], [ 129.84989863199999, 32.815116539 ], [ 129.849924660999989, 32.815038615 ], [ 129.84996692499999, 32.81490643 ], [ 129.84997152599999, 32.814818836 ], [ 129.849969663, 32.814763237 ], [ 129.849956217999988, 32.814692376 ], [ 129.849949449, 32.814646521 ], [ 129.849904767999988, 32.814581302 ], [ 129.849853394, 32.814489698 ], [ 129.849806938, 32.814393905 ], [ 129.84937858399999, 32.814268598 ], [ 129.849220913000011, 32.814346889 ], [ 129.849026134000013, 32.814403984 ], [ 129.849038544, 32.81443984 ], [ 129.8488396, 32.81455448 ], [ 129.848930739999986, 32.815003316 ], [ 129.848881733000013, 32.815088103 ] ] ] } },
{ "type": "Feature", "properties": { "A29_001": "42308", "A29_002": "長崎県", "A29_003": "時津町", "A29_004": 1, "A29_005": "第一種低層住居専用地域", "A29_006": 50, "A29_007": 80, "A29_008": null }, "geometry": { "type": "Polygon", "coordinates": [ [ [ 129.852892362, 32.826977579 ], [ 129.852920618000013, 32.826935755 ], [ 129.852830858, 32.826895401 ], [ 129.852826431000011, 32.826880651 ], [ 129.852826365999988, 32.82686404 ], [ 129.85281322099999, 32.826856692 ], [ 129.85279791100001, 32.826853047 ], [ 129.85278259899999, 32.826851241 ], [ 129.852778121, 32.826823569 ], [ 129.852764925, 32.826803298 ], [ 129.85275392599999, 32.826784869 ], [ 129.852745109000011, 32.826764595 ], [ 129.852738499999987, 32.826751691 ], [ 129.852668311, 32.826685445 ], [ 129.85263099299999, 32.826644943 ], [ 129.85261558900001, 32.826617302 ], [ 129.85255421799999, 32.82657133 ], [ 129.852534471000013, 32.826552926 ], [ 129.852486333, 32.826536451 ], [ 129.852456541, 32.826551802 ], [ 129.852417765000013, 32.826615334 ], [ 129.85239671, 32.826647037 ], [ 129.85236867899999, 32.826670192 ], [ 129.852377598, 32.826689168 ], [ 129.852331298, 32.826768033 ], [ 129.85232004400001, 32.826766027 ], [ 129.85230241299999, 32.826780334 ], [ 129.852237521, 32.826827346 ], [ 129.852207845, 32.826842363 ], [ 129.852151166999988, 32.826867781 ], [ 129.85205345599999, 32.826915616 ], [ 129.851965553000014, 32.826885645 ], [ 129.851960444000014, 32.826854809 ], [ 129.851820702999987, 32.826886205 ], [ 129.851737208, 32.826904088 ], [ 129.85152698499999, 32.826946278 ], [ 129.851431082, 32.826964925 ], [ 129.85139533099999, 32.8269861 ], [ 129.851451048, 32.82699838 ], [ 129.85146111, 32.827028588 ], [ 129.851436275, 32.827074108 ], [ 129.85132503, 32.827140584 ], [ 129.85157333, 32.827326142 ], [ 129.851919584, 32.827649685 ], [ 129.85211038, 32.827715655 ], [ 129.852368129000013, 32.827804766 ], [ 129.852383451, 32.82777105 ], [ 129.85238250899999, 32.827738065 ], [ 129.85251918099999, 32.827732874 ], [ 129.85254033699999, 32.82773212 ], [ 129.852607863, 32.827732624 ], [ 129.852774685000014, 32.827737646 ], [ 129.852785979, 32.827714249 ], [ 129.85281276500001, 32.82769768 ], [ 129.85283282, 32.827702204 ], [ 129.85286839599999, 32.827682986 ], [ 129.852917018999989, 32.827664895 ], [ 129.852951252999986, 32.827652056 ], [ 129.85298692500001, 32.827654273 ], [ 129.85301436, 32.827655936 ], [ 129.85305274000001, 32.827648875 ], [ 129.853034817, 32.827626913 ], [ 129.853060811, 32.827610048 ], [ 129.853196395, 32.827559274 ], [ 129.853253225, 32.827537101 ], [ 129.853340839, 32.82749631 ], [ 129.853375054999987, 32.827478836 ], [ 129.85337511899999, 32.827478809 ], [ 129.853356268, 32.827443954 ], [ 129.853344341, 32.827417854 ], [ 129.853333314, 32.827392517 ], [ 129.85333692899999, 32.827385591 ], [ 129.853342368, 32.827380967 ], [ 129.853310239, 32.827310349 ], [ 129.853273839, 32.827310452 ], [ 129.853256313, 32.827251317 ], [ 129.853240583, 32.827184494 ], [ 129.853237696, 32.827146077 ], [ 129.85323757099999, 32.82711456 ], [ 129.85323752299999, 32.82710226 ], [ 129.853229666, 32.827087051 ], [ 129.853071645999989, 32.827038935 ], [ 129.853013315999988, 32.827016808 ], [ 129.852960432, 32.826991599 ], [ 129.852912257000014, 32.826984926 ], [ 129.852892362, 32.826977579 ] ] ] } },
{ "type": "Feature", "properties": { "A29_001": "42308", "A29_002": "長崎県", "A29_003": "時津町", "A29_004": 3, "A29_005": "第一種中高層住居専用地域", "A29_006": 60, "A29_007": 200, "A29_008": null }, "geometry": { "type": "Polygon", "coordinates": [ [ [ 129.854917543999989, 32.828147934 ], [ 129.854914807, 32.828174211 ], [ 129.854861828, 32.828138821 ], [ 129.854839322, 32.82813572 ], [ 129.854801928, 32.828132958 ], [ 129.85474832599999, 32.828136916 ], [ 129.854730733, 32.828227974 ], [ 129.854717303, 32.82823749 ], [ 129.854679178, 32.828247075 ], [ 129.854573714, 32.828254958 ], [ 129.85453779, 32.828251263 ], [ 129.854483834, 32.828230567 ], [ 129.854447877000013, 32.828221191 ], [ 129.854405179, 32.828206144 ], [ 129.854371472, 32.828198655 ], [ 129.854337799, 32.828196857 ], [ 129.854306369, 32.828195043 ], [ 129.854158168, 32.828172638 ], [ 129.85414940199999, 32.828235301 ], [ 129.854057219, 32.828195748 ], [ 129.853962782, 32.828156201 ], [ 129.853942509, 32.828137303 ], [ 129.853910899, 32.828089995 ], [ 129.853892738000013, 32.828040754 ], [ 129.853881373, 32.828002866 ], [ 129.853883518, 32.827978215 ], [ 129.853903362000011, 32.827889053 ], [ 129.853988414000014, 32.827821873 ], [ 129.853961383000012, 32.82780358 ], [ 129.853884773, 32.827755993 ], [ 129.853885682999987, 32.827726944 ], [ 129.85386444400001, 32.827695784 ], [ 129.85384632099999, 32.827656022 ], [ 129.85382823099999, 32.827621949 ], [ 129.853529348, 32.827626681 ], [ 129.853531849, 32.827621885 ], [ 129.853536176, 32.827597858 ], [ 129.85353522299999, 32.827591783 ], [ 129.853494203, 32.827574224 ], [ 129.853476884, 32.827567356 ], [ 129.853472309000011, 32.827561219 ], [ 129.853464988000013, 32.827552014 ], [ 129.853458585999988, 32.827542807 ], [ 129.853424788000012, 32.827512161 ], [ 129.853403796, 32.827497566 ], [ 129.853378271, 32.827484625 ], [ 129.85337511899999, 32.827478809 ], [ 129.853375054999987, 32.827478836 ], [ 129.853340839, 32.82749631 ], [ 129.853253225, 32.827537101 ], [ 129.853196395, 32.827559274 ], [ 129.853060811, 32.827610048 ], [ 129.853034817, 32.827626913 ], [ 129.85305274000001, 32.827648875 ], [ 129.85301436, 32.827655936 ], [ 129.85298692500001, 32.827654273 ], [ 129.852951252999986, 32.827652056 ], [ 129.852917018999989, 32.827664895 ], [ 129.85286839599999, 32.827682986 ], [ 129.85283282, 32.827702204 ], [ 129.85281276500001, 32.82769768 ], [ 129.852785979, 32.827714249 ], [ 129.852774685000014, 32.827737646 ], [ 129.852607863, 32.827732624 ], [ 129.85254033699999, 32.82773212 ], [ 129.85251918099999, 32.827732874 ], [ 129.85238250899999, 32.827738065 ], [ 129.852383451, 32.82777105 ], [ 129.852368129000013, 32.827804766 ], [ 129.85211038, 32.827715655 ], [ 129.85197347, 32.828004584 ], [ 129.851676137, 32.828625496 ], [ 129.85129160599999, 32.828493383 ], [ 129.851047967, 32.828988235 ], [ 129.851060846, 32.829001428 ], [ 129.85109300100001, 32.82910581 ], [ 129.851089825, 32.829148167 ], [ 129.85137783499999, 32.829288533 ], [ 129.851258779, 32.829618136 ], [ 129.851351805, 32.82967099 ], [ 129.852687487, 32.830493845 ], [ 129.853555287, 32.831019392 ], [ 129.853644390999989, 32.831081598 ], [ 129.85364453, 32.831165148 ], [ 129.854447757, 32.831234856 ], [ 129.855102144999989, 32.831275394 ], [ 129.85562535599999, 32.831283874 ], [ 129.856194012, 32.831296424 ], [ 129.856196925, 32.831282249 ], [ 129.856194386999988, 32.831104198 ], [ 129.856237692, 32.831070204 ], [ 129.856294392, 32.831041817 ], [ 129.856312757000012, 32.831037526 ], [ 129.856414320999988, 32.831044506 ], [ 129.85647952, 32.831052788 ], [ 129.856855929, 32.831160398 ], [ 129.856897863, 32.830989472 ], [ 129.856909279, 32.830924718 ], [ 129.856906981, 32.830764144 ], [ 129.856913281, 32.830667436 ], [ 129.856926472, 32.830624645 ], [ 129.85708582, 32.830378184 ], [ 129.857098248, 32.830355559 ], [ 129.856828538, 32.830189759 ], [ 129.85671117199999, 32.830090582 ], [ 129.85666107899999, 32.830050704 ], [ 129.856509448999986, 32.829951624 ], [ 129.85637571699999, 32.829878085 ], [ 129.856301266, 32.829855707 ], [ 129.856005598, 32.829787598 ], [ 129.85591355299999, 32.829751157 ], [ 129.85594156499999, 32.829653676 ], [ 129.855971361, 32.829580195 ], [ 129.85599792, 32.829536356 ], [ 129.85604621600001, 32.829495286 ], [ 129.856114141, 32.82935988 ], [ 129.856130334, 32.829231383 ], [ 129.856146015, 32.829055112 ], [ 129.856172507, 32.828994346 ], [ 129.856182518999987, 32.82899008 ], [ 129.856285208, 32.828998634 ], [ 129.856324663, 32.829006493 ], [ 129.85636499099999, 32.829016506 ], [ 129.85638386, 32.829017904 ], [ 129.85674558, 32.829017595 ], [ 129.85681131199999, 32.828897605 ], [ 129.85682994699999, 32.828854212 ], [ 129.85683148699999, 32.828849402 ], [ 129.856836555, 32.82883201 ], [ 129.856837372, 32.828822602 ], [ 129.856840688, 32.828794357 ], [ 129.856840497, 32.828746572 ], [ 129.85684029399999, 32.828695902 ], [ 129.85683753399999, 32.828646681 ], [ 129.856840844, 32.828616994 ], [ 129.856853487, 32.828565556 ], [ 129.856864898, 32.828539778 ], [ 129.856852178999986, 32.828537523 ], [ 129.85686730399999, 32.828497784 ], [ 129.856876013, 32.828477433 ], [ 129.856773347, 32.828447741 ], [ 129.856746406000013, 32.828355881 ], [ 129.856723835999986, 32.82828355 ], [ 129.856695325, 32.82822644 ], [ 129.856679761, 32.828193912 ], [ 129.85667286899999, 32.828185238 ], [ 129.85666684899999, 32.828180918 ], [ 129.85665828099999, 32.828180212 ], [ 129.856644584, 32.828184597 ], [ 129.856557474999988, 32.828265925 ], [ 129.85649680099999, 32.828312432 ], [ 129.85647462, 32.828337104 ], [ 129.856463512, 32.828348003 ], [ 129.856453253000012, 32.828354543 ], [ 129.85641987599999, 32.828365495 ], [ 129.85638308899999, 32.828383699 ], [ 129.856360016, 32.828401863 ], [ 129.85635149, 32.828412024 ], [ 129.856345514, 32.828418561 ], [ 129.85634124500001, 32.828422189 ], [ 129.856306098, 32.82842301 ], [ 129.856297498, 32.828417245 ], [ 129.856294909000013, 32.828410742 ], [ 129.856294002999988, 32.828400608 ], [ 129.856293983, 32.82839554 ], [ 129.856289682000011, 32.828391206 ], [ 129.85628282799999, 32.828391956 ], [ 129.856271247, 32.828401809 ], [ 129.856251820000011, 32.82841302 ], [ 129.856196246, 32.828450097 ], [ 129.856189403, 32.828453742 ], [ 129.856178289000013, 32.828460284 ], [ 129.856168892999989, 32.828468995 ], [ 129.856153510000013, 32.828479175 ], [ 129.856110738000012, 32.828501742 ], [ 129.856096201000014, 32.828509746 ], [ 129.856079921, 32.828511966 ], [ 129.856071367, 32.828514885 ], [ 129.85605877099999, 32.828522171 ], [ 129.85600245399999, 32.82858459 ], [ 129.855943209, 32.828560871 ], [ 129.855958791, 32.828539174 ], [ 129.855933768999989, 32.828537442 ], [ 129.855901405, 32.828531781 ], [ 129.855863174, 32.828514828 ], [ 129.85583845299999, 32.82850542 ], [ 129.855802458, 32.828486558 ], [ 129.855708144, 32.828475454 ], [ 129.855615981, 32.828454642 ], [ 129.855628714, 32.828422754 ], [ 129.85563603599999, 32.828405509 ], [ 129.85553260399999, 32.828360299 ], [ 129.855492841, 32.828344694 ], [ 129.85545180599999, 32.828326216 ], [ 129.855433798, 32.828323372 ], [ 129.855422647000012, 32.828323404 ], [ 129.855414938, 32.828324147 ], [ 129.855408087, 32.828325609 ], [ 129.855396109999987, 32.82832999 ], [ 129.855390964, 32.828330726 ], [ 129.85538239600001, 32.828330029 ], [ 129.855343768000012, 32.828317829 ], [ 129.85531971, 32.828303424 ], [ 129.855273664, 32.828252117 ], [ 129.855234958000011, 32.82818829 ], [ 129.855235606, 32.828182012 ], [ 129.855197008, 32.828147754 ], [ 129.855074320999989, 32.828009191 ], [ 129.85504962499999, 32.8279765 ], [ 129.855040190000011, 32.827983515 ], [ 129.855031927999988, 32.827987543 ], [ 129.85501657399999, 32.827994079 ], [ 129.85500771400001, 32.827998099 ], [ 129.855000632000014, 32.828000617 ], [ 129.854995306, 32.828001633 ], [ 129.854984666, 32.828001158 ], [ 129.854957418, 32.827992741 ], [ 129.85493552, 32.827986815 ], [ 129.85493177, 32.828018713 ], [ 129.854917543999989, 32.828147934 ] ] ] } },
{ "type": "Feature", "properties": { "A29_001": "42308", "A29_002": "長崎県", "A29_003": "時津町", "A29_004": 1, "A29_005": "第一種低層住居専用地域", "A29_006": 50, "A29_007": 80, "A29_008": null }, "geometry": { "type": "Polygon", "coordinates": [ [ [ 129.854018757, 32.825552012 ], [ 129.854155178000013, 32.825562195 ], [ 129.854207989, 32.825566672 ], [ 129.85432405899999, 32.825570293 ], [ 129.85433424499999, 32.825580392 ], [ 129.85435834899999, 32.825606818 ], [ 129.854366661, 32.825609915 ], [ 129.854450684999989, 32.825626044 ], [ 129.854489444, 32.825625934 ], [ 129.85453279699999, 32.825623467 ], [ 129.854580739999989, 32.825614764 ], [ 129.854586254999987, 32.825607733 ], [ 129.854600029000011, 32.825590551 ], [ 129.854608293000013, 32.825581951 ], [ 129.854609184, 32.825574933 ], [ 129.854602652000011, 32.825554697 ], [ 129.85456534799999, 32.825455832 ], [ 129.85455057499999, 32.825452754 ], [ 129.854533849, 32.825423186 ], [ 129.854585326, 32.825414374 ], [ 129.854604849999987, 32.82541165 ], [ 129.854713849, 32.825396435 ], [ 129.85477936699999, 32.825386663 ], [ 129.854795755, 32.82538502 ], [ 129.854813251, 32.825382644 ], [ 129.854686093, 32.825192854 ], [ 129.85468238499999, 32.825189753 ], [ 129.854673135000013, 32.825184324 ], [ 129.85466298, 32.825182017 ], [ 129.85465374899999, 32.825181259 ], [ 129.854565275, 32.825206453 ], [ 129.854506285000014, 32.825222202 ], [ 129.854464779000011, 32.825226991 ], [ 129.85445437199999, 32.82516156 ], [ 129.854443193, 32.825132762 ], [ 129.854427407, 32.825108648 ], [ 129.854405162, 32.825082216 ], [ 129.85439209, 32.825044847 ], [ 129.85438738900001, 32.825023037 ], [ 129.85434679, 32.825022377 ], [ 129.854271189, 32.825037398 ], [ 129.854197398999986, 32.825043053 ], [ 129.854165064, 32.825033793 ], [ 129.854076377000013, 32.825005205 ], [ 129.854075426, 32.824999752 ], [ 129.854096639, 32.824997356 ], [ 129.854075294000012, 32.824966242 ], [ 129.854078949000012, 32.824956096 ], [ 129.85409086199999, 32.824935808 ], [ 129.854103702, 32.824914724 ], [ 129.854105468, 32.8248968 ], [ 129.854106925999986, 32.824798601 ], [ 129.85412062899999, 32.824763492 ], [ 129.854127035, 32.824749451 ], [ 129.85412055099999, 32.824744013 ], [ 129.854055831000011, 32.824709902 ], [ 129.85404474, 32.824706037 ], [ 129.853975682, 32.824741303 ], [ 129.853966457000013, 32.824742114 ], [ 129.853959986, 32.824739787 ], [ 129.853939501000013, 32.824710149 ], [ 129.85385986599999, 32.824620827 ], [ 129.853846909999987, 32.824609952 ], [ 129.853834882, 32.82460141 ], [ 129.85383186199999, 32.824599543 ], [ 129.853828114, 32.824599716 ], [ 129.85381992500001, 32.824600271 ], [ 129.853807324, 32.824600839 ], [ 129.853789667, 32.824600357 ], [ 129.853776430000011, 32.82459933 ], [ 129.853742958999987, 32.824586114 ], [ 129.853708200999989, 32.824569115 ], [ 129.85368862199999, 32.824560648 ], [ 129.853679153, 32.824556418 ], [ 129.85367032100001, 32.824553783 ], [ 129.853655172, 32.824550092 ], [ 129.853646972, 32.824547987 ], [ 129.853631205999989, 32.8245475 ], [ 129.853581440999989, 32.824554566 ], [ 129.853523517000013, 32.824572288 ], [ 129.85346183499999, 32.824595881 ], [ 129.85344735000001, 32.824600719 ], [ 129.85329662699999, 32.824527893 ], [ 129.853225505000012, 32.824508606 ], [ 129.853076856, 32.824484623 ], [ 129.85297150400001, 32.824465739 ], [ 129.85294668099999, 32.824462635 ], [ 129.852959993000013, 32.824393376 ], [ 129.852960663, 32.824352145 ], [ 129.852934057, 32.82430062 ], [ 129.852899833, 32.824278117 ], [ 129.852900561000013, 32.824229798 ], [ 129.852890405000011, 32.824227491 ], [ 129.85286828400001, 32.824232224 ], [ 129.852844334, 32.824244763 ], [ 129.852836067, 32.824252578 ], [ 129.852828687, 32.824252599 ], [ 129.852842377, 32.82421437 ], [ 129.85289172, 32.824092661 ], [ 129.852911088000013, 32.824091046 ], [ 129.852929499999988, 32.824080092 ], [ 129.85295618, 32.824061314 ], [ 129.85298007599999, 32.824037863 ], [ 129.852980054, 32.824032407 ], [ 129.852978169000011, 32.824023061 ], [ 129.852938145, 32.823932779 ], [ 129.852933476, 32.82391876 ], [ 129.852932519, 32.823911747 ], [ 129.85293248799999, 32.823903956 ], [ 129.85293613799999, 32.823892258 ], [ 129.85295631299999, 32.823862578 ], [ 129.85298463399999, 32.823791581 ], [ 129.85297901199999, 32.82376899 ], [ 129.852976998, 32.823726918 ], [ 129.852976043000012, 32.823717569 ], [ 129.85296120699999, 32.823701243 ], [ 129.85294450399999, 32.823677132 ], [ 129.852940776, 32.823666231 ], [ 129.85293979799999, 32.823653771 ], [ 129.852949859, 32.823629584 ], [ 129.852949825, 32.823621008 ], [ 129.852947027999988, 32.823613224 ], [ 129.852915647, 32.823612537 ], [ 129.85286770799999, 32.823622024 ], [ 129.85284282, 32.823626765 ], [ 129.8527986, 32.823644817 ], [ 129.852649457000012, 32.823727841 ], [ 129.852668642999987, 32.823680245 ], [ 129.852666762000013, 32.823671683 ], [ 129.852640858, 32.823654613 ], [ 129.852548367, 32.82359798 ], [ 129.852532652, 32.823588673 ], [ 129.852513246, 32.823583272 ], [ 129.852492953, 32.823583329 ], [ 129.852463441, 32.823588092 ], [ 129.85243765300001, 32.823597516 ], [ 129.85241465199999, 32.823614724 ], [ 129.85238159, 32.823653783 ], [ 129.852363236, 32.823679545 ], [ 129.852351365, 32.823710753 ], [ 129.85234600199999, 32.82375363 ], [ 129.852334939, 32.823756781 ], [ 129.852322945, 32.823756815 ], [ 129.852267125, 32.823874646 ], [ 129.85224775099999, 32.823874701 ], [ 129.8521656, 32.82386714 ], [ 129.85207054599999, 32.823861952 ], [ 129.852031785, 32.823858941 ], [ 129.852017015, 32.823858982 ], [ 129.85169119299999, 32.824055035 ], [ 129.851670976, 32.824074327 ], [ 129.851655859, 32.824078626 ], [ 129.85165723599999, 32.824100085 ], [ 129.851741202, 32.824102184 ], [ 129.85178893599999, 32.824121998 ], [ 129.851825878999989, 32.824146116 ], [ 129.851957793, 32.824224796 ], [ 129.852066573, 32.824265431 ], [ 129.852080081, 32.824289101 ], [ 129.85199615499999, 32.82460608 ], [ 129.851989702999987, 32.82466539 ], [ 129.851993306999987, 32.824731734 ], [ 129.851998622, 32.82480654 ], [ 129.85197958099999, 32.825058958 ], [ 129.851979871, 32.825132363 ], [ 129.851926324, 32.825242017 ], [ 129.85202016, 32.825276526 ], [ 129.852121426999986, 32.825312944 ], [ 129.85229503, 32.825378322 ], [ 129.852270714000014, 32.825441317 ], [ 129.852240935999987, 32.825527756 ], [ 129.852174154000011, 32.825666737 ], [ 129.852248304, 32.825668089 ], [ 129.852309381999987, 32.825672525 ], [ 129.852307364000012, 32.825715807 ], [ 129.852322746, 32.825743395 ], [ 129.852394866999987, 32.825785558 ], [ 129.852410158999987, 32.825792882 ], [ 129.852457097000013, 32.825808405 ], [ 129.852486612, 32.825825816 ], [ 129.852517137, 32.82582573 ], [ 129.852568408, 32.825832034 ], [ 129.852583872, 32.82584246 ], [ 129.852590279, 32.825850387 ], [ 129.85256421, 32.825875322 ], [ 129.852525149, 32.825923326 ], [ 129.852542695000011, 32.825947219 ], [ 129.85251771899999, 32.825973072 ], [ 129.85244145499999, 32.825988021 ], [ 129.852395828, 32.826023292 ], [ 129.85240936, 32.826036916 ], [ 129.852432326000013, 32.826051082 ], [ 129.852466093, 32.826071466 ], [ 129.852529538999988, 32.826099189 ], [ 129.852563151, 32.826112856 ], [ 129.852576338, 32.826082131 ], [ 129.85260881799999, 32.826028194 ], [ 129.852625289, 32.826009634 ], [ 129.852646584000013, 32.825954907 ], [ 129.852661329, 32.825918542 ], [ 129.852673646, 32.825894745 ], [ 129.85268435099999, 32.825882144 ], [ 129.852710776, 32.825871591 ], [ 129.852769155, 32.825817211 ], [ 129.852831106999986, 32.825758934 ], [ 129.852850217999986, 32.825708516 ], [ 129.852793236999986, 32.825668069 ], [ 129.852858567999988, 32.825610667 ], [ 129.852876052, 32.825610617 ], [ 129.85289355, 32.825614256 ], [ 129.852921966999986, 32.825616025 ], [ 129.853000501, 32.825580733 ], [ 129.853116129999989, 32.825532414 ], [ 129.85317595, 32.825496949 ], [ 129.853175873999987, 32.825477687 ], [ 129.853193379, 32.825472182 ], [ 129.853339986, 32.825446825 ], [ 129.85337042399999, 32.825443628 ], [ 129.853416573, 32.825445833 ], [ 129.853521797000013, 32.825456448 ], [ 129.853558708, 32.825456344 ], [ 129.85358821, 32.82545158 ], [ 129.853613128, 32.82545151 ], [ 129.85362791, 32.825456924 ], [ 129.85363529599999, 32.825458463 ], [ 129.853656558000012, 32.82546853 ], [ 129.853673234000013, 32.825485635 ], [ 129.853679755, 32.825500424 ], [ 129.853739706999988, 32.825495574 ], [ 129.853780285, 32.825490788 ], [ 129.85383603, 32.825478276 ], [ 129.85389738500001, 32.825471754 ], [ 129.853933366, 32.825468532 ], [ 129.85394167699999, 32.825471629 ], [ 129.853955087, 32.825478363 ], [ 129.853968283, 32.825498625 ], [ 129.854018757, 32.825552012 ] ] ] } },
{ "type": "Feature", "properties": { "A29_001": "42308", "A29_002": "長崎県", "A29_003": "時津町", "A29_004": 8, "A29_005": "近隣商業地域", "A29_006": 80, "A29_007": 300, "A29_008": null }, "geometry": { "type": "Polygon", "coordinates": [ [ [ 129.843790632, 32.834180582 ], [ 129.843422, 32.83464953 ], [ 129.843120242999987, 32.835149306 ], [ 129.843206486000014, 32.835185159 ], [ 129.843505923, 32.835303526 ], [ 129.845260739, 32.835574004 ], [ 129.845594694, 32.834995056 ], [ 129.846089135, 32.834137816 ], [ 129.846381853, 32.833634243 ], [ 129.846448358, 32.833249809 ], [ 129.845320902, 32.83349141 ], [ 129.84527101899999, 32.833472205 ], [ 129.845165449, 32.833606249 ], [ 129.84460507, 32.832797422 ], [ 129.84428086, 32.833080573 ], [ 129.844512775999988, 32.833340659 ], [ 129.844238186000013, 32.833592435 ], [ 129.843838618, 32.834167816 ], [ 129.843790632, 32.834180582 ] ] ] } },
{ "type": "Feature", "properties": { "A29_001": "42308", "A29_002": "長崎県", "A29_003": "時津町", "A29_004": 11, "A29_005": "工業地域", "A29_006": 60, "A29_007": 200, "A29_008": null }, "geometry": { "type": "Polygon", "coordinates": [ [ [ 129.84625956299999, 32.831804915 ], [ 129.846247306, 32.831723761 ], [ 129.845883437999987, 32.831861703 ], [ 129.845630879, 32.831972238 ], [ 129.845272173000012, 32.832166706 ], [ 129.84510041199999, 32.832281571 ], [ 129.844830596, 32.832470833 ], [ 129.844545681999989, 32.832722999 ], [ 129.844174672, 32.833049401 ], [ 129.84399468699999, 32.833201008 ], [ 129.843602006, 32.833448536 ], [ 129.843126928, 32.833685403 ], [ 129.843790632, 32.834180582 ], [ 129.843838618, 32.834167816 ], [ 129.844238186000013, 32.833592435 ], [ 129.844512775999988, 32.833340659 ], [ 129.84428086, 32.833080573 ], [ 129.84460507, 32.832797422 ], [ 129.845165449, 32.833606249 ], [ 129.84527101899999, 32.833472205 ], [ 129.845320902, 32.83349141 ], [ 129.846448358, 32.833249809 ], [ 129.84645261, 32.833225232 ], [ 129.846454609, 32.833211736 ], [ 129.84625956299999, 32.831804915 ] ] ] } },
{ "type": "Feature", "properties": { "A29_001": "42308", "A29_002": "長崎県", "A29_003": "時津町", "A29_004": 1, "A29_005": "第一種低層住居専用地域", "A29_006": 60, "A29_007": 150, "A29_008": null }, "geometry": { "type": "Polygon", "coordinates": [ [ [ 129.849139646, 32.828353675 ], [ 129.849205525, 32.828383557 ], [ 129.84940714699999, 32.828445821 ], [ 129.849450448, 32.828456964 ], [ 129.849482211, 32.828461817 ], [ 129.84967113799999, 32.828481751 ], [ 129.849746366, 32.828487898 ], [ 129.849791192, 32.828495429 ], [ 129.849839702999986, 32.82850588 ], [ 129.849864000999986, 32.828524876 ], [ 129.849880829999989, 32.828553767 ], [ 129.849906016, 32.828600031 ], [ 129.849968171, 32.828682451 ], [ 129.850005067000012, 32.828716228 ], [ 129.850057857, 32.828752783 ], [ 129.85010273, 32.828775067 ], [ 129.85015458699999, 32.828789035 ], [ 129.850207269, 32.828798068 ], [ 129.850247378, 32.828798659 ], [ 129.850314803, 32.828792122 ], [ 129.850449336, 32.828791042 ], [ 129.850583902000011, 32.828801252 ], [ 129.850649671000014, 32.828810879 ], [ 129.850724953999986, 32.828828316 ], [ 129.850835917000012, 32.828860388 ], [ 129.85091123399999, 32.828889125 ], [ 129.851026014000013, 32.828965743 ], [ 129.851047967, 32.828988235 ], [ 129.85129160599999, 32.828493383 ], [ 129.851676137, 32.828625496 ], [ 129.85197347, 32.828004584 ], [ 129.85211038, 32.827715655 ], [ 129.851919584, 32.827649685 ], [ 129.85157333, 32.827326142 ], [ 129.85132503, 32.827140584 ], [ 129.851436275, 32.827074108 ], [ 129.85146111, 32.827028588 ], [ 129.851451048, 32.82699838 ], [ 129.85139533099999, 32.8269861 ], [ 129.851431082, 32.826964925 ], [ 129.85152698499999, 32.826946278 ], [ 129.851737208, 32.826904088 ], [ 129.851820702999987, 32.826886205 ], [ 129.851960444000014, 32.826854809 ], [ 129.851965553000014, 32.826885645 ], [ 129.85205345599999, 32.826915616 ], [ 129.852151166999988, 32.826867781 ], [ 129.852207845, 32.826842363 ], [ 129.852237521, 32.826827346 ], [ 129.85230241299999, 32.826780334 ], [ 129.85232004400001, 32.826766027 ], [ 129.852331298, 32.826768033 ], [ 129.852377598, 32.826689168 ], [ 129.85236867899999, 32.826670192 ], [ 129.85239671, 32.826647037 ], [ 129.852417765000013, 32.826615334 ], [ 129.852456541, 32.826551802 ], [ 129.852486333, 32.826536451 ], [ 129.852524276999986, 32.826459738 ], [ 129.852518843000013, 32.826446866 ], [ 129.852505947999987, 32.826437849 ], [ 129.85240271699999, 32.826399444 ], [ 129.852369603, 32.826373926 ], [ 129.852332442, 32.826346148 ], [ 129.852355241999987, 32.82632105 ], [ 129.85239294499999, 32.826312972 ], [ 129.852430618999989, 32.826300349 ], [ 129.852490472, 32.826272866 ], [ 129.85250928100001, 32.826256878 ], [ 129.852556276, 32.826235265 ], [ 129.852531787, 32.826214025 ], [ 129.852541932, 32.826162297 ], [ 129.852563151, 32.826112856 ], [ 129.852529538999988, 32.826099189 ], [ 129.852466093, 32.826071466 ], [ 129.852432326000013, 32.826051082 ], [ 129.85240936, 32.826036916 ], [ 129.852395828, 32.826023292 ], [ 129.85244145499999, 32.825988021 ], [ 129.85251771899999, 32.825973072 ], [ 129.852542695000011, 32.825947219 ], [ 129.852525149, 32.825923326 ], [ 129.85256421, 32.825875322 ], [ 129.852590279, 32.825850387 ], [ 129.852583872, 32.82584246 ], [ 129.852568408, 32.825832034 ], [ 129.852517137, 32.82582573 ], [ 129.852486612, 32.825825816 ], [ 129.852457097000013, 32.825808405 ], [ 129.852410158999987, 32.825792882 ], [ 129.852394866999987, 32.825785558 ], [ 129.852322746, 32.825743395 ], [ 129.852307364000012, 32.825715807 ], [ 129.852309381999987, 32.825672525 ], [ 129.852248304, 32.825668089 ], [ 129.852174154000011, 32.825666737 ], [ 129.852240935999987, 32.825527756 ], [ 129.852270714000014, 32.825441317 ], [ 129.85229503, 32.825378322 ], [ 129.852121426999986, 32.825312944 ], [ 129.85202016, 32.825276526 ], [ 129.851926324, 32.825242017 ], [ 129.851888968999987, 32.825292108 ], [ 129.851854851000013, 32.825334263 ], [ 129.851800419, 32.825382256 ], [ 129.85174541, 32.82541629 ], [ 129.85167267, 32.825450131 ], [ 129.851145365, 32.825649256 ], [ 129.850931064, 32.825712928 ], [ 129.850597228, 32.82581269 ], [ 129.85035678599999, 32.82586701 ], [ 129.85009357199999, 32.825871922 ], [ 129.849904758, 32.825879511 ], [ 129.84962091700001, 32.825946657 ], [ 129.849581424, 32.825996781 ], [ 129.84953642, 32.826025141 ], [ 129.84945632099999, 32.826056431 ], [ 129.849389597999988, 32.826086259 ], [ 129.849361254, 32.826103283 ], [ 129.84933633599999, 32.826141471 ], [ 129.849328101, 32.826173958 ], [ 129.849329976, 32.826224777 ], [ 129.849335306, 32.826306645 ], [ 129.84934634199999, 32.82655557 ], [ 129.849350574999988, 32.826782853 ], [ 129.849329274000013, 32.826891217 ], [ 129.849180752, 32.827339927 ], [ 129.849176215999989, 32.827463601 ], [ 129.849158163, 32.82795975 ], [ 129.84914079, 32.828329341 ], [ 129.849139646, 32.828353675 ] ] ] } },
{ "type": "Feature", "properties": { "A29_001": "42308", "A29_002": "長崎県", "A29_003": "時津町", "A29_004": 1, "A29_005": "第一種低層住居専用地域", "A29_006": 50, "A29_007": 80, "A29_008": null }, "geometry": { "type": "Polygon", "coordinates": [ [ [ 129.85250928100001, 32.826256878 ], [ 129.852490472, 32.826272866 ], [ 129.852430618999989, 32.826300349 ], [ 129.85239294499999, 32.826312972 ], [ 129.852355241999987, 32.82632105 ], [ 129.852332442, 32.826346148 ], [ 129.852369603, 32.826373926 ], [ 129.85240271699999, 32.826399444 ], [ 129.852505947999987, 32.826437849 ], [ 129.852518843000013, 32.826446866 ], [ 129.852524276999986, 32.826459738 ], [ 129.85256221099999, 32.826383033 ], [ 129.852594763000013, 32.826325723 ], [ 129.852588164999986, 32.826312819 ], [ 129.85257981, 32.826303942 ], [ 129.852580523, 32.826300522 ], [ 129.852576247, 32.826264553 ], [ 129.852556276, 32.826235265 ], [ 129.85250928100001, 32.826256878 ] ] ] } },
{ "type": "Feature", "properties": { "A29_001": "42308", "A29_002": "長崎県", "A29_003": "時津町", "A29_004": 5, "A29_005": "第一種住居地域", "A29_006": 60, "A29_007": 200, "A29_008": null }, "geometry": { "type": "Polygon", "coordinates": [ [ [ 129.838923705000013, 32.833172188 ], [ 129.838980469, 32.833094075 ], [ 129.83884914699999, 32.833025615 ], [ 129.83904874000001, 32.832786498 ], [ 129.839273186000014, 32.83254138 ], [ 129.839717286, 32.832698168 ], [ 129.839833231999989, 32.832742772 ], [ 129.839802042, 32.832588714 ], [ 129.83975682499999, 32.832352218 ], [ 129.839726391, 32.83226471 ], [ 129.839688572999989, 32.832212545 ], [ 129.839636533, 32.832161835 ], [ 129.83959181, 32.832122629 ], [ 129.839530975, 32.832068065 ], [ 129.839259269, 32.831915146 ], [ 129.839163981000013, 32.83187036 ], [ 129.839097716999987, 32.831845606 ], [ 129.83905152299999, 32.831832384 ], [ 129.83898887, 32.831819208 ], [ 129.838925925000012, 32.831810901 ], [ 129.838872506, 32.831807619 ], [ 129.838744584000011, 32.83179011 ], [ 129.838654593, 32.831775736 ], [ 129.83860456, 32.831763967 ], [ 129.838362698, 32.831683731 ], [ 129.838116899999989, 32.831607744 ], [ 129.83808341299999, 32.831593225 ], [ 129.838008472000013, 32.831547978 ], [ 129.837884177, 32.831458532 ], [ 129.837818895999987, 32.83141416 ], [ 129.837683484, 32.831336385 ], [ 129.837735627, 32.831214197 ], [ 129.837777210000013, 32.831177959 ], [ 129.837861749000012, 32.831050219 ], [ 129.837890402, 32.83102922 ], [ 129.837907059, 32.830999317 ], [ 129.837923853, 32.830977764 ], [ 129.837942698, 32.830961526 ], [ 129.837960245, 32.830941279 ], [ 129.838001529, 32.830899316 ], [ 129.838091617, 32.83090001 ], [ 129.838151677000013, 32.830899848 ], [ 129.838187266, 32.830899752 ], [ 129.83821393, 32.830894981 ], [ 129.838242815, 32.830884578 ], [ 129.838279433, 32.830862872 ], [ 129.838291649000013, 32.830859088 ], [ 129.83830610699999, 32.830858102 ], [ 129.838312761999987, 32.83085527 ], [ 129.83832164099999, 32.830850548 ], [ 129.838352719999989, 32.830832618 ], [ 129.838362689, 32.830822256 ], [ 129.83837155399999, 32.830813783 ], [ 129.838385991, 32.830809983 ], [ 129.83839710699999, 32.830806202 ], [ 129.838410419000013, 32.830798654 ], [ 129.838423702999989, 32.830783585 ], [ 129.838433654, 32.830765712 ], [ 129.83843918299999, 32.830759123 ], [ 129.83844912699999, 32.830742187 ], [ 129.838452499, 32.83074969 ], [ 129.838460278000014, 32.830750616 ], [ 129.838473619000013, 32.830747757 ], [ 129.83849024599999, 32.830732689 ], [ 129.838504629, 32.830714803 ], [ 129.838515702, 32.830699741 ], [ 129.838521813999989, 32.830686188 ], [ 129.838522555999987, 32.830684744 ], [ 129.838530303, 32.830679925 ], [ 129.838585185, 32.830646816 ], [ 129.838630093, 32.83062268 ], [ 129.838705268000012, 32.83058894 ], [ 129.838697047000011, 32.830564641 ], [ 129.8386936, 32.83051755 ], [ 129.838684701, 32.830443952 ], [ 129.838658484, 32.830400431 ], [ 129.838635708, 32.830382394 ], [ 129.838612603, 32.830376522 ], [ 129.838613431999988, 32.830375438 ], [ 129.83858973400001, 32.830370714 ], [ 129.83862601199999, 32.830307283 ], [ 129.83866422700001, 32.830278557 ], [ 129.838704049, 32.830223035 ], [ 129.83872283, 32.830190105 ], [ 129.838723912, 32.83018259 ], [ 129.83872056199999, 32.83017791 ], [ 129.838698287999989, 32.830168573 ], [ 129.838686048, 32.830165793 ], [ 129.838666018, 32.8301649 ], [ 129.838647119, 32.830166836 ], [ 129.838616002, 32.83017161 ], [ 129.8385604, 32.830172707 ], [ 129.838479193000012, 32.83016729 ], [ 129.838432463, 32.83016178 ], [ 129.838385727, 32.830154386 ], [ 129.838366803000014, 32.830149748 ], [ 129.838307766000014, 32.830126425 ], [ 129.838254264999989, 32.830095575 ], [ 129.83822638699999, 32.830075919 ], [ 129.838197371, 32.830048764 ], [ 129.83818060499999, 32.830027202 ], [ 129.838164925, 32.829999073 ], [ 129.838149214, 32.829959662 ], [ 129.83814019499999, 32.829927754 ], [ 129.83813788099999, 32.82990334 ], [ 129.838135574, 32.829883616 ], [ 129.83813655, 32.82984792 ], [ 129.838147437, 32.829784026 ], [ 129.838152869999988, 32.829752071 ], [ 129.838160571, 32.829729514 ], [ 129.83817050799999, 32.829710703 ], [ 129.83818711699999, 32.829690927 ], [ 129.838202626, 32.829673977 ], [ 129.83823035, 32.829653242 ], [ 129.838265871, 32.8296353 ], [ 129.838375828000011, 32.829597434 ], [ 129.838444702, 32.829578464 ], [ 129.838526906, 32.829553821 ], [ 129.838656957000012, 32.829533729 ], [ 129.838681415999986, 32.829530849 ], [ 129.838696964, 32.829527047 ], [ 129.838713619, 32.82951949 ], [ 129.838732470999986, 32.829505353 ], [ 129.838740210999987, 32.829493122 ], [ 129.838746844000013, 32.829481832 ], [ 129.838749001, 32.829464917 ], [ 129.838753298, 32.829423577 ], [ 129.83875747799999, 32.829354065 ], [ 129.838757331000011, 32.82931555 ], [ 129.838752680999988, 32.829261086 ], [ 129.838757018, 32.829232893 ], [ 129.83876356799999, 32.829200006 ], [ 129.838774519999987, 32.829155834 ], [ 129.838795443, 32.829099415 ], [ 129.838836254, 32.829011949 ], [ 129.838857181, 32.828956478 ], [ 129.83886601399999, 32.828939545 ], [ 129.83886814600001, 32.828916057 ], [ 129.838866986, 32.828902912 ], [ 129.838869171999988, 32.828893519 ], [ 129.838878015, 32.8288794 ], [ 129.838882369, 32.828855905 ], [ 129.83887670499999, 32.828826802 ], [ 129.838863186, 32.828782696 ], [ 129.838853070999988, 32.828754543 ], [ 129.838844630000011, 32.828739668 ], [ 129.838821951, 32.828710665 ], [ 129.838768660999989, 32.828647892 ], [ 129.838645205, 32.82854241 ], [ 129.83858066499999, 32.828490155 ], [ 129.838520639, 32.828436932 ], [ 129.838477608, 32.828397965 ], [ 129.838416478999989, 32.828352373 ], [ 129.838338453, 32.828312545 ], [ 129.83829595200001, 32.828297826 ], [ 129.83826969399999, 32.828293983 ], [ 129.838247439000014, 32.828292167 ], [ 129.838192956, 32.828295137 ], [ 129.838131823, 32.828301876 ], [ 129.838054003, 32.828310536 ], [ 129.83789061499999, 32.828335398 ], [ 129.837806105, 32.82833751 ], [ 129.837792768000014, 32.828341298 ], [ 129.837761683999986, 32.82835453 ], [ 129.837738389, 32.828371501 ], [ 129.837712933, 32.828401626 ], [ 129.837671925, 32.828440252 ], [ 129.83764973800001, 32.82845346 ], [ 129.83762975, 32.828461017 ], [ 129.83761196, 32.828462003 ], [ 129.837591933, 32.828459243 ], [ 129.837568546, 32.828451794 ], [ 129.837529593, 32.828443441 ], [ 129.83748730100001, 32.828436043 ], [ 129.837423898999987, 32.8284334 ], [ 129.83739387599999, 32.828433481 ], [ 129.837364966, 32.828434497 ], [ 129.837296057, 32.828446893 ], [ 129.837244949, 32.828458303 ], [ 129.837206043, 32.828464981 ], [ 129.83711153499999, 32.828469934 ], [ 129.837000343999989, 32.828474923 ], [ 129.836936943000012, 32.82847228 ], [ 129.836850201, 32.828474389 ], [ 129.83681128, 32.828474494 ], [ 129.836780167, 32.828480214 ], [ 129.836699167, 32.828515241 ], [ 129.836576382, 32.828581347 ], [ 129.83637933599999, 32.828707712 ], [ 129.836303976000011, 32.828754203 ], [ 129.83625207, 32.828786221 ], [ 129.8362353, 32.828794454 ], [ 129.836233134999986, 32.828812306 ], [ 129.83622223899999, 32.82887151 ], [ 129.836215673, 32.828900656 ], [ 129.836190329, 32.82896365 ], [ 129.83616389299999, 32.829031346 ], [ 129.83610866, 32.829130123 ], [ 129.836094331999988, 32.829163031 ], [ 129.836093267, 32.829175245 ], [ 129.836126404999987, 32.829287302 ], [ 129.835942845, 32.829282555 ], [ 129.835713051999988, 32.829341815 ], [ 129.835692163, 32.829345397 ], [ 129.835647813, 32.82934199 ], [ 129.835615991999987, 32.829330063 ], [ 129.83557624, 32.829302196 ], [ 129.835538433000011, 32.829257785 ], [ 129.83552077499999, 32.82923169 ], [ 129.835488649000013, 32.829141336 ], [ 129.835471853, 32.829123012 ], [ 129.83542323399999, 32.82909488 ], [ 129.83534961699999, 32.829090839 ], [ 129.83522639, 32.829133562 ], [ 129.835115347999988, 32.829186848 ], [ 129.835070218, 32.829197565 ], [ 129.835017505, 32.829191348 ], [ 129.834983150999989, 32.829175903 ], [ 129.834946273000014, 32.829154097 ], [ 129.83492277799999, 32.829135078 ], [ 129.83483479099999, 32.829019091 ], [ 129.834807958, 32.829001506 ], [ 129.834781155, 32.828991685 ], [ 129.83474374, 32.828988927 ], [ 129.834708631000012, 32.828991852 ], [ 129.834673525999989, 32.828998304 ], [ 129.83464512, 32.829008272 ], [ 129.834599204999989, 32.829031706 ], [ 129.834503985999987, 32.829063757 ], [ 129.83447556199999, 32.829068775 ], [ 129.83444463, 32.829071689 ], [ 129.83441785299999, 32.829068929 ], [ 129.834259161, 32.82902779 ], [ 129.83421640099999, 32.829001058 ], [ 129.834181134, 32.828964413 ], [ 129.83415422499999, 32.828926331 ], [ 129.834117063, 32.828814302 ], [ 129.834097652, 32.828767722 ], [ 129.83407413099999, 32.828738811 ], [ 129.834039753000013, 32.828717007 ], [ 129.833999108, 32.828704563 ], [ 129.83396565000001, 32.828703236 ], [ 129.833933878000011, 32.828706856 ], [ 129.83373410199999, 32.828738473 ], [ 129.833555598, 32.82874316 ], [ 129.833385088, 32.828774699 ], [ 129.833344315, 32.828788046 ], [ 129.83323930200001, 32.828888658 ], [ 129.833211758, 32.828903566 ], [ 129.83318250799999, 32.828907882 ], [ 129.83314568599999, 32.828903742 ], [ 129.83310382799999, 32.828892554 ], [ 129.833026483, 32.828891317 ], [ 129.83277982300001, 32.828910342 ], [ 129.832737167, 32.828911159 ], [ 129.832699501, 32.828901375 ], [ 129.832667070000014, 32.828886014 ], [ 129.83263183, 32.82885643 ], [ 129.832621737000011, 32.828839503 ], [ 129.832612433, 32.828813385 ], [ 129.832611479, 32.828780887 ], [ 129.832622206999986, 32.828742001 ], [ 129.83263791600001, 32.828692496 ], [ 129.832633617999988, 32.828662839 ], [ 129.83261342, 32.828628264 ], [ 129.832570131000011, 32.828596943 ], [ 129.832493046, 32.828562528 ], [ 129.832410154, 32.828537309 ], [ 129.832242997, 32.828502835 ], [ 129.832246239, 32.828515912 ], [ 129.832252484, 32.828532199 ], [ 129.832249907, 32.828577169 ], [ 129.832262525, 32.82861832 ], [ 129.832264740999989, 32.828636963 ], [ 129.83226670900001, 32.828649195 ], [ 129.83219135499999, 32.82869508 ], [ 129.832177769999987, 32.828709671 ], [ 129.832170337, 32.8287388 ], [ 129.83216624, 32.828794469 ], [ 129.83216592299999, 32.828803876 ], [ 129.832175079, 32.828804672 ], [ 129.832240242000012, 32.828807015 ], [ 129.832271703, 32.828865899 ], [ 129.83228967, 32.828883509 ], [ 129.83231854499999, 32.828902009 ], [ 129.832334491000012, 32.828907512 ], [ 129.832352305, 32.828909783 ], [ 129.832370907000012, 32.82890875 ], [ 129.832393008999986, 32.828909675 ], [ 129.83238432600001, 32.828924162 ], [ 129.83241709399999, 32.828949551 ], [ 129.83245742299999, 32.828980375 ], [ 129.832497012, 32.829004834 ], [ 129.832515003, 32.82901449 ], [ 129.832545764, 32.829017321 ], [ 129.832599363000014, 32.8290437 ], [ 129.832656437, 32.829065164 ], [ 129.83270416799999, 32.829078789 ], [ 129.832771691, 32.82909826 ], [ 129.832845013, 32.829111817 ], [ 129.832886919, 32.829121526 ], [ 129.832938417, 32.829131489 ], [ 129.83298991, 32.829137295 ], [ 129.833006721, 32.829165467 ], [ 129.833023485000012, 32.829184225 ], [ 129.833040213, 32.829190457 ], [ 129.833056004000014, 32.829194328 ], [ 129.833072695999988, 32.829196629 ], [ 129.833146949, 32.829201923 ], [ 129.833197704000014, 32.829207469 ], [ 129.833224024, 32.829216606 ], [ 129.833262216, 32.829255687 ], [ 129.833359137, 32.829287469 ], [ 129.833470645, 32.829318537 ], [ 129.833478006, 32.829324712 ], [ 129.833494602, 32.829344038 ], [ 129.83351028300001, 32.829367245 ], [ 129.833536078, 32.829395853 ], [ 129.833555401000012, 32.829410527 ], [ 129.833579286, 32.829419761 ], [ 129.83363717, 32.829440528 ], [ 129.833672084999989, 32.829454386 ], [ 129.83376140499999, 32.829478721 ], [ 129.833719379, 32.8295312 ], [ 129.83371972099999, 32.829542751 ], [ 129.83397419100001, 32.829712429 ], [ 129.834056941999989, 32.829619531 ], [ 129.834095856, 32.82960297 ], [ 129.83418887900001, 32.829666198 ], [ 129.834158382999988, 32.829699979 ], [ 129.83427860099999, 32.829777789 ], [ 129.834344565, 32.82981997 ], [ 129.834401289999988, 32.829890527 ], [ 129.834449188, 32.82993144 ], [ 129.834493493, 32.829982759 ], [ 129.834524256, 32.83002029 ], [ 129.834573240999987, 32.830097623 ], [ 129.834664702, 32.830162577 ], [ 129.83468065400001, 32.830155456 ], [ 129.834693671, 32.830163239 ], [ 129.83476340499999, 32.830202235 ], [ 129.834822944, 32.830239699 ], [ 129.83485088399999, 32.830267841 ], [ 129.834900309, 32.830331185 ], [ 129.835000965, 32.830450033 ], [ 129.835030735, 32.830470315 ], [ 129.835055845999989, 32.830484361 ], [ 129.83512092699999, 32.830518662 ], [ 129.835169406, 32.830580458 ], [ 129.835195328999987, 32.830625865 ], [ 129.835293756999988, 32.830765415 ], [ 129.83536429, 32.830832264 ], [ 129.835622789000013, 32.830974982 ], [ 129.835815344999986, 32.831101419 ], [ 129.835911994000014, 32.831142687 ], [ 129.835956694, 32.831184888 ], [ 129.83601632599999, 32.831249774 ], [ 129.836026651999987, 32.831280307 ], [ 129.836035132, 32.831313984 ], [ 129.836041841999986, 32.831371176 ], [ 129.83604108599999, 32.831417412 ], [ 129.836019795999988, 32.831430789 ], [ 129.835816397, 32.831528637 ], [ 129.83560127699999, 32.831596866 ], [ 129.83550409099999, 32.831623369 ], [ 129.835360041, 32.83168816 ], [ 129.835299084000013, 32.831708235 ], [ 129.83524778200001, 32.831714234 ], [ 129.835215866999988, 32.831714319 ], [ 129.835165915, 32.831709764 ], [ 129.83507287899999, 32.831686584 ], [ 129.834976485999988, 32.831702398 ], [ 129.834803545, 32.831728021 ], [ 129.83476527799999, 32.8317377 ], [ 129.834700145, 32.831766623 ], [ 129.834596011, 32.831834238 ], [ 129.834586816000012, 32.831854643 ], [ 129.834578531, 32.831872692 ], [ 129.834576719000012, 32.831885231 ], [ 129.834578666, 32.831908736 ], [ 129.83459338099999, 32.83194768 ], [ 129.834607635999987, 32.831963514 ], [ 129.834630940000011, 32.831988521 ], [ 129.83463749, 32.832003401 ], [ 129.83466273799999, 32.83205662 ], [ 129.834687081, 32.832113764 ], [ 129.834792893000014, 32.832097258 ], [ 129.834887396999989, 32.832081882 ], [ 129.834915233, 32.832081808 ], [ 129.834940294, 32.832082525 ], [ 129.834988535, 32.832080827 ], [ 129.835010791, 32.832076845 ], [ 129.835043234000011, 32.832066577 ], [ 129.835101892000012, 32.832042667 ], [ 129.83510687399999, 32.832052429 ], [ 129.835140005, 32.832188293 ], [ 129.83517365599999, 32.83219236 ], [ 129.835455561, 32.832184526 ], [ 129.835495497000011, 32.832158556 ], [ 129.83553586799999, 32.832145868 ], [ 129.835621631, 32.832132463 ], [ 129.835734037, 32.832125587 ], [ 129.835841883, 32.832141476 ], [ 129.835882698, 32.832056914 ], [ 129.835894001000014, 32.832046099 ], [ 129.83593723199999, 32.832035801 ], [ 129.836044264, 32.832022934 ], [ 129.83606764000001, 32.832015684 ], [ 129.836098017000012, 32.831984464 ], [ 129.83615642800001, 32.831971745 ], [ 129.836211744, 32.831971002 ], [ 129.836222435, 32.831984752 ], [ 129.83627703499999, 32.831984001 ], [ 129.83632170300001, 32.831980887 ], [ 129.83636135099999, 32.831963412 ], [ 129.836452696, 32.831979949 ], [ 129.83649813, 32.831993002 ], [ 129.836656581, 32.83207343 ], [ 129.83671691399999, 32.832088842 ], [ 129.83676737, 32.832116264 ], [ 129.83678042, 32.832124201 ], [ 129.83683163, 32.832127878 ], [ 129.837087419999989, 32.832264612 ], [ 129.83712143599999, 32.83230015 ], [ 129.83726619399999, 32.832349376 ], [ 129.837267717, 32.832353827 ], [ 129.837264076999986, 32.832385643 ], [ 129.837249293000013, 32.832458854 ], [ 129.837479019, 32.832476045 ], [ 129.837604825, 32.832490341 ], [ 129.837613115000011, 32.832493493 ], [ 129.837634253, 32.832507432 ], [ 129.837643328000013, 32.832517589 ], [ 129.837653155999988, 32.832526463 ], [ 129.837664468000014, 32.832532159 ], [ 129.837693873, 32.832540358 ], [ 129.83772855, 32.832552988 ], [ 129.837757216, 32.832566266 ], [ 129.837795727000014, 32.832592882 ], [ 129.837813837999988, 32.832603015 ], [ 129.83781914299999, 32.832613181 ], [ 129.83782976, 32.832632875 ], [ 129.83783811, 32.832651934 ], [ 129.837857831, 32.832689422 ], [ 129.837935412, 32.83269557 ], [ 129.83794535199999, 32.832731173 ], [ 129.837958358, 32.83278648 ], [ 129.837975867000011, 32.832834787 ], [ 129.83799937399999, 32.832879262 ], [ 129.838032731999988, 32.832938338 ], [ 129.838038058, 32.832954232 ], [ 129.838060039, 32.832990433 ], [ 129.838082770999989, 32.833030456 ], [ 129.838103996, 32.833067291 ], [ 129.838129001, 32.833106667 ], [ 129.838159238, 32.833137129 ], [ 129.83818116, 32.833160606 ], [ 129.83819856400001, 32.833184105 ], [ 129.838203152, 32.833202543 ], [ 129.83820627, 32.833230526 ], [ 129.83821848, 32.83327312 ], [ 129.83822534399999, 32.833297279 ], [ 129.838236727, 32.833318873 ], [ 129.838257913, 32.833345535 ], [ 129.83828136, 32.833374104 ], [ 129.838303282, 32.833397581 ], [ 129.838321408000013, 32.833411537 ], [ 129.83834104499999, 32.833426751 ], [ 129.838360142999989, 32.833446105 ], [ 129.83838412899999, 32.833473139 ], [ 129.838507611000011, 32.833513467 ], [ 129.838519929, 32.83351695 ], [ 129.838543783, 32.833523081 ], [ 129.838563958, 32.833525344 ], [ 129.838670223, 32.833512666 ], [ 129.838709193, 32.833640326 ], [ 129.838795358, 32.833642419 ], [ 129.838838779000014, 32.833735221 ], [ 129.838870796, 32.833719651 ], [ 129.838895506999989, 32.833709511 ], [ 129.83891478699999, 32.833717981 ], [ 129.839030506, 32.833781171 ], [ 129.839204069, 32.833873621 ], [ 129.839204246, 32.83392008 ], [ 129.83921437, 32.833930892 ], [ 129.839329079, 32.833970071 ], [ 129.839357557, 32.833987028 ], [ 129.839431983999987, 32.834037164 ], [ 129.839425656, 32.834061187 ], [ 129.839344411000013, 32.834145029 ], [ 129.83935178499999, 32.8341574 ], [ 129.839380345, 32.834196036 ], [ 129.83940246200001, 32.834228503 ], [ 129.839421769000012, 32.834243935 ], [ 129.839444754999988, 32.834263234 ], [ 129.839488851999988, 32.834289437 ], [ 129.839540677, 32.834325296 ], [ 129.839419205000013, 32.834443155 ], [ 129.83926929899999, 32.834552551 ], [ 129.83897662199999, 32.834783299 ], [ 129.838846569, 32.834889052 ], [ 129.838719266999988, 32.834976833 ], [ 129.838388458, 32.835250797 ], [ 129.838227187, 32.835355435 ], [ 129.838020742, 32.835516474 ], [ 129.837796028000014, 32.835721885 ], [ 129.83760288900001, 32.835901987 ], [ 129.83739761199999, 32.836166223 ], [ 129.837272401, 32.836387173 ], [ 129.837188610999988, 32.836584411 ], [ 129.83713966900001, 32.836732174 ], [ 129.837120238000011, 32.836811033 ], [ 129.83709385099999, 32.836949005 ], [ 129.83706770500001, 32.837207094 ], [ 129.837125272, 32.837230034 ], [ 129.837155751000012, 32.837250828 ], [ 129.837178623999989, 32.837268423 ], [ 129.83717421899999, 32.837275929 ], [ 129.837147058999989, 32.837296879 ], [ 129.83709459, 32.837325381 ], [ 129.837075062, 32.837324892 ], [ 129.837097478, 32.838146141 ], [ 129.837112229000013, 32.838829726 ], [ 129.83710996, 32.839201646 ], [ 129.837087516, 32.839421886 ], [ 129.837073849, 32.839505662 ], [ 129.837069702, 32.839535991 ], [ 129.83704767, 32.839630945 ], [ 129.83700233, 32.839810531 ], [ 129.83690167099999, 32.840121629 ], [ 129.836835971, 32.84027336 ], [ 129.83678057, 32.840419932 ], [ 129.836758472000014, 32.840452004 ], [ 129.836747925, 32.84047088 ], [ 129.836723142000011, 32.840510508 ], [ 129.836696417000013, 32.840553442 ], [ 129.836671501000012, 32.840628609 ], [ 129.836655463, 32.840701255 ], [ 129.836648215, 32.840747834 ], [ 129.836602236, 32.840738957 ], [ 129.836548826000012, 32.840725331 ], [ 129.83635733, 32.840650736 ], [ 129.836323185999987, 32.840635804 ], [ 129.836306833, 32.840622078 ], [ 129.836291953999989, 32.840608357 ], [ 129.836227893, 32.8405234 ], [ 129.836196854, 32.84046779 ], [ 129.836192997000012, 32.840461965 ], [ 129.836187609, 32.840458093 ], [ 129.836171495, 32.840456838 ], [ 129.836087184, 32.840483649 ], [ 129.836077991, 32.84048756 ], [ 129.836071822, 32.840480444 ], [ 129.836066447, 32.840477221 ], [ 129.836052626999987, 32.84047531 ], [ 129.836029634, 32.840482505 ], [ 129.835907017000011, 32.840523766 ], [ 129.83591722, 32.840532693 ], [ 129.835947624, 32.840626713 ], [ 129.83598399499999, 32.840691318 ], [ 129.83601159599999, 32.8407303 ], [ 129.836060906, 32.840781443 ], [ 129.836088405999988, 32.840793571 ], [ 129.836077031, 32.840842433 ], [ 129.836135266000014, 32.840957019 ], [ 129.83615276899999, 32.841000916 ], [ 129.836183162, 32.841015489 ], [ 129.836207785999989, 32.841030067 ], [ 129.836287574000011, 32.841115306 ], [ 129.836310782999988, 32.841139655 ], [ 129.83633396799999, 32.841157899 ], [ 129.83634271599999, 32.841177408 ], [ 129.83637887099999, 32.841184633 ], [ 129.836380364, 32.841198057 ], [ 129.836381980999988, 32.84124444 ], [ 129.83641746699999, 32.84135163 ], [ 129.836187849999988, 32.841485477 ], [ 129.836095827, 32.841524158 ], [ 129.83575842, 32.841660088 ], [ 129.835453494, 32.841775251 ], [ 129.83468333799999, 32.842059842 ], [ 129.834671184, 32.842037781 ], [ 129.834571329999989, 32.842076455 ], [ 129.834405866999987, 32.842150167 ], [ 129.83431748699999, 32.842183724 ], [ 129.834217043, 32.84223314 ], [ 129.83402895, 32.842297308 ], [ 129.83373171299999, 32.84239892 ], [ 129.833636379000012, 32.842472309 ], [ 129.833586774999986, 32.842491108 ], [ 129.833506147, 32.842526402 ], [ 129.833466273, 32.84254761 ], [ 129.83341212799999, 32.842580489 ], [ 129.83337279599999, 32.842606385 ], [ 129.833330659000012, 32.842636527 ], [ 129.833292738000011, 32.842665981 ], [ 129.83325116099999, 32.842702839 ], [ 129.83319518799999, 32.842761063 ], [ 129.83318221499999, 32.842777195 ], [ 129.83314596, 32.842823507 ], [ 129.83311461299999, 32.842868139 ], [ 129.833107394, 32.842880152 ], [ 129.833098331, 32.842899168 ], [ 129.83306392599999, 32.842968742 ], [ 129.8330205, 32.843097181 ], [ 129.83293365099999, 32.843369435 ], [ 129.83285239, 32.843621754 ], [ 129.832762734, 32.843900788 ], [ 129.832682556, 32.844145925 ], [ 129.832573989999986, 32.844481821 ], [ 129.832516206, 32.84465656 ], [ 129.832482736, 32.844733752 ], [ 129.832424108, 32.844825258 ], [ 129.832375901, 32.844875444 ], [ 129.83234992199999, 32.844898689 ], [ 129.832311249000014, 32.844927108 ], [ 129.832241987, 32.844974635 ], [ 129.832223553, 32.844987309 ], [ 129.832170488, 32.845023792 ], [ 129.832137044, 32.845050663 ], [ 129.831970907999988, 32.845163917 ], [ 129.831910169, 32.84520511 ], [ 129.83184943, 32.845246302 ], [ 129.831785657000012, 32.845290433 ], [ 129.831710586000014, 32.845341718 ], [ 129.831702704, 32.845347871 ], [ 129.831658170999987, 32.845380634 ], [ 129.83161363799999, 32.845413396 ], [ 129.831565723000011, 32.845456087 ], [ 129.831531982, 32.845489272 ], [ 129.831476342, 32.845551643 ], [ 129.831402978999989, 32.845645712 ], [ 129.831358582, 32.845715177 ], [ 129.83131247599999, 32.845784475 ], [ 129.83127447699999, 32.845842281 ], [ 129.831466029000012, 32.845820852 ], [ 129.831785126, 32.845613065 ], [ 129.832441308999989, 32.845161009 ], [ 129.832722163999989, 32.844966659 ], [ 129.832714312, 32.844863579 ], [ 129.833417688999987, 32.844373518 ], [ 129.834401934, 32.843691199 ], [ 129.834968575, 32.843291971 ], [ 129.835254415, 32.843099711 ], [ 129.835522786000013, 32.842901186 ], [ 129.83565447399999, 32.842799824 ], [ 129.83575625899999, 32.842700652 ], [ 129.83581089099999, 32.842649997 ], [ 129.835855549, 32.842597276 ], [ 129.835967133999986, 32.842453882 ], [ 129.836068778, 32.842314725 ], [ 129.836172728, 32.842127163 ], [ 129.83624936199999, 32.841964925 ], [ 129.836355644, 32.84173317 ], [ 129.836395621, 32.841648971 ], [ 129.836424233, 32.841599134 ], [ 129.83644229399999, 32.841530522 ], [ 129.836454978, 32.841421012 ], [ 129.836464116, 32.841416568 ], [ 129.836488937000013, 32.841401018 ], [ 129.836512395, 32.841375516 ], [ 129.836654581, 32.841245754 ], [ 129.83688159499999, 32.841048311 ], [ 129.837314744999986, 32.840672264 ], [ 129.837121802000013, 32.841226804 ], [ 129.837316836000014, 32.841225178 ], [ 129.837524943, 32.841220189 ], [ 129.83775658799999, 32.841210718 ], [ 129.837825955, 32.84120943 ], [ 129.837832528, 32.841216041 ], [ 129.837834027000014, 32.841231033 ], [ 129.83796719599999, 32.841220303 ], [ 129.838714321999987, 32.841613012 ], [ 129.83892390299999, 32.841720118 ], [ 129.839056336999988, 32.841824826 ], [ 129.839189022, 32.841911218 ], [ 129.839229171, 32.841934736 ], [ 129.839272077, 32.841953106 ], [ 129.839349218, 32.841970572 ], [ 129.83937781, 32.841977519 ], [ 129.839387579, 32.841998477 ], [ 129.839422654, 32.842052985 ], [ 129.83947197399999, 32.842120016 ], [ 129.839504677, 32.84216039 ], [ 129.83953034000001, 32.842180836 ], [ 129.839577171, 32.842205869 ], [ 129.839705836, 32.842226504 ], [ 129.83977355, 32.84224267 ], [ 129.839811544000014, 32.842264011 ], [ 129.839821948, 32.842272126 ], [ 129.839887713, 32.842345894 ], [ 129.839929993, 32.842381985 ], [ 129.83997993, 32.842408768 ], [ 129.840027604, 32.842416619 ], [ 129.84007682699999, 32.842410308 ], [ 129.840173942, 32.842376741 ], [ 129.84019379, 32.84237933 ], [ 129.840255425, 32.842398226 ], [ 129.84039762399999, 32.842300997 ], [ 129.840443498000013, 32.842245737 ], [ 129.84048947, 32.84221643 ], [ 129.840527799, 32.842196865 ], [ 129.840562293, 32.842177311 ], [ 129.84062359, 32.842138223 ], [ 129.840657999, 32.842099209 ], [ 129.840673224, 32.842063493 ], [ 129.84069228300001, 32.842024529 ], [ 129.84070351299999, 32.841949903 ], [ 129.840718466, 32.841842838 ], [ 129.840722064, 32.841777963 ], [ 129.84074472099999, 32.841677362 ], [ 129.84075979799999, 32.841602725 ], [ 129.84076742900001, 32.841589728 ], [ 129.840783065000011, 32.84155824 ], [ 129.840779583, 32.841555652 ], [ 129.84076937099999, 32.841538862 ], [ 129.840762797, 32.841523865 ], [ 129.84074839499999, 32.841500999 ], [ 129.840718772, 32.841464332 ], [ 129.840710059, 32.841448619 ], [ 129.840706243, 32.841428475 ], [ 129.840704101999989, 32.841399443 ], [ 129.840697428, 32.841372138 ], [ 129.840691184, 32.841359349 ], [ 129.840669389999988, 32.841331047 ], [ 129.840641874999989, 32.841301003 ], [ 129.84060570599999, 32.841242837 ], [ 129.84056232099999, 32.841169099 ], [ 129.840524759, 32.841095616 ], [ 129.840509714, 32.84107212 ], [ 129.840480332999988, 32.841043117 ], [ 129.840463508999989, 32.84102914 ], [ 129.840388459, 32.840957824 ], [ 129.84035525499999, 32.840934468 ], [ 129.840297521, 32.840907617 ], [ 129.840252276, 32.840892364 ], [ 129.840128528, 32.840838413 ], [ 129.840117294, 32.840833845 ], [ 129.840103938, 32.840832979 ], [ 129.84009402699999, 32.840839048 ], [ 129.840083099999987, 32.840859097 ], [ 129.840073402, 32.840865166 ], [ 129.840053742, 32.840864047 ], [ 129.839962203, 32.840838414 ], [ 129.83993547099999, 32.840831534 ], [ 129.839914588999989, 32.840832132 ], [ 129.839896708999987, 32.840835337 ], [ 129.83985991099999, 32.840850316 ], [ 129.839846200000011, 32.840840434 ], [ 129.83949715, 32.840432684 ], [ 129.839339024, 32.840055004 ], [ 129.839386471000012, 32.839896675 ], [ 129.8394505, 32.839542993 ], [ 129.839585718, 32.839554575 ], [ 129.839573730000012, 32.839868212 ], [ 129.839562191, 32.840008119 ], [ 129.839671011, 32.840302328 ], [ 129.83970011, 32.840375411 ], [ 129.840422582, 32.840801813 ], [ 129.840544853000011, 32.840874714 ], [ 129.84056558099999, 32.840847685 ], [ 129.840642046999989, 32.840898518 ], [ 129.840623889999989, 32.840921834 ], [ 129.840759314, 32.841003536 ], [ 129.841233138, 32.840142205 ], [ 129.840438758, 32.839842596 ], [ 129.840015959, 32.839681659 ], [ 129.840030891999987, 32.839659064 ], [ 129.840473392, 32.83897568 ], [ 129.84105841600001, 32.838085776 ], [ 129.841368046000014, 32.837608276 ], [ 129.841843727, 32.836872628 ], [ 129.84224338300001, 32.836260712 ], [ 129.842317978000011, 32.83613084 ], [ 129.842364132, 32.835982722 ], [ 129.842370620999986, 32.835939717 ], [ 129.842372082, 32.835883333 ], [ 129.84236014699999, 32.835818527 ], [ 129.84234824, 32.83575796 ], [ 129.842258488999988, 32.835392676 ], [ 129.842236449000012, 32.835299708 ], [ 129.842224136, 32.835136249 ], [ 129.842230633000014, 32.835089717 ], [ 129.842255466000012, 32.835038915 ], [ 129.842289564, 32.835017233 ], [ 129.842284686999989, 32.835015713 ], [ 129.842328818999988, 32.834936361 ], [ 129.842372961, 32.834857019 ], [ 129.84230869699999, 32.834831368 ], [ 129.841726838999989, 32.834690467 ], [ 129.84169846899999, 32.834679407 ], [ 129.841634731, 32.834640218 ], [ 129.841547975, 32.834573389 ], [ 129.84131377, 32.83432225 ], [ 129.841221862, 32.834217857 ], [ 129.841193852, 32.834225725 ], [ 129.840892903999986, 32.834314 ], [ 129.840784409, 32.834218192 ], [ 129.840684949, 32.834206163 ], [ 129.84060472499999, 32.834168335 ], [ 129.840521082, 32.834107963 ], [ 129.840394002000011, 32.834035029 ], [ 129.840305586, 32.834036676 ], [ 129.840253813, 32.834022722 ], [ 129.84014187, 32.833977937 ], [ 129.840018719, 32.833918294 ], [ 129.839709316000011, 32.833719019 ], [ 129.839559103999989, 32.833612791 ], [ 129.839383392, 32.833472346 ], [ 129.83913685600001, 32.833355466 ], [ 129.839098178, 32.833276656 ], [ 129.839042955, 32.833231707 ], [ 129.838932637, 32.833175635 ], [ 129.838923705000013, 32.833172188 ] ] ] } },
{ "type": "Feature", "properties": { "A29_001": "42308", "A29_002": "長崎県", "A29_003": "時津町", "A29_004": 5, "A29_005": "第一種住居地域", "A29_006": 60, "A29_007": 200, "A29_008": null }, "geometry": { "type": "Polygon", "coordinates": [ [ [ 129.8560373, 32.838298698 ], [ 129.856016122999989, 32.838321619 ], [ 129.855995568, 32.838358298 ], [ 129.85598681799999, 32.83838746 ], [ 129.855977098000011, 32.83842245 ], [ 129.85596044799999, 32.838447476 ], [ 129.85593888, 32.838479172 ], [ 129.855922177, 32.838490871 ], [ 129.85588281599999, 32.83850763 ], [ 129.855847360000013, 32.838515224 ], [ 129.855824723000012, 32.838522783 ], [ 129.855811931, 32.838529474 ], [ 129.85579818299999, 32.838542833 ], [ 129.855788407, 32.838561176 ], [ 129.855766888, 32.838605361 ], [ 129.85576200700001, 32.838616196 ], [ 129.855729556999989, 32.838635433 ], [ 129.855721753000012, 32.83865543 ], [ 129.855699189, 32.838681303 ], [ 129.855678606999987, 32.838711328 ], [ 129.85566396199999, 32.838746341 ], [ 129.855664956999988, 32.838752163 ], [ 129.855675823000013, 32.838757958 ], [ 129.85574384200001, 32.838759433 ], [ 129.855799069, 32.8387676 ], [ 129.8558533, 32.838772441 ], [ 129.85586218, 32.838775744 ], [ 129.855850454, 32.838800756 ], [ 129.855851487, 32.838813234 ], [ 129.855863379, 32.838827358 ], [ 129.85587823899999, 32.838846461 ], [ 129.855887129, 32.838852261 ], [ 129.85592363399999, 32.83886131 ], [ 129.855985795, 32.838875292 ], [ 129.855996651, 32.838878588 ], [ 129.856001595, 32.83888357 ], [ 129.85601149499999, 32.838893534 ], [ 129.856015473000014, 32.838902666 ], [ 129.856015512999988, 32.838912658 ], [ 129.856007796, 32.838954306 ], [ 129.855993224, 32.839010114 ], [ 129.855976663, 32.839057613 ], [ 129.85597476, 32.839075934 ], [ 129.85597344199999, 32.839088256 ], [ 129.856023189000013, 32.839106962 ], [ 129.856060291, 32.839115693 ], [ 129.856082837, 32.839117343 ], [ 129.85609456200001, 32.839110997 ], [ 129.856130036, 32.839086638 ], [ 129.856159127000012, 32.839071432 ], [ 129.856191568000014, 32.83906051 ], [ 129.856264017, 32.839037019 ], [ 129.856258389, 32.839018729 ], [ 129.85642574100001, 32.838982452 ], [ 129.85645537900001, 32.838994722 ], [ 129.856450438, 32.839009228 ], [ 129.85644884199999, 32.839037395 ], [ 129.85645406399999, 32.839061205 ], [ 129.856459234999988, 32.839072021 ], [ 129.856473273, 32.83908043 ], [ 129.856531431, 32.83909234 ], [ 129.856582828, 32.839098776 ], [ 129.856611869, 32.839100461 ], [ 129.856651688, 32.839096749 ], [ 129.856701191000013, 32.839078609 ], [ 129.856755959999987, 32.839087065 ], [ 129.856878211, 32.839109396 ], [ 129.856898478, 32.839102124 ], [ 129.856962603, 32.839109967 ], [ 129.856991983, 32.839095058 ], [ 129.856979857, 32.839054656 ], [ 129.857156779, 32.838983641 ], [ 129.857205741, 32.83871284 ], [ 129.85722736299999, 32.838651926 ], [ 129.857237113, 32.838624457 ], [ 129.857268355, 32.838583698 ], [ 129.857278694, 32.838578077 ], [ 129.85729192, 32.838572989 ], [ 129.857296190999989, 32.838572526 ], [ 129.857330119000011, 32.838589112 ], [ 129.857641795, 32.838741895 ], [ 129.857661196, 32.83871319 ], [ 129.857689389, 32.838620604 ], [ 129.857837555, 32.838669797 ], [ 129.85788774, 32.838539454 ], [ 129.857946164, 32.838388473 ], [ 129.857983445, 32.838327378 ], [ 129.858024233, 32.838259096 ], [ 129.85804604, 32.838223161 ], [ 129.858090295000011, 32.83816183 ], [ 129.85811356100001, 32.838132672 ], [ 129.85813327299999, 32.838106906 ], [ 129.85816145699999, 32.838070952 ], [ 129.85819249299999, 32.838042764 ], [ 129.858212952, 32.83802476 ], [ 129.858211517, 32.838021184 ], [ 129.85807044, 32.837928217 ], [ 129.85811220299999, 32.837882196 ], [ 129.858130554000013, 32.83784738 ], [ 129.858147578, 32.837804001 ], [ 129.858236287000011, 32.837550066 ], [ 129.858254953999989, 32.837490225 ], [ 129.858258825, 32.837470104 ], [ 129.858266464, 32.837377379 ], [ 129.85825617399999, 32.837182433 ], [ 129.858235414, 32.837077453 ], [ 129.858243347000013, 32.837020564 ], [ 129.858247619999986, 32.836970124 ], [ 129.858247412, 32.836918434 ], [ 129.858247301, 32.836890696 ], [ 129.858236697, 32.836851643 ], [ 129.85824542099999, 32.836794887 ], [ 129.858250903999988, 32.836777151 ], [ 129.85822808399999, 32.836755068 ], [ 129.858198965000014, 32.836728288 ], [ 129.858149198, 32.836651066 ], [ 129.85804882799999, 32.836466677 ], [ 129.857980131, 32.836325348 ], [ 129.857820268000012, 32.836000694 ], [ 129.85772912199999, 32.835817369 ], [ 129.857744577, 32.835795583 ], [ 129.857774616, 32.835766847 ], [ 129.857825357, 32.83573009 ], [ 129.85787984800001, 32.835688551 ], [ 129.857946895, 32.835610581 ], [ 129.857970384999987, 32.835581422 ], [ 129.858089696, 32.835407424 ], [ 129.85816214, 32.83529049 ], [ 129.858225209000011, 32.835179778 ], [ 129.858283375000013, 32.835077061 ], [ 129.85832881499999, 32.835010713 ], [ 129.858349099, 32.83497865 ], [ 129.85844907399999, 32.835152688 ], [ 129.85908448, 32.834901866 ], [ 129.86023616899999, 32.834441884 ], [ 129.86046727199999, 32.834348236 ], [ 129.860625402000011, 32.834628199 ], [ 129.860659356000014, 32.834688359 ], [ 129.860743977999988, 32.834839272 ], [ 129.86078848299999, 32.834901502 ], [ 129.86084014, 32.834962187 ], [ 129.86092752, 32.835047614 ], [ 129.861009639, 32.835115912 ], [ 129.861143558, 32.835216625 ], [ 129.861365967000012, 32.835384012 ], [ 129.861399087, 32.8354095 ], [ 129.861446468999986, 32.835445949 ], [ 129.861617012000011, 32.835577153 ], [ 129.861893119, 32.835783855 ], [ 129.862359067999989, 32.836133247 ], [ 129.862399081, 32.83616463 ], [ 129.86244602799999, 32.836201458 ], [ 129.86254883699999, 32.836282077 ], [ 129.862940063, 32.83657708 ], [ 129.863239553999989, 32.836803389 ], [ 129.863334079999987, 32.836879847 ], [ 129.863358025999986, 32.836897615 ], [ 129.863378152, 32.836884724 ], [ 129.86342880399999, 32.836858101 ], [ 129.863452652, 32.836849203 ], [ 129.86351080099999, 32.83683264 ], [ 129.863592845, 32.836816016 ], [ 129.863627145, 32.83680835 ], [ 129.863648044, 32.836807027 ], [ 129.86367490399999, 32.836805686 ], [ 129.863713732, 32.836808099 ], [ 129.863752584999986, 32.836816814 ], [ 129.86378993299999, 32.836825525 ], [ 129.86381985599999, 32.836839307 ], [ 129.863853986, 32.836790043 ], [ 129.863862587, 32.836777348 ], [ 129.86371262099999, 32.836661508 ], [ 129.863240092000012, 32.836295485 ], [ 129.86274971099999, 32.835922667 ], [ 129.86270246399999, 32.835885605 ], [ 129.86219107, 32.835500699 ], [ 129.861916291, 32.835294994 ], [ 129.86180321399999, 32.835207984 ], [ 129.861700146, 32.835128699 ], [ 129.861496644999988, 32.834974956 ], [ 129.861316219, 32.834840119 ], [ 129.861197335000014, 32.83473251 ], [ 129.861163463, 32.834692803 ], [ 129.861126649, 32.834638982 ], [ 129.86106460100001, 32.834525879 ], [ 129.861021437, 32.834449379 ], [ 129.860888311999986, 32.834214388 ], [ 129.860935598, 32.83419545 ], [ 129.86167779199999, 32.833899146 ], [ 129.862181606, 32.83371689 ], [ 129.862138238999989, 32.833716808 ], [ 129.862009457999989, 32.833715765 ], [ 129.861495488, 32.833711605 ], [ 129.861359877000012, 32.833711997 ], [ 129.861157064999986, 32.833711572 ], [ 129.860967439, 32.833707051 ], [ 129.860732208, 32.833703662 ], [ 129.860717805, 32.833702685 ], [ 129.86061251699999, 32.833782048 ], [ 129.860483370999987, 32.8338914 ], [ 129.860454010000012, 32.833918637 ], [ 129.86042643, 32.833931567 ], [ 129.860324365, 32.833984002 ], [ 129.860203238, 32.834026626 ], [ 129.860024517, 32.834085775 ], [ 129.859952240000013, 32.834108094 ], [ 129.859919808, 32.834118107 ], [ 129.859827085, 32.834134985 ], [ 129.859805008, 32.834137898 ], [ 129.859789282, 32.834139972 ], [ 129.859594867, 32.834190381 ], [ 129.85936990499999, 32.834246875 ], [ 129.859327218, 32.834259271 ], [ 129.859278588, 32.834273397 ], [ 129.85920368699999, 32.834296923 ], [ 129.859146807, 32.834312741 ], [ 129.859073102999986, 32.834328337 ], [ 129.85892507299999, 32.834369712 ], [ 129.858911705, 32.834373691 ], [ 129.858619664, 32.833824945 ], [ 129.858229200000011, 32.833697279 ], [ 129.858114167, 32.833653655 ], [ 129.85810245799999, 32.833648044 ], [ 129.857737909, 32.833570874 ], [ 129.857529898, 32.833539032 ], [ 129.85729914, 32.833540403 ], [ 129.856915191000013, 32.833561247 ], [ 129.85650159799999, 32.833589489 ], [ 129.856317775, 32.833585774 ], [ 129.856189089999987, 32.833581911 ], [ 129.855676429999988, 32.833573548 ], [ 129.855342581, 32.833512463 ], [ 129.855354362000014, 32.833466591 ], [ 129.85539738599999, 32.833085547 ], [ 129.85541021099999, 32.833017624 ], [ 129.855416213000012, 32.832958603 ], [ 129.85541713399999, 32.832926921 ], [ 129.856124791000013, 32.832772057 ], [ 129.856171883, 32.832717915 ], [ 129.856185114999988, 32.832142061 ], [ 129.856193488, 32.831298986 ], [ 129.856194012, 32.831296424 ], [ 129.85562535599999, 32.831283874 ], [ 129.855102144999989, 32.831275394 ], [ 129.854447757, 32.831234856 ], [ 129.85364453, 32.831165148 ], [ 129.853644390999989, 32.831081598 ], [ 129.853555287, 32.831019392 ], [ 129.852687487, 32.830493845 ], [ 129.851351805, 32.82967099 ], [ 129.851258779, 32.829618136 ], [ 129.85137783499999, 32.829288533 ], [ 129.851089825, 32.829148167 ], [ 129.85109300100001, 32.82910581 ], [ 129.851060846, 32.829001428 ], [ 129.851026014000013, 32.828965743 ], [ 129.85091123399999, 32.828889125 ], [ 129.850835917000012, 32.828860388 ], [ 129.850724953999986, 32.828828316 ], [ 129.850649671000014, 32.828810879 ], [ 129.850583902000011, 32.828801252 ], [ 129.850449336, 32.828791042 ], [ 129.850314803, 32.828792122 ], [ 129.850247378, 32.828798659 ], [ 129.850207269, 32.828798068 ], [ 129.85015458699999, 32.828789035 ], [ 129.85010273, 32.828775067 ], [ 129.850057857, 32.828752783 ], [ 129.850005067000012, 32.828716228 ], [ 129.849968171, 32.828682451 ], [ 129.849906016, 32.828600031 ], [ 129.849880829999989, 32.828553767 ], [ 129.849864000999986, 32.828524876 ], [ 129.849839702999986, 32.82850588 ], [ 129.849791192, 32.828495429 ], [ 129.849746366, 32.828487898 ], [ 129.84967113799999, 32.828481751 ], [ 129.849482211, 32.828461817 ], [ 129.849450448, 32.828456964 ], [ 129.84940714699999, 32.828445821 ], [ 129.849205525, 32.828383557 ], [ 129.849139646, 32.828353675 ], [ 129.849070524000012, 32.828597891 ], [ 129.84885789, 32.828576543 ], [ 129.848811891999986, 32.828891827 ], [ 129.84874729500001, 32.829282949 ], [ 129.848734229, 32.829353451 ], [ 129.84882268699999, 32.829371871 ], [ 129.84920431099999, 32.829459714 ], [ 129.84932846, 32.829482426 ], [ 129.849752233, 32.829548498 ], [ 129.84937108599999, 32.829776442 ], [ 129.849401166, 32.829809697 ], [ 129.849453425, 32.829885347 ], [ 129.849463, 32.829919236 ], [ 129.849428353, 32.830059037 ], [ 129.849266898, 32.830012748 ], [ 129.849030273000011, 32.829958968 ], [ 129.848857758, 32.829919554 ], [ 129.84867866799999, 32.829878426 ], [ 129.84848789, 32.829844771 ], [ 129.848409787, 32.829835808 ], [ 129.84819035000001, 32.8298073 ], [ 129.848093686999988, 32.829799263 ], [ 129.84793897599999, 32.829797646 ], [ 129.847924769, 32.829876709 ], [ 129.847918029999988, 32.829972813 ], [ 129.84790949, 32.830135564 ], [ 129.847912560999987, 32.830172772 ], [ 129.84788180000001, 32.83034545 ], [ 129.848071757000014, 32.830335318 ], [ 129.848133603, 32.830330403 ], [ 129.848233013, 32.830325176 ], [ 129.848819647, 32.830293558 ], [ 129.849212411, 32.830271126 ], [ 129.849325201, 32.830265013 ], [ 129.849407128, 32.830263053 ], [ 129.84954323299999, 32.830261807 ], [ 129.84964238399999, 32.83026677 ], [ 129.849717743000014, 32.830270527 ], [ 129.849804428, 32.830283487 ], [ 129.849920666, 32.830312119 ], [ 129.850015799, 32.830338284 ], [ 129.850153621, 32.830388326 ], [ 129.850103534, 32.830452791 ], [ 129.84999517899999, 32.830590273 ], [ 129.84997607299999, 32.830656193 ], [ 129.84997665, 32.830656444 ], [ 129.850070248, 32.830696771 ], [ 129.850112878, 32.830719061 ], [ 129.850181017000011, 32.830766142 ], [ 129.850293298999986, 32.830853617 ], [ 129.85038952799999, 32.830927628 ], [ 129.850702430000013, 32.831206431 ], [ 129.85147320199999, 32.831852688 ], [ 129.851772573, 32.832095221 ], [ 129.85228228299999, 32.83252714 ], [ 129.852528729999989, 32.832731439 ], [ 129.85274628499999, 32.832811284 ], [ 129.853248017, 32.8329608 ], [ 129.85328177400001, 32.833034444 ], [ 129.853306921000012, 32.833089301 ], [ 129.853199641, 32.833354881 ], [ 129.852880270000014, 32.834082629 ], [ 129.852673923999987, 32.834569083 ], [ 129.85245408099999, 32.835100672 ], [ 129.852318335, 32.835408175 ], [ 129.852071685999988, 32.836004552 ], [ 129.85171771200001, 32.835906783 ], [ 129.85142696, 32.835786436 ], [ 129.851002298999987, 32.835608389 ], [ 129.850598807000011, 32.83531773 ], [ 129.850254275, 32.835191877 ], [ 129.849927587, 32.835121414 ], [ 129.84991860400001, 32.835148728 ], [ 129.849862183999988, 32.835162511 ], [ 129.849805777, 32.835179704 ], [ 129.849581895, 32.835178625 ], [ 129.849482454, 32.835177324 ], [ 129.849452918999987, 32.835188138 ], [ 129.849366075, 32.835239728 ], [ 129.84936507, 32.835250426 ], [ 129.84944155299999, 32.835419946 ], [ 129.849233599, 32.835531311 ], [ 129.849101343, 32.835993853 ], [ 129.849196595, 32.83613367 ], [ 129.84933906, 32.836417687 ], [ 129.84946054299999, 32.836649088 ], [ 129.849665797, 32.837041773 ], [ 129.849812472, 32.83733631 ], [ 129.849963516, 32.837690523 ], [ 129.85008109899999, 32.837988649 ], [ 129.85026200499999, 32.83852887 ], [ 129.85026577, 32.838540853 ], [ 129.850821975, 32.840311011 ], [ 129.85090707099999, 32.840294991 ], [ 129.85089915899999, 32.840284905 ], [ 129.850889757, 32.840241158 ], [ 129.850890498000012, 32.840201469 ], [ 129.850902861, 32.840112825 ], [ 129.850946228999987, 32.840030659 ], [ 129.851016929999986, 32.839931842 ], [ 129.851073461999988, 32.839869613 ], [ 129.851103421, 32.839844144 ], [ 129.851141778999988, 32.839829933 ], [ 129.851188451000013, 32.839808646 ], [ 129.85122509199999, 32.839781742 ], [ 129.851249779, 32.839746485 ], [ 129.85134594499999, 32.83974222 ], [ 129.85146163499999, 32.839774928 ], [ 129.85153759799999, 32.839653235 ], [ 129.851583780999988, 32.83961092 ], [ 129.851594838000011, 32.839532452 ], [ 129.851624808, 32.839509796 ], [ 129.851644798, 32.839497043 ], [ 129.85170222799999, 32.839465292 ], [ 129.851758796000013, 32.839431515 ], [ 129.851954009, 32.839294787 ], [ 129.851984176, 32.839305704 ], [ 129.851991935, 32.839295943 ], [ 129.852081064, 32.839333026 ], [ 129.852106278, 32.839325885 ], [ 129.85215549599999, 32.839313762 ], [ 129.852178833000011, 32.839304525 ], [ 129.852199660999986, 32.839293186 ], [ 129.852219647999988, 32.839279729 ], [ 129.85224211100001, 32.839257797 ], [ 129.85226039, 32.839233768 ], [ 129.852272785999986, 32.839202702 ], [ 129.85230259799999, 32.839139854 ], [ 129.85231521, 32.839122748 ], [ 129.85234177000001, 32.839131998 ], [ 129.852329997, 32.839153313 ], [ 129.852468124000012, 32.839208834 ], [ 129.852513233, 32.839186749 ], [ 129.85254666599999, 32.839196908 ], [ 129.852764576999988, 32.839295472 ], [ 129.852812136000011, 32.83930129 ], [ 129.852877463, 32.839316166 ], [ 129.852935019, 32.839337745 ], [ 129.852974259, 32.839347013 ], [ 129.853083473, 32.839357707 ], [ 129.853149734999988, 32.839365636 ], [ 129.85319064399999, 32.839364754 ], [ 129.853222984000013, 32.839357944 ], [ 129.85325344099999, 32.839334232 ], [ 129.853283898, 32.83931051 ], [ 129.853352667, 32.839247642 ], [ 129.85342314, 32.839213175 ], [ 129.85349463599999, 32.839167343 ], [ 129.853567672999986, 32.83913314 ], [ 129.8536192, 32.83911604 ], [ 129.85363644899999, 32.839101743 ], [ 129.853645726, 32.839070687 ], [ 129.853677059, 32.838998546 ], [ 129.853688242, 32.838963164 ], [ 129.85368847, 32.838912934 ], [ 129.853682262, 32.838858583 ], [ 129.85367629699999, 32.838806378 ], [ 129.853640006, 32.838732706 ], [ 129.85359232499999, 32.838534178 ], [ 129.85359154, 32.838524801 ], [ 129.85360937199999, 32.838442138 ], [ 129.853655159, 32.838405487 ], [ 129.853693209999989, 32.838330441 ], [ 129.853701575, 32.838284787 ], [ 129.853728616000012, 32.838234662 ], [ 129.853734924, 32.838209304 ], [ 129.85374820199999, 32.838190329 ], [ 129.85377804, 32.838172209 ], [ 129.853796667000012, 32.838155464 ], [ 129.853849438999987, 32.838129163 ], [ 129.853852477, 32.838114185 ], [ 129.853826717, 32.838083146 ], [ 129.853868368, 32.838080774 ], [ 129.853880618, 32.838072173 ], [ 129.853900184, 32.83802288 ], [ 129.853920851, 32.83798179 ], [ 129.853931936, 32.837948844 ], [ 129.85394517200001, 32.837919408 ], [ 129.85396677899999, 32.837872896 ], [ 129.853982159999987, 32.837845709 ], [ 129.853987404, 32.837821346 ], [ 129.854012633999986, 32.837853378 ], [ 129.85419287900001, 32.837916904 ], [ 129.854239068999988, 32.837847237 ], [ 129.854274334, 32.837850744 ], [ 129.854349573, 32.837833397 ], [ 129.854394371000012, 32.837816587 ], [ 129.854530906, 32.83790196 ], [ 129.854632075000012, 32.837904469 ], [ 129.854632345, 32.837835392 ], [ 129.854641915, 32.837743834 ], [ 129.854653573, 32.837720715 ], [ 129.854703237, 32.837718861 ], [ 129.85487304899999, 32.837710714 ], [ 129.854949984, 32.837716809 ], [ 129.85501037099999, 32.837725204 ], [ 129.855077634, 32.83774359 ], [ 129.855091030000011, 32.837727771 ], [ 129.855117670999988, 32.837738517 ], [ 129.85521819499999, 32.837793691 ], [ 129.855250113000011, 32.837815153 ], [ 129.855281690999988, 32.837831837 ], [ 129.85531062699999, 32.837855652 ], [ 129.855323655, 32.83788669 ], [ 129.855351517, 32.837871326 ], [ 129.85556243799999, 32.837743963 ], [ 129.85567014899999, 32.837846695 ], [ 129.855800792, 32.838061408 ], [ 129.855877685, 32.83813721 ], [ 129.856006718, 32.838269405 ], [ 129.8560373, 32.838298698 ] ] ] } },
{ "type": "Feature", "properties": { "A29_001": "42308", "A29_002": "長崎県", "A29_003": "時津町", "A29_004": 5, "A29_005": "第一種住居地域", "A29_006": 60, "A29_007": 200, "A29_008": null }, "geometry": { "type": "Polygon", "coordinates": [ [ [ 129.843361894, 32.813393565 ], [ 129.843336526, 32.813400578 ], [ 129.84332608, 32.813405657 ], [ 129.843322389, 32.813415127 ], [ 129.84332242799999, 32.813425226 ], [ 129.843327722999987, 32.813444149 ], [ 129.843332661, 32.813456337 ], [ 129.843363181, 32.813475543 ], [ 129.843384281999988, 32.813497443 ], [ 129.843399842999986, 32.813517483 ], [ 129.843405961, 32.813528216 ], [ 129.84340659, 32.813547368 ], [ 129.84339066199999, 32.813576377 ], [ 129.843369717, 32.81359512 ], [ 129.84333052299999, 32.813619666 ], [ 129.843307944, 32.813635464 ], [ 129.843303029999987, 32.813651827 ], [ 129.843306958, 32.813667931 ], [ 129.84331043, 32.813707158 ], [ 129.843308791999988, 32.813714413 ], [ 129.843300527, 32.813720036 ], [ 129.84325635799999, 32.813728354 ], [ 129.843224307000014, 32.813749895 ], [ 129.843200072, 32.813770992 ], [ 129.843178192000011, 32.813832716 ], [ 129.843175008, 32.813868228 ], [ 129.843162057, 32.813952355 ], [ 129.843157783, 32.813990666 ], [ 129.843209035, 32.814088631 ], [ 129.843231143999986, 32.814086703 ], [ 129.843275312, 32.814066959 ], [ 129.843299546, 32.814042599 ], [ 129.843344731, 32.813998567 ], [ 129.843372335999987, 32.813987282 ], [ 129.84343315699999, 32.813985239 ], [ 129.843476286, 32.813984192 ], [ 129.843560384, 32.813992366 ], [ 129.843650531, 32.814043466 ], [ 129.843667025, 32.814058562 ], [ 129.843684263, 32.814073034 ], [ 129.843715737, 32.814095672 ], [ 129.843768146, 32.814125188 ], [ 129.844001781, 32.814265288 ], [ 129.844057948, 32.814299844 ], [ 129.844076656, 32.814310515 ], [ 129.844344156, 32.814320511 ], [ 129.844371819, 32.814324222 ], [ 129.84441074, 32.814342412 ], [ 129.84444817799999, 32.814363772 ], [ 129.844489317000011, 32.814378168 ], [ 129.84456411, 32.814399425 ], [ 129.844589256, 32.81440676 ], [ 129.844614099000012, 32.814352277 ], [ 129.844628362, 32.814353807 ], [ 129.844666209, 32.814362081 ], [ 129.844734167000013, 32.81439415 ], [ 129.84485923599999, 32.814453234 ], [ 129.844918527, 32.814486437 ], [ 129.844971111, 32.814524888 ], [ 129.845024787999989, 32.81456992 ], [ 129.845113005, 32.814654625 ], [ 129.845205686000014, 32.814730787 ], [ 129.84519024299999, 32.814744447 ], [ 129.845100731, 32.814681334 ], [ 129.845059201999987, 32.814681971 ], [ 129.84498861899999, 32.814703114 ], [ 129.844924246, 32.814728424 ], [ 129.844913744, 32.814735514 ], [ 129.844906963, 32.814746796 ], [ 129.844889681000012, 32.814765168 ], [ 129.84487544000001, 32.814769401 ], [ 129.844774715, 32.814794811 ], [ 129.844768206999987, 32.814818555 ], [ 129.844751115, 32.814841949 ], [ 129.844727258, 32.814855903 ], [ 129.844702633999987, 32.814862283 ], [ 129.844689216, 32.814869264 ], [ 129.844683260000011, 32.814875583 ], [ 129.844675079000012, 32.814886337 ], [ 129.844666147999988, 32.814893937 ], [ 129.844655721, 32.814904066 ], [ 129.844627417, 32.814924966 ], [ 129.84454241099999, 32.814966853 ], [ 129.84444767, 32.815004358 ], [ 129.844413363, 32.815019593 ], [ 129.84431495699999, 32.815076036 ], [ 129.844230751999987, 32.815131809 ], [ 129.844213685, 32.81515899 ], [ 129.844213704, 32.81516404 ], [ 129.84423014399999, 32.815165258 ], [ 129.844254795000012, 32.815163296 ], [ 129.84427195399999, 32.815156936 ], [ 129.84429357799999, 32.815145523 ], [ 129.84431372899999, 32.815139787 ], [ 129.84432793900001, 32.815144166 ], [ 129.84433393099999, 32.815149831 ], [ 129.84433769, 32.815155502 ], [ 129.844339209999987, 32.815161801 ], [ 129.844338518, 32.815176322 ], [ 129.84433490699999, 32.815209148 ], [ 129.844335825, 32.815253324 ], [ 129.84433970399999, 32.815289917 ], [ 129.844356229, 32.815313228 ], [ 129.844371983, 32.815330228 ], [ 129.844381735000013, 32.81533903 ], [ 129.844389213999989, 32.815342797 ], [ 129.844411637, 32.815344629 ], [ 129.844472897, 32.815342567 ], [ 129.844577482, 32.815340385 ], [ 129.844638046999989, 32.815352212 ], [ 129.844648524, 32.815357865 ], [ 129.84465602099999, 32.815363525 ], [ 129.84466053, 32.81537235 ], [ 129.844672608, 32.815402608 ], [ 129.84471265900001, 32.815522408 ], [ 129.844739127, 32.81560374 ], [ 129.84476329099999, 32.815669314 ], [ 129.844774647, 32.815709043 ], [ 129.844778426, 32.815719764 ], [ 129.844788920000013, 32.815729835 ], [ 129.84480089600001, 32.81573358 ], [ 129.844808343000011, 32.81572915 ], [ 129.84481876800001, 32.81571839 ], [ 129.844836664000013, 32.815709503 ], [ 129.844851612000014, 32.815711356 ], [ 129.84485761900001, 32.815718283 ], [ 129.844870390000011, 32.815737177 ], [ 129.844878650999988, 32.815749779 ], [ 129.844884648, 32.815754181 ], [ 129.84489214300001, 32.81575921 ], [ 129.844899628, 32.81576424 ], [ 129.84490492399999, 32.815780629 ], [ 129.844907965, 32.815793877 ], [ 129.844914037, 32.815820372 ], [ 129.844920086, 32.815838022 ], [ 129.844929846000014, 32.815848726 ], [ 129.844948558, 32.815857512 ], [ 129.844975495, 32.815869423 ], [ 129.84497939799999, 32.815912328 ], [ 129.844981026999989, 32.815947042 ], [ 129.844985595, 32.815971008 ], [ 129.844996151, 32.815994335 ], [ 129.845017216, 32.816028987 ], [ 129.845047209, 32.816057933 ], [ 129.845063742, 32.816083137 ], [ 129.845064533999988, 32.816094489 ], [ 129.845038676, 32.816168407 ], [ 129.845007511, 32.816178864 ], [ 129.844976089, 32.816194687 ], [ 129.844946147, 32.816176048 ], [ 129.844907713, 32.816206824 ], [ 129.844880651000011, 32.816187356 ], [ 129.844854118, 32.816221896 ], [ 129.844727178999989, 32.816182513 ], [ 129.844705518000012, 32.816184475 ], [ 129.844594319, 32.816216335 ], [ 129.844475667000012, 32.816251371 ], [ 129.844329593999987, 32.816298783 ], [ 129.844247344, 32.816327109 ], [ 129.84423541699999, 32.816335979 ], [ 129.844216834, 32.81636064 ], [ 129.84421238499999, 32.816370121 ], [ 129.844206515, 32.816396009 ], [ 129.84419925099999, 32.816450939 ], [ 129.84419712499999, 32.816481236 ], [ 129.844188075, 32.816516124 ], [ 129.844184823, 32.816506294 ], [ 129.84417941800001, 32.816472736 ], [ 129.844134446, 32.816381112 ], [ 129.84409027699999, 32.816339994 ], [ 129.844022579000011, 32.816292674 ], [ 129.843968413999988, 32.816254236 ], [ 129.843793073, 32.816349684 ], [ 129.843815188, 32.816385262 ], [ 129.843854990000011, 32.816454518 ], [ 129.843866244999987, 32.816481884 ], [ 129.843869401, 32.816510994 ], [ 129.843870533, 32.816546954 ], [ 129.84386698, 32.816675405 ], [ 129.843861937000014, 32.816683129 ], [ 129.84385487899999, 32.816691716 ], [ 129.843842923000011, 32.816745693 ], [ 129.84379489, 32.81691023 ], [ 129.843825525999989, 32.816967518 ], [ 129.843842954, 32.81701714 ], [ 129.84383788400001, 32.817018011 ], [ 129.843784298, 32.81702181 ], [ 129.843740395, 32.816974605 ], [ 129.84371801399999, 32.816953258 ], [ 129.84367328, 32.816920844 ], [ 129.843646861, 32.816904649 ], [ 129.843610307, 32.816888472 ], [ 129.843563937, 32.816874937 ], [ 129.843408877, 32.816846045 ], [ 129.843366736, 32.816846161 ], [ 129.843295737, 32.816870821 ], [ 129.843282805, 32.816865401 ], [ 129.843256442000012, 32.816863759 ], [ 129.84323211099999, 32.816862969 ], [ 129.843212838, 32.816861309 ], [ 129.843197618, 32.816857924 ], [ 129.843184416000014, 32.816851972 ], [ 129.84314887, 32.816834088 ], [ 129.843039170999987, 32.816778721 ], [ 129.842909221000014, 32.816731129 ], [ 129.842904159999989, 32.816728582 ], [ 129.84288885399999, 32.816702932 ], [ 129.842875682, 32.816704682 ], [ 129.842856430000012, 32.816708161 ], [ 129.842847339, 32.816715887 ], [ 129.842840306999989, 32.816733888 ], [ 129.842833288, 32.816752746 ], [ 129.842808064, 32.816783647 ], [ 129.842793927, 32.81679824 ], [ 129.84278280699999, 32.816805972 ], [ 129.8427737, 32.816809424 ], [ 129.842760535, 32.816812887 ], [ 129.842748367000013, 32.816814633 ], [ 129.842714926000014, 32.816816438 ], [ 129.842638881999989, 32.816812363 ], [ 129.842645025, 32.816829471 ], [ 129.842628796000014, 32.816827802 ], [ 129.842544519, 32.816790356 ], [ 129.84249986899999, 32.81677935 ], [ 129.842408336, 32.816701677 ], [ 129.842347311999987, 32.816651317 ], [ 129.84229243499999, 32.81661636 ], [ 129.842216208, 32.816564337 ], [ 129.84220206099999, 32.816576361 ], [ 129.842162307, 32.816682496 ], [ 129.84224308200001, 32.816760547 ], [ 129.842341105, 32.816840177 ], [ 129.842314514, 32.816868205 ], [ 129.842317756, 32.816878116 ], [ 129.842278763, 32.816902571 ], [ 129.84222546399999, 32.816928508 ], [ 129.84214326599999, 32.816965255 ], [ 129.842130481999988, 32.816973406 ], [ 129.842103844, 32.81698926 ], [ 129.84211729, 32.817014563 ], [ 129.842073494, 32.817039933 ], [ 129.842016424, 32.817084727 ], [ 129.84197913599999, 32.817108366 ], [ 129.84199328, 32.817123531 ], [ 129.84200011199999, 32.817131169 ], [ 129.842010351999988, 32.817141674 ], [ 129.842036661, 32.817187665 ], [ 129.842088287, 32.817257764 ], [ 129.842146011000011, 32.817347154 ], [ 129.842156346, 32.817382557 ], [ 129.842158719999986, 32.817408405 ], [ 129.842196266, 32.81745212 ], [ 129.842235893, 32.817481518 ], [ 129.842280041, 32.817514448 ], [ 129.842321765, 32.817550486 ], [ 129.84235000699999, 32.817582432 ], [ 129.842385632, 32.817623654 ], [ 129.842404044, 32.817643226 ], [ 129.842419978, 32.817651443 ], [ 129.84244569, 32.817658605 ], [ 129.842576535, 32.817658247 ], [ 129.842785549000013, 32.817633922 ], [ 129.842801454000011, 32.817634907 ], [ 129.842923957000011, 32.817692412 ], [ 129.842965596, 32.817708827 ], [ 129.843013342, 32.817722124 ], [ 129.84302069899999, 32.817727271 ], [ 129.843021947000011, 32.817732435 ], [ 129.843015863, 32.817741749 ], [ 129.842941453, 32.817790496 ], [ 129.842934156000013, 32.817800851 ], [ 129.842930521, 32.817808084 ], [ 129.842934215000014, 32.817816343 ], [ 129.843072815999989, 32.817919263 ], [ 129.843157437, 32.817982039 ], [ 129.843167247999986, 32.817989245 ], [ 129.843177042, 32.817992311 ], [ 129.84318240499999, 32.817992738 ], [ 129.84318876099999, 32.81799319 ], [ 129.84319208, 32.817992477 ], [ 129.843195237, 32.817991494 ], [ 129.843279462, 32.817929058 ], [ 129.843369224000014, 32.817984344 ], [ 129.84341125099999, 32.818007215 ], [ 129.843419189, 32.81800815 ], [ 129.843430524000013, 32.818009074 ], [ 129.843453175, 32.818003268 ], [ 129.843479207, 32.817993619 ], [ 129.843527873999989, 32.817974341 ], [ 129.843590092999989, 32.817943528 ], [ 129.84373011400001, 32.817871451 ], [ 129.84379442, 32.817839072 ], [ 129.843831454, 32.817843984 ], [ 129.843845386, 32.817842539 ], [ 129.843857586000013, 32.817838204 ], [ 129.843878303999986, 32.817824142 ], [ 129.843905670999987, 32.817800576 ], [ 129.843913665, 32.81778562 ], [ 129.843919340000014, 32.81778656 ], [ 129.843963616, 32.817805584 ], [ 129.844035166999987, 32.817840818 ], [ 129.844047652, 32.817846528 ], [ 129.844059398000013, 32.817848859 ], [ 129.844064097, 32.817859857 ], [ 129.84419171799999, 32.817884612 ], [ 129.844294391, 32.817903763 ], [ 129.84429919499999, 32.817906184 ], [ 129.84430115399999, 32.817918326 ], [ 129.844309036999988, 32.817974188 ], [ 129.844314809, 32.817978221 ], [ 129.84435338899999, 32.81803481 ], [ 129.844353648, 32.818102029 ], [ 129.84442299599999, 32.818183648 ], [ 129.844431641, 32.818187674 ], [ 129.844498706, 32.818172907 ], [ 129.844699858000013, 32.818120519 ], [ 129.844740021, 32.818092065 ], [ 129.844744792, 32.818085568 ], [ 129.84475149299999, 32.818081501 ], [ 129.844797505, 32.81807976 ], [ 129.84485232, 32.818120099 ], [ 129.844861237, 32.817992814 ], [ 129.844887817999989, 32.81786833 ], [ 129.84495644399999, 32.817729798 ], [ 129.845031619999986, 32.817517608 ], [ 129.845129762, 32.817361906 ], [ 129.845195041000011, 32.817357812 ], [ 129.84519912799999, 32.817310015 ], [ 129.845233895, 32.816988243 ], [ 129.845249634, 32.816725193 ], [ 129.845256161, 32.816681475 ], [ 129.845317240000014, 32.816458637 ], [ 129.84530646499999, 32.816273845 ], [ 129.845299426999986, 32.81618806 ], [ 129.845271348000011, 32.816079797 ], [ 129.84524221699999, 32.815898203 ], [ 129.84523865599999, 32.815844394 ], [ 129.845240146, 32.815796235 ], [ 129.845247395, 32.815751324 ], [ 129.84526230099999, 32.81570384 ], [ 129.845360505, 32.815360682 ], [ 129.84545558, 32.815031439 ], [ 129.845515397000014, 32.814905042 ], [ 129.84556193200001, 32.814834529 ], [ 129.84532334, 32.814692137 ], [ 129.845235941, 32.81463148 ], [ 129.84518040899999, 32.814576399 ], [ 129.845151738, 32.814524562 ], [ 129.845139802, 32.814483879 ], [ 129.845148741, 32.814202343 ], [ 129.845224043, 32.81332494 ], [ 129.845228877000011, 32.813246471 ], [ 129.845220264, 32.813187013 ], [ 129.845201624, 32.813136078 ], [ 129.845172968000014, 32.813093673 ], [ 129.845156137, 32.813076721 ], [ 129.845077177, 32.813030199 ], [ 129.844892461, 32.812947148 ], [ 129.844870831, 32.812929371 ], [ 129.84485729799999, 32.812898251 ], [ 129.84483365599999, 32.812851577 ], [ 129.84481011299999, 32.812833227 ], [ 129.844722792999988, 32.8127924 ], [ 129.844697551, 32.812768392 ], [ 129.844662459, 32.812734996 ], [ 129.844531775, 32.812639748 ], [ 129.844455804, 32.81259246 ], [ 129.844411575, 32.812571263 ], [ 129.844335825, 32.812553716 ], [ 129.844325121999987, 32.812505788 ], [ 129.844310146, 32.812438348 ], [ 129.844297274000013, 32.812370894 ], [ 129.844299193000012, 32.812322941 ], [ 129.844303058, 32.812234131 ], [ 129.844305018, 32.812196828 ], [ 129.844313367000012, 32.812182593 ], [ 129.844361611000011, 32.812154045 ], [ 129.844451843, 32.812111178 ], [ 129.84447696399999, 32.81208447 ], [ 129.84458404599999, 32.812046877 ], [ 129.844615526000013, 32.812032579 ], [ 129.844659521000011, 32.811993392 ], [ 129.84471834199999, 32.811982571 ], [ 129.844836052, 32.811978694 ], [ 129.844947467999987, 32.81197661 ], [ 129.845039974, 32.811978132 ], [ 129.845090438999989, 32.81197977 ], [ 129.845130364, 32.811976106 ], [ 129.845166051, 32.811961805 ], [ 129.845298194, 32.811885068 ], [ 129.845442932, 32.811801199 ], [ 129.845470204, 32.811786912 ], [ 129.84548368, 32.811510513 ], [ 129.84547945, 32.811513158 ], [ 129.84541873500001, 32.811558577 ], [ 129.845367684, 32.811606837 ], [ 129.84531273799999, 32.811592019 ], [ 129.845272154000014, 32.811604747 ], [ 129.84523208600001, 32.811637863 ], [ 129.845203185, 32.81167001 ], [ 129.845005883999988, 32.8117479 ], [ 129.845003736, 32.811772426 ], [ 129.844943575, 32.811803712 ], [ 129.844868561999988, 32.811750164 ], [ 129.844819968, 32.811580211 ], [ 129.844573204, 32.811683478 ], [ 129.84448841, 32.811793414 ], [ 129.84447962199999, 32.811810256 ], [ 129.844288637, 32.81180648 ], [ 129.84426822399999, 32.811824428 ], [ 129.844239297, 32.811852805 ], [ 129.84421927599999, 32.811869832 ], [ 129.84421035599999, 32.811874573 ], [ 129.844195117999988, 32.811874993 ], [ 129.844176979, 32.811923226 ], [ 129.84393923799999, 32.811946306 ], [ 129.843921727, 32.811994014 ], [ 129.84387097199999, 32.81200309 ], [ 129.843849788999989, 32.812029066 ], [ 129.843781199, 32.812081846 ], [ 129.843692318, 32.812131779 ], [ 129.843592554999987, 32.812173273 ], [ 129.843488173999987, 32.812216449 ], [ 129.843398524, 32.812260909 ], [ 129.843305836000013, 32.812256916 ], [ 129.843245911, 32.812291502 ], [ 129.843200545, 32.812310491 ], [ 129.842995272, 32.812340723 ], [ 129.84298971199999, 32.812341811 ], [ 129.842928632, 32.81235647 ], [ 129.842798804000012, 32.812402808 ], [ 129.842600567, 32.812477198 ], [ 129.842555191, 32.812518867 ], [ 129.842493506000011, 32.812582125 ], [ 129.842457180999986, 32.812608376 ], [ 129.84241176399999, 32.812639269 ], [ 129.842355411, 32.812667126 ], [ 129.842308124999988, 32.812684173 ], [ 129.84227537699999, 32.812693497 ], [ 129.841876762999988, 32.812763825 ], [ 129.841836796, 32.812790095 ], [ 129.84174764, 32.812813415 ], [ 129.841773354, 32.812868733 ], [ 129.84178627, 32.81291486 ], [ 129.841799162, 32.812951753 ], [ 129.841822919, 32.812970148 ], [ 129.841841174, 32.812982408 ], [ 129.841857600999987, 32.812991597 ], [ 129.841877664, 32.812999234 ], [ 129.84189408, 32.81300534 ], [ 129.84187719799999, 32.813351573 ], [ 129.841756909, 32.813594356 ], [ 129.841637440999989, 32.813524559 ], [ 129.841639216, 32.81348594 ], [ 129.84164583899999, 32.813341437 ], [ 129.841596614, 32.813326187 ], [ 129.841512803, 32.813320257 ], [ 129.841461794999987, 32.813318863 ], [ 129.841363452, 32.813319131 ], [ 129.841230394, 32.813294875 ], [ 129.84120852800001, 32.813293401 ], [ 129.841170317, 32.813304273 ], [ 129.841135740999988, 32.813310526 ], [ 129.841064663, 32.813299943 ], [ 129.841019116000012, 32.813296992 ], [ 129.840986337, 32.813298624 ], [ 129.840946287, 32.813303341 ], [ 129.840909891, 32.813311141 ], [ 129.840879073, 32.813348144 ], [ 129.840828570000014, 32.813479068 ], [ 129.84080130000001, 32.813491452 ], [ 129.840644513, 32.813453417 ], [ 129.840631750999989, 32.813450368 ], [ 129.840609919, 32.813455044 ], [ 129.840527963999989, 32.813456809 ], [ 129.840466106, 32.813475437 ], [ 129.840404167, 32.81347253 ], [ 129.84034225100001, 32.813475774 ], [ 129.840313114, 32.813477395 ], [ 129.840247685, 32.813511426 ], [ 129.840189815, 32.813620826 ], [ 129.840175378999987, 32.813657793 ], [ 129.840159297000014, 32.813739377 ], [ 129.840146828, 32.813813267 ], [ 129.840147209, 32.813913274 ], [ 129.840147572, 32.814008673 ], [ 129.840157016, 32.814096346 ], [ 129.840181030999986, 32.814185522 ], [ 129.840205051999988, 32.814273165 ], [ 129.84032344, 32.814272843 ], [ 129.840440214000012, 32.814327913 ], [ 129.840476851, 32.814383201 ], [ 129.84049884699999, 32.814418537 ], [ 129.840601042, 32.814470571 ], [ 129.840621112, 32.814479751 ], [ 129.840739829, 32.814565594 ], [ 129.840765413000014, 32.814587059 ], [ 129.840877537000011, 32.814856018 ], [ 129.840948545, 32.814848133 ], [ 129.840998116, 32.814951081 ], [ 129.840901693, 32.814979046 ], [ 129.841128411, 32.815517571 ], [ 129.841173731999987, 32.815626068 ], [ 129.841191916000014, 32.815616784 ], [ 129.841217371999988, 32.815607481 ], [ 129.841242862, 32.815604336 ], [ 129.841284769, 32.815607297 ], [ 129.841306659, 32.81561493 ], [ 129.841339497, 32.815628692 ], [ 129.841354110999987, 32.815640961 ], [ 129.841397997, 32.815687004 ], [ 129.84141080099999, 32.815700811 ], [ 129.841814543999988, 32.81554123 ], [ 129.841849102, 32.815527293 ], [ 129.841983526, 32.815433068 ], [ 129.842055168, 32.81533409 ], [ 129.842055643, 32.815240538 ], [ 129.842046398, 32.815205177 ], [ 129.84200035500001, 32.815072983 ], [ 129.842062223999989, 32.81505743 ], [ 129.842065789, 32.815037418 ], [ 129.842380571, 32.814953467 ], [ 129.842343843, 32.814875094 ], [ 129.842370515999988, 32.814704241 ], [ 129.842397403, 32.814591841 ], [ 129.84242086, 32.814534847 ], [ 129.84239323599999, 32.814454916 ], [ 129.842431419, 32.814439427 ], [ 129.84247322499999, 32.814416236 ], [ 129.84251866, 32.814389951 ], [ 129.842556795, 32.814359077 ], [ 129.842589460999989, 32.81432821 ], [ 129.842627549000014, 32.814285027 ], [ 129.842654718, 32.814246483 ], [ 129.84267824599999, 32.814207957 ], [ 129.842690831999988, 32.814164835 ], [ 129.84269981700001, 32.8141325 ], [ 129.842706905, 32.81408171 ], [ 129.842710286999989, 32.814014003 ], [ 129.842724632999989, 32.813953959 ], [ 129.84273904599999, 32.813913907 ], [ 129.84276252699999, 32.813863072 ], [ 129.842795134, 32.81381682 ], [ 129.84300875400001, 32.813476207 ], [ 129.84307758599999, 32.813377544 ], [ 129.843128342, 32.813315858 ], [ 129.84323357, 32.813209402 ], [ 129.843302531, 32.813141525 ], [ 129.843101552, 32.81298052 ], [ 129.843072261, 32.81294213 ], [ 129.843061532, 32.812917947 ], [ 129.843028174000011, 32.812843776 ], [ 129.843150071999986, 32.812809598 ], [ 129.84320099199999, 32.812787914 ], [ 129.84324463499999, 32.812770868 ], [ 129.84323291199999, 32.812563192 ], [ 129.843416654, 32.812507291 ], [ 129.843435591, 32.812463782 ], [ 129.843513831, 32.81248742 ], [ 129.843637287, 32.812522305 ], [ 129.8436474, 32.812525244 ], [ 129.843650002, 32.812529764 ], [ 129.84365627599999, 32.812550731 ], [ 129.843656307, 32.812558712 ], [ 129.843652321, 32.812574684 ], [ 129.843642897, 32.812581546 ], [ 129.843628066, 32.812585004 ], [ 129.843591634, 32.812586249 ], [ 129.843532242, 32.812581849 ], [ 129.843467473, 32.812584309 ], [ 129.843461964999989, 32.812596056 ], [ 129.843566157, 32.812628505 ], [ 129.843628373, 32.812664812 ], [ 129.843619065000013, 32.812699042 ], [ 129.843663114, 32.812729014 ], [ 129.843728680999988, 32.81277854 ], [ 129.843681702999987, 32.812844797 ], [ 129.843754163, 32.812870371 ], [ 129.843992477, 32.812920488 ], [ 129.84386215, 32.813075863 ], [ 129.843820348, 32.813174543 ], [ 129.843820126999987, 32.813200244 ], [ 129.843754222, 32.813301813 ], [ 129.84367261, 32.813351086 ], [ 129.843651575, 32.813343541 ], [ 129.84359994, 32.813320958 ], [ 129.843513171000012, 32.813292799 ], [ 129.843480303, 32.81329352 ], [ 129.843463133, 32.813296724 ], [ 129.843451192, 32.813301806 ], [ 129.843438526, 32.813310047 ], [ 129.843425875, 32.813322067 ], [ 129.843403579000011, 32.813353059 ], [ 129.843385739000013, 32.813376455 ], [ 129.843375325000011, 32.813387215 ], [ 129.843361894, 32.813393565 ] ] ] } },
{ "type": "Feature", "properties": { "A29_001": "42308", "A29_002": "長崎県", "A29_003": "時津町", "A29_004": 10, "A29_005": "準工業地域", "A29_006": 60, "A29_007": 200, "A29_008": null }, "geometry": { "type": "Polygon", "coordinates": [ [ [ 129.848763423, 32.818583199 ], [ 129.848764722999988, 32.818495099 ], [ 129.848766425, 32.818394942 ], [ 129.848773292, 32.81834849 ], [ 129.848784397, 32.818306788 ], [ 129.848798396, 32.818281742 ], [ 129.84881664299999, 32.818261455 ], [ 129.84883770799999, 32.818243541 ], [ 129.84886862799999, 32.818219639 ], [ 129.84889392299999, 32.818201713 ], [ 129.848934734000011, 32.818183735 ], [ 129.848958651, 32.818174145 ], [ 129.848996685, 32.818166897 ], [ 129.84902344, 32.818162061 ], [ 129.849175623, 32.818153304 ], [ 129.849286941, 32.818145843 ], [ 129.849305472999987, 32.818146756 ], [ 129.849310575, 32.818110553 ], [ 129.849337006000013, 32.81795998 ], [ 129.849335531, 32.81794331 ], [ 129.849327389, 32.817936993 ], [ 129.84930902799999, 32.817936305 ], [ 129.84929152699999, 32.817934135 ], [ 129.849265306, 32.817933469 ], [ 129.84922907399999, 32.817931776 ], [ 129.84917937099999, 32.81794003 ], [ 129.849154313000014, 32.81794469 ], [ 129.849151275999986, 32.817916455 ], [ 129.849143591, 32.817873768 ], [ 129.849135972999989, 32.817848368 ], [ 129.849133421, 32.817837436 ], [ 129.849112408, 32.817833211 ], [ 129.849078537999986, 32.817823783 ], [ 129.84913729199999, 32.817710508 ], [ 129.84914393, 32.817698171 ], [ 129.849036315, 32.817647394 ], [ 129.848960341, 32.81760643 ], [ 129.848937691, 32.817585148 ], [ 129.848922235, 32.817556983 ], [ 129.848906793, 32.817532624 ], [ 129.84887963700001, 32.817511354 ], [ 129.848825306, 32.817466524 ], [ 129.848947277, 32.817414584 ], [ 129.848985717, 32.817402032 ], [ 129.84901901399999, 32.81737678 ], [ 129.84911277, 32.817346786 ], [ 129.849142558000011, 32.81734747 ], [ 129.849210244, 32.817347281 ], [ 129.849220167, 32.817344963 ], [ 129.849282226000014, 32.817287607 ], [ 129.849301016, 32.817272378 ], [ 129.84927243199999, 32.817014466 ], [ 129.84926692799999, 32.816961636 ], [ 129.849254722000012, 32.816953455 ], [ 129.84919617700001, 32.816904327 ], [ 129.849184468, 32.816892537 ], [ 129.84917744, 32.816886641 ], [ 129.849179717, 32.816870862 ], [ 129.849181829, 32.816815658 ], [ 129.84921909, 32.816793866 ], [ 129.84925647099999, 32.816805593 ], [ 129.84928456099999, 32.816825228 ], [ 129.849298592, 32.81683307 ], [ 129.849314955000011, 32.81683894 ], [ 129.849333621999989, 32.816838888 ], [ 129.84934524900001, 32.816827033 ], [ 129.8493607, 32.816801912 ], [ 129.849381783000013, 32.816769605 ], [ 129.849391271, 32.816754347 ], [ 129.849387411, 32.816723129 ], [ 129.849389717, 32.816704023 ], [ 129.849406415, 32.81671101 ], [ 129.849431466999988, 32.816724016 ], [ 129.84946088800001, 32.816636443 ], [ 129.849435762000013, 32.816604328 ], [ 129.849420204000012, 32.816583252 ], [ 129.849417791, 32.816575214 ], [ 129.849412832000013, 32.816524945 ], [ 129.84940899, 32.816457583 ], [ 129.849395713, 32.816410348 ], [ 129.84939687799999, 32.816405322 ], [ 129.849428964, 32.816390146 ], [ 129.849431313999986, 32.816382095 ], [ 129.849434675, 32.81632677 ], [ 129.849393872, 32.816281073 ], [ 129.849228469, 32.816273058 ], [ 129.84921776199999, 32.816274098 ], [ 129.849203499999987, 32.816281172 ], [ 129.84918571099999, 32.816298319 ], [ 129.849173847, 32.816309417 ], [ 129.849132239, 32.816325621 ], [ 129.849082297, 32.816340847 ], [ 129.849053755, 32.816349981 ], [ 129.84904188199999, 32.816356047 ], [ 129.849030021, 32.816368146 ], [ 129.849011076000011, 32.816395351 ], [ 129.84899694, 32.816434609 ], [ 129.848989886, 32.81645776 ], [ 129.848963704, 32.816458843 ], [ 129.848866976000011, 32.816463134 ], [ 129.84871619399999, 32.816507435 ], [ 129.848585488999987, 32.816507799 ], [ 129.8484827, 32.816480482 ], [ 129.84840796200001, 32.816468867 ], [ 129.848218881, 32.816457562 ], [ 129.848188525000012, 32.816453706 ], [ 129.848146574, 32.816469595 ], [ 129.84812325499999, 32.8164736 ], [ 129.847964495000014, 32.816460235 ], [ 129.84783841399999, 32.816446788 ], [ 129.847541994000011, 32.816443671 ], [ 129.847476562, 32.816422164 ], [ 129.847510031000013, 32.816666104 ], [ 129.847428532, 32.816670704 ], [ 129.84737637, 32.816678153 ], [ 129.847381305999988, 32.816760896 ], [ 129.84727716899999, 32.816757867 ], [ 129.847230313000011, 32.816759367 ], [ 129.84719239, 32.816786733 ], [ 129.847129171, 32.816831691 ], [ 129.84701833, 32.816815758 ], [ 129.84704126299999, 32.816756338 ], [ 129.847054928, 32.816724945 ], [ 129.847063356, 32.816708798 ], [ 129.84708125, 32.816674706 ], [ 129.84709281799999, 32.816650488 ], [ 129.84710332899999, 32.816626273 ], [ 129.847105416, 32.816616411 ], [ 129.847107405, 32.816584157 ], [ 129.847103054, 32.816555501 ], [ 129.847098936, 32.816537567 ], [ 129.847080108, 32.816496218 ], [ 129.847069678999986, 32.816470078 ], [ 129.84706902, 32.816454226 ], [ 129.847061618999987, 32.816363761 ], [ 129.847059910000013, 32.816283994 ], [ 129.847062529, 32.816235173 ], [ 129.84707233200001, 32.816218481 ], [ 129.84707370000001, 32.816207755 ], [ 129.847072198, 32.816183952 ], [ 129.847059484, 32.816174455 ], [ 129.84702423499999, 32.816169791 ], [ 129.84677499599999, 32.816147279 ], [ 129.846693925000011, 32.815750284 ], [ 129.846608366, 32.815327809 ], [ 129.846596659, 32.815316199 ], [ 129.846579752, 32.81533237 ], [ 129.846514094000014, 32.815329134 ], [ 129.846173791000012, 32.815366182 ], [ 129.846124927, 32.81513069 ], [ 129.846171524999988, 32.815103994 ], [ 129.846249667, 32.815192559 ], [ 129.846293331, 32.815188975 ], [ 129.84636427800001, 32.815181862 ], [ 129.846439311000012, 32.815173584 ], [ 129.84650205, 32.815161885 ], [ 129.846557968000013, 32.815151351 ], [ 129.84659131699999, 32.815145226 ], [ 129.846632113999988, 32.81514009 ], [ 129.846653511, 32.815136315 ], [ 129.846682847000011, 32.815122608 ], [ 129.846700682, 32.81511428 ], [ 129.84672320300001, 32.815091836 ], [ 129.84672951499999, 32.815081069 ], [ 129.846739998, 32.815046997 ], [ 129.846742049999989, 32.815030868 ], [ 129.846744752, 32.814907234 ], [ 129.84673938899999, 32.814890232 ], [ 129.84673190399999, 32.814876816 ], [ 129.846725529, 32.814871459 ], [ 129.846703238, 32.814867941 ], [ 129.846660816999986, 32.814867157 ], [ 129.846633258, 32.814870822 ], [ 129.846585584, 32.814881496 ], [ 129.846524230999989, 32.814897808 ], [ 129.846497215999989, 32.814904204 ], [ 129.846472401999989, 32.814908322 ], [ 129.84646285299999, 32.814910657 ], [ 129.846447691, 32.814916614 ], [ 129.846424659, 32.814917517 ], [ 129.84638060099999, 32.814915952 ], [ 129.846360507000014, 32.814914394 ], [ 129.846350913, 32.814905204 ], [ 129.846344009, 32.814884464 ], [ 129.846330378, 32.814718357 ], [ 129.84637487399999, 32.814639904 ], [ 129.846409146000013, 32.814635138 ], [ 129.84642958, 32.814628075 ], [ 129.846454231, 32.814571095 ], [ 129.846489244, 32.814498485 ], [ 129.846532854, 32.814478119 ], [ 129.84657158600001, 32.814455846 ], [ 129.846596205999987, 32.814437571 ], [ 129.84659891699999, 32.814431801 ], [ 129.846591517, 32.814412758 ], [ 129.846575892, 32.81439031 ], [ 129.846551323, 32.814347273 ], [ 129.846542416, 32.814338866 ], [ 129.846531298, 32.81433327 ], [ 129.846476222, 32.814147879 ], [ 129.84631052099999, 32.813472692 ], [ 129.846232474, 32.81329264 ], [ 129.846167221, 32.813008108 ], [ 129.84616259, 32.812956737 ], [ 129.846157804, 32.812862469 ], [ 129.84617146, 32.81267742 ], [ 129.84619684099999, 32.812558116 ], [ 129.846194086, 32.812538843 ], [ 129.846231792, 32.812519278 ], [ 129.846248809, 32.812545419 ], [ 129.84625869300001, 32.812552534 ], [ 129.84635157400001, 32.812515376 ], [ 129.84641635, 32.812500903 ], [ 129.846448788, 32.812507965 ], [ 129.846467159000014, 32.812519818 ], [ 129.846508175, 32.812557805 ], [ 129.846636886, 32.812675312 ], [ 129.84679115899999, 32.812843952 ], [ 129.846832148, 32.812874797 ], [ 129.84686323299999, 32.812893756 ], [ 129.846888623000012, 32.812900828 ], [ 129.846902738000011, 32.81290555 ], [ 129.846923892, 32.812907873 ], [ 129.846945016, 32.812905433 ], [ 129.84696050299999, 32.812900629 ], [ 129.846988654, 32.812889838 ], [ 129.84690318599999, 32.812718518 ], [ 129.846874063, 32.812729159 ], [ 129.846786065, 32.812599167 ], [ 129.84672330699999, 32.812492713 ], [ 129.846819081, 32.812375639 ], [ 129.84656764799999, 32.812288501 ], [ 129.84653414600001, 32.812205431 ], [ 129.846521059, 32.812176493 ], [ 129.846502447, 32.81218806 ], [ 129.845922179000013, 32.811954975 ], [ 129.845723268, 32.811592573 ], [ 129.845674960999986, 32.811430709 ], [ 129.845583648, 32.811447879 ], [ 129.84548368, 32.811510513 ], [ 129.845470204, 32.811786912 ], [ 129.845442932, 32.811801199 ], [ 129.845298194, 32.811885068 ], [ 129.845166051, 32.811961805 ], [ 129.845130364, 32.811976106 ], [ 129.845090438999989, 32.81197977 ], [ 129.845039974, 32.811978132 ], [ 129.844947467999987, 32.81197661 ], [ 129.844836052, 32.811978694 ], [ 129.84471834199999, 32.811982571 ], [ 129.844659521000011, 32.811993392 ], [ 129.844615526000013, 32.812032579 ], [ 129.84458404599999, 32.812046877 ], [ 129.84447696399999, 32.81208447 ], [ 129.844451843, 32.812111178 ], [ 129.844361611000011, 32.812154045 ], [ 129.844313367000012, 32.812182593 ], [ 129.844305018, 32.812196828 ], [ 129.844303058, 32.812234131 ], [ 129.844299193000012, 32.812322941 ], [ 129.844297274000013, 32.812370894 ], [ 129.844310146, 32.812438348 ], [ 129.844325121999987, 32.812505788 ], [ 129.844335825, 32.812553716 ], [ 129.844411575, 32.812571263 ], [ 129.844455804, 32.81259246 ], [ 129.844531775, 32.812639748 ], [ 129.844662459, 32.812734996 ], [ 129.844697551, 32.812768392 ], [ 129.844722792999988, 32.8127924 ], [ 129.84481011299999, 32.812833227 ], [ 129.84483365599999, 32.812851577 ], [ 129.84485729799999, 32.812898251 ], [ 129.844870831, 32.812929371 ], [ 129.844892461, 32.812947148 ], [ 129.845077177, 32.813030199 ], [ 129.845156137, 32.813076721 ], [ 129.845172968000014, 32.813093673 ], [ 129.845201624, 32.813136078 ], [ 129.845220264, 32.813187013 ], [ 129.845228877000011, 32.813246471 ], [ 129.845224043, 32.81332494 ], [ 129.845148741, 32.814202343 ], [ 129.845139802, 32.814483879 ], [ 129.845151738, 32.814524562 ], [ 129.84518040899999, 32.814576399 ], [ 129.845235941, 32.81463148 ], [ 129.84532334, 32.814692137 ], [ 129.84556193200001, 32.814834529 ], [ 129.845515397000014, 32.814905042 ], [ 129.84545558, 32.815031439 ], [ 129.845360505, 32.815360682 ], [ 129.84526230099999, 32.81570384 ], [ 129.845247395, 32.815751324 ], [ 129.845240146, 32.815796235 ], [ 129.84523865599999, 32.815844394 ], [ 129.84524221699999, 32.815898203 ], [ 129.845271348000011, 32.816079797 ], [ 129.845299426999986, 32.81618806 ], [ 129.84530646499999, 32.816273845 ], [ 129.845317240000014, 32.816458637 ], [ 129.845256161, 32.816681475 ], [ 129.845249634, 32.816725193 ], [ 129.845233895, 32.816988243 ], [ 129.84519912799999, 32.817310015 ], [ 129.845195041000011, 32.817357812 ], [ 129.845129762, 32.817361906 ], [ 129.845031619999986, 32.817517608 ], [ 129.84495644399999, 32.817729798 ], [ 129.844887817999989, 32.81786833 ], [ 129.844861237, 32.817992814 ], [ 129.84485232, 32.818120099 ], [ 129.844881794, 32.818089411 ], [ 129.84498326100001, 32.818089122 ], [ 129.84499183, 32.818059782 ], [ 129.84504493099999, 32.818010425 ], [ 129.845059641, 32.817967459 ], [ 129.845083157, 32.817959017 ], [ 129.845276622, 32.817984662 ], [ 129.845276813, 32.818033863 ], [ 129.845199998999988, 32.818043499 ], [ 129.845151777000012, 32.818072949 ], [ 129.84512833799999, 32.818101285 ], [ 129.845115818000011, 32.818150097 ], [ 129.84501893800001, 32.818593745 ], [ 129.845419333, 32.818646532 ], [ 129.845538314, 32.818668252 ], [ 129.84559063, 32.818697506 ], [ 129.84563713599999, 32.818726776 ], [ 129.845683691, 32.818765839 ], [ 129.84570992499999, 32.818800061 ], [ 129.845756782, 32.818919969 ], [ 129.845790021999989, 32.819075417 ], [ 129.845763092, 32.81910691 ], [ 129.845725413999986, 32.819145628 ], [ 129.84572583100001, 32.819165016 ], [ 129.845727751999988, 32.819170313 ], [ 129.84577259400001, 32.819260431 ], [ 129.845915466, 32.819458456 ], [ 129.845913036000013, 32.819580944 ], [ 129.845933424, 32.819602936 ], [ 129.845974076, 32.81961507 ], [ 129.846055274, 32.819614845 ], [ 129.846081364000014, 32.819614773 ], [ 129.846104543, 32.81960736 ], [ 129.846147889, 32.819568048 ], [ 129.846176789999987, 32.819543467 ], [ 129.846205739, 32.819528688 ], [ 129.846243257999987, 32.819482043 ], [ 129.84618773299999, 32.819374415 ], [ 129.84608259800001, 32.819183635 ], [ 129.84619858100001, 32.819178408 ], [ 129.846198394999988, 32.81913038 ], [ 129.8462127, 32.819098651 ], [ 129.846237081, 32.819081694 ], [ 129.846265878, 32.819060972 ], [ 129.846285404000014, 32.819045236 ], [ 129.846290815, 32.819102205 ], [ 129.846280845, 32.819114452 ], [ 129.846269439999986, 32.819128317 ], [ 129.846261344999988, 32.819153237 ], [ 129.846264725999987, 32.819179506 ], [ 129.846268149, 32.819216849 ], [ 129.846279887, 32.819288743 ], [ 129.846289868000014, 32.819328835 ], [ 129.84631305, 32.819393781 ], [ 129.846314834, 32.819432508 ], [ 129.846313313, 32.819461559 ], [ 129.846306868, 32.819490623 ], [ 129.846293893, 32.819521094 ], [ 129.846279208999988, 32.819534968 ], [ 129.84627237399999, 32.819551544 ], [ 129.84628676299999, 32.819604764 ], [ 129.84628686100001, 32.819630058 ], [ 129.846291747, 32.819669985 ], [ 129.846296607999989, 32.819703257 ], [ 129.846299805, 32.819715232 ], [ 129.846306156999987, 32.819728534 ], [ 129.846310913999986, 32.819735176 ], [ 129.846318822, 32.81974181 ], [ 129.84633776699999, 32.819749747 ], [ 129.846381916000013, 32.819752285 ], [ 129.846422940999986, 32.819764156 ], [ 129.84645405, 32.819769319 ], [ 129.846640122999986, 32.819702721 ], [ 129.846691206, 32.819692001 ], [ 129.846717501, 32.819695103 ], [ 129.84683216, 32.819728088 ], [ 129.846932407999986, 32.819916536 ], [ 129.84684432099999, 32.819958019 ], [ 129.84682937299999, 32.81997551 ], [ 129.84680510699999, 32.820013633 ], [ 129.846771587, 32.820083515 ], [ 129.846760499, 32.820129536 ], [ 129.84676250199999, 32.820161247 ], [ 129.84679271600001, 32.820205576 ], [ 129.846800097999989, 32.820211552 ], [ 129.84682484199999, 32.820230376 ], [ 129.846843256, 32.820247279 ], [ 129.846862184, 32.820248191 ], [ 129.846862248, 32.820264667 ], [ 129.846861147, 32.820275329 ], [ 129.84686806799999, 32.820286447 ], [ 129.846877862000014, 32.820297566 ], [ 129.84688707, 32.820306261 ], [ 129.846896843, 32.820312041 ], [ 129.84693356299999, 32.82031533 ], [ 129.846976587, 32.820316672 ], [ 129.846987149, 32.820377188 ], [ 129.847005603000014, 32.820404263 ], [ 129.847018275000011, 32.820416826 ], [ 129.847024048, 32.820426495 ], [ 129.847024893999986, 32.820438053 ], [ 129.847001510000013, 32.82046399 ], [ 129.84698087699999, 32.820521933 ], [ 129.84700322899999, 32.820524387 ], [ 129.847016755, 32.820553288 ], [ 129.847054006, 32.820555701 ], [ 129.847122606, 32.820575639 ], [ 129.847122713, 32.820603323 ], [ 129.847127226999987, 32.820613375 ], [ 129.847133202, 32.820617136 ], [ 129.847143663999987, 32.820627171 ], [ 129.847149667999986, 32.820638481 ], [ 129.8471735, 32.820637153 ], [ 129.847198807000012, 32.820633313 ], [ 129.847227045000011, 32.820616876 ], [ 129.847231506000014, 32.820613085 ], [ 129.847233152, 32.820654608 ], [ 129.847242154000014, 32.820670942 ], [ 129.847266163, 32.820714909 ], [ 129.84726920599999, 32.820731259 ], [ 129.84726799, 32.820802991 ], [ 129.84727136699999, 32.820904901 ], [ 129.847281806000012, 32.820906126 ], [ 129.84728786299999, 32.820931278 ], [ 129.847296840000013, 32.820943833 ], [ 129.847311744, 32.820945054 ], [ 129.847320696999986, 32.820948798 ], [ 129.84734910200001, 32.820975151 ], [ 129.84736404, 32.820985173 ], [ 129.847374503, 32.820992692 ], [ 129.847384936999987, 32.820995179 ], [ 129.84739539, 32.821002698 ], [ 129.84740582399999, 32.821002669 ], [ 129.84744007, 32.820998805 ], [ 129.84746835199999, 32.820993694 ], [ 129.84749666499999, 32.820993616 ], [ 129.847548819, 32.820997241 ], [ 129.847572001, 32.820985137 ], [ 129.847583455, 32.820980957 ], [ 129.847593280000012, 32.82098093 ], [ 129.847599849, 32.820986449 ], [ 129.847603956, 32.821004635 ], [ 129.847618968, 32.821033541 ], [ 129.847641038, 32.821051344 ], [ 129.847655835000012, 32.821066516 ], [ 129.847721420999989, 32.821085704 ], [ 129.847731242, 32.821084288 ], [ 129.847751784, 32.821091049 ], [ 129.847752402999987, 32.821052415 ], [ 129.847816252, 32.821048089 ], [ 129.847845686, 32.821036942 ], [ 129.84785292, 32.821005143 ], [ 129.847998415, 32.821241052 ], [ 129.847920593, 32.82150771 ], [ 129.847835263, 32.821588116 ], [ 129.847817561, 32.821693602 ], [ 129.847831721, 32.821712266 ], [ 129.847814938, 32.82185373 ], [ 129.847820834, 32.82192509 ], [ 129.847845317, 32.821942463 ], [ 129.847877282000013, 32.821953475 ], [ 129.847946836, 32.821973905 ], [ 129.84795840699999, 32.82205158 ], [ 129.848020522000013, 32.822092646 ], [ 129.847984586, 32.822219231 ], [ 129.84796837, 32.822259387 ], [ 129.847952115999988, 32.822289868 ], [ 129.847940795999989, 32.822328631 ], [ 129.847927843, 32.822361843 ], [ 129.847929248000014, 32.82240187 ], [ 129.847952310000011, 32.822416379 ], [ 129.84796925399999, 32.822425845 ], [ 129.848001172000011, 32.822427344 ], [ 129.84805939099999, 32.822430347 ], [ 129.84805613, 32.82255565 ], [ 129.848058388999988, 32.822655562 ], [ 129.848101796, 32.822710946 ], [ 129.848053627000013, 32.822877604 ], [ 129.848031079, 32.822874501 ], [ 129.84801457899999, 32.822976043 ], [ 129.847993183, 32.823271104 ], [ 129.8479663, 32.823599474 ], [ 129.847998042, 32.823599566 ], [ 129.847905731999987, 32.823692779 ], [ 129.84788448899999, 32.823761328 ], [ 129.847848355, 32.823832011 ], [ 129.847814011999986, 32.823937435 ], [ 129.847793653999986, 32.824022061 ], [ 129.847773939, 32.824057755 ], [ 129.847708675, 32.824086189 ], [ 129.847684812000011, 32.824121199 ], [ 129.847687353, 32.824134467 ], [ 129.847694235, 32.824193073 ], [ 129.847688621, 32.824240612 ], [ 129.847669774, 32.824296657 ], [ 129.84761802, 32.824374083 ], [ 129.847536547, 32.824499495 ], [ 129.847481210000012, 32.824567707 ], [ 129.847438184, 32.824599371 ], [ 129.84738671400001, 32.82462379 ], [ 129.847340841, 32.824648491 ], [ 129.847320905, 32.82466871 ], [ 129.847245727, 32.824726723 ], [ 129.847013202999989, 32.824919268 ], [ 129.846999161000014, 32.824933735 ], [ 129.846988325000012, 32.824948645 ], [ 129.846979527, 32.824965803 ], [ 129.846972771999987, 32.824986472 ], [ 129.846968277, 32.825011464 ], [ 129.84696702299999, 32.825029612 ], [ 129.846963668, 32.825043148 ], [ 129.846954469, 32.825069677 ], [ 129.846949211, 32.825082767 ], [ 129.84693773399999, 32.82510868 ], [ 129.846933834999987, 32.825122074 ], [ 129.846931186, 32.825135752 ], [ 129.846927714, 32.825149243 ], [ 129.846922959000011, 32.825162477 ], [ 129.846911428, 32.825188381 ], [ 129.846872553, 32.825293114 ], [ 129.846851374000011, 32.825356505 ], [ 129.847022345, 32.825391471 ], [ 129.846998377, 32.825476459 ], [ 129.846979245, 32.825511195 ], [ 129.846949267000014, 32.825544986 ], [ 129.84684433000001, 32.825657504 ], [ 129.846642581999987, 32.825896026 ], [ 129.847555895, 32.825929836 ], [ 129.848151515000012, 32.825939363 ], [ 129.848518926999986, 32.825974673 ], [ 129.84864078199999, 32.825991279 ], [ 129.84864460899999, 32.825915572 ], [ 129.84866635899999, 32.825645842 ], [ 129.848679120000014, 32.825574268 ], [ 129.84870129399999, 32.825506274 ], [ 129.84892997599999, 32.825208742 ], [ 129.84897326, 32.825142124 ], [ 129.84926694699999, 32.824485707 ], [ 129.849293045, 32.824421661 ], [ 129.849477173, 32.823965538 ], [ 129.849483647, 32.823925021 ], [ 129.849486834, 32.823882565 ], [ 129.849480005, 32.823848632 ], [ 129.849384909, 32.823516382 ], [ 129.849371655999988, 32.823478505 ], [ 129.84956368499999, 32.823425767 ], [ 129.849610762, 32.823419345 ], [ 129.849601696, 32.82338206 ], [ 129.849583024999987, 32.82330528 ], [ 129.849604402000011, 32.823225051 ], [ 129.849617642, 32.82319687 ], [ 129.849552703, 32.823043159 ], [ 129.849478844, 32.823066278 ], [ 129.84942143699999, 32.82298471 ], [ 129.849392378, 32.822905738 ], [ 129.849376275, 32.822797708 ], [ 129.849433576, 32.822793507 ], [ 129.849431391, 32.822654695 ], [ 129.849422651999987, 32.822577563 ], [ 129.84943365699999, 32.822503517 ], [ 129.8493536, 32.822434637 ], [ 129.84929295500001, 32.8223874 ], [ 129.84925843100001, 32.822369663 ], [ 129.84922002799999, 32.822357961 ], [ 129.849167873, 32.822344936 ], [ 129.849087946, 32.822334879 ], [ 129.849087551999986, 32.822354938 ], [ 129.848928357, 32.822383229 ], [ 129.848920017000012, 32.822352616 ], [ 129.848883978, 32.822113996 ], [ 129.848874709, 32.821884806 ], [ 129.848871202999987, 32.821843027 ], [ 129.848847146, 32.82168603 ], [ 129.84880981399999, 32.821561624 ], [ 129.848769155000014, 32.821444298 ], [ 129.848615892, 32.821175208 ], [ 129.84854855399999, 32.82108767 ], [ 129.84831692899999, 32.82087221 ], [ 129.848284954, 32.8208341 ], [ 129.84825977700001, 32.820792137 ], [ 129.848246209, 32.820749728 ], [ 129.848247665, 32.820693128 ], [ 129.848262035, 32.820516626 ], [ 129.848391615999986, 32.820246019 ], [ 129.848424736, 32.820164477 ], [ 129.848444604, 32.820107826 ], [ 129.848454471, 32.820061104 ], [ 129.848449275, 32.82001584 ], [ 129.848430632, 32.819959295 ], [ 129.84840531399999, 32.819908424 ], [ 129.848376833, 32.819862386 ], [ 129.84832305399999, 32.819814425 ], [ 129.848277676, 32.819787408 ], [ 129.848274997, 32.819774123 ], [ 129.848278463000014, 32.819764518 ], [ 129.84829796599999, 32.819740242 ], [ 129.84838178199999, 32.819652941 ], [ 129.848454155000013, 32.819594241 ], [ 129.848450372, 32.819588164 ], [ 129.848442936, 32.819568301 ], [ 129.848439352000014, 32.819547633 ], [ 129.848434888000014, 32.819525867 ], [ 129.84842861199999, 32.819493817 ], [ 129.848420162999986, 32.819430589 ], [ 129.84842201399999, 32.819379462 ], [ 129.848428090999988, 32.819360381 ], [ 129.848440168, 32.819299684 ], [ 129.848444086, 32.819252889 ], [ 129.848469109, 32.81909424 ], [ 129.8484761, 32.819043964 ], [ 129.848480943, 32.819004155 ], [ 129.848488788, 32.818997487 ], [ 129.848553356, 32.818967025 ], [ 129.848569012000013, 32.818944833 ], [ 129.848592429, 32.818897506 ], [ 129.848628967, 32.81885162 ], [ 129.848649880000011, 32.818833102 ], [ 129.84868389499999, 32.818813809 ], [ 129.848743254, 32.818792226 ], [ 129.848749434000013, 32.818736695 ], [ 129.848749313000013, 32.818705737 ], [ 129.848757511, 32.818639045 ], [ 129.848757376, 32.818604516 ], [ 129.848763423, 32.818583199 ] ] ] } },
{ "type": "Feature", "properties": { "A29_001": "42308", "A29_002": "長崎県", "A29_003": "時津町", "A29_004": 5, "A29_005": "第一種住居地域", "A29_006": 60, "A29_007": 200, "A29_008": null }, "geometry": { "type": "Polygon", "coordinates": [ [ [ 129.85022256900001, 32.820912227 ], [ 129.850219661000011, 32.820895056 ], [ 129.850166588, 32.820826181 ], [ 129.850131852, 32.820778718 ], [ 129.850131776000012, 32.820759267 ], [ 129.850134257, 32.820740882 ], [ 129.850144443, 32.820726803 ], [ 129.850154624, 32.820713807 ], [ 129.850215897, 32.820673642 ], [ 129.850330727999989, 32.820589012 ], [ 129.850340757, 32.820534949 ], [ 129.850377723, 32.820500253 ], [ 129.85044654, 32.820425483 ], [ 129.850493586, 32.820349692 ], [ 129.85051133499999, 32.820308565 ], [ 129.85052904299999, 32.820251523 ], [ 129.850508848, 32.820213723 ], [ 129.850316084000013, 32.819979067 ], [ 129.850197357000013, 32.81998233 ], [ 129.850176068, 32.819997612 ], [ 129.849879692, 32.820077076 ], [ 129.84979557299999, 32.820114014 ], [ 129.849755313, 32.820142172 ], [ 129.849742365, 32.820154887 ], [ 129.84972084099999, 32.820161864 ], [ 129.849684983, 32.820174093 ], [ 129.849572303, 32.820215998 ], [ 129.849474961999988, 32.820242269 ], [ 129.84946062099999, 32.820248378 ], [ 129.849429856, 32.820251927 ], [ 129.849203120999988, 32.82024649 ], [ 129.84913735, 32.820218078 ], [ 129.849113711, 32.820206015 ], [ 129.849099302000013, 32.820194792 ], [ 129.849078717999987, 32.820177517 ], [ 129.84896435499999, 32.82005393 ], [ 129.848923137000014, 32.820006386 ], [ 129.848910735, 32.819983885 ], [ 129.848904553000011, 32.81997611 ], [ 129.848887061999989, 32.819963155 ], [ 129.848849019, 32.819938147 ], [ 129.848769842, 32.819889842 ], [ 129.848709146, 32.819848412 ], [ 129.848682408, 32.819830297 ], [ 129.84862372, 32.819775001 ], [ 129.848490844999986, 32.819639327 ], [ 129.84845476699999, 32.819595231 ], [ 129.848454155000013, 32.819594241 ], [ 129.84838178199999, 32.819652941 ], [ 129.84829796599999, 32.819740242 ], [ 129.848278463000014, 32.819764518 ], [ 129.848274997, 32.819774123 ], [ 129.848277676, 32.819787408 ], [ 129.84832305399999, 32.819814425 ], [ 129.848376833, 32.819862386 ], [ 129.84840531399999, 32.819908424 ], [ 129.848430632, 32.819959295 ], [ 129.848449275, 32.82001584 ], [ 129.848454471, 32.820061104 ], [ 129.848444604, 32.820107826 ], [ 129.848424736, 32.820164477 ], [ 129.848391615999986, 32.820246019 ], [ 129.848262035, 32.820516626 ], [ 129.848247665, 32.820693128 ], [ 129.848246209, 32.820749728 ], [ 129.84825977700001, 32.820792137 ], [ 129.848284954, 32.8208341 ], [ 129.84831692899999, 32.82087221 ], [ 129.84854855399999, 32.82108767 ], [ 129.848615892, 32.821175208 ], [ 129.848769155000014, 32.821444298 ], [ 129.84880981399999, 32.821561624 ], [ 129.848847146, 32.82168603 ], [ 129.848871202999987, 32.821843027 ], [ 129.848874709, 32.821884806 ], [ 129.848883978, 32.822113996 ], [ 129.848920017000012, 32.822352616 ], [ 129.848928357, 32.822383229 ], [ 129.849087551999986, 32.822354938 ], [ 129.849087946, 32.822334879 ], [ 129.849167873, 32.822344936 ], [ 129.84922002799999, 32.822357961 ], [ 129.84925843100001, 32.822369663 ], [ 129.84929295500001, 32.8223874 ], [ 129.8493536, 32.822434637 ], [ 129.84943365699999, 32.822503517 ], [ 129.849422651999987, 32.822577563 ], [ 129.849431391, 32.822654695 ], [ 129.849433576, 32.822793507 ], [ 129.849376275, 32.822797708 ], [ 129.849392378, 32.822905738 ], [ 129.84942143699999, 32.82298471 ], [ 129.849478844, 32.823066278 ], [ 129.849552703, 32.823043159 ], [ 129.849617642, 32.82319687 ], [ 129.849604402000011, 32.823225051 ], [ 129.849583024999987, 32.82330528 ], [ 129.849610762, 32.823419345 ], [ 129.84956368499999, 32.823425767 ], [ 129.849371655999988, 32.823478505 ], [ 129.849384909, 32.823516382 ], [ 129.849480005, 32.823848632 ], [ 129.849486834, 32.823882565 ], [ 129.849483647, 32.823925021 ], [ 129.849477173, 32.823965538 ], [ 129.849293045, 32.824421661 ], [ 129.84926694699999, 32.824485707 ], [ 129.84897326, 32.825142124 ], [ 129.84892997599999, 32.825208742 ], [ 129.84870129399999, 32.825506274 ], [ 129.848679120000014, 32.825574268 ], [ 129.84866635899999, 32.825645842 ], [ 129.84864460899999, 32.825915572 ], [ 129.84864078199999, 32.825991279 ], [ 129.848632514, 32.826155012 ], [ 129.84860740100001, 32.826247253 ], [ 129.84867060799999, 32.826561196 ], [ 129.848626115, 32.82667389 ], [ 129.848332117000012, 32.827281141 ], [ 129.84831997500001, 32.827306226 ], [ 129.848169012999989, 32.828231445 ], [ 129.848200831000014, 32.828234161 ], [ 129.848483433000013, 32.82826335 ], [ 129.84855302299999, 32.828267214 ], [ 129.849083482999987, 32.828325705 ], [ 129.84914079, 32.828329341 ], [ 129.849158163, 32.82795975 ], [ 129.849176215999989, 32.827463601 ], [ 129.849180752, 32.827339927 ], [ 129.849329274000013, 32.826891217 ], [ 129.849350574999988, 32.826782853 ], [ 129.84934634199999, 32.82655557 ], [ 129.849335306, 32.826306645 ], [ 129.849329976, 32.826224777 ], [ 129.849328101, 32.826173958 ], [ 129.84933633599999, 32.826141471 ], [ 129.849361254, 32.826103283 ], [ 129.849389597999988, 32.826086259 ], [ 129.84945632099999, 32.826056431 ], [ 129.84953642, 32.826025141 ], [ 129.849581424, 32.825996781 ], [ 129.84962091700001, 32.825946657 ], [ 129.849904758, 32.825879511 ], [ 129.85009357199999, 32.825871922 ], [ 129.85035678599999, 32.82586701 ], [ 129.850597228, 32.82581269 ], [ 129.850931064, 32.825712928 ], [ 129.851145365, 32.825649256 ], [ 129.85167267, 32.825450131 ], [ 129.85174541, 32.82541629 ], [ 129.851800419, 32.825382256 ], [ 129.851854851000013, 32.825334263 ], [ 129.851888968999987, 32.825292108 ], [ 129.851926324, 32.825242017 ], [ 129.851979871, 32.825132363 ], [ 129.85197958099999, 32.825058958 ], [ 129.851998622, 32.82480654 ], [ 129.851993306999987, 32.824731734 ], [ 129.851989702999987, 32.82466539 ], [ 129.85199615499999, 32.82460608 ], [ 129.852080081, 32.824289101 ], [ 129.852066573, 32.824265431 ], [ 129.851957793, 32.824224796 ], [ 129.851825878999989, 32.824146116 ], [ 129.85178893599999, 32.824121998 ], [ 129.851741202, 32.824102184 ], [ 129.85165723599999, 32.824100085 ], [ 129.851655859, 32.824078626 ], [ 129.85164885, 32.824080621 ], [ 129.851604646, 32.824100232 ], [ 129.851530908, 32.824119143 ], [ 129.85148940799999, 32.82412549 ], [ 129.851378700999987, 32.824129697 ], [ 129.851328875, 32.824129061 ], [ 129.851284566, 32.82412217 ], [ 129.85113126600001, 32.824088314 ], [ 129.851119226, 32.824076651 ], [ 129.851109967000014, 32.824068886 ], [ 129.851096969, 32.824047099 ], [ 129.851071115, 32.823990936 ], [ 129.85105700299999, 32.823954679 ], [ 129.85103894299999, 32.823897737 ], [ 129.851029473000011, 32.823879728 ], [ 129.851015194000013, 32.82386092 ], [ 129.850973143, 32.82382218 ], [ 129.850937388, 32.823792964 ], [ 129.850903678, 32.823746255 ], [ 129.850887198, 32.823697245 ], [ 129.850886341, 32.823661166 ], [ 129.850897804, 32.823610364 ], [ 129.850910938, 32.823582642 ], [ 129.850927614999989, 32.823559239 ], [ 129.850956786000012, 32.823535621 ], [ 129.85097207199999, 32.823511771 ], [ 129.850988194, 32.823456085 ], [ 129.85098982, 32.823435069 ], [ 129.85098305, 32.823397484 ], [ 129.850961025, 32.823320858 ], [ 129.850944916, 32.823287483 ], [ 129.850914439, 32.823250595 ], [ 129.850884866, 32.82322633 ], [ 129.850845262, 32.823204257 ], [ 129.850796212, 32.82319709 ], [ 129.850776556999989, 32.823196423 ], [ 129.85075435600001, 32.823200002 ], [ 129.850656414000014, 32.823226068 ], [ 129.850565963, 32.823256125 ], [ 129.850509321, 32.823273959 ], [ 129.85048425, 32.823280928 ], [ 129.850433979, 32.823289455 ], [ 129.850352781999987, 32.823296356 ], [ 129.850305205000012, 32.82329721 ], [ 129.85028703899999, 32.823294916 ], [ 129.850261265, 32.82328588 ], [ 129.850164258, 32.823223838 ], [ 129.850143787, 32.823205589 ], [ 129.85013326699999, 32.823192092 ], [ 129.850130302999986, 32.823179845 ], [ 129.850130334999989, 32.823179656 ], [ 129.850133494, 32.823168194 ], [ 129.85015982499999, 32.823128352 ], [ 129.850197503, 32.823068007 ], [ 129.850209094, 32.823025365 ], [ 129.850206361, 32.822984838 ], [ 129.850202948, 32.822958605 ], [ 129.85018223, 32.822834009 ], [ 129.850181649, 32.822786586 ], [ 129.850188532, 32.822765988 ], [ 129.850196576, 32.822747353 ], [ 129.850211067, 32.822727906 ], [ 129.850235258999987, 32.822700865 ], [ 129.850265509, 32.82268022 ], [ 129.850300048, 32.822663711 ], [ 129.85033310599999, 32.822650588 ], [ 129.85036185300001, 32.822627917 ], [ 129.85038757, 32.82259493 ], [ 129.850399579, 32.822552513 ], [ 129.850401204, 32.822520305 ], [ 129.850392914, 32.822487062 ], [ 129.850379210999989, 32.822451741 ], [ 129.85033055, 32.822380366 ], [ 129.850338392999987, 32.822310546 ], [ 129.85034126799999, 32.822281229 ], [ 129.850345018000013, 32.822257141 ], [ 129.85035177899999, 32.822238095 ], [ 129.850362872, 32.822226404 ], [ 129.850374, 32.822209825 ], [ 129.850391695000013, 32.822201064 ], [ 129.85040691, 32.822189064 ], [ 129.850452162000011, 32.822153993 ], [ 129.850526957, 32.822094626 ], [ 129.85055649899999, 32.82207033 ], [ 129.850617652000011, 32.8220045 ], [ 129.850629395999988, 32.821984628 ], [ 129.85064924400001, 32.82197477 ], [ 129.850682737, 32.821966722 ], [ 129.850721714, 32.821959886 ], [ 129.850752972, 32.821950826 ], [ 129.850781971, 32.821938029 ], [ 129.850805501, 32.821922092 ], [ 129.85082004099999, 32.821909697 ], [ 129.850839353999987, 32.821891336 ], [ 129.85084679900001, 32.82188356 ], [ 129.850855461, 32.821861803 ], [ 129.850856571, 32.821848083 ], [ 129.850852981, 32.821820661 ], [ 129.850848234000011, 32.821792259 ], [ 129.850837807, 32.821650113 ], [ 129.850828726, 32.821616628 ], [ 129.850818385999986, 32.821591804 ], [ 129.85080418699999, 32.821560497 ], [ 129.850775881, 32.821521665 ], [ 129.850742520000011, 32.821497978 ], [ 129.850705326, 32.821477548 ], [ 129.850647998, 32.821456544 ], [ 129.850607497999988, 32.821439785 ], [ 129.85058270499999, 32.821425128 ], [ 129.850571484999989, 32.821412715 ], [ 129.85056806599999, 32.821404248 ], [ 129.850566793000013, 32.821379209 ], [ 129.850567657, 32.821367925 ], [ 129.850568713, 32.821354071 ], [ 129.85056914, 32.821348479 ], [ 129.850571846, 32.821325034 ], [ 129.850573090000012, 32.821288327 ], [ 129.850569255000011, 32.821263629 ], [ 129.85056041199999, 32.821241921 ], [ 129.850537745999986, 32.821208618 ], [ 129.850472282, 32.821155416 ], [ 129.850439619000014, 32.821146174 ], [ 129.850418831000013, 32.82114249 ], [ 129.85030485499999, 32.821137308 ], [ 129.850283168, 32.821135475 ], [ 129.850265524, 32.821130023 ], [ 129.850251071, 32.821121136 ], [ 129.85023681199999, 32.821107198 ], [ 129.850222253, 32.821071257 ], [ 129.850216888, 32.821037636 ], [ 129.850216354999986, 32.821010674 ], [ 129.850220220000011, 32.820988587 ], [ 129.85022209600001, 32.820976868 ], [ 129.850226657, 32.820955294 ], [ 129.850226588, 32.820937664 ], [ 129.85022256900001, 32.820912227 ] ] ] } },
{ "type": "Feature", "properties": { "A29_001": "42308", "A29_002": "長崎県", "A29_003": "時津町", "A29_004": 11, "A29_005": "工業地域", "A29_006": 60, "A29_007": 200, "A29_008": null }, "geometry": { "type": "Polygon", "coordinates": [ [ [ 129.82973001900001, 32.850848007 ], [ 129.83014437, 32.85123081 ], [ 129.830558725, 32.851613611 ], [ 129.830692895999988, 32.851737564 ], [ 129.83087648899999, 32.851610307 ], [ 129.832039748999989, 32.850800978 ], [ 129.832731181000014, 32.850326066 ], [ 129.832171418, 32.849867365 ], [ 129.831477022, 32.84929799 ], [ 129.829608912, 32.850735076 ], [ 129.82973001900001, 32.850848007 ] ] ] } },
{ "type": "Feature", "properties": { "A29_001": "42308", "A29_002": "長崎県", "A29_003": "時津町", "A29_004": 5, "A29_005": "第一種住居地域", "A29_006": 60, "A29_007": 200, "A29_008": null }, "geometry": { "type": "Polygon", "coordinates": [ [ [ 129.82575515, 32.852930827 ], [ 129.82453421400001, 32.853876104 ], [ 129.82453171099999, 32.854242759 ], [ 129.82452988899999, 32.854631243 ], [ 129.824525333999986, 32.854709629 ], [ 129.824530661000011, 32.854711409 ], [ 129.824768771, 32.854956167 ], [ 129.82477674399999, 32.854950861 ], [ 129.824798718000011, 32.854973683 ], [ 129.82479248300001, 32.854977811 ], [ 129.825174882, 32.85537435 ], [ 129.82518778799999, 32.855368257 ], [ 129.825215136999986, 32.855391217 ], [ 129.825205122999989, 32.855398507 ], [ 129.825274271000012, 32.855467406 ], [ 129.825301284, 32.855484968 ], [ 129.826284156000014, 32.854803178 ], [ 129.82713963399999, 32.854206881 ], [ 129.82575515, 32.852930827 ] ] ] } },
{ "type": "Feature", "properties": { "A29_001": "42308", "A29_002": "長崎県", "A29_003": "時津町", "A29_004": 7, "A29_005": "準住居地域", "A29_006": 60, "A29_007": 200, "A29_008": null }, "geometry": { "type": "Polygon", "coordinates": [ [ [ 129.82469798599999, 32.851893158 ], [ 129.82403846599999, 32.852424304 ], [ 129.823992874999988, 32.852517504 ], [ 129.824435302000012, 32.852919734 ], [ 129.82358349399999, 32.853591865 ], [ 129.82453437699999, 32.853648352 ], [ 129.824534860999989, 32.853781363 ], [ 129.82453421400001, 32.853876104 ], [ 129.82575515, 32.852930827 ], [ 129.82713963399999, 32.854206881 ], [ 129.82767579099999, 32.853833155 ], [ 129.830692895999988, 32.851737564 ], [ 129.830558725, 32.851613611 ], [ 129.83014437, 32.85123081 ], [ 129.82973001900001, 32.850848007 ], [ 129.829608912, 32.850735076 ], [ 129.831477022, 32.84929799 ], [ 129.831406135, 32.849239868 ], [ 129.830290553, 32.848331602 ], [ 129.829966729, 32.848247076 ], [ 129.829893145999989, 32.848222056 ], [ 129.82954205199999, 32.848300561 ], [ 129.829519115000011, 32.848306438 ], [ 129.829400462, 32.84851619 ], [ 129.829352496000013, 32.848586132 ], [ 129.82925427, 32.8487299 ], [ 129.829199472999989, 32.848801781 ], [ 129.829158304, 32.848846492 ], [ 129.829087369, 32.848916494 ], [ 129.82899123199999, 32.849004022 ], [ 129.828842441, 32.849136281 ], [ 129.828487459, 32.849404835 ], [ 129.82821954799999, 32.849618864 ], [ 129.82685004699999, 32.850667741 ], [ 129.826254105, 32.851125878 ], [ 129.826106863, 32.85098552 ], [ 129.825984979999987, 32.850864503 ], [ 129.82587836, 32.850710233 ], [ 129.825774432, 32.850541338 ], [ 129.825695845000013, 32.850418801 ], [ 129.825329055, 32.849823884 ], [ 129.82486023199999, 32.850064174 ], [ 129.824832117, 32.850000861 ], [ 129.824671798, 32.850149791 ], [ 129.824532981, 32.85030955 ], [ 129.82433416, 32.850485742 ], [ 129.823978874, 32.850693135 ], [ 129.823850467, 32.850769533 ], [ 129.823775450999989, 32.850802831 ], [ 129.824048137, 32.851184418 ], [ 129.82430423299999, 32.851521743 ], [ 129.824419293, 32.851647108 ], [ 129.82469798599999, 32.851893158 ] ] ] } }
]
}
