{
"type": "FeatureCollection",
"name": "A29-19_27218",
"features": [
{ "type": "Feature", "properties": { "A29_001": "27218", "A29_002": "大阪府", "A29_003": "大東市", "A29_004": 4, "A29_005": "第二種中高層住居専用地域", "A29_006": 60, "A29_007": 200, "A29_008": "条件付き公開" }, "geometry": { "type": "Polygon", "coordinates": [ [ [ 135.614138598000011, 34.697415708 ], [ 135.614674685000011, 34.69744069 ], [ 135.615235949, 34.697469311 ], [ 135.616138412999987, 34.697509984 ], [ 135.61695790600001, 34.697549362 ], [ 135.617006922, 34.697548092 ], [ 135.617011893000011, 34.69743092 ], [ 135.618000024999986, 34.697477943 ], [ 135.618587393000013, 34.697503222 ], [ 135.618586830999988, 34.697513885 ], [ 135.61883804499999, 34.697385737 ], [ 135.61884749399999, 34.697250928 ], [ 135.61887740200001, 34.696736673 ], [ 135.61886671900001, 34.696450337 ], [ 135.618841129, 34.69626799 ], [ 135.618807405000013, 34.696062601 ], [ 135.618747875999986, 34.695781098 ], [ 135.618625990999988, 34.695827911 ], [ 135.618410575000013, 34.695912709 ], [ 135.618120756, 34.69603639 ], [ 135.61794687599999, 34.696108236 ], [ 135.617810789, 34.696152615 ], [ 135.617715927, 34.696178461 ], [ 135.617608647, 34.696198679 ], [ 135.61746119, 34.696220934 ], [ 135.61726210399999, 34.696243307 ], [ 135.617079494, 34.696267074 ], [ 135.616970982999987, 34.696293778 ], [ 135.616888773, 34.696321467 ], [ 135.61681571, 34.696353962 ], [ 135.616666689, 34.696433728 ], [ 135.616316589, 34.696610224 ], [ 135.616242198, 34.696646501 ], [ 135.616176809, 34.696671726 ], [ 135.615926288, 34.696746213 ], [ 135.615716109, 34.696809107 ], [ 135.615652151, 34.696831443 ], [ 135.615481292999988, 34.696909787 ], [ 135.61540220099999, 34.696947671 ], [ 135.61532510699999, 34.696978259 ], [ 135.61519068199999, 34.697014346 ], [ 135.615016406, 34.69705284 ], [ 135.614867086, 34.697078512 ], [ 135.614510919, 34.697149687 ], [ 135.61428333399999, 34.697197018 ], [ 135.6141586, 34.697214653 ], [ 135.61409709099999, 34.697226809 ], [ 135.61402464, 34.69724928 ], [ 135.61379426799999, 34.697250236 ], [ 135.613597558, 34.697364221 ], [ 135.613541411999989, 34.697384886 ], [ 135.613600381, 34.697454408 ], [ 135.61366998, 34.697510162 ], [ 135.613803064, 34.697433865 ], [ 135.613914701, 34.697390397 ], [ 135.614012288, 34.697342475 ], [ 135.614110554, 34.697312766 ], [ 135.614150489, 34.697292428 ], [ 135.614138598000011, 34.697415708 ] ] ] } },
{ "type": "Feature", "properties": { "A29_001": "27218", "A29_002": "大阪府", "A29_003": "大東市", "A29_004": 3, "A29_005": "第一種中高層住居専用地域", "A29_006": 60, "A29_007": 200, "A29_008": "条件付き公開" }, "geometry": { "type": "Polygon", "coordinates": [ [ [ 135.620338651, 34.717993261 ], [ 135.620543263, 34.718923443 ], [ 135.62058403899999, 34.718984062 ], [ 135.620607876, 34.719023892 ], [ 135.620881894, 34.719508405 ], [ 135.62102629099999, 34.719758932 ], [ 135.621266865, 34.719748862 ], [ 135.621622003999988, 34.719731755 ], [ 135.621735363, 34.719725707 ], [ 135.622070745, 34.719707455 ], [ 135.622504479000014, 34.719693925 ], [ 135.622933870999987, 34.719698771 ], [ 135.623454465, 34.719720034 ], [ 135.623913750000014, 34.719754087 ], [ 135.624098980000014, 34.719765657 ], [ 135.624339767, 34.719781094 ], [ 135.625953759, 34.719889553 ], [ 135.626223369, 34.719905346 ], [ 135.62648115499999, 34.719904153 ], [ 135.62668131, 34.719898997 ], [ 135.626727187, 34.71989445 ], [ 135.62689320199999, 34.719857365 ], [ 135.627336176999989, 34.719730887 ], [ 135.627475866999987, 34.719696336 ], [ 135.628418102000012, 34.719454183 ], [ 135.62927942799999, 34.719236569 ], [ 135.629272028, 34.719182005 ], [ 135.629232565, 34.718972915 ], [ 135.629215041, 34.718887218 ], [ 135.629201607, 34.718790536 ], [ 135.62918474599999, 34.718703218 ], [ 135.629173802999986, 34.718659823 ], [ 135.62916365699999, 34.718633648 ], [ 135.62911487, 34.718507649 ], [ 135.629003727999986, 34.718237759 ], [ 135.62899314399999, 34.718212034 ], [ 135.628959216, 34.718132508 ], [ 135.628406423, 34.716793164 ], [ 135.629130744, 34.716786266 ], [ 135.629444267999986, 34.717577753 ], [ 135.629605575999989, 34.71795823 ], [ 135.629658995, 34.718074056 ], [ 135.629709238, 34.718192036 ], [ 135.629780735, 34.718391667 ], [ 135.629839112000013, 34.718570884 ], [ 135.629896825, 34.718825735 ], [ 135.629936393, 34.719060788 ], [ 135.63003195600001, 34.719029706 ], [ 135.630250095, 34.718981867 ], [ 135.630463853, 34.718961781 ], [ 135.630622819, 34.718962263 ], [ 135.630791066, 34.718987024 ], [ 135.630968128, 34.719043003 ], [ 135.631225468999986, 34.719141325 ], [ 135.63204487199999, 34.719487548 ], [ 135.632612665000011, 34.719723924 ], [ 135.63242109, 34.718999345 ], [ 135.632399929, 34.71892076 ], [ 135.632307572, 34.718597831 ], [ 135.632232292999987, 34.718313989 ], [ 135.632199523999986, 34.71819408 ], [ 135.632170644000013, 34.718108079 ], [ 135.63215200499999, 34.718051858 ], [ 135.631806962000013, 34.716803218 ], [ 135.632158194, 34.716802115 ], [ 135.632049380000012, 34.716374832 ], [ 135.631921322000011, 34.715855626 ], [ 135.631881103000012, 34.715692512 ], [ 135.631693903000013, 34.714969657 ], [ 135.631644091999988, 34.714680212 ], [ 135.631507911999989, 34.71417189 ], [ 135.63141262100001, 34.713798557 ], [ 135.63132915700001, 34.713466369 ], [ 135.631096695, 34.71246517 ], [ 135.630969402, 34.711776391 ], [ 135.630761374, 34.71085532 ], [ 135.630739465, 34.710749326 ], [ 135.629414902, 34.710773071 ], [ 135.629423548, 34.710817091 ], [ 135.629431043000011, 34.711339629 ], [ 135.62944398499999, 34.711791234 ], [ 135.628905022999987, 34.71178689 ], [ 135.628152113, 34.71177603 ], [ 135.627624274999988, 34.711774057 ], [ 135.627589653, 34.711436426 ], [ 135.627379351, 34.711420458 ], [ 135.626837748000014, 34.711396893 ], [ 135.62639617100001, 34.711416365 ], [ 135.626014797000011, 34.711424751 ], [ 135.625964208999989, 34.711434062 ], [ 135.62572698, 34.711458125 ], [ 135.625683286999987, 34.71146349 ], [ 135.625729107000012, 34.711616076 ], [ 135.625800284, 34.711859071 ], [ 135.625844862, 34.711996688 ], [ 135.62577212299999, 34.712003316 ], [ 135.625568926999989, 34.711960772 ], [ 135.625396368, 34.711927246 ], [ 135.625293054999986, 34.711911062 ], [ 135.625211881000013, 34.711899904 ], [ 135.625124797000012, 34.711892243 ], [ 135.625009753, 34.711887021 ], [ 135.624769157, 34.711882675 ], [ 135.624791858, 34.712077561 ], [ 135.624819831, 34.712289592 ], [ 135.624833695, 34.712386637 ], [ 135.624867048999988, 34.712640064 ], [ 135.62487962, 34.712757479 ], [ 135.62489917100001, 34.712803877 ], [ 135.624930634, 34.713065051 ], [ 135.624977602, 34.713446894 ], [ 135.624488496999987, 34.713230738 ], [ 135.624301347, 34.71313992 ], [ 135.624054273000013, 34.713022233 ], [ 135.623862851000013, 34.712934826 ], [ 135.62375323, 34.712888962 ], [ 135.62368989399999, 34.712868392 ], [ 135.62358093899999, 34.712844166 ], [ 135.62350279399999, 34.712839146 ], [ 135.623382203, 34.712829127 ], [ 135.62315148, 34.71288593 ], [ 135.623051581999988, 34.712742552 ], [ 135.62296932699999, 34.712608693 ], [ 135.622942552000012, 34.71256669 ], [ 135.622845129000012, 34.712383202 ], [ 135.622769946, 34.712230885 ], [ 135.622687265, 34.712046811 ], [ 135.622589379, 34.711797421 ], [ 135.62254427, 34.711681707 ], [ 135.622415436000011, 34.71127599 ], [ 135.622326127, 34.711013283 ], [ 135.621653302999988, 34.711325733 ], [ 135.621432929, 34.711436024 ], [ 135.621181506999989, 34.711555955 ], [ 135.62106034199999, 34.711576313 ], [ 135.620430082000013, 34.711626819 ], [ 135.619932634, 34.711664213 ], [ 135.619584303000011, 34.711680255 ], [ 135.619209769, 34.711696484 ], [ 135.619234010000014, 34.712148036 ], [ 135.619239056999987, 34.712237842 ], [ 135.619253828000012, 34.712302166 ], [ 135.619254184999988, 34.712486435 ], [ 135.619241824999989, 34.712658134 ], [ 135.619240526, 34.712751076 ], [ 135.619251061999989, 34.712905717 ], [ 135.619254186, 34.712986412 ], [ 135.619254563999988, 34.713070795 ], [ 135.619261749, 34.713194234 ], [ 135.619278646999987, 34.713390004 ], [ 135.619285272000013, 34.713469087 ], [ 135.61947637899999, 34.713457694 ], [ 135.619679850000011, 34.713440389 ], [ 135.619862559000012, 34.713426986 ], [ 135.620123202, 34.713417251 ], [ 135.62031499599999, 34.713422627 ], [ 135.62063287699999, 34.713430198 ], [ 135.62063115, 34.713640966 ], [ 135.620637216, 34.713842743 ], [ 135.620658722, 34.71391466 ], [ 135.62067694800001, 34.713963849 ], [ 135.62072758, 34.714017286 ], [ 135.620789325, 34.714075535 ], [ 135.62083493899999, 34.714104165 ], [ 135.620917028, 34.714058533 ], [ 135.62102722899999, 34.714001179 ], [ 135.621148432000012, 34.713949089 ], [ 135.621256097000014, 34.713968986 ], [ 135.621385901999986, 34.71399373 ], [ 135.62145067899999, 34.714009798 ], [ 135.62155519800001, 34.714049158 ], [ 135.62164085500001, 34.71405916 ], [ 135.62175446, 34.714069249 ], [ 135.621859140999987, 34.71407318 ], [ 135.621990482, 34.714072416 ], [ 135.622132195, 34.714071593 ], [ 135.622342616, 34.714062419 ], [ 135.62227957799999, 34.714144261 ], [ 135.622006543, 34.714477514 ], [ 135.621813736, 34.714718159 ], [ 135.621447383, 34.71516435 ], [ 135.621716322999987, 34.715323671 ], [ 135.62197348, 34.715481512 ], [ 135.622116619, 34.715551643 ], [ 135.622207836, 34.715611696 ], [ 135.622357918, 34.715715834 ], [ 135.62243780899999, 34.715769812 ], [ 135.622360351, 34.715829162 ], [ 135.622289599, 34.715878255 ], [ 135.62224544899999, 34.715911654 ], [ 135.622161973, 34.71597369 ], [ 135.62210720600001, 34.716013006 ], [ 135.62196369599999, 34.71609613 ], [ 135.621894126, 34.716125214 ], [ 135.621752253000011, 34.716184543 ], [ 135.621736742, 34.716353979 ], [ 135.621721173, 34.716512416 ], [ 135.621702492999987, 34.716730523 ], [ 135.621759612, 34.716822203 ], [ 135.621773929999989, 34.716938723 ], [ 135.621701062, 34.716924703 ], [ 135.621510247, 34.716894451 ], [ 135.621325984, 34.716839878 ], [ 135.620987214, 34.716741642 ], [ 135.620651976, 34.716635303 ], [ 135.620328282, 34.716535399 ], [ 135.620229189000014, 34.716693665 ], [ 135.620107064, 34.716922538 ], [ 135.620131418999989, 34.71708777 ], [ 135.62019641099999, 34.717391601 ], [ 135.620241262, 34.717587368 ], [ 135.62028760199999, 34.717791795 ], [ 135.620338651, 34.717993261 ] ] ] } },
{ "type": "Feature", "properties": { "A29_001": "27218", "A29_002": "大阪府", "A29_003": "大東市", "A29_004": 1, "A29_005": "第一種低層住居専用地域", "A29_006": 60, "A29_007": 150, "A29_008": "条件付き公開" }, "geometry": { "type": "Polygon", "coordinates": [ [ [ 135.631921322000011, 34.715855626 ], [ 135.63252383299999, 34.715864387 ], [ 135.633043377, 34.715871452 ], [ 135.63371769599999, 34.715887094 ], [ 135.635037501999989, 34.715896013 ], [ 135.635946988, 34.715912076 ], [ 135.636211199, 34.715911693 ], [ 135.636096325000011, 34.715517391 ], [ 135.63595675900001, 34.715027815 ], [ 135.635894165, 34.714811716 ], [ 135.635769046, 34.714389345 ], [ 135.635691998, 34.714108565 ], [ 135.63561669399999, 34.713853483 ], [ 135.634993341000012, 34.713845668 ], [ 135.634378174, 34.713838324 ], [ 135.63365591199999, 34.713829934 ], [ 135.632921208999988, 34.71382015 ], [ 135.632354291000013, 34.713814294 ], [ 135.63141262100001, 34.713798557 ], [ 135.631507911999989, 34.71417189 ], [ 135.631644091999988, 34.714680212 ], [ 135.631693903000013, 34.714969657 ], [ 135.631881103000012, 34.715692512 ], [ 135.631921322000011, 34.715855626 ] ] ] } },
{ "type": "Feature", "properties": { "A29_001": "27218", "A29_002": "大阪府", "A29_003": "大東市", "A29_004": 3, "A29_005": "第一種中高層住居専用地域", "A29_006": 60, "A29_007": 200, "A29_008": "条件付き公開" }, "geometry": { "type": "Polygon", "coordinates": [ [ [ 135.60482636399999, 34.706629007 ], [ 135.604673279999986, 34.706521681 ], [ 135.60458437599999, 34.706462074 ], [ 135.60450405899999, 34.706410066 ], [ 135.60447216899999, 34.70639022 ], [ 135.604414263, 34.706354422 ], [ 135.604361038, 34.706321524 ], [ 135.60429212299999, 34.706282446 ], [ 135.604225058999987, 34.706244455 ], [ 135.604180625, 34.706222313 ], [ 135.604133467999986, 34.706199082 ], [ 135.604093385999988, 34.706179929 ], [ 135.604009948, 34.706141795 ], [ 135.603989578000011, 34.706132624 ], [ 135.603959618, 34.706119995 ], [ 135.60392824199999, 34.706106641 ], [ 135.603870390999987, 34.706082563 ], [ 135.603827679, 34.706065656 ], [ 135.60380555899999, 34.70605729 ], [ 135.603735056, 34.706030647 ], [ 135.60368993899999, 34.706014543 ], [ 135.603644602, 34.70599871 ], [ 135.60356808899999, 34.705973579 ], [ 135.603443172, 34.705934768 ], [ 135.603291071, 34.7058965 ], [ 135.603216819000011, 34.705877777 ], [ 135.603150964, 34.705861065 ], [ 135.603001342, 34.705829476 ], [ 135.602899675, 34.705813909 ], [ 135.602795173, 34.705797882 ], [ 135.602754804, 34.705793243 ], [ 135.602781912000012, 34.705991393 ], [ 135.602819665999988, 34.706086355 ], [ 135.602847508999986, 34.706176506 ], [ 135.60292456799999, 34.706384375 ], [ 135.60270168, 34.706401589 ], [ 135.60203928199999, 34.706444502 ], [ 135.601346072000013, 34.706492721 ], [ 135.601360948, 34.706759616 ], [ 135.601385591, 34.707061342 ], [ 135.601388496999988, 34.70713825 ], [ 135.60144930300001, 34.707980279 ], [ 135.601460027, 34.708202716 ], [ 135.601508849, 34.708197557 ], [ 135.602752565, 34.70820279 ], [ 135.603171777, 34.70820064 ], [ 135.60379036399999, 34.708167945 ], [ 135.60416827099999, 34.708151413 ], [ 135.60427561, 34.708145451 ], [ 135.604701885, 34.708127272 ], [ 135.605246634999986, 34.708102804 ], [ 135.605732431, 34.708079315 ], [ 135.606201133000013, 34.708046123 ], [ 135.606529400999989, 34.708022302 ], [ 135.606612179, 34.708016078 ], [ 135.60551088299999, 34.707169516 ], [ 135.605030250999988, 34.706796808 ], [ 135.60482636399999, 34.706629007 ] ] ] } },
{ "type": "Feature", "properties": { "A29_001": "27218", "A29_002": "大阪府", "A29_003": "大東市", "A29_004": 3, "A29_005": "第一種中高層住居専用地域", "A29_006": 60, "A29_007": 200, "A29_008": "条件付き公開" }, "geometry": { "type": "Polygon", "coordinates": [ [ [ 135.643263899, 34.710253846 ], [ 135.644076117999987, 34.709261224 ], [ 135.644356861, 34.708913339 ], [ 135.644419655, 34.708831575 ], [ 135.644455612, 34.708771099 ], [ 135.64448255, 34.708700589 ], [ 135.644504488, 34.708625196 ], [ 135.644517761, 34.708559245 ], [ 135.64452388399999, 34.708378419 ], [ 135.644517868, 34.708177004 ], [ 135.644482071999988, 34.707766172 ], [ 135.644463714000011, 34.707438689 ], [ 135.644452847999986, 34.707146297 ], [ 135.643898549999989, 34.707160996 ], [ 135.642568106999988, 34.707194964 ], [ 135.642239163, 34.707201211 ], [ 135.64217977199999, 34.707202299 ], [ 135.641386836, 34.707217096 ], [ 135.640924695, 34.707226734 ], [ 135.640604244, 34.707237959 ], [ 135.640403311999989, 34.707253233 ], [ 135.640169906000011, 34.707280671 ], [ 135.639934759, 34.707306661 ], [ 135.639764070000012, 34.707346184 ], [ 135.639546934, 34.707397469 ], [ 135.639369283, 34.707456533 ], [ 135.63935861499999, 34.707600383 ], [ 135.639359348999989, 34.707632569 ], [ 135.639353973999988, 34.708116484 ], [ 135.639351562, 34.708244491 ], [ 135.639987515, 34.708232128 ], [ 135.640008144, 34.708510305 ], [ 135.64004179599999, 34.708982525 ], [ 135.640037666000012, 34.709104217 ], [ 135.640011073000011, 34.709623228 ], [ 135.639997865999987, 34.709950167 ], [ 135.639985999, 34.71029541 ], [ 135.640195707, 34.710297292 ], [ 135.64062804, 34.710292798 ], [ 135.641288782, 34.710282304 ], [ 135.642408069, 34.710264679 ], [ 135.643263899, 34.710253846 ] ] ] } },
{ "type": "Feature", "properties": { "A29_001": "27218", "A29_002": "大阪府", "A29_003": "大東市", "A29_004": 3, "A29_005": "第一種中高層住居専用地域", "A29_006": 60, "A29_007": 200, "A29_008": "条件付き公開" }, "geometry": { "type": "Polygon", "coordinates": [ [ [ 135.634804092, 34.698728929 ], [ 135.634817174, 34.699130051 ], [ 135.63482789299999, 34.699696593 ], [ 135.634837999000013, 34.700104467 ], [ 135.634838679000012, 34.700272871 ], [ 135.635013909, 34.700289984 ], [ 135.635187951, 34.700304389 ], [ 135.635428381, 34.700339185 ], [ 135.636637135, 34.70037543 ], [ 135.637154044999988, 34.70038878 ], [ 135.63718946, 34.700102566 ], [ 135.637223565999989, 34.699916144 ], [ 135.637327492999987, 34.699313523 ], [ 135.637338750999987, 34.699209972 ], [ 135.63734372, 34.699121729 ], [ 135.637348936, 34.69895199 ], [ 135.637339551999986, 34.698701071 ], [ 135.637314773000014, 34.698701358 ], [ 135.636380688, 34.698712097 ], [ 135.635491803, 34.698720711 ], [ 135.634804092, 34.698728929 ] ] ] } },
{ "type": "Feature", "properties": { "A29_001": "27218", "A29_002": "大阪府", "A29_003": "大東市", "A29_004": 3, "A29_005": "第一種中高層住居専用地域", "A29_006": 60, "A29_007": 200, "A29_008": "条件付き公開" }, "geometry": { "type": "Polygon", "coordinates": [ [ [ 135.625986699, 34.706413441 ], [ 135.626071806, 34.706446878 ], [ 135.626777530999988, 34.706695875 ], [ 135.626837900999988, 34.70671986 ], [ 135.626909785, 34.706635067 ], [ 135.62695564399999, 34.706559842 ], [ 135.627005121, 34.70645704 ], [ 135.627029486999987, 34.706378954 ], [ 135.627037234, 34.706331288 ], [ 135.627046033999989, 34.706267758 ], [ 135.627051146000014, 34.706150217 ], [ 135.627046154, 34.706070779 ], [ 135.627006607999988, 34.705931014 ], [ 135.62699284199999, 34.705836223 ], [ 135.626993332000012, 34.705727051 ], [ 135.627026841, 34.705606532 ], [ 135.627089985, 34.705449952 ], [ 135.627132412, 34.705312331 ], [ 135.627149054, 34.705228542 ], [ 135.627181583, 34.704936822 ], [ 135.62719560299999, 34.704853205 ], [ 135.627237164, 34.704543573 ], [ 135.627231152, 34.704496766 ], [ 135.627183712, 34.70436491 ], [ 135.627074935, 34.704084478 ], [ 135.62715573, 34.704080939 ], [ 135.627131369000011, 34.70403633 ], [ 135.62712227099999, 34.703923072 ], [ 135.627122273, 34.703776577 ], [ 135.627122164000014, 34.703654873 ], [ 135.627117191999986, 34.703546676 ], [ 135.627097845, 34.703430592 ], [ 135.62707643600001, 34.703336409 ], [ 135.626995534, 34.703339407 ], [ 135.626953788, 34.703203872 ], [ 135.626947812, 34.703173293 ], [ 135.626945185000011, 34.703126316 ], [ 135.626943315, 34.703080874 ], [ 135.626753224999987, 34.703090118 ], [ 135.626432136, 34.703100854 ], [ 135.626019770999989, 34.703115456 ], [ 135.625450882, 34.703127141 ], [ 135.624837775, 34.703116691 ], [ 135.624382801, 34.703090858 ], [ 135.624313277, 34.703764523 ], [ 135.624245065999986, 34.704485612 ], [ 135.624229928, 34.704646845 ], [ 135.624573801999986, 34.70471669 ], [ 135.624809262000014, 34.704765737 ], [ 135.62495445, 34.704789713 ], [ 135.624941968, 34.704918861 ], [ 135.624811724000011, 34.705961327 ], [ 135.624808137, 34.706006392 ], [ 135.62482917299999, 34.706013669 ], [ 135.625986699, 34.706413441 ] ] ] } },
{ "type": "Feature", "properties": { "A29_001": "27218", "A29_002": "大阪府", "A29_003": "大東市", "A29_004": 3, "A29_005": "第一種中高層住居専用地域", "A29_006": 60, "A29_007": 200, "A29_008": "条件付き公開" }, "geometry": { "type": "Polygon", "coordinates": [ [ [ 135.61337977, 34.700411774 ], [ 135.613406293, 34.700506156 ], [ 135.61425485, 34.700536251 ], [ 135.61491306799999, 34.700559518 ], [ 135.61582054499999, 34.700595107 ], [ 135.616771373, 34.700627581 ], [ 135.616798233, 34.700270757 ], [ 135.617383254, 34.700283774 ], [ 135.617440921, 34.700276833 ], [ 135.617519173, 34.700255983 ], [ 135.61762468, 34.700218811 ], [ 135.617634044, 34.700010412 ], [ 135.617852867000011, 34.699828181 ], [ 135.617876395, 34.700123861 ], [ 135.618178403, 34.699963797 ], [ 135.618161686, 34.699729623 ], [ 135.61842517299999, 34.699661753 ], [ 135.618481186, 34.698540358 ], [ 135.617846918, 34.698510424 ], [ 135.61785971099999, 34.698458176 ], [ 135.617892899999987, 34.698361819 ], [ 135.61794035, 34.698297509 ], [ 135.617981859999986, 34.698243278 ], [ 135.61801889099999, 34.698189754 ], [ 135.618066578999986, 34.698097319 ], [ 135.618159818, 34.697997723 ], [ 135.618249306, 34.69800161 ], [ 135.618326252, 34.698122022 ], [ 135.618540388000014, 34.698127381 ], [ 135.618586864, 34.697513867 ], [ 135.618587350000013, 34.697503231 ], [ 135.61800000400001, 34.697477952 ], [ 135.617011948, 34.697430947 ], [ 135.617006933, 34.697548128 ], [ 135.616957917, 34.697549326 ], [ 135.616138468, 34.697509966 ], [ 135.615235958999989, 34.697469347 ], [ 135.614674718, 34.697440708 ], [ 135.61413856499999, 34.697415753 ], [ 135.614100837, 34.69780707 ], [ 135.61363638200001, 34.697785044 ], [ 135.61359640500001, 34.698518747 ], [ 135.613030755000011, 34.69849775 ], [ 135.61308569900001, 34.698794341 ], [ 135.61318101399999, 34.699258471 ], [ 135.61327461499999, 34.699762893 ], [ 135.613345254, 34.70015852 ], [ 135.61337977, 34.700411774 ] ] ] } },
{ "type": "Feature", "properties": { "A29_001": "27218", "A29_002": "大阪府", "A29_003": "大東市", "A29_004": 3, "A29_005": "第一種中高層住居専用地域", "A29_006": 60, "A29_007": 200, "A29_008": "条件付き公開" }, "geometry": { "type": "Polygon", "coordinates": [ [ [ 135.634812692999986, 34.719003111 ], [ 135.63455483300001, 34.718054131 ], [ 135.634513782999989, 34.7179296 ], [ 135.634320016, 34.717923519 ], [ 135.634252425999989, 34.717578038 ], [ 135.63411785299999, 34.716873556 ], [ 135.634105354000013, 34.716811314 ], [ 135.633576608, 34.716809995 ], [ 135.63267461800001, 34.716799977 ], [ 135.632802571000013, 34.717245528 ], [ 135.632902855, 34.717603278 ], [ 135.632984435, 34.717894621 ], [ 135.632835406, 34.717894172 ], [ 135.632876974, 34.718049087 ], [ 135.633016297000012, 34.718541189 ], [ 135.633122479, 34.71894827 ], [ 135.63330904599999, 34.7189537 ], [ 135.63341843, 34.718957274 ], [ 135.634812692999986, 34.719003111 ] ] ] } },
{ "type": "Feature", "properties": { "A29_001": "27218", "A29_002": "大阪府", "A29_003": "大東市", "A29_004": 3, "A29_005": "第一種中高層住居専用地域", "A29_006": 60, "A29_007": 200, "A29_008": "条件付き公開" }, "geometry": { "type": "Polygon", "coordinates": [ [ [ 135.624615022, 34.724852655 ], [ 135.625303123, 34.725145058 ], [ 135.626004642999987, 34.725440835 ], [ 135.626052898000012, 34.725369764 ], [ 135.6262073, 34.725149729 ], [ 135.626441793, 34.724820136 ], [ 135.626485752, 34.724757165 ], [ 135.626557119000012, 34.724669487 ], [ 135.62665323499999, 34.724541317 ], [ 135.62673699699999, 34.724440965 ], [ 135.62694177, 34.724163838 ], [ 135.627073915000011, 34.723987547 ], [ 135.627188163999989, 34.723833108 ], [ 135.627317349, 34.723634901 ], [ 135.627474525, 34.723403424 ], [ 135.627521344, 34.723311162 ], [ 135.627628992000012, 34.723118659 ], [ 135.627776431, 34.722866687 ], [ 135.62788426899999, 34.722704655 ], [ 135.628025293, 34.722470964 ], [ 135.62808653499999, 34.722375862 ], [ 135.628194447, 34.722197061 ], [ 135.628267924999989, 34.722076123 ], [ 135.628410167999988, 34.721837657 ], [ 135.628475497000011, 34.721731929 ], [ 135.62852713800001, 34.721635174 ], [ 135.628571209, 34.72154633 ], [ 135.628596112999986, 34.721470859 ], [ 135.62861061800001, 34.721425828 ], [ 135.628632498, 34.721342776 ], [ 135.62864760799999, 34.721259973 ], [ 135.628668788999988, 34.721162585 ], [ 135.62867507199999, 34.721076059 ], [ 135.628675593999986, 34.720959135 ], [ 135.628651299000012, 34.720776325 ], [ 135.628616818000012, 34.720576356 ], [ 135.62849866900001, 34.720017782 ], [ 135.627409511, 34.720298791 ], [ 135.62709432, 34.720391494 ], [ 135.626854313, 34.72044503 ], [ 135.626729254, 34.720454834 ], [ 135.62664461599999, 34.720459442 ], [ 135.626538369, 34.720462092 ], [ 135.626413447, 34.720465585 ], [ 135.626177297, 34.720462787 ], [ 135.62602306, 34.72045411 ], [ 135.62599556699999, 34.720740165 ], [ 135.625973638, 34.721003248 ], [ 135.625957027999988, 34.721200176 ], [ 135.62628359199999, 34.72125022 ], [ 135.62625578699999, 34.721460277 ], [ 135.62621887200001, 34.721584031 ], [ 135.626181441999989, 34.721700841 ], [ 135.626127364000013, 34.72182896 ], [ 135.62609495, 34.721898637 ], [ 135.626028455000011, 34.721995886 ], [ 135.625967363, 34.722081432 ], [ 135.625904013, 34.722159128 ], [ 135.625529035999989, 34.72262676 ], [ 135.625259005, 34.722968503 ], [ 135.625152222999986, 34.723112956 ], [ 135.625065904, 34.723247556 ], [ 135.62481944699999, 34.723687455 ], [ 135.624751688, 34.723798041 ], [ 135.624587870999989, 34.724095755 ], [ 135.624432522, 34.724379702 ], [ 135.624254299, 34.724699458 ], [ 135.62461099, 34.724850929 ], [ 135.624615022, 34.724852655 ] ] ] } },
{ "type": "Feature", "properties": { "A29_001": "27218", "A29_002": "大阪府", "A29_003": "大東市", "A29_004": 3, "A29_005": "第一種中高層住居専用地域", "A29_006": 60, "A29_007": 200, "A29_008": "条件付き公開" }, "geometry": { "type": "Polygon", "coordinates": [ [ [ 135.637047099, 34.731942371 ], [ 135.637321402, 34.731943188 ], [ 135.637848405999989, 34.731915457 ], [ 135.638202080000013, 34.731894872 ], [ 135.638201528, 34.731795975 ], [ 135.638195134, 34.731509187 ], [ 135.63847191799999, 34.731491708 ], [ 135.638575030999988, 34.731484712 ], [ 135.638725098, 34.731478035 ], [ 135.638699007000014, 34.731074894 ], [ 135.638667012000013, 34.730422468 ], [ 135.63863523399999, 34.729896074 ], [ 135.638398486999989, 34.729898436 ], [ 135.638393605, 34.729214178 ], [ 135.638396139, 34.728958247 ], [ 135.638239668000011, 34.728982214 ], [ 135.637896063999989, 34.728975063 ], [ 135.637180941, 34.728976721 ], [ 135.63682431699999, 34.728975658 ], [ 135.636854967, 34.72938269 ], [ 135.63690243, 34.729965476 ], [ 135.63693053, 34.73030669 ], [ 135.636976887, 34.730942751 ], [ 135.63699822699999, 34.731181985 ], [ 135.63703165199999, 34.731579018 ], [ 135.637047099, 34.731942371 ] ] ] } },
{ "type": "Feature", "properties": { "A29_001": "27218", "A29_002": "大阪府", "A29_003": "大東市", "A29_004": 4, "A29_005": "第二種中高層住居専用地域", "A29_006": 60, "A29_007": 200, "A29_008": "条件付き公開" }, "geometry": { "type": "Polygon", "coordinates": [ [ [ 135.612249977, 34.704604174 ], [ 135.611755746999989, 34.704778666 ], [ 135.611634586, 34.704823445 ], [ 135.611543616, 34.704854798 ], [ 135.611428174, 34.70489022 ], [ 135.61127751, 34.704941216 ], [ 135.610996526, 34.705010907 ], [ 135.610874595000013, 34.705033236 ], [ 135.610762953, 34.705049828 ], [ 135.610642552, 34.705071981 ], [ 135.61041673, 34.705110655 ], [ 135.610310217, 34.705127443 ], [ 135.61007201699999, 34.705152104 ], [ 135.609938019999987, 34.705163575 ], [ 135.609874466, 34.70516806 ], [ 135.610239017999987, 34.705458611 ], [ 135.61037578299999, 34.70555542 ], [ 135.610549365, 34.705669384 ], [ 135.610721643, 34.705758914 ], [ 135.61091448900001, 34.705838773 ], [ 135.61110889299999, 34.705912506 ], [ 135.611253339, 34.705954436 ], [ 135.61137568800001, 34.705982863 ], [ 135.611541875, 34.705997998 ], [ 135.611720889999987, 34.706001002 ], [ 135.611984989, 34.705994541 ], [ 135.612749465, 34.70597137 ], [ 135.613894613000014, 34.705944533 ], [ 135.614388870999989, 34.70592906 ], [ 135.61449364500001, 34.705934259 ], [ 135.614595471, 34.70593945 ], [ 135.61465734399999, 34.705944514 ], [ 135.614674393, 34.705704766 ], [ 135.614679059, 34.705569554 ], [ 135.61468159, 34.705306141 ], [ 135.614686871, 34.70499126 ], [ 135.614702494999989, 34.704564534 ], [ 135.61471577399999, 34.704455223 ], [ 135.614745946, 34.704069112 ], [ 135.614775879, 34.703710856 ], [ 135.614419199999986, 34.703839185 ], [ 135.613548763000011, 34.704140867 ], [ 135.613498357999987, 34.704158377 ], [ 135.613418868999986, 34.704185891 ], [ 135.61326043299999, 34.704241823 ], [ 135.613156339999989, 34.704278545 ], [ 135.61298664200001, 34.704338407 ], [ 135.612907259999986, 34.704366372 ], [ 135.612549820999988, 34.70449253 ], [ 135.612383838999989, 34.704551051 ], [ 135.612249977, 34.704604174 ] ] ] } },
{ "type": "Feature", "properties": { "A29_001": "27218", "A29_002": "大阪府", "A29_003": "大東市", "A29_004": 4, "A29_005": "第二種中高層住居専用地域", "A29_006": 60, "A29_007": 200, "A29_008": "条件付き公開" }, "geometry": { "type": "Polygon", "coordinates": [ [ [ 135.604468790999988, 34.705540175 ], [ 135.604238522, 34.705549344 ], [ 135.604264777999987, 34.705560248 ], [ 135.604335373, 34.705590227 ], [ 135.604391256000014, 34.705615109 ], [ 135.604459768999988, 34.705646795 ], [ 135.604509108, 34.705670304 ], [ 135.604562909, 34.705696803 ], [ 135.604627271999988, 34.705728925 ], [ 135.604790470000012, 34.705821228 ], [ 135.604917382, 34.70589971 ], [ 135.604956238999989, 34.705923816 ], [ 135.605047438000014, 34.70598289 ], [ 135.60514580899999, 34.706048839 ], [ 135.605311953000012, 34.70616459 ], [ 135.605323699, 34.706173914 ], [ 135.605861691, 34.706581876 ], [ 135.606604111, 34.70716079 ], [ 135.60694662899999, 34.707400795 ], [ 135.607397428000013, 34.707782686 ], [ 135.607851149999988, 34.708124286 ], [ 135.608616213, 34.708583361 ], [ 135.60881759899999, 34.708682092 ], [ 135.608815262, 34.708598875 ], [ 135.608819912, 34.708306711 ], [ 135.608826295, 34.708017617 ], [ 135.608838053999989, 34.707699602 ], [ 135.608846239, 34.707584145 ], [ 135.608849279, 34.707494995 ], [ 135.608875992, 34.707385908 ], [ 135.608913496000014, 34.707001986 ], [ 135.608921259, 34.706836944 ], [ 135.608917233, 34.706671865 ], [ 135.608922779000011, 34.706444522 ], [ 135.608930275, 34.706359443 ], [ 135.608929694000011, 34.706343575 ], [ 135.608950916999987, 34.706241322 ], [ 135.608959357, 34.706210788 ], [ 135.608983542, 34.706128557 ], [ 135.608994798999987, 34.706079281 ], [ 135.608957397000012, 34.706047247 ], [ 135.60891159900001, 34.706013384 ], [ 135.608669092000014, 34.705839065 ], [ 135.608574995, 34.705769166 ], [ 135.608546307000012, 34.705741127 ], [ 135.608521071000013, 34.705698855 ], [ 135.608459431, 34.705482385 ], [ 135.60840448499999, 34.705281713 ], [ 135.608411147, 34.705281103 ], [ 135.608242671, 34.705265867 ], [ 135.608145154, 34.705273126 ], [ 135.607501664000011, 34.705336505 ], [ 135.607097194, 34.705363689 ], [ 135.60650737899999, 34.705387929 ], [ 135.606323691, 34.705403744 ], [ 135.606315064, 34.705404437 ], [ 135.604954052000011, 34.705511188 ], [ 135.604468790999988, 34.705540175 ] ] ] } },
{ "type": "Feature", "properties": { "A29_001": "27218", "A29_002": "大阪府", "A29_003": "大東市", "A29_004": 4, "A29_005": "第二種中高層住居専用地域", "A29_006": 60, "A29_007": 200, "A29_008": "条件付き公開" }, "geometry": { "type": "Polygon", "coordinates": [ [ [ 135.640974776, 34.718854016 ], [ 135.6411747, 34.718850909 ], [ 135.641247625, 34.718195456 ], [ 135.641263108, 34.718073978 ], [ 135.641315600000013, 34.717497798 ], [ 135.641324544000014, 34.717398838 ], [ 135.641350641, 34.717170563 ], [ 135.641379228, 34.71692165 ], [ 135.641486668999988, 34.715730531 ], [ 135.641503097, 34.715516201 ], [ 135.64152219499999, 34.715366336 ], [ 135.641557842999987, 34.71515089 ], [ 135.64120444, 34.715150571 ], [ 135.640907145, 34.715152399 ], [ 135.640806249, 34.715156249 ], [ 135.640248969999988, 34.715191296 ], [ 135.640253107, 34.715496469 ], [ 135.640255372000013, 34.715679483 ], [ 135.640266892999989, 34.715741721 ], [ 135.640344491, 34.715899444 ], [ 135.64039571399999, 34.715995966 ], [ 135.640454282, 34.716110811 ], [ 135.640545188, 34.716271187 ], [ 135.640597165, 34.716420631 ], [ 135.64011448299999, 34.716547851 ], [ 135.639338465, 34.716367148 ], [ 135.639246757, 34.716341544 ], [ 135.638284813000013, 34.71611052 ], [ 135.638284948, 34.716581108 ], [ 135.638305881, 34.717039137 ], [ 135.637933823, 34.717008733 ], [ 135.63747481499999, 34.716963194 ], [ 135.637458081, 34.716995057 ], [ 135.637379624, 34.717135369 ], [ 135.637105442, 34.71759279 ], [ 135.637223352, 34.718043806 ], [ 135.637255624, 34.718154156 ], [ 135.637723994, 34.718157263 ], [ 135.637932414, 34.718158604 ], [ 135.637924975, 34.718337261 ], [ 135.63789189, 34.718337883 ], [ 135.637941423, 34.718546369 ], [ 135.638013199, 34.718836869 ], [ 135.638979193000011, 34.718846586 ], [ 135.639006376999987, 34.718846937 ], [ 135.639281899999986, 34.718858662 ], [ 135.640005217, 34.718860801 ], [ 135.640974776, 34.718854016 ] ] ] } },
{ "type": "Feature", "properties": { "A29_001": "27218", "A29_002": "大阪府", "A29_003": "大東市", "A29_004": 5, "A29_005": "第一種住居地域", "A29_006": 60, "A29_007": 200, "A29_008": "条件付き公開" }, "geometry": { "type": "Polygon", "coordinates": [ [ [ 135.617551823000014, 34.702080023 ], [ 135.616997493000014, 34.702084231 ], [ 135.615765399999987, 34.702110824 ], [ 135.615767267, 34.702037627 ], [ 135.61567564399999, 34.702045902 ], [ 135.61545225, 34.702104968 ], [ 135.615339962, 34.70212048 ], [ 135.615162543, 34.702151653 ], [ 135.615120295999986, 34.702081472 ], [ 135.614960884, 34.702113603 ], [ 135.614884582, 34.702019425 ], [ 135.614765474, 34.702069713 ], [ 135.614593869, 34.702142013 ], [ 135.614387728999986, 34.702222677 ], [ 135.61428274299999, 34.702381822 ], [ 135.614160567999988, 34.702411005 ], [ 135.613735420000012, 34.702498727 ], [ 135.613727661000013, 34.702500686 ], [ 135.61326666799999, 34.702620477 ], [ 135.613195474, 34.702648648 ], [ 135.613133994, 34.702676941 ], [ 135.613089814, 34.702694019 ], [ 135.613025420000014, 34.702715181 ], [ 135.61299854, 34.702720865 ], [ 135.612950573, 34.70273081 ], [ 135.612887871999988, 34.702740076 ], [ 135.612810544000013, 34.702749116 ], [ 135.612814885, 34.702848386 ], [ 135.61291060100001, 34.702875646 ], [ 135.613049708, 34.702914582 ], [ 135.613629421000013, 34.703063458 ], [ 135.614157237, 34.703199004 ], [ 135.614295924, 34.703234512 ], [ 135.61475374299999, 34.703069812 ], [ 135.61493634499999, 34.703004218 ], [ 135.614962041000013, 34.702994924 ], [ 135.615973419, 34.702638953 ], [ 135.61612342699999, 34.702586778 ], [ 135.616182468, 34.702566229 ], [ 135.616372055999989, 34.702500204 ], [ 135.61654087, 34.702441507 ], [ 135.616563065, 34.702433733 ], [ 135.616609641999986, 34.702417562 ], [ 135.61661095299999, 34.702417116 ], [ 135.61673429199999, 34.702372248 ], [ 135.616855772, 34.702328186 ], [ 135.61689863399999, 34.702312544 ], [ 135.617244047000014, 34.702187147 ], [ 135.617341579, 34.702151934 ], [ 135.617457695000013, 34.702110919 ], [ 135.617551823000014, 34.702080023 ] ] ] } },
{ "type": "Feature", "properties": { "A29_001": "27218", "A29_002": "大阪府", "A29_003": "大東市", "A29_004": 5, "A29_005": "第一種住居地域", "A29_006": 60, "A29_007": 300, "A29_008": "条件付き公開" }, "geometry": { "type": "Polygon", "coordinates": [ [ [ 135.618930871, 34.706047112 ], [ 135.619434625, 34.706055719 ], [ 135.61986844099999, 34.706056261 ], [ 135.620388365999986, 34.706037959 ], [ 135.620657142999988, 34.706034829 ], [ 135.620727319, 34.706038383 ], [ 135.621191176, 34.706058397 ], [ 135.621806146000011, 34.706096188 ], [ 135.622408535, 34.706163956 ], [ 135.622440360000013, 34.70588675 ], [ 135.62293288699999, 34.705939661 ], [ 135.622938379, 34.705763884 ], [ 135.62295487, 34.704944282 ], [ 135.62295978, 34.704920587 ], [ 135.62293551, 34.704736063 ], [ 135.622923222999987, 34.704677336 ], [ 135.62290317899999, 34.704619938 ], [ 135.623517907, 34.704636444 ], [ 135.623505477, 34.704536879 ], [ 135.623470977000011, 34.704441572 ], [ 135.62344931199999, 34.704356493 ], [ 135.623138031, 34.704345524 ], [ 135.622243696, 34.704314898 ], [ 135.621670991, 34.704299779 ], [ 135.621680871, 34.703832016 ], [ 135.621745342, 34.702570281 ], [ 135.621575836, 34.702566059 ], [ 135.621267539, 34.702548693 ], [ 135.62103781499999, 34.702536079 ], [ 135.62101168800001, 34.703071045 ], [ 135.620970491, 34.703966207 ], [ 135.62095108, 34.704297001 ], [ 135.620167325000011, 34.704290684 ], [ 135.619477531, 34.704266535 ], [ 135.61906847099999, 34.7042493 ], [ 135.61905036499999, 34.704484177 ], [ 135.619040958999989, 34.704607294 ], [ 135.619021255, 34.704857311 ], [ 135.618981504, 34.705384571 ], [ 135.618930871, 34.706047112 ] ] ] } },
{ "type": "Feature", "properties": { "A29_001": "27218", "A29_002": "大阪府", "A29_003": "大東市", "A29_004": 5, "A29_005": "第一種住居地域", "A29_006": 60, "A29_007": 200, "A29_008": "条件付き公開" }, "geometry": { "type": "Polygon", "coordinates": [ [ [ 135.622220527, 34.710203851 ], [ 135.622499991000012, 34.709653534 ], [ 135.622730555, 34.709172932 ], [ 135.62289554899999, 34.708851333 ], [ 135.622954875, 34.708720528 ], [ 135.622989783, 34.708605964 ], [ 135.623014528999988, 34.708517332 ], [ 135.623022924999987, 34.708471471 ], [ 135.623023249999989, 34.708399711 ], [ 135.623006164, 34.708027065 ], [ 135.623004689, 34.70801525 ], [ 135.62295435499999, 34.70741559 ], [ 135.622931326000014, 34.707198075 ], [ 135.621998115999986, 34.707091059 ], [ 135.621923942, 34.707486051 ], [ 135.621704341, 34.708508222 ], [ 135.621491128, 34.70944468 ], [ 135.621353895, 34.70999742 ], [ 135.62131358, 34.710147937 ], [ 135.62149375199999, 34.710162741 ], [ 135.62187749, 34.710185388 ], [ 135.621994484, 34.710193324 ], [ 135.622220527, 34.710203851 ] ] ] } },
{ "type": "Feature", "properties": { "A29_001": "27218", "A29_002": "大阪府", "A29_003": "大東市", "A29_004": 5, "A29_005": "第一種住居地域", "A29_006": 60, "A29_007": 200, "A29_008": "条件付き公開" }, "geometry": { "type": "Polygon", "coordinates": [ [ [ 135.625537974, 34.710253578 ], [ 135.625597481, 34.710251597 ], [ 135.62594074899999, 34.710243185 ], [ 135.62676069, 34.710226498 ], [ 135.62742339, 34.710217798 ], [ 135.627653025, 34.71020651 ], [ 135.628730709, 34.710191317 ], [ 135.629709045999988, 34.710176535 ], [ 135.629706906, 34.710093138 ], [ 135.629647102, 34.709770036 ], [ 135.62964190400001, 34.709564656 ], [ 135.62966508, 34.709385957 ], [ 135.629707161999988, 34.709227509 ], [ 135.629725952, 34.709101896 ], [ 135.629746229, 34.708740903 ], [ 135.62976661499999, 34.708134789 ], [ 135.629279075, 34.707963282 ], [ 135.628979116000011, 34.707858425 ], [ 135.628389668000011, 34.707651355 ], [ 135.627807437, 34.70744232 ], [ 135.627132252, 34.707197029 ], [ 135.626880365, 34.707109082 ], [ 135.626581845, 34.707001068 ], [ 135.626506863, 34.707070705 ], [ 135.62645587099999, 34.707097504 ], [ 135.626383365, 34.707150561 ], [ 135.62626322, 34.707261439 ], [ 135.62618317, 34.707389749 ], [ 135.626150743000011, 34.707439412 ], [ 135.626097425000012, 34.707570599 ], [ 135.625086212000014, 34.707450746 ], [ 135.62357092799999, 34.70727046 ], [ 135.62355816199999, 34.707269069 ], [ 135.623569116, 34.70738125 ], [ 135.62357393799999, 34.707449419 ], [ 135.623607437, 34.707934896 ], [ 135.623608778, 34.707952029 ], [ 135.62362328099999, 34.70797984 ], [ 135.623643327, 34.708278031 ], [ 135.62363935799999, 34.708527557 ], [ 135.62363620299999, 34.708597414 ], [ 135.623566721, 34.708801572 ], [ 135.623512334999987, 34.708926533 ], [ 135.623491879, 34.708983896 ], [ 135.623369559999986, 34.709235941 ], [ 135.623314130000011, 34.709350352 ], [ 135.62298568599999, 34.710014019 ], [ 135.622883488000014, 34.710234032 ], [ 135.623957891, 34.710268364 ], [ 135.624324976999986, 34.710280135 ], [ 135.62446713599999, 34.710275705 ], [ 135.625043032, 34.710270176 ], [ 135.625537974, 34.710253578 ] ] ] } },
{ "type": "Feature", "properties": { "A29_001": "27218", "A29_002": "大阪府", "A29_003": "大東市", "A29_004": 5, "A29_005": "第一種住居地域", "A29_006": 60, "A29_007": 200, "A29_008": "条件付き公開" }, "geometry": { "type": "Polygon", "coordinates": [ [ [ 135.629359711, 34.702391109 ], [ 135.630523219, 34.702445758 ], [ 135.63232849900001, 34.702545246 ], [ 135.632879524, 34.702572961 ], [ 135.633013551, 34.702330588 ], [ 135.633359049, 34.701685334 ], [ 135.633275137, 34.701678411 ], [ 135.63310667499999, 34.701660414 ], [ 135.63296834799999, 34.701640886 ], [ 135.63290756, 34.701637818 ], [ 135.63268651199999, 34.701638324 ], [ 135.632464169, 34.701635399 ], [ 135.632157119999988, 34.701632219 ], [ 135.631725354, 34.701617392 ], [ 135.63134747399999, 34.701611201 ], [ 135.631174757999986, 34.70161744 ], [ 135.630969376, 34.70162971 ], [ 135.630731211000011, 34.701649904 ], [ 135.630570807, 34.701661227 ], [ 135.630398802, 34.701679277 ], [ 135.630212467, 34.701704044 ], [ 135.630100548, 34.701711097 ], [ 135.63000982299999, 34.701714157 ], [ 135.629894484, 34.701704791 ], [ 135.62979225399999, 34.701693212 ], [ 135.62966959100001, 34.701686078 ], [ 135.62944102099999, 34.701684301 ], [ 135.629194758000011, 34.701684454 ], [ 135.629222405, 34.701873585 ], [ 135.629296922, 34.702175818 ], [ 135.629359711, 34.702391109 ] ] ] } },
{ "type": "Feature", "properties": { "A29_001": "27218", "A29_002": "大阪府", "A29_003": "大東市", "A29_004": 5, "A29_005": "第一種住居地域", "A29_006": 60, "A29_007": 200, "A29_008": "条件付き公開" }, "geometry": { "type": "Polygon", "coordinates": [ [ [ 135.62598501299999, 34.706788104 ], [ 135.626581845, 34.707001068 ], [ 135.62667444600001, 34.706946089 ], [ 135.626837900999988, 34.70671986 ], [ 135.626777530999988, 34.706695875 ], [ 135.626071806, 34.706446878 ], [ 135.625986699, 34.706413441 ], [ 135.62482917299999, 34.706013669 ], [ 135.624808137, 34.706006392 ], [ 135.624811724000011, 34.705961327 ], [ 135.624941968, 34.704918861 ], [ 135.62495445, 34.704789713 ], [ 135.624809262000014, 34.704765737 ], [ 135.624573801999986, 34.70471669 ], [ 135.624229928, 34.704646845 ], [ 135.624245065999986, 34.704485612 ], [ 135.624313277, 34.703764523 ], [ 135.624382801, 34.703090858 ], [ 135.624837775, 34.703116691 ], [ 135.625450882, 34.703127141 ], [ 135.626019770999989, 34.703115456 ], [ 135.626432136, 34.703100854 ], [ 135.626753224999987, 34.703090118 ], [ 135.626943315, 34.703080874 ], [ 135.626945185000011, 34.703126316 ], [ 135.626947812, 34.703173293 ], [ 135.626953788, 34.703203872 ], [ 135.626995534, 34.703339407 ], [ 135.62707643600001, 34.703336409 ], [ 135.627284613, 34.703334792 ], [ 135.62730983899999, 34.703332616 ], [ 135.62733032, 34.703317443 ], [ 135.62740698799999, 34.703114296 ], [ 135.627109904, 34.703029998 ], [ 135.627099171999987, 34.702867332 ], [ 135.626842269, 34.702853925 ], [ 135.625985547999989, 34.702812443 ], [ 135.624542924, 34.702731919 ], [ 135.62431233699999, 34.702716784 ], [ 135.6225768, 34.702621 ], [ 135.621745342, 34.702570281 ], [ 135.621680871, 34.703832016 ], [ 135.621670991, 34.704299779 ], [ 135.622243696, 34.704314898 ], [ 135.623138031, 34.704345524 ], [ 135.62344931199999, 34.704356493 ], [ 135.623470977000011, 34.704441572 ], [ 135.623505477, 34.704536879 ], [ 135.623517907, 34.704636444 ], [ 135.623521081, 34.704658721 ], [ 135.623546446, 34.704794837 ], [ 135.623555159, 34.704871402 ], [ 135.62353485700001, 34.705762663 ], [ 135.623537292, 34.705779348 ], [ 135.623535928, 34.705983987 ], [ 135.623687963, 34.705990857 ], [ 135.624012967, 34.706010071 ], [ 135.624080189000011, 34.706015147 ], [ 135.62445094200001, 34.706056768 ], [ 135.624472658, 34.706058457 ], [ 135.62445848199999, 34.706345004 ], [ 135.624554366000012, 34.706360895 ], [ 135.624778066, 34.706404496 ], [ 135.62490839, 34.706432844 ], [ 135.625175743999989, 34.706503354 ], [ 135.625425908000011, 34.706585349 ], [ 135.62598501299999, 34.706788104 ] ] ] } },
{ "type": "Feature", "properties": { "A29_001": "27218", "A29_002": "大阪府", "A29_003": "大東市", "A29_004": 5, "A29_005": "第一種住居地域", "A29_006": 60, "A29_007": 200, "A29_008": "条件付き公開" }, "geometry": { "type": "Polygon", "coordinates": [ [ [ 135.62602271899999, 34.70221765 ], [ 135.627109034, 34.70227489 ], [ 135.62710683899999, 34.702204565 ], [ 135.627105905, 34.701950426 ], [ 135.62713048099999, 34.701947076 ], [ 135.62716532499999, 34.701942134 ], [ 135.62720084899999, 34.701931514 ], [ 135.62724321499999, 34.701904599 ], [ 135.627283612000014, 34.701878308 ], [ 135.627304885, 34.701856917 ], [ 135.627318656, 34.701828832 ], [ 135.62732487, 34.701806313 ], [ 135.627262796999986, 34.701797649 ], [ 135.627282127, 34.701746953 ], [ 135.627303762999986, 34.701644518 ], [ 135.62735103899999, 34.701447412 ], [ 135.627179270999989, 34.701412539 ], [ 135.627023869, 34.701379428 ], [ 135.626736147, 34.701326711 ], [ 135.62662097399999, 34.701304902 ], [ 135.626543335, 34.701286634 ], [ 135.62640565, 34.701246184 ], [ 135.626233883, 34.70121131 ], [ 135.62616986099999, 34.701199304 ], [ 135.62611185599999, 34.701184431 ], [ 135.62605267, 34.701165138 ], [ 135.626010414, 34.701143552 ], [ 135.625953181999989, 34.701126608 ], [ 135.625921865, 34.701124078 ], [ 135.625696518000012, 34.701158275 ], [ 135.625546106, 34.701180801 ], [ 135.625406534, 34.701195968 ], [ 135.625317007, 34.70119993 ], [ 135.625101193, 34.701201791 ], [ 135.624960597000012, 34.701201809 ], [ 135.62477705, 34.701189254 ], [ 135.624616073, 34.701182357 ], [ 135.624167395, 34.701190891 ], [ 135.62386552699999, 34.701201228 ], [ 135.623631362999987, 34.701205644 ], [ 135.623397756, 34.701207446 ], [ 135.623229642000013, 34.701209812 ], [ 135.622816753, 34.701197536 ], [ 135.622412211000011, 34.701174016 ], [ 135.622542944, 34.701735251 ], [ 135.622612575, 34.702026654 ], [ 135.622758917999988, 34.702035131 ], [ 135.624097518000013, 34.702111569 ], [ 135.62602271899999, 34.70221765 ] ] ] } },
{ "type": "Feature", "properties": { "A29_001": "27218", "A29_002": "大阪府", "A29_003": "大東市", "A29_004": 5, "A29_005": "第一種住居地域", "A29_006": 60, "A29_007": 200, "A29_008": "条件付き公開" }, "geometry": { "type": "Polygon", "coordinates": [ [ [ 135.62095108, 34.704297001 ], [ 135.620970491, 34.703966207 ], [ 135.62101168800001, 34.703071045 ], [ 135.62103781499999, 34.702536079 ], [ 135.61994954799999, 34.702476075 ], [ 135.619742120000012, 34.702457758 ], [ 135.61914190499999, 34.702422077 ], [ 135.61910861199999, 34.703660559 ], [ 135.61906847099999, 34.7042493 ], [ 135.619477531, 34.704266535 ], [ 135.620167325000011, 34.704290684 ], [ 135.62095108, 34.704297001 ] ] ] } },
{ "type": "Feature", "properties": { "A29_001": "27218", "A29_002": "大阪府", "A29_003": "大東市", "A29_004": 5, "A29_005": "第一種住居地域", "A29_006": 60, "A29_007": 200, "A29_008": "条件付き公開" }, "geometry": { "type": "Polygon", "coordinates": [ [ [ 135.591330562, 34.706767395 ], [ 135.591271557, 34.706829594 ], [ 135.591207075, 34.706889058 ], [ 135.590949349999988, 34.707130068 ], [ 135.590821874999989, 34.707256933 ], [ 135.59072379599999, 34.707333232 ], [ 135.590551932000011, 34.70747356 ], [ 135.590436841000013, 34.707568283 ], [ 135.590457264, 34.707588635 ], [ 135.59055181799999, 34.707607614 ], [ 135.590652739, 34.707619222 ], [ 135.59072275, 34.707545534 ], [ 135.59062067799999, 34.70747938 ], [ 135.590663326, 34.707420295 ], [ 135.59079198, 34.707497355 ], [ 135.59085777300001, 34.707437806 ], [ 135.590923599, 34.707371586 ], [ 135.59097440799999, 34.707317666 ], [ 135.591005141000011, 34.707283962 ], [ 135.59108921, 34.70728154 ], [ 135.59114032299999, 34.707254666 ], [ 135.591171292000013, 34.707239444 ], [ 135.591203207, 34.707231618 ], [ 135.591272343000014, 34.707224638 ], [ 135.59133503699999, 34.707220031 ], [ 135.591330562, 34.706767395 ] ] ] } },
{ "type": "Feature", "properties": { "A29_001": "27218", "A29_002": "大阪府", "A29_003": "大東市", "A29_004": 5, "A29_005": "第一種住居地域", "A29_006": 60, "A29_007": 200, "A29_008": "条件付き公開" }, "geometry": { "type": "Polygon", "coordinates": [ [ [ 135.59872837, 34.704307614 ], [ 135.598981415999987, 34.704283295 ], [ 135.600065513, 34.703872885 ], [ 135.600387711, 34.703859788 ], [ 135.600380480000013, 34.703819918 ], [ 135.600349959999988, 34.703651596 ], [ 135.60028320399999, 34.703255344 ], [ 135.600179695, 34.702670465 ], [ 135.600087747, 34.702133224 ], [ 135.60000788799999, 34.701828882 ], [ 135.599960227, 34.701638868 ], [ 135.59992827, 34.701520034 ], [ 135.59988387199999, 34.701332645 ], [ 135.59979675299999, 34.700972025 ], [ 135.600361217, 34.700856501 ], [ 135.600444220000014, 34.700847487 ], [ 135.600575765, 34.700845304 ], [ 135.600678367, 34.700846542 ], [ 135.600773113, 34.700847033 ], [ 135.600846431, 34.700854665 ], [ 135.601054514999987, 34.700871123 ], [ 135.601313065999989, 34.700925519 ], [ 135.601400301000012, 34.700944556 ], [ 135.601447487, 34.700961118 ], [ 135.60149465, 34.700982367 ], [ 135.601553841999987, 34.701022047 ], [ 135.601645359, 34.701104113 ], [ 135.601811586, 34.701245112 ], [ 135.602047309999989, 34.701029159 ], [ 135.602188770999987, 34.700893763 ], [ 135.60209617000001, 34.700855597 ], [ 135.601712985, 34.700704965 ], [ 135.601445944, 34.700599968 ], [ 135.601304948, 34.700547039 ], [ 135.601175402, 34.700519569 ], [ 135.601056156999988, 34.700506287 ], [ 135.60086375899999, 34.700496642 ], [ 135.600626355, 34.700494152 ], [ 135.60006287600001, 34.70049636 ], [ 135.59942626599999, 34.700497605 ], [ 135.598726985000013, 34.700502066 ], [ 135.59864303, 34.700504854 ], [ 135.59872837, 34.704307614 ] ] ] } },
{ "type": "Feature", "properties": { "A29_001": "27218", "A29_002": "大阪府", "A29_003": "大東市", "A29_004": 5, "A29_005": "第一種住居地域", "A29_006": 60, "A29_007": 200, "A29_008": "条件付き公開" }, "geometry": { "type": "Polygon", "coordinates": [ [ [ 135.595069096, 34.703602068 ], [ 135.595219613000012, 34.703583005 ], [ 135.595246823999986, 34.703778453 ], [ 135.595307186000014, 34.704115548 ], [ 135.595363096999989, 34.704447759 ], [ 135.59551732599999, 34.704428799 ], [ 135.595538212, 34.704533714 ], [ 135.596328250999989, 34.704482062 ], [ 135.596927324, 34.70443897 ], [ 135.597209956, 34.704414121 ], [ 135.598051542, 34.704357671 ], [ 135.597961118, 34.700529201 ], [ 135.59685121699999, 34.700572503 ], [ 135.59682081599999, 34.7014841 ], [ 135.596760767, 34.701779145 ], [ 135.59669470099999, 34.701896664 ], [ 135.59661564000001, 34.702015311 ], [ 135.596577548999988, 34.702126702 ], [ 135.59671605299999, 34.702130586 ], [ 135.596679959, 34.70225776 ], [ 135.596595845, 34.702293001 ], [ 135.596518514, 34.702347377 ], [ 135.596479531, 34.70237258 ], [ 135.59545145199999, 34.702801896 ], [ 135.595518505, 34.702908046 ], [ 135.595559248, 34.702947667 ], [ 135.595193947000013, 34.703428762 ], [ 135.595129944, 34.703525462 ], [ 135.595084680000014, 34.703584991 ], [ 135.595069096, 34.703602068 ] ] ] } },
{ "type": "Feature", "properties": { "A29_001": "27218", "A29_002": "大阪府", "A29_003": "大東市", "A29_004": 5, "A29_005": "第一種住居地域", "A29_006": 60, "A29_007": 200, "A29_008": "条件付き公開" }, "geometry": { "type": "Polygon", "coordinates": [ [ [ 135.612234645, 34.709995425 ], [ 135.611898518, 34.709970825 ], [ 135.611385839, 34.709928082 ], [ 135.61096136, 34.709887512 ], [ 135.610792363, 34.709864885 ], [ 135.610615837000012, 34.709841333 ], [ 135.61018191, 34.709767103 ], [ 135.609828106, 34.709694391 ], [ 135.60982145599999, 34.709692477 ], [ 135.60982114, 34.709759728 ], [ 135.609820688000013, 34.710158194 ], [ 135.609824298, 34.710807743 ], [ 135.609829547, 34.711200998 ], [ 135.609841018999987, 34.711617622 ], [ 135.61074190799999, 34.711569929 ], [ 135.611029593000012, 34.711542811 ], [ 135.611731063, 34.711486901 ], [ 135.611814087, 34.711475445 ], [ 135.612390874, 34.711421298 ], [ 135.612509746, 34.711401302 ], [ 135.61329465599999, 34.711361154 ], [ 135.613701547, 34.71133567 ], [ 135.613655838999989, 34.710788219 ], [ 135.613613821, 34.710268997 ], [ 135.613610302000012, 34.71011023 ], [ 135.613320899, 34.710085512 ], [ 135.612425734999988, 34.710009465 ], [ 135.612234645, 34.709995425 ] ] ] } },
{ "type": "Feature", "properties": { "A29_001": "27218", "A29_002": "大阪府", "A29_003": "大東市", "A29_004": 5, "A29_005": "第一種住居地域", "A29_006": 60, "A29_007": 200, "A29_008": "条件付き公開" }, "geometry": { "type": "Polygon", "coordinates": [ [ [ 135.618218485, 34.713455472 ], [ 135.618152032000012, 34.712830518 ], [ 135.618129861, 34.712571265 ], [ 135.618089664, 34.712100911 ], [ 135.61800473, 34.711340583 ], [ 135.617917718, 34.71046278 ], [ 135.616381244, 34.710323718 ], [ 135.616433398, 34.711205017 ], [ 135.616428531999986, 34.711265854 ], [ 135.615850239999986, 34.711292069 ], [ 135.614931086000013, 34.711324507 ], [ 135.61419940499999, 34.711351401 ], [ 135.61423395599999, 34.711857257 ], [ 135.614272336999989, 34.712478879 ], [ 135.614155834, 34.712482206 ], [ 135.614199793000012, 34.71317209 ], [ 135.613826061999987, 34.713178479 ], [ 135.613872304000012, 34.713775875 ], [ 135.613894993, 34.714085525 ], [ 135.61391273800001, 34.714331333 ], [ 135.613940772, 34.714782897 ], [ 135.614521462999988, 34.714739029 ], [ 135.615160489, 34.7146875 ], [ 135.615293256, 34.714685485 ], [ 135.615758637999988, 34.714669194 ], [ 135.615888901, 34.714665728 ], [ 135.615875324, 34.714485203 ], [ 135.615855985, 34.714181604 ], [ 135.61583120899999, 34.713802261 ], [ 135.615814594999989, 34.713570521 ], [ 135.61605963400001, 34.713559123 ], [ 135.616319417999989, 34.713546509 ], [ 135.616738639, 34.71352466 ], [ 135.61705751299999, 34.71350619 ], [ 135.61719038699999, 34.713504173 ], [ 135.617467862000012, 34.71349044 ], [ 135.617811827999986, 34.713475653 ], [ 135.618218485, 34.713455472 ] ] ] } },
{ "type": "Feature", "properties": { "A29_001": "27218", "A29_002": "大阪府", "A29_003": "大東市", "A29_004": 5, "A29_005": "第一種住居地域", "A29_006": 60, "A29_007": 200, "A29_008": "条件付き公開" }, "geometry": { "type": "Polygon", "coordinates": [ [ [ 135.620328282, 34.716535399 ], [ 135.620651976, 34.716635303 ], [ 135.620987214, 34.716741642 ], [ 135.621325984, 34.716839878 ], [ 135.621510247, 34.716894451 ], [ 135.621701062, 34.716924703 ], [ 135.621773929999989, 34.716938723 ], [ 135.621759612, 34.716822203 ], [ 135.621702492999987, 34.716730523 ], [ 135.621721173, 34.716512416 ], [ 135.621736742, 34.716353979 ], [ 135.621752253000011, 34.716184543 ], [ 135.621894126, 34.716125214 ], [ 135.62196369599999, 34.71609613 ], [ 135.62210720600001, 34.716013006 ], [ 135.622161973, 34.71597369 ], [ 135.62224544899999, 34.715911654 ], [ 135.622289599, 34.715878255 ], [ 135.622360351, 34.715829162 ], [ 135.62243780899999, 34.715769812 ], [ 135.622357918, 34.715715834 ], [ 135.622207836, 34.715611696 ], [ 135.622116619, 34.715551643 ], [ 135.62197348, 34.715481512 ], [ 135.621716322999987, 34.715323671 ], [ 135.621447383, 34.71516435 ], [ 135.621813736, 34.714718159 ], [ 135.622006543, 34.714477514 ], [ 135.62227957799999, 34.714144261 ], [ 135.622342616, 34.714062419 ], [ 135.622132195, 34.714071593 ], [ 135.621990482, 34.714072416 ], [ 135.621859140999987, 34.71407318 ], [ 135.62175446, 34.714069249 ], [ 135.62164085500001, 34.71405916 ], [ 135.62155519800001, 34.714049158 ], [ 135.62145067899999, 34.714009798 ], [ 135.621385901999986, 34.71399373 ], [ 135.621256097000014, 34.713968986 ], [ 135.621148432000012, 34.713949089 ], [ 135.62102722899999, 34.714001179 ], [ 135.620917028, 34.714058533 ], [ 135.62083493899999, 34.714104165 ], [ 135.620789325, 34.714075535 ], [ 135.62072758, 34.714017286 ], [ 135.62067694800001, 34.713963849 ], [ 135.620658722, 34.71391466 ], [ 135.620637216, 34.713842743 ], [ 135.62063115, 34.713640966 ], [ 135.62063287699999, 34.713430198 ], [ 135.62031499599999, 34.713422627 ], [ 135.620123202, 34.713417251 ], [ 135.619862559000012, 34.713426986 ], [ 135.619679850000011, 34.713440389 ], [ 135.61947637899999, 34.713457694 ], [ 135.619285272000013, 34.713469087 ], [ 135.619278646999987, 34.713390004 ], [ 135.619261749, 34.713194234 ], [ 135.619254563999988, 34.713070795 ], [ 135.619254186, 34.712986412 ], [ 135.619251061999989, 34.712905717 ], [ 135.619240526, 34.712751076 ], [ 135.619241824999989, 34.712658134 ], [ 135.619254184999988, 34.712486435 ], [ 135.619253828000012, 34.712302166 ], [ 135.619239056999987, 34.712237842 ], [ 135.619234010000014, 34.712148036 ], [ 135.619209769, 34.711696484 ], [ 135.619584303000011, 34.711680255 ], [ 135.619932634, 34.711664213 ], [ 135.620430082000013, 34.711626819 ], [ 135.62106034199999, 34.711576313 ], [ 135.621181506999989, 34.711555955 ], [ 135.621432929, 34.711436024 ], [ 135.621653302999988, 34.711325733 ], [ 135.622326127, 34.711013283 ], [ 135.622261041, 34.710801497 ], [ 135.622198172, 34.710798598 ], [ 135.621945495, 34.710786906 ], [ 135.621524330999989, 34.710759545 ], [ 135.621453492, 34.71075671 ], [ 135.621067804, 34.710730089 ], [ 135.620793655, 34.710711025 ], [ 135.620486715999988, 34.710676444 ], [ 135.619953632, 34.710629887 ], [ 135.61914355, 34.710566686 ], [ 135.618646351, 34.710527177 ], [ 135.61868556499999, 34.710926849 ], [ 135.61876102299999, 34.711659922 ], [ 135.618822972, 34.712220404 ], [ 135.61889542899999, 34.713060567 ], [ 135.619041661000011, 34.714407157 ], [ 135.61915166599999, 34.715393031 ], [ 135.6192397, 34.716337636 ], [ 135.619701263, 34.71637045 ], [ 135.620086248, 34.716460721 ], [ 135.620328282, 34.716535399 ] ] ] } },
{ "type": "Feature", "properties": { "A29_001": "27218", "A29_002": "大阪府", "A29_003": "大東市", "A29_004": 6, "A29_005": "第二種住居地域", "A29_006": 60, "A29_007": 200, "A29_008": "条件付き公開" }, "geometry": { "type": "Polygon", "coordinates": [ [ [ 135.627750705000011, 34.702901599 ], [ 135.62816901799999, 34.70292352 ], [ 135.628871097, 34.702956943 ], [ 135.629177433, 34.702974283 ], [ 135.62982309, 34.703004644 ], [ 135.631341045, 34.703085243 ], [ 135.632387752, 34.703142045 ], [ 135.632559528, 34.703151849 ], [ 135.632879524, 34.702572961 ], [ 135.63232849900001, 34.702545246 ], [ 135.630523219, 34.702445758 ], [ 135.629359711, 34.702391109 ], [ 135.629296922, 34.702175818 ], [ 135.629222405, 34.701873585 ], [ 135.629194758000011, 34.701684454 ], [ 135.62901257199999, 34.70168462 ], [ 135.628738371, 34.701683244 ], [ 135.628661964, 34.701828966 ], [ 135.62850232400001, 34.702133281 ], [ 135.62843349, 34.702269469 ], [ 135.628358423, 34.702432594 ], [ 135.628314929, 34.702541184 ], [ 135.62816909899999, 34.702490615 ], [ 135.62811224699999, 34.702559227 ], [ 135.627869731, 34.702770341 ], [ 135.62778409, 34.702856805 ], [ 135.627750705000011, 34.702901599 ] ] ] } },
{ "type": "Feature", "properties": { "A29_001": "27218", "A29_002": "大阪府", "A29_003": "大東市", "A29_004": 6, "A29_005": "第二種住居地域", "A29_006": 60, "A29_007": 200, "A29_008": "条件付き公開" }, "geometry": { "type": "Polygon", "coordinates": [ [ [ 135.627099171999987, 34.702867332 ], [ 135.62709202, 34.702758318 ], [ 135.627093092, 34.702665375 ], [ 135.627097533000011, 34.702600029 ], [ 135.627103941, 34.702534149 ], [ 135.62711105599999, 34.702481161 ], [ 135.627113357000013, 34.702406253 ], [ 135.627109034, 34.70227489 ], [ 135.62602271899999, 34.70221765 ], [ 135.624097518000013, 34.702111569 ], [ 135.622758917999988, 34.702035131 ], [ 135.622612575, 34.702026654 ], [ 135.622678449, 34.702327783 ], [ 135.622391104, 34.702312108 ], [ 135.621772338, 34.70227503 ], [ 135.621745342, 34.702570281 ], [ 135.6225768, 34.702621 ], [ 135.62431233699999, 34.702716784 ], [ 135.624542924, 34.702731919 ], [ 135.625985547999989, 34.702812443 ], [ 135.626842269, 34.702853925 ], [ 135.627099171999987, 34.702867332 ] ] ] } },
{ "type": "Feature", "properties": { "A29_001": "27218", "A29_002": "大阪府", "A29_003": "大東市", "A29_004": 6, "A29_005": "第二種住居地域", "A29_006": 60, "A29_007": 200, "A29_008": "条件付き公開" }, "geometry": { "type": "Polygon", "coordinates": [ [ [ 135.61914190499999, 34.702422077 ], [ 135.619742120000012, 34.702457758 ], [ 135.61994954799999, 34.702476075 ], [ 135.62103781499999, 34.702536079 ], [ 135.621052079, 34.702232765 ], [ 135.620506742, 34.702203752 ], [ 135.619492165, 34.702143253 ], [ 135.619164853, 34.702130961 ], [ 135.61914190499999, 34.702422077 ] ] ] } },
{ "type": "Feature", "properties": { "A29_001": "27218", "A29_002": "大阪府", "A29_003": "大東市", "A29_004": 6, "A29_005": "第二種住居地域", "A29_006": 60, "A29_007": 200, "A29_008": "条件付き公開" }, "geometry": { "type": "Polygon", "coordinates": [ [ [ 135.618747844000012, 34.695781125 ], [ 135.61880745900001, 34.696062583 ], [ 135.618841118, 34.696267963 ], [ 135.618866696999987, 34.696450328 ], [ 135.618877391000012, 34.696736682 ], [ 135.618847527000014, 34.697250901 ], [ 135.618838067000013, 34.697385737 ], [ 135.61911695, 34.697243449 ], [ 135.619127986, 34.697145579 ], [ 135.61914879, 34.696869421 ], [ 135.619153415, 34.696670021 ], [ 135.61914723000001, 34.696471309 ], [ 135.619134094, 34.696312782 ], [ 135.61911874099999, 34.696185531 ], [ 135.61909312200001, 34.69603571 ], [ 135.61903430000001, 34.695747673 ], [ 135.619020298, 34.695706701 ], [ 135.61901190099999, 34.695704962 ], [ 135.618971491999986, 34.695709974 ], [ 135.618904291, 34.695725991 ], [ 135.61880065599999, 34.695760826 ], [ 135.618747844000012, 34.695781125 ] ] ] } },
{ "type": "Feature", "properties": { "A29_001": "27218", "A29_002": "大阪府", "A29_003": "大東市", "A29_004": 6, "A29_005": "第二種住居地域", "A29_006": 60, "A29_007": 200, "A29_008": "条件付き公開" }, "geometry": { "type": "Polygon", "coordinates": [ [ [ 135.598051542, 34.704357671 ], [ 135.59872837, 34.704307614 ], [ 135.59864303, 34.700504854 ], [ 135.598263648, 34.700517488 ], [ 135.597961118, 34.700529201 ], [ 135.598051542, 34.704357671 ] ] ] } },
{ "type": "Feature", "properties": { "A29_001": "27218", "A29_002": "大阪府", "A29_003": "大東市", "A29_004": 6, "A29_005": "第二種住居地域", "A29_006": 60, "A29_007": 200, "A29_008": "条件付き公開" }, "geometry": { "type": "Polygon", "coordinates": [ [ [ 135.618884831, 34.716322734 ], [ 135.6192397, 34.716337636 ], [ 135.61915166599999, 34.715393031 ], [ 135.619041661000011, 34.714407157 ], [ 135.61889542899999, 34.713060567 ], [ 135.618822972, 34.712220404 ], [ 135.61876102299999, 34.711659922 ], [ 135.61868556499999, 34.710926849 ], [ 135.618646351, 34.710527177 ], [ 135.617917718, 34.71046278 ], [ 135.61800473, 34.711340583 ], [ 135.618089664, 34.712100911 ], [ 135.618129861, 34.712571265 ], [ 135.618152032000012, 34.712830518 ], [ 135.618218485, 34.713455472 ], [ 135.618228095, 34.713454961 ], [ 135.618578345, 34.713450649 ], [ 135.618665794, 34.714306906 ], [ 135.618770930000011, 34.715210727 ], [ 135.618868399, 34.716168164 ], [ 135.618884831, 34.716322734 ] ] ] } },
{ "type": "Feature", "properties": { "A29_001": "27218", "A29_002": "大阪府", "A29_003": "大東市", "A29_004": 6, "A29_005": "第二種住居地域", "A29_006": 60, "A29_007": 200, "A29_008": "条件付き公開" }, "geometry": { "type": "Polygon", "coordinates": [ [ [ 135.625683286999987, 34.71146349 ], [ 135.625667381, 34.711407818 ], [ 135.625648137000013, 34.711341768 ], [ 135.625632743000011, 34.711244989 ], [ 135.625612955, 34.711154236 ], [ 135.625588048, 34.710939781 ], [ 135.625575598000012, 34.710843912 ], [ 135.624509369, 34.710858931 ], [ 135.623717642, 34.71083954 ], [ 135.62359014, 34.710837344 ], [ 135.622673834000011, 34.710821528 ], [ 135.622611830000011, 34.710820434 ], [ 135.622328385, 34.710804681 ], [ 135.622261041, 34.710801497 ], [ 135.622326127, 34.711013283 ], [ 135.622415436000011, 34.71127599 ], [ 135.62254427, 34.711681707 ], [ 135.622589379, 34.711797421 ], [ 135.622687265, 34.712046811 ], [ 135.622769946, 34.712230885 ], [ 135.622845129000012, 34.712383202 ], [ 135.622942552000012, 34.71256669 ], [ 135.62296932699999, 34.712608693 ], [ 135.623051581999988, 34.712742552 ], [ 135.62315148, 34.71288593 ], [ 135.623382203, 34.712829127 ], [ 135.62350279399999, 34.712839146 ], [ 135.62358093899999, 34.712844166 ], [ 135.62368989399999, 34.712868392 ], [ 135.62375323, 34.712888962 ], [ 135.623862851000013, 34.712934826 ], [ 135.624054273000013, 34.713022233 ], [ 135.624301347, 34.71313992 ], [ 135.624488496999987, 34.713230738 ], [ 135.624977602, 34.713446894 ], [ 135.624930634, 34.713065051 ], [ 135.62489917100001, 34.712803877 ], [ 135.62487962, 34.712757479 ], [ 135.624867048999988, 34.712640064 ], [ 135.624833695, 34.712386637 ], [ 135.624819831, 34.712289592 ], [ 135.624791858, 34.712077561 ], [ 135.624769157, 34.711882675 ], [ 135.625009753, 34.711887021 ], [ 135.625124797000012, 34.711892243 ], [ 135.625211881000013, 34.711899904 ], [ 135.625293054999986, 34.711911062 ], [ 135.625396368, 34.711927246 ], [ 135.625568926999989, 34.711960772 ], [ 135.62577212299999, 34.712003316 ], [ 135.625844862, 34.711996688 ], [ 135.625800284, 34.711859071 ], [ 135.625729107000012, 34.711616076 ], [ 135.625683286999987, 34.71146349 ] ] ] } },
{ "type": "Feature", "properties": { "A29_001": "27218", "A29_002": "大阪府", "A29_003": "大東市", "A29_004": 6, "A29_005": "第二種住居地域", "A29_006": 60, "A29_007": 200, "A29_008": "条件付き公開" }, "geometry": { "type": "Polygon", "coordinates": [ [ [ 135.630739465, 34.710749326 ], [ 135.630678977, 34.710456242 ], [ 135.629711324999988, 34.710473499 ], [ 135.629709045999988, 34.710176535 ], [ 135.628730709, 34.710191317 ], [ 135.627653025, 34.71020651 ], [ 135.62742339, 34.710217798 ], [ 135.62676069, 34.710226498 ], [ 135.62594074899999, 34.710243185 ], [ 135.625597481, 34.710251597 ], [ 135.625537974, 34.710253578 ], [ 135.62554190899999, 34.710494924 ], [ 135.625545377, 34.710548935 ], [ 135.62562965699999, 34.710548924 ], [ 135.62595960199999, 34.710541553 ], [ 135.626764915, 34.710525361 ], [ 135.62772515399999, 34.710506212 ], [ 135.628549018, 34.710491597 ], [ 135.629409562, 34.710477089 ], [ 135.629414902, 34.710773071 ], [ 135.630739465, 34.710749326 ] ] ] } },
{ "type": "Feature", "properties": { "A29_001": "27218", "A29_002": "大阪府", "A29_003": "大東市", "A29_004": 6, "A29_005": "第二種住居地域", "A29_006": 60, "A29_007": 200, "A29_008": "条件付き公開" }, "geometry": { "type": "Polygon", "coordinates": [ [ [ 135.63418547399999, 34.710095758 ], [ 135.634214727, 34.710121719 ], [ 135.634351302, 34.710269707 ], [ 135.634451718, 34.710398293 ], [ 135.63484682699999, 34.710393257 ], [ 135.635206563, 34.710388745 ], [ 135.63599950299999, 34.710380118 ], [ 135.636325398999986, 34.710374871 ], [ 135.63634145099999, 34.710174423 ], [ 135.63635293199999, 34.710070513 ], [ 135.635832294000011, 34.710072294 ], [ 135.634884432, 34.710083611 ], [ 135.63418547399999, 34.710095758 ] ] ] } },
{ "type": "Feature", "properties": { "A29_001": "27218", "A29_002": "大阪府", "A29_003": "大東市", "A29_004": 6, "A29_005": "第二種住居地域", "A29_006": 60, "A29_007": 200, "A29_008": "条件付き公開" }, "geometry": { "type": "Polygon", "coordinates": [ [ [ 135.636606027999989, 34.729975681 ], [ 135.63664534899999, 34.729973183 ], [ 135.63690243, 34.729965476 ], [ 135.636854967, 34.72938269 ], [ 135.63682431699999, 34.728975658 ], [ 135.637180941, 34.728976721 ], [ 135.637144817, 34.728497552 ], [ 135.63707917, 34.727628033 ], [ 135.63695487199999, 34.726063006 ], [ 135.636943898, 34.725925854 ], [ 135.636930468, 34.725925633 ], [ 135.636926652, 34.725874326 ], [ 135.636908791, 34.72563916 ], [ 135.63688697399999, 34.725334746 ], [ 135.63686615200001, 34.725077393 ], [ 135.636841796999988, 34.724778921 ], [ 135.636834584000013, 34.724580838 ], [ 135.63621440899999, 34.724277794 ], [ 135.636230880999989, 34.724754741 ], [ 135.636234054999989, 34.724852745 ], [ 135.636255116, 34.725104869 ], [ 135.636276790000011, 34.725416675 ], [ 135.636284319999987, 34.725567159 ], [ 135.636311457, 34.725927934 ], [ 135.63623086699999, 34.725929496 ], [ 135.636242917, 34.726095049 ], [ 135.636324881, 34.727225785 ], [ 135.636411871, 34.728306321 ], [ 135.636482887, 34.72922012 ], [ 135.636539391000014, 34.729981882 ], [ 135.636606027999989, 34.729975681 ] ] ] } },
{ "type": "Feature", "properties": { "A29_001": "27218", "A29_002": "大阪府", "A29_003": "大東市", "A29_004": 6, "A29_005": "第二種住居地域", "A29_006": 60, "A29_007": 300, "A29_008": "条件付き公開" }, "geometry": { "type": "Polygon", "coordinates": [ [ [ 135.62103781499999, 34.702536079 ], [ 135.621267539, 34.702548693 ], [ 135.621575836, 34.702566059 ], [ 135.621745342, 34.702570281 ], [ 135.621772338, 34.70227503 ], [ 135.621189041, 34.702240043 ], [ 135.621052079, 34.702232765 ], [ 135.62103781499999, 34.702536079 ] ] ] } },
{ "type": "Feature", "properties": { "A29_001": "27218", "A29_002": "大阪府", "A29_003": "大東市", "A29_004": 6, "A29_005": "第二種住居地域", "A29_006": 60, "A29_007": 300, "A29_008": "条件付き公開" }, "geometry": { "type": "Polygon", "coordinates": [ [ [ 135.616381244, 34.710323718 ], [ 135.617917718, 34.71046278 ], [ 135.617912587, 34.709845411 ], [ 135.617236842000011, 34.709795149 ], [ 135.616045394, 34.709695209 ], [ 135.614923769, 34.709605395 ], [ 135.613575034, 34.709501328 ], [ 135.61358384499999, 34.709742781 ], [ 135.61359926599999, 34.709877605 ], [ 135.613610302000012, 34.71011023 ], [ 135.614464954999988, 34.710188754 ], [ 135.615609707, 34.710283513 ], [ 135.616309222000012, 34.710317181 ], [ 135.616381244, 34.710323718 ] ] ] } },
{ "type": "Feature", "properties": { "A29_001": "27218", "A29_002": "大阪府", "A29_003": "大東市", "A29_004": 6, "A29_005": "第二種住居地域", "A29_006": 60, "A29_007": 300, "A29_008": "条件付き公開" }, "geometry": { "type": "Polygon", "coordinates": [ [ [ 135.62359014, 34.710837344 ], [ 135.623717642, 34.71083954 ], [ 135.624509369, 34.710858931 ], [ 135.625575598000012, 34.710843912 ], [ 135.625561901999987, 34.710733705 ], [ 135.625545377, 34.710548935 ], [ 135.62554190899999, 34.710494924 ], [ 135.625537974, 34.710253578 ], [ 135.625043032, 34.710270176 ], [ 135.62446713599999, 34.710275705 ], [ 135.624324976999986, 34.710280135 ], [ 135.623957891, 34.710268364 ], [ 135.623832197000013, 34.710470095 ], [ 135.623780837, 34.710553416 ], [ 135.62363215100001, 34.710552506 ], [ 135.62359014, 34.710837344 ] ] ] } },
{ "type": "Feature", "properties": { "A29_001": "27218", "A29_002": "大阪府", "A29_003": "大東市", "A29_004": 7, "A29_005": "準住居地域", "A29_006": 60, "A29_007": 200, "A29_008": "条件付き公開" }, "geometry": { "type": "Polygon", "coordinates": [ [ [ 135.59133503699999, 34.707220031 ], [ 135.591472188000012, 34.707209983 ], [ 135.59169826499999, 34.707188924 ], [ 135.591988243, 34.707159875 ], [ 135.59225425599999, 34.707142465 ], [ 135.59225134799999, 34.706088681 ], [ 135.592253048, 34.705920105 ], [ 135.592250037000014, 34.705866455 ], [ 135.592227234, 34.705886212 ], [ 135.59215870599999, 34.705947465 ], [ 135.591963314999987, 34.706122605 ], [ 135.591822923, 34.706257361 ], [ 135.591632806, 34.706447664 ], [ 135.59153895899999, 34.706551654 ], [ 135.591495638, 34.706592528 ], [ 135.591485517, 34.70660827 ], [ 135.59151552, 34.706611796 ], [ 135.591474392, 34.706650604 ], [ 135.591444387, 34.706647618 ], [ 135.591330562, 34.706767395 ], [ 135.59133503699999, 34.707220031 ] ] ] } },
{ "type": "Feature", "properties": { "A29_001": "27218", "A29_002": "大阪府", "A29_003": "大東市", "A29_004": 7, "A29_005": "準住居地域", "A29_006": 60, "A29_007": 200, "A29_008": "条件付き公開" }, "geometry": { "type": "Polygon", "coordinates": [ [ [ 135.637142514, 34.715929436 ], [ 135.63742915, 34.715969234 ], [ 135.637583102, 34.715991419 ], [ 135.637750231000012, 34.715721012 ], [ 135.637845607, 34.715556049 ], [ 135.637916039, 34.715427793 ], [ 135.637996531, 34.715270899 ], [ 135.6380633, 34.715131363 ], [ 135.63812846, 34.714985242 ], [ 135.638217824, 34.714746337 ], [ 135.63829751899999, 34.714496314 ], [ 135.638360971, 34.714265626 ], [ 135.638397371999986, 34.714104725 ], [ 135.63841856, 34.713977584 ], [ 135.63844258899999, 34.713774455 ], [ 135.638461344, 34.713578884 ], [ 135.63848825, 34.713341866 ], [ 135.638527790000012, 34.712860848 ], [ 135.638569329, 34.71234666 ], [ 135.638611389, 34.711913338 ], [ 135.63834648400001, 34.711850348 ], [ 135.638187662, 34.711820037 ], [ 135.638158769, 34.712162254 ], [ 135.638130047, 34.712390071 ], [ 135.63813461, 34.712545595 ], [ 135.638141537, 34.712659566 ], [ 135.638145193000014, 34.712772807 ], [ 135.63814090599999, 34.712854651 ], [ 135.638118842000011, 34.713007572 ], [ 135.638108278, 34.713177024 ], [ 135.638083583999986, 34.713432348 ], [ 135.638053903000014, 34.713704877 ], [ 135.638024419, 34.713956851 ], [ 135.637999236000013, 34.714123916 ], [ 135.63794626699999, 34.714328853 ], [ 135.637888393, 34.714531791 ], [ 135.63781395, 34.714728549 ], [ 135.637701203, 34.714971712 ], [ 135.637580906000011, 34.715193486 ], [ 135.637501062000013, 34.715326942 ], [ 135.637160990000012, 34.715898749 ], [ 135.637142514, 34.715929436 ] ] ] } },
{ "type": "Feature", "properties": { "A29_001": "27218", "A29_002": "大阪府", "A29_003": "大東市", "A29_004": 7, "A29_005": "準住居地域", "A29_006": 60, "A29_007": 200, "A29_008": "条件付き公開" }, "geometry": { "type": "Polygon", "coordinates": [ [ [ 135.630893168999989, 34.728662137 ], [ 135.63089743, 34.728661699 ], [ 135.63121620199999, 34.728629399 ], [ 135.631441115, 34.728610787 ], [ 135.63143068, 34.728354187 ], [ 135.631434804, 34.728015413 ], [ 135.631435264, 34.727862609 ], [ 135.631453991, 34.727579592 ], [ 135.63145894199999, 34.727497299 ], [ 135.631470116, 34.727415476 ], [ 135.63147719, 34.727346803 ], [ 135.631479015999986, 34.727329139 ], [ 135.631482962, 34.727276412 ], [ 135.631501985, 34.727172706 ], [ 135.63152123399999, 34.727091809 ], [ 135.631564016, 34.72694896 ], [ 135.631634029999987, 34.726722532 ], [ 135.631705716999988, 34.726512698 ], [ 135.631759751, 34.72636844 ], [ 135.631782071, 34.726309098 ], [ 135.631802474000011, 34.726263273 ], [ 135.631824865999988, 34.726212405 ], [ 135.631981016, 34.725890588 ], [ 135.632035351000013, 34.725776801 ], [ 135.63208918699999, 34.725676897 ], [ 135.632274655, 34.725342096 ], [ 135.63246781699999, 34.725020209 ], [ 135.632608506, 34.724810853 ], [ 135.632943544, 34.724256894 ], [ 135.633069513, 34.724042264 ], [ 135.63328991899999, 34.723681513 ], [ 135.63354788800001, 34.72327021 ], [ 135.63367129299999, 34.72306684 ], [ 135.633844014, 34.722797178 ], [ 135.633904703000013, 34.722702431 ], [ 135.634219478, 34.722208629 ], [ 135.634233439000013, 34.722187215 ], [ 135.634367872000013, 34.721958185 ], [ 135.634395251, 34.721914724 ], [ 135.63463744399999, 34.721513107 ], [ 135.634950484, 34.72101452 ], [ 135.63456107, 34.720855318 ], [ 135.63426780399999, 34.720730841 ], [ 135.634035546, 34.721107966 ], [ 135.634019601, 34.721133791 ], [ 135.633642615000014, 34.721721614 ], [ 135.633496887, 34.721961337 ], [ 135.63340395, 34.722114314 ], [ 135.633170388, 34.722488278 ], [ 135.633082191, 34.722630991 ], [ 135.63301542, 34.722742848 ], [ 135.63323091399999, 34.722875478 ], [ 135.633091196, 34.723113416 ], [ 135.633036352, 34.723194927 ], [ 135.63275528, 34.723644834 ], [ 135.632488876999986, 34.72408586 ], [ 135.632323566, 34.724357076 ], [ 135.632164093, 34.724616679 ], [ 135.632036285, 34.724826615 ], [ 135.631805539999988, 34.725202568 ], [ 135.631768131, 34.725266732 ], [ 135.631604057, 34.725504144 ], [ 135.631474325999989, 34.7257779 ], [ 135.631303057, 34.726135281 ], [ 135.631217412000012, 34.726365447 ], [ 135.631134411, 34.726614823 ], [ 135.63107619499999, 34.726815232 ], [ 135.631026238, 34.72699989 ], [ 135.630973544999989, 34.727259635 ], [ 135.63096482899999, 34.727304503 ], [ 135.63094084299999, 34.727419193 ], [ 135.630899217, 34.727719359 ], [ 135.63088466100001, 34.727874194 ], [ 135.630878069, 34.728104328 ], [ 135.63088233799999, 34.72839679 ], [ 135.630887667, 34.728450627 ], [ 135.630893168999989, 34.728662137 ] ] ] } },
{ "type": "Feature", "properties": { "A29_001": "27218", "A29_002": "大阪府", "A29_003": "大東市", "A29_004": 8, "A29_005": "近隣商業地域", "A29_006": 80, "A29_007": 300, "A29_008": "条件付き公開" }, "geometry": { "type": "Polygon", "coordinates": [ [ [ 135.622408535, 34.706163956 ], [ 135.622596832, 34.706190503 ], [ 135.622939468, 34.706221584 ], [ 135.623214678000011, 34.706244252 ], [ 135.62358573, 34.706268117 ], [ 135.62375162699999, 34.70627539 ], [ 135.624023368, 34.706292907 ], [ 135.624208329999988, 34.706308984 ], [ 135.62445848199999, 34.706345004 ], [ 135.624472658, 34.706058457 ], [ 135.62445094200001, 34.706056768 ], [ 135.624080189000011, 34.706015147 ], [ 135.624012967, 34.706010071 ], [ 135.623687963, 34.705990857 ], [ 135.623535928, 34.705983987 ], [ 135.623537292, 34.705779348 ], [ 135.62353485700001, 34.705762663 ], [ 135.623555159, 34.704871402 ], [ 135.623546446, 34.704794837 ], [ 135.623521081, 34.704658721 ], [ 135.623517907, 34.704636444 ], [ 135.62290317899999, 34.704619938 ], [ 135.622923222999987, 34.704677336 ], [ 135.62293551, 34.704736063 ], [ 135.62295978, 34.704920587 ], [ 135.62295487, 34.704944282 ], [ 135.622938379, 34.705763884 ], [ 135.62293288699999, 34.705939661 ], [ 135.622440360000013, 34.70588675 ], [ 135.622408535, 34.706163956 ] ] ] } },
{ "type": "Feature", "properties": { "A29_001": "27218", "A29_002": "大阪府", "A29_003": "大東市", "A29_004": 8, "A29_005": "近隣商業地域", "A29_006": 80, "A29_007": 300, "A29_008": "条件付き公開" }, "geometry": { "type": "Polygon", "coordinates": [ [ [ 135.635244018, 34.72008387 ], [ 135.63555245, 34.720086145 ], [ 135.636042822, 34.720078957 ], [ 135.636270599999989, 34.720048896 ], [ 135.636323312, 34.720054192 ], [ 135.636708039000013, 34.720036859 ], [ 135.636792092, 34.720040805 ], [ 135.636834865, 34.720046973 ], [ 135.637057032, 34.720051512 ], [ 135.637095464999987, 34.71997635 ], [ 135.63714233799999, 34.71986885 ], [ 135.637172606, 34.719788074 ], [ 135.637184308, 34.719733658 ], [ 135.637212408000011, 34.719699665 ], [ 135.637295297, 34.7196451 ], [ 135.637360268, 34.719618428 ], [ 135.637484332000014, 34.719585892 ], [ 135.637576235000012, 34.719567324 ], [ 135.637550909, 34.719391094 ], [ 135.63898255, 34.719405442 ], [ 135.639266152, 34.719417551 ], [ 135.639648182, 34.719417149 ], [ 135.639995808, 34.719419438 ], [ 135.640254575, 34.719418039 ], [ 135.64061750799999, 34.719415414 ], [ 135.640869723, 34.719414265 ], [ 135.641227198, 34.719411261 ], [ 135.641468506, 34.719407644 ], [ 135.641475906000011, 34.719109807 ], [ 135.641514265000012, 34.718848392 ], [ 135.6411747, 34.718850909 ], [ 135.640974776, 34.718854016 ], [ 135.640005217, 34.718860801 ], [ 135.639281899999986, 34.718858662 ], [ 135.639006376999987, 34.718846937 ], [ 135.638979193000011, 34.718846586 ], [ 135.638013199, 34.718836869 ], [ 135.637941423, 34.718546369 ], [ 135.63789189, 34.718337883 ], [ 135.637924975, 34.718337261 ], [ 135.637932414, 34.718158604 ], [ 135.637723994, 34.718157263 ], [ 135.637255624, 34.718154156 ], [ 135.637223352, 34.718043806 ], [ 135.637105442, 34.71759279 ], [ 135.63705977699999, 34.717424252 ], [ 135.637008810999987, 34.7172447 ], [ 135.636849562, 34.717509359 ], [ 135.636666797, 34.717808566 ], [ 135.636518196, 34.718059914 ], [ 135.63627855199999, 34.718432244 ], [ 135.636195918999988, 34.71855316 ], [ 135.635956626, 34.718944511 ], [ 135.635913953, 34.719015332 ], [ 135.635898451, 34.719039807 ], [ 135.635456115000011, 34.719024601 ], [ 135.6352606, 34.719017886 ], [ 135.634812692999986, 34.719003111 ], [ 135.63341843, 34.718957274 ], [ 135.63330904599999, 34.7189537 ], [ 135.633386352, 34.719224475 ], [ 135.633524287, 34.719735595 ], [ 135.633573942999988, 34.719740522 ], [ 135.634450622, 34.719827537 ], [ 135.63441157, 34.719918743 ], [ 135.634426335, 34.719962691 ], [ 135.634526185999988, 34.720023932 ], [ 135.634638645, 34.720073312 ], [ 135.63498572099999, 34.720226166 ], [ 135.635074135, 34.72008264 ], [ 135.635244018, 34.72008387 ] ] ] } },
{ "type": "Feature", "properties": { "A29_001": "27218", "A29_002": "大阪府", "A29_003": "大東市", "A29_004": 8, "A29_005": "近隣商業地域", "A29_006": 80, "A29_007": 300, "A29_008": "条件付き公開" }, "geometry": { "type": "Polygon", "coordinates": [ [ [ 135.636232260000014, 34.731917403 ], [ 135.636991337000012, 34.731883607 ], [ 135.637018149999989, 34.731919928 ], [ 135.63703476, 34.731942335 ], [ 135.637047099, 34.731942371 ], [ 135.63703165199999, 34.731579018 ], [ 135.63699822699999, 34.731181985 ], [ 135.636976887, 34.730942751 ], [ 135.63693053, 34.73030669 ], [ 135.63690243, 34.729965476 ], [ 135.63664534899999, 34.729973183 ], [ 135.636606027999989, 34.729975681 ], [ 135.636623181, 34.730522406 ], [ 135.636642104, 34.730964111 ], [ 135.636531940999987, 34.730960356 ], [ 135.63623543599999, 34.730968126 ], [ 135.636229746999987, 34.731244871 ], [ 135.636227369000011, 34.73146366 ], [ 135.636232646, 34.73158015 ], [ 135.63622848899999, 34.731831118 ], [ 135.636232260000014, 34.731917403 ] ] ] } },
{ "type": "Feature", "properties": { "A29_001": "27218", "A29_002": "大阪府", "A29_003": "大東市", "A29_004": 8, "A29_005": "近隣商業地域", "A29_006": 80, "A29_007": 300, "A29_008": "条件付き公開" }, "geometry": { "type": "Polygon", "coordinates": [ [ [ 135.638202080000013, 34.731894872 ], [ 135.638989818, 34.731848979 ], [ 135.639257749, 34.731833545 ], [ 135.639308648, 34.731830631 ], [ 135.639427923, 34.731823772 ], [ 135.63942524399999, 34.731912472 ], [ 135.639806622, 34.731899447 ], [ 135.639799334, 34.731766904 ], [ 135.639766345, 34.731719297 ], [ 135.639803969000013, 34.731629979 ], [ 135.639877958, 34.731414377 ], [ 135.639907943, 34.731323864 ], [ 135.639940389, 34.731219745 ], [ 135.639973486, 34.731091559 ], [ 135.639982949, 34.730999453 ], [ 135.63998834, 34.730939609 ], [ 135.640010356, 34.730798137 ], [ 135.64000335, 34.730550382 ], [ 135.63999789799999, 34.730246378 ], [ 135.639984696999989, 34.729891145 ], [ 135.640404388, 34.729879222 ], [ 135.640396648, 34.729598921 ], [ 135.640401813000011, 34.72944 ], [ 135.640397199, 34.729143841 ], [ 135.64038392, 34.728806278 ], [ 135.640076966, 34.728833408 ], [ 135.63981876, 34.728849683 ], [ 135.63956500399999, 34.728872102 ], [ 135.639342207999988, 34.728881178 ], [ 135.639159272, 34.728889201 ], [ 135.638977735, 34.728902096 ], [ 135.63880799099999, 34.728914935 ], [ 135.638396139, 34.728958247 ], [ 135.638393605, 34.729214178 ], [ 135.638398486999989, 34.729898436 ], [ 135.63863523399999, 34.729896074 ], [ 135.638667012000013, 34.730422468 ], [ 135.638699007000014, 34.731074894 ], [ 135.638725098, 34.731478035 ], [ 135.638575030999988, 34.731484712 ], [ 135.63847191799999, 34.731491708 ], [ 135.638195134, 34.731509187 ], [ 135.638201528, 34.731795975 ], [ 135.638202080000013, 34.731894872 ] ] ] } },
{ "type": "Feature", "properties": { "A29_001": "27218", "A29_002": "大阪府", "A29_003": "大東市", "A29_004": 9, "A29_005": "商業地域", "A29_006": 80, "A29_007": 600, "A29_008": "条件付き公開" }, "geometry": { "type": "Polygon", "coordinates": [ [ [ 135.620585635999987, 34.706370419 ], [ 135.62058349599999, 34.706815218 ], [ 135.621503813, 34.706899576 ], [ 135.62183879599999, 34.706933521 ], [ 135.623272388, 34.707095636 ], [ 135.623241613, 34.706876654 ], [ 135.62324314, 34.706539765 ], [ 135.622047364, 34.706488011 ], [ 135.621257275, 34.706453825 ], [ 135.620721589, 34.706432866 ], [ 135.620585635999987, 34.706370419 ] ] ] } },
{ "type": "Feature", "properties": { "A29_001": "27218", "A29_002": "大阪府", "A29_003": "大東市", "A29_004": 9, "A29_005": "商業地域", "A29_006": 80, "A29_007": 400, "A29_008": "条件付き公開" }, "geometry": { "type": "Polygon", "coordinates": [ [ [ 135.626383365, 34.707150561 ], [ 135.62645587099999, 34.707097504 ], [ 135.626506863, 34.707070705 ], [ 135.626581845, 34.707001068 ], [ 135.62598501299999, 34.706788104 ], [ 135.625425908000011, 34.706585349 ], [ 135.625175743999989, 34.706503354 ], [ 135.62490839, 34.706432844 ], [ 135.624778066, 34.706404496 ], [ 135.624554366000012, 34.706360895 ], [ 135.62445848199999, 34.706345004 ], [ 135.624208329999988, 34.706308984 ], [ 135.624023368, 34.706292907 ], [ 135.62375162699999, 34.70627539 ], [ 135.62358573, 34.706268117 ], [ 135.623214678000011, 34.706244252 ], [ 135.622939468, 34.706221584 ], [ 135.622596832, 34.706190503 ], [ 135.622408535, 34.706163956 ], [ 135.621806146000011, 34.706096188 ], [ 135.621191176, 34.706058397 ], [ 135.620727319, 34.706038383 ], [ 135.620657142999988, 34.706034829 ], [ 135.620388365999986, 34.706037959 ], [ 135.61986844099999, 34.706056261 ], [ 135.619434625, 34.706055719 ], [ 135.618930871, 34.706047112 ], [ 135.61853955699999, 34.706038225 ], [ 135.61849977599999, 34.706737582 ], [ 135.619427937000012, 34.706824686 ], [ 135.620717445999986, 34.706957983 ], [ 135.621998115999986, 34.707091059 ], [ 135.622931326000014, 34.707198075 ], [ 135.62355816199999, 34.707269069 ], [ 135.62357092799999, 34.70727046 ], [ 135.625086212000014, 34.707450746 ], [ 135.626097425000012, 34.707570599 ], [ 135.626150743000011, 34.707439412 ], [ 135.62618317, 34.707389749 ], [ 135.62626322, 34.707261439 ], [ 135.626383365, 34.707150561 ] ], [ [ 135.620721589, 34.706432866 ], [ 135.621257275, 34.706453825 ], [ 135.622047364, 34.706488011 ], [ 135.62324314, 34.706539765 ], [ 135.623241613, 34.706876654 ], [ 135.623272388, 34.707095636 ], [ 135.62183879599999, 34.706933521 ], [ 135.621503813, 34.706899576 ], [ 135.62058349599999, 34.706815218 ], [ 135.620585635999987, 34.706370419 ], [ 135.620721589, 34.706432866 ] ] ] } },
{ "type": "Feature", "properties": { "A29_001": "27218", "A29_002": "大阪府", "A29_003": "大東市", "A29_004": 10, "A29_005": "準工業地域", "A29_006": 60, "A29_007": 200, "A29_008": "条件付き公開" }, "geometry": { "type": "Polygon", "coordinates": [ [ [ 135.621052079, 34.702232765 ], [ 135.621189041, 34.702240043 ], [ 135.621772338, 34.70227503 ], [ 135.622391104, 34.702312108 ], [ 135.622678449, 34.702327783 ], [ 135.622612575, 34.702026654 ], [ 135.622542944, 34.701735251 ], [ 135.622412211000011, 34.701174016 ], [ 135.62239933399999, 34.701173255 ], [ 135.622271434999988, 34.701165826 ], [ 135.621875472999989, 34.701151977 ], [ 135.621715908999988, 34.701146524 ], [ 135.621616222, 34.701152074 ], [ 135.621513601, 34.701154911 ], [ 135.62129531299999, 34.701148823 ], [ 135.620946951, 34.701133316 ], [ 135.62052900899999, 34.701104339 ], [ 135.61991966299999, 34.701086213 ], [ 135.619258758, 34.701076216 ], [ 135.61884075399999, 34.701060936 ], [ 135.61816467, 34.701028439 ], [ 135.617779152999987, 34.701022452 ], [ 135.61774707699999, 34.700876307 ], [ 135.61768633299999, 34.70048441 ], [ 135.617624196, 34.700229087 ], [ 135.61762468, 34.700218811 ], [ 135.617519173, 34.700255983 ], [ 135.617440921, 34.700276833 ], [ 135.617383254, 34.700283774 ], [ 135.616798233, 34.700270757 ], [ 135.616771373, 34.700627581 ], [ 135.61582054499999, 34.700595107 ], [ 135.61491306799999, 34.700559518 ], [ 135.61425485, 34.700536251 ], [ 135.613406293, 34.700506156 ], [ 135.61337977, 34.700411774 ], [ 135.61334788, 34.700415279 ], [ 135.612887362, 34.700482422 ], [ 135.612921486, 34.700561773 ], [ 135.612945395, 34.700654794 ], [ 135.61299915, 34.700902069 ], [ 135.612809094999989, 34.70125603 ], [ 135.613062176, 34.701971641 ], [ 135.61307943700001, 34.701968541 ], [ 135.613526955, 34.701881974 ], [ 135.613584545, 34.702056148 ], [ 135.613662478, 34.7022925 ], [ 135.613727661000013, 34.702500686 ], [ 135.613735420000012, 34.702498727 ], [ 135.614160567999988, 34.702411005 ], [ 135.61428274299999, 34.702381822 ], [ 135.614387728999986, 34.702222677 ], [ 135.614593869, 34.702142013 ], [ 135.614765474, 34.702069713 ], [ 135.614884582, 34.702019425 ], [ 135.614960884, 34.702113603 ], [ 135.615120295999986, 34.702081472 ], [ 135.615162543, 34.702151653 ], [ 135.615339962, 34.70212048 ], [ 135.61545225, 34.702104968 ], [ 135.61567564399999, 34.702045902 ], [ 135.615767267, 34.702037627 ], [ 135.615765399999987, 34.702110824 ], [ 135.616997493000014, 34.702084231 ], [ 135.617551823000014, 34.702080023 ], [ 135.61757824, 34.702079835 ], [ 135.617681508, 34.702079077 ], [ 135.618457404, 34.702104498 ], [ 135.618502589, 34.702105991 ], [ 135.619164853, 34.702130961 ], [ 135.619492165, 34.702143253 ], [ 135.620506742, 34.702203752 ], [ 135.621052079, 34.702232765 ] ] ] } },
{ "type": "Feature", "properties": { "A29_001": "27218", "A29_002": "大阪府", "A29_003": "大東市", "A29_004": 10, "A29_005": "準工業地域", "A29_006": 60, "A29_007": 300, "A29_008": "条件付き公開" }, "geometry": { "type": "Polygon", "coordinates": [ [ [ 135.637105442, 34.71759279 ], [ 135.637379624, 34.717135369 ], [ 135.637458081, 34.716995057 ], [ 135.63747481499999, 34.716963194 ], [ 135.637484062999988, 34.716945642 ], [ 135.637673411, 34.716637889 ], [ 135.637927776999987, 34.716216649 ], [ 135.638029996, 34.716059549 ], [ 135.637748944, 34.716016162 ], [ 135.637583102, 34.715991419 ], [ 135.6369482, 34.71702374 ], [ 135.637008810999987, 34.7172447 ], [ 135.63705977699999, 34.717424252 ], [ 135.637105442, 34.71759279 ] ] ] } },
{ "type": "Feature", "properties": { "A29_001": "27218", "A29_002": "大阪府", "A29_003": "大東市", "A29_004": 10, "A29_005": "準工業地域", "A29_006": 60, "A29_007": 200, "A29_008": "条件付き公開" }, "geometry": { "type": "Polygon", "coordinates": [ [ [ 135.625964208999989, 34.711434062 ], [ 135.626014797000011, 34.711424751 ], [ 135.62639617100001, 34.711416365 ], [ 135.626837748000014, 34.711396893 ], [ 135.627379351, 34.711420458 ], [ 135.627589653, 34.711436426 ], [ 135.627624274999988, 34.711774057 ], [ 135.628152113, 34.71177603 ], [ 135.628905022999987, 34.71178689 ], [ 135.62944398499999, 34.711791234 ], [ 135.629431043000011, 34.711339629 ], [ 135.629423548, 34.710817091 ], [ 135.629414902, 34.710773071 ], [ 135.629409562, 34.710477089 ], [ 135.628549018, 34.710491597 ], [ 135.62772515399999, 34.710506212 ], [ 135.626764915, 34.710525361 ], [ 135.62595960199999, 34.710541553 ], [ 135.62562965699999, 34.710548924 ], [ 135.625545377, 34.710548935 ], [ 135.625561901999987, 34.710733705 ], [ 135.625575598000012, 34.710843912 ], [ 135.625588048, 34.710939781 ], [ 135.625612955, 34.711154236 ], [ 135.625632743000011, 34.711244989 ], [ 135.625648137000013, 34.711341768 ], [ 135.625667381, 34.711407818 ], [ 135.625683286999987, 34.71146349 ], [ 135.62572698, 34.711458125 ], [ 135.625964208999989, 34.711434062 ] ] ] } },
{ "type": "Feature", "properties": { "A29_001": "27218", "A29_002": "大阪府", "A29_003": "大東市", "A29_004": 11, "A29_005": "工業地域", "A29_006": 60, "A29_007": 200, "A29_008": "条件付き公開" }, "geometry": { "type": "Polygon", "coordinates": [ [ [ 135.60832654399999, 34.719940356 ], [ 135.608326827000013, 34.719949823 ], [ 135.612479976, 34.719983478 ], [ 135.612564085, 34.71946015 ], [ 135.61274647499999, 34.718347458 ], [ 135.61280132600001, 34.717987119 ], [ 135.612873752000013, 34.717556789 ], [ 135.613077725000011, 34.716262059 ], [ 135.613991835, 34.716269827 ], [ 135.615340323, 34.716286082 ], [ 135.61599545499999, 34.716295721 ], [ 135.616655081, 34.716301314 ], [ 135.618382948, 34.716321163 ], [ 135.618884831, 34.716322734 ], [ 135.618868399, 34.716168164 ], [ 135.618770930000011, 34.715210727 ], [ 135.618665794, 34.714306906 ], [ 135.618578345, 34.713450649 ], [ 135.618228095, 34.713454961 ], [ 135.618218485, 34.713455472 ], [ 135.617811827999986, 34.713475653 ], [ 135.617467862000012, 34.71349044 ], [ 135.61719038699999, 34.713504173 ], [ 135.61705751299999, 34.71350619 ], [ 135.616738639, 34.71352466 ], [ 135.616319417999989, 34.713546509 ], [ 135.61605963400001, 34.713559123 ], [ 135.615814594999989, 34.713570521 ], [ 135.61583120899999, 34.713802261 ], [ 135.615855985, 34.714181604 ], [ 135.615875324, 34.714485203 ], [ 135.615888901, 34.714665728 ], [ 135.615758637999988, 34.714669194 ], [ 135.615293256, 34.714685485 ], [ 135.615160489, 34.7146875 ], [ 135.614521462999988, 34.714739029 ], [ 135.613940772, 34.714782897 ], [ 135.61391273800001, 34.714331333 ], [ 135.613894993, 34.714085525 ], [ 135.613872304000012, 34.713775875 ], [ 135.613826061999987, 34.713178479 ], [ 135.614199793000012, 34.71317209 ], [ 135.614155834, 34.712482206 ], [ 135.614272336999989, 34.712478879 ], [ 135.61423395599999, 34.711857257 ], [ 135.61419940499999, 34.711351401 ], [ 135.614931086000013, 34.711324507 ], [ 135.615850239999986, 34.711292069 ], [ 135.616428531999986, 34.711265854 ], [ 135.616433398, 34.711205017 ], [ 135.616381244, 34.710323718 ], [ 135.616309222000012, 34.710317181 ], [ 135.615609707, 34.710283513 ], [ 135.614464954999988, 34.710188754 ], [ 135.613610302000012, 34.71011023 ], [ 135.613613821, 34.710268997 ], [ 135.613655838999989, 34.710788219 ], [ 135.613701547, 34.71133567 ], [ 135.61329465599999, 34.711361154 ], [ 135.612509746, 34.711401302 ], [ 135.612390874, 34.711421298 ], [ 135.611814087, 34.711475445 ], [ 135.611731063, 34.711486901 ], [ 135.611029593000012, 34.711542811 ], [ 135.61074190799999, 34.711569929 ], [ 135.609841018999987, 34.711617622 ], [ 135.609829547, 34.711200998 ], [ 135.609824298, 34.710807743 ], [ 135.609820688000013, 34.710158194 ], [ 135.60982114, 34.709759728 ], [ 135.60982292, 34.709380739 ], [ 135.60951210799999, 34.709289593 ], [ 135.609185215, 34.709182527 ], [ 135.608827330999986, 34.709049758 ], [ 135.608496405000011, 34.708895439 ], [ 135.607792101, 34.708931578 ], [ 135.607412305999986, 34.708954335 ], [ 135.607084308, 34.70896644 ], [ 135.606336467, 34.708997833 ], [ 135.605904732999988, 34.709015369 ], [ 135.605771596000011, 34.7090281 ], [ 135.605503196, 34.709041656 ], [ 135.60495943, 34.709064415 ], [ 135.604735041999987, 34.709074415 ], [ 135.604127925, 34.709104178 ], [ 135.60404717099999, 34.709097605 ], [ 135.603313617, 34.709131459 ], [ 135.60308648099999, 34.709145234 ], [ 135.60214198, 34.709185967 ], [ 135.60159428599999, 34.709207797 ], [ 135.60145515799999, 34.709217799 ], [ 135.600804406, 34.70924028 ], [ 135.599901506, 34.709278788 ], [ 135.59921596, 34.709317554 ], [ 135.59929624899999, 34.709601343 ], [ 135.599453321, 34.710149526 ], [ 135.599554788, 34.710524436 ], [ 135.599638645999988, 34.710815899 ], [ 135.59969999, 34.711021825 ], [ 135.599884003, 34.711712174 ], [ 135.59999849799999, 34.712125621 ], [ 135.6001142, 34.712538351 ], [ 135.59974256699999, 34.712585451 ], [ 135.59870383399999, 34.712711311 ], [ 135.59871845699999, 34.712780505 ], [ 135.598791667, 34.713038397 ], [ 135.598835823, 34.713231645 ], [ 135.59888805, 34.713426363 ], [ 135.598943767, 34.713599365 ], [ 135.599023917000011, 34.713844839 ], [ 135.59915125399999, 34.714311789 ], [ 135.599171436, 34.714382894 ], [ 135.599184844, 34.714432521 ], [ 135.59911790699999, 34.714435006 ], [ 135.599253822, 34.714640456 ], [ 135.59924626899999, 34.714757717 ], [ 135.59929671899999, 34.714800705 ], [ 135.59930353199999, 34.71481416 ], [ 135.59986969799999, 34.714841082 ], [ 135.59993788700001, 34.71487331 ], [ 135.60002182, 34.71490063 ], [ 135.60019763599999, 34.714959805 ], [ 135.600372042, 34.715017173 ], [ 135.60048705, 34.715053159 ], [ 135.600614581, 34.715095768 ], [ 135.60074319, 34.715141265 ], [ 135.600906635, 34.715207791 ], [ 135.60099599599999, 34.71524189 ], [ 135.601064613, 34.715275921 ], [ 135.601135414999987, 34.71530996 ], [ 135.601206964, 34.715347426 ], [ 135.601270069, 34.715392708 ], [ 135.60135579300001, 34.715456545 ], [ 135.601448252000012, 34.715527796 ], [ 135.601552846, 34.715618289 ], [ 135.601579531, 34.715631448 ], [ 135.601601312000014, 34.715642788 ], [ 135.601653688999988, 34.715648639 ], [ 135.60176418899999, 34.715668563 ], [ 135.601819484, 34.715680734 ], [ 135.601857652, 34.715689874 ], [ 135.60189363399999, 34.715699457 ], [ 135.602003513, 34.715735426 ], [ 135.6020375, 34.715751313 ], [ 135.602066137, 34.715767183 ], [ 135.60210551599999, 34.715797061 ], [ 135.602253853, 34.71589554 ], [ 135.602381724, 34.7159816 ], [ 135.602431220999989, 34.716018994 ], [ 135.602472, 34.716052934 ], [ 135.60251137099999, 34.716084615 ], [ 135.602545426, 34.716109067 ], [ 135.602578846, 34.71612946 ], [ 135.602619667, 34.716154835 ], [ 135.602657803, 34.716170736 ], [ 135.602780888000012, 34.716230366 ], [ 135.60280351599999, 34.716247388 ], [ 135.60285575099999, 34.716282898 ], [ 135.60291959700001, 34.71633341 ], [ 135.602979459000011, 34.71637237 ], [ 135.603020265, 34.71640063 ], [ 135.603054364, 34.716416067 ], [ 135.603095967, 34.716437658 ], [ 135.603227221, 34.716501642 ], [ 135.603343744, 34.716563955 ], [ 135.603457375, 34.716614629 ], [ 135.603507723, 34.716633905 ], [ 135.603522736, 34.716645223 ], [ 135.603593168, 34.716757058 ], [ 135.60364535, 34.716849633 ], [ 135.603750786, 34.716901812 ], [ 135.60387193, 34.716956748 ], [ 135.603934554, 34.716989135 ], [ 135.604009463000011, 34.7170322 ], [ 135.604103235999986, 34.717080555 ], [ 135.604288696, 34.717179422 ], [ 135.604532169, 34.717293352 ], [ 135.604771551999988, 34.717394827 ], [ 135.605141773000014, 34.717556947 ], [ 135.605391379, 34.7176443 ], [ 135.605552291, 34.717717212 ], [ 135.605745412, 34.717812857 ], [ 135.606025281, 34.717965395 ], [ 135.60612569700001, 34.718017557 ], [ 135.606364329, 34.718117314 ], [ 135.606503258, 34.718175459 ], [ 135.60660410700001, 34.718205715 ], [ 135.60668016, 34.718238234 ], [ 135.606818092, 34.7183227 ], [ 135.607019863, 34.718436941 ], [ 135.607114797, 34.718494313 ], [ 135.60726453699999, 34.71857548 ], [ 135.607365815, 34.718630528 ], [ 135.607344418, 34.718999447 ], [ 135.607320460000011, 34.719402073 ], [ 135.607653691, 34.719469678 ], [ 135.60832408499999, 34.719581999 ], [ 135.60836577, 34.719586641 ], [ 135.608326401999989, 34.719831544 ], [ 135.608326260000013, 34.71993116 ], [ 135.60832654399999, 34.719940356 ] ] ] } },
{ "type": "Feature", "properties": { "A29_001": "27218", "A29_002": "大阪府", "A29_003": "大東市", "A29_004": 8, "A29_005": "近隣商業地域", "A29_006": 80, "A29_007": 300, "A29_008": "条件付き公開" }, "geometry": { "type": "Polygon", "coordinates": [ [ [ 135.617206778, 34.704611037 ], [ 135.616628278, 34.704155158 ], [ 135.616601417, 34.704154714 ], [ 135.616526857, 34.704111042 ], [ 135.615973217, 34.704066581 ], [ 135.615920612, 34.704451995 ], [ 135.615899272, 34.704628894 ], [ 135.61586074499999, 34.70462742 ], [ 135.615782682, 34.705031231 ], [ 135.61596787900001, 34.705089962 ], [ 135.615751526, 34.705678417 ], [ 135.616027145, 34.705753661 ], [ 135.6163913, 34.70582792 ], [ 135.616690732, 34.705876462 ], [ 135.616998908, 34.705922507 ], [ 135.617214276999988, 34.705948786 ], [ 135.61752108499999, 34.705983917 ], [ 135.617805905000012, 34.706005545 ], [ 135.618125967, 34.7060308 ], [ 135.618088594, 34.706680761 ], [ 135.618043575, 34.706974963 ], [ 135.61796822299999, 34.707242205 ], [ 135.618031269999989, 34.707277201 ], [ 135.61806604, 34.707288849 ], [ 135.618020615, 34.707908856 ], [ 135.617993700999989, 34.70825423 ], [ 135.617983196000012, 34.708402135 ], [ 135.61798557, 34.708764188 ], [ 135.617982789, 34.708846848 ], [ 135.61793588399999, 34.709527251 ], [ 135.617924805, 34.709657484 ], [ 135.617912587, 34.709845411 ], [ 135.617917718, 34.71046278 ], [ 135.618646351, 34.710527177 ], [ 135.61914355, 34.710566686 ], [ 135.619953632, 34.710629887 ], [ 135.620486715999988, 34.710676444 ], [ 135.620793655, 34.710711025 ], [ 135.621067804, 34.710730089 ], [ 135.621453492, 34.71075671 ], [ 135.621524330999989, 34.710759545 ], [ 135.621945495, 34.710786906 ], [ 135.622198172, 34.710798598 ], [ 135.622261041, 34.710801497 ], [ 135.622328385, 34.710804681 ], [ 135.622611830000011, 34.710820434 ], [ 135.622673834000011, 34.710821528 ], [ 135.62359014, 34.710837344 ], [ 135.62363215100001, 34.710552506 ], [ 135.623780837, 34.710553416 ], [ 135.623832197000013, 34.710470095 ], [ 135.623957891, 34.710268364 ], [ 135.622883488000014, 34.710234032 ], [ 135.62298568599999, 34.710014019 ], [ 135.623314130000011, 34.709350352 ], [ 135.623369559999986, 34.709235941 ], [ 135.623491879, 34.708983896 ], [ 135.623512334999987, 34.708926533 ], [ 135.623566721, 34.708801572 ], [ 135.62363620299999, 34.708597414 ], [ 135.62363935799999, 34.708527557 ], [ 135.623643327, 34.708278031 ], [ 135.62362328099999, 34.70797984 ], [ 135.623608778, 34.707952029 ], [ 135.623607437, 34.707934896 ], [ 135.62357393799999, 34.707449419 ], [ 135.623569116, 34.70738125 ], [ 135.62355816199999, 34.707269069 ], [ 135.622931326000014, 34.707198075 ], [ 135.62295435499999, 34.70741559 ], [ 135.623004689, 34.70801525 ], [ 135.623006164, 34.708027065 ], [ 135.623023249999989, 34.708399711 ], [ 135.623022924999987, 34.708471471 ], [ 135.623014528999988, 34.708517332 ], [ 135.622989783, 34.708605964 ], [ 135.622954875, 34.708720528 ], [ 135.62289554899999, 34.708851333 ], [ 135.622730555, 34.709172932 ], [ 135.622499991000012, 34.709653534 ], [ 135.622220527, 34.710203851 ], [ 135.621994484, 34.710193324 ], [ 135.62187749, 34.710185388 ], [ 135.62149375199999, 34.710162741 ], [ 135.62131358, 34.710147937 ], [ 135.621353895, 34.70999742 ], [ 135.621491128, 34.70944468 ], [ 135.621704341, 34.708508222 ], [ 135.621923942, 34.707486051 ], [ 135.621998115999986, 34.707091059 ], [ 135.620717445999986, 34.706957983 ], [ 135.619427937000012, 34.706824686 ], [ 135.61849977599999, 34.706737582 ], [ 135.61853955699999, 34.706038225 ], [ 135.618930871, 34.706047112 ], [ 135.618981504, 34.705384571 ], [ 135.619021255, 34.704857311 ], [ 135.619040958999989, 34.704607294 ], [ 135.61905036499999, 34.704484177 ], [ 135.61906847099999, 34.7042493 ], [ 135.61910861199999, 34.703660559 ], [ 135.61914190499999, 34.702422077 ], [ 135.619164853, 34.702130961 ], [ 135.618502589, 34.702105991 ], [ 135.618457404, 34.702104498 ], [ 135.61844143, 34.70225527 ], [ 135.618429359, 34.702435444 ], [ 135.618382104, 34.703146138 ], [ 135.618345502000011, 34.703795201 ], [ 135.61830043099999, 34.70448183 ], [ 135.618278699, 34.704745093 ], [ 135.618272332, 34.704800336 ], [ 135.617395698, 34.704789112 ], [ 135.617206778, 34.704611037 ] ] ] } },
{ "type": "Feature", "properties": { "A29_001": "27218", "A29_002": "大阪府", "A29_003": "大東市", "A29_004": 6, "A29_005": "第二種住居地域", "A29_006": 60, "A29_007": 200, "A29_008": "条件付き公開" }, "geometry": { "type": "Polygon", "coordinates": [ [ [ 135.61689607, 34.702963517 ], [ 135.617308185000013, 34.702813809 ], [ 135.617357389, 34.702795933 ], [ 135.617603519999989, 34.702706554 ], [ 135.617666826, 34.702684215 ], [ 135.617731225999989, 34.702661429 ], [ 135.617749048, 34.702655084 ], [ 135.617782506, 34.702643289 ], [ 135.617910103000014, 34.702598163 ], [ 135.618188148, 34.702499868 ], [ 135.61827899799999, 34.702469772 ], [ 135.61832665599999, 34.702455677 ], [ 135.618367855, 34.7024458 ], [ 135.618401068, 34.702439413 ], [ 135.61840598399999, 34.702438707 ], [ 135.618429359, 34.702435444 ], [ 135.61844143, 34.70225527 ], [ 135.618457404, 34.702104498 ], [ 135.617681508, 34.702079077 ], [ 135.61757824, 34.702079835 ], [ 135.617551823000014, 34.702080023 ], [ 135.617457695000013, 34.702110919 ], [ 135.617341579, 34.702151934 ], [ 135.617244047000014, 34.702187147 ], [ 135.61689863399999, 34.702312544 ], [ 135.616855772, 34.702328186 ], [ 135.61673429199999, 34.702372248 ], [ 135.61661095299999, 34.702417116 ], [ 135.616609641999986, 34.702417562 ], [ 135.616563065, 34.702433733 ], [ 135.61654087, 34.702441507 ], [ 135.616372055999989, 34.702500204 ], [ 135.616182468, 34.702566229 ], [ 135.61612342699999, 34.702586778 ], [ 135.615973419, 34.702638953 ], [ 135.614962041000013, 34.702994924 ], [ 135.61493634499999, 34.703004218 ], [ 135.61475374299999, 34.703069812 ], [ 135.614295924, 34.703234512 ], [ 135.613745951, 34.703427226 ], [ 135.613703418999989, 34.703441966 ], [ 135.613526947999986, 34.70350316 ], [ 135.613302041, 34.703581148 ], [ 135.613170180999987, 34.703626797 ], [ 135.612994799, 34.703688354 ], [ 135.612844566, 34.703741246 ], [ 135.612694441, 34.703794048 ], [ 135.61264611199999, 34.703811114 ], [ 135.611914074, 34.70406869 ], [ 135.611884328, 34.704080225 ], [ 135.61150641, 34.704220377 ], [ 135.611457752, 34.704237621 ], [ 135.611374022, 34.704261515 ], [ 135.611328019000013, 34.704271375 ], [ 135.610633995, 34.704405287 ], [ 135.610435126999988, 34.704423132 ], [ 135.610001681999989, 34.704461412 ], [ 135.609616074, 34.704494615 ], [ 135.60895779, 34.704548669 ], [ 135.608159828, 34.704615071 ], [ 135.608108883999989, 34.704630774 ], [ 135.608053195999986, 34.70463393 ], [ 135.607138983999988, 34.704698149 ], [ 135.606893558, 34.704727468 ], [ 135.60654363, 34.704786649 ], [ 135.606231447, 34.704804933 ], [ 135.60584848100001, 34.704832904 ], [ 135.60572617599999, 34.704841974 ], [ 135.60497280199999, 34.7048966 ], [ 135.60435551, 34.704937599 ], [ 135.604394821999989, 34.705232881 ], [ 135.604176634999988, 34.705249481 ], [ 135.603428022, 34.705312046 ], [ 135.60270365, 34.705373063 ], [ 135.602734661, 34.705668138 ], [ 135.602752063, 34.70577286 ], [ 135.602754804, 34.705793243 ], [ 135.602795173, 34.705797882 ], [ 135.602899675, 34.705813909 ], [ 135.603001342, 34.705829476 ], [ 135.603150964, 34.705861065 ], [ 135.603216819000011, 34.705877777 ], [ 135.603291071, 34.7058965 ], [ 135.603443172, 34.705934768 ], [ 135.60356808899999, 34.705973579 ], [ 135.603644602, 34.70599871 ], [ 135.60368993899999, 34.706014543 ], [ 135.603735056, 34.706030647 ], [ 135.60380555899999, 34.70605729 ], [ 135.603827679, 34.706065656 ], [ 135.603870390999987, 34.706082563 ], [ 135.60392824199999, 34.706106641 ], [ 135.603959618, 34.706119995 ], [ 135.603989578000011, 34.706132624 ], [ 135.604009948, 34.706141795 ], [ 135.604093385999988, 34.706179929 ], [ 135.604133467999986, 34.706199082 ], [ 135.604180625, 34.706222313 ], [ 135.604225058999987, 34.706244455 ], [ 135.60429212299999, 34.706282446 ], [ 135.604361038, 34.706321524 ], [ 135.604414263, 34.706354422 ], [ 135.60447216899999, 34.70639022 ], [ 135.60450405899999, 34.706410066 ], [ 135.60458437599999, 34.706462074 ], [ 135.604673279999986, 34.706521681 ], [ 135.60482636399999, 34.706629007 ], [ 135.605030250999988, 34.706796808 ], [ 135.60551088299999, 34.707169516 ], [ 135.606612179, 34.708016078 ], [ 135.606929739, 34.707994385 ], [ 135.60708459899999, 34.707981452 ], [ 135.607546203999988, 34.708318031 ], [ 135.607921456000014, 34.708563187 ], [ 135.608109337, 34.708678193 ], [ 135.60829246899999, 34.708781734 ], [ 135.608496405000011, 34.708895439 ], [ 135.608827330999986, 34.709049758 ], [ 135.609185215, 34.709182527 ], [ 135.60951210799999, 34.709289593 ], [ 135.60982292, 34.709380739 ], [ 135.60982145599999, 34.709692477 ], [ 135.609828106, 34.709694391 ], [ 135.61018191, 34.709767103 ], [ 135.610615837000012, 34.709841333 ], [ 135.610792363, 34.709864885 ], [ 135.61096136, 34.709887512 ], [ 135.611385839, 34.709928082 ], [ 135.611898518, 34.709970825 ], [ 135.612234645, 34.709995425 ], [ 135.612425734999988, 34.710009465 ], [ 135.613320899, 34.710085512 ], [ 135.613610302000012, 34.71011023 ], [ 135.61359926599999, 34.709877605 ], [ 135.61358384499999, 34.709742781 ], [ 135.613575034, 34.709501328 ], [ 135.61282900399999, 34.709424586 ], [ 135.61240408099999, 34.709385912 ], [ 135.611383509, 34.709305853 ], [ 135.61105186099999, 34.709281265 ], [ 135.610776482, 34.709246579 ], [ 135.610559813, 34.709216858 ], [ 135.610351283, 34.709174181 ], [ 135.610005427, 34.709106634 ], [ 135.609828240000013, 34.709061442 ], [ 135.60956431599999, 34.708982255 ], [ 135.60909668, 34.708811182 ], [ 135.609065186, 34.708799451 ], [ 135.60881759899999, 34.708682092 ], [ 135.608616213, 34.708583361 ], [ 135.607851149999988, 34.708124286 ], [ 135.607397428000013, 34.707782686 ], [ 135.60694662899999, 34.707400795 ], [ 135.606604111, 34.70716079 ], [ 135.605861691, 34.706581876 ], [ 135.605323699, 34.706173914 ], [ 135.605311953000012, 34.70616459 ], [ 135.60514580899999, 34.706048839 ], [ 135.605047438000014, 34.70598289 ], [ 135.604956238999989, 34.705923816 ], [ 135.604917382, 34.70589971 ], [ 135.604790470000012, 34.705821228 ], [ 135.604627271999988, 34.705728925 ], [ 135.604562909, 34.705696803 ], [ 135.604509108, 34.705670304 ], [ 135.604459768999988, 34.705646795 ], [ 135.604391256000014, 34.705615109 ], [ 135.604335373, 34.705590227 ], [ 135.604264777999987, 34.705560248 ], [ 135.604238522, 34.705549344 ], [ 135.604468790999988, 34.705540175 ], [ 135.604954052000011, 34.705511188 ], [ 135.606315064, 34.705404437 ], [ 135.606323691, 34.705403744 ], [ 135.60650737899999, 34.705387929 ], [ 135.607097194, 34.705363689 ], [ 135.607501664000011, 34.705336505 ], [ 135.608145154, 34.705273126 ], [ 135.608242671, 34.705265867 ], [ 135.608411147, 34.705281103 ], [ 135.608782991, 34.705250654 ], [ 135.609040058, 34.705230204 ], [ 135.60929963699999, 34.7052094 ], [ 135.609874466, 34.70516806 ], [ 135.609938019999987, 34.705163575 ], [ 135.61007201699999, 34.705152104 ], [ 135.610310217, 34.705127443 ], [ 135.61041673, 34.705110655 ], [ 135.610642552, 34.705071981 ], [ 135.610762953, 34.705049828 ], [ 135.610874595000013, 34.705033236 ], [ 135.610996526, 34.705010907 ], [ 135.61127751, 34.704941216 ], [ 135.611428174, 34.70489022 ], [ 135.611543616, 34.704854798 ], [ 135.611634586, 34.704823445 ], [ 135.611755746999989, 34.704778666 ], [ 135.612249977, 34.704604174 ], [ 135.612383838999989, 34.704551051 ], [ 135.612549820999988, 34.70449253 ], [ 135.612907259999986, 34.704366372 ], [ 135.61298664200001, 34.704338407 ], [ 135.613156339999989, 34.704278545 ], [ 135.61326043299999, 34.704241823 ], [ 135.613418868999986, 34.704185891 ], [ 135.613498357999987, 34.704158377 ], [ 135.613548763000011, 34.704140867 ], [ 135.614419199999986, 34.703839185 ], [ 135.614775879, 34.703710856 ], [ 135.614870789, 34.703676718 ], [ 135.61503403899999, 34.703618005 ], [ 135.61524857, 34.703540882 ], [ 135.616232290999989, 34.703194649 ], [ 135.616427238, 34.703126748 ], [ 135.616770553, 34.703007206 ], [ 135.61689607, 34.702963517 ] ] ] } },
{ "type": "Feature", "properties": { "A29_001": "27218", "A29_002": "大阪府", "A29_003": "大東市", "A29_004": 1, "A29_005": "第一種低層住居専用地域", "A29_006": 60, "A29_007": 150, "A29_008": "条件付き公開" }, "geometry": { "type": "Polygon", "coordinates": [ [ [ 135.633612284, 34.729734755 ], [ 135.633601989999988, 34.729741485 ], [ 135.63356375, 34.729746419 ], [ 135.633390402, 34.729758879 ], [ 135.633277018, 34.729767553 ], [ 135.63320939, 34.729775823 ], [ 135.633046291, 34.729791649 ], [ 135.632988936, 34.729797697 ], [ 135.632971747999989, 34.729807742 ], [ 135.632962821, 34.729974494 ], [ 135.63296204400001, 34.730002168 ], [ 135.632956772999989, 34.730280447 ], [ 135.632949692000011, 34.730326042 ], [ 135.63277702799999, 34.730331742 ], [ 135.632729952, 34.730334395 ], [ 135.63273769599999, 34.730435297 ], [ 135.632740328000011, 34.730605509 ], [ 135.632735351, 34.730792557 ], [ 135.632743675, 34.730935111 ], [ 135.63274203099999, 34.73098577 ], [ 135.632662259, 34.730974261 ], [ 135.63257220700001, 34.730966146 ], [ 135.632460310999988, 34.730959047 ], [ 135.632375717, 34.73095149 ], [ 135.632268611, 34.730947741 ], [ 135.632155944, 34.730942352 ], [ 135.632046108, 34.730938595 ], [ 135.63204452, 34.731001155 ], [ 135.632047672, 34.731201749 ], [ 135.63205422199999, 34.73142381 ], [ 135.63205423299999, 34.731569133 ], [ 135.632055455, 34.731909456 ], [ 135.63221063099999, 34.732006836 ], [ 135.632303248999989, 34.732052191 ], [ 135.632707208999989, 34.732069186 ], [ 135.63384824, 34.732090652 ], [ 135.634140392, 34.732080261 ], [ 135.634358856, 34.73206514 ], [ 135.634738574000011, 34.732007682 ], [ 135.635118103, 34.731993043 ], [ 135.63585109600001, 34.731956381 ], [ 135.635847783, 34.731865229 ], [ 135.635840656999989, 34.731572849 ], [ 135.63583181199999, 34.731398561 ], [ 135.635815631000014, 34.731079469 ], [ 135.635808204999989, 34.730955039 ], [ 135.63594364299999, 34.730947511 ], [ 135.63591528, 34.730542649 ], [ 135.635906462, 34.730436876 ], [ 135.635881218, 34.730067724 ], [ 135.635870807, 34.729926967 ], [ 135.635847637000012, 34.729483447 ], [ 135.63583586199999, 34.729205567 ], [ 135.635825896999989, 34.729037586 ], [ 135.635827006, 34.72898386 ], [ 135.635818801, 34.728738625 ], [ 135.635817534000012, 34.728604207 ], [ 135.635811681, 34.728519537 ], [ 135.635810125, 34.72847599 ], [ 135.63580826399999, 34.72837745 ], [ 135.635723915, 34.728264779 ], [ 135.635688386999988, 34.728224015 ], [ 135.63553849499999, 34.728018113 ], [ 135.635515481999988, 34.727887686 ], [ 135.635457118, 34.727576852 ], [ 135.635454568, 34.727486063 ], [ 135.635462784999987, 34.727231141 ], [ 135.635401949, 34.727035692 ], [ 135.635348897, 34.726858297 ], [ 135.635341012, 34.726788858 ], [ 135.635316096999986, 34.726494891 ], [ 135.635304475, 34.726406238 ], [ 135.635284762, 34.726195948 ], [ 135.635276358999988, 34.726095404 ], [ 135.635257784, 34.725949214 ], [ 135.635168693999987, 34.725922083 ], [ 135.635120776, 34.725918333 ], [ 135.63502835700001, 34.725928334 ], [ 135.634965128, 34.725930037 ], [ 135.634878093, 34.725932211 ], [ 135.634744678, 34.725928745 ], [ 135.634672405, 34.725926095 ], [ 135.634666995, 34.725989454 ], [ 135.634537118, 34.726000604 ], [ 135.63445667900001, 34.726017491 ], [ 135.63440424699999, 34.726022202 ], [ 135.634167415, 34.726046463 ], [ 135.634140521, 34.726078746 ], [ 135.633829279, 34.726089621 ], [ 135.633734510000011, 34.726087804 ], [ 135.63355116599999, 34.726090498 ], [ 135.633409986, 34.726089802 ], [ 135.63318719899999, 34.726098327 ], [ 135.632932681, 34.726121631 ], [ 135.632909485999988, 34.726132289 ], [ 135.632948997, 34.726481742 ], [ 135.632995376, 34.726784428 ], [ 135.63304010600001, 34.727015529 ], [ 135.633073279, 34.727217927 ], [ 135.63307925, 34.727250489 ], [ 135.633032058, 34.727255215 ], [ 135.63289771699999, 34.727263105 ], [ 135.632578405, 34.727295317 ], [ 135.632371181, 34.727314706 ], [ 135.63231073899999, 34.727278643 ], [ 135.632245875, 34.727279619 ], [ 135.631791467999989, 34.727317282 ], [ 135.63147719, 34.727346803 ], [ 135.631470116, 34.727415476 ], [ 135.63145894199999, 34.727497299 ], [ 135.631453991, 34.727579592 ], [ 135.631435264, 34.727862609 ], [ 135.631434804, 34.728015413 ], [ 135.63143068, 34.728354187 ], [ 135.631441115, 34.728610787 ], [ 135.631787715, 34.728582086 ], [ 135.632271065, 34.728544691 ], [ 135.632488767000012, 34.728526777 ], [ 135.632680728, 34.728502564 ], [ 135.633153173000011, 34.728461707 ], [ 135.633517680000011, 34.728432964 ], [ 135.633594119, 34.728432022 ], [ 135.633716256000014, 34.728443659 ], [ 135.63370219399999, 34.728537193 ], [ 135.633697450999989, 34.728671773 ], [ 135.63369348399999, 34.728803652 ], [ 135.633690088, 34.728954644 ], [ 135.633679741, 34.729146724 ], [ 135.633673574999989, 34.729306723 ], [ 135.633669542, 34.729428956 ], [ 135.63366406099999, 34.729606987 ], [ 135.633657486, 34.72968648 ], [ 135.633612284, 34.729734755 ] ] ] } },
{ "type": "Feature", "properties": { "A29_001": "27218", "A29_002": "大阪府", "A29_003": "大東市", "A29_004": 10, "A29_005": "準工業地域", "A29_006": 60, "A29_007": 200, "A29_008": "条件付き公開" }, "geometry": { "type": "Polygon", "coordinates": [ [ [ 135.638029996, 34.716059549 ], [ 135.637927776999987, 34.716216649 ], [ 135.637673411, 34.716637889 ], [ 135.637484062999988, 34.716945642 ], [ 135.63747481499999, 34.716963194 ], [ 135.637933823, 34.717008733 ], [ 135.638305881, 34.717039137 ], [ 135.638284948, 34.716581108 ], [ 135.638284813000013, 34.71611052 ], [ 135.639246757, 34.716341544 ], [ 135.639338465, 34.716367148 ], [ 135.64011448299999, 34.716547851 ], [ 135.640597165, 34.716420631 ], [ 135.640545188, 34.716271187 ], [ 135.640454282, 34.716110811 ], [ 135.64039571399999, 34.715995966 ], [ 135.640344491, 34.715899444 ], [ 135.640266892999989, 34.715741721 ], [ 135.640255372000013, 34.715679483 ], [ 135.640253107, 34.715496469 ], [ 135.640248969999988, 34.715191296 ], [ 135.640806249, 34.715156249 ], [ 135.640907145, 34.715152399 ], [ 135.64120444, 34.715150571 ], [ 135.641557842999987, 34.71515089 ], [ 135.641898137999988, 34.715152612 ], [ 135.64195556199999, 34.714899907 ], [ 135.64205642499999, 34.714447555 ], [ 135.642109428, 34.714181946 ], [ 135.642143135, 34.714036271 ], [ 135.64156099499999, 34.71404078 ], [ 135.64109531, 34.714053112 ], [ 135.640253715999989, 34.714070103 ], [ 135.64019146199999, 34.714050446 ], [ 135.640098501000011, 34.714012308 ], [ 135.639938045, 34.713904464 ], [ 135.639854793000012, 34.713842825 ], [ 135.639922258000013, 34.713717985 ], [ 135.640128594, 34.713693713 ], [ 135.640140054, 34.713291313 ], [ 135.640141817, 34.713111016 ], [ 135.640078636999988, 34.713053404 ], [ 135.64005064599999, 34.712785933 ], [ 135.64004633, 34.712698744 ], [ 135.640032780000013, 34.712474769 ], [ 135.640020174999989, 34.712335088 ], [ 135.64001250699999, 34.712240317 ], [ 135.64001913300001, 34.712172633 ], [ 135.640006196, 34.712059185 ], [ 135.64000675299999, 34.712006087 ], [ 135.64000335899999, 34.711781601 ], [ 135.640000699000012, 34.71169009 ], [ 135.63996547, 34.71130441 ], [ 135.639951435, 34.711142097 ], [ 135.640317657999987, 34.711152915 ], [ 135.640775136, 34.711166255 ], [ 135.640851018, 34.711164405 ], [ 135.640924506, 34.711160835 ], [ 135.641281959, 34.711154586 ], [ 135.642039567000012, 34.711138513 ], [ 135.642492965, 34.711136148 ], [ 135.642976957, 34.711127831 ], [ 135.643033916, 34.711032798 ], [ 135.64318845, 34.710816077 ], [ 135.64332273299999, 34.71063734 ], [ 135.643497798, 34.710418695 ], [ 135.64364429, 34.71024396 ], [ 135.643344471, 34.710252819 ], [ 135.643263899, 34.710253846 ], [ 135.642408069, 34.710264679 ], [ 135.641288782, 34.710282304 ], [ 135.64062804, 34.710292798 ], [ 135.640195707, 34.710297292 ], [ 135.639985999, 34.71029541 ], [ 135.639997865999987, 34.709950167 ], [ 135.640011073000011, 34.709623228 ], [ 135.640037666000012, 34.709104217 ], [ 135.64004179599999, 34.708982525 ], [ 135.640008144, 34.708510305 ], [ 135.639987515, 34.708232128 ], [ 135.639351562, 34.708244491 ], [ 135.639353973999988, 34.708116484 ], [ 135.639359348999989, 34.707632569 ], [ 135.63935861499999, 34.707600383 ], [ 135.639369283, 34.707456533 ], [ 135.639546934, 34.707397469 ], [ 135.639764070000012, 34.707346184 ], [ 135.639934759, 34.707306661 ], [ 135.640169906000011, 34.707280671 ], [ 135.640403311999989, 34.707253233 ], [ 135.640604244, 34.707237959 ], [ 135.640924695, 34.707226734 ], [ 135.641386836, 34.707217096 ], [ 135.64217977199999, 34.707202299 ], [ 135.642239163, 34.707201211 ], [ 135.64224801, 34.707073493 ], [ 135.642214169999988, 34.706489936 ], [ 135.64220633, 34.706181055 ], [ 135.642832160000012, 34.706183522 ], [ 135.643191976999987, 34.70618115 ], [ 135.643647249999987, 34.706167968 ], [ 135.64365423699999, 34.706015273 ], [ 135.643688567, 34.705290198 ], [ 135.643713588999987, 34.704648124 ], [ 135.643717597, 34.704553387 ], [ 135.643727547999987, 34.704472911 ], [ 135.643810444, 34.704437814 ], [ 135.643892408999989, 34.704390544 ], [ 135.643951238, 34.704341764 ], [ 135.643999603, 34.704289438 ], [ 135.644031474, 34.704239407 ], [ 135.644094, 34.704117525 ], [ 135.64412277299999, 34.704026376 ], [ 135.644130209, 34.703946704 ], [ 135.644130659000012, 34.703841679 ], [ 135.64411078, 34.703665826 ], [ 135.644081003, 34.703354357 ], [ 135.644451980000014, 34.70334327 ], [ 135.644744569000011, 34.703334297 ], [ 135.64498400799999, 34.703322824 ], [ 135.64520477, 34.703313731 ], [ 135.645394915999987, 34.703291025 ], [ 135.645548738, 34.703262174 ], [ 135.645720409, 34.703220031 ], [ 135.645878603, 34.703164147 ], [ 135.646117725000011, 34.703073067 ], [ 135.646580042000011, 34.702862464 ], [ 135.646936957, 34.702717544 ], [ 135.64689884399999, 34.702130369 ], [ 135.646701672, 34.70213764 ], [ 135.646434813000013, 34.702154897 ], [ 135.64630989299999, 34.702164721 ], [ 135.646204823, 34.70217848 ], [ 135.645871147, 34.702198336 ], [ 135.645838430999987, 34.702190938 ], [ 135.645788006, 34.702163746 ], [ 135.645199152, 34.702175015 ], [ 135.64476517899999, 34.702190068 ], [ 135.644606235, 34.702191858 ], [ 135.644590517000012, 34.702191813 ], [ 135.644433633, 34.702196944 ], [ 135.643964151, 34.702219283 ], [ 135.643446829999988, 34.702248242 ], [ 135.643404522, 34.702262813 ], [ 135.643218299000011, 34.702262268 ], [ 135.642908554, 34.702250632 ], [ 135.64255179599999, 34.702231015 ], [ 135.642243466, 34.702220554 ], [ 135.642204026, 34.702228282 ], [ 135.642094885, 34.702223995 ], [ 135.641970679999986, 34.702219753 ], [ 135.64174287899999, 34.702216199 ], [ 135.64136282699999, 34.702232029 ], [ 135.64118469600001, 34.702228079 ], [ 135.64075429799999, 34.702224016 ], [ 135.640231642, 34.702224187 ], [ 135.640123195, 34.702210885 ], [ 135.63984079799999, 34.702211223 ], [ 135.63929497399999, 34.702217452 ], [ 135.639163972, 34.702219859 ], [ 135.639082742999989, 34.702223044 ], [ 135.638429839999986, 34.70222787 ], [ 135.63845056400001, 34.702156351 ], [ 135.638509266, 34.702011743 ], [ 135.638587733, 34.701840147 ], [ 135.638672523, 34.701645402 ], [ 135.63874479399999, 34.7014929 ], [ 135.63879588899999, 34.701365217 ], [ 135.638835236, 34.701253186 ], [ 135.638863797, 34.701111282 ], [ 135.638888986000012, 34.700966574 ], [ 135.638927016999986, 34.700705248 ], [ 135.638959148, 34.700520534 ], [ 135.638783611, 34.699794837 ], [ 135.638457358000011, 34.699816408 ], [ 135.638395373, 34.699336169 ], [ 135.638303919, 34.699331931 ], [ 135.638276639999987, 34.699329596 ], [ 135.637928077999987, 34.699311071 ], [ 135.637919418, 34.699118933 ], [ 135.637912427, 34.69869412 ], [ 135.63786188200001, 34.698695593 ], [ 135.637339551999986, 34.698701071 ], [ 135.637348936, 34.69895199 ], [ 135.63734372, 34.699121729 ], [ 135.637338750999987, 34.699209972 ], [ 135.637327492999987, 34.699313523 ], [ 135.637223565999989, 34.699916144 ], [ 135.63718946, 34.700102566 ], [ 135.637154044999988, 34.70038878 ], [ 135.636637135, 34.70037543 ], [ 135.635428381, 34.700339185 ], [ 135.635187951, 34.700304389 ], [ 135.635013909, 34.700289984 ], [ 135.634838679000012, 34.700272871 ], [ 135.634837999000013, 34.700104467 ], [ 135.63482789299999, 34.699696593 ], [ 135.634817174, 34.699130051 ], [ 135.634804092, 34.698728929 ], [ 135.634778766000011, 34.698729214 ], [ 135.634516788000013, 34.698730682 ], [ 135.63443838399999, 34.698737839 ], [ 135.634370101, 34.698751698 ], [ 135.634313351, 34.698774066 ], [ 135.634229858999987, 34.698821144 ], [ 135.634132727, 34.698891802 ], [ 135.634009381, 34.69901602 ], [ 135.634037557999989, 34.699111845 ], [ 135.634108657000013, 34.699400543 ], [ 135.634132505, 34.699562346 ], [ 135.63413401599999, 34.699690275 ], [ 135.63412650399999, 34.699834494 ], [ 135.634110719, 34.700023133 ], [ 135.634077792, 34.700212983 ], [ 135.63404298399999, 34.700358743 ], [ 135.6340001, 34.700504028 ], [ 135.63395391, 34.700607022 ], [ 135.633854804, 34.700803344 ], [ 135.63370212, 34.701094163 ], [ 135.633555484, 34.701374904 ], [ 135.633359049, 34.701685334 ], [ 135.633013551, 34.702330588 ], [ 135.632879524, 34.702572961 ], [ 135.632559528, 34.703151849 ], [ 135.632489322, 34.70327884 ], [ 135.632250217, 34.703707869 ], [ 135.63283137, 34.703959971 ], [ 135.632986206, 34.704023904 ], [ 135.63313228199999, 34.70406951 ], [ 135.63329766699999, 34.704093176 ], [ 135.633454236, 34.704110776 ], [ 135.633507398, 34.704110936 ], [ 135.63380743499999, 34.704097143 ], [ 135.633965534999987, 34.704089505 ], [ 135.63397044300001, 34.704189587 ], [ 135.633986771999986, 34.704373454 ], [ 135.634927586, 34.704410985 ], [ 135.63492396699999, 34.704514197 ], [ 135.634931091, 34.704930175 ], [ 135.634938807, 34.705186408 ], [ 135.634944620999988, 34.705528008 ], [ 135.63494542, 34.705693888 ], [ 135.634935907999989, 34.705846395 ], [ 135.635195567000011, 34.705806425 ], [ 135.63554929099999, 34.705699392 ], [ 135.635776268, 34.705768405 ], [ 135.636000429, 34.705832451 ], [ 135.636444307, 34.705953317 ], [ 135.636650833, 34.706006401 ], [ 135.636796694999987, 34.705727457 ], [ 135.636868058, 34.705609392 ], [ 135.63706607899999, 34.705335021 ], [ 135.637173807000011, 34.705188756 ], [ 135.637211672, 34.705117018 ], [ 135.63738995599999, 34.705162444 ], [ 135.63732553599999, 34.705315509 ], [ 135.638784522, 34.70531191 ], [ 135.63876772, 34.705510733 ], [ 135.638685063999986, 34.706469245 ], [ 135.638616265, 34.707303209 ], [ 135.638573791, 34.707731841 ], [ 135.638557107, 34.707828073 ], [ 135.638315072000012, 34.707981423 ], [ 135.638175373, 34.708073594 ], [ 135.637954236000013, 34.708240888 ], [ 135.637522445, 34.708573975 ], [ 135.63728386, 34.70876141 ], [ 135.637163907, 34.708856252 ], [ 135.637098720000012, 34.708909338 ], [ 135.63700907, 34.708989485 ], [ 135.636900551, 34.709090852 ], [ 135.636805468, 34.709190096 ], [ 135.636706831, 34.709303121 ], [ 135.636640446, 34.709380363 ], [ 135.636563112, 34.709490027 ], [ 135.63651010000001, 34.709579749 ], [ 135.636450593, 34.709706775 ], [ 135.636415384, 34.709794477 ], [ 135.636387359999986, 34.709886708 ], [ 135.63636362599999, 34.709996802 ], [ 135.63635293199999, 34.710070513 ], [ 135.63634145099999, 34.710174423 ], [ 135.636325398999986, 34.710374871 ], [ 135.63599950299999, 34.710380118 ], [ 135.635206563, 34.710388745 ], [ 135.63484682699999, 34.710393257 ], [ 135.634451718, 34.710398293 ], [ 135.634351302, 34.710269707 ], [ 135.634214727, 34.710121719 ], [ 135.63418547399999, 34.710095758 ], [ 135.63407944799999, 34.710001773 ], [ 135.633932302, 34.709874489 ], [ 135.633817658, 34.709779035 ], [ 135.633579196999989, 34.709613612 ], [ 135.633405434, 34.709506982 ], [ 135.633246442, 34.709417524 ], [ 135.633084362, 34.709335269 ], [ 135.632909068, 34.709254236 ], [ 135.632646744, 34.709153468 ], [ 135.63223986599999, 34.709007098 ], [ 135.632260476, 34.708962896 ], [ 135.630122605999986, 34.708258115 ], [ 135.62976661499999, 34.708134789 ], [ 135.629746229, 34.708740903 ], [ 135.629725952, 34.709101896 ], [ 135.629707161999988, 34.709227509 ], [ 135.62966508, 34.709385957 ], [ 135.62964190400001, 34.709564656 ], [ 135.629647102, 34.709770036 ], [ 135.629706906, 34.710093138 ], [ 135.629709045999988, 34.710176535 ], [ 135.629711324999988, 34.710473499 ], [ 135.630678977, 34.710456242 ], [ 135.630739465, 34.710749326 ], [ 135.630761374, 34.71085532 ], [ 135.630969402, 34.711776391 ], [ 135.631096695, 34.71246517 ], [ 135.63132915700001, 34.713466369 ], [ 135.63141262100001, 34.713798557 ], [ 135.632354291000013, 34.713814294 ], [ 135.632921208999988, 34.71382015 ], [ 135.63365591199999, 34.713829934 ], [ 135.634378174, 34.713838324 ], [ 135.634993341000012, 34.713845668 ], [ 135.63561669399999, 34.713853483 ], [ 135.63550298199999, 34.713444489 ], [ 135.635383917000013, 34.712986707 ], [ 135.635305581000011, 34.712676713 ], [ 135.6352249, 34.712354002 ], [ 135.635105484, 34.711877377 ], [ 135.63547797699999, 34.711852889 ], [ 135.63584676100001, 34.711827757 ], [ 135.635988516999987, 34.711816371 ], [ 135.63644193499999, 34.711760389 ], [ 135.63656137000001, 34.711760024 ], [ 135.63701475799999, 34.711760835 ], [ 135.637473897, 34.711769594 ], [ 135.63790192799999, 34.711776907 ], [ 135.637971334000014, 34.711783243 ], [ 135.63809233500001, 34.71179947 ], [ 135.638187662, 34.711820037 ], [ 135.63834648400001, 34.711850348 ], [ 135.638611389, 34.711913338 ], [ 135.638569329, 34.71234666 ], [ 135.638527790000012, 34.712860848 ], [ 135.63848825, 34.713341866 ], [ 135.638461344, 34.713578884 ], [ 135.63844258899999, 34.713774455 ], [ 135.63841856, 34.713977584 ], [ 135.638397371999986, 34.714104725 ], [ 135.638360971, 34.714265626 ], [ 135.63829751899999, 34.714496314 ], [ 135.638217824, 34.714746337 ], [ 135.63812846, 34.714985242 ], [ 135.6380633, 34.715131363 ], [ 135.637996531, 34.715270899 ], [ 135.637916039, 34.715427793 ], [ 135.637845607, 34.715556049 ], [ 135.637750231000012, 34.715721012 ], [ 135.637583102, 34.715991419 ], [ 135.637748944, 34.716016162 ], [ 135.638029996, 34.716059549 ] ] ] } },
{ "type": "Feature", "properties": { "A29_001": "27218", "A29_002": "大阪府", "A29_003": "大東市", "A29_004": 10, "A29_005": "準工業地域", "A29_006": 60, "A29_007": 200, "A29_008": "条件付き公開" }, "geometry": { "type": "Polygon", "coordinates": [ [ [ 135.600846431, 34.700854665 ], [ 135.600773113, 34.700847033 ], [ 135.600678367, 34.700846542 ], [ 135.600575765, 34.700845304 ], [ 135.600444220000014, 34.700847487 ], [ 135.600361217, 34.700856501 ], [ 135.59979675299999, 34.700972025 ], [ 135.59988387199999, 34.701332645 ], [ 135.59992827, 34.701520034 ], [ 135.599960227, 34.701638868 ], [ 135.60000788799999, 34.701828882 ], [ 135.600087747, 34.702133224 ], [ 135.600179695, 34.702670465 ], [ 135.60028320399999, 34.703255344 ], [ 135.600349959999988, 34.703651596 ], [ 135.600380480000013, 34.703819918 ], [ 135.600387711, 34.703859788 ], [ 135.600065513, 34.703872885 ], [ 135.598981415999987, 34.704283295 ], [ 135.59872837, 34.704307614 ], [ 135.598051542, 34.704357671 ], [ 135.597209956, 34.704414121 ], [ 135.596927324, 34.70443897 ], [ 135.596328250999989, 34.704482062 ], [ 135.595538212, 34.704533714 ], [ 135.59551732599999, 34.704428799 ], [ 135.595363096999989, 34.704447759 ], [ 135.595307186000014, 34.704115548 ], [ 135.595246823999986, 34.703778453 ], [ 135.595219613000012, 34.703583005 ], [ 135.595069096, 34.703602068 ], [ 135.59506064499999, 34.703611416 ], [ 135.594929102, 34.703724208 ], [ 135.59468727399999, 34.703933005 ], [ 135.594524869, 34.704084099 ], [ 135.594361545, 34.704244294 ], [ 135.594191673000012, 34.704404107 ], [ 135.594034994999987, 34.704521953 ], [ 135.59385565, 34.704654328 ], [ 135.593663974, 34.70478549 ], [ 135.59354534799999, 34.704868033 ], [ 135.593446325, 34.704915032 ], [ 135.593293057000011, 34.705005123 ], [ 135.59321087699999, 34.705067954 ], [ 135.593024547, 34.70522176 ], [ 135.592955253000014, 34.705283462 ], [ 135.592782083, 34.705424872 ], [ 135.592608555999988, 34.705571959 ], [ 135.59242182, 34.705718911 ], [ 135.592250037000014, 34.705866455 ], [ 135.592253048, 34.705920105 ], [ 135.59225134799999, 34.706088681 ], [ 135.59225425599999, 34.707142465 ], [ 135.59248729, 34.707127288 ], [ 135.59253521299999, 34.707082823 ], [ 135.59283275300001, 34.707069844 ], [ 135.593051667999987, 34.707062011 ], [ 135.593301515, 34.707046528 ], [ 135.593525376, 34.70703195 ], [ 135.59396762099999, 34.707006379 ], [ 135.594430187, 34.706977538 ], [ 135.594727221999989, 34.706955989 ], [ 135.59506029799999, 34.706931133 ], [ 135.59545266500001, 34.706903137 ], [ 135.59586707299999, 34.706877467 ], [ 135.596360318, 34.706847549 ], [ 135.597083207, 34.706803333 ], [ 135.59719408, 34.707306742 ], [ 135.597118622000011, 34.707379244 ], [ 135.597148088000012, 34.707493653 ], [ 135.597201049, 34.707670704 ], [ 135.597277072999987, 34.707909405 ], [ 135.597321994, 34.708056049 ], [ 135.597359004, 34.708190766 ], [ 135.597373718999989, 34.708240398 ], [ 135.597420633000013, 34.708426444 ], [ 135.597515009, 34.70877564 ], [ 135.597625082, 34.709152383 ], [ 135.597839424999989, 34.709864652 ], [ 135.597873115, 34.709941391 ], [ 135.59789462099999, 34.710009075 ], [ 135.598067874, 34.710595628 ], [ 135.598254601, 34.711218285 ], [ 135.598414515, 34.711742318 ], [ 135.598555475000012, 34.712212739 ], [ 135.598684448, 34.712633898 ], [ 135.598701061000014, 34.712697779 ], [ 135.59870383399999, 34.712711311 ], [ 135.59974256699999, 34.712585451 ], [ 135.6001142, 34.712538351 ], [ 135.59999849799999, 34.712125621 ], [ 135.599884003, 34.711712174 ], [ 135.59969999, 34.711021825 ], [ 135.599638645999988, 34.710815899 ], [ 135.599554788, 34.710524436 ], [ 135.599453321, 34.710149526 ], [ 135.59929624899999, 34.709601343 ], [ 135.59921596, 34.709317554 ], [ 135.599901506, 34.709278788 ], [ 135.600804406, 34.70924028 ], [ 135.60145515799999, 34.709217799 ], [ 135.60159428599999, 34.709207797 ], [ 135.60214198, 34.709185967 ], [ 135.60308648099999, 34.709145234 ], [ 135.603313617, 34.709131459 ], [ 135.60404717099999, 34.709097605 ], [ 135.604127925, 34.709104178 ], [ 135.604735041999987, 34.709074415 ], [ 135.60495943, 34.709064415 ], [ 135.605503196, 34.709041656 ], [ 135.605771596000011, 34.7090281 ], [ 135.605904732999988, 34.709015369 ], [ 135.606336467, 34.708997833 ], [ 135.607084308, 34.70896644 ], [ 135.607412305999986, 34.708954335 ], [ 135.607792101, 34.708931578 ], [ 135.608496405000011, 34.708895439 ], [ 135.60829246899999, 34.708781734 ], [ 135.608109337, 34.708678193 ], [ 135.607921456000014, 34.708563187 ], [ 135.607546203999988, 34.708318031 ], [ 135.60708459899999, 34.707981452 ], [ 135.606929739, 34.707994385 ], [ 135.606612179, 34.708016078 ], [ 135.606529400999989, 34.708022302 ], [ 135.606201133000013, 34.708046123 ], [ 135.605732431, 34.708079315 ], [ 135.605246634999986, 34.708102804 ], [ 135.604701885, 34.708127272 ], [ 135.60427561, 34.708145451 ], [ 135.60416827099999, 34.708151413 ], [ 135.60379036399999, 34.708167945 ], [ 135.603171777, 34.70820064 ], [ 135.602752565, 34.70820279 ], [ 135.601508849, 34.708197557 ], [ 135.601460027, 34.708202716 ], [ 135.60144930300001, 34.707980279 ], [ 135.601388496999988, 34.70713825 ], [ 135.601385591, 34.707061342 ], [ 135.601360948, 34.706759616 ], [ 135.601346072000013, 34.706492721 ], [ 135.60203928199999, 34.706444502 ], [ 135.60270168, 34.706401589 ], [ 135.60292456799999, 34.706384375 ], [ 135.602847508999986, 34.706176506 ], [ 135.602819665999988, 34.706086355 ], [ 135.602781912000012, 34.705991393 ], [ 135.602752063, 34.70577286 ], [ 135.602734661, 34.705668138 ], [ 135.60270365, 34.705373063 ], [ 135.603428022, 34.705312046 ], [ 135.604176634999988, 34.705249481 ], [ 135.604394821999989, 34.705232881 ], [ 135.60435551, 34.704937599 ], [ 135.604343726, 34.704844795 ], [ 135.60433537899999, 34.704717746 ], [ 135.6043055, 34.704367141 ], [ 135.604296018000014, 34.704203577 ], [ 135.604284990999986, 34.704112218 ], [ 135.604246939, 34.703735894 ], [ 135.604231604, 34.703540487 ], [ 135.60418945699999, 34.703542784 ], [ 135.603569112, 34.703585032 ], [ 135.602926465, 34.703634145 ], [ 135.60248058, 34.703671727 ], [ 135.602453583999988, 34.703450408 ], [ 135.602410905999989, 34.703107335 ], [ 135.602373919, 34.702807011 ], [ 135.60236952599999, 34.702721263 ], [ 135.602354107999986, 34.702589863 ], [ 135.602336517999987, 34.702456112 ], [ 135.60228380699999, 34.702042868 ], [ 135.602250403, 34.701769331 ], [ 135.602229284, 34.701597704 ], [ 135.602223154, 34.701532776 ], [ 135.602119906000013, 34.701483937 ], [ 135.602038611000012, 34.701432466 ], [ 135.601966483000012, 34.701381566 ], [ 135.601870176, 34.701296509 ], [ 135.601811586, 34.701245112 ], [ 135.601645359, 34.701104113 ], [ 135.601553841999987, 34.701022047 ], [ 135.60149465, 34.700982367 ], [ 135.601447487, 34.700961118 ], [ 135.601400301000012, 34.700944556 ], [ 135.601313065999989, 34.700925519 ], [ 135.601054514999987, 34.700871123 ], [ 135.600846431, 34.700854665 ] ] ] } },
{ "type": "Feature", "properties": { "A29_001": "27218", "A29_002": "大阪府", "A29_003": "大東市", "A29_004": 10, "A29_005": "準工業地域", "A29_006": 60, "A29_007": 200, "A29_008": "条件付き公開" }, "geometry": { "type": "Polygon", "coordinates": [ [ [ 135.6237293, 34.721546617 ], [ 135.6237415, 34.721432434 ], [ 135.623811439, 34.720744168 ], [ 135.623837705999989, 34.720489032 ], [ 135.623870122, 34.720178292 ], [ 135.623882650000013, 34.720039679 ], [ 135.623709001, 34.720026341 ], [ 135.623332535, 34.720003001 ], [ 135.623010846, 34.719987041 ], [ 135.622758662, 34.719980941 ], [ 135.62255242, 34.719980032 ], [ 135.622014295000014, 34.719996033 ], [ 135.621499058000012, 34.720020757 ], [ 135.62118628799999, 34.720036283 ], [ 135.62102629099999, 34.719758932 ], [ 135.620881894, 34.719508405 ], [ 135.620607876, 34.719023892 ], [ 135.62058403899999, 34.718984062 ], [ 135.620543263, 34.718923443 ], [ 135.620338651, 34.717993261 ], [ 135.62028760199999, 34.717791795 ], [ 135.620241262, 34.717587368 ], [ 135.62019641099999, 34.717391601 ], [ 135.620131418999989, 34.71708777 ], [ 135.620107064, 34.716922538 ], [ 135.620229189000014, 34.716693665 ], [ 135.620328282, 34.716535399 ], [ 135.620086248, 34.716460721 ], [ 135.619701263, 34.71637045 ], [ 135.6192397, 34.716337636 ], [ 135.618884831, 34.716322734 ], [ 135.618382948, 34.716321163 ], [ 135.616655081, 34.716301314 ], [ 135.61599545499999, 34.716295721 ], [ 135.615340323, 34.716286082 ], [ 135.613991835, 34.716269827 ], [ 135.613077725000011, 34.716262059 ], [ 135.612873752000013, 34.717556789 ], [ 135.61280132600001, 34.717987119 ], [ 135.61274647499999, 34.718347458 ], [ 135.612564085, 34.71946015 ], [ 135.612479976, 34.719983478 ], [ 135.608326827000013, 34.719949823 ], [ 135.608334750000012, 34.720260869 ], [ 135.6083379, 34.720750398 ], [ 135.608332666, 34.720818445 ], [ 135.608298108000014, 34.720969336 ], [ 135.608291028, 34.721035123 ], [ 135.608300944, 34.721733823 ], [ 135.608399201, 34.721735942 ], [ 135.608515643, 34.721748307 ], [ 135.608555244, 34.721755195 ], [ 135.60858696, 34.721790456 ], [ 135.60864371299999, 34.721865013 ], [ 135.60875604899999, 34.722007361 ], [ 135.609140139, 34.721919525 ], [ 135.609508482, 34.721836866 ], [ 135.610058554, 34.721697812 ], [ 135.610304809000013, 34.721641985 ], [ 135.610374986000011, 34.721624901 ], [ 135.610507934999987, 34.721563122 ], [ 135.610673, 34.721474851 ], [ 135.610820214, 34.721397792 ], [ 135.610949936, 34.721325635 ], [ 135.611263132, 34.721127131 ], [ 135.611409084, 34.72101626 ], [ 135.61151701599999, 34.720933936 ], [ 135.61165711699999, 34.720813311 ], [ 135.61174972500001, 34.720738781 ], [ 135.611819465999986, 34.720697984 ], [ 135.611948391999988, 34.720632134 ], [ 135.612050114999988, 34.720593062 ], [ 135.612129087, 34.720562662 ], [ 135.612604745, 34.72036359 ], [ 135.612929097, 34.720229846 ], [ 135.612967344, 34.720222755 ], [ 135.613051995, 34.720215361 ], [ 135.61311208399999, 34.720207168 ], [ 135.61321598399999, 34.720169184 ], [ 135.613428639, 34.720106122 ], [ 135.613500902, 34.720085977 ], [ 135.61352463, 34.720148798 ], [ 135.61363003, 34.720117128 ], [ 135.61367973899999, 34.720110525 ], [ 135.61393982199999, 34.720108374 ], [ 135.614041499, 34.720078947 ], [ 135.614278149, 34.720020918 ], [ 135.614521360999987, 34.719960565 ], [ 135.614586897, 34.719954733 ], [ 135.61464505699999, 34.719962129 ], [ 135.614720997, 34.719996806 ], [ 135.614792658999988, 34.720035618 ], [ 135.615066697, 34.720037836 ], [ 135.615064147999988, 34.72011671 ], [ 135.615072161, 34.720154599 ], [ 135.615087538000012, 34.720182143 ], [ 135.61514789, 34.720234802 ], [ 135.615221136, 34.720285337 ], [ 135.615366853000012, 34.720341601 ], [ 135.61558596, 34.720417568 ], [ 135.615727728, 34.720454256 ], [ 135.615781515, 34.72046299 ], [ 135.61585922899999, 34.720468464 ], [ 135.615934736000014, 34.720478799 ], [ 135.616043843, 34.720495189 ], [ 135.61610388, 34.720498263 ], [ 135.61615984299999, 34.720484917 ], [ 135.61622823, 34.720453129 ], [ 135.616344828, 34.720384351 ], [ 135.616429089, 34.720343146 ], [ 135.616481771, 34.720331142 ], [ 135.616543232, 34.720332958 ], [ 135.616596484000013, 34.720339346 ], [ 135.616673865, 34.7203459 ], [ 135.61674296000001, 34.720349814 ], [ 135.616833071, 34.720342254 ], [ 135.616892416000013, 34.720329459 ], [ 135.61696971399999, 34.720306714 ], [ 135.61703678399999, 34.720276093 ], [ 135.617093745, 34.720235704 ], [ 135.617186264999987, 34.7201792 ], [ 135.61730424699999, 34.720094108 ], [ 135.617667078000011, 34.719853462 ], [ 135.617926075000014, 34.71968389 ], [ 135.61811115099999, 34.719562496 ], [ 135.618272912, 34.71945392 ], [ 135.618389054, 34.719364855 ], [ 135.618533195999987, 34.719241078 ], [ 135.618611367999989, 34.719170374 ], [ 135.618643735, 34.719135767 ], [ 135.618807282, 34.719065962 ], [ 135.61902910399999, 34.718954418 ], [ 135.619062727, 34.718955605 ], [ 135.619318385000014, 34.718965239 ], [ 135.619473418000013, 34.718966354 ], [ 135.619777024, 34.71897217 ], [ 135.619718913000014, 34.719073498 ], [ 135.619734166, 34.719128087 ], [ 135.619738713, 34.719160375 ], [ 135.619737673, 34.719196883 ], [ 135.61974833299999, 34.719253261 ], [ 135.61986719, 34.719238486 ], [ 135.61987212599999, 34.719281323 ], [ 135.619882058, 34.719329856 ], [ 135.61987908099999, 34.719383937 ], [ 135.61988667899999, 34.719441387 ], [ 135.61989849299999, 34.719484245 ], [ 135.61992415200001, 34.719555544 ], [ 135.619799809999989, 34.719575711 ], [ 135.61987097799999, 34.719723059 ], [ 135.619996173, 34.719969832 ], [ 135.62006011599999, 34.720073434 ], [ 135.620115717, 34.720163127 ], [ 135.620220909000011, 34.720319596 ], [ 135.620384910000013, 34.720556753 ], [ 135.620499943, 34.720710188 ], [ 135.620535783, 34.720751949 ], [ 135.620693870999986, 34.720873694 ], [ 135.620950787, 34.721087701 ], [ 135.621025648999989, 34.721143827 ], [ 135.621136459000013, 34.721194476 ], [ 135.621522008, 34.721357946 ], [ 135.62176095, 34.72144361 ], [ 135.621825618, 34.721460759 ], [ 135.621889157999988, 34.721462038 ], [ 135.621955226000011, 34.721459538 ], [ 135.622083565999986, 34.721448938 ], [ 135.622353315999987, 34.7214349 ], [ 135.622586812, 34.72142183 ], [ 135.622705497999988, 34.721421296 ], [ 135.62281792600001, 34.721428406 ], [ 135.622955768999987, 34.721441003 ], [ 135.623122716000012, 34.721464328 ], [ 135.6237293, 34.721546617 ] ] ] } },
{ "type": "Feature", "properties": { "A29_001": "27218", "A29_002": "大阪府", "A29_003": "大東市", "A29_004": 5, "A29_005": "第一種住居地域", "A29_006": 60, "A29_007": 200, "A29_008": "条件付き公開" }, "geometry": { "type": "Polygon", "coordinates": [ [ [ 135.642139219, 34.721078309 ], [ 135.642133887999989, 34.721048634 ], [ 135.642126354999988, 34.721023009 ], [ 135.642081445, 34.720777847 ], [ 135.642051038, 34.720613052 ], [ 135.642032754000013, 34.720523298 ], [ 135.64203072699999, 34.720486961 ], [ 135.641972063, 34.720241398 ], [ 135.641958923, 34.720174197 ], [ 135.641949313999987, 34.720123594 ], [ 135.64194505, 34.720074269 ], [ 135.641939513000011, 34.720041889 ], [ 135.641923631, 34.71992681 ], [ 135.641909505, 34.719809932 ], [ 135.641889843, 34.719609289 ], [ 135.641884753999989, 34.71952345 ], [ 135.641823192, 34.719139767 ], [ 135.641928689999986, 34.718094778 ], [ 135.642011889, 34.717308726 ], [ 135.642065763, 34.716765364 ], [ 135.64207537199999, 34.716663612 ], [ 135.642093498, 34.716485617 ], [ 135.642137190999989, 34.715948446 ], [ 135.642173074999988, 34.715576498 ], [ 135.642192649, 34.715442501 ], [ 135.642225851, 34.715211361 ], [ 135.642244521, 34.715109726 ], [ 135.642383458000012, 34.714511531 ], [ 135.642469377, 34.714131526 ], [ 135.642678886999988, 34.714130879 ], [ 135.642928371000011, 34.714126472 ], [ 135.643198508000012, 34.714117527 ], [ 135.643282066000012, 34.714108486 ], [ 135.643435638, 34.714091626 ], [ 135.643608117000014, 34.714070405 ], [ 135.643669627, 34.714060037 ], [ 135.64372280500001, 34.714057758 ], [ 135.643783152999987, 34.714063704 ], [ 135.643846413, 34.714078043 ], [ 135.64391750199999, 34.714099797 ], [ 135.644038612, 34.714142522 ], [ 135.644233079, 34.714212957 ], [ 135.644400945, 34.714274659 ], [ 135.64450524599999, 34.714316704 ], [ 135.64455885699999, 34.71434075 ], [ 135.644620857, 34.714369058 ], [ 135.64468706299999, 34.714409458 ], [ 135.644743498999986, 34.714462271 ], [ 135.64489119000001, 34.714595404 ], [ 135.644934269, 34.7146315 ], [ 135.64499712599999, 34.714663867 ], [ 135.64504661, 34.714682943 ], [ 135.645189385, 34.714714731 ], [ 135.645399314, 34.714769703 ], [ 135.64551219, 34.714798069 ], [ 135.64557994, 34.714809354 ], [ 135.645638889, 34.714810878 ], [ 135.64568662799999, 34.714803985 ], [ 135.645819743, 34.714771467 ], [ 135.645917266999987, 34.714738846 ], [ 135.64597507799999, 34.714699978 ], [ 135.646003318999988, 34.714657058 ], [ 135.64601379199999, 34.714607686 ], [ 135.646007341, 34.714558625 ], [ 135.645989160999989, 34.714520619 ], [ 135.645903941, 34.714407322 ], [ 135.645883996, 34.714373727 ], [ 135.64588411, 34.714347133 ], [ 135.64590039, 34.714318422 ], [ 135.645928464, 34.714314718 ], [ 135.646068121000013, 34.714335137 ], [ 135.646192167, 34.714355601 ], [ 135.646241217000011, 34.714374044 ], [ 135.646284772, 34.714401126 ], [ 135.646309648999988, 34.714430226 ], [ 135.646322504000011, 34.714462448 ], [ 135.646348147, 34.714619475 ], [ 135.646363345, 34.714716612 ], [ 135.646387088000012, 34.714807192 ], [ 135.646390184000012, 34.714823609 ], [ 135.646436865999988, 34.714859985 ], [ 135.646829083, 34.714743926 ], [ 135.646927956000013, 34.714367922 ], [ 135.646507922000012, 34.714222643 ], [ 135.646296553000013, 34.713916238 ], [ 135.646390043, 34.713779479 ], [ 135.646431385999989, 34.713479667 ], [ 135.646387177, 34.713452493 ], [ 135.64632900399999, 34.713422755 ], [ 135.64630341, 34.713408347 ], [ 135.646264191, 34.71338867 ], [ 135.64620636399999, 34.713380298 ], [ 135.646119610999989, 34.713396364 ], [ 135.646047898, 34.713418693 ], [ 135.64597264, 34.713452912 ], [ 135.64587414499999, 34.71350897 ], [ 135.64581364099999, 34.713539446 ], [ 135.645804825, 34.71353329 ], [ 135.64586310199999, 34.713461429 ], [ 135.645895712999987, 34.71341789 ], [ 135.64592271399999, 34.713384072 ], [ 135.64594661699999, 34.713334108 ], [ 135.645959686999987, 34.713264549 ], [ 135.645980283, 34.713094133 ], [ 135.646035227, 34.713061568 ], [ 135.646186637, 34.712987904 ], [ 135.646193020999988, 34.712975752 ], [ 135.646244970999987, 34.712697697 ], [ 135.646319322000011, 34.712337669 ], [ 135.64632918800001, 34.712276846 ], [ 135.646430681, 34.712285615 ], [ 135.646428133, 34.712114681 ], [ 135.64641597, 34.711997089 ], [ 135.646412376, 34.711969312 ], [ 135.646336217, 34.711959174 ], [ 135.646156952000013, 34.71190889 ], [ 135.64598670399999, 34.711843397 ], [ 135.645867212000013, 34.711805727 ], [ 135.645778086, 34.711764359 ], [ 135.645746886000012, 34.711758769 ], [ 135.645727244999989, 34.711756639 ], [ 135.64566158299999, 34.711768167 ], [ 135.645471257, 34.711802863 ], [ 135.645416238, 34.711827584 ], [ 135.645217616999986, 34.711964036 ], [ 135.645145793000012, 34.712012598 ], [ 135.64510149899999, 34.712031221 ], [ 135.645057791999989, 34.712040108 ], [ 135.644868648999989, 34.71205326 ], [ 135.644801475, 34.712060998 ], [ 135.644735715, 34.712070001 ], [ 135.64467582899999, 34.71208389 ], [ 135.644597467000011, 34.712103766 ], [ 135.644421566, 34.712160588 ], [ 135.644288436000011, 34.712197432 ], [ 135.644245606999988, 34.71220524 ], [ 135.644212407999987, 34.712207578 ], [ 135.644162203, 34.712204366 ], [ 135.643770732, 34.71214832 ], [ 135.64366367299999, 34.712139082 ], [ 135.64316731400001, 34.712127893 ], [ 135.64292419899999, 34.712125197 ], [ 135.64297589, 34.711909708 ], [ 135.64301616099999, 34.711785778 ], [ 135.643073907, 34.711634674 ], [ 135.64310325299999, 34.71156345 ], [ 135.64316029599999, 34.711448675 ], [ 135.64323729, 34.711315116 ], [ 135.64331083, 34.711197684 ], [ 135.643415557, 34.711037612 ], [ 135.643517059, 34.710891323 ], [ 135.64374308699999, 34.710600797 ], [ 135.643824972, 34.710522695 ], [ 135.64389841, 34.71050506 ], [ 135.644112873000012, 34.710467462 ], [ 135.644700317, 34.710365593 ], [ 135.645096536000011, 34.710305084 ], [ 135.64553394399999, 34.710236851 ], [ 135.64601275199999, 34.710162606 ], [ 135.64612805499999, 34.71013238 ], [ 135.646262611999987, 34.710092563 ], [ 135.646438555, 34.71002474 ], [ 135.646693104, 34.709904675 ], [ 135.646823299, 34.709837981 ], [ 135.646969864, 34.709746902 ], [ 135.647110559, 34.709649676 ], [ 135.647230643, 34.709547522 ], [ 135.647510845, 34.709298254 ], [ 135.647863796, 34.709013045 ], [ 135.648325706, 34.708621771 ], [ 135.648235433999986, 34.708619256 ], [ 135.647917967000012, 34.708595171 ], [ 135.648066196, 34.70847119 ], [ 135.648416071000014, 34.708163433 ], [ 135.64863103799999, 34.707953009 ], [ 135.648831338, 34.707725414 ], [ 135.648989809999989, 34.707579375 ], [ 135.64901980799999, 34.707533034 ], [ 135.64903825799999, 34.70748125 ], [ 135.64909573599999, 34.70736458 ], [ 135.649135183999988, 34.707277698 ], [ 135.64917307499999, 34.707197752 ], [ 135.649214543999989, 34.70707157 ], [ 135.649230796000012, 34.707023206 ], [ 135.64922307, 34.707017234 ], [ 135.649071123, 34.706885356 ], [ 135.648950549, 34.706769164 ], [ 135.648887352, 34.706715252 ], [ 135.648751288999989, 34.707112607 ], [ 135.64870339699999, 34.707260136 ], [ 135.64865573599999, 34.707352764 ], [ 135.64859172300001, 34.70746608 ], [ 135.64849817699999, 34.707592653 ], [ 135.648395784, 34.707720462 ], [ 135.648287334, 34.707835001 ], [ 135.648134672, 34.707974926 ], [ 135.64789449700001, 34.708182842 ], [ 135.64779525599999, 34.708261888 ], [ 135.64738263699999, 34.708614177 ], [ 135.647212953, 34.70877722 ], [ 135.647055993, 34.708925785 ], [ 135.646910246, 34.709055902 ], [ 135.646728087000014, 34.709199886 ], [ 135.646469035, 34.709403958 ], [ 135.646412993000013, 34.709438503 ], [ 135.646318793, 34.709486821 ], [ 135.646205371, 34.709536977 ], [ 135.646102802, 34.709576525 ], [ 135.64601108799999, 34.709604927 ], [ 135.645923318, 34.709630275 ], [ 135.645898511000013, 34.709636153 ], [ 135.64554632299999, 34.70968931 ], [ 135.64521347499999, 34.709738194 ], [ 135.64503968599999, 34.709761849 ], [ 135.644876595, 34.709785444 ], [ 135.644833672, 34.709790007 ], [ 135.644629283, 34.709821234 ], [ 135.644586475000011, 34.709824355 ], [ 135.644515457000011, 34.70983785 ], [ 135.644429492, 34.709849319 ], [ 135.644342652, 34.709860966 ], [ 135.644740531999986, 34.709385768 ], [ 135.644909867, 34.709178193 ], [ 135.644980288999989, 34.709074094 ], [ 135.645042563, 34.708960594 ], [ 135.645091302, 34.708846605 ], [ 135.645127116, 34.708717253 ], [ 135.645145343, 34.708641579 ], [ 135.645153967999988, 34.708590218 ], [ 135.645158422, 34.708390726 ], [ 135.645150115, 34.708163161 ], [ 135.645116546, 34.707792632 ], [ 135.64509071, 34.707196117 ], [ 135.645072234, 34.70689577 ], [ 135.645053991, 34.706591818 ], [ 135.645034355, 34.706154167 ], [ 135.645029666999989, 34.705718363 ], [ 135.64503590699999, 34.705202987 ], [ 135.645025987999986, 34.704713888 ], [ 135.645021856999989, 34.704556653 ], [ 135.645014483000011, 34.704161769 ], [ 135.64497124499999, 34.703729639 ], [ 135.64502077, 34.703763229 ], [ 135.645107681000013, 34.703810001 ], [ 135.64518296899999, 34.703843576 ], [ 135.645308476999986, 34.703875584 ], [ 135.645420937000011, 34.703895745 ], [ 135.645589054999988, 34.703944735 ], [ 135.645646376, 34.70396762 ], [ 135.645678577000012, 34.703993767 ], [ 135.645703157000014, 34.704015024 ], [ 135.645748798, 34.704063478 ], [ 135.64579564499999, 34.704110853 ], [ 135.645839927, 34.70414542 ], [ 135.645894184000014, 34.704170189 ], [ 135.645966289, 34.704182118 ], [ 135.646075827, 34.704196409 ], [ 135.646196529, 34.704203702 ], [ 135.646357088, 34.704208044 ], [ 135.646624550000013, 34.704204583 ], [ 135.646947696000012, 34.704198217 ], [ 135.64756216399999, 34.704173852 ], [ 135.647848782000011, 34.704157733 ], [ 135.64802163600001, 34.704145791 ], [ 135.648162590999988, 34.704139617 ], [ 135.648312911, 34.704138609 ], [ 135.648408778, 34.704159079 ], [ 135.64848946, 34.70418221 ], [ 135.648604744000011, 34.704205802 ], [ 135.64867695699999, 34.70421818 ], [ 135.648748657999988, 34.704222534 ], [ 135.64890532699999, 34.704217486 ], [ 135.649107745, 34.704210046 ], [ 135.64922706499999, 34.704208677 ], [ 135.649311852000011, 34.704216223 ], [ 135.64966475, 34.704247619 ], [ 135.64964401099999, 34.704117742 ], [ 135.64963551, 34.704062635 ], [ 135.649622537999988, 34.703954957 ], [ 135.649622732000012, 34.70390871 ], [ 135.649619918000013, 34.703825312 ], [ 135.649621101, 34.703752023 ], [ 135.649629033, 34.7036829 ], [ 135.649630599, 34.703622142 ], [ 135.649639767999986, 34.703389308 ], [ 135.649631246000013, 34.703287413 ], [ 135.64953888, 34.70311009 ], [ 135.64941279199999, 34.70287894 ], [ 135.649277858, 34.702649027 ], [ 135.64954733, 34.702737159 ], [ 135.649808546, 34.702841764 ], [ 135.65023821299999, 34.703020506 ], [ 135.650453551999988, 34.703106587 ], [ 135.650624674999989, 34.70316811 ], [ 135.650782873999987, 34.70321418 ], [ 135.650933185000014, 34.703241025 ], [ 135.65106801499999, 34.703262957 ], [ 135.651205769, 34.703264794 ], [ 135.651382649, 34.703255203 ], [ 135.65158109, 34.703232512 ], [ 135.651712186, 34.703207825 ], [ 135.651926664, 34.703135145 ], [ 135.65201326499999, 34.703100323 ], [ 135.652167537999986, 34.70301521 ], [ 135.652246655999988, 34.702968557 ], [ 135.652340259, 34.702903916 ], [ 135.652404202000014, 34.70285749 ], [ 135.65245186199999, 34.702815615 ], [ 135.652501959, 34.702765364 ], [ 135.652590729999986, 34.702655091 ], [ 135.652721393, 34.702472727 ], [ 135.65267750000001, 34.702422929 ], [ 135.652674166999986, 34.702358551 ], [ 135.652658153, 34.702350663 ], [ 135.65261207099999, 34.702354678 ], [ 135.652549322, 34.702376586 ], [ 135.652465643, 34.702391674 ], [ 135.65239301599999, 34.702400031 ], [ 135.652318162, 34.702393056 ], [ 135.65208981699999, 34.702441176 ], [ 135.652023514, 34.702451444 ], [ 135.651974603000014, 34.702453107 ], [ 135.651941091999987, 34.702453012 ], [ 135.651895821000011, 34.70244567 ], [ 135.651832611, 34.702421149 ], [ 135.651766595, 34.702388957 ], [ 135.651673931, 34.70233388 ], [ 135.651591359, 34.702267112 ], [ 135.651526861, 34.702211485 ], [ 135.651428888999988, 34.702120513 ], [ 135.651382267, 34.702071247 ], [ 135.651338173999989, 34.7020173 ], [ 135.651130717, 34.702056463 ], [ 135.651055703999987, 34.702061387 ], [ 135.651050959, 34.702073544 ], [ 135.651028927, 34.702095117 ], [ 135.650957240999986, 34.702139537 ], [ 135.650901936, 34.7021044 ], [ 135.650771518999989, 34.702019644 ], [ 135.650680572999988, 34.701971694 ], [ 135.65062272, 34.701945204 ], [ 135.65055787, 34.701921488 ], [ 135.650462812, 34.701865142 ], [ 135.650432951, 34.701853607 ], [ 135.650370068, 34.701855229 ], [ 135.650304409, 34.701868293 ], [ 135.650237081, 34.701888654 ], [ 135.650205699999987, 34.701901186 ], [ 135.65015817, 34.701911867 ], [ 135.650127063000014, 34.701911147 ], [ 135.65009864699999, 34.701919449 ], [ 135.65006506200001, 34.701936842 ], [ 135.65001393, 34.701947514 ], [ 135.649953949, 34.701985926 ], [ 135.649897509999988, 34.702064736 ], [ 135.64940587699999, 34.702111554 ], [ 135.64925104299999, 34.702122557 ], [ 135.649116136, 34.702145067 ], [ 135.648899559, 34.702146247 ], [ 135.648840501, 34.702146798 ], [ 135.648839228000014, 34.702086393 ], [ 135.648434511, 34.702101543 ], [ 135.648364429, 34.702101882 ], [ 135.648257046999987, 34.702120323 ], [ 135.648155172, 34.702127241 ], [ 135.64783755799999, 34.702143723 ], [ 135.647745421, 34.70214517 ], [ 135.64773946599999, 34.70210801 ], [ 135.647588681, 34.702116589 ], [ 135.647567525999989, 34.702265818 ], [ 135.647414774, 34.702249059 ], [ 135.64726825299999, 34.702229974 ], [ 135.64714412399999, 34.702207708 ], [ 135.64689884399999, 34.702130369 ], [ 135.646936957, 34.702717544 ], [ 135.646580042000011, 34.702862464 ], [ 135.646117725000011, 34.703073067 ], [ 135.645878603, 34.703164147 ], [ 135.645720409, 34.703220031 ], [ 135.645548738, 34.703262174 ], [ 135.645394915999987, 34.703291025 ], [ 135.64520477, 34.703313731 ], [ 135.64498400799999, 34.703322824 ], [ 135.644744569000011, 34.703334297 ], [ 135.644451980000014, 34.70334327 ], [ 135.644081003, 34.703354357 ], [ 135.64411078, 34.703665826 ], [ 135.644130659000012, 34.703841679 ], [ 135.644130209, 34.703946704 ], [ 135.64412277299999, 34.704026376 ], [ 135.644094, 34.704117525 ], [ 135.644031474, 34.704239407 ], [ 135.643999603, 34.704289438 ], [ 135.643951238, 34.704341764 ], [ 135.643892408999989, 34.704390544 ], [ 135.643810444, 34.704437814 ], [ 135.643727547999987, 34.704472911 ], [ 135.643717597, 34.704553387 ], [ 135.643713588999987, 34.704648124 ], [ 135.643688567, 34.705290198 ], [ 135.64365423699999, 34.706015273 ], [ 135.643647249999987, 34.706167968 ], [ 135.643191976999987, 34.70618115 ], [ 135.642832160000012, 34.706183522 ], [ 135.64220633, 34.706181055 ], [ 135.642214169999988, 34.706489936 ], [ 135.64224801, 34.707073493 ], [ 135.642239163, 34.707201211 ], [ 135.642568106999988, 34.707194964 ], [ 135.643898549999989, 34.707160996 ], [ 135.644452847999986, 34.707146297 ], [ 135.644463714000011, 34.707438689 ], [ 135.644482071999988, 34.707766172 ], [ 135.644517868, 34.708177004 ], [ 135.64452388399999, 34.708378419 ], [ 135.644517761, 34.708559245 ], [ 135.644504488, 34.708625196 ], [ 135.64448255, 34.708700589 ], [ 135.644455612, 34.708771099 ], [ 135.644419655, 34.708831575 ], [ 135.644356861, 34.708913339 ], [ 135.644076117999987, 34.709261224 ], [ 135.643263899, 34.710253846 ], [ 135.643344471, 34.710252819 ], [ 135.64364429, 34.71024396 ], [ 135.643497798, 34.710418695 ], [ 135.64332273299999, 34.71063734 ], [ 135.64318845, 34.710816077 ], [ 135.643033916, 34.711032798 ], [ 135.642976957, 34.711127831 ], [ 135.642492965, 34.711136148 ], [ 135.642039567000012, 34.711138513 ], [ 135.641281959, 34.711154586 ], [ 135.640924506, 34.711160835 ], [ 135.640851018, 34.711164405 ], [ 135.640775136, 34.711166255 ], [ 135.640317657999987, 34.711152915 ], [ 135.639951435, 34.711142097 ], [ 135.63996547, 34.71130441 ], [ 135.640000699000012, 34.71169009 ], [ 135.64000335899999, 34.711781601 ], [ 135.64000675299999, 34.712006087 ], [ 135.640006196, 34.712059185 ], [ 135.64001913300001, 34.712172633 ], [ 135.64001250699999, 34.712240317 ], [ 135.640020174999989, 34.712335088 ], [ 135.640032780000013, 34.712474769 ], [ 135.64004633, 34.712698744 ], [ 135.64005064599999, 34.712785933 ], [ 135.640078636999988, 34.713053404 ], [ 135.640141817, 34.713111016 ], [ 135.640140054, 34.713291313 ], [ 135.640128594, 34.713693713 ], [ 135.639922258000013, 34.713717985 ], [ 135.639854793000012, 34.713842825 ], [ 135.639938045, 34.713904464 ], [ 135.640098501000011, 34.714012308 ], [ 135.64019146199999, 34.714050446 ], [ 135.640253715999989, 34.714070103 ], [ 135.64109531, 34.714053112 ], [ 135.64156099499999, 34.71404078 ], [ 135.642143135, 34.714036271 ], [ 135.642109428, 34.714181946 ], [ 135.64205642499999, 34.714447555 ], [ 135.64195556199999, 34.714899907 ], [ 135.641898137999988, 34.715152612 ], [ 135.641557842999987, 34.71515089 ], [ 135.64152219499999, 34.715366336 ], [ 135.641503097, 34.715516201 ], [ 135.641486668999988, 34.715730531 ], [ 135.641379228, 34.71692165 ], [ 135.641350641, 34.717170563 ], [ 135.641324544000014, 34.717398838 ], [ 135.641315600000013, 34.717497798 ], [ 135.641263108, 34.718073978 ], [ 135.641247625, 34.718195456 ], [ 135.6411747, 34.718850909 ], [ 135.641514265000012, 34.718848392 ], [ 135.641475906000011, 34.719109807 ], [ 135.641468506, 34.719407644 ], [ 135.641227198, 34.719411261 ], [ 135.641250345, 34.719613448 ], [ 135.641252149, 34.719650775 ], [ 135.64128040599999, 34.719883177 ], [ 135.641287215, 34.719949909 ], [ 135.641298002000013, 34.720106623 ], [ 135.641310914, 34.720150655 ], [ 135.641329382, 34.720273224 ], [ 135.641349319999989, 34.720359016 ], [ 135.641354756, 34.720389594 ], [ 135.641396210000011, 34.720600218 ], [ 135.641413926000013, 34.720669596 ], [ 135.641417217999987, 34.720691062 ], [ 135.641442657999988, 34.720817348 ], [ 135.641476176999987, 34.720994683 ], [ 135.641492476, 34.721088668 ], [ 135.64166804199999, 34.721089185 ], [ 135.641769028999988, 34.721091285 ], [ 135.64186134900001, 34.721077493 ], [ 135.641966051999987, 34.721078432 ], [ 135.642139219, 34.721078309 ] ] ] } },
{ "type": "Feature", "properties": { "A29_001": "27218", "A29_002": "大阪府", "A29_003": "大東市", "A29_004": 5, "A29_005": "第一種住居地域", "A29_006": 60, "A29_007": 200, "A29_008": "条件付き公開" }, "geometry": { "type": "Polygon", "coordinates": [ [ [ 135.617206778, 34.704611037 ], [ 135.617395698, 34.704789112 ], [ 135.618272332, 34.704800336 ], [ 135.618278699, 34.704745093 ], [ 135.61830043099999, 34.70448183 ], [ 135.618345502000011, 34.703795201 ], [ 135.618382104, 34.703146138 ], [ 135.618429359, 34.702435444 ], [ 135.61840598399999, 34.702438707 ], [ 135.618401068, 34.702439413 ], [ 135.618367855, 34.7024458 ], [ 135.61832665599999, 34.702455677 ], [ 135.61827899799999, 34.702469772 ], [ 135.618188148, 34.702499868 ], [ 135.617910103000014, 34.702598163 ], [ 135.617782506, 34.702643289 ], [ 135.617749048, 34.702655084 ], [ 135.617731225999989, 34.702661429 ], [ 135.617666826, 34.702684215 ], [ 135.617603519999989, 34.702706554 ], [ 135.617357389, 34.702795933 ], [ 135.617308185000013, 34.702813809 ], [ 135.61689607, 34.702963517 ], [ 135.616770553, 34.703007206 ], [ 135.616427238, 34.703126748 ], [ 135.616232290999989, 34.703194649 ], [ 135.61524857, 34.703540882 ], [ 135.61503403899999, 34.703618005 ], [ 135.614870789, 34.703676718 ], [ 135.614824317999989, 34.70369343 ], [ 135.614775879, 34.703710856 ], [ 135.614745946, 34.704069112 ], [ 135.61471577399999, 34.704455223 ], [ 135.614702494999989, 34.704564534 ], [ 135.614686871, 34.70499126 ], [ 135.61468159, 34.705306141 ], [ 135.614679059, 34.705569554 ], [ 135.614674393, 34.705704766 ], [ 135.61465734399999, 34.705944514 ], [ 135.614595471, 34.70593945 ], [ 135.61449364500001, 34.705934259 ], [ 135.614388870999989, 34.70592906 ], [ 135.613894613000014, 34.705944533 ], [ 135.612749465, 34.70597137 ], [ 135.611984989, 34.705994541 ], [ 135.611720889999987, 34.706001002 ], [ 135.611541875, 34.705997998 ], [ 135.61137568800001, 34.705982863 ], [ 135.611253339, 34.705954436 ], [ 135.61110889299999, 34.705912506 ], [ 135.61091448900001, 34.705838773 ], [ 135.610721643, 34.705758914 ], [ 135.610549365, 34.705669384 ], [ 135.61037578299999, 34.70555542 ], [ 135.610239017999987, 34.705458611 ], [ 135.609874466, 34.70516806 ], [ 135.60929963699999, 34.7052094 ], [ 135.609040058, 34.705230204 ], [ 135.608782991, 34.705250654 ], [ 135.608411147, 34.705281103 ], [ 135.60840448499999, 34.705281713 ], [ 135.608459431, 34.705482385 ], [ 135.608521071000013, 34.705698855 ], [ 135.608546307000012, 34.705741127 ], [ 135.608574995, 34.705769166 ], [ 135.608669092000014, 34.705839065 ], [ 135.60891159900001, 34.706013384 ], [ 135.608957397000012, 34.706047247 ], [ 135.608994798999987, 34.706079281 ], [ 135.608983542, 34.706128557 ], [ 135.608959357, 34.706210788 ], [ 135.608950916999987, 34.706241322 ], [ 135.608929694000011, 34.706343575 ], [ 135.608930275, 34.706359443 ], [ 135.608922779000011, 34.706444522 ], [ 135.608917233, 34.706671865 ], [ 135.608921259, 34.706836944 ], [ 135.608913496000014, 34.707001986 ], [ 135.608875992, 34.707385908 ], [ 135.608849279, 34.707494995 ], [ 135.608846239, 34.707584145 ], [ 135.608838053999989, 34.707699602 ], [ 135.608826295, 34.708017617 ], [ 135.608819912, 34.708306711 ], [ 135.608815262, 34.708598875 ], [ 135.60881759899999, 34.708682092 ], [ 135.609065186, 34.708799451 ], [ 135.60909668, 34.708811182 ], [ 135.60956431599999, 34.708982255 ], [ 135.609828240000013, 34.709061442 ], [ 135.610005427, 34.709106634 ], [ 135.610351283, 34.709174181 ], [ 135.610559813, 34.709216858 ], [ 135.610776482, 34.709246579 ], [ 135.61105186099999, 34.709281265 ], [ 135.611383509, 34.709305853 ], [ 135.61240408099999, 34.709385912 ], [ 135.61282900399999, 34.709424586 ], [ 135.613575034, 34.709501328 ], [ 135.614923769, 34.709605395 ], [ 135.616045394, 34.709695209 ], [ 135.617236842000011, 34.709795149 ], [ 135.617912587, 34.709845411 ], [ 135.617924805, 34.709657484 ], [ 135.61793588399999, 34.709527251 ], [ 135.617982789, 34.708846848 ], [ 135.61798557, 34.708764188 ], [ 135.617983196000012, 34.708402135 ], [ 135.617993700999989, 34.70825423 ], [ 135.618020615, 34.707908856 ], [ 135.61806604, 34.707288849 ], [ 135.618031269999989, 34.707277201 ], [ 135.61796822299999, 34.707242205 ], [ 135.618043575, 34.706974963 ], [ 135.618088594, 34.706680761 ], [ 135.618125967, 34.7060308 ], [ 135.617805905000012, 34.706005545 ], [ 135.61752108499999, 34.705983917 ], [ 135.617214276999988, 34.705948786 ], [ 135.616998908, 34.705922507 ], [ 135.616690732, 34.705876462 ], [ 135.6163913, 34.70582792 ], [ 135.616027145, 34.705753661 ], [ 135.615751526, 34.705678417 ], [ 135.61596787900001, 34.705089962 ], [ 135.615782682, 34.705031231 ], [ 135.61586074499999, 34.70462742 ], [ 135.615899272, 34.704628894 ], [ 135.615920612, 34.704451995 ], [ 135.615973217, 34.704066581 ], [ 135.616526857, 34.704111042 ], [ 135.616601417, 34.704154714 ], [ 135.616628278, 34.704155158 ], [ 135.617206778, 34.704611037 ] ] ] } },
{ "type": "Feature", "properties": { "A29_001": "27218", "A29_002": "大阪府", "A29_003": "大東市", "A29_004": 4, "A29_005": "第二種中高層住居専用地域", "A29_006": 60, "A29_007": 200, "A29_008": "条件付き公開" }, "geometry": { "type": "Polygon", "coordinates": [ [ [ 135.606893558, 34.704727468 ], [ 135.607138983999988, 34.704698149 ], [ 135.608053195999986, 34.70463393 ], [ 135.608108883999989, 34.704630774 ], [ 135.608159828, 34.704615071 ], [ 135.60895779, 34.704548669 ], [ 135.609616074, 34.704494615 ], [ 135.610001681999989, 34.704461412 ], [ 135.610435126999988, 34.704423132 ], [ 135.610633995, 34.704405287 ], [ 135.611328019000013, 34.704271375 ], [ 135.611374022, 34.704261515 ], [ 135.611457752, 34.704237621 ], [ 135.61150641, 34.704220377 ], [ 135.611884328, 34.704080225 ], [ 135.611914074, 34.70406869 ], [ 135.61264611199999, 34.703811114 ], [ 135.612694441, 34.703794048 ], [ 135.612844566, 34.703741246 ], [ 135.612994799, 34.703688354 ], [ 135.613170180999987, 34.703626797 ], [ 135.613302041, 34.703581148 ], [ 135.613526947999986, 34.70350316 ], [ 135.613703418999989, 34.703441966 ], [ 135.613745951, 34.703427226 ], [ 135.614136392, 34.703291974 ], [ 135.614295924, 34.703234512 ], [ 135.614157237, 34.703199004 ], [ 135.613629421000013, 34.703063458 ], [ 135.613049708, 34.702914582 ], [ 135.61291060100001, 34.702875646 ], [ 135.612814885, 34.702848386 ], [ 135.612810544000013, 34.702749116 ], [ 135.612887871999988, 34.702740076 ], [ 135.612950573, 34.70273081 ], [ 135.61299854, 34.702720865 ], [ 135.613025420000014, 34.702715181 ], [ 135.613089814, 34.702694019 ], [ 135.613133994, 34.702676941 ], [ 135.613195474, 34.702648648 ], [ 135.61326666799999, 34.702620477 ], [ 135.613727661000013, 34.702500686 ], [ 135.613662478, 34.7022925 ], [ 135.613584545, 34.702056148 ], [ 135.613526955, 34.701881974 ], [ 135.61307943700001, 34.701968541 ], [ 135.613062176, 34.701971641 ], [ 135.612809094999989, 34.70125603 ], [ 135.61299915, 34.700902069 ], [ 135.612945395, 34.700654794 ], [ 135.612921486, 34.700561773 ], [ 135.612887362, 34.700482422 ], [ 135.61334788, 34.700415279 ], [ 135.61337977, 34.700411774 ], [ 135.613345254, 34.70015852 ], [ 135.61327461499999, 34.699762893 ], [ 135.61318101399999, 34.699258471 ], [ 135.61308569900001, 34.698794341 ], [ 135.613030755000011, 34.69849775 ], [ 135.613002798, 34.69836 ], [ 135.61298435399999, 34.698148267 ], [ 135.612964578, 34.697894699 ], [ 135.612945328, 34.697691978 ], [ 135.612923454, 34.69751368 ], [ 135.61287760799999, 34.697514166 ], [ 135.612324573, 34.697551443 ], [ 135.61232243500001, 34.697495092 ], [ 135.61220237, 34.697494259 ], [ 135.611524003999989, 34.697489845 ], [ 135.609682107, 34.697476927 ], [ 135.609538845, 34.69811564 ], [ 135.60946575, 34.698409569 ], [ 135.609388577, 34.698688519 ], [ 135.609172066000014, 34.698654289 ], [ 135.609217997, 34.698473413 ], [ 135.609260772, 34.698476255 ], [ 135.609301498, 34.698287969 ], [ 135.609287352, 34.698278729 ], [ 135.60928884, 34.698264039 ], [ 135.60858522800001, 34.698288195 ], [ 135.60769292, 34.698328779 ], [ 135.60770165299999, 34.698513616 ], [ 135.607698905, 34.69879533 ], [ 135.607687282, 34.69882955 ], [ 135.607656254, 34.698881738 ], [ 135.607228021, 34.699463004 ], [ 135.607017651, 34.699745851 ], [ 135.60695615899999, 34.699822913 ], [ 135.606903280000012, 34.699879086 ], [ 135.60671318199999, 34.700075724 ], [ 135.606429585, 34.700331288 ], [ 135.606360169, 34.700398677 ], [ 135.606330379000013, 34.700419766 ], [ 135.60630761499999, 34.700432314 ], [ 135.606245883000014, 34.700444465 ], [ 135.606118946, 34.700580002 ], [ 135.606040170999989, 34.70066449 ], [ 135.606012142, 34.700705418 ], [ 135.60599288099999, 34.700738892 ], [ 135.605981711999988, 34.700792315 ], [ 135.605947081000011, 34.701028399 ], [ 135.60591585899999, 34.701282254 ], [ 135.60588805, 34.701507091 ], [ 135.606344463999989, 34.701709603 ], [ 135.606332968, 34.701763025 ], [ 135.606120307999987, 34.701720868 ], [ 135.60594838099999, 34.701675237 ], [ 135.605646433, 34.701586543 ], [ 135.605669439, 34.701453915 ], [ 135.60539067900001, 34.70135565 ], [ 135.605045353, 34.701207134 ], [ 135.604559607, 34.700976305 ], [ 135.604180617, 34.700791887 ], [ 135.604015096000012, 34.700731129 ], [ 135.603817041000013, 34.700648808 ], [ 135.60353184499999, 34.700504721 ], [ 135.603227392, 34.700393295 ], [ 135.603345714999989, 34.70121748 ], [ 135.603368886, 34.701371353 ], [ 135.60275462300001, 34.701126486 ], [ 135.602188770999987, 34.700893763 ], [ 135.602047309999989, 34.701029159 ], [ 135.601811586, 34.701245112 ], [ 135.601870176, 34.701296509 ], [ 135.601966483000012, 34.701381566 ], [ 135.602038611000012, 34.701432466 ], [ 135.602119906000013, 34.701483937 ], [ 135.602223154, 34.701532776 ], [ 135.602229284, 34.701597704 ], [ 135.602250403, 34.701769331 ], [ 135.60228380699999, 34.702042868 ], [ 135.602336517999987, 34.702456112 ], [ 135.602354107999986, 34.702589863 ], [ 135.60236952599999, 34.702721263 ], [ 135.602373919, 34.702807011 ], [ 135.602410905999989, 34.703107335 ], [ 135.602453583999988, 34.703450408 ], [ 135.60248058, 34.703671727 ], [ 135.602926465, 34.703634145 ], [ 135.603569112, 34.703585032 ], [ 135.60418945699999, 34.703542784 ], [ 135.604231604, 34.703540487 ], [ 135.604246939, 34.703735894 ], [ 135.604284990999986, 34.704112218 ], [ 135.604296018000014, 34.704203577 ], [ 135.6043055, 34.704367141 ], [ 135.60433537899999, 34.704717746 ], [ 135.604343726, 34.704844795 ], [ 135.60435551, 34.704937599 ], [ 135.60497280199999, 34.7048966 ], [ 135.60572617599999, 34.704841974 ], [ 135.60584848100001, 34.704832904 ], [ 135.606231447, 34.704804933 ], [ 135.60654363, 34.704786649 ], [ 135.606893558, 34.704727468 ] ] ] } },
{ "type": "Feature", "properties": { "A29_001": "27218", "A29_002": "大阪府", "A29_003": "大東市", "A29_004": 4, "A29_005": "第二種中高層住居専用地域", "A29_006": 60, "A29_007": 200, "A29_008": "条件付き公開" }, "geometry": { "type": "Polygon", "coordinates": [ [ [ 135.62699284199999, 34.705836223 ], [ 135.627006607999988, 34.705931014 ], [ 135.627046154, 34.706070779 ], [ 135.627051146000014, 34.706150217 ], [ 135.627046033999989, 34.706267758 ], [ 135.627037234, 34.706331288 ], [ 135.627029486999987, 34.706378954 ], [ 135.627005121, 34.70645704 ], [ 135.62695564399999, 34.706559842 ], [ 135.626909785, 34.706635067 ], [ 135.626837900999988, 34.70671986 ], [ 135.62667444600001, 34.706946089 ], [ 135.626581845, 34.707001068 ], [ 135.626880365, 34.707109082 ], [ 135.627132252, 34.707197029 ], [ 135.627807437, 34.70744232 ], [ 135.628389668000011, 34.707651355 ], [ 135.628979116000011, 34.707858425 ], [ 135.629279075, 34.707963282 ], [ 135.62976661499999, 34.708134789 ], [ 135.630122605999986, 34.708258115 ], [ 135.632260476, 34.708962896 ], [ 135.63223986599999, 34.709007098 ], [ 135.632646744, 34.709153468 ], [ 135.632909068, 34.709254236 ], [ 135.633084362, 34.709335269 ], [ 135.633246442, 34.709417524 ], [ 135.633405434, 34.709506982 ], [ 135.633579196999989, 34.709613612 ], [ 135.633817658, 34.709779035 ], [ 135.633932302, 34.709874489 ], [ 135.63407944799999, 34.710001773 ], [ 135.63418547399999, 34.710095758 ], [ 135.634884432, 34.710083611 ], [ 135.635832294000011, 34.710072294 ], [ 135.63635293199999, 34.710070513 ], [ 135.63636362599999, 34.709996802 ], [ 135.636387359999986, 34.709886708 ], [ 135.636415384, 34.709794477 ], [ 135.636450593, 34.709706775 ], [ 135.63651010000001, 34.709579749 ], [ 135.636563112, 34.709490027 ], [ 135.636640446, 34.709380363 ], [ 135.636706831, 34.709303121 ], [ 135.636805468, 34.709190096 ], [ 135.636900551, 34.709090852 ], [ 135.63700907, 34.708989485 ], [ 135.637098720000012, 34.708909338 ], [ 135.637163907, 34.708856252 ], [ 135.63728386, 34.70876141 ], [ 135.637522445, 34.708573975 ], [ 135.637954236000013, 34.708240888 ], [ 135.638175373, 34.708073594 ], [ 135.638315072000012, 34.707981423 ], [ 135.638557107, 34.707828073 ], [ 135.638573791, 34.707731841 ], [ 135.638616265, 34.707303209 ], [ 135.638685063999986, 34.706469245 ], [ 135.63876772, 34.705510733 ], [ 135.638784522, 34.70531191 ], [ 135.63732553599999, 34.705315509 ], [ 135.63738995599999, 34.705162444 ], [ 135.637211672, 34.705117018 ], [ 135.637173807000011, 34.705188756 ], [ 135.63706607899999, 34.705335021 ], [ 135.636868058, 34.705609392 ], [ 135.636796694999987, 34.705727457 ], [ 135.636650833, 34.706006401 ], [ 135.636444307, 34.705953317 ], [ 135.636000429, 34.705832451 ], [ 135.635776268, 34.705768405 ], [ 135.63554929099999, 34.705699392 ], [ 135.635195567000011, 34.705806425 ], [ 135.634935907999989, 34.705846395 ], [ 135.63494542, 34.705693888 ], [ 135.634944620999988, 34.705528008 ], [ 135.634938807, 34.705186408 ], [ 135.634931091, 34.704930175 ], [ 135.63492396699999, 34.704514197 ], [ 135.634927586, 34.704410985 ], [ 135.633986771999986, 34.704373454 ], [ 135.63397044300001, 34.704189587 ], [ 135.633965534999987, 34.704089505 ], [ 135.63380743499999, 34.704097143 ], [ 135.633507398, 34.704110936 ], [ 135.633454236, 34.704110776 ], [ 135.63329766699999, 34.704093176 ], [ 135.63313228199999, 34.70406951 ], [ 135.632986206, 34.704023904 ], [ 135.63283137, 34.703959971 ], [ 135.632250217, 34.703707869 ], [ 135.632489322, 34.70327884 ], [ 135.632559528, 34.703151849 ], [ 135.632387752, 34.703142045 ], [ 135.631341045, 34.703085243 ], [ 135.62982309, 34.703004644 ], [ 135.629177433, 34.702974283 ], [ 135.628871097, 34.702956943 ], [ 135.62816901799999, 34.70292352 ], [ 135.627750705000011, 34.702901599 ], [ 135.627729179999989, 34.702930471 ], [ 135.62766953799999, 34.702988346 ], [ 135.62762975699999, 34.703047364 ], [ 135.627569275000013, 34.703146345 ], [ 135.627528747000014, 34.703347889 ], [ 135.627550538, 34.703356971 ], [ 135.627534645, 34.703395868 ], [ 135.627336359999987, 34.703358029 ], [ 135.627323122, 34.703413251 ], [ 135.627317341, 34.703485355 ], [ 135.627300042, 34.703545523 ], [ 135.627291546, 34.703614282 ], [ 135.62728556799999, 34.703730288 ], [ 135.62728880899999, 34.703908346 ], [ 135.627289631, 34.704041322 ], [ 135.62728542, 34.704055463 ], [ 135.627284626, 34.704086382 ], [ 135.627249139000014, 34.704088527 ], [ 135.627221193999986, 34.704088442 ], [ 135.627170008, 34.704086031 ], [ 135.62715573, 34.704080939 ], [ 135.627074935, 34.704084478 ], [ 135.627183712, 34.70436491 ], [ 135.627231152, 34.704496766 ], [ 135.627237164, 34.704543573 ], [ 135.62719560299999, 34.704853205 ], [ 135.627181583, 34.704936822 ], [ 135.627149054, 34.705228542 ], [ 135.627132412, 34.705312331 ], [ 135.627089985, 34.705449952 ], [ 135.627026841, 34.705606532 ], [ 135.626993332000012, 34.705727051 ], [ 135.62699284199999, 34.705836223 ] ] ] } },
{ "type": "Feature", "properties": { "A29_001": "27218", "A29_002": "大阪府", "A29_003": "大東市", "A29_004": 4, "A29_005": "第二種中高層住居専用地域", "A29_006": 60, "A29_007": 200, "A29_008": "条件付き公開" }, "geometry": { "type": "Polygon", "coordinates": [ [ [ 135.642759782000013, 34.726367207 ], [ 135.64276035200001, 34.7263618 ], [ 135.642790066, 34.726282194 ], [ 135.64279744699999, 34.726089473 ], [ 135.642801510999988, 34.72593145 ], [ 135.642807495999989, 34.725784071 ], [ 135.642812018, 34.725697359 ], [ 135.642818224, 34.725523837 ], [ 135.642834076000014, 34.725468441 ], [ 135.64284116499999, 34.725292668 ], [ 135.642849496, 34.725107342 ], [ 135.64284935500001, 34.724987982 ], [ 135.642848041, 34.724861767 ], [ 135.64284081400001, 34.724841191 ], [ 135.642835469, 34.724763916 ], [ 135.64282542, 34.724612343 ], [ 135.64282042, 34.724531013 ], [ 135.64282423899999, 34.72448081 ], [ 135.64282353499999, 34.724390657 ], [ 135.642737009, 34.724122745 ], [ 135.642699453, 34.723918534 ], [ 135.642664625, 34.723714781 ], [ 135.642619623, 34.723490263 ], [ 135.64258231, 34.723280734 ], [ 135.642561819, 34.723196112 ], [ 135.642545222, 34.723145579 ], [ 135.64253412799999, 34.723084785 ], [ 135.6425116, 34.72296617 ], [ 135.642499676999989, 34.722895186 ], [ 135.642487292999988, 34.7228297 ], [ 135.642457817, 34.72270196 ], [ 135.642421496999987, 34.722540574 ], [ 135.64237510699999, 34.722309201 ], [ 135.642336916, 34.722126082 ], [ 135.642319885, 34.722024342 ], [ 135.64230379899999, 34.721956501 ], [ 135.64227476, 34.721828763 ], [ 135.64223027700001, 34.721585585 ], [ 135.64217494, 34.721276926 ], [ 135.642139219, 34.721078309 ], [ 135.641966051999987, 34.721078432 ], [ 135.64186134900001, 34.721077493 ], [ 135.641769028999988, 34.721091285 ], [ 135.64166804199999, 34.721089185 ], [ 135.641492476, 34.721088668 ], [ 135.641476176999987, 34.720994683 ], [ 135.641442657999988, 34.720817348 ], [ 135.641417217999987, 34.720691062 ], [ 135.641413926000013, 34.720669596 ], [ 135.641396210000011, 34.720600218 ], [ 135.641354756, 34.720389594 ], [ 135.641349319999989, 34.720359016 ], [ 135.641329382, 34.720273224 ], [ 135.641310914, 34.720150655 ], [ 135.641298002000013, 34.720106623 ], [ 135.641287215, 34.719949909 ], [ 135.64128040599999, 34.719883177 ], [ 135.641252149, 34.719650775 ], [ 135.641250345, 34.719613448 ], [ 135.641227198, 34.719411261 ], [ 135.640869723, 34.719414265 ], [ 135.64061750799999, 34.719415414 ], [ 135.640254575, 34.719418039 ], [ 135.639995808, 34.719419438 ], [ 135.639648182, 34.719417149 ], [ 135.639266152, 34.719417551 ], [ 135.63898255, 34.719405442 ], [ 135.637550909, 34.719391094 ], [ 135.637576235000012, 34.719567324 ], [ 135.637484332000014, 34.719585892 ], [ 135.637360268, 34.719618428 ], [ 135.637295297, 34.7196451 ], [ 135.637212408000011, 34.719699665 ], [ 135.637184308, 34.719733658 ], [ 135.637172606, 34.719788074 ], [ 135.63714233799999, 34.71986885 ], [ 135.637095464999987, 34.71997635 ], [ 135.637057032, 34.720051512 ], [ 135.636834865, 34.720046973 ], [ 135.636792092, 34.720040805 ], [ 135.636708039000013, 34.720036859 ], [ 135.636323312, 34.720054192 ], [ 135.636270599999989, 34.720048896 ], [ 135.636042822, 34.720078957 ], [ 135.63555245, 34.720086145 ], [ 135.635508689, 34.720155972 ], [ 135.635459794000013, 34.720226233 ], [ 135.635163282, 34.720666995 ], [ 135.634951363, 34.72101317 ], [ 135.634950484, 34.72101452 ], [ 135.63463744399999, 34.721513107 ], [ 135.634395251, 34.721914724 ], [ 135.634367872000013, 34.721958185 ], [ 135.634233439000013, 34.722187215 ], [ 135.634219478, 34.722208629 ], [ 135.633904703000013, 34.722702431 ], [ 135.633844014, 34.722797178 ], [ 135.63367129299999, 34.72306684 ], [ 135.63354788800001, 34.72327021 ], [ 135.63328991899999, 34.723681513 ], [ 135.633069513, 34.724042264 ], [ 135.632943544, 34.724256894 ], [ 135.632608506, 34.724810853 ], [ 135.63246781699999, 34.725020209 ], [ 135.632274655, 34.725342096 ], [ 135.63208918699999, 34.725676897 ], [ 135.632035351000013, 34.725776801 ], [ 135.631981016, 34.725890588 ], [ 135.631824865999988, 34.726212405 ], [ 135.631802474000011, 34.726263273 ], [ 135.631782071, 34.726309098 ], [ 135.631759751, 34.72636844 ], [ 135.631705716999988, 34.726512698 ], [ 135.631634029999987, 34.726722532 ], [ 135.631564016, 34.72694896 ], [ 135.63152123399999, 34.727091809 ], [ 135.631501985, 34.727172706 ], [ 135.631482962, 34.727276412 ], [ 135.631479015999986, 34.727329139 ], [ 135.63147719, 34.727346803 ], [ 135.631791467999989, 34.727317282 ], [ 135.632245875, 34.727279619 ], [ 135.63231073899999, 34.727278643 ], [ 135.632371181, 34.727314706 ], [ 135.632578405, 34.727295317 ], [ 135.63289771699999, 34.727263105 ], [ 135.633032058, 34.727255215 ], [ 135.63307925, 34.727250489 ], [ 135.633073279, 34.727217927 ], [ 135.63304010600001, 34.727015529 ], [ 135.632995376, 34.726784428 ], [ 135.632948997, 34.726481742 ], [ 135.632909485999988, 34.726132289 ], [ 135.632932681, 34.726121631 ], [ 135.63318719899999, 34.726098327 ], [ 135.633409986, 34.726089802 ], [ 135.63355116599999, 34.726090498 ], [ 135.633734510000011, 34.726087804 ], [ 135.633829279, 34.726089621 ], [ 135.634140521, 34.726078746 ], [ 135.634167415, 34.726046463 ], [ 135.63440424699999, 34.726022202 ], [ 135.63445667900001, 34.726017491 ], [ 135.634537118, 34.726000604 ], [ 135.634666995, 34.725989454 ], [ 135.634672405, 34.725926095 ], [ 135.634744678, 34.725928745 ], [ 135.634878093, 34.725932211 ], [ 135.634965128, 34.725930037 ], [ 135.63502835700001, 34.725928334 ], [ 135.635120776, 34.725918333 ], [ 135.635168693999987, 34.725922083 ], [ 135.635257784, 34.725949214 ], [ 135.635276358999988, 34.726095404 ], [ 135.635284762, 34.726195948 ], [ 135.635304475, 34.726406238 ], [ 135.635316096999986, 34.726494891 ], [ 135.635341012, 34.726788858 ], [ 135.635348897, 34.726858297 ], [ 135.635401949, 34.727035692 ], [ 135.635462784999987, 34.727231141 ], [ 135.635454568, 34.727486063 ], [ 135.635457118, 34.727576852 ], [ 135.635515481999988, 34.727887686 ], [ 135.63553849499999, 34.728018113 ], [ 135.635688386999988, 34.728224015 ], [ 135.635723915, 34.728264779 ], [ 135.63580826399999, 34.72837745 ], [ 135.635810125, 34.72847599 ], [ 135.635811681, 34.728519537 ], [ 135.635817534000012, 34.728604207 ], [ 135.635818801, 34.728738625 ], [ 135.635827006, 34.72898386 ], [ 135.635825896999989, 34.729037586 ], [ 135.63583586199999, 34.729205567 ], [ 135.635847637000012, 34.729483447 ], [ 135.635870807, 34.729926967 ], [ 135.635881218, 34.730067724 ], [ 135.635906462, 34.730436876 ], [ 135.63591528, 34.730542649 ], [ 135.63594364299999, 34.730947511 ], [ 135.635808204999989, 34.730955039 ], [ 135.635815631000014, 34.731079469 ], [ 135.63583181199999, 34.731398561 ], [ 135.635840656999989, 34.731572849 ], [ 135.635847783, 34.731865229 ], [ 135.63585109600001, 34.731956381 ], [ 135.636139332999988, 34.731942007 ], [ 135.636232260000014, 34.731917403 ], [ 135.63622848899999, 34.731831118 ], [ 135.636232646, 34.73158015 ], [ 135.636227369000011, 34.73146366 ], [ 135.636229746999987, 34.731244871 ], [ 135.63623543599999, 34.730968126 ], [ 135.636531940999987, 34.730960356 ], [ 135.636642104, 34.730964111 ], [ 135.636623181, 34.730522406 ], [ 135.636606027999989, 34.729975681 ], [ 135.636539391000014, 34.729981882 ], [ 135.636482887, 34.72922012 ], [ 135.636411871, 34.728306321 ], [ 135.636324881, 34.727225785 ], [ 135.636242917, 34.726095049 ], [ 135.63623086699999, 34.725929496 ], [ 135.636311457, 34.725927934 ], [ 135.636284319999987, 34.725567159 ], [ 135.636276790000011, 34.725416675 ], [ 135.636255116, 34.725104869 ], [ 135.636234054999989, 34.724852745 ], [ 135.636230880999989, 34.724754741 ], [ 135.63621440899999, 34.724277794 ], [ 135.636834584000013, 34.724580838 ], [ 135.636841796999988, 34.724778921 ], [ 135.63686615200001, 34.725077393 ], [ 135.63688697399999, 34.725334746 ], [ 135.636908791, 34.72563916 ], [ 135.636926652, 34.725874326 ], [ 135.636930468, 34.725925633 ], [ 135.636943898, 34.725925854 ], [ 135.63695487199999, 34.726063006 ], [ 135.63707917, 34.727628033 ], [ 135.637144817, 34.728497552 ], [ 135.637180941, 34.728976721 ], [ 135.637896063999989, 34.728975063 ], [ 135.638239668000011, 34.728982214 ], [ 135.638396139, 34.728958247 ], [ 135.63880799099999, 34.728914935 ], [ 135.638977735, 34.728902096 ], [ 135.639159272, 34.728889201 ], [ 135.639342207999988, 34.728881178 ], [ 135.639340514, 34.728592421 ], [ 135.639334936000012, 34.728167163 ], [ 135.63933664000001, 34.727774832 ], [ 135.639337471, 34.727583534 ], [ 135.639334940999987, 34.727487246 ], [ 135.639326742, 34.727338563 ], [ 135.639322948, 34.727181329 ], [ 135.639310244, 34.727064366 ], [ 135.63929267899999, 34.726910066 ], [ 135.639287451, 34.726856771 ], [ 135.639258672000011, 34.726694955 ], [ 135.639231482000014, 34.726519441 ], [ 135.639196903999988, 34.726335341 ], [ 135.639090939, 34.725919522 ], [ 135.639060594999989, 34.725791508 ], [ 135.639214970000012, 34.725896721 ], [ 135.63933112, 34.725978741 ], [ 135.63937662699999, 34.72603486 ], [ 135.63946603, 34.726191356 ], [ 135.639505797999988, 34.726286673 ], [ 135.639686786, 34.726625544 ], [ 135.639819956, 34.726862313 ], [ 135.640145538000013, 34.727297081 ], [ 135.640252604000011, 34.727435057 ], [ 135.640330473, 34.727507228 ], [ 135.640477463, 34.727629455 ], [ 135.64060846699999, 34.727711518 ], [ 135.640799643, 34.72784244 ], [ 135.640984745, 34.728014813 ], [ 135.641114079, 34.728129686 ], [ 135.641281639999988, 34.72826793 ], [ 135.64137423599999, 34.728343749 ], [ 135.641488952, 34.728430541 ], [ 135.641582481, 34.72849257 ], [ 135.641669728000011, 34.72854313 ], [ 135.641761594, 34.728585862 ], [ 135.641916935000012, 34.728646269 ], [ 135.641986516, 34.728665946 ], [ 135.64217800099999, 34.728726278 ], [ 135.64218213, 34.728781733 ], [ 135.64256172099999, 34.728774283 ], [ 135.642557261, 34.728161515 ], [ 135.642558724999986, 34.727973645 ], [ 135.642566689, 34.727772542 ], [ 135.642582979999986, 34.72764079 ], [ 135.642585142, 34.727620332 ], [ 135.642625675, 34.727462867 ], [ 135.642644827999987, 34.727401801 ], [ 135.642697193, 34.727235356 ], [ 135.642752996000013, 34.727005455 ], [ 135.642744427, 34.726890758 ], [ 135.64273187399999, 34.726813642 ], [ 135.642729245999988, 34.726713747 ], [ 135.642728842999986, 34.726680571 ], [ 135.64273087, 34.726615578 ], [ 135.642739315, 34.726530771 ], [ 135.642759782000013, 34.726367207 ] ] ] } },
{ "type": "Feature", "properties": { "A29_001": "27218", "A29_002": "大阪府", "A29_003": "大東市", "A29_004": 4, "A29_005": "第二種中高層住居専用地域", "A29_006": 60, "A29_007": 200, "A29_008": "条件付き公開" }, "geometry": { "type": "Polygon", "coordinates": [ [ [ 135.629658995, 34.718074056 ], [ 135.629605575999989, 34.71795823 ], [ 135.629444267999986, 34.717577753 ], [ 135.629130744, 34.716786266 ], [ 135.628406423, 34.716793164 ], [ 135.628959216, 34.718132508 ], [ 135.62899314399999, 34.718212034 ], [ 135.629003727999986, 34.718237759 ], [ 135.62911487, 34.718507649 ], [ 135.62916365699999, 34.718633648 ], [ 135.629173802999986, 34.718659823 ], [ 135.62918474599999, 34.718703218 ], [ 135.629201607, 34.718790536 ], [ 135.629215041, 34.718887218 ], [ 135.629232565, 34.718972915 ], [ 135.629272028, 34.719182005 ], [ 135.62927942799999, 34.719236569 ], [ 135.628418102000012, 34.719454183 ], [ 135.627475866999987, 34.719696336 ], [ 135.627336176999989, 34.719730887 ], [ 135.62689320199999, 34.719857365 ], [ 135.626727187, 34.71989445 ], [ 135.62668131, 34.719898997 ], [ 135.62648115499999, 34.719904153 ], [ 135.626223369, 34.719905346 ], [ 135.625953759, 34.719889553 ], [ 135.624339767, 34.719781094 ], [ 135.624098980000014, 34.719765657 ], [ 135.623913750000014, 34.719754087 ], [ 135.623454465, 34.719720034 ], [ 135.622933870999987, 34.719698771 ], [ 135.622504479000014, 34.719693925 ], [ 135.622070745, 34.719707455 ], [ 135.621735363, 34.719725707 ], [ 135.621622003999988, 34.719731755 ], [ 135.621266865, 34.719748862 ], [ 135.62102629099999, 34.719758932 ], [ 135.62118628799999, 34.720036283 ], [ 135.621499058000012, 34.720020757 ], [ 135.622014295000014, 34.719996033 ], [ 135.62255242, 34.719980032 ], [ 135.622758662, 34.719980941 ], [ 135.623010846, 34.719987041 ], [ 135.623332535, 34.720003001 ], [ 135.623709001, 34.720026341 ], [ 135.623882650000013, 34.720039679 ], [ 135.623870122, 34.720178292 ], [ 135.623837705999989, 34.720489032 ], [ 135.623811439, 34.720744168 ], [ 135.6237415, 34.721432434 ], [ 135.6237293, 34.721546617 ], [ 135.623890902999989, 34.721568572 ], [ 135.6239146, 34.721519513 ], [ 135.623990126, 34.721526057 ], [ 135.62401509599999, 34.721557686 ], [ 135.624100641000013, 34.721714813 ], [ 135.62419172, 34.721855459 ], [ 135.624271456, 34.721969114 ], [ 135.62415476699999, 34.722059086 ], [ 135.624217812000012, 34.722121484 ], [ 135.624236755, 34.722157963 ], [ 135.624221510000012, 34.722269523 ], [ 135.624163127, 34.722503735 ], [ 135.624135817, 34.722627338 ], [ 135.62411430899999, 34.722675322 ], [ 135.624067394, 34.722739815 ], [ 135.624007548, 34.722814906 ], [ 135.623947257999987, 34.722915509 ], [ 135.623837149, 34.72307113 ], [ 135.623709158, 34.723293136 ], [ 135.623655609999986, 34.723375729 ], [ 135.623609828000014, 34.723479261 ], [ 135.623442606, 34.723756589 ], [ 135.623341208999989, 34.723724092 ], [ 135.62327589099999, 34.7238016 ], [ 135.623205557, 34.72390145 ], [ 135.623197776000012, 34.723931897 ], [ 135.623159015999988, 34.724100088 ], [ 135.62315482299999, 34.724181932 ], [ 135.623145580999989, 34.72424546 ], [ 135.623098819, 34.724324197 ], [ 135.622997864000013, 34.7244345 ], [ 135.622836016, 34.724609613 ], [ 135.62260163799999, 34.724814881 ], [ 135.622510479, 34.724883744 ], [ 135.622376804999988, 34.724985651 ], [ 135.62226420799999, 34.725062832 ], [ 135.622205279000013, 34.725127377 ], [ 135.622124565, 34.725228547 ], [ 135.62206604, 34.725300215 ], [ 135.622013032000012, 34.72538344 ], [ 135.621967246999986, 34.725486971 ], [ 135.62199689, 34.725499504 ], [ 135.621899753, 34.725729989 ], [ 135.62188238499999, 34.725779518 ], [ 135.621822482999988, 34.725865876 ], [ 135.621765871, 34.72594909 ], [ 135.62174973, 34.726016653 ], [ 135.62175355, 34.726065076 ], [ 135.621782981, 34.726147926 ], [ 135.621827630000013, 34.726294108 ], [ 135.621826856000013, 34.72639201 ], [ 135.622061007000013, 34.726406169 ], [ 135.622041153999987, 34.726521771 ], [ 135.621952255999986, 34.726525371 ], [ 135.621826215999988, 34.726532643 ], [ 135.621818646, 34.726612493 ], [ 135.621779726, 34.72669486 ], [ 135.621723072, 34.726787089 ], [ 135.621649486, 34.726880887 ], [ 135.62155512699999, 34.726980661 ], [ 135.621401416, 34.727117393 ], [ 135.621281962000012, 34.727212852 ], [ 135.621215817, 34.727278907 ], [ 135.621195191, 34.727324369 ], [ 135.621179665, 34.727376789 ], [ 135.621144845, 34.727589436 ], [ 135.621117053, 34.727745581 ], [ 135.62101680699999, 34.728010312 ], [ 135.620978554, 34.728137486 ], [ 135.620961977, 34.728228757 ], [ 135.620940152, 34.728536734 ], [ 135.620930519000012, 34.728733232 ], [ 135.620942275, 34.728789162 ], [ 135.620959989, 34.728903529 ], [ 135.620962069, 34.728926343 ], [ 135.621452135999988, 34.728877924 ], [ 135.621565718, 34.728873499 ], [ 135.622298083, 34.728801848 ], [ 135.623056536, 34.728731987 ], [ 135.623866334000013, 34.72865669 ], [ 135.623982512999987, 34.728657319 ], [ 135.624186138999988, 34.728638024 ], [ 135.62464568499999, 34.728601036 ], [ 135.62471275499999, 34.728595654 ], [ 135.624691151, 34.728712873 ], [ 135.624640253, 34.729029867 ], [ 135.62483831, 34.729083035 ], [ 135.624882887000012, 34.728859778 ], [ 135.624886548, 34.728774507 ], [ 135.62488661099999, 34.728712123 ], [ 135.624916471, 34.728507753 ], [ 135.625003781, 34.727913388 ], [ 135.62504183199999, 34.727660001 ], [ 135.62510819900001, 34.727278056 ], [ 135.625159996, 34.727051487 ], [ 135.625252095, 34.726774106 ], [ 135.625362001000013, 34.726494796 ], [ 135.625481459000014, 34.726228047 ], [ 135.625557598, 34.726099636 ], [ 135.625640102, 34.725963942 ], [ 135.625676691, 34.72591339 ], [ 135.625786002000012, 34.725765428 ], [ 135.625873401, 34.725633986 ], [ 135.625963782000014, 34.7254948 ], [ 135.626004642999987, 34.725440835 ], [ 135.625303123, 34.725145058 ], [ 135.624615022, 34.724852655 ], [ 135.62461099, 34.724850929 ], [ 135.624254299, 34.724699458 ], [ 135.624432522, 34.724379702 ], [ 135.624587870999989, 34.724095755 ], [ 135.624751688, 34.723798041 ], [ 135.62481944699999, 34.723687455 ], [ 135.625065904, 34.723247556 ], [ 135.625152222999986, 34.723112956 ], [ 135.625259005, 34.722968503 ], [ 135.625529035999989, 34.72262676 ], [ 135.625904013, 34.722159128 ], [ 135.625967363, 34.722081432 ], [ 135.626028455000011, 34.721995886 ], [ 135.62609495, 34.721898637 ], [ 135.626127364000013, 34.72182896 ], [ 135.626181441999989, 34.721700841 ], [ 135.62621887200001, 34.721584031 ], [ 135.62625578699999, 34.721460277 ], [ 135.62628359199999, 34.72125022 ], [ 135.625957027999988, 34.721200176 ], [ 135.625973638, 34.721003248 ], [ 135.62599556699999, 34.720740165 ], [ 135.62602306, 34.72045411 ], [ 135.626177297, 34.720462787 ], [ 135.626413447, 34.720465585 ], [ 135.626538369, 34.720462092 ], [ 135.62664461599999, 34.720459442 ], [ 135.626729254, 34.720454834 ], [ 135.626854313, 34.72044503 ], [ 135.62709432, 34.720391494 ], [ 135.627409511, 34.720298791 ], [ 135.62849866900001, 34.720017782 ], [ 135.628616818000012, 34.720576356 ], [ 135.628651299000012, 34.720776325 ], [ 135.628675593999986, 34.720959135 ], [ 135.62867507199999, 34.721076059 ], [ 135.628668788999988, 34.721162585 ], [ 135.62864760799999, 34.721259973 ], [ 135.628632498, 34.721342776 ], [ 135.62861061800001, 34.721425828 ], [ 135.62870608, 34.721442437 ], [ 135.629019752, 34.721494688 ], [ 135.629337549000013, 34.72155254 ], [ 135.630078027, 34.721678208 ], [ 135.63033716699999, 34.721717308 ], [ 135.630721768, 34.721779326 ], [ 135.63074697, 34.72178391 ], [ 135.630796819000011, 34.721794789 ], [ 135.630948084000011, 34.721834103 ], [ 135.63122073299999, 34.721904795 ], [ 135.631569711, 34.721998256 ], [ 135.631908469, 34.722082128 ], [ 135.632016865999987, 34.722112296 ], [ 135.632139568000014, 34.722141965 ], [ 135.632256801000011, 34.722173872 ], [ 135.632376705000013, 34.722219309 ], [ 135.632477483, 34.722268655 ], [ 135.63257823699999, 34.722323591 ], [ 135.6326613, 34.722379104 ], [ 135.632880217, 34.722552132 ], [ 135.632901979, 34.722569146 ], [ 135.63298046599999, 34.722721467 ], [ 135.63301542, 34.722742848 ], [ 135.633082191, 34.722630991 ], [ 135.633170388, 34.722488278 ], [ 135.63340395, 34.722114314 ], [ 135.633496887, 34.721961337 ], [ 135.633642615000014, 34.721721614 ], [ 135.634019601, 34.721133791 ], [ 135.634035546, 34.721107966 ], [ 135.63426780399999, 34.720730841 ], [ 135.634422207, 34.720478882 ], [ 135.634576828, 34.720226833 ], [ 135.634638645, 34.720073312 ], [ 135.634526185999988, 34.720023932 ], [ 135.634426335, 34.719962691 ], [ 135.63441157, 34.719918743 ], [ 135.634450622, 34.719827537 ], [ 135.633573942999988, 34.719740522 ], [ 135.633524287, 34.719735595 ], [ 135.633386352, 34.719224475 ], [ 135.63330904599999, 34.7189537 ], [ 135.633122479, 34.71894827 ], [ 135.633016297000012, 34.718541189 ], [ 135.632876974, 34.718049087 ], [ 135.632835406, 34.717894172 ], [ 135.632984435, 34.717894621 ], [ 135.632902855, 34.717603278 ], [ 135.632802571000013, 34.717245528 ], [ 135.63267461800001, 34.716799977 ], [ 135.633576608, 34.716809995 ], [ 135.634105354000013, 34.716811314 ], [ 135.63411785299999, 34.716873556 ], [ 135.634252425999989, 34.717578038 ], [ 135.634320016, 34.717923519 ], [ 135.634513782999989, 34.7179296 ], [ 135.63455483300001, 34.718054131 ], [ 135.634812692999986, 34.719003111 ], [ 135.63526059099999, 34.719017885 ], [ 135.63580519199999, 34.718122604 ], [ 135.635997707, 34.717791964 ], [ 135.636140772, 34.717558631 ], [ 135.636205926, 34.717464888 ], [ 135.63641184, 34.717115266 ], [ 135.636537647000011, 34.716908024 ], [ 135.63662595400001, 34.716787665 ], [ 135.637142514, 34.715929436 ], [ 135.637160990000012, 34.715898749 ], [ 135.637501062000013, 34.715326942 ], [ 135.637580906000011, 34.715193486 ], [ 135.637701203, 34.714971712 ], [ 135.63781395, 34.714728549 ], [ 135.637888393, 34.714531791 ], [ 135.63794626699999, 34.714328853 ], [ 135.637999236000013, 34.714123916 ], [ 135.638024419, 34.713956851 ], [ 135.638053903000014, 34.713704877 ], [ 135.638083583999986, 34.713432348 ], [ 135.638108278, 34.713177024 ], [ 135.638118842000011, 34.713007572 ], [ 135.63814090599999, 34.712854651 ], [ 135.638145193000014, 34.712772807 ], [ 135.638141537, 34.712659566 ], [ 135.63813461, 34.712545595 ], [ 135.638130047, 34.712390071 ], [ 135.638158769, 34.712162254 ], [ 135.638187662, 34.711820037 ], [ 135.63809233500001, 34.71179947 ], [ 135.637971334000014, 34.711783243 ], [ 135.63790192799999, 34.711776907 ], [ 135.637473897, 34.711769594 ], [ 135.63701475799999, 34.711760835 ], [ 135.63656137000001, 34.711760024 ], [ 135.63644193499999, 34.711760389 ], [ 135.635988516999987, 34.711816371 ], [ 135.63584676100001, 34.711827757 ], [ 135.63547797699999, 34.711852889 ], [ 135.635105484, 34.711877377 ], [ 135.6352249, 34.712354002 ], [ 135.635305581000011, 34.712676713 ], [ 135.635383917000013, 34.712986707 ], [ 135.63550298199999, 34.713444489 ], [ 135.63561669399999, 34.713853483 ], [ 135.635691998, 34.714108565 ], [ 135.635769046, 34.714389345 ], [ 135.635894165, 34.714811716 ], [ 135.63595675900001, 34.715027815 ], [ 135.636096325000011, 34.715517391 ], [ 135.636211199, 34.715911693 ], [ 135.635946988, 34.715912076 ], [ 135.635037501999989, 34.715896013 ], [ 135.63371769599999, 34.715887094 ], [ 135.633043377, 34.715871452 ], [ 135.63252383299999, 34.715864387 ], [ 135.631921322000011, 34.715855626 ], [ 135.632049380000012, 34.716374832 ], [ 135.632158194, 34.716802115 ], [ 135.631806962000013, 34.716803218 ], [ 135.63215200499999, 34.718051858 ], [ 135.632170644000013, 34.718108079 ], [ 135.632199523999986, 34.71819408 ], [ 135.632232292999987, 34.718313989 ], [ 135.632307572, 34.718597831 ], [ 135.632399929, 34.71892076 ], [ 135.63242109, 34.718999345 ], [ 135.632612665000011, 34.719723924 ], [ 135.63204487199999, 34.719487548 ], [ 135.631225468999986, 34.719141325 ], [ 135.630968128, 34.719043003 ], [ 135.630791066, 34.718987024 ], [ 135.630622819, 34.718962263 ], [ 135.630463853, 34.718961781 ], [ 135.630250095, 34.718981867 ], [ 135.63003195600001, 34.719029706 ], [ 135.629936393, 34.719060788 ], [ 135.629896825, 34.718825735 ], [ 135.629839112000013, 34.718570884 ], [ 135.629780735, 34.718391667 ], [ 135.629709238, 34.718192036 ], [ 135.629658995, 34.718074056 ] ] ] } },
{ "type": "Feature", "properties": { "A29_001": "27218", "A29_002": "大阪府", "A29_003": "大東市", "A29_004": 3, "A29_005": "第一種中高層住居専用地域", "A29_006": 60, "A29_007": 200, "A29_008": "条件付き公開" }, "geometry": { "type": "Polygon", "coordinates": [ [ [ 135.647110996, 34.709649677 ], [ 135.64697030100001, 34.709746903 ], [ 135.646823735999988, 34.709837982 ], [ 135.64669354, 34.709904677 ], [ 135.646438991999986, 34.710024741 ], [ 135.646262940000014, 34.710092564 ], [ 135.646128382, 34.710132381 ], [ 135.646013079, 34.710162607 ], [ 135.645534379999987, 34.710236852 ], [ 135.645096972, 34.710305086 ], [ 135.644700754000013, 34.710365594 ], [ 135.644113309, 34.710467463 ], [ 135.643898847, 34.710505061 ], [ 135.6438253, 34.710522696 ], [ 135.643743414999989, 34.710600798 ], [ 135.643517386000013, 34.710891324 ], [ 135.643415885, 34.711037613 ], [ 135.643311267, 34.711197685 ], [ 135.643237727000013, 34.711315117 ], [ 135.643160623999989, 34.711448676 ], [ 135.64310358, 34.711563451 ], [ 135.643074344000013, 34.711634675 ], [ 135.643016488, 34.711785779 ], [ 135.642976326, 34.711909709 ], [ 135.642924635000014, 34.712125199 ], [ 135.64316775099999, 34.712127894 ], [ 135.64366411, 34.712139083 ], [ 135.643771168, 34.712148321 ], [ 135.644162529999988, 34.712204367 ], [ 135.644212735999986, 34.712207578 ], [ 135.64424604300001, 34.712205242 ], [ 135.644288872, 34.712197433 ], [ 135.644421892999986, 34.712160589 ], [ 135.64459790399999, 34.712103767 ], [ 135.644676266, 34.712083892 ], [ 135.644736150999989, 34.712070003 ], [ 135.64480191199999, 34.712060999 ], [ 135.644869086, 34.712053262 ], [ 135.645058119, 34.712040109 ], [ 135.645101935000014, 34.712031222 ], [ 135.64514612100001, 34.712012599 ], [ 135.645217945000013, 34.711964037 ], [ 135.645416675, 34.711827586 ], [ 135.645471694, 34.711802864 ], [ 135.64566191099999, 34.711768168 ], [ 135.645727681000011, 34.71175664 ], [ 135.64574732299999, 34.711758771 ], [ 135.645778522, 34.71176436 ], [ 135.645867649, 34.711805728 ], [ 135.64598703199999, 34.711843398 ], [ 135.646157389, 34.711908892 ], [ 135.646336545, 34.711959175 ], [ 135.646412813000012, 34.711969313 ], [ 135.646407528999987, 34.711928369 ], [ 135.646396449, 34.711863789 ], [ 135.646393538000012, 34.711829703 ], [ 135.646421959, 34.711692846 ], [ 135.64643286099999, 34.711696394 ], [ 135.646449974, 34.711702844 ], [ 135.646661822999988, 34.711766835 ], [ 135.646725753999988, 34.711648652 ], [ 135.64678152499999, 34.711549648 ], [ 135.646790958, 34.711539217 ], [ 135.64679859200001, 34.711541223 ], [ 135.646814283, 34.71154803 ], [ 135.646884274, 34.711596734 ], [ 135.646966418, 34.711714168 ], [ 135.646986778000013, 34.711727209 ], [ 135.647048109, 34.711758308 ], [ 135.647107293, 34.711781018 ], [ 135.647153626, 34.711796387 ], [ 135.647221793, 34.71181182 ], [ 135.647271646, 34.71182098 ], [ 135.647355045000012, 34.711848717 ], [ 135.647433132, 34.711867604 ], [ 135.64760220299999, 34.7119019 ], [ 135.64766012699999, 34.711912796 ], [ 135.647796534, 34.711926713 ], [ 135.647861814, 34.711927713 ], [ 135.64798942199999, 34.711931147 ], [ 135.64801422, 34.711927522 ], [ 135.64813044499999, 34.711886028 ], [ 135.64823716699999, 34.711845858 ], [ 135.64830735000001, 34.711823703 ], [ 135.64837474, 34.711816415 ], [ 135.648429615999987, 34.711825138 ], [ 135.648499601, 34.711849771 ], [ 135.648511807, 34.711854764 ], [ 135.648520044, 34.711894815 ], [ 135.64855624399999, 34.711956943 ], [ 135.648618715999987, 34.71200265 ], [ 135.6487162, 34.712030156 ], [ 135.648773224, 34.712047359 ], [ 135.64894777, 34.71205219 ], [ 135.64907552, 34.71204787 ], [ 135.649293545, 34.7120201 ], [ 135.649388377, 34.712003424 ], [ 135.649618569000012, 34.711912493 ], [ 135.649643903999987, 34.711859016 ], [ 135.649568579, 34.711806332 ], [ 135.649587786000012, 34.711782046 ], [ 135.649598149000013, 34.711758186 ], [ 135.649620163, 34.711637988 ], [ 135.649632501000013, 34.711482242 ], [ 135.649640678, 34.711277803 ], [ 135.649649057, 34.711154681 ], [ 135.649774178, 34.710970952 ], [ 135.64974696199999, 34.71092679 ], [ 135.64964934, 34.710776859 ], [ 135.649561194, 34.710658147 ], [ 135.649549581, 34.710642066 ], [ 135.64953311799999, 34.71055917 ], [ 135.64953325499999, 34.710449096 ], [ 135.649571726, 34.710387093 ], [ 135.649596597, 34.710340105 ], [ 135.64960081699999, 34.710323169 ], [ 135.649608142, 34.710268829 ], [ 135.64960518, 34.71022041 ], [ 135.649580136, 34.710179138 ], [ 135.64958230799999, 34.710130012 ], [ 135.649586410000012, 34.710089276 ], [ 135.649615431, 34.71004176 ], [ 135.649718162999989, 34.709911516 ], [ 135.649762727, 34.709854308 ], [ 135.649780763, 34.709822897 ], [ 135.64978379199999, 34.709803704 ], [ 135.649781934, 34.709778366 ], [ 135.649775018000014, 34.709761398 ], [ 135.649662565, 34.709608268 ], [ 135.649621302000014, 34.709555772 ], [ 135.649619386000012, 34.709544047 ], [ 135.649607895, 34.709473155 ], [ 135.649599956, 34.70946583 ], [ 135.64943709100001, 34.70941064 ], [ 135.649388859, 34.709431596 ], [ 135.649323828, 34.70944944 ], [ 135.649057274, 34.709466612 ], [ 135.64894347, 34.709426798 ], [ 135.648883563, 34.709342785 ], [ 135.648751086, 34.709304269 ], [ 135.648765012000013, 34.709212175 ], [ 135.648770566, 34.70916378 ], [ 135.64878918, 34.709021665 ], [ 135.648663507, 34.709052135 ], [ 135.648623109999988, 34.709001714 ], [ 135.64843593099999, 34.708862071 ], [ 135.648415871, 34.708623383 ], [ 135.648333237, 34.708621973 ], [ 135.648326032999989, 34.708621772 ], [ 135.647864231999989, 34.709013046 ], [ 135.647511173, 34.709298255 ], [ 135.64723107899999, 34.709547523 ], [ 135.647110996, 34.709649677 ] ] ] } },
{ "type": "Feature", "properties": { "A29_001": "27218", "A29_002": "大阪府", "A29_003": "大東市", "A29_004": 3, "A29_005": "第一種中高層住居専用地域", "A29_006": 60, "A29_007": 200, "A29_008": "条件付き公開" }, "geometry": { "type": "Polygon", "coordinates": [ [ [ 135.653044692, 34.702375834 ], [ 135.652948060999989, 34.702434067 ], [ 135.652788691000012, 34.702537828 ], [ 135.652757463, 34.702513578 ], [ 135.652721393, 34.702472727 ], [ 135.652590729999986, 34.702655091 ], [ 135.652501959, 34.702765364 ], [ 135.65245186199999, 34.702815615 ], [ 135.652404202000014, 34.70285749 ], [ 135.652340259, 34.702903916 ], [ 135.652246655999988, 34.702968557 ], [ 135.652167537999986, 34.70301521 ], [ 135.65201326499999, 34.703100323 ], [ 135.651926664, 34.703135145 ], [ 135.651712186, 34.703207825 ], [ 135.65158109, 34.703232512 ], [ 135.651382649, 34.703255203 ], [ 135.651205769, 34.703264794 ], [ 135.65106801499999, 34.703262957 ], [ 135.650933185000014, 34.703241025 ], [ 135.650782873999987, 34.70321418 ], [ 135.650624674999989, 34.70316811 ], [ 135.650453551999988, 34.703106587 ], [ 135.65023821299999, 34.703020506 ], [ 135.649808546, 34.702841764 ], [ 135.64954733, 34.702737159 ], [ 135.649277858, 34.702649027 ], [ 135.64941279199999, 34.70287894 ], [ 135.64953888, 34.70311009 ], [ 135.649631246000013, 34.703287413 ], [ 135.649639767999986, 34.703389308 ], [ 135.649630599, 34.703622142 ], [ 135.649629033, 34.7036829 ], [ 135.649621101, 34.703752023 ], [ 135.649619918000013, 34.703825312 ], [ 135.649622732000012, 34.70390871 ], [ 135.649622537999988, 34.703954957 ], [ 135.64963551, 34.704062635 ], [ 135.64964401099999, 34.704117742 ], [ 135.64966475, 34.704247619 ], [ 135.649311852000011, 34.704216223 ], [ 135.64922706499999, 34.704208677 ], [ 135.649107745, 34.704210046 ], [ 135.64890532699999, 34.704217486 ], [ 135.648748657999988, 34.704222534 ], [ 135.64867695699999, 34.70421818 ], [ 135.648604744000011, 34.704205802 ], [ 135.64848946, 34.70418221 ], [ 135.648408778, 34.704159079 ], [ 135.648312911, 34.704138609 ], [ 135.648162590999988, 34.704139617 ], [ 135.64802163600001, 34.704145791 ], [ 135.647848782000011, 34.704157733 ], [ 135.64756216399999, 34.704173852 ], [ 135.646947696000012, 34.704198217 ], [ 135.646624550000013, 34.704204583 ], [ 135.646357088, 34.704208044 ], [ 135.646196529, 34.704203702 ], [ 135.646075827, 34.704196409 ], [ 135.645966289, 34.704182118 ], [ 135.645894184000014, 34.704170189 ], [ 135.645839927, 34.70414542 ], [ 135.64579564499999, 34.704110853 ], [ 135.645748798, 34.704063478 ], [ 135.645703157000014, 34.704015024 ], [ 135.645678577000012, 34.703993767 ], [ 135.645646376, 34.70396762 ], [ 135.645589054999988, 34.703944735 ], [ 135.645420937000011, 34.703895745 ], [ 135.645308476999986, 34.703875584 ], [ 135.64518296899999, 34.703843576 ], [ 135.645107681000013, 34.703810001 ], [ 135.64502077, 34.703763229 ], [ 135.64497124499999, 34.703729639 ], [ 135.645014483000011, 34.704161769 ], [ 135.645021856999989, 34.704556653 ], [ 135.645025987999986, 34.704713888 ], [ 135.64503590699999, 34.705202987 ], [ 135.645029666999989, 34.705718363 ], [ 135.645034355, 34.706154167 ], [ 135.645053991, 34.706591818 ], [ 135.645072234, 34.70689577 ], [ 135.64509071, 34.707196117 ], [ 135.645116546, 34.707792632 ], [ 135.645150115, 34.708163161 ], [ 135.645158422, 34.708390726 ], [ 135.645153967999988, 34.708590218 ], [ 135.645145343, 34.708641579 ], [ 135.645127116, 34.708717253 ], [ 135.645091302, 34.708846605 ], [ 135.645042563, 34.708960594 ], [ 135.644980288999989, 34.709074094 ], [ 135.644909867, 34.709178193 ], [ 135.644740531999986, 34.709385768 ], [ 135.644342652, 34.709860966 ], [ 135.644429492, 34.709849319 ], [ 135.644515457000011, 34.70983785 ], [ 135.644586475000011, 34.709824355 ], [ 135.644629283, 34.709821234 ], [ 135.644833672, 34.709790007 ], [ 135.644876595, 34.709785444 ], [ 135.64503968599999, 34.709761849 ], [ 135.64521347499999, 34.709738194 ], [ 135.64554632299999, 34.70968931 ], [ 135.645898511000013, 34.709636153 ], [ 135.645923318, 34.709630275 ], [ 135.64601108799999, 34.709604927 ], [ 135.646102802, 34.709576525 ], [ 135.646205371, 34.709536977 ], [ 135.646318793, 34.709486821 ], [ 135.646412993000013, 34.709438503 ], [ 135.646469035, 34.709403958 ], [ 135.646728087000014, 34.709199886 ], [ 135.646910246, 34.709055902 ], [ 135.647055993, 34.708925785 ], [ 135.647212953, 34.70877722 ], [ 135.64738263699999, 34.708614177 ], [ 135.64779525599999, 34.708261888 ], [ 135.64789449700001, 34.708182842 ], [ 135.648134672, 34.707974926 ], [ 135.648287334, 34.707835001 ], [ 135.648395784, 34.707720462 ], [ 135.64849817699999, 34.707592653 ], [ 135.64859172300001, 34.70746608 ], [ 135.64865573599999, 34.707352764 ], [ 135.64870339699999, 34.707260136 ], [ 135.648751288999989, 34.707112607 ], [ 135.648887352, 34.706715252 ], [ 135.648950549, 34.706769164 ], [ 135.649071123, 34.706885356 ], [ 135.64922307, 34.707017234 ], [ 135.649230796000012, 34.707023206 ], [ 135.64923665500001, 34.707005914 ], [ 135.649264871000014, 34.706941897 ], [ 135.649309342, 34.706777049 ], [ 135.649383097, 34.706450463 ], [ 135.649406362, 34.706369845 ], [ 135.649421448999988, 34.706312733 ], [ 135.649407497, 34.706152494 ], [ 135.649420002999989, 34.706086269 ], [ 135.649427989, 34.706056362 ], [ 135.649500432999986, 34.705781339 ], [ 135.64955733, 34.705568926 ], [ 135.64962656899999, 34.705329143 ], [ 135.649651365000011, 34.705273501 ], [ 135.649669743, 34.705238394 ], [ 135.649692710000011, 34.70520249 ], [ 135.649706872, 34.705183509 ], [ 135.649720945000013, 34.705159749 ], [ 135.64976331599999, 34.705104158 ], [ 135.64980907099999, 34.705048756 ], [ 135.649867296, 34.70498708 ], [ 135.649931643, 34.704923438 ], [ 135.65002860300001, 34.704840146 ], [ 135.650162136, 34.704730185 ], [ 135.65035215899999, 34.704607313 ], [ 135.650408427, 34.704569611 ], [ 135.650584697, 34.704446339 ], [ 135.650839681, 34.704243148 ], [ 135.65103134200001, 34.704093686 ], [ 135.65122220399999, 34.703952514 ], [ 135.65135995899999, 34.703850046 ], [ 135.651561506, 34.7037117 ], [ 135.651647395999987, 34.703664345 ], [ 135.65192763499999, 34.703502874 ], [ 135.652522886000014, 34.70321672 ], [ 135.652939417, 34.703013895 ], [ 135.65352471599999, 34.702730593 ], [ 135.65405524, 34.70249338 ], [ 135.654345479999989, 34.702365918 ], [ 135.654742679, 34.702163663 ], [ 135.654469901, 34.702134672 ], [ 135.65435359, 34.702121992 ], [ 135.65431887, 34.702123606 ], [ 135.65425989, 34.702131913 ], [ 135.654212029, 34.702143767 ], [ 135.654161222999988, 34.702154892 ], [ 135.6541105, 34.702172598 ], [ 135.653986949, 34.702220659 ], [ 135.65391205099999, 34.702250556 ], [ 135.653809172, 34.702288849 ], [ 135.65371073099999, 34.702310025 ], [ 135.653627962, 34.702316191 ], [ 135.653555477, 34.702316976 ], [ 135.653419015999987, 34.702319653 ], [ 135.653329159, 34.702324176 ], [ 135.653284729, 34.70232468 ], [ 135.653160547999988, 34.702340644 ], [ 135.653044692, 34.702375834 ] ] ] } },
{ "type": "Feature", "properties": { "A29_001": "27218", "A29_002": "大阪府", "A29_003": "大東市", "A29_004": 7, "A29_005": "準住居地域", "A29_006": 60, "A29_007": 300, "A29_008": "条件付き公開" }, "geometry": { "type": "Polygon", "coordinates": [ [ [ 135.63555245, 34.720086145 ], [ 135.635244018, 34.72008387 ], [ 135.635074135, 34.72008264 ], [ 135.63498572099999, 34.720226166 ], [ 135.634638645, 34.720073312 ], [ 135.634576828, 34.720226833 ], [ 135.634422207, 34.720478882 ], [ 135.63426780399999, 34.720730841 ], [ 135.63456107, 34.720855318 ], [ 135.634950484, 34.72101452 ], [ 135.634951363, 34.72101317 ], [ 135.635163282, 34.720666995 ], [ 135.635459794000013, 34.720226233 ], [ 135.635508689, 34.720155972 ], [ 135.63555245, 34.720086145 ] ] ] } },
{ "type": "Feature", "properties": { "A29_001": "27218", "A29_002": "大阪府", "A29_003": "大東市", "A29_004": 7, "A29_005": "準住居地域", "A29_006": 60, "A29_007": 300, "A29_008": "条件付き公開" }, "geometry": { "type": "Polygon", "coordinates": [ [ [ 135.63526059099999, 34.719017885 ], [ 135.6352606, 34.719017886 ], [ 135.635456115000011, 34.719024601 ], [ 135.635898451, 34.719039807 ], [ 135.635913953, 34.719015332 ], [ 135.635956626, 34.718944511 ], [ 135.636195918999988, 34.71855316 ], [ 135.63627855199999, 34.718432244 ], [ 135.636518196, 34.718059914 ], [ 135.636666797, 34.717808566 ], [ 135.636849562, 34.717509359 ], [ 135.637008810999987, 34.7172447 ], [ 135.6369482, 34.71702374 ], [ 135.637583102, 34.715991419 ], [ 135.63742915, 34.715969234 ], [ 135.637142514, 34.715929436 ], [ 135.63662595400001, 34.716787665 ], [ 135.636537647000011, 34.716908024 ], [ 135.63641184, 34.717115266 ], [ 135.636205926, 34.717464888 ], [ 135.636140772, 34.717558631 ], [ 135.635997707, 34.717791964 ], [ 135.63580519199999, 34.718122604 ], [ 135.635265108999988, 34.719010507 ], [ 135.63526059099999, 34.719017885 ] ] ] } },
{ "type": "Feature", "properties": { "A29_001": "27218", "A29_002": "大阪府", "A29_003": "大東市", "A29_004": 10, "A29_005": "準工業地域", "A29_006": 60, "A29_007": 200, "A29_008": "条件付き公開" }, "geometry": { "type": "Polygon", "coordinates": [ [ [ 135.627345608000013, 34.702778025 ], [ 135.627245507999987, 34.702822001 ], [ 135.62744950699999, 34.702967922 ], [ 135.627512397, 34.70288934 ], [ 135.627345608000013, 34.702778025 ] ] ] } },
{ "type": "Feature", "properties": { "A29_001": "27218", "A29_002": "大阪府", "A29_003": "大東市", "A29_004": 5, "A29_005": "第一種住居地域", "A29_006": 60, "A29_007": 200, "A29_008": "条件付き公開" }, "geometry": { "type": "Polygon", "coordinates": [ [ [ 135.63980656699999, 34.731899438 ], [ 135.640031986, 34.73189172 ], [ 135.640034155, 34.73187 ], [ 135.640969737, 34.7318238 ], [ 135.641274597, 34.731803694 ], [ 135.641520818, 34.731783404 ], [ 135.641646318999989, 34.731773406 ], [ 135.641766388, 34.731759425 ], [ 135.641798224000013, 34.731755733 ], [ 135.641815998999988, 34.731602042 ], [ 135.64186221, 34.731285767 ], [ 135.642036764000011, 34.731323458 ], [ 135.64264259399999, 34.731429749 ], [ 135.64274812799999, 34.73020033 ], [ 135.642818806, 34.730193758 ], [ 135.64291580299999, 34.730179104 ], [ 135.643172378, 34.730118779 ], [ 135.643226639, 34.730110797 ], [ 135.643323646999988, 34.730093439 ], [ 135.643511030000013, 34.730074984 ], [ 135.643785466999987, 34.730063571 ], [ 135.643797016, 34.729741343 ], [ 135.64361786500001, 34.729719399 ], [ 135.643530938, 34.729713474 ], [ 135.643244877, 34.729721471 ], [ 135.64316477, 34.729726907 ], [ 135.642771772, 34.729773319 ], [ 135.642624567000013, 34.729770372 ], [ 135.64217625, 34.729730616 ], [ 135.642184168, 34.729659176 ], [ 135.642194929999988, 34.7294981 ], [ 135.64220205699999, 34.729303873 ], [ 135.642201392, 34.729116222 ], [ 135.64219332799999, 34.728929776 ], [ 135.642182162000012, 34.728781769 ], [ 135.642177979, 34.728726242 ], [ 135.641986472000013, 34.728665973 ], [ 135.641916923999986, 34.728646242 ], [ 135.641761637, 34.728585889 ], [ 135.641669748999988, 34.728543112 ], [ 135.64158251399999, 34.728492543 ], [ 135.641488908000014, 34.728430568 ], [ 135.64137422499999, 34.728343713 ], [ 135.64128161799999, 34.728267894 ], [ 135.641114046000013, 34.728129722 ], [ 135.640984734, 34.728014795 ], [ 135.640799609999988, 34.727842449 ], [ 135.640608423, 34.727711509 ], [ 135.640477495999988, 34.727629482 ], [ 135.640330506, 34.727507201 ], [ 135.640252647000011, 34.727435076 ], [ 135.64014556, 34.727297081 ], [ 135.639819966, 34.72686234 ], [ 135.639686775, 34.726625553 ], [ 135.639505831, 34.726286673 ], [ 135.639466008, 34.726191338 ], [ 135.63937662699999, 34.726034896 ], [ 135.639331142, 34.725978714 ], [ 135.639214970000012, 34.72589673 ], [ 135.63906054, 34.725791481 ], [ 135.63909096099999, 34.725919513 ], [ 135.639196849, 34.726335341 ], [ 135.63923144899999, 34.726519432 ], [ 135.639258716, 34.726694973 ], [ 135.639287473, 34.72685678 ], [ 135.639292668, 34.726910102 ], [ 135.639310222, 34.727064329 ], [ 135.63932299199999, 34.727181347 ], [ 135.639326731000011, 34.727338554 ], [ 135.63933493, 34.727487228 ], [ 135.63933746, 34.727583498 ], [ 135.639336629000013, 34.727774796 ], [ 135.639334936000012, 34.728167145 ], [ 135.63934047, 34.72859242 ], [ 135.639342164, 34.728881196 ], [ 135.63956495, 34.728872101 ], [ 135.63981877099999, 34.728849701 ], [ 135.640076988, 34.728833417 ], [ 135.640383931, 34.728806287 ], [ 135.64039721, 34.72914385 ], [ 135.640401835, 34.729439955 ], [ 135.640396681, 34.729598948 ], [ 135.64040433299999, 34.729879213 ], [ 135.639984664, 34.729891181 ], [ 135.639997843, 34.730246404 ], [ 135.640003317, 34.730550418 ], [ 135.640010313, 34.730798137 ], [ 135.639988297, 34.730939599 ], [ 135.639982992, 34.730999453 ], [ 135.63997353, 34.731091514 ], [ 135.639940346, 34.7312197 ], [ 135.639907975, 34.731323855 ], [ 135.639877979, 34.731414377 ], [ 135.639803980000011, 34.731630006 ], [ 135.639766356, 34.731719306 ], [ 135.63979936699999, 34.731766859 ], [ 135.63980656699999, 34.731899438 ] ] ] } },
{ "type": "Feature", "properties": { "A29_001": "27218", "A29_002": "大阪府", "A29_003": "大東市", "A29_004": 3, "A29_005": "第一種中高層住居専用地域", "A29_006": 60, "A29_007": 200, "A29_008": "条件付き公開" }, "geometry": { "type": "Polygon", "coordinates": [ [ [ 135.641823181, 34.719139776 ], [ 135.641884764999986, 34.719523432 ], [ 135.641889811, 34.719609307 ], [ 135.64190953799999, 34.719809905 ], [ 135.64192364199999, 34.719926819 ], [ 135.641939556000011, 34.720041889 ], [ 135.641945029, 34.720074233 ], [ 135.64194933600001, 34.720123621 ], [ 135.641958912, 34.72017417 ], [ 135.64197203, 34.720241362 ], [ 135.642030737999988, 34.720486916 ], [ 135.64203273199999, 34.720523325 ], [ 135.64205108199999, 34.720613052 ], [ 135.64208141200001, 34.720777829 ], [ 135.642126366000014, 34.721023009 ], [ 135.642133887999989, 34.72104867 ], [ 135.642139219, 34.721078336 ], [ 135.64217494, 34.721276944 ], [ 135.642230223000013, 34.721585576 ], [ 135.642274781999987, 34.721828772 ], [ 135.642303809999987, 34.721956538 ], [ 135.64231987299999, 34.722024378 ], [ 135.64233689400001, 34.7221261 ], [ 135.64237510699999, 34.72230921 ], [ 135.64242153, 34.72254061 ], [ 135.64245777299999, 34.72270196 ], [ 135.642487337, 34.722829683 ], [ 135.642499721, 34.722895168 ], [ 135.642511644, 34.722966134 ], [ 135.64253413899999, 34.723084821 ], [ 135.642545254999987, 34.723145543 ], [ 135.64256177499999, 34.723196121 ], [ 135.642582299, 34.723280706 ], [ 135.64261965599999, 34.723490245 ], [ 135.642664571000012, 34.723714763 ], [ 135.642699431000011, 34.723918534 ], [ 135.642736976, 34.724122763 ], [ 135.642823556, 34.724390693 ], [ 135.64282428199999, 34.724480819 ], [ 135.64282043099999, 34.724530986 ], [ 135.64282542, 34.724612379 ], [ 135.64283549000001, 34.724763916 ], [ 135.642840803000013, 34.724841155 ], [ 135.642848085, 34.724861767 ], [ 135.6428493, 34.724987964 ], [ 135.642849474, 34.725107378 ], [ 135.642841111, 34.725292659 ], [ 135.642834109, 34.72546845 ], [ 135.642818256999988, 34.725523837 ], [ 135.64281206199999, 34.72569736 ], [ 135.642807518000012, 34.725784089 ], [ 135.642801512, 34.725931423 ], [ 135.64279745799999, 34.726089473 ], [ 135.64279011, 34.726282212 ], [ 135.64276030799999, 34.726361809 ], [ 135.64275975000001, 34.726367171 ], [ 135.642739315, 34.726530798 ], [ 135.642730836999988, 34.726615533 ], [ 135.642728865, 34.726680589 ], [ 135.64272929, 34.72671372 ], [ 135.64273183, 34.726813624 ], [ 135.642744383, 34.726890776 ], [ 135.64275296400001, 34.727005473 ], [ 135.642697226, 34.727235311 ], [ 135.64264481699999, 34.727401828 ], [ 135.64262565300001, 34.727462867 ], [ 135.642585131, 34.727620359 ], [ 135.642582925, 34.727640826 ], [ 135.642566721, 34.727772515 ], [ 135.64255870400001, 34.727973654 ], [ 135.642557262, 34.72816147 ], [ 135.64256171, 34.728774256 ], [ 135.642182162000012, 34.728781769 ], [ 135.64219332799999, 34.728929776 ], [ 135.642201392, 34.729116222 ], [ 135.64220205699999, 34.729303873 ], [ 135.642194929999988, 34.7294981 ], [ 135.642184168, 34.729659176 ], [ 135.64217625, 34.729730616 ], [ 135.642624567000013, 34.729770372 ], [ 135.642771772, 34.729773319 ], [ 135.64316477, 34.729726907 ], [ 135.643244877, 34.729721471 ], [ 135.643530938, 34.729713474 ], [ 135.64361786500001, 34.729719399 ], [ 135.643797016, 34.729741343 ], [ 135.643785466999987, 34.730063571 ], [ 135.643511030000013, 34.730074984 ], [ 135.643323646999988, 34.730093439 ], [ 135.643226639, 34.730110797 ], [ 135.643172378, 34.730118779 ], [ 135.64291580299999, 34.730179104 ], [ 135.642818806, 34.730193758 ], [ 135.64274812799999, 34.73020033 ], [ 135.64264259399999, 34.731429749 ], [ 135.642036764000011, 34.731323458 ], [ 135.64186221, 34.731285767 ], [ 135.641815998999988, 34.731602042 ], [ 135.641798224000013, 34.731755733 ], [ 135.641892138, 34.73174483 ], [ 135.641971364, 34.73173154 ], [ 135.642075100999989, 34.731731845 ], [ 135.642246921, 34.731770655 ], [ 135.642891221000014, 34.731763521 ], [ 135.642970378, 34.731763754 ], [ 135.643030349000014, 34.731784213 ], [ 135.643628328, 34.731756656 ], [ 135.64375396299999, 34.731743501 ], [ 135.64411712, 34.731726532 ], [ 135.644156810999988, 34.731714388 ], [ 135.644182725, 34.73170644 ], [ 135.644234651, 34.731693069 ], [ 135.64434942299999, 34.731664096 ], [ 135.644556974000011, 34.731646672 ], [ 135.64532411, 34.731642138 ], [ 135.645406036, 34.731635615 ], [ 135.645482541, 34.731620061 ], [ 135.645548108000014, 34.731608983 ], [ 135.64560003599999, 34.731595071 ], [ 135.645664943000014, 34.731582278 ], [ 135.64578239, 34.731568556 ], [ 135.64591140600001, 34.73155594 ], [ 135.646112842, 34.731538496 ], [ 135.64624934, 34.731538351 ], [ 135.646397471, 34.731524718 ], [ 135.646604284, 34.731526391 ], [ 135.646923749, 34.731512082 ], [ 135.647113499, 34.731492347 ], [ 135.64732800499999, 34.731456899 ], [ 135.647491967, 34.731417978 ], [ 135.647601990999988, 34.731377729 ], [ 135.64770185, 34.731339703 ], [ 135.647707411, 34.73131601 ], [ 135.647704002000012, 34.731295716 ], [ 135.647706115, 34.731286707 ], [ 135.647714382, 34.731268611 ], [ 135.647946378, 34.731254398 ], [ 135.648028974999988, 34.731243998 ], [ 135.648055263, 34.731232824 ], [ 135.648034595000013, 34.730974464 ], [ 135.6480281, 34.730881319 ], [ 135.648008895, 34.730774886 ], [ 135.647945576000012, 34.730712247 ], [ 135.647907527, 34.73066433 ], [ 135.647853239999989, 34.730529235 ], [ 135.64784346499999, 34.730516856 ], [ 135.647819244, 34.730486135 ], [ 135.64776587899999, 34.730427022 ], [ 135.64775357799999, 34.730418152 ], [ 135.647718088, 34.730392627 ], [ 135.647693636000014, 34.73036488 ], [ 135.647665128, 34.730341178 ], [ 135.64759512399999, 34.730266069 ], [ 135.647521125999987, 34.730180211 ], [ 135.647456777, 34.730097862 ], [ 135.647432818999988, 34.730069521 ], [ 135.647419251, 34.73005028 ], [ 135.647403591999989, 34.730034999 ], [ 135.64738259399999, 34.730016908 ], [ 135.647426415000012, 34.729983228 ], [ 135.647408856, 34.729926833 ], [ 135.64740078599999, 34.729898683 ], [ 135.647378581, 34.729830465 ], [ 135.647375243999988, 34.729819186 ], [ 135.647352976, 34.729740249 ], [ 135.6473354, 34.729659414 ], [ 135.64737489, 34.729031033 ], [ 135.6473964, 34.729000507 ], [ 135.647384342, 34.728959904 ], [ 135.647364098, 34.728892864 ], [ 135.647331759, 34.728794145 ], [ 135.647298806, 34.728685869 ], [ 135.647272547999989, 34.72859511 ], [ 135.647240912, 34.728485125 ], [ 135.64723361899999, 34.728454092 ], [ 135.647251404, 34.728431605 ], [ 135.647353186, 34.728402601 ], [ 135.647327616000013, 34.728329866 ], [ 135.64728845499999, 34.728215351 ], [ 135.64725815700001, 34.728124571 ], [ 135.647212962999987, 34.727993181 ], [ 135.647181964999987, 34.727913037 ], [ 135.647154368, 34.727829027 ], [ 135.647138176999988, 34.727784996 ], [ 135.64713351099999, 34.727767646 ], [ 135.64721399199999, 34.727750859 ], [ 135.647231145, 34.727748655 ], [ 135.64725770699999, 34.72774197 ], [ 135.647265914, 34.727738027 ], [ 135.647292797, 34.727730262 ], [ 135.647287354000014, 34.727636408 ], [ 135.647285842, 34.72761447 ], [ 135.64721803, 34.727622955 ], [ 135.647152484, 34.727630158 ], [ 135.64711490799999, 34.727633385 ], [ 135.647095137, 34.72763504 ], [ 135.647076016, 34.727637779 ], [ 135.647033631, 34.727642164 ], [ 135.646986543, 34.727648248 ], [ 135.646946883, 34.727653723 ], [ 135.64690591199999, 34.727659283 ], [ 135.646856761, 34.727662476 ], [ 135.64671952099999, 34.727684616 ], [ 135.646829714, 34.726953939 ], [ 135.646491528000013, 34.726378706 ], [ 135.646507606, 34.726328593 ], [ 135.646473581, 34.726305785 ], [ 135.64644028399999, 34.726278643 ], [ 135.64641233, 34.72625323 ], [ 135.646385167, 34.726221598 ], [ 135.64636423799999, 34.726187731 ], [ 135.646350738, 34.726152713 ], [ 135.646347472, 34.726099154 ], [ 135.646351896999988, 34.726034439 ], [ 135.646359724, 34.725965676 ], [ 135.646368771999988, 34.725917833 ], [ 135.64637097100001, 34.72588854 ], [ 135.64637106, 34.725867715 ], [ 135.646371732, 34.725835506 ], [ 135.646386336, 34.7257625 ], [ 135.646394487, 34.725735541 ], [ 135.64639355599999, 34.725695331 ], [ 135.646390532, 34.725525911 ], [ 135.646402193, 34.725426076 ], [ 135.646407196000013, 34.725379302 ], [ 135.646412255, 34.725319547 ], [ 135.64643095, 34.725262716 ], [ 135.646448822999986, 34.725219405 ], [ 135.646459193, 34.725194644 ], [ 135.646480579000013, 34.725146836 ], [ 135.646483995000011, 34.725139453 ], [ 135.64648675, 34.725128409 ], [ 135.646474487, 34.725115806 ], [ 135.646430306000013, 34.725080699 ], [ 135.646416071, 34.725064341 ], [ 135.64640796899999, 34.725044033 ], [ 135.646399309, 34.725000646 ], [ 135.646377914999988, 34.724896369 ], [ 135.64637005599999, 34.724857392 ], [ 135.646368083, 34.724794921 ], [ 135.646354362000011, 34.724732632 ], [ 135.646337382000013, 34.724730158 ], [ 135.646221276, 34.724716172 ], [ 135.646172779000011, 34.724707331 ], [ 135.646239599000012, 34.724685204 ], [ 135.646255359, 34.724650902 ], [ 135.646294015, 34.724629595 ], [ 135.646571386, 34.724509354 ], [ 135.646543979, 34.724470915 ], [ 135.6465015, 34.724420785 ], [ 135.646395549, 34.724378558 ], [ 135.646375436, 34.72422994 ], [ 135.646350837, 34.72419361 ], [ 135.646333739999989, 34.724159844 ], [ 135.64633125, 34.724134468 ], [ 135.646330218, 34.724069106 ], [ 135.646320190000012, 34.724006088 ], [ 135.646300843, 34.723862286 ], [ 135.646294399, 34.723824062 ], [ 135.646304749, 34.723808937 ], [ 135.64632350299999, 34.723799824 ], [ 135.646343019, 34.723806425 ], [ 135.64646841699999, 34.723879243 ], [ 135.646563014, 34.723905716 ], [ 135.646679632, 34.723912347 ], [ 135.64677656500001, 34.723890099 ], [ 135.64686335799999, 34.723867182 ], [ 135.64692420899999, 34.723833543 ], [ 135.64701514699999, 34.723785936 ], [ 135.647107549, 34.723727606 ], [ 135.647179357, 34.723684992 ], [ 135.647231369, 34.723650254 ], [ 135.647293749999989, 34.723590665 ], [ 135.64731086899999, 34.723552319 ], [ 135.64728482000001, 34.723456585 ], [ 135.64726589, 34.72341479 ], [ 135.647244234, 34.723371906 ], [ 135.64722258099999, 34.723328489 ], [ 135.647204964, 34.723286158 ], [ 135.647186664, 34.723250044 ], [ 135.647163669, 34.723211663 ], [ 135.64713861199999, 34.723172736 ], [ 135.647112123999989, 34.723136599 ], [ 135.647077437, 34.723102692 ], [ 135.64703456399999, 34.72306822 ], [ 135.646984307999986, 34.723024081 ], [ 135.646940787, 34.722987894 ], [ 135.646906088, 34.722956782 ], [ 135.646883685, 34.722935892 ], [ 135.646863292, 34.72290428 ], [ 135.646843037, 34.722865907 ], [ 135.64680510299999, 34.722799906 ], [ 135.646793618, 34.722779048 ], [ 135.646770537, 34.722737782 ], [ 135.646732638, 34.722663298 ], [ 135.646695421, 34.722582685 ], [ 135.646675834, 34.722541429 ], [ 135.646658316000014, 34.722501442 ], [ 135.646646842, 34.722452366 ], [ 135.646637594, 34.722393201 ], [ 135.646633656, 34.722343606 ], [ 135.646624406, 34.722284981 ], [ 135.646619832, 34.722230877 ], [ 135.64661054199999, 34.722181808 ], [ 135.646597213, 34.722106863 ], [ 135.646583028, 34.722053273 ], [ 135.64656493199999, 34.721995199 ], [ 135.646550052, 34.721951216 ], [ 135.646529113000014, 34.72189418 ], [ 135.64650481000001, 34.721832176 ], [ 135.646482536, 34.721780815 ], [ 135.646394401, 34.721616918 ], [ 135.646284178, 34.721488998 ], [ 135.646228372, 34.721430364 ], [ 135.64620438899999, 34.721406107 ], [ 135.646158988, 34.721324623 ], [ 135.646130494, 34.721272704 ], [ 135.64610011799999, 34.721201036 ], [ 135.64606421900001, 34.721144587 ], [ 135.646049674000011, 34.721106546 ], [ 135.645893586999989, 34.721139043 ], [ 135.645818528, 34.721150634 ], [ 135.64575779399999, 34.721157219 ], [ 135.645684066, 34.721163775 ], [ 135.64562803699999, 34.721170373 ], [ 135.645565204, 34.721182631 ], [ 135.645493496, 34.721202166 ], [ 135.64544637099999, 34.721217805 ], [ 135.64541004, 34.721236811 ], [ 135.64537314899999, 34.721259242 ], [ 135.645326621, 34.721288405 ], [ 135.645266421, 34.721323209 ], [ 135.645208975, 34.72135234 ], [ 135.645173422999989, 34.721368013 ], [ 135.645111235, 34.721382436 ], [ 135.645028623, 34.721398513 ], [ 135.645006774, 34.721401334 ], [ 135.64498521199999, 34.721336994 ], [ 135.64497706899999, 34.721285314 ], [ 135.64489279599999, 34.721245492 ], [ 135.644784488, 34.721193889 ], [ 135.64474838699999, 34.721184769 ], [ 135.64470605, 34.721178425 ], [ 135.64457714400001, 34.721169034 ], [ 135.64440353, 34.721181779 ], [ 135.644273502, 34.721179173 ], [ 135.644221735, 34.721172342 ], [ 135.64415901699999, 34.721134557 ], [ 135.644090196, 34.72106384 ], [ 135.644042823, 34.721009719 ], [ 135.643988506999989, 34.720945373 ], [ 135.643952574999986, 34.720896767 ], [ 135.64393500599999, 34.720843797 ], [ 135.643917613000013, 34.720774961 ], [ 135.6438956, 34.720569109 ], [ 135.64389536199999, 34.720540503 ], [ 135.643884711, 34.72039157 ], [ 135.64385837399999, 34.720302839 ], [ 135.64384304699999, 34.72026933 ], [ 135.643826503000014, 34.720252081 ], [ 135.643808393, 34.720243644 ], [ 135.643752457, 34.720241488 ], [ 135.64374633, 34.720231589 ], [ 135.643740296, 34.720156918 ], [ 135.643758722, 34.720107064 ], [ 135.643776198000012, 34.720034147 ], [ 135.643796748999989, 34.71998521 ], [ 135.64380671399999, 34.719968074 ], [ 135.643825488, 34.719943789 ], [ 135.643838568, 34.719920937 ], [ 135.64387976399999, 34.719900197 ], [ 135.643906784, 34.719885644 ], [ 135.643934642, 34.719853749 ], [ 135.64399069699999, 34.719754269 ], [ 135.64401051199999, 34.719688526 ], [ 135.644039381999988, 34.71959122 ], [ 135.64406673799999, 34.719543899 ], [ 135.644180127, 34.719408012 ], [ 135.64418842399999, 34.719377701 ], [ 135.64420595499999, 34.719256165 ], [ 135.644202466, 34.719114771 ], [ 135.644232493, 34.718981733 ], [ 135.644287350000013, 34.718873866 ], [ 135.64428947, 34.718863144 ], [ 135.644314086, 34.718851406 ], [ 135.644366018999989, 34.718834699 ], [ 135.64442887199999, 34.718817394 ], [ 135.644483522, 34.718803489 ], [ 135.644513581000012, 34.718792903 ], [ 135.64454511299999, 34.718774911 ], [ 135.64457991899999, 34.718754729 ], [ 135.64461967, 34.718727258 ], [ 135.644651108, 34.718703099 ], [ 135.644677843000011, 34.718678386 ], [ 135.644712785, 34.718651983 ], [ 135.64470407799999, 34.718619864 ], [ 135.644691862, 34.718591611 ], [ 135.644668884, 34.718552149 ], [ 135.644633623, 34.718500209 ], [ 135.64456162499999, 34.718409316 ], [ 135.644524426, 34.718366115 ], [ 135.64451882, 34.718359608 ], [ 135.64451145699999, 34.718345433 ], [ 135.644513467, 34.718334801 ], [ 135.64452519299999, 34.718324648 ], [ 135.64457437199999, 34.718313523 ], [ 135.644610551, 34.718304072 ], [ 135.644660397, 34.718290154 ], [ 135.644728095, 34.718263306 ], [ 135.64475268699999, 34.718257158 ], [ 135.644796407, 34.718246016 ], [ 135.644843516, 34.718233704 ], [ 135.644896839000012, 34.718223762 ], [ 135.64490906899999, 34.718223257 ], [ 135.644980769999989, 34.718204805 ], [ 135.645022503, 34.718198796 ], [ 135.645049054999987, 34.718193735 ], [ 135.64508052799999, 34.718187065 ], [ 135.645106449, 34.718176503 ], [ 135.64512560899999, 34.718161323 ], [ 135.64513531099999, 34.718139355 ], [ 135.645137491000014, 34.718114569 ], [ 135.645136802, 34.718097078 ], [ 135.645142311, 34.718085284 ], [ 135.645160159999989, 34.718047338 ], [ 135.645182258, 34.718011567 ], [ 135.645213493999989, 34.717986272 ], [ 135.645266999, 34.717981974 ], [ 135.645341808000012, 34.717961917 ], [ 135.645382649, 34.717944799 ], [ 135.64541259500001, 34.717917038 ], [ 135.645428433, 34.717895106 ], [ 135.645468282, 34.717813527 ], [ 135.645489766, 34.717742641 ], [ 135.64552215399999, 34.717674878 ], [ 135.64555095099999, 34.717609476 ], [ 135.645558636, 34.717591838 ], [ 135.645562138, 34.717564172 ], [ 135.645493374000011, 34.717534132 ], [ 135.645489395, 34.717520057 ], [ 135.645497667, 34.717500338 ], [ 135.645575508, 34.717391193 ], [ 135.64562734899999, 34.717326643 ], [ 135.645726923000012, 34.717172504 ], [ 135.645754995, 34.717143917 ], [ 135.64580048900001, 34.717069783 ], [ 135.645824338000011, 34.717025372 ], [ 135.645828617, 34.717007562 ], [ 135.645829166, 34.71698901 ], [ 135.645829963000011, 34.716960849 ], [ 135.645825599, 34.716906196 ], [ 135.645822694, 34.71685509 ], [ 135.645818829, 34.716819469 ], [ 135.645816435, 34.716815045 ], [ 135.645751729000011, 34.716806383 ], [ 135.645714193, 34.716801225 ], [ 135.64569849599999, 34.7167955 ], [ 135.645580946, 34.716782167 ], [ 135.645500758999987, 34.716775813 ], [ 135.645292575000013, 34.716771249 ], [ 135.645187031, 34.716738217 ], [ 135.645054176, 34.716683739 ], [ 135.644968264999989, 34.716657733 ], [ 135.64491402499999, 34.716647568 ], [ 135.644846852, 34.716646453 ], [ 135.644779524, 34.716650971 ], [ 135.644769399000012, 34.716603468 ], [ 135.64471530599999, 34.716530892 ], [ 135.644668020000012, 34.716510624 ], [ 135.644639020999989, 34.716419027 ], [ 135.64459166, 34.716337383 ], [ 135.64454308099999, 34.716290147 ], [ 135.644549360000013, 34.716241502 ], [ 135.644686764999989, 34.716081984 ], [ 135.644745202, 34.716037502 ], [ 135.644775788, 34.716021013 ], [ 135.644844256, 34.715984467 ], [ 135.64490756399999, 34.715944642 ], [ 135.645011849000014, 34.715888809 ], [ 135.645066785000012, 34.715876393 ], [ 135.645240758999989, 34.715853515 ], [ 135.64530229499999, 34.715849989 ], [ 135.64543732199999, 34.7158612 ], [ 135.64538441900001, 34.715386906 ], [ 135.645381640000011, 34.715357671 ], [ 135.645661939, 34.715314466 ], [ 135.64584392, 34.714982842 ], [ 135.64588036699999, 34.714912748 ], [ 135.646043467, 34.714804671 ], [ 135.646383390000011, 34.71481671 ], [ 135.646384501999989, 34.714819553 ], [ 135.646384798000014, 34.714819383 ], [ 135.646390184000012, 34.714823582 ], [ 135.646387077000014, 34.714807165 ], [ 135.64636337799999, 34.714716594 ], [ 135.646348158, 34.71461943 ], [ 135.646322493000014, 34.714462421 ], [ 135.646309682, 34.714430236 ], [ 135.64628480499999, 34.714401135 ], [ 135.64624117299999, 34.714374044 ], [ 135.646192144999986, 34.714355574 ], [ 135.646068121000013, 34.714335173 ], [ 135.645928475, 34.714314718 ], [ 135.64590034599999, 34.714318449 ], [ 135.645884153999987, 34.714347088 ], [ 135.64588404, 34.714373701 ], [ 135.64590398499999, 34.714407286 ], [ 135.645989117999989, 34.714520627 ], [ 135.646007352, 34.714558598 ], [ 135.64601383499999, 34.714607704 ], [ 135.646003361999988, 34.714657094 ], [ 135.64597507799999, 34.714699933 ], [ 135.645917311, 34.71473881 ], [ 135.645819710000012, 34.714771467 ], [ 135.645686649999988, 34.714804021 ], [ 135.645638878, 34.714810869 ], [ 135.645579962, 34.714809318 ], [ 135.645512147, 34.714798051 ], [ 135.645399325, 34.71476973 ], [ 135.645189351999989, 34.71471474 ], [ 135.64504656599999, 34.714682979 ], [ 135.644997093, 34.714663822 ], [ 135.64493428, 34.7146315 ], [ 135.64489113499999, 34.714595431 ], [ 135.644743487999989, 34.71446228 ], [ 135.644687073, 34.714409477 ], [ 135.64462080199999, 34.714369022 ], [ 135.644558901000011, 34.714340777 ], [ 135.644505267, 34.71431674 ], [ 135.64440097799999, 34.714274614 ], [ 135.644233079, 34.714212939 ], [ 135.64403859, 34.71414254 ], [ 135.643917535000014, 34.71409977 ], [ 135.643846457, 34.714078016 ], [ 135.64378312, 34.714063668 ], [ 135.643722782999987, 34.714057722 ], [ 135.643669605000014, 34.714060001 ], [ 135.64360808399999, 34.714070396 ], [ 135.64343567099999, 34.714091663 ], [ 135.643282054999986, 34.714108459 ], [ 135.64319853, 34.714117554 ], [ 135.642928414000011, 34.714126454 ], [ 135.642678843, 34.714130879 ], [ 135.64246938799999, 34.714131517 ], [ 135.64238348, 34.714511504 ], [ 135.642244489, 34.715109726 ], [ 135.642225862, 34.715211397 ], [ 135.64219266, 34.71544251 ], [ 135.642173074999988, 34.715576516 ], [ 135.642137147, 34.715948454 ], [ 135.642093509, 34.716485617 ], [ 135.642075405000014, 34.716663639 ], [ 135.642065795, 34.716765328 ], [ 135.642011911, 34.71730869 ], [ 135.641928723, 34.718094814 ], [ 135.641823181, 34.719139776 ] ] ] } }
]
}
