{
"type": "FeatureCollection",
"name": "A29-19_33214",
"features": [
{ "type": "Feature", "properties": { "A29_001": "33214", "A29_002": "岡山県", "A29_003": "真庭市", "A29_004": 1, "A29_005": "第一種低層住居専用地域", "A29_006": 50, "A29_007": 100, "A29_008": null }, "geometry": { "type": "Polygon", "coordinates": [ [ [ 133.73501100199999, 35.008026601 ], [ 133.734711033, 35.008008184 ], [ 133.734605856, 35.007991196 ], [ 133.734491209, 35.007973295 ], [ 133.734364856000013, 35.007970941 ], [ 133.734207837000014, 35.007986635 ], [ 133.734095991, 35.008017292 ], [ 133.733838905999988, 35.008037693 ], [ 133.733444502, 35.008055631 ], [ 133.733220302, 35.008042389 ], [ 133.73300458599999, 35.008019651 ], [ 133.73286071199999, 35.008008609 ], [ 133.732774565999989, 35.007985691 ], [ 133.73277191, 35.007479592 ], [ 133.732743582000012, 35.00704129 ], [ 133.732670062000011, 35.00704638 ], [ 133.73261661, 35.007051903 ], [ 133.732574359000012, 35.007064423 ], [ 133.732450327, 35.00711356 ], [ 133.732401009, 35.007130669 ], [ 133.732100331999987, 35.007136112 ], [ 133.732082068000011, 35.007136022 ], [ 133.73200592399999, 35.00717036 ], [ 133.73190487, 35.007205548 ], [ 133.731807780999986, 35.007221266 ], [ 133.731744424, 35.007235988 ], [ 133.731724654, 35.007248618 ], [ 133.731636302999988, 35.007414797 ], [ 133.73156720599999, 35.007460645 ], [ 133.73149960399999, 35.007478816 ], [ 133.731433568999989, 35.007476181 ], [ 133.731303282999988, 35.007435069 ], [ 133.731296549, 35.007458392 ], [ 133.731217699000013, 35.007583781 ], [ 133.731185837999988, 35.007652656 ], [ 133.731171538000012, 35.007678322 ], [ 133.731238276, 35.007728594 ], [ 133.731335882, 35.007799319 ], [ 133.73147466899999, 35.007884014 ], [ 133.73152713499999, 35.007917412 ], [ 133.73164814899999, 35.008421348 ], [ 133.73179309299999, 35.008531729 ], [ 133.731879749, 35.008895129 ], [ 133.73190045699999, 35.008981988 ], [ 133.731739368, 35.00922241 ], [ 133.731959292, 35.00976943 ], [ 133.732001696, 35.009929305 ], [ 133.732112946, 35.009899775 ], [ 133.732186809000012, 35.00996793 ], [ 133.732326491, 35.010086641 ], [ 133.732676249, 35.010468542 ], [ 133.73305247499999, 35.010884108 ], [ 133.73316943099999, 35.011013992 ], [ 133.732903857, 35.011197801 ], [ 133.733185566, 35.011485523 ], [ 133.733855177, 35.01217465 ], [ 133.733897122, 35.012214981 ], [ 133.734019577999987, 35.01208693 ], [ 133.734080537000011, 35.012013952 ], [ 133.73434895, 35.012187788 ], [ 133.734552129, 35.012317762 ], [ 133.73479846399999, 35.012473694 ], [ 133.734980326999988, 35.012648093 ], [ 133.73531692099999, 35.012956977 ], [ 133.735446720999988, 35.012342094 ], [ 133.735497380999988, 35.012130412 ], [ 133.73550512, 35.012098322 ], [ 133.73549736699999, 35.011496932 ], [ 133.735485277, 35.010960038 ], [ 133.735489667, 35.01032064 ], [ 133.735504541000012, 35.010242935 ], [ 133.735522636000013, 35.010198492 ], [ 133.73556710299999, 35.010140523 ], [ 133.735463865000014, 35.010011746 ], [ 133.735405928, 35.009937902 ], [ 133.73538026, 35.009892306 ], [ 133.735353108, 35.009829323 ], [ 133.735322935, 35.009734224 ], [ 133.735292915, 35.009628732 ], [ 133.735257829, 35.009538963 ], [ 133.735235842, 35.009488914 ], [ 133.735167381999986, 35.009382503 ], [ 133.735109496, 35.009276143 ], [ 133.735072596, 35.009196138 ], [ 133.735010038000013, 35.009072339 ], [ 133.734953278, 35.008952787 ], [ 133.734923044, 35.00887981 ], [ 133.73489693799999, 35.00877861 ], [ 133.734889708, 35.008715247 ], [ 133.734891971, 35.008667761 ], [ 133.73491316799999, 35.00853289 ], [ 133.73495177699999, 35.008381095 ], [ 133.73501100199999, 35.008026601 ] ] ] } },
{ "type": "Feature", "properties": { "A29_001": "33214", "A29_002": "岡山県", "A29_003": "真庭市", "A29_004": 10, "A29_005": "準工業地域", "A29_006": 60, "A29_007": 200, "A29_008": null }, "geometry": { "type": "Polygon", "coordinates": [ [ [ 133.740932732, 35.012465279 ], [ 133.74098566, 35.012481204 ], [ 133.74105084199999, 35.012502553 ], [ 133.74135735199999, 35.012629901 ], [ 133.741364847, 35.012634472 ], [ 133.74155621599999, 35.012704988 ], [ 133.741596797, 35.012717635 ], [ 133.741640751, 35.012727441 ], [ 133.741699790000013, 35.012737681 ], [ 133.741882744, 35.012741322 ], [ 133.742070789, 35.012736442 ], [ 133.742242331, 35.012731851 ], [ 133.742698243, 35.012705043 ], [ 133.742765276, 35.012696066 ], [ 133.743141705999989, 35.012664922 ], [ 133.74370994899999, 35.012633402 ], [ 133.743831840000013, 35.012627936 ], [ 133.743947671, 35.012633222 ], [ 133.743953981, 35.012645576 ], [ 133.743962337999989, 35.012656776 ], [ 133.744170540999988, 35.012824782 ], [ 133.744287482, 35.012910708 ], [ 133.744361293999987, 35.012966434 ], [ 133.744525001999989, 35.01307954 ], [ 133.744586059, 35.013120185 ], [ 133.744584202999988, 35.013103878 ], [ 133.744685051, 35.012710828 ], [ 133.744698914, 35.012666201 ], [ 133.744873567000013, 35.012026852 ], [ 133.744884049, 35.01199363 ], [ 133.744855562999987, 35.011988796 ], [ 133.74492425599999, 35.011746394 ], [ 133.744963402, 35.011641249 ], [ 133.745032642000012, 35.011533572 ], [ 133.74480946599999, 35.011429174 ], [ 133.744685873, 35.011360479 ], [ 133.744609481, 35.011298106 ], [ 133.744517545, 35.01119082 ], [ 133.74435917400001, 35.011026077 ], [ 133.744260252, 35.01089997 ], [ 133.74409093599999, 35.010663525 ], [ 133.74406971499999, 35.010638767 ], [ 133.744033022, 35.010640266 ], [ 133.74389181399999, 35.010690404 ], [ 133.743861767999988, 35.010698525 ], [ 133.74381591299999, 35.01070171 ], [ 133.74250189599999, 35.010692264 ], [ 133.742315842000011, 35.010689096 ], [ 133.7420329, 35.010688782 ], [ 133.742033498000012, 35.010648354 ], [ 133.74202119, 35.010636639 ], [ 133.741904519, 35.010637395 ], [ 133.741857503, 35.010657314 ], [ 133.741797537, 35.01070149 ], [ 133.741756431999988, 35.010723745 ], [ 133.74174149800001, 35.010723672 ], [ 133.741691506, 35.010738456 ], [ 133.741608668, 35.010754486 ], [ 133.741504486, 35.010764543 ], [ 133.74137320599999, 35.010773296 ], [ 133.741356058, 35.010777909 ], [ 133.741331414, 35.010832976 ], [ 133.74131978, 35.010864614 ], [ 133.741306285, 35.010896063 ], [ 133.741154357, 35.010847851 ], [ 133.741054152, 35.011102492 ], [ 133.741245131, 35.011287555 ], [ 133.74130449099999, 35.01139601 ], [ 133.741323725, 35.011498717 ], [ 133.74132445, 35.011579031 ], [ 133.741296487, 35.011679605 ], [ 133.741273199, 35.011765427 ], [ 133.74118945699999, 35.01198419 ], [ 133.741144173, 35.012095019 ], [ 133.741069887, 35.012243829 ], [ 133.740967368000014, 35.012440766 ], [ 133.740955254999989, 35.01245833 ], [ 133.740932732, 35.012465279 ] ] ] } },
{ "type": "Feature", "properties": { "A29_001": "33214", "A29_002": "岡山県", "A29_003": "真庭市", "A29_004": 5, "A29_005": "第一種住居地域", "A29_006": 60, "A29_007": 200, "A29_008": null }, "geometry": { "type": "Polygon", "coordinates": [ [ [ 133.74098566, 35.012481204 ], [ 133.740932732, 35.012465279 ], [ 133.740900533, 35.01252414 ], [ 133.740901404999988, 35.012539919 ], [ 133.740894759000014, 35.012557438 ], [ 133.740832176, 35.01265431 ], [ 133.74072997799999, 35.012765654 ], [ 133.740713798, 35.012797072 ], [ 133.74070363300001, 35.012839247 ], [ 133.740696711, 35.012894977 ], [ 133.740728563, 35.012972486 ], [ 133.74080194199999, 35.013119692 ], [ 133.740842907, 35.013180929 ], [ 133.740959844, 35.013350514 ], [ 133.741023821, 35.013432822 ], [ 133.741111832, 35.013494424 ], [ 133.741141231, 35.013509433 ], [ 133.741209314, 35.01350698 ], [ 133.74128710299999, 35.013492638 ], [ 133.741317615000014, 35.013480951 ], [ 133.741389528000013, 35.013393852 ], [ 133.741403174999988, 35.013370336 ], [ 133.741595138, 35.013405807 ], [ 133.741567336, 35.013523483 ], [ 133.741540138, 35.013517779 ], [ 133.741523253, 35.013539124 ], [ 133.741505530000012, 35.013547448 ], [ 133.741478516, 35.013555736 ], [ 133.74143107399999, 35.013561626 ], [ 133.741390972, 35.013579793 ], [ 133.741372442999989, 35.013601157 ], [ 133.741367145999988, 35.013630735 ], [ 133.74137006399999, 35.013669692 ], [ 133.741390911, 35.013717526 ], [ 133.74141235799999, 35.013742817 ], [ 133.741439238999988, 35.013752891 ], [ 133.741457816, 35.013753748 ], [ 133.741489476, 35.013747015 ], [ 133.741587917, 35.013726825 ], [ 133.741624228, 35.013719322 ], [ 133.741646503, 35.013724019 ], [ 133.741671926, 35.013746481 ], [ 133.741712815, 35.01381684 ], [ 133.74174465199999, 35.013899587 ], [ 133.741761895, 35.013956291 ], [ 133.741825484, 35.013919155 ], [ 133.741869290000011, 35.013887186 ], [ 133.741914054, 35.013866743 ], [ 133.74197552199999, 35.013847228 ], [ 133.74208523199999, 35.013826263 ], [ 133.74222634899999, 35.01381241 ], [ 133.742291421, 35.013811194 ], [ 133.742436744, 35.01380515 ], [ 133.74248091699999, 35.013798343 ], [ 133.742881914, 35.013791965 ], [ 133.74288041299999, 35.013813367 ], [ 133.742904715, 35.013811935 ], [ 133.743078445, 35.013789703 ], [ 133.74309383799999, 35.01379149 ], [ 133.74317118, 35.013796698 ], [ 133.743325249, 35.013800927 ], [ 133.74343973399999, 35.013794073 ], [ 133.743476934, 35.013778632 ], [ 133.743448446, 35.013859525 ], [ 133.743398144, 35.013981374 ], [ 133.743367059, 35.014051545 ], [ 133.74334859699999, 35.014098719 ], [ 133.743345256999987, 35.014142648 ], [ 133.743347387, 35.014207636 ], [ 133.743541295, 35.014285517 ], [ 133.743560164, 35.014257889 ], [ 133.74359414700001, 35.01422663 ], [ 133.74363294, 35.014195421 ], [ 133.74369157699999, 35.014115359 ], [ 133.743730723999988, 35.014057657 ], [ 133.743761987, 35.014025258 ], [ 133.743806224, 35.013995788 ], [ 133.74384430399999, 35.013966261 ], [ 133.74386572200001, 35.013952924 ], [ 133.743880066, 35.013955878 ], [ 133.74400200299999, 35.013956416 ], [ 133.744045978, 35.013946669 ], [ 133.74411109799999, 35.013943316 ], [ 133.744142567000011, 35.013946417 ], [ 133.744191747, 35.013956445 ], [ 133.744215422, 35.013967549 ], [ 133.744246822, 35.013986253 ], [ 133.744265726, 35.014007286 ], [ 133.744293946999989, 35.014047555 ], [ 133.74434802499999, 35.014100463 ], [ 133.744415121, 35.014154614 ], [ 133.74444622499999, 35.014184207 ], [ 133.74455531800001, 35.014221831 ], [ 133.744794109999987, 35.014313153 ], [ 133.744779490000013, 35.014319671 ], [ 133.74460356, 35.014506474 ], [ 133.744612303, 35.014514287 ], [ 133.744599319, 35.0145632 ], [ 133.74459830399999, 35.014584019 ], [ 133.744606771, 35.01458753 ], [ 133.744660141, 35.014612318 ], [ 133.744709996000012, 35.014639856 ], [ 133.744786589, 35.014674627 ], [ 133.74485269499999, 35.014701991 ], [ 133.744877812999988, 35.014713633 ], [ 133.74488592599999, 35.014726708 ], [ 133.744893666, 35.014788855 ], [ 133.744903961, 35.014855361 ], [ 133.744908105, 35.014888671 ], [ 133.744909646999986, 35.014951826 ], [ 133.74491583599999, 35.014985733 ], [ 133.74494028399999, 35.015032844 ], [ 133.744967072, 35.015065318 ], [ 133.745003408, 35.015100182 ], [ 133.745066798000011, 35.015153432 ], [ 133.74511603900001, 35.015170293 ], [ 133.745155266000012, 35.015176469 ], [ 133.74519756, 35.015182669 ], [ 133.745233356999989, 35.015195048 ], [ 133.745278911000014, 35.015209629 ], [ 133.745304275, 35.015217639 ], [ 133.745403831, 35.01531272 ], [ 133.74541900700001, 35.015323413 ], [ 133.745692147, 35.015412655 ], [ 133.74568425699999, 35.01551376 ], [ 133.745925712, 35.01560877 ], [ 133.745992578, 35.01564645 ], [ 133.74601702699999, 35.015673621 ], [ 133.74602852000001, 35.015707481 ], [ 133.746085684, 35.015762728 ], [ 133.746190168999988, 35.015873725 ], [ 133.74620938699999, 35.015896859 ], [ 133.746228312, 35.015910338 ], [ 133.746897018999988, 35.016149436 ], [ 133.746923441, 35.016153557 ], [ 133.746945989000011, 35.016143119 ], [ 133.74699061199999, 35.016113307 ], [ 133.74701416799999, 35.016099899 ], [ 133.747040003, 35.016097131 ], [ 133.74707100099999, 35.016112524 ], [ 133.747085711000011, 35.016122484 ], [ 133.747114872999987, 35.016132649 ], [ 133.74717100399999, 35.016136201 ], [ 133.74719611099999, 35.016137224 ], [ 133.747272443000014, 35.016135258 ], [ 133.747308247, 35.016126705 ], [ 133.74733877, 35.016107363 ], [ 133.74736485, 35.016098014 ], [ 133.747409162999986, 35.016096173 ], [ 133.74744574499999, 35.016107627 ], [ 133.747501996000011, 35.016140486 ], [ 133.747673176, 35.016222939 ], [ 133.747503701, 35.01635623 ], [ 133.747521353, 35.01637923 ], [ 133.747616529, 35.016456061 ], [ 133.74763722, 35.016452636 ], [ 133.74759330099999, 35.016524991 ], [ 133.747673142999986, 35.016577886 ], [ 133.747738577, 35.016632289 ], [ 133.747784173000014, 35.016684181 ], [ 133.74782004299999, 35.016743273 ], [ 133.747853381999988, 35.016791617 ], [ 133.74790127899999, 35.016829835 ], [ 133.747909706, 35.016837349 ], [ 133.747899402, 35.016845547 ], [ 133.747893076999986, 35.016861292 ], [ 133.747891426, 35.016890023 ], [ 133.747890332999987, 35.016931151 ], [ 133.747887367, 35.016953682 ], [ 133.747864733, 35.017000764 ], [ 133.747861527, 35.017004796 ], [ 133.747848908, 35.017033455 ], [ 133.74792315900001, 35.017099151 ], [ 133.747901259, 35.017130804 ], [ 133.747896432, 35.017147043 ], [ 133.74790285200001, 35.017188721 ], [ 133.74791087599999, 35.017257459 ], [ 133.74791353, 35.017281667 ], [ 133.747845297, 35.01742174 ], [ 133.74783518800001, 35.017448671 ], [ 133.74785212, 35.017459039 ], [ 133.747964986, 35.01754167 ], [ 133.748000545, 35.017550594 ], [ 133.747975013, 35.017595354 ], [ 133.747996969000013, 35.017609604 ], [ 133.748032854, 35.017611328 ], [ 133.748072087, 35.017602827 ], [ 133.748176548, 35.017574845 ], [ 133.748190222, 35.017573495 ], [ 133.748207165999986, 35.017571468 ], [ 133.748225641, 35.01757134 ], [ 133.748246911, 35.017574192 ], [ 133.748273296, 35.01758044 ], [ 133.748299136000014, 35.017589435 ], [ 133.748326507, 35.01760034 ], [ 133.748340296, 35.017607428 ], [ 133.748396079, 35.017673837 ], [ 133.74846964, 35.017788847 ], [ 133.748502296, 35.017862383 ], [ 133.748536785999988, 35.01793701 ], [ 133.74855910299999, 35.018066818 ], [ 133.74856530299999, 35.018108523 ], [ 133.748544318, 35.01812572 ], [ 133.74857508299999, 35.018129384 ], [ 133.748691689, 35.018213222 ], [ 133.74874580299999, 35.018257132 ], [ 133.748760736, 35.018328328 ], [ 133.748857068, 35.01832323 ], [ 133.748910298999988, 35.018358842 ], [ 133.748851307, 35.01841681 ], [ 133.74880984699999, 35.018443861 ], [ 133.748992576, 35.018718233 ], [ 133.749023650999987, 35.018766178 ], [ 133.74904371400001, 35.018778534 ], [ 133.749116988, 35.018786306 ], [ 133.749127872, 35.01880135 ], [ 133.749129473000011, 35.018870517 ], [ 133.749145782, 35.018891563 ], [ 133.74921481199999, 35.01893668 ], [ 133.749244686, 35.018984051 ], [ 133.74928088199999, 35.019056071 ], [ 133.7493208, 35.01910706 ], [ 133.749398482, 35.019180695 ], [ 133.7494763, 35.01925068 ], [ 133.749624321, 35.01937051 ], [ 133.749621442, 35.019491985 ], [ 133.749587627000011, 35.019539582 ], [ 133.749547361, 35.019549845 ], [ 133.74951776, 35.019564306 ], [ 133.749502533, 35.019580549 ], [ 133.74950583399999, 35.019594096 ], [ 133.74952352299999, 35.019606053 ], [ 133.74956515400001, 35.019622669 ], [ 133.74972005699999, 35.019653008 ], [ 133.749763271, 35.019724557 ], [ 133.749902773, 35.019903833 ], [ 133.749903077, 35.019918141 ], [ 133.74990408299999, 35.019939979 ], [ 133.74990855199999, 35.019971164 ], [ 133.749913883, 35.019988849 ], [ 133.749930116, 35.020011409 ], [ 133.749951826, 35.020031111 ], [ 133.749979794000012, 35.020047544 ], [ 133.750001185, 35.020058248 ], [ 133.750025295, 35.020068595 ], [ 133.750036158, 35.020077364 ], [ 133.750045050000011, 35.020088964 ], [ 133.750047274999986, 35.020104353 ], [ 133.750045578, 35.020124258 ], [ 133.750041821, 35.020136365 ], [ 133.75001534099999, 35.020188026 ], [ 133.749979609, 35.020261783 ], [ 133.750117862, 35.020484547 ], [ 133.75025696099999, 35.020388958 ], [ 133.75028286599999, 35.020382728 ], [ 133.75032986799999, 35.02037914 ], [ 133.750388289, 35.020380115 ], [ 133.750435958, 35.020378271 ], [ 133.75047068399999, 35.020387506 ], [ 133.750483323999987, 35.020405226 ], [ 133.750532166999989, 35.02053445 ], [ 133.750626098999987, 35.020511319 ], [ 133.750657168, 35.020504599 ], [ 133.750682734, 35.020499944 ], [ 133.7506763, 35.020472329 ], [ 133.75066858, 35.020428274 ], [ 133.75064433599999, 35.020316323 ], [ 133.75062306800001, 35.020249675 ], [ 133.750600205000012, 35.020205566 ], [ 133.750532521999986, 35.020120008 ], [ 133.75046684099999, 35.02004123 ], [ 133.75041774799999, 35.019985825 ], [ 133.750406090000013, 35.019957896 ], [ 133.75034845, 35.019816127 ], [ 133.750335947, 35.019763629 ], [ 133.750336809, 35.019745604 ], [ 133.750328972, 35.019707228 ], [ 133.750330295, 35.019641293 ], [ 133.75031017500001, 35.019527315 ], [ 133.750278712000011, 35.019452145 ], [ 133.75017932899999, 35.019244649 ], [ 133.75012486, 35.019139458 ], [ 133.75004977899999, 35.019018762 ], [ 133.750036556999987, 35.018996684 ], [ 133.749998148, 35.018924447 ], [ 133.749953304, 35.018817066 ], [ 133.749873662, 35.018573597 ], [ 133.749920331999988, 35.018500894 ], [ 133.749925646, 35.018485603 ], [ 133.749925029, 35.01846905 ], [ 133.749870356, 35.018304758 ], [ 133.750150829, 35.018219684 ], [ 133.750145010000011, 35.018201266 ], [ 133.750285131999988, 35.018155632 ], [ 133.750286632000012, 35.017843988 ], [ 133.750291440000012, 35.017799479 ], [ 133.750281091, 35.017601118 ], [ 133.749798755, 35.017273357 ], [ 133.749748055, 35.017237821 ], [ 133.74946151099999, 35.017042774 ], [ 133.749416751000012, 35.017017796 ], [ 133.748937468, 35.016702396 ], [ 133.748885527999988, 35.016665745 ], [ 133.74880703, 35.01660862 ], [ 133.74879673800001, 35.016602901 ], [ 133.74847190599999, 35.016385654 ], [ 133.74845473799999, 35.016376124 ], [ 133.747798636, 35.015929589 ], [ 133.747745333000012, 35.015892092 ], [ 133.74771408, 35.015870892 ], [ 133.747720802, 35.015787252 ], [ 133.747724046, 35.015725698 ], [ 133.747737599, 35.015601237 ], [ 133.747740572999987, 35.015577588 ], [ 133.747745482999989, 35.015565216 ], [ 133.74779091, 35.015474731 ], [ 133.747556777, 35.015317659 ], [ 133.74745028699999, 35.015244938 ], [ 133.747390204999988, 35.015204019 ], [ 133.747285188, 35.015138355 ], [ 133.747187639, 35.015094876 ], [ 133.746870234999989, 35.014963641 ], [ 133.746329911, 35.014790636 ], [ 133.746195443, 35.014740207 ], [ 133.746137791, 35.014713579 ], [ 133.746101087999989, 35.014687016 ], [ 133.745912307999987, 35.014519793 ], [ 133.745959099, 35.014479408 ], [ 133.745997757, 35.014446981 ], [ 133.745973248000013, 35.013711158 ], [ 133.745966133, 35.013573705 ], [ 133.74595266, 35.01341996 ], [ 133.745938889, 35.013175924 ], [ 133.74589531399999, 35.012363718 ], [ 133.74588545899999, 35.012146825 ], [ 133.745885679999986, 35.012137289 ], [ 133.745870249, 35.012133311 ], [ 133.74585968, 35.011962524 ], [ 133.745799301, 35.011954317 ], [ 133.745681233999989, 35.011944695 ], [ 133.745605743, 35.011935287 ], [ 133.745525945999987, 35.011951857 ], [ 133.74522767900001, 35.012014695 ], [ 133.745138363, 35.012018788 ], [ 133.744906369, 35.011995046 ], [ 133.744884049, 35.01199363 ], [ 133.744873567000013, 35.012026852 ], [ 133.744698914, 35.012666201 ], [ 133.744685051, 35.012710828 ], [ 133.744584202999988, 35.013103878 ], [ 133.744586059, 35.013120185 ], [ 133.744525001999989, 35.01307954 ], [ 133.744361293999987, 35.012966434 ], [ 133.744287482, 35.012910708 ], [ 133.744170540999988, 35.012824782 ], [ 133.743962337999989, 35.012656776 ], [ 133.743953981, 35.012645576 ], [ 133.743947671, 35.012633222 ], [ 133.743831840000013, 35.012627936 ], [ 133.74370994899999, 35.012633402 ], [ 133.743141705999989, 35.012664922 ], [ 133.742765276, 35.012696066 ], [ 133.742698243, 35.012705043 ], [ 133.742242331, 35.012731851 ], [ 133.742070789, 35.012736442 ], [ 133.741882744, 35.012741322 ], [ 133.741699790000013, 35.012737681 ], [ 133.741640751, 35.012727441 ], [ 133.741596797, 35.012717635 ], [ 133.74155621599999, 35.012704988 ], [ 133.741364847, 35.012634472 ], [ 133.74135735199999, 35.012629901 ], [ 133.74105084199999, 35.012502553 ], [ 133.74098566, 35.012481204 ] ] ] } },
{ "type": "Feature", "properties": { "A29_001": "33214", "A29_002": "岡山県", "A29_003": "真庭市", "A29_004": 10, "A29_005": "準工業地域", "A29_006": 60, "A29_007": 200, "A29_008": null }, "geometry": { "type": "Polygon", "coordinates": [ [ [ 133.74585968, 35.011962524 ], [ 133.745870249, 35.012133311 ], [ 133.745885679999986, 35.012137289 ], [ 133.746391804000012, 35.012466289 ], [ 133.746669899000011, 35.01264605 ], [ 133.747149123000014, 35.012966642 ], [ 133.747224225999986, 35.013010671 ], [ 133.747812656, 35.013401426 ], [ 133.747956640000012, 35.013484793 ], [ 133.749334524, 35.014377931 ], [ 133.74952828, 35.014504183 ], [ 133.749841285, 35.014713582 ], [ 133.75035162099999, 35.015069531 ], [ 133.750853994000011, 35.015368585 ], [ 133.751202376, 35.015560824 ], [ 133.75133174199999, 35.015459824 ], [ 133.7514879, 35.015364585 ], [ 133.751640949, 35.015290688 ], [ 133.751567257, 35.015241692 ], [ 133.751167253, 35.014998734 ], [ 133.75068983599999, 35.014714531 ], [ 133.75019127600001, 35.014366798 ], [ 133.7498703, 35.014152061 ], [ 133.74899148, 35.013584324 ], [ 133.748522603, 35.013289372 ], [ 133.748447223, 35.013245685 ], [ 133.748142704, 35.013041381 ], [ 133.74755554, 35.012651463 ], [ 133.747473977999988, 35.012603644 ], [ 133.747352068, 35.012527369 ], [ 133.746910598, 35.012224259 ], [ 133.746875026, 35.012218859 ], [ 133.746703844, 35.012090413 ], [ 133.746625117, 35.01205392 ], [ 133.746439955, 35.01200669 ], [ 133.746254601, 35.01196649 ], [ 133.746094156, 35.011974755 ], [ 133.745984878, 35.011987884 ], [ 133.745933627999989, 35.01199318 ], [ 133.74585968, 35.011962524 ] ] ] } },
{ "type": "Feature", "properties": { "A29_001": "33214", "A29_002": "岡山県", "A29_003": "真庭市", "A29_004": 5, "A29_005": "第一種住居地域", "A29_006": 60, "A29_007": 200, "A29_008": null }, "geometry": { "type": "Polygon", "coordinates": [ [ [ 133.75133174199999, 35.015459824 ], [ 133.751202376, 35.015560824 ], [ 133.751088696000011, 35.015777061 ], [ 133.75102809, 35.015928683 ], [ 133.75096418199999, 35.016128707 ], [ 133.750906230999988, 35.016327714 ], [ 133.750870932999987, 35.016478232 ], [ 133.750853940000013, 35.016566006 ], [ 133.750847591, 35.016622325 ], [ 133.750847087000011, 35.016693385 ], [ 133.75085073, 35.016808554 ], [ 133.750847185, 35.016888171 ], [ 133.75083935399999, 35.016943267 ], [ 133.750820264999987, 35.016996019 ], [ 133.750778986, 35.017132283 ], [ 133.750690862999988, 35.017390523 ], [ 133.75070645400001, 35.017397043 ], [ 133.750794138, 35.017419929 ], [ 133.750911664, 35.017446905 ], [ 133.751015806, 35.017476026 ], [ 133.751190285, 35.01752364 ], [ 133.75125801499999, 35.017534241 ], [ 133.75132786099999, 35.017538642 ], [ 133.751346360000014, 35.017538208 ], [ 133.751482606, 35.017547551 ], [ 133.752115253999989, 35.017590607 ], [ 133.752169654999989, 35.01756166 ], [ 133.752340274, 35.017186967 ], [ 133.75204593, 35.017128522 ], [ 133.75202819099999, 35.017074188 ], [ 133.752174113, 35.016609484 ], [ 133.752195003999987, 35.016521791 ], [ 133.75223712, 35.016516196 ], [ 133.752275429, 35.016498918 ], [ 133.752384274, 35.016406887 ], [ 133.752432392, 35.016389214 ], [ 133.752465065, 35.016384891 ], [ 133.752506799, 35.016382107 ], [ 133.75256406599999, 35.01638943 ], [ 133.75262630899999, 35.016410443 ], [ 133.752806265, 35.016093803 ], [ 133.751698809, 35.015348568 ], [ 133.751640949, 35.015290688 ], [ 133.7514879, 35.015364585 ], [ 133.75133174199999, 35.015459824 ] ] ] } },
{ "type": "Feature", "properties": { "A29_001": "33214", "A29_002": "岡山県", "A29_003": "真庭市", "A29_004": 8, "A29_005": "近隣商業地域", "A29_006": 80, "A29_007": 200, "A29_008": null }, "geometry": { "type": "Polygon", "coordinates": [ [ [ 133.750657168, 35.020504599 ], [ 133.750626098999987, 35.020511319 ], [ 133.75068890099999, 35.020784428 ], [ 133.75071362700001, 35.020885744 ], [ 133.750729013000011, 35.020956618 ], [ 133.750765669, 35.021113962 ], [ 133.750788838, 35.021187659 ], [ 133.75079055099999, 35.021219606 ], [ 133.750770442, 35.021318534 ], [ 133.750736735, 35.021420597 ], [ 133.75071068299999, 35.021537066 ], [ 133.750694431, 35.021639213 ], [ 133.750676160000012, 35.021769485 ], [ 133.750685483000012, 35.021822238 ], [ 133.750708304, 35.021887838 ], [ 133.750804002, 35.022073186 ], [ 133.750841998999988, 35.022188366 ], [ 133.75084733, 35.022257074 ], [ 133.750832497, 35.022438763 ], [ 133.750831534000014, 35.022574526 ], [ 133.75083834099999, 35.022708722 ], [ 133.750863083000013, 35.022778497 ], [ 133.750899322, 35.022866517 ], [ 133.75090877, 35.022903297 ], [ 133.750906242000013, 35.022986345 ], [ 133.750911300000013, 35.023161576 ], [ 133.75089668699999, 35.023160856 ], [ 133.750858184, 35.023163241 ], [ 133.750847154000013, 35.023179558 ], [ 133.750768575, 35.023345959 ], [ 133.750735292, 35.023366388 ], [ 133.75068564899999, 35.02348864 ], [ 133.750695908000012, 35.023560922 ], [ 133.75055095499999, 35.023793559 ], [ 133.75046998799999, 35.023933463 ], [ 133.750356417, 35.024082893 ], [ 133.750284628, 35.024143053 ], [ 133.75044374399999, 35.02418176 ], [ 133.750514294, 35.02408146 ], [ 133.750553188, 35.024020871 ], [ 133.750575469000012, 35.023984956 ], [ 133.750937851, 35.02336572 ], [ 133.75099289, 35.023273657 ], [ 133.751062547, 35.023156893 ], [ 133.751145591000011, 35.023003575 ], [ 133.751219765, 35.022846266 ], [ 133.751252912000012, 35.022750673 ], [ 133.751270267, 35.022658357 ], [ 133.75127417600001, 35.02260766 ], [ 133.751269192, 35.022556334 ], [ 133.751380724, 35.022363192 ], [ 133.751421744999988, 35.022232714 ], [ 133.751458192, 35.021938753 ], [ 133.751533876, 35.021346887 ], [ 133.751551221, 35.02112597 ], [ 133.7515573, 35.021079872 ], [ 133.751566989, 35.021039416 ], [ 133.75162652, 35.020473651 ], [ 133.751665295, 35.020428034 ], [ 133.752000976, 35.019544747 ], [ 133.752000598, 35.019485096 ], [ 133.752255442, 35.018813173 ], [ 133.752348743999988, 35.018588905 ], [ 133.752413956999987, 35.018436601 ], [ 133.752497798, 35.01827337 ], [ 133.752600496000014, 35.018065283 ], [ 133.752716114, 35.017801151 ], [ 133.75276447499999, 35.017690431 ], [ 133.752773725, 35.017654426 ], [ 133.752773229000013, 35.017634691 ], [ 133.752769245, 35.0176217 ], [ 133.752754971, 35.017610337 ], [ 133.752792312, 35.017540824 ], [ 133.75324569599999, 35.016627997 ], [ 133.753312986, 35.016475864 ], [ 133.753274647000012, 35.016408973 ], [ 133.752806265, 35.016093803 ], [ 133.75262630899999, 35.016410443 ], [ 133.75256406599999, 35.01638943 ], [ 133.752506799, 35.016382107 ], [ 133.752465065, 35.016384891 ], [ 133.752432392, 35.016389214 ], [ 133.752384274, 35.016406887 ], [ 133.752275429, 35.016498918 ], [ 133.75223712, 35.016516196 ], [ 133.752195003999987, 35.016521791 ], [ 133.752174113, 35.016609484 ], [ 133.75202819099999, 35.017074188 ], [ 133.75204593, 35.017128522 ], [ 133.752340274, 35.017186967 ], [ 133.752169654999989, 35.01756166 ], [ 133.752115253999989, 35.017590607 ], [ 133.751482606, 35.017547551 ], [ 133.751346360000014, 35.017538208 ], [ 133.75132786099999, 35.017538642 ], [ 133.75125801499999, 35.017534241 ], [ 133.751190285, 35.01752364 ], [ 133.751015806, 35.017476026 ], [ 133.750911664, 35.017446905 ], [ 133.750794138, 35.017419929 ], [ 133.75070645400001, 35.017397043 ], [ 133.750690862999988, 35.017390523 ], [ 133.750778986, 35.017132283 ], [ 133.750571705999988, 35.017000441 ], [ 133.74991219, 35.016552522 ], [ 133.749763051, 35.016462669 ], [ 133.74958485799999, 35.016342883 ], [ 133.749564378, 35.016322989 ], [ 133.749264606999986, 35.016119332 ], [ 133.74923375, 35.016096287 ], [ 133.748702701000013, 35.01574529 ], [ 133.748300989, 35.01546311 ], [ 133.748260087, 35.015556718 ], [ 133.748247670000012, 35.015566214 ], [ 133.748173395, 35.015734798 ], [ 133.747810622, 35.015490079 ], [ 133.74779091, 35.015474731 ], [ 133.747745482999989, 35.015565216 ], [ 133.747740572999987, 35.015577588 ], [ 133.747737599, 35.015601237 ], [ 133.747724046, 35.015725698 ], [ 133.747720802, 35.015787252 ], [ 133.74771408, 35.015870892 ], [ 133.747745333000012, 35.015892092 ], [ 133.747798636, 35.015929589 ], [ 133.74845473799999, 35.016376124 ], [ 133.74847190599999, 35.016385654 ], [ 133.74879673800001, 35.016602901 ], [ 133.74880703, 35.01660862 ], [ 133.748885527999988, 35.016665745 ], [ 133.748937468, 35.016702396 ], [ 133.749416751000012, 35.017017796 ], [ 133.74946151099999, 35.017042774 ], [ 133.749748055, 35.017237821 ], [ 133.749798755, 35.017273357 ], [ 133.750281091, 35.017601118 ], [ 133.750291440000012, 35.017799479 ], [ 133.750286632000012, 35.017843988 ], [ 133.750285131999988, 35.018155632 ], [ 133.750145010000011, 35.018201266 ], [ 133.750150829, 35.018219684 ], [ 133.749870356, 35.018304758 ], [ 133.749925029, 35.01846905 ], [ 133.749925646, 35.018485603 ], [ 133.749920331999988, 35.018500894 ], [ 133.749873662, 35.018573597 ], [ 133.749953304, 35.018817066 ], [ 133.749998148, 35.018924447 ], [ 133.750036556999987, 35.018996684 ], [ 133.75004977899999, 35.019018762 ], [ 133.75012486, 35.019139458 ], [ 133.75017932899999, 35.019244649 ], [ 133.750278712000011, 35.019452145 ], [ 133.75031017500001, 35.019527315 ], [ 133.750330295, 35.019641293 ], [ 133.750328972, 35.019707228 ], [ 133.750336809, 35.019745604 ], [ 133.750335947, 35.019763629 ], [ 133.75034845, 35.019816127 ], [ 133.750406090000013, 35.019957896 ], [ 133.75041774799999, 35.019985825 ], [ 133.75046684099999, 35.02004123 ], [ 133.750532521999986, 35.020120008 ], [ 133.750600205000012, 35.020205566 ], [ 133.75062306800001, 35.020249675 ], [ 133.75064433599999, 35.020316323 ], [ 133.75066858, 35.020428274 ], [ 133.7506763, 35.020472329 ], [ 133.750682734, 35.020499944 ], [ 133.750657168, 35.020504599 ] ] ] } },
{ "type": "Feature", "properties": { "A29_001": "33214", "A29_002": "岡山県", "A29_003": "真庭市", "A29_004": 6, "A29_005": "第二種住居地域", "A29_006": 60, "A29_007": 200, "A29_008": null }, "geometry": { "type": "Polygon", "coordinates": [ [ [ 133.747556777, 35.015317659 ], [ 133.74779091, 35.015474731 ], [ 133.747810622, 35.015490079 ], [ 133.748173395, 35.015734798 ], [ 133.748247670000012, 35.015566214 ], [ 133.748260087, 35.015556718 ], [ 133.748300989, 35.01546311 ], [ 133.748702701000013, 35.01574529 ], [ 133.74923375, 35.016096287 ], [ 133.749264606999986, 35.016119332 ], [ 133.749564378, 35.016322989 ], [ 133.74958485799999, 35.016342883 ], [ 133.749763051, 35.016462669 ], [ 133.74991219, 35.016552522 ], [ 133.750571705999988, 35.017000441 ], [ 133.750778986, 35.017132283 ], [ 133.750820264999987, 35.016996019 ], [ 133.75083935399999, 35.016943267 ], [ 133.750847185, 35.016888171 ], [ 133.75085073, 35.016808554 ], [ 133.750847087000011, 35.016693385 ], [ 133.750847591, 35.016622325 ], [ 133.750853940000013, 35.016566006 ], [ 133.750870932999987, 35.016478232 ], [ 133.750906230999988, 35.016327714 ], [ 133.75096418199999, 35.016128707 ], [ 133.75102809, 35.015928683 ], [ 133.751088696000011, 35.015777061 ], [ 133.751202376, 35.015560824 ], [ 133.750853994000011, 35.015368585 ], [ 133.75035162099999, 35.015069531 ], [ 133.749841285, 35.014713582 ], [ 133.74952828, 35.014504183 ], [ 133.749334524, 35.014377931 ], [ 133.747956640000012, 35.013484793 ], [ 133.747812656, 35.013401426 ], [ 133.747224225999986, 35.013010671 ], [ 133.747149123000014, 35.012966642 ], [ 133.746669899000011, 35.01264605 ], [ 133.746391804000012, 35.012466289 ], [ 133.745885679999986, 35.012137289 ], [ 133.74588558799999, 35.012141074 ], [ 133.74588545899999, 35.012146825 ], [ 133.74589531399999, 35.012363718 ], [ 133.745938889, 35.013175924 ], [ 133.74595266, 35.01341996 ], [ 133.745966133, 35.013573705 ], [ 133.745973248000013, 35.013711158 ], [ 133.745997757, 35.014446981 ], [ 133.745959099, 35.014479408 ], [ 133.745912307999987, 35.014519793 ], [ 133.746101087999989, 35.014687016 ], [ 133.746137791, 35.014713579 ], [ 133.746195443, 35.014740207 ], [ 133.746329911, 35.014790636 ], [ 133.746870234999989, 35.014963641 ], [ 133.747187639, 35.015094876 ], [ 133.747285188, 35.015138355 ], [ 133.747390204999988, 35.015204019 ], [ 133.74745028699999, 35.015244938 ], [ 133.747556777, 35.015317659 ] ] ] } },
{ "type": "Feature", "properties": { "A29_001": "33214", "A29_002": "岡山県", "A29_003": "真庭市", "A29_004": 5, "A29_005": "第一種住居地域", "A29_006": 60, "A29_007": 200, "A29_008": null }, "geometry": { "type": "Polygon", "coordinates": [ [ [ 133.75626108099999, 35.020869339 ], [ 133.75646469599999, 35.02073609 ], [ 133.756645491, 35.020626972 ], [ 133.756772821999988, 35.020531896 ], [ 133.756867403, 35.020445662 ], [ 133.75692559399999, 35.020382566 ], [ 133.75698478000001, 35.020287013 ], [ 133.75702767300001, 35.020216191 ], [ 133.757059727000012, 35.020195583 ], [ 133.757112393999989, 35.020198276 ], [ 133.757058202, 35.020175491 ], [ 133.75697356399999, 35.020150407 ], [ 133.756837945, 35.020110316 ], [ 133.756686586, 35.020069473 ], [ 133.756549661, 35.020026553 ], [ 133.75640571299999, 35.019991433 ], [ 133.756292371, 35.019970242 ], [ 133.756240848, 35.019976343 ], [ 133.75610695899999, 35.019953765 ], [ 133.75600061, 35.019941694 ], [ 133.75562886099999, 35.019940538 ], [ 133.755455084, 35.019961697 ], [ 133.755401449, 35.019968896 ], [ 133.755165963, 35.02002673 ], [ 133.755064441, 35.020054281 ], [ 133.754943236, 35.020090014 ], [ 133.754902632000011, 35.020107787 ], [ 133.754696913, 35.020194292 ], [ 133.754615091, 35.020243969 ], [ 133.754519660999989, 35.020324483 ], [ 133.75441043699999, 35.020409311 ], [ 133.75439596699999, 35.02042399 ], [ 133.75439094699999, 35.020483246 ], [ 133.754247447000012, 35.020581956 ], [ 133.75419636699999, 35.020616932 ], [ 133.754136109, 35.020658877 ], [ 133.754087418000012, 35.020696794 ], [ 133.75404999, 35.020753597 ], [ 133.753975156, 35.02083154 ], [ 133.753941505, 35.020865653 ], [ 133.753853752999987, 35.021011603 ], [ 133.753780602, 35.021142911 ], [ 133.753704008999989, 35.02126197 ], [ 133.753669523000013, 35.021355295 ], [ 133.753652668, 35.021397448 ], [ 133.75362184799999, 35.02153644 ], [ 133.75365017199999, 35.021653286 ], [ 133.75362726, 35.021684133 ], [ 133.753600758, 35.021732991 ], [ 133.75357019399999, 35.021844941 ], [ 133.753520492, 35.021987197 ], [ 133.753541625, 35.022065553 ], [ 133.753522163000014, 35.022150981 ], [ 133.753448427, 35.022422309 ], [ 133.753374804, 35.022739729 ], [ 133.753314404, 35.022920912 ], [ 133.753297865, 35.022981816 ], [ 133.753268893000012, 35.023133645 ], [ 133.753182493999986, 35.023431974 ], [ 133.75309357399999, 35.023643499 ], [ 133.752983736, 35.024085732 ], [ 133.752938070999988, 35.024292163 ], [ 133.753073247, 35.024269912 ], [ 133.75308433699999, 35.024269902 ], [ 133.753140965, 35.024259887 ], [ 133.753148979, 35.024225283 ], [ 133.753154631, 35.024216331 ], [ 133.753213343999988, 35.024193417 ], [ 133.753328589, 35.024153754 ], [ 133.753446415000013, 35.024122586 ], [ 133.75351200599999, 35.024098624 ], [ 133.753530777, 35.024084768 ], [ 133.753629276999987, 35.024060674 ], [ 133.753900036, 35.024025296 ], [ 133.75395550799999, 35.024028274 ], [ 133.75436552, 35.023989061 ], [ 133.754550558, 35.023991476 ], [ 133.754595668, 35.024034357 ], [ 133.754731711, 35.024018077 ], [ 133.754806387, 35.023984655 ], [ 133.75486159799999, 35.023965636 ], [ 133.754889227, 35.02395743 ], [ 133.755062675, 35.023948439 ], [ 133.755106536, 35.023947603 ], [ 133.755411952, 35.023926656 ], [ 133.75607373, 35.023912832 ], [ 133.756236898, 35.023903773 ], [ 133.756443295999986, 35.02388878 ], [ 133.756688824, 35.023866158 ], [ 133.756913526, 35.023842796 ], [ 133.757012151999987, 35.023211931 ], [ 133.756898056000011, 35.023164856 ], [ 133.75652907599999, 35.023021583 ], [ 133.755914233999988, 35.022780757 ], [ 133.755864452999987, 35.022763302 ], [ 133.755397910999989, 35.022578627 ], [ 133.75509240400001, 35.022446686 ], [ 133.754969139999986, 35.022396266 ], [ 133.754830844, 35.022337571 ], [ 133.754459137, 35.02219208 ], [ 133.754408321, 35.022089892 ], [ 133.75433138, 35.021961374 ], [ 133.754268278000012, 35.021876598 ], [ 133.754415451, 35.0217904 ], [ 133.754630445, 35.021660354 ], [ 133.754683430999989, 35.021622637 ], [ 133.754922332, 35.021715418 ], [ 133.755411986000013, 35.02192248 ], [ 133.755591016000011, 35.021999334 ], [ 133.755456658000014, 35.021853001 ], [ 133.755332767, 35.021700065 ], [ 133.755326231, 35.021689911 ], [ 133.755321143, 35.021677897 ], [ 133.755318791, 35.021657216 ], [ 133.75531794599999, 35.021629348 ], [ 133.75533398499999, 35.021603327 ], [ 133.75540915, 35.021542179 ], [ 133.755476023, 35.021486643 ], [ 133.755578571, 35.021405306 ], [ 133.75567280300001, 35.021334774 ], [ 133.755706936, 35.021311661 ], [ 133.75573812, 35.021291644 ], [ 133.755802754, 35.021252216 ], [ 133.755895829, 35.021177883 ], [ 133.75603073100001, 35.021064428 ], [ 133.75626108099999, 35.020869339 ] ] ] } },
{ "type": "Feature", "properties": { "A29_001": "33214", "A29_002": "岡山県", "A29_003": "真庭市", "A29_004": 8, "A29_005": "近隣商業地域", "A29_006": 80, "A29_007": 200, "A29_008": null }, "geometry": { "type": "Polygon", "coordinates": [ [ [ 133.757012151999987, 35.023211931 ], [ 133.756913526, 35.023842796 ], [ 133.757066079999987, 35.023826943 ], [ 133.757196993, 35.023823291 ], [ 133.757350538, 35.023817548 ], [ 133.757377975, 35.023814911 ], [ 133.75781065699999, 35.023853824 ], [ 133.75802694699999, 35.02387835 ], [ 133.758211671, 35.023908307 ], [ 133.75833752599999, 35.023932242 ], [ 133.75867896, 35.023983511 ], [ 133.759336292, 35.024103928 ], [ 133.759406718, 35.024120172 ], [ 133.75959023199999, 35.024133777 ], [ 133.759746151, 35.024166354 ], [ 133.75978253, 35.024171529 ], [ 133.759800211, 35.024174037 ], [ 133.759846202, 35.024164753 ], [ 133.759922109, 35.024097557 ], [ 133.760195794999987, 35.023639315 ], [ 133.760065559999987, 35.023585145 ], [ 133.75956124199999, 35.023372191 ], [ 133.759392537999986, 35.023315845 ], [ 133.7591057, 35.023198805 ], [ 133.759015662, 35.023354475 ], [ 133.758073819, 35.022983185 ], [ 133.757339304999988, 35.022697428 ], [ 133.757018904, 35.02254952 ], [ 133.75648950499999, 35.02236026 ], [ 133.755877758, 35.022122422 ], [ 133.755591016000011, 35.021999334 ], [ 133.755411986000013, 35.02192248 ], [ 133.754922332, 35.021715418 ], [ 133.754683430999989, 35.021622637 ], [ 133.754630445, 35.021660354 ], [ 133.754415451, 35.0217904 ], [ 133.754268278000012, 35.021876598 ], [ 133.75433138, 35.021961374 ], [ 133.754408321, 35.022089892 ], [ 133.754459137, 35.02219208 ], [ 133.754830844, 35.022337571 ], [ 133.754969139999986, 35.022396266 ], [ 133.75509240400001, 35.022446686 ], [ 133.755397910999989, 35.022578627 ], [ 133.755864452999987, 35.022763302 ], [ 133.755914233999988, 35.022780757 ], [ 133.75652907599999, 35.023021583 ], [ 133.756898056000011, 35.023164856 ], [ 133.757012151999987, 35.023211931 ] ] ] } },
{ "type": "Feature", "properties": { "A29_001": "33214", "A29_002": "岡山県", "A29_003": "真庭市", "A29_004": 10, "A29_005": "準工業地域", "A29_006": 60, "A29_007": 200, "A29_008": null }, "geometry": { "type": "Polygon", "coordinates": [ [ [ 133.75646469599999, 35.02073609 ], [ 133.75626108099999, 35.020869339 ], [ 133.75603073100001, 35.021064428 ], [ 133.755895829, 35.021177883 ], [ 133.755802754, 35.021252216 ], [ 133.75573812, 35.021291644 ], [ 133.755706936, 35.021311661 ], [ 133.75567280300001, 35.021334774 ], [ 133.755578571, 35.021405306 ], [ 133.755476023, 35.021486643 ], [ 133.75540915, 35.021542179 ], [ 133.75533398499999, 35.021603327 ], [ 133.75531794599999, 35.021629348 ], [ 133.755318791, 35.021657216 ], [ 133.755321143, 35.021677897 ], [ 133.755326231, 35.021689911 ], [ 133.755332767, 35.021700065 ], [ 133.755456658000014, 35.021853001 ], [ 133.755591016000011, 35.021999334 ], [ 133.755877758, 35.022122422 ], [ 133.75648950499999, 35.02236026 ], [ 133.757018904, 35.02254952 ], [ 133.757339304999988, 35.022697428 ], [ 133.758073819, 35.022983185 ], [ 133.759015662, 35.023354475 ], [ 133.7591057, 35.023198805 ], [ 133.759392537999986, 35.023315845 ], [ 133.75956124199999, 35.023372191 ], [ 133.760065559999987, 35.023585145 ], [ 133.760195794999987, 35.023639315 ], [ 133.759922109, 35.024097557 ], [ 133.759846202, 35.024164753 ], [ 133.759800211, 35.024174037 ], [ 133.75978253, 35.024171529 ], [ 133.75986989099999, 35.024209208 ], [ 133.75995521199999, 35.024262734 ], [ 133.75996008300001, 35.024258844 ], [ 133.759970423999988, 35.024184018 ], [ 133.760000671, 35.024205796 ], [ 133.760038162, 35.024227455 ], [ 133.760423669, 35.024298264 ], [ 133.76056076399999, 35.024322745 ], [ 133.760781724, 35.024369221 ], [ 133.76100002199999, 35.024398332 ], [ 133.76117654399999, 35.024423224 ], [ 133.76137968099999, 35.024457887 ], [ 133.761434423999987, 35.024465023 ], [ 133.7617846, 35.024528323 ], [ 133.76188373, 35.024550425 ], [ 133.762101564, 35.024597533 ], [ 133.76238106, 35.024627694 ], [ 133.762984619, 35.024702306 ], [ 133.763258377, 35.024731817 ], [ 133.763920802, 35.024832393 ], [ 133.76399834899999, 35.024763759 ], [ 133.764088101999988, 35.024693903 ], [ 133.764247540000014, 35.024619145 ], [ 133.76436435299999, 35.024564586 ], [ 133.764413047, 35.024540052 ], [ 133.764441089, 35.024516412 ], [ 133.76449645400001, 35.024451244 ], [ 133.76451987199999, 35.024408534 ], [ 133.76457707599999, 35.0242771 ], [ 133.76458457199999, 35.024239076 ], [ 133.76473287799999, 35.024315899 ], [ 133.764754126000014, 35.024296878 ], [ 133.764770461000012, 35.024178756 ], [ 133.764801022, 35.024109424 ], [ 133.76479258099999, 35.02401328 ], [ 133.764815142, 35.023888679 ], [ 133.764843885, 35.023800164 ], [ 133.7649032, 35.023718275 ], [ 133.764608138, 35.023557849 ], [ 133.764460547999988, 35.023626325 ], [ 133.764384295000013, 35.023609525 ], [ 133.764153893000014, 35.023673097 ], [ 133.76401380199999, 35.023616081 ], [ 133.763973897999989, 35.023581882 ], [ 133.763933533, 35.023577934 ], [ 133.76336540599999, 35.023513301 ], [ 133.763653763, 35.023317633 ], [ 133.764168625999986, 35.022976648 ], [ 133.76408453, 35.022994391 ], [ 133.764044055999989, 35.022999881 ], [ 133.76400521299999, 35.023000753 ], [ 133.763952108000012, 35.02300722 ], [ 133.763923487, 35.023014919 ], [ 133.763885311, 35.023027063 ], [ 133.76384983, 35.023042573 ], [ 133.763816566, 35.023065557 ], [ 133.763780134, 35.023087039 ], [ 133.763760144, 35.023100016 ], [ 133.763739156000014, 35.023111483 ], [ 133.76371867099999, 35.023121465 ], [ 133.76368047299999, 35.023136962 ], [ 133.763636881999986, 35.0231446 ], [ 133.763597491000013, 35.023140828 ], [ 133.763555827, 35.023134574 ], [ 133.763524088, 35.023127268 ], [ 133.763491061, 35.023119243 ], [ 133.763394389000013, 35.02313945 ], [ 133.763310724, 35.023167552 ], [ 133.76311531499999, 35.023230764 ], [ 133.76302138599999, 35.023244088 ], [ 133.76287743099999, 35.023238706 ], [ 133.762839047, 35.023239787 ], [ 133.762827202000011, 35.023244464 ], [ 133.76281883199999, 35.023248824 ], [ 133.76279470599999, 35.023286148 ], [ 133.762744782, 35.023475011 ], [ 133.762559259, 35.023537737 ], [ 133.762335589, 35.02350773 ], [ 133.76215103199999, 35.02348986 ], [ 133.761977307, 35.023461773 ], [ 133.761824184, 35.023436848 ], [ 133.761696113999989, 35.023419505 ], [ 133.76164135, 35.023405995 ], [ 133.76127955199999, 35.02333797 ], [ 133.761230324, 35.023324262 ], [ 133.761189132, 35.023300639 ], [ 133.761136166999989, 35.023271209 ], [ 133.761064471, 35.023232856 ], [ 133.760930906, 35.02317694 ], [ 133.760818601000011, 35.02312565 ], [ 133.760712367, 35.023090046 ], [ 133.76064464699999, 35.023063124 ], [ 133.760451737000011, 35.022938985 ], [ 133.760329678, 35.022845586 ], [ 133.75971453599999, 35.022390384 ], [ 133.75945579899999, 35.022158758 ], [ 133.759286659, 35.022008325 ], [ 133.75908116299999, 35.021823042 ], [ 133.75897352199999, 35.021717928 ], [ 133.758353244, 35.021111277 ], [ 133.758015320999988, 35.020827881 ], [ 133.75797464199999, 35.020804809 ], [ 133.757866562, 35.020686179 ], [ 133.75778377899999, 35.020607315 ], [ 133.757676562, 35.020515741 ], [ 133.75745708299999, 35.020381555 ], [ 133.757236944, 35.020249412 ], [ 133.757112393999989, 35.020198276 ], [ 133.757059727000012, 35.020195583 ], [ 133.75702767300001, 35.020216191 ], [ 133.75698478000001, 35.020287013 ], [ 133.75692559399999, 35.020382566 ], [ 133.756867403, 35.020445662 ], [ 133.756772821999988, 35.020531896 ], [ 133.756645491, 35.020626972 ], [ 133.75646469599999, 35.02073609 ] ] ] } },
{ "type": "Feature", "properties": { "A29_001": "33214", "A29_002": "岡山県", "A29_003": "真庭市", "A29_004": 11, "A29_005": "工業地域", "A29_006": 60, "A29_007": 200, "A29_008": null }, "geometry": { "type": "Polygon", "coordinates": [ [ [ 133.770521194999986, 35.028211393 ], [ 133.770795174999989, 35.02830984 ], [ 133.771002941, 35.027937871 ], [ 133.771028089, 35.027896665 ], [ 133.77102514500001, 35.027884915 ], [ 133.770880263, 35.027826478 ], [ 133.770826889, 35.027806182 ], [ 133.770784821, 35.027784902 ], [ 133.77074159, 35.027759001 ], [ 133.77068548299999, 35.027724991 ], [ 133.77050155500001, 35.027615332 ], [ 133.770224539999987, 35.027445331 ], [ 133.770126651, 35.027391565 ], [ 133.76982016, 35.027208535 ], [ 133.769431223, 35.026978146 ], [ 133.768788938, 35.026593836 ], [ 133.768605009, 35.026486608 ], [ 133.768596198000012, 35.026476967 ], [ 133.768595637, 35.02646456 ], [ 133.768895912, 35.026167305 ], [ 133.768925094999986, 35.026138675 ], [ 133.76887052699999, 35.026101011 ], [ 133.768323269, 35.025707864 ], [ 133.767670371, 35.025382111 ], [ 133.767005434, 35.025131191 ], [ 133.766588802, 35.025151521 ], [ 133.76638192499999, 35.025148418 ], [ 133.766268255999989, 35.025141432 ], [ 133.76609557099999, 35.025146142 ], [ 133.766113464, 35.025178273 ], [ 133.766122518, 35.025192296 ], [ 133.76615833299999, 35.025242711 ], [ 133.7662363, 35.025327235 ], [ 133.76643495499999, 35.025538842 ], [ 133.766449109, 35.025563184 ], [ 133.76645295899999, 35.025589705 ], [ 133.766446522, 35.025617278 ], [ 133.76641181, 35.025662702 ], [ 133.765972616, 35.026083576 ], [ 133.766511406, 35.026403496 ], [ 133.76656498299999, 35.026441715 ], [ 133.767747428, 35.027159976 ], [ 133.76787944899999, 35.027241091 ], [ 133.768536146, 35.027642953 ], [ 133.769122376000013, 35.028007533 ], [ 133.770087667000013, 35.028580573 ], [ 133.770110308999989, 35.028594967 ], [ 133.77018414, 35.028431885 ], [ 133.770204725000013, 35.02839942 ], [ 133.770215412, 35.028386326 ], [ 133.770274045, 35.028338073 ], [ 133.770410211000012, 35.028240554 ], [ 133.77044077, 35.02821898 ], [ 133.770460076, 35.02821147 ], [ 133.77047869399999, 35.028206995 ], [ 133.770501551, 35.028207444 ], [ 133.770521194999986, 35.028211393 ] ] ] } },
{ "type": "Feature", "properties": { "A29_001": "33214", "A29_002": "岡山県", "A29_003": "真庭市", "A29_004": 5, "A29_005": "第一種住居地域", "A29_006": 60, "A29_007": 200, "A29_008": null }, "geometry": { "type": "Polygon", "coordinates": [ [ [ 133.746583939, 35.028077099 ], [ 133.746485503, 35.027703394 ], [ 133.74643088, 35.027613426 ], [ 133.746405374, 35.027489849 ], [ 133.74640080899999, 35.027466155 ], [ 133.746392155, 35.027369171 ], [ 133.74639235, 35.027349448 ], [ 133.746402788000012, 35.027264428 ], [ 133.746418882, 35.027160848 ], [ 133.746423940999989, 35.027133838 ], [ 133.74647100199999, 35.026926298 ], [ 133.746473329999986, 35.026899618 ], [ 133.746497979, 35.026782701 ], [ 133.74650379799999, 35.026748934 ], [ 133.746502867, 35.026704407 ], [ 133.746499158, 35.026662119 ], [ 133.746478516, 35.026531246 ], [ 133.74646739799999, 35.026407765 ], [ 133.746464335000013, 35.026301243 ], [ 133.746482614, 35.02618472 ], [ 133.746510398999988, 35.026076707 ], [ 133.74651755299999, 35.026046326 ], [ 133.746589647, 35.025821402 ], [ 133.746609736000011, 35.025761273 ], [ 133.74660646000001, 35.025759697 ], [ 133.74656718, 35.025737287 ], [ 133.74649968599999, 35.025701903 ], [ 133.746467083, 35.025672944 ], [ 133.746445583, 35.025629976 ], [ 133.746436929, 35.025600294 ], [ 133.746380816999988, 35.025596291 ], [ 133.746064698999987, 35.025547976 ], [ 133.745559187, 35.025509921 ], [ 133.745382717000012, 35.025496635 ], [ 133.745117144, 35.025472406 ], [ 133.744969669999989, 35.025478975 ], [ 133.744748644, 35.025450138 ], [ 133.744702106, 35.02544362 ], [ 133.744645928000011, 35.025442681 ], [ 133.744571186, 35.025447817 ], [ 133.744447661, 35.025466148 ], [ 133.744410675000012, 35.02546477 ], [ 133.744321722, 35.025451213 ], [ 133.744249308, 35.02542819 ], [ 133.744034722, 35.025370961 ], [ 133.743833641, 35.025332988 ], [ 133.743543515, 35.025289904 ], [ 133.743399111, 35.02527203 ], [ 133.74339095, 35.025273072 ], [ 133.74317666799999, 35.025246879 ], [ 133.743120529, 35.025241991 ], [ 133.743073229, 35.025243933 ], [ 133.743015544, 35.02525594 ], [ 133.74285482799999, 35.02529374 ], [ 133.742796519, 35.02529955 ], [ 133.74277971399999, 35.025341422 ], [ 133.742830403999989, 35.025398505 ], [ 133.742858113000011, 35.025452538 ], [ 133.742889260999988, 35.025485593 ], [ 133.74291704, 35.025511653 ], [ 133.742944841, 35.025534713 ], [ 133.742993251, 35.025559828 ], [ 133.743105194, 35.025620608 ], [ 133.743157040999989, 35.025643342 ], [ 133.743196594000011, 35.025670344 ], [ 133.74321826100001, 35.025682186 ], [ 133.743256954, 35.025719072 ], [ 133.74331102, 35.025794381 ], [ 133.743406211, 35.025938716 ], [ 133.743555461, 35.026159486 ], [ 133.743607481999987, 35.026234208 ], [ 133.74376518599999, 35.02643306 ], [ 133.74382476299999, 35.026505592 ], [ 133.743851769, 35.026546342 ], [ 133.743873892000011, 35.026595516 ], [ 133.743867623999989, 35.026606186 ], [ 133.74384563000001, 35.026612236 ], [ 133.74381308, 35.026615548 ], [ 133.743803660999987, 35.026624012 ], [ 133.74379475, 35.026634877 ], [ 133.743792724, 35.026653058 ], [ 133.743795682000012, 35.026674446 ], [ 133.743796951, 35.026684034 ], [ 133.743833990000013, 35.02682009 ], [ 133.74392351899999, 35.027129048 ], [ 133.743942925, 35.027237821 ], [ 133.74394937299999, 35.027278436 ], [ 133.743936616000013, 35.027458683 ], [ 133.743931129, 35.027806328 ], [ 133.743931486, 35.02787558 ], [ 133.743949622, 35.027875767 ], [ 133.744007791, 35.027883486 ], [ 133.744079594999988, 35.027898619 ], [ 133.744345681999988, 35.027965338 ], [ 133.744368452, 35.027971795 ], [ 133.744446602000011, 35.027999119 ], [ 133.744469111, 35.028011434 ], [ 133.744533143000012, 35.028049849 ], [ 133.74458676899999, 35.028093577 ], [ 133.744614621000011, 35.028126471 ], [ 133.744637551000011, 35.028162658 ], [ 133.744632577, 35.028182358 ], [ 133.744624273, 35.028194154 ], [ 133.7445136, 35.028244341 ], [ 133.74448399900001, 35.028262804 ], [ 133.744432799, 35.028333004 ], [ 133.744390259, 35.028396747 ], [ 133.744377211999989, 35.02840056 ], [ 133.744368939, 35.028405009 ], [ 133.744338371999987, 35.028441982 ], [ 133.744233299, 35.028583784 ], [ 133.744160153, 35.02869145 ], [ 133.744088444, 35.028791236 ], [ 133.74405711599999, 35.028834966 ], [ 133.74395397, 35.028966204 ], [ 133.74385625799999, 35.029073155 ], [ 133.74358418, 35.029231408 ], [ 133.74362971, 35.029328283 ], [ 133.743641429, 35.029349074 ], [ 133.74367091799999, 35.029395137 ], [ 133.743798156999986, 35.029570132 ], [ 133.743879388000011, 35.029675294 ], [ 133.743902994, 35.029684432 ], [ 133.743922512000012, 35.0296845 ], [ 133.74397776, 35.029673437 ], [ 133.744003042, 35.029664302 ], [ 133.744096557, 35.029606233 ], [ 133.744158887999987, 35.029559579 ], [ 133.744201577000013, 35.029534744 ], [ 133.744360349, 35.029465067 ], [ 133.744472344, 35.02942335 ], [ 133.744493745, 35.029417486 ], [ 133.744538244000012, 35.029363299 ], [ 133.744688975, 35.029334382 ], [ 133.74482649399999, 35.029320112 ], [ 133.744960791000011, 35.029321061 ], [ 133.745102569000011, 35.029328833 ], [ 133.74513266, 35.029335253 ], [ 133.745203987999986, 35.029349743 ], [ 133.745341687, 35.029353241 ], [ 133.745424496999988, 35.029357401 ], [ 133.74548990299999, 35.029363244 ], [ 133.745539551, 35.029365855 ], [ 133.745578892, 35.029324894 ], [ 133.74563463199999, 35.029292478 ], [ 133.745708900000011, 35.029254507 ], [ 133.745813406, 35.029205416 ], [ 133.745862960000011, 35.029175222 ], [ 133.745902975, 35.029136527 ], [ 133.74596244899999, 35.029063194 ], [ 133.746038293999987, 35.028994591 ], [ 133.746146911000011, 35.028943824 ], [ 133.74624655299999, 35.028903722 ], [ 133.74626317799999, 35.028899052 ], [ 133.746302831, 35.028891032 ], [ 133.746325386, 35.02889847 ], [ 133.746379745000013, 35.028867569 ], [ 133.74640270099999, 35.028851184 ], [ 133.746419366999987, 35.028831586 ], [ 133.74642610699999, 35.028780902 ], [ 133.74644683599999, 35.028631461 ], [ 133.746447718000013, 35.028615455 ], [ 133.74659515, 35.028643022 ], [ 133.746599264, 35.028645404 ], [ 133.74661154, 35.028646788 ], [ 133.74664987, 35.02865204 ], [ 133.746645295, 35.028620458 ], [ 133.746644979, 35.028612605 ], [ 133.746615405, 35.028392606 ], [ 133.746592765, 35.028165547 ], [ 133.746583939, 35.028077099 ] ] ] } },
{ "type": "Feature", "properties": { "A29_001": "33214", "A29_002": "岡山県", "A29_003": "真庭市", "A29_004": 10, "A29_005": "準工業地域", "A29_006": 60, "A29_007": 200, "A29_008": null }, "geometry": { "type": "Polygon", "coordinates": [ [ [ 133.746592765, 35.028165547 ], [ 133.746813889, 35.028164885 ], [ 133.746825057, 35.028130954 ], [ 133.746968637, 35.028130098 ], [ 133.747149627, 35.028125113 ], [ 133.747226382, 35.028017877 ], [ 133.747238379, 35.028004494 ], [ 133.747369604, 35.02793815 ], [ 133.74745540699999, 35.027914351 ], [ 133.74754110399999, 35.027903758 ], [ 133.747632114, 35.02789979 ], [ 133.747714996000013, 35.027908997 ], [ 133.747759480000013, 35.027947298 ], [ 133.74782384299999, 35.028040855 ], [ 133.747918031000012, 35.028198153 ], [ 133.748161864999986, 35.028132585 ], [ 133.74826717, 35.028101777 ], [ 133.748351476000011, 35.028077402 ], [ 133.74840084600001, 35.028061964 ], [ 133.748648284000012, 35.027991815 ], [ 133.74863331099999, 35.027964573 ], [ 133.749026066999988, 35.027790718 ], [ 133.74918429600001, 35.027720887 ], [ 133.749301366, 35.027675269 ], [ 133.749314793, 35.0276718 ], [ 133.74936037399999, 35.027776227 ], [ 133.749380161, 35.027816996 ], [ 133.749399200999989, 35.027853308 ], [ 133.749440494999988, 35.027836244 ], [ 133.749479731, 35.027818953 ], [ 133.749601791, 35.027788188 ], [ 133.749624090999987, 35.027802295 ], [ 133.749831027, 35.027713055 ], [ 133.749858382000014, 35.027742042 ], [ 133.750368924000014, 35.027743783 ], [ 133.750375752, 35.027651065 ], [ 133.750501657, 35.027632884 ], [ 133.750639924000012, 35.027646989 ], [ 133.750648353, 35.027716306 ], [ 133.750855359000013, 35.027746714 ], [ 133.750809419, 35.027834809 ], [ 133.75071057400001, 35.028031852 ], [ 133.75063044800001, 35.028191583 ], [ 133.750619336, 35.028237792 ], [ 133.75057707, 35.028402655 ], [ 133.750536161000014, 35.028629525 ], [ 133.750528277, 35.028657892 ], [ 133.75082154, 35.028707465 ], [ 133.75079682399999, 35.028754303 ], [ 133.750746437, 35.028840393 ], [ 133.75070503, 35.028907344 ], [ 133.750583328, 35.029069616 ], [ 133.750551926000014, 35.029115079 ], [ 133.750585664999988, 35.029149631 ], [ 133.750605373000013, 35.029172271 ], [ 133.750597744, 35.029186324 ], [ 133.750469716999987, 35.029240752 ], [ 133.75011510600001, 35.029392809 ], [ 133.75013555000001, 35.029433743 ], [ 133.750304547000013, 35.03005626 ], [ 133.75032930099999, 35.03014318 ], [ 133.750352937, 35.030192901 ], [ 133.750394333, 35.030251153 ], [ 133.75045902, 35.030310653 ], [ 133.750606954, 35.030417907 ], [ 133.750617113, 35.030434867 ], [ 133.750628782, 35.030455422 ], [ 133.750630402000013, 35.030495806 ], [ 133.750632227000011, 35.030527374 ], [ 133.750641406999989, 35.030586599 ], [ 133.75066216499999, 35.030656029 ], [ 133.750699922, 35.030745274 ], [ 133.75090349300001, 35.031227041 ], [ 133.750972281, 35.031385189 ], [ 133.751007286, 35.031477801 ], [ 133.75101508099999, 35.031537586 ], [ 133.751011865, 35.031606334 ], [ 133.750997482, 35.031735136 ], [ 133.751050128, 35.031769644 ], [ 133.751077772, 35.031795216 ], [ 133.75109308, 35.031815644 ], [ 133.75110669899999, 35.03185641 ], [ 133.751118456, 35.031941681 ], [ 133.751133575000011, 35.031988818 ], [ 133.75117039, 35.032027153 ], [ 133.751228849, 35.032065592 ], [ 133.751309622, 35.032111828 ], [ 133.751630741000014, 35.032309082 ], [ 133.751714588999988, 35.032349743 ], [ 133.751750246, 35.032488188 ], [ 133.7519107, 35.033030423 ], [ 133.752046659, 35.033302241 ], [ 133.75206084300001, 35.033320392 ], [ 133.752206926000014, 35.033495162 ], [ 133.75230586399999, 35.033646232 ], [ 133.75226069199999, 35.033679703 ], [ 133.752118032, 35.033756752 ], [ 133.752130732000012, 35.033767937 ], [ 133.752481691000014, 35.034104724 ], [ 133.752475444999988, 35.034118387 ], [ 133.752473615000014, 35.034155518 ], [ 133.75244059799999, 35.034179681 ], [ 133.752384646, 35.034218689 ], [ 133.75238075499999, 35.034243542 ], [ 133.75240089499999, 35.034320009 ], [ 133.75242876199999, 35.0343499 ], [ 133.75258955699999, 35.034479514 ], [ 133.75285042199999, 35.03474935 ], [ 133.75280098799999, 35.034777915 ], [ 133.752715429, 35.034831476 ], [ 133.75260208099999, 35.034923071 ], [ 133.752527582999988, 35.034982507 ], [ 133.75247556, 35.035031514 ], [ 133.752463869, 35.035051245 ], [ 133.752458843, 35.035064463 ], [ 133.752438923, 35.035108755 ], [ 133.75240346699999, 35.035156732 ], [ 133.75223559299999, 35.035328772 ], [ 133.752090213, 35.035483126 ], [ 133.752054871000013, 35.035530445 ], [ 133.75211864100001, 35.035599396 ], [ 133.75230399, 35.03574741 ], [ 133.752504464999987, 35.035904564 ], [ 133.75256037, 35.035946659 ], [ 133.752767898, 35.036117144 ], [ 133.75277756700001, 35.036124528 ], [ 133.75281027299999, 35.036152305 ], [ 133.752885870999989, 35.036218049 ], [ 133.752927508, 35.036252179 ], [ 133.75305517699999, 35.036362838 ], [ 133.753100391, 35.036402674 ], [ 133.753142915000012, 35.036444695 ], [ 133.753198639, 35.036511002 ], [ 133.753331186, 35.036689925 ], [ 133.753362595, 35.036733841 ], [ 133.753511452, 35.036932908 ], [ 133.753537970999986, 35.036966054 ], [ 133.753604975, 35.037052346 ], [ 133.75368918800001, 35.037153873 ], [ 133.753728961, 35.037206897 ], [ 133.753767341000014, 35.037253794 ], [ 133.753797866000014, 35.03730187 ], [ 133.753853547, 35.037369763 ], [ 133.75391037899999, 35.037462325 ], [ 133.753955622, 35.037164386 ], [ 133.75402730799999, 35.03674265 ], [ 133.75402439699999, 35.036473318 ], [ 133.75406082500001, 35.036245461 ], [ 133.75405430699999, 35.036145648 ], [ 133.754066091, 35.036077113 ], [ 133.754075621, 35.036003203 ], [ 133.754112531, 35.035879448 ], [ 133.754131640999987, 35.035752758 ], [ 133.754131355999988, 35.035713859 ], [ 133.754147372, 35.035555019 ], [ 133.75419233299999, 35.035514181 ], [ 133.754212349, 35.035232501 ], [ 133.75421401700001, 35.035069048 ], [ 133.754202838999987, 35.034967969 ], [ 133.754169915, 35.034759919 ], [ 133.754137797, 35.034630227 ], [ 133.754084357000011, 35.034477987 ], [ 133.753988657, 35.03422305 ], [ 133.753893637, 35.033969802 ], [ 133.753765535000014, 35.033619553 ], [ 133.753727671, 35.033569693 ], [ 133.753563891, 35.033155107 ], [ 133.75345714, 35.03288408 ], [ 133.753440992, 35.032855229 ], [ 133.753393816999989, 35.032745783 ], [ 133.75326380300001, 35.032378208 ], [ 133.75325472599999, 35.032353879 ], [ 133.75308481499999, 35.031898635 ], [ 133.752989549, 35.031660827 ], [ 133.75292278500001, 35.031462197 ], [ 133.752689827000012, 35.030869342 ], [ 133.75244005799999, 35.030222733 ], [ 133.752202473000011, 35.029603316 ], [ 133.752164462, 35.029491011 ], [ 133.75215392199999, 35.029468947 ], [ 133.752027770000012, 35.029133137 ], [ 133.751932986000014, 35.028888416 ], [ 133.75175079600001, 35.028398901 ], [ 133.751662804, 35.028196536 ], [ 133.75154111099999, 35.02789704 ], [ 133.75143243299999, 35.027632357 ], [ 133.751356528, 35.027445888 ], [ 133.75118860500001, 35.026983655 ], [ 133.751139539, 35.026926998 ], [ 133.751064894, 35.026746764 ], [ 133.75103260899999, 35.026685039 ], [ 133.750880838, 35.026215753 ], [ 133.750840117, 35.026144542 ], [ 133.75079474899999, 35.02605627 ], [ 133.75072393, 35.025828277 ], [ 133.750643915000012, 35.025569536 ], [ 133.750582881000014, 35.025292442 ], [ 133.750363736999986, 35.025279148 ], [ 133.750260872000013, 35.025288038 ], [ 133.750203905, 35.025297806 ], [ 133.750159180999987, 35.025316666 ], [ 133.75011225099999, 35.025351291 ], [ 133.750054852, 35.025405003 ], [ 133.75000587400001, 35.025437923 ], [ 133.74996044299999, 35.025459033 ], [ 133.749910973, 35.025473354 ], [ 133.749864296999988, 35.025481504 ], [ 133.749789607, 35.025481001 ], [ 133.749726657999986, 35.025472134 ], [ 133.749668498, 35.025463291 ], [ 133.749617131, 35.025460691 ], [ 133.749575302000011, 35.025463798 ], [ 133.74951624, 35.025476927 ], [ 133.749402779, 35.025517866 ], [ 133.748145704, 35.02604228 ], [ 133.748081285000012, 35.026070582 ], [ 133.747840209, 35.026172933 ], [ 133.747762472, 35.026204541 ], [ 133.747671051, 35.026232667 ], [ 133.7475626, 35.02625166 ], [ 133.747452900000013, 35.026258261 ], [ 133.747324821, 35.026251197 ], [ 133.747237931, 35.026237094 ], [ 133.747181239000014, 35.026217565 ], [ 133.74710140900001, 35.026183212 ], [ 133.74704489199999, 35.026146773 ], [ 133.746959928, 35.026076329 ], [ 133.74685132499999, 35.025970794 ], [ 133.74673528400001, 35.025855622 ], [ 133.746676849000011, 35.025803957 ], [ 133.746634658, 35.025773247 ], [ 133.746609747, 35.025761282 ], [ 133.746589647, 35.025821402 ], [ 133.74651755299999, 35.026046326 ], [ 133.746510398999988, 35.026076707 ], [ 133.746482614, 35.02618472 ], [ 133.746464335000013, 35.026301243 ], [ 133.74646739799999, 35.026407765 ], [ 133.746478516, 35.026531246 ], [ 133.746499158, 35.026662119 ], [ 133.746502867, 35.026704407 ], [ 133.74650379799999, 35.026748934 ], [ 133.746497979, 35.026782701 ], [ 133.746473329999986, 35.026899618 ], [ 133.74647100199999, 35.026926298 ], [ 133.746423940999989, 35.027133838 ], [ 133.746418882, 35.027160848 ], [ 133.746402788000012, 35.027264428 ], [ 133.74639235, 35.027349448 ], [ 133.746392155, 35.027369171 ], [ 133.74640080899999, 35.027466155 ], [ 133.746405374, 35.027489849 ], [ 133.74643088, 35.027613426 ], [ 133.746485503, 35.027703394 ], [ 133.746583939, 35.028077099 ], [ 133.746592765, 35.028165547 ] ] ] } },
{ "type": "Feature", "properties": { "A29_001": "33214", "A29_002": "岡山県", "A29_003": "真庭市", "A29_004": 5, "A29_005": "第一種住居地域", "A29_006": 60, "A29_007": 200, "A29_008": null }, "geometry": { "type": "Polygon", "coordinates": [ [ [ 133.735446720999988, 35.012342094 ], [ 133.735323287, 35.012926819 ], [ 133.73531692099999, 35.012956977 ], [ 133.73530671, 35.013011032 ], [ 133.735381456, 35.013086573 ], [ 133.735460192, 35.013043006 ], [ 133.735535527, 35.013016549 ], [ 133.735622783, 35.012994785 ], [ 133.7356538, 35.012988961 ], [ 133.735725613999989, 35.012984168 ], [ 133.735745869, 35.012986305 ], [ 133.73577002, 35.012995123 ], [ 133.735812296, 35.013024619 ], [ 133.735977923, 35.013048493 ], [ 133.736122443999989, 35.013086354 ], [ 133.736205992, 35.013096681 ], [ 133.73628955800001, 35.013098552 ], [ 133.73641226, 35.013067623 ], [ 133.736539134, 35.01301736 ], [ 133.736970568, 35.012826623 ], [ 133.737051482999988, 35.012795235 ], [ 133.737116872, 35.012780349 ], [ 133.737305126, 35.012713439 ], [ 133.73735399200001, 35.012692585 ], [ 133.737609439000011, 35.012564426 ], [ 133.737691904, 35.012539788 ], [ 133.737782919000011, 35.012534204 ], [ 133.737938242000013, 35.012561694 ], [ 133.738033672, 35.012572971 ], [ 133.738200769, 35.01256931 ], [ 133.73825762199999, 35.012568084 ], [ 133.738297824, 35.012555768 ], [ 133.73837495, 35.012539073 ], [ 133.73843578200001, 35.012521072 ], [ 133.73862639699999, 35.012462266 ], [ 133.738951140000012, 35.012331623 ], [ 133.739146889000011, 35.012240038 ], [ 133.739402178, 35.012090717 ], [ 133.73957602199999, 35.01195095 ], [ 133.739722515000011, 35.012026604 ], [ 133.73979409, 35.012053187 ], [ 133.739818528, 35.012070875 ], [ 133.739894912000011, 35.012147656 ], [ 133.73992124, 35.012214637 ], [ 133.739962327, 35.012246632 ], [ 133.74001017099999, 35.01226842 ], [ 133.740124834, 35.012304912 ], [ 133.740175611000012, 35.012324316 ], [ 133.74023644499999, 35.012360537 ], [ 133.74032023, 35.012441185 ], [ 133.740367827, 35.012498894 ], [ 133.740389434, 35.012527747 ], [ 133.740388169999989, 35.012710502 ], [ 133.74044451899999, 35.012839856 ], [ 133.740606565, 35.012805834 ], [ 133.740614351, 35.012753335 ], [ 133.74062975199999, 35.012677949 ], [ 133.74067628899999, 35.012580305 ], [ 133.740745272, 35.012480292 ], [ 133.740799339, 35.012403509 ], [ 133.74088575, 35.012237288 ], [ 133.740970946, 35.012066157 ], [ 133.741035839, 35.011932968 ], [ 133.741126393, 35.011738921 ], [ 133.74115171299999, 35.011684425 ], [ 133.74116542199999, 35.011564066 ], [ 133.74114299499999, 35.011448318 ], [ 133.741107547000013, 35.011384872 ], [ 133.741017930999988, 35.011272465 ], [ 133.740825081999986, 35.011093171 ], [ 133.740794808, 35.011052313 ], [ 133.740616302, 35.010889766 ], [ 133.74048156, 35.010808797 ], [ 133.740463113, 35.010805254 ], [ 133.740415066, 35.010811573 ], [ 133.740367636, 35.010823547 ], [ 133.74028698399999, 35.010860005 ], [ 133.740184295, 35.01091204 ], [ 133.739794644, 35.011087812 ], [ 133.739669832, 35.011139883 ], [ 133.739579329, 35.011165789 ], [ 133.739446128, 35.011196157 ], [ 133.73929379099999, 35.011218245 ], [ 133.739143606999988, 35.011238 ], [ 133.73899090899999, 35.011259834 ], [ 133.73885565, 35.011283953 ], [ 133.73867716699999, 35.011324491 ], [ 133.73855390599999, 35.011337833 ], [ 133.738352615, 35.011367198 ], [ 133.738246280999988, 35.01140946 ], [ 133.738229445, 35.011402734 ], [ 133.738168941999987, 35.011378548 ], [ 133.738110936, 35.0113439 ], [ 133.7377519, 35.011033391 ], [ 133.737680823, 35.010968579 ], [ 133.737572472000011, 35.010862784 ], [ 133.737026869, 35.0103488 ], [ 133.736229363, 35.009584069 ], [ 133.735936173999988, 35.009259193 ], [ 133.735732289999987, 35.009002365 ], [ 133.73568478199999, 35.008931692 ], [ 133.73564559499999, 35.008845283 ], [ 133.735611189999986, 35.008762829 ], [ 133.735594389, 35.008709209 ], [ 133.73555144299999, 35.008458772 ], [ 133.735475713999989, 35.008100241 ], [ 133.73501100199999, 35.008026601 ], [ 133.73495177699999, 35.008381095 ], [ 133.73491316799999, 35.00853289 ], [ 133.734891971, 35.008667761 ], [ 133.734889708, 35.008715247 ], [ 133.73489693799999, 35.00877861 ], [ 133.734923044, 35.00887981 ], [ 133.734953278, 35.008952787 ], [ 133.735010038000013, 35.009072339 ], [ 133.735072596, 35.009196138 ], [ 133.735109496, 35.009276143 ], [ 133.735167381999986, 35.009382503 ], [ 133.735235842, 35.009488914 ], [ 133.735257829, 35.009538963 ], [ 133.735292915, 35.009628732 ], [ 133.735322935, 35.009734224 ], [ 133.735353108, 35.009829323 ], [ 133.73538026, 35.009892306 ], [ 133.735405928, 35.009937902 ], [ 133.735463865000014, 35.010011746 ], [ 133.73556710299999, 35.010140523 ], [ 133.735522636000013, 35.010198492 ], [ 133.735504541000012, 35.010242935 ], [ 133.735489667, 35.01032064 ], [ 133.735485277, 35.010960038 ], [ 133.73549736699999, 35.011496932 ], [ 133.73550512, 35.012098322 ], [ 133.735497380999988, 35.012130412 ], [ 133.735446720999988, 35.012342094 ] ] ] } },
{ "type": "Feature", "properties": { "A29_001": "33214", "A29_002": "岡山県", "A29_003": "真庭市", "A29_004": 11, "A29_005": "工業地域", "A29_006": 60, "A29_007": 200, "A29_008": null }, "geometry": { "type": "Polygon", "coordinates": [ [ [ 133.777449682, 35.075715513 ], [ 133.777539601, 35.075715015 ], [ 133.777619652, 35.07571448 ], [ 133.777609266000013, 35.075709925 ], [ 133.777597805, 35.07570221 ], [ 133.77758748299999, 35.075688191 ], [ 133.777581524999988, 35.075677346 ], [ 133.77757829699999, 35.075668317 ], [ 133.777575081, 35.075657485 ], [ 133.77757349399999, 35.075648914 ], [ 133.777572434, 35.0756435 ], [ 133.77757086599999, 35.075632225 ], [ 133.777568859000013, 35.075604721 ], [ 133.777567309, 35.075590742 ], [ 133.77756477, 35.075560983 ], [ 133.777564286, 35.075551515 ], [ 133.777563872, 35.075531681 ], [ 133.777563402999988, 35.07551996 ], [ 133.77756298, 35.075501479 ], [ 133.777562542, 35.075485251 ], [ 133.777562112999988, 35.07546767 ], [ 133.777561154000011, 35.075447384 ], [ 133.777558779, 35.075393286 ], [ 133.777556909999987, 35.0753455 ], [ 133.777555516, 35.075308535 ], [ 133.77755362, 35.075264806 ], [ 133.777552207000014, 35.075230544 ], [ 133.777551812000013, 35.075208006 ], [ 133.777552429999986, 35.075197642 ], [ 133.777553243999989, 35.075158433 ], [ 133.777553391, 35.075136799 ], [ 133.77755278, 35.075065122 ], [ 133.777552284, 35.074974975 ], [ 133.777551913, 35.074948831 ], [ 133.77755185699999, 35.074876265 ], [ 133.777550878999989, 35.074778002 ], [ 133.77755013699999, 35.074725715 ], [ 133.7775493, 35.0746874 ], [ 133.777548048999989, 35.07462925 ], [ 133.777547301, 35.074577864 ], [ 133.777545901, 35.0745418 ], [ 133.777545092, 35.074499428 ], [ 133.777545174000011, 35.074487259 ], [ 133.777544325, 35.074450747 ], [ 133.777543051, 35.074396194 ], [ 133.777541672000012, 35.074356975 ], [ 133.777541781999986, 35.074340749 ], [ 133.777541377, 35.074319563 ], [ 133.777540878, 35.07431235 ], [ 133.777539377000011, 35.074291159 ], [ 133.777537967, 35.074256446 ], [ 133.77753383699999, 35.074137887 ], [ 133.777530382, 35.073919721 ], [ 133.777529542, 35.073881856 ], [ 133.777527133, 35.073752028 ], [ 133.777520853999988, 35.073463535 ], [ 133.77751239, 35.073458548 ], [ 133.77751437, 35.073397754 ], [ 133.777310201, 35.073358966 ], [ 133.77704849700001, 35.073326865 ], [ 133.776309269, 35.073263769 ], [ 133.775935893, 35.073246864 ], [ 133.775256324999987, 35.073229154 ], [ 133.775243934, 35.073222813 ], [ 133.775197838, 35.073224269 ], [ 133.77501336200001, 35.073237239 ], [ 133.774773289, 35.073254109 ], [ 133.774380044, 35.073295188 ], [ 133.774080967, 35.07332179 ], [ 133.77399298200001, 35.07333176 ], [ 133.773855959, 35.073341882 ], [ 133.773679144999988, 35.073355165 ], [ 133.773410652, 35.073373379 ], [ 133.77328459899999, 35.073381252 ], [ 133.773127713, 35.073385747 ], [ 133.77281120399999, 35.073394174 ], [ 133.77266499800001, 35.07339723 ], [ 133.772666921, 35.073500806 ], [ 133.772891840999989, 35.07364112 ], [ 133.772964449, 35.073686527 ], [ 133.772911263, 35.07392787 ], [ 133.77287791099999, 35.074076454 ], [ 133.77283953, 35.074237195 ], [ 133.77283163300001, 35.07426961 ], [ 133.772824259, 35.074305634 ], [ 133.772823668, 35.074311941 ], [ 133.772816904, 35.074338954 ], [ 133.77281629699999, 35.074347515 ], [ 133.77276847600001, 35.074606009 ], [ 133.772707477000012, 35.074867156 ], [ 133.772701129000012, 35.074913551 ], [ 133.772695422, 35.074946428 ], [ 133.772693049999987, 35.074972559 ], [ 133.772656831, 35.075137807 ], [ 133.772595908999989, 35.075387686 ], [ 133.772653931, 35.075401467 ], [ 133.772755815000011, 35.075415009 ], [ 133.77302859, 35.075453229 ], [ 133.773037904, 35.075454173 ], [ 133.773044477000013, 35.075455105 ], [ 133.773266318, 35.075485418 ], [ 133.773273439, 35.075486352 ], [ 133.773278370000014, 35.075486825 ], [ 133.773282201, 35.075487745 ], [ 133.773355595999988, 35.07549845 ], [ 133.773513957, 35.075511342 ], [ 133.773518888000012, 35.075511815 ], [ 133.77358299, 35.075518421 ], [ 133.773636124, 35.075525427 ], [ 133.773683233000014, 35.075531504 ], [ 133.77375390200001, 35.075539943 ], [ 133.773759926999986, 35.075540873 ], [ 133.77389689099999, 35.075555919 ], [ 133.773902915, 35.075556848 ], [ 133.77398345200001, 35.075565332 ], [ 133.77400537, 35.075567236 ], [ 133.774207545, 35.075587099 ], [ 133.774211928, 35.07558757 ], [ 133.774330276, 35.075598924 ], [ 133.774356039, 35.075601296 ], [ 133.774449186, 35.075609838 ], [ 133.774526447, 35.075616505 ], [ 133.77460973699999, 35.075623198 ], [ 133.774649275, 35.075630141 ], [ 133.774691452000013, 35.075637547 ], [ 133.774745587000012, 35.075640943 ], [ 133.774829977, 35.075647191 ], [ 133.774902864000012, 35.075652034 ], [ 133.774928628, 35.075652603 ], [ 133.77499000200001, 35.075657393 ], [ 133.77510454, 35.075664681 ], [ 133.775139061, 35.075667535 ], [ 133.77514564, 35.075667565 ], [ 133.77517577899999, 35.075669958 ], [ 133.775262929, 35.075673514 ], [ 133.775289227, 35.075676339 ], [ 133.77538076, 35.075680366 ], [ 133.775386567, 35.075681033 ], [ 133.775396077000011, 35.075682131 ], [ 133.775409247, 35.075683652 ], [ 133.775530922, 35.075689612 ], [ 133.775538590999986, 35.075690548 ], [ 133.775584635, 35.075692112 ], [ 133.775665758, 35.07569519 ], [ 133.775732081, 35.075697748 ], [ 133.77577483499999, 35.075699297 ], [ 133.77580773, 35.075699448 ], [ 133.775847195000011, 35.075700982 ], [ 133.775919, 35.075703566 ], [ 133.776018760999989, 35.07570717 ], [ 133.776121259, 35.075711247 ], [ 133.776246781, 35.07571588 ], [ 133.77635640599999, 35.07571998 ], [ 133.77637120599999, 35.075720499 ], [ 133.776394778, 35.075721058 ], [ 133.7764348, 35.075721242 ], [ 133.776478663, 35.075720992 ], [ 133.776571872, 35.075720519 ], [ 133.77661847600001, 35.075720282 ], [ 133.776782406, 35.075720575 ], [ 133.776820235, 35.075720748 ], [ 133.776900283, 35.075720665 ], [ 133.77701488, 35.075719388 ], [ 133.777083965, 35.075718803 ], [ 133.77723146299999, 35.075716766 ], [ 133.77737127899999, 35.075715604 ], [ 133.777400336999989, 35.075715738 ], [ 133.777449682, 35.075715513 ] ] ] } },
{ "type": "Feature", "properties": { "A29_001": "33214", "A29_002": "岡山県", "A29_003": "真庭市", "A29_004": 10, "A29_005": "準工業地域", "A29_006": 60, "A29_007": 200, "A29_008": null }, "geometry": { "type": "Polygon", "coordinates": [ [ [ 133.780347127999988, 35.076551727 ], [ 133.780370158000011, 35.076551381 ], [ 133.780216276, 35.076356985 ], [ 133.780097471, 35.076164453 ], [ 133.77999683199999, 35.07601969 ], [ 133.779897678999987, 35.075874069 ], [ 133.779852690000013, 35.075810482 ], [ 133.77985, 35.075802817 ], [ 133.77984745099999, 35.07578904 ], [ 133.77981416599999, 35.075706956 ], [ 133.779797675999987, 35.075677421 ], [ 133.779691767, 35.075675054 ], [ 133.779404078999988, 35.075678428 ], [ 133.779179319, 35.075678906 ], [ 133.779004386, 35.075681009 ], [ 133.778793452, 35.075683191 ], [ 133.778545492, 35.075686573 ], [ 133.77852988699999, 35.07568679 ], [ 133.77824695000001, 35.075694537 ], [ 133.778169115, 35.07569986 ], [ 133.77814389, 35.075700646 ], [ 133.778038589, 35.075705573 ], [ 133.777967843, 35.075708404 ], [ 133.777914648, 35.075710414 ], [ 133.777893807999988, 35.075711229 ], [ 133.77780223799999, 35.075712612 ], [ 133.77773205599999, 35.075713192 ], [ 133.777630617, 35.07571453 ], [ 133.777619652, 35.07571448 ], [ 133.777539601, 35.075715015 ], [ 133.777449682, 35.075715513 ], [ 133.777400336999989, 35.075715738 ], [ 133.77737127899999, 35.075715604 ], [ 133.77723146299999, 35.075716766 ], [ 133.777083965, 35.075718803 ], [ 133.77701488, 35.075719388 ], [ 133.776900283, 35.075720665 ], [ 133.776820235, 35.075720748 ], [ 133.776782406, 35.075720575 ], [ 133.77661847600001, 35.075720282 ], [ 133.776571872, 35.075720519 ], [ 133.776478663, 35.075720992 ], [ 133.7764348, 35.075721242 ], [ 133.776394778, 35.075721058 ], [ 133.77637120599999, 35.075720499 ], [ 133.77635640599999, 35.07571998 ], [ 133.776246781, 35.07571588 ], [ 133.776121259, 35.075711247 ], [ 133.776018760999989, 35.07570717 ], [ 133.775919, 35.075703566 ], [ 133.775847195000011, 35.075700982 ], [ 133.77580773, 35.075699448 ], [ 133.77577483499999, 35.075699297 ], [ 133.775732081, 35.075697748 ], [ 133.775665758, 35.07569519 ], [ 133.775584635, 35.075692112 ], [ 133.775538590999986, 35.075690548 ], [ 133.775530922, 35.075689612 ], [ 133.775409247, 35.075683652 ], [ 133.775396077000011, 35.075682131 ], [ 133.775386567, 35.075681033 ], [ 133.77538076, 35.075680366 ], [ 133.775289227, 35.075676339 ], [ 133.775262929, 35.075673514 ], [ 133.77517577899999, 35.075669958 ], [ 133.77514564, 35.075667565 ], [ 133.775139061, 35.075667535 ], [ 133.77510454, 35.075664681 ], [ 133.775102460999989, 35.075808903 ], [ 133.775110092, 35.075895928 ], [ 133.77511413799999, 35.075945977 ], [ 133.775122807, 35.07604157 ], [ 133.775128953, 35.076105151 ], [ 133.775133528999987, 35.076157906 ], [ 133.77513350699999, 35.076161061 ], [ 133.775134455999989, 35.0761827 ], [ 133.775182709, 35.076182021 ], [ 133.775197490000011, 35.076185244 ], [ 133.77520292299999, 35.076192481 ], [ 133.775217723, 35.076193 ], [ 133.77524018299999, 35.076195807 ], [ 133.775265936000011, 35.076198179 ], [ 133.775297165000012, 35.076201478 ], [ 133.775336097, 35.076200756 ], [ 133.775380504999987, 35.07620096 ], [ 133.775423272000012, 35.076200697 ], [ 133.775467157, 35.076197293 ], [ 133.775513783, 35.076193902 ], [ 133.775549434999988, 35.076191812 ], [ 133.775571377, 35.07619011 ], [ 133.77559277200001, 35.076188406 ], [ 133.775658017000012, 35.076188255 ], [ 133.775681592000012, 35.076188363 ], [ 133.775702974000012, 35.076188462 ], [ 133.775722159, 35.076189001 ], [ 133.775771490000011, 35.07619103 ], [ 133.775817534, 35.076192585 ], [ 133.77586631599999, 35.076194612 ], [ 133.77588934900001, 35.076193817 ], [ 133.775953507, 35.076192309 ], [ 133.77598147099999, 35.076191987 ], [ 133.776041791000011, 35.076190461 ], [ 133.776131717, 35.076189071 ], [ 133.77634008699999, 35.076185061 ], [ 133.776387242999988, 35.076184377 ], [ 133.776414655999986, 35.076184502 ], [ 133.776468939000011, 35.07618385 ], [ 133.776530925, 35.076179177 ], [ 133.776618695, 35.076172359 ], [ 133.776687267, 35.076166815 ], [ 133.776783168, 35.076173565 ], [ 133.776844033, 35.076172492 ], [ 133.77686651799999, 35.076171694 ], [ 133.776879134000012, 35.07617085 ], [ 133.776916997, 35.076166066 ], [ 133.777027874999987, 35.076163465 ], [ 133.777097951, 35.07616238 ], [ 133.77713852799999, 35.076161664 ], [ 133.777157175000013, 35.076160848 ], [ 133.77724383, 35.076156739 ], [ 133.777311243000014, 35.076160203 ], [ 133.777365581, 35.076164427 ], [ 133.777361453, 35.076173224 ], [ 133.777361106, 35.076268001 ], [ 133.777361092, 35.076273329 ], [ 133.77736105599999, 35.076281901 ], [ 133.777572821, 35.076310853 ], [ 133.777576997000011, 35.076367717 ], [ 133.777586762999988, 35.076499382 ], [ 133.777591056, 35.076585941 ], [ 133.777597579, 35.076679866 ], [ 133.777599371, 35.076685715 ], [ 133.777593709, 35.076792961 ], [ 133.77759410499999, 35.0768155 ], [ 133.77760489100001, 35.076922821 ], [ 133.77760768499999, 35.076995851 ], [ 133.77761125699999, 35.077035081 ], [ 133.777619362, 35.077052696 ], [ 133.777624287, 35.077054071 ], [ 133.777653140000012, 35.077084401 ], [ 133.777678296, 35.077093982 ], [ 133.7776804, 35.077107063 ], [ 133.777760390999987, 35.077115542 ], [ 133.77781249099999, 35.077113527 ], [ 133.777849228, 35.077113245 ], [ 133.777915019, 35.077113546 ], [ 133.777920497999986, 35.077114022 ], [ 133.777958331, 35.077113744 ], [ 133.7779682, 35.077113789 ], [ 133.778006, 35.077118461 ], [ 133.778102929, 35.077135581 ], [ 133.77819885299999, 35.077139176 ], [ 133.778281095000011, 35.077139101 ], [ 133.778340858, 35.077138924 ], [ 133.778488377, 35.077134181 ], [ 133.77849096599999, 35.077156729 ], [ 133.77849810399999, 35.077236089 ], [ 133.778498622, 35.077240599 ], [ 133.77850526099999, 35.077312754 ], [ 133.778516717, 35.07732137 ], [ 133.77856935299999, 35.077321151 ], [ 133.778570398, 35.077328819 ], [ 133.778760172, 35.077318418 ], [ 133.77876512200001, 35.077316187 ], [ 133.77876897499999, 35.077313951 ], [ 133.778796985000014, 35.077306868 ], [ 133.779099695000014, 35.077297876 ], [ 133.779387590999988, 35.077290619 ], [ 133.77978391799999, 35.077295682 ], [ 133.779780541, 35.07723381 ], [ 133.779782211, 35.077230212 ], [ 133.77977847, 35.077215771 ], [ 133.77977303599999, 35.077127405 ], [ 133.779768138, 35.077040843 ], [ 133.779766182, 35.077005678 ], [ 133.77976331, 35.076943916 ], [ 133.779752889, 35.076782058 ], [ 133.779746010999986, 35.076663928 ], [ 133.779740487999987, 35.076507502 ], [ 133.779756485, 35.076493152 ], [ 133.779876983, 35.07651128 ], [ 133.779935585, 35.076520562 ], [ 133.779962417, 35.076525642 ], [ 133.779999655000012, 35.076532122 ], [ 133.780155229, 35.076552204 ], [ 133.78016235699999, 35.076552236 ], [ 133.78022483399999, 35.076556127 ], [ 133.780258819000011, 35.076557184 ], [ 133.780274719, 35.076557256 ], [ 133.780324631000013, 35.076554329 ], [ 133.780347127999988, 35.076551727 ] ] ] } },
{ "type": "Feature", "properties": { "A29_001": "33214", "A29_002": "岡山県", "A29_003": "真庭市", "A29_004": 5, "A29_005": "第一種住居地域", "A29_006": 60, "A29_007": 200, "A29_008": null }, "geometry": { "type": "Polygon", "coordinates": [ [ [ 133.77978391799999, 35.077295682 ], [ 133.779387590999988, 35.077290619 ], [ 133.779099695000014, 35.077297876 ], [ 133.778796985000014, 35.077306868 ], [ 133.77876897499999, 35.077313951 ], [ 133.77876512200001, 35.077316187 ], [ 133.778760172, 35.077318418 ], [ 133.778570398, 35.077328819 ], [ 133.77857184699999, 35.077357672 ], [ 133.778571817, 35.077362179 ], [ 133.778577367999986, 35.077514107 ], [ 133.778590013000013, 35.077834629 ], [ 133.77859053, 35.077839139 ], [ 133.778599918, 35.078072215 ], [ 133.778600426999986, 35.078078077 ], [ 133.778595465, 35.078082111 ], [ 133.778596864, 35.078103896 ], [ 133.77879819099999, 35.078094468 ], [ 133.778798771, 35.078097905 ], [ 133.778799268, 35.07810557 ], [ 133.778800477, 35.078118151 ], [ 133.778813613000011, 35.078254374 ], [ 133.778789697, 35.078283553 ], [ 133.778797072, 35.078430081 ], [ 133.778798762, 35.078504467 ], [ 133.77880129499999, 35.078616258 ], [ 133.778805973, 35.07865414 ], [ 133.778819615, 35.079070672 ], [ 133.77881974499999, 35.079132421 ], [ 133.778882872999986, 35.079121442 ], [ 133.778910849999988, 35.079119316 ], [ 133.779091462, 35.07911851 ], [ 133.779232372, 35.079118703 ], [ 133.779510689, 35.079117991 ], [ 133.779645609999989, 35.079111838 ], [ 133.779747622, 35.079107345 ], [ 133.77976352499999, 35.079106967 ], [ 133.77978435899999, 35.079107062 ], [ 133.779810652, 35.079110788 ], [ 133.779810145999988, 35.079104476 ], [ 133.779823295999989, 35.079105888 ], [ 133.77988602100001, 35.079073271 ], [ 133.779907952, 35.079073371 ], [ 133.779977589, 35.079072788 ], [ 133.779985807, 35.079073727 ], [ 133.780138303, 35.079063145 ], [ 133.78026666, 35.079054716 ], [ 133.78038022199999, 35.079044867 ], [ 133.780398343, 35.079040893 ], [ 133.780403853, 35.079036862 ], [ 133.780595395, 35.07900888 ], [ 133.780684936, 35.078983597 ], [ 133.780862957000011, 35.078928058 ], [ 133.780932181999987, 35.07890719 ], [ 133.781018472999989, 35.078876032 ], [ 133.781068514999987, 35.078854175 ], [ 133.781117292, 35.078834403 ], [ 133.78111093199999, 35.07882462 ], [ 133.781104959, 35.078816029 ], [ 133.781010157999987, 35.078726805 ], [ 133.780923785, 35.07860742 ], [ 133.780899358999989, 35.0785708 ], [ 133.780897726, 35.07856899 ], [ 133.78087638, 35.078563484 ], [ 133.780855323, 35.078515161 ], [ 133.780815346, 35.078426637 ], [ 133.78078670799999, 35.078362503 ], [ 133.780771052, 35.078326374 ], [ 133.78075432899999, 35.078285733 ], [ 133.780749931, 35.078287516 ], [ 133.780715337, 35.07821389 ], [ 133.78070406, 35.078178682 ], [ 133.780699771, 35.07816424 ], [ 133.780681945999987, 35.078124495 ], [ 133.780636082, 35.07801476 ], [ 133.780646057000013, 35.07799903 ], [ 133.780680625, 35.077995122 ], [ 133.780714143000012, 35.077984457 ], [ 133.780957693, 35.077886408 ], [ 133.781047894000011, 35.077844441 ], [ 133.781117748000014, 35.077811406 ], [ 133.781133106, 35.077810574 ], [ 133.781191385999989, 35.077786501 ], [ 133.781233214999986, 35.077762803 ], [ 133.781159325, 35.077662406 ], [ 133.781032167, 35.077493256 ], [ 133.780882211, 35.077290198 ], [ 133.78079638, 35.077170365 ], [ 133.780680679, 35.077009831 ], [ 133.780664922, 35.076988575 ], [ 133.78062852299999, 35.076938829 ], [ 133.780613315000011, 35.076917576 ], [ 133.780565585, 35.076840735 ], [ 133.78052654199999, 35.076776555 ], [ 133.780489671, 35.076715539 ], [ 133.78045333599999, 35.076656328 ], [ 133.78043761, 35.076630565 ], [ 133.780370158000011, 35.076551381 ], [ 133.780347127999988, 35.076551727 ], [ 133.780324631000013, 35.076554329 ], [ 133.780274719, 35.076557256 ], [ 133.780258819000011, 35.076557184 ], [ 133.78022483399999, 35.076556127 ], [ 133.78016235699999, 35.076552236 ], [ 133.780155229, 35.076552204 ], [ 133.779999655000012, 35.076532122 ], [ 133.779962417, 35.076525642 ], [ 133.779935585, 35.076520562 ], [ 133.779876983, 35.07651128 ], [ 133.779756485, 35.076493152 ], [ 133.779740487999987, 35.076507502 ], [ 133.779746010999986, 35.076663928 ], [ 133.779752889, 35.076782058 ], [ 133.77976331, 35.076943916 ], [ 133.779766182, 35.077005678 ], [ 133.779768138, 35.077040843 ], [ 133.77977303599999, 35.077127405 ], [ 133.77977847, 35.077215771 ], [ 133.779782211, 35.077230212 ], [ 133.779780541, 35.07723381 ], [ 133.77978391799999, 35.077295682 ] ] ] } },
{ "type": "Feature", "properties": { "A29_001": "33214", "A29_002": "岡山県", "A29_003": "真庭市", "A29_004": 3, "A29_005": "第一種中高層住居専用地域", "A29_006": 60, "A29_007": 200, "A29_008": null }, "geometry": { "type": "Polygon", "coordinates": [ [ [ 133.682477987, 35.086961137 ], [ 133.682525661, 35.086952766 ], [ 133.68256897399999, 35.086943722 ], [ 133.68262623199999, 35.086936881 ], [ 133.682673005, 35.086934139 ], [ 133.682720058, 35.086933454 ], [ 133.682744848, 35.086934128 ], [ 133.682785392999989, 35.086936807 ], [ 133.682923745000011, 35.08695126 ], [ 133.682963801999989, 35.086953224 ], [ 133.683121316000012, 35.086918957 ], [ 133.68312627099999, 35.086909528 ], [ 133.68313181100001, 35.086892754 ], [ 133.683134693, 35.086880609 ], [ 133.683138568, 35.086856634 ], [ 133.68315174899999, 35.086751669 ], [ 133.683287809, 35.086623781 ], [ 133.683286379, 35.086614605 ], [ 133.683278209, 35.086602176 ], [ 133.68325401199999, 35.0865764 ], [ 133.683218678, 35.086527929 ], [ 133.68321641, 35.086515252 ], [ 133.683188322, 35.086489329 ], [ 133.683176667, 35.086461349 ], [ 133.683174086, 35.086416155 ], [ 133.683178180999988, 35.08637691 ], [ 133.683193251, 35.08634499 ], [ 133.683201047000011, 35.086328526 ], [ 133.683235548999988, 35.086273173 ], [ 133.683297484, 35.086226802 ], [ 133.683374093, 35.086127829 ], [ 133.683429233, 35.086046282 ], [ 133.68346571699999, 35.085927605 ], [ 133.683404341, 35.085898051 ], [ 133.683691536, 35.085566021 ], [ 133.683878435, 35.085473921 ], [ 133.68385093, 35.085449119 ], [ 133.68382141, 35.085411497 ], [ 133.68388500399999, 35.085295444 ], [ 133.68428293, 35.085026439 ], [ 133.68463320399999, 35.084829401 ], [ 133.68500028599999, 35.084652005 ], [ 133.685265977, 35.0845278 ], [ 133.68576521599999, 35.084304223 ], [ 133.68621986299999, 35.084104259 ], [ 133.686195747, 35.084058427 ], [ 133.686166613000012, 35.083976042 ], [ 133.686354738, 35.083751532 ], [ 133.68646484300001, 35.083617904 ], [ 133.686527149999989, 35.083454454 ], [ 133.686552694999989, 35.083344109 ], [ 133.686500970999987, 35.083238049 ], [ 133.686392302, 35.083303788 ], [ 133.686324143, 35.083334777 ], [ 133.685730688, 35.083548694 ], [ 133.68525595599999, 35.083715052 ], [ 133.685014373, 35.083794719 ], [ 133.684730902000013, 35.083913951 ], [ 133.684460631, 35.084082103 ], [ 133.68411375299999, 35.084340826 ], [ 133.684015734000013, 35.084436512 ], [ 133.684001475, 35.084456204 ], [ 133.683966354, 35.084488819 ], [ 133.683609948999987, 35.084847685 ], [ 133.68355014799999, 35.084900405 ], [ 133.68349238, 35.084912301 ], [ 133.683396136999988, 35.084920755 ], [ 133.683293134, 35.084939367 ], [ 133.68319142199999, 35.084948738 ], [ 133.6831172, 35.084966766 ], [ 133.683077445, 35.084983554 ], [ 133.68303751, 35.085021597 ], [ 133.683026899, 35.085056966 ], [ 133.683003101999986, 35.085088714 ], [ 133.68299575399999, 35.085109434 ], [ 133.68300384299999, 35.085140433 ], [ 133.683022652, 35.085158247 ], [ 133.682986387999989, 35.085287707 ], [ 133.682895545, 35.085461333 ], [ 133.682795766, 35.085531029 ], [ 133.682594529, 35.08558345 ], [ 133.682157969, 35.085684376 ], [ 133.68153522599999, 35.085661306 ], [ 133.681503391, 35.085665327 ], [ 133.681464534000014, 35.085678063 ], [ 133.681420204, 35.08569908 ], [ 133.681337625, 35.085723877 ], [ 133.681292984, 35.085728901 ], [ 133.681236051000013, 35.085728153 ], [ 133.681210009000011, 35.08572356 ], [ 133.681152465999986, 35.085711406 ], [ 133.681109937, 35.085723743 ], [ 133.681072486, 35.085738893 ], [ 133.681058688, 35.085766737 ], [ 133.681047920999987, 35.085792622 ], [ 133.681037717, 35.085823595 ], [ 133.680978221, 35.085892758 ], [ 133.680891980000013, 35.085988964 ], [ 133.680792029, 35.086097943 ], [ 133.680741259, 35.086135674 ], [ 133.68068463, 35.086172572 ], [ 133.680607826999989, 35.086215599 ], [ 133.68043766, 35.086286816 ], [ 133.680168189999989, 35.086393637 ], [ 133.680016563, 35.086561579 ], [ 133.679415151, 35.086940313 ], [ 133.67879120500001, 35.087385297 ], [ 133.678693485, 35.087487533 ], [ 133.678680272, 35.087571016 ], [ 133.678690596, 35.087658305 ], [ 133.67877872599999, 35.088012406 ], [ 133.678793926, 35.088060535 ], [ 133.678976043, 35.087894274 ], [ 133.67923179600001, 35.087702872 ], [ 133.679432967999986, 35.087509714 ], [ 133.67957497099999, 35.087412926 ], [ 133.679733754000011, 35.087339449 ], [ 133.679878234, 35.087286809 ], [ 133.680050927, 35.087238962 ], [ 133.680277335999989, 35.087186753 ], [ 133.680449571, 35.087208639 ], [ 133.680553846, 35.087204243 ], [ 133.680624913, 35.087201245 ], [ 133.680791336999988, 35.087188547 ], [ 133.680827429, 35.087165105 ], [ 133.681179826, 35.087118251 ], [ 133.681271192, 35.08704505 ], [ 133.681386721, 35.086960332 ], [ 133.681545117000013, 35.086893818 ], [ 133.681777774000011, 35.086872154 ], [ 133.682162035, 35.086896204 ], [ 133.682179297, 35.086927875 ], [ 133.682211994, 35.086990646 ], [ 133.682254179000012, 35.087020188 ], [ 133.682273649, 35.087026566 ], [ 133.682302513, 35.087023936 ], [ 133.682331404, 35.087019205 ], [ 133.682352702, 35.08700815 ], [ 133.68238934199999, 35.086988804 ], [ 133.682429371000012, 35.086970873 ], [ 133.682477987, 35.086961137 ] ] ] } },
{ "type": "Feature", "properties": { "A29_001": "33214", "A29_002": "岡山県", "A29_003": "真庭市", "A29_004": 8, "A29_005": "近隣商業地域", "A29_006": 80, "A29_007": 200, "A29_008": null }, "geometry": { "type": "Polygon", "coordinates": [ [ [ 133.68674676099999, 35.07635941 ], [ 133.686122189, 35.076099104 ], [ 133.68586885799999, 35.07600457 ], [ 133.685809901, 35.076079084 ], [ 133.686703093, 35.076671211 ], [ 133.68684112599999, 35.076801845 ], [ 133.68699292299999, 35.076929532 ], [ 133.687137976, 35.077040434 ], [ 133.687450488, 35.077252478 ], [ 133.687815339, 35.077497954 ], [ 133.68811761399999, 35.077701468 ], [ 133.688384047999989, 35.077877972 ], [ 133.688557683, 35.078008207 ], [ 133.688659967, 35.078100527 ], [ 133.68871217099999, 35.078229296 ], [ 133.688602433, 35.078211766 ], [ 133.68856127, 35.07820731 ], [ 133.688478911, 35.078201229 ], [ 133.68852016, 35.078249108 ], [ 133.688557449, 35.078302725 ], [ 133.68859426, 35.078353041 ], [ 133.688608472, 35.078396134 ], [ 133.68861261699999, 35.078417006 ], [ 133.68861386, 35.078465357 ], [ 133.688613741000012, 35.078480437 ], [ 133.688603828999987, 35.078557016 ], [ 133.68858299199999, 35.078586563 ], [ 133.688546744, 35.078611079 ], [ 133.688404256000013, 35.078718341 ], [ 133.688336257, 35.078771426 ], [ 133.68828957299999, 35.078813545 ], [ 133.68826439899999, 35.078848 ], [ 133.68824085899999, 35.078901835 ], [ 133.688229952, 35.07897803 ], [ 133.688237976000011, 35.079049377 ], [ 133.688249544, 35.079106626 ], [ 133.688268615, 35.07919286 ], [ 133.688285142000012, 35.079273429 ], [ 133.688297519, 35.079333801 ], [ 133.68830032299999, 35.079413594 ], [ 133.68829057100001, 35.079453079 ], [ 133.688274936999989, 35.079476289 ], [ 133.688242032, 35.079512127 ], [ 133.688204399, 35.079548056 ], [ 133.688241167, 35.079620602 ], [ 133.68827004, 35.07965958 ], [ 133.688297108, 35.079710548 ], [ 133.68831751499999, 35.079790082 ], [ 133.688327245000011, 35.079862141 ], [ 133.688333961000012, 35.079936645 ], [ 133.688327761000011, 35.080015326 ], [ 133.688313857, 35.080091848 ], [ 133.688327523999988, 35.080099682 ], [ 133.688996202999988, 35.080092536 ], [ 133.689339729000011, 35.080091422 ], [ 133.689385652999988, 35.080201786 ], [ 133.689441745000011, 35.080274091 ], [ 133.689548599, 35.080331134 ], [ 133.689656579, 35.080353594 ], [ 133.68968833299999, 35.080245049 ], [ 133.68977486599999, 35.079939117 ], [ 133.689892466, 35.07981737 ], [ 133.689925254, 35.079769822 ], [ 133.690066264, 35.079603578 ], [ 133.69022104699999, 35.079400871 ], [ 133.690275171, 35.079328664 ], [ 133.690359472000011, 35.079210337 ], [ 133.690395099, 35.07916146 ], [ 133.690430493, 35.079143799 ], [ 133.69045503000001, 35.07912609 ], [ 133.690487912, 35.079083328 ], [ 133.690579754, 35.078952773 ], [ 133.690629089999987, 35.078885561 ], [ 133.690635797, 35.078876231 ], [ 133.690694202, 35.078795014 ], [ 133.690746307000012, 35.07872001 ], [ 133.690777981, 35.078674601 ], [ 133.690269674, 35.078363397 ], [ 133.688560994999989, 35.077327906 ], [ 133.68797662899999, 35.076974633 ], [ 133.687535577, 35.07673654 ], [ 133.687072182, 35.076501057 ], [ 133.68674676099999, 35.07635941 ] ] ] } },
{ "type": "Feature", "properties": { "A29_001": "33214", "A29_002": "岡山県", "A29_003": "真庭市", "A29_004": 10, "A29_005": "準工業地域", "A29_006": 60, "A29_007": 200, "A29_008": null }, "geometry": { "type": "Polygon", "coordinates": [ [ [ 133.689629090000011, 35.080466399 ], [ 133.689656579, 35.080353594 ], [ 133.689548599, 35.080331134 ], [ 133.689441745000011, 35.080274091 ], [ 133.689385652999988, 35.080201786 ], [ 133.689339729000011, 35.080091422 ], [ 133.688996202999988, 35.080092536 ], [ 133.688327523999988, 35.080099682 ], [ 133.688313857, 35.080091848 ], [ 133.688327761000011, 35.080015326 ], [ 133.688333961000012, 35.079936645 ], [ 133.688327245000011, 35.079862141 ], [ 133.68831751499999, 35.079790082 ], [ 133.688297108, 35.079710548 ], [ 133.68827004, 35.07965958 ], [ 133.688241167, 35.079620602 ], [ 133.688204399, 35.079548056 ], [ 133.688183818, 35.079545125 ], [ 133.688121282, 35.079575541 ], [ 133.688046041, 35.079613722 ], [ 133.687970283, 35.07964925 ], [ 133.687908029999988, 35.079681299 ], [ 133.687897275000012, 35.079676807 ], [ 133.68788714499999, 35.079662555 ], [ 133.687543441, 35.079827077 ], [ 133.687359792, 35.079870748 ], [ 133.68723678500001, 35.079897568 ], [ 133.687147657, 35.079933404 ], [ 133.687031689, 35.079979796 ], [ 133.686983613, 35.080002265 ], [ 133.686855807, 35.080070264 ], [ 133.686785230999988, 35.080118882 ], [ 133.686772445, 35.08013128 ], [ 133.68670806599999, 35.080193696 ], [ 133.686658569, 35.080266917 ], [ 133.686637644, 35.080336658 ], [ 133.686623938999986, 35.080464166 ], [ 133.686600433, 35.080510754 ], [ 133.686586412999986, 35.080574077 ], [ 133.686535412000012, 35.080962814 ], [ 133.686520363, 35.08106749 ], [ 133.686515622, 35.081120821 ], [ 133.68728834, 35.081157212 ], [ 133.68829854399999, 35.081211141 ], [ 133.688312551, 35.081103358 ], [ 133.688882274, 35.081137468 ], [ 133.68882808699999, 35.081698436 ], [ 133.68870474, 35.081690209 ], [ 133.688667204000012, 35.082013455 ], [ 133.688619268999986, 35.082019258 ], [ 133.688625296999987, 35.082189726 ], [ 133.688631676, 35.082414561 ], [ 133.688729096, 35.082567017 ], [ 133.688916185000011, 35.08248397 ], [ 133.68940434699999, 35.082479586 ], [ 133.68953008299999, 35.081945329 ], [ 133.689550567, 35.081212611 ], [ 133.689543944, 35.080814697 ], [ 133.689629090000011, 35.080466399 ] ] ] } },
{ "type": "Feature", "properties": { "A29_001": "33214", "A29_002": "岡山県", "A29_003": "真庭市", "A29_004": 5, "A29_005": "第一種住居地域", "A29_006": 60, "A29_007": 200, "A29_008": null }, "geometry": { "type": "Polygon", "coordinates": [ [ [ 133.688067069999988, 35.087324612 ], [ 133.688180842, 35.087291017 ], [ 133.688353431, 35.087215277 ], [ 133.68854529699999, 35.087109152 ], [ 133.688700434, 35.087011575 ], [ 133.68879855, 35.087145916 ], [ 133.688953981, 35.087101481 ], [ 133.688958603, 35.087091075 ], [ 133.688964816, 35.087070835 ], [ 133.688967308, 35.087056542 ], [ 133.688968991, 35.087034989 ], [ 133.688970168, 35.087003823 ], [ 133.688973642, 35.086909371 ], [ 133.688974564, 35.086884216 ], [ 133.688968042999988, 35.086844554 ], [ 133.68894172200001, 35.086689862 ], [ 133.688934867, 35.086649649 ], [ 133.688931005, 35.086634421 ], [ 133.68891997, 35.086594401 ], [ 133.688913113000012, 35.086573839 ], [ 133.688906159, 35.086558622 ], [ 133.688900881, 35.086550661 ], [ 133.688886544000013, 35.086535756 ], [ 133.688850599, 35.086503176 ], [ 133.688826006, 35.0864774 ], [ 133.688807435, 35.086455603 ], [ 133.688769127, 35.08640555 ], [ 133.68874369400001, 35.086368041 ], [ 133.68872436800001, 35.086335 ], [ 133.688714629, 35.086315558 ], [ 133.688700735999987, 35.086281797 ], [ 133.688693691999987, 35.086259981 ], [ 133.688690243999986, 35.086246666 ], [ 133.688685897, 35.086221998 ], [ 133.688684432, 35.086204736 ], [ 133.68868395699999, 35.0861787 ], [ 133.688684524, 35.086170771 ], [ 133.68868573200001, 35.086167721 ], [ 133.68868980900001, 35.086161171 ], [ 133.688720018999987, 35.086115584 ], [ 133.688720042999989, 35.086106885 ], [ 133.688717692000012, 35.086093513 ], [ 133.688715064, 35.086084647 ], [ 133.68870831800001, 35.086069521 ], [ 133.688697784999988, 35.086053356 ], [ 133.68868960899999, 35.086042955 ], [ 133.688673963000014, 35.086025871 ], [ 133.688665019000013, 35.086018197 ], [ 133.688659581, 35.086015212 ], [ 133.68865569799999, 35.086013911 ], [ 133.688646191, 35.086012391 ], [ 133.688613675, 35.086009685 ], [ 133.68859484, 35.086006105 ], [ 133.688573420000012, 35.085998041 ], [ 133.688410581999989, 35.085901063 ], [ 133.688386742, 35.085884224 ], [ 133.688396676, 35.085873261 ], [ 133.68843024200001, 35.085845837 ], [ 133.688600839, 35.085759404 ], [ 133.68888893, 35.085716521 ], [ 133.688944945, 35.085716819 ], [ 133.689048278, 35.085851394 ], [ 133.68908457399999, 35.085903411 ], [ 133.689154132999988, 35.085988813 ], [ 133.68919336, 35.086036392 ], [ 133.689203987000013, 35.08605866 ], [ 133.68920366099999, 35.086100107 ], [ 133.689247806, 35.086208406 ], [ 133.689254674000011, 35.086249891 ], [ 133.68924042099999, 35.08646151 ], [ 133.689244327000011, 35.086651022 ], [ 133.689258177999989, 35.086720669 ], [ 133.689277440000012, 35.086760642 ], [ 133.689320191, 35.086845352 ], [ 133.689333893999986, 35.087091618 ], [ 133.68924187499999, 35.087137202 ], [ 133.68920602599999, 35.087162144 ], [ 133.689190157000013, 35.087237447 ], [ 133.68918710599999, 35.087292193 ], [ 133.689180048, 35.087326374 ], [ 133.689170453, 35.087358433 ], [ 133.689159294, 35.087374437 ], [ 133.689145602, 35.087387634 ], [ 133.689127716, 35.087395913 ], [ 133.68910815800001, 35.087399298 ], [ 133.689094565, 35.087401326 ], [ 133.689083532000012, 35.08739987 ], [ 133.68906235099999, 35.087394872 ], [ 133.689047914000014, 35.087395489 ], [ 133.689043276, 35.08739953 ], [ 133.689029788999989, 35.087428548 ], [ 133.689024265, 35.087444807 ], [ 133.689054338, 35.087511584 ], [ 133.68909119599999, 35.087635854 ], [ 133.689113510999988, 35.087799422 ], [ 133.689134719, 35.08793073 ], [ 133.689135298999986, 35.08807317 ], [ 133.689129353999988, 35.088182059 ], [ 133.689119, 35.08827424 ], [ 133.689113778, 35.088338575 ], [ 133.68909466299999, 35.088394336 ], [ 133.689094399999988, 35.088427841 ], [ 133.689163224, 35.088528753 ], [ 133.689196957, 35.088556859 ], [ 133.689224023, 35.088569569 ], [ 133.689254543, 35.08857532 ], [ 133.689326386, 35.088583823 ], [ 133.689414018, 35.088591527 ], [ 133.68955116699999, 35.087235641 ], [ 133.689552298, 35.086875314 ], [ 133.68952457899999, 35.086081998 ], [ 133.689537935, 35.085678836 ], [ 133.68955675399999, 35.085444336 ], [ 133.689537425, 35.084447194 ], [ 133.689517568000014, 35.083951304 ], [ 133.689480159999988, 35.083418381 ], [ 133.68940434699999, 35.082479586 ], [ 133.688916185000011, 35.08248397 ], [ 133.688729096, 35.082567017 ], [ 133.688631676, 35.082414561 ], [ 133.688625296999987, 35.082189726 ], [ 133.688619268999986, 35.082019258 ], [ 133.688667204000012, 35.082013455 ], [ 133.68870474, 35.081690209 ], [ 133.68882808699999, 35.081698436 ], [ 133.68888000699999, 35.081185891 ], [ 133.688882274, 35.081137468 ], [ 133.688312551, 35.081103358 ], [ 133.688307533999989, 35.081134683 ], [ 133.68829854399999, 35.081211141 ], [ 133.68728834, 35.081157212 ], [ 133.686515622, 35.081120821 ], [ 133.686520363, 35.08106749 ], [ 133.686535412000012, 35.080962814 ], [ 133.686586412999986, 35.080574077 ], [ 133.686600433, 35.080510754 ], [ 133.686623938999986, 35.080464166 ], [ 133.686637644, 35.080336658 ], [ 133.686658569, 35.080266917 ], [ 133.68670806599999, 35.080193696 ], [ 133.686785230999988, 35.080118882 ], [ 133.686855807, 35.080070264 ], [ 133.686983613, 35.080002265 ], [ 133.687031689, 35.079979796 ], [ 133.687147657, 35.079933404 ], [ 133.68700811799999, 35.079890076 ], [ 133.686900847, 35.079873882 ], [ 133.68640246199999, 35.079879121 ], [ 133.686317516, 35.079861622 ], [ 133.686293675, 35.079861873 ], [ 133.686259897000014, 35.07987059 ], [ 133.686224253, 35.079905953 ], [ 133.686190864999986, 35.079969479 ], [ 133.686202505000011, 35.079978538 ], [ 133.686160637, 35.080060517 ], [ 133.68619854100001, 35.080127696 ], [ 133.686143144, 35.080377362 ], [ 133.68597656099999, 35.08038427 ], [ 133.685920686, 35.080408365 ], [ 133.685871402, 35.080433775 ], [ 133.68584888699999, 35.080486677 ], [ 133.685868590000013, 35.080556473 ], [ 133.68591276, 35.080620341 ], [ 133.685954818, 35.080726774 ], [ 133.68593723399999, 35.080933002 ], [ 133.68589105800001, 35.081036836 ], [ 133.685880149000013, 35.081130996 ], [ 133.68586521, 35.081193792 ], [ 133.68582580099999, 35.081279426 ], [ 133.68581265099999, 35.08132834 ], [ 133.68584153399999, 35.08144222 ], [ 133.685902234999986, 35.081566763 ], [ 133.685861593999988, 35.081594536 ], [ 133.685867222000013, 35.081687288 ], [ 133.685812891000012, 35.081832211 ], [ 133.685803635000013, 35.081926642 ], [ 133.68580414499999, 35.082131344 ], [ 133.685816356, 35.082201397 ], [ 133.68584167, 35.082228657 ], [ 133.686116395, 35.082457575 ], [ 133.686131066, 35.082485643 ], [ 133.68614995199999, 35.08251724 ], [ 133.686186434, 35.082746627 ], [ 133.686166969999988, 35.082786763 ], [ 133.68613706, 35.082804101 ], [ 133.68612414399999, 35.082823277 ], [ 133.686147451000011, 35.082833895 ], [ 133.686275067999986, 35.082836324 ], [ 133.686289794, 35.082857407 ], [ 133.686291092, 35.082962386 ], [ 133.68626115699999, 35.082981472 ], [ 133.686265356, 35.08298849 ], [ 133.68630080299999, 35.083079662 ], [ 133.686300706999987, 35.083091903 ], [ 133.686277057000012, 35.083123273 ], [ 133.68627225, 35.083193226 ], [ 133.686500970999987, 35.083238049 ], [ 133.686552694999989, 35.083344109 ], [ 133.686527149999989, 35.083454454 ], [ 133.68646484300001, 35.083617904 ], [ 133.686354738, 35.083751532 ], [ 133.686166613000012, 35.083976042 ], [ 133.686195747, 35.084058427 ], [ 133.68621986299999, 35.084104259 ], [ 133.68576521599999, 35.084304223 ], [ 133.685265977, 35.0845278 ], [ 133.68500028599999, 35.084652005 ], [ 133.68463320399999, 35.084829401 ], [ 133.68428293, 35.085026439 ], [ 133.68388500399999, 35.085295444 ], [ 133.68382141, 35.085411497 ], [ 133.68385093, 35.085449119 ], [ 133.683878435, 35.085473921 ], [ 133.684120904999986, 35.085422981 ], [ 133.68416281399999, 35.085441559 ], [ 133.684194488, 35.08545232 ], [ 133.684233920999986, 35.08545959 ], [ 133.684288391, 35.085461116 ], [ 133.684402913000014, 35.085447576 ], [ 133.684448196, 35.085440409 ], [ 133.6844739, 35.08543503 ], [ 133.68452055099999, 35.085422668 ], [ 133.684610528, 35.085394078 ], [ 133.684628429000014, 35.085388125 ], [ 133.68469108799999, 35.085362327 ], [ 133.684714086000014, 35.085353905 ], [ 133.684723803, 35.085351 ], [ 133.68473589300001, 35.085348982 ], [ 133.684750236000014, 35.085349158 ], [ 133.684757082, 35.085350232 ], [ 133.684767158999989, 35.085353188 ], [ 133.684777069, 35.085357775 ], [ 133.684783334, 35.085361514 ], [ 133.684794213, 35.085369856 ], [ 133.684800325, 35.085376325 ], [ 133.684803491999986, 35.085380777 ], [ 133.68480821899999, 35.085390403 ], [ 133.684813775, 35.085411743 ], [ 133.684816051000013, 35.08542067 ], [ 133.684818802, 35.08543052 ], [ 133.68482372299999, 35.085447628 ], [ 133.684931826, 35.085435757 ], [ 133.684975009999988, 35.085448554 ], [ 133.685014521, 35.085448784 ], [ 133.685087122999988, 35.085438679 ], [ 133.6851689, 35.085401427 ], [ 133.685192207999989, 35.085375896 ], [ 133.685220273999988, 35.085345154 ], [ 133.68527188499999, 35.085257476 ], [ 133.685392215, 35.085172257 ], [ 133.685400628, 35.085166479 ], [ 133.685425493, 35.085149403 ], [ 133.685434861, 35.085135201 ], [ 133.685600077, 35.084968145 ], [ 133.68569284, 35.084828332 ], [ 133.68575216, 35.08473232 ], [ 133.685803566, 35.084671865 ], [ 133.685919237, 35.084584853 ], [ 133.685972525000011, 35.084555489 ], [ 133.686031480999986, 35.084505549 ], [ 133.686059785999987, 35.084468001 ], [ 133.68606198099999, 35.08445798 ], [ 133.686078556000012, 35.084424093 ], [ 133.68609623099999, 35.084388418 ], [ 133.686136935, 35.084349883 ], [ 133.68618103099999, 35.084320749 ], [ 133.68629142899999, 35.084302922 ], [ 133.68636215, 35.084291959 ], [ 133.686512099999987, 35.084282843 ], [ 133.686545792, 35.084313104 ], [ 133.686932867, 35.084348719 ], [ 133.687009165, 35.084359312 ], [ 133.687372024000013, 35.084473223 ], [ 133.686883396000013, 35.08487853 ], [ 133.686534864, 35.085155542 ], [ 133.686274047000012, 35.085387443 ], [ 133.686196929, 35.085479168 ], [ 133.686160578, 35.085569028 ], [ 133.686154878, 35.085646476 ], [ 133.68615156199999, 35.085742796 ], [ 133.686130518999988, 35.085828537 ], [ 133.686104763, 35.085890445 ], [ 133.686050438, 35.085931604 ], [ 133.68605319299999, 35.086038205 ], [ 133.686078001, 35.086089386 ], [ 133.686084969, 35.086115195 ], [ 133.686084787, 35.086138226 ], [ 133.68604875599999, 35.086186207 ], [ 133.686051112, 35.086211343 ], [ 133.686139364000013, 35.086320708 ], [ 133.686042272, 35.086482205 ], [ 133.686037481, 35.086511107 ], [ 133.686035639000011, 35.0865333 ], [ 133.686037926000012, 35.086560328 ], [ 133.686039763999986, 35.086577483 ], [ 133.686041124000013, 35.086584396 ], [ 133.686045028, 35.086598398 ], [ 133.68604796, 35.086604796 ], [ 133.686057201000011, 35.086620593 ], [ 133.686066984, 35.086631625 ], [ 133.686081002, 35.086643752 ], [ 133.686119944000012, 35.086671688 ], [ 133.686136252000011, 35.086679978 ], [ 133.686178496, 35.086700802 ], [ 133.686201511, 35.086710949 ], [ 133.68622034399999, 35.086717494 ], [ 133.68623085499999, 35.086719741 ], [ 133.686409131, 35.086689142 ], [ 133.68642242300001, 35.086682182 ], [ 133.68642977, 35.08667939 ], [ 133.686442828999986, 35.086675611 ], [ 133.686479842000011, 35.086668579 ], [ 133.68650459599999, 35.08666561 ], [ 133.68654294699999, 35.086662794 ], [ 133.68656199, 35.086662148 ], [ 133.686586871, 35.086662479 ], [ 133.686604773, 35.086664783 ], [ 133.686613787, 35.086667643 ], [ 133.68661907399999, 35.086670214 ], [ 133.686629251, 35.086677173 ], [ 133.686646, 35.0866921 ], [ 133.686806616000013, 35.086842632 ], [ 133.686839693, 35.086878631 ], [ 133.686859986, 35.086898932 ], [ 133.686915612, 35.086948645 ], [ 133.686991283999987, 35.08700831 ], [ 133.68701908700001, 35.08703167 ], [ 133.687035911, 35.087046823 ], [ 133.68706637299999, 35.087076507 ], [ 133.687124152, 35.087136914 ], [ 133.687140749, 35.087151633 ], [ 133.687169339, 35.087172645 ], [ 133.687200469, 35.087194039 ], [ 133.687212163, 35.087204802 ], [ 133.68721753299999, 35.087210807 ], [ 133.68722470599999, 35.087220455 ], [ 133.687230569, 35.087230708 ], [ 133.687233716, 35.087237765 ], [ 133.687238165, 35.087252077 ], [ 133.687239979999987, 35.087262552 ], [ 133.687241177, 35.087278947 ], [ 133.687239866, 35.087306172 ], [ 133.687236683, 35.087367742 ], [ 133.68723720599999, 35.087405695 ], [ 133.687240550000013, 35.087441879 ], [ 133.68724836199999, 35.087487308 ], [ 133.687399441, 35.087466532 ], [ 133.687530253, 35.087443035 ], [ 133.687693322, 35.087406466 ], [ 133.687806951999988, 35.087376918 ], [ 133.687938796999987, 35.087354507 ], [ 133.688067069999988, 35.087324612 ] ] ] } },
{ "type": "Feature", "properties": { "A29_001": "33214", "A29_002": "岡山県", "A29_003": "真庭市", "A29_004": 10, "A29_005": "準工業地域", "A29_006": 60, "A29_007": 200, "A29_008": null }, "geometry": { "type": "Polygon", "coordinates": [ [ [ 133.69080916499999, 35.078617579 ], [ 133.690852564000011, 35.078570357 ], [ 133.690931718, 35.078502744 ], [ 133.691025959, 35.078412919 ], [ 133.69110797, 35.078326373 ], [ 133.691161470999987, 35.078245256 ], [ 133.69122188099999, 35.078148563 ], [ 133.691250227000012, 35.078162604 ], [ 133.691359476, 35.078060598 ], [ 133.69137792699999, 35.078040062 ], [ 133.691378734000011, 35.078023903 ], [ 133.69136059499999, 35.078003173 ], [ 133.691221751, 35.077904857 ], [ 133.691158397, 35.077859359 ], [ 133.69107427099999, 35.077783643 ], [ 133.691046433999986, 35.077756462 ], [ 133.691027182999989, 35.077737673 ], [ 133.690949842, 35.077660875 ], [ 133.690832081999986, 35.077553214 ], [ 133.690688185999988, 35.077412818 ], [ 133.69053406099999, 35.077294543 ], [ 133.690413971999988, 35.077159664 ], [ 133.69000189499999, 35.076739822 ], [ 133.689700007999988, 35.076458872 ], [ 133.689544468, 35.076325832 ], [ 133.68946458100001, 35.076253806 ], [ 133.689182654, 35.076032916 ], [ 133.68913408899999, 35.075997898 ], [ 133.68898735, 35.075905965 ], [ 133.68871914499999, 35.075732283 ], [ 133.68870232399999, 35.075721187 ], [ 133.68853957499999, 35.075634955 ], [ 133.688459125, 35.075594359 ], [ 133.688366459, 35.075553698 ], [ 133.688166886, 35.0754916 ], [ 133.68808716699999, 35.0754765 ], [ 133.688058068, 35.075474804 ], [ 133.688021048, 35.075465151 ], [ 133.68793660899999, 35.075453497 ], [ 133.687837169, 35.075439058 ], [ 133.68779165, 35.075433795 ], [ 133.687612298, 35.075428783 ], [ 133.687345048, 35.075433517 ], [ 133.68726849699999, 35.075433885 ], [ 133.687056678, 35.075438552 ], [ 133.686975878999988, 35.075440817 ], [ 133.686902569000011, 35.075445817 ], [ 133.68679165099999, 35.075431163 ], [ 133.686338419, 35.075452661 ], [ 133.686220936000012, 35.075458336 ], [ 133.68608341, 35.075455528 ], [ 133.685882247, 35.07544517 ], [ 133.685798737, 35.075438071 ], [ 133.685611255999987, 35.075418239 ], [ 133.685565577, 35.075420789 ], [ 133.685238090000013, 35.075384605 ], [ 133.68458723, 35.075332807 ], [ 133.684530117, 35.075347367 ], [ 133.684286082, 35.075295256 ], [ 133.684169472, 35.075283517 ], [ 133.683639645, 35.075174003 ], [ 133.683540181000012, 35.075227737 ], [ 133.684139343999988, 35.075332772 ], [ 133.68483263600001, 35.075576157 ], [ 133.685584519, 35.075879373 ], [ 133.685839695, 35.076041427 ], [ 133.68586885799999, 35.07600457 ], [ 133.686122189, 35.076099104 ], [ 133.68674676099999, 35.07635941 ], [ 133.687072182, 35.076501057 ], [ 133.687535577, 35.07673654 ], [ 133.68797662899999, 35.076974633 ], [ 133.688560994999989, 35.077327906 ], [ 133.690269674, 35.078363397 ], [ 133.690777981, 35.078674601 ], [ 133.69080916499999, 35.078617579 ] ] ] } },
{ "type": "Feature", "properties": { "A29_001": "33214", "A29_002": "岡山県", "A29_003": "真庭市", "A29_004": 8, "A29_005": "近隣商業地域", "A29_006": 80, "A29_007": 200, "A29_008": null }, "geometry": { "type": "Polygon", "coordinates": [ [ [ 133.691252025000011, 35.085773101 ], [ 133.691233735, 35.085623113 ], [ 133.691230329, 35.08556103 ], [ 133.69120575299999, 35.085475615 ], [ 133.691192980000011, 35.08542064 ], [ 133.691186761000012, 35.085279406 ], [ 133.69119381499999, 35.085176949 ], [ 133.691199856, 35.085143547 ], [ 133.69119745099999, 35.08507122 ], [ 133.69119196599999, 35.085004268 ], [ 133.691184607, 35.08491761 ], [ 133.69117448599999, 35.084869942 ], [ 133.691167565, 35.084839229 ], [ 133.691160602999986, 35.084812447 ], [ 133.691148633000012, 35.084753005 ], [ 133.691147077000011, 35.084706591 ], [ 133.691149934, 35.084677895 ], [ 133.691159086, 35.08465484 ], [ 133.691167694, 35.084639452 ], [ 133.691183810000012, 35.084620517 ], [ 133.691190642, 35.084507188 ], [ 133.691226863, 35.08450738 ], [ 133.691232977999988, 35.084386123 ], [ 133.69127825699999, 35.084386363 ], [ 133.691282537, 35.084271218 ], [ 133.691278355, 35.084208699 ], [ 133.691327038999987, 35.084169031 ], [ 133.691320323000014, 35.083721673 ], [ 133.69132756799999, 35.083622779 ], [ 133.69133491299999, 35.083511102 ], [ 133.691302286, 35.083480587 ], [ 133.69131302400001, 35.083297011 ], [ 133.6913289, 35.083170082 ], [ 133.691365932, 35.082956032 ], [ 133.691338408, 35.08290692 ], [ 133.691331238, 35.08287169 ], [ 133.69133170500001, 35.082812008 ], [ 133.691340902, 35.082588634 ], [ 133.691309804000014, 35.082521132 ], [ 133.691312137000011, 35.082459936 ], [ 133.691311938000013, 35.082318778 ], [ 133.69125793399999, 35.082315427 ], [ 133.69127360600001, 35.082214504 ], [ 133.69127091199999, 35.082180325 ], [ 133.69110009900001, 35.08217531 ], [ 133.69110664499999, 35.082144605 ], [ 133.691102844, 35.082102073 ], [ 133.69109287399999, 35.082056119 ], [ 133.691100882, 35.081824941 ], [ 133.691127771999987, 35.081823389 ], [ 133.691143395000012, 35.081675545 ], [ 133.691163977, 35.081660348 ], [ 133.691040103, 35.081650677 ], [ 133.69101257299999, 35.081648503 ], [ 133.691031028999987, 35.081584157 ], [ 133.690464205000012, 35.081467959 ], [ 133.69044740699999, 35.081635466 ], [ 133.69043052699999, 35.081807733 ], [ 133.690414377, 35.082053407 ], [ 133.690414190000013, 35.082063286 ], [ 133.69040993199999, 35.082290102 ], [ 133.690409636999988, 35.082309427 ], [ 133.690405443, 35.082584048 ], [ 133.690401951000013, 35.082812427 ], [ 133.690408303999988, 35.082992263 ], [ 133.690408964999989, 35.083029667 ], [ 133.690408977, 35.083042062 ], [ 133.690397235, 35.083413502 ], [ 133.69039569899999, 35.08344435 ], [ 133.690392535, 35.083517738 ], [ 133.690387668, 35.083808156 ], [ 133.69039858, 35.084231639 ], [ 133.690404879999988, 35.084581694 ], [ 133.690413755, 35.084934952 ], [ 133.690429513999987, 35.08523399 ], [ 133.690445108, 35.08556803 ], [ 133.69045282, 35.085627854 ], [ 133.690482954, 35.086398296 ], [ 133.690450215999988, 35.086668239 ], [ 133.690404696, 35.087148709 ], [ 133.69037607300001, 35.087604092 ], [ 133.690342867999988, 35.087933546 ], [ 133.690296878999987, 35.088473526 ], [ 133.690260431000013, 35.088862485 ], [ 133.690231882, 35.089182616 ], [ 133.690140477, 35.089486349 ], [ 133.6900659, 35.089774153 ], [ 133.690038445999988, 35.089963094 ], [ 133.690029371, 35.090101976 ], [ 133.690034543, 35.090176661 ], [ 133.69023407899999, 35.090081842 ], [ 133.690330883, 35.090044648 ], [ 133.690333743999986, 35.090008506 ], [ 133.690335710999989, 35.089992543 ], [ 133.690353245000011, 35.089939767 ], [ 133.69035805499999, 35.089916652 ], [ 133.690380389000012, 35.089827988 ], [ 133.690476163, 35.089502733 ], [ 133.690552047000011, 35.089266182 ], [ 133.690672352, 35.088866833 ], [ 133.69079150499999, 35.088549995 ], [ 133.69114534799999, 35.087831753 ], [ 133.691274951, 35.087401361 ], [ 133.69129310299999, 35.087303191 ], [ 133.691342651000014, 35.087007799 ], [ 133.691356385, 35.086859088 ], [ 133.691368020999988, 35.086851983 ], [ 133.691378527000012, 35.086843647 ], [ 133.691388499999988, 35.086834757 ], [ 133.691398526, 35.086826003 ], [ 133.691408693999989, 35.086817349 ], [ 133.691418819, 35.086808668 ], [ 133.691428758, 35.086799859 ], [ 133.691438369999986, 35.086790824 ], [ 133.691447501999988, 35.086781479 ], [ 133.69145630599999, 35.086771925 ], [ 133.691464935999988, 35.086762253 ], [ 133.691473424, 35.086752481 ], [ 133.69148179199999, 35.086742628 ], [ 133.691490073000011, 35.086732729 ], [ 133.69149828799999, 35.086722784 ], [ 133.691506481, 35.086712831 ], [ 133.691514675, 35.086702877 ], [ 133.69152287899999, 35.086692951 ], [ 133.691531007, 35.08668297 ], [ 133.691539025, 35.086672934 ], [ 133.691546945, 35.086662844 ], [ 133.691554746, 35.08665269 ], [ 133.691562447, 35.08664249 ], [ 133.691562185, 35.086533225 ], [ 133.691559253, 35.08641193 ], [ 133.691547406000012, 35.086323994 ], [ 133.69150023099999, 35.086245112 ], [ 133.69148341799999, 35.086224281 ], [ 133.691455657, 35.086192701 ], [ 133.691429013, 35.086175252 ], [ 133.691400491, 35.086153863 ], [ 133.691378697, 35.086127795 ], [ 133.691353204, 35.086085193 ], [ 133.691331698999988, 35.086022159 ], [ 133.691252025000011, 35.085773101 ] ] ] } },
{ "type": "Feature", "properties": { "A29_001": "33214", "A29_002": "岡山県", "A29_003": "真庭市", "A29_004": 5, "A29_005": "第一種住居地域", "A29_006": 60, "A29_007": 200, "A29_008": null }, "geometry": { "type": "Polygon", "coordinates": [ [ [ 133.695042024, 35.084293039 ], [ 133.695297587999988, 35.084392713 ], [ 133.695489606, 35.084545526 ], [ 133.695700753000011, 35.084699233 ], [ 133.696009358, 35.084866035 ], [ 133.69612952, 35.084912298 ], [ 133.696210285, 35.08485923 ], [ 133.696122478, 35.084588192 ], [ 133.696108650000014, 35.084152353 ], [ 133.696108272, 35.083464894 ], [ 133.69606672099999, 35.082905042 ], [ 133.695826028, 35.082862094 ], [ 133.69540763399999, 35.082791457 ], [ 133.695315975, 35.08276934 ], [ 133.69494484399999, 35.082649793 ], [ 133.694667095, 35.082574782 ], [ 133.69457495899999, 35.082553456 ], [ 133.694245783000014, 35.082511607 ], [ 133.69413444700001, 35.082498436 ], [ 133.694078494, 35.082473604 ], [ 133.694001936, 35.082199901 ], [ 133.69400115799999, 35.082167589 ], [ 133.69399908599999, 35.08213235 ], [ 133.693950761, 35.082012537 ], [ 133.693871359000013, 35.081767485 ], [ 133.69381453, 35.081628787 ], [ 133.693774029, 35.081457714 ], [ 133.693753745, 35.081370176 ], [ 133.693746667999989, 35.081348288 ], [ 133.69373158499999, 35.081268728 ], [ 133.693722900000012, 35.081220996 ], [ 133.69365797399999, 35.081183902 ], [ 133.693502560000013, 35.081288379 ], [ 133.693190343999987, 35.081273165 ], [ 133.692528485999986, 35.0812735 ], [ 133.69233148, 35.081270891 ], [ 133.692198526999988, 35.081270972 ], [ 133.692121995, 35.081273713 ], [ 133.692013814, 35.081286519 ], [ 133.691903626999988, 35.08131032 ], [ 133.69181538699999, 35.081342098 ], [ 133.69180907399999, 35.08139771 ], [ 133.691816769000013, 35.081470858 ], [ 133.6916431, 35.081475041 ], [ 133.691550833, 35.081456687 ], [ 133.69147023799999, 35.081455981 ], [ 133.691466342000012, 35.081449388 ], [ 133.69135441200001, 35.081450617 ], [ 133.691237185, 35.081471622 ], [ 133.69122017399999, 35.081548885 ], [ 133.691197999, 35.081595263 ], [ 133.69116971, 35.081642412 ], [ 133.691166286999987, 35.081659431 ], [ 133.691163977, 35.081660348 ], [ 133.691143395000012, 35.081675545 ], [ 133.691127771999987, 35.081823389 ], [ 133.691100882, 35.081824941 ], [ 133.691094236, 35.082016679 ], [ 133.691093626, 35.082034425 ], [ 133.69109287399999, 35.082056119 ], [ 133.691102844, 35.082102073 ], [ 133.69110664499999, 35.082144605 ], [ 133.69110009900001, 35.08217531 ], [ 133.69127091199999, 35.082180325 ], [ 133.69127360600001, 35.082214504 ], [ 133.69125793399999, 35.082315427 ], [ 133.691311938000013, 35.082318778 ], [ 133.691312137000011, 35.082459936 ], [ 133.691309804000014, 35.082521132 ], [ 133.691340902, 35.082588634 ], [ 133.69133170500001, 35.082812008 ], [ 133.691331238, 35.08287169 ], [ 133.691338408, 35.08290692 ], [ 133.691358881000014, 35.082943447 ], [ 133.691365932, 35.082956032 ], [ 133.6913289, 35.083170082 ], [ 133.69131302400001, 35.083297011 ], [ 133.691302286, 35.083480587 ], [ 133.69133491299999, 35.083511102 ], [ 133.69132756799999, 35.083622779 ], [ 133.691320323000014, 35.083721673 ], [ 133.691327038999987, 35.084169031 ], [ 133.691386416, 35.08416976 ], [ 133.691455273, 35.08416852 ], [ 133.69156263299999, 35.084164473 ], [ 133.691558065, 35.08408679 ], [ 133.691616305999986, 35.084082843 ], [ 133.691678776, 35.084087735 ], [ 133.691679725, 35.084159774 ], [ 133.691960327, 35.084171896 ], [ 133.691962104, 35.084110202 ], [ 133.692233734000013, 35.084112684 ], [ 133.692267364, 35.084111798 ], [ 133.692502714, 35.084121551 ], [ 133.692498325, 35.084186423 ], [ 133.692586225000014, 35.084194333 ], [ 133.692613181000013, 35.084171786 ], [ 133.692724061, 35.08417898 ], [ 133.692720791, 35.084221384 ], [ 133.692725544000012, 35.08422634 ], [ 133.6927637, 35.084228705 ], [ 133.692856483000014, 35.084238994 ], [ 133.692854205, 35.084275184 ], [ 133.693098017000011, 35.08428838 ], [ 133.69313519799999, 35.084291974 ], [ 133.693138119999986, 35.084312389 ], [ 133.69340864899999, 35.08434782 ], [ 133.693604846999989, 35.084369254 ], [ 133.693655755, 35.084366215 ], [ 133.693706512, 35.084358613 ], [ 133.693741968000012, 35.084348578 ], [ 133.693767404, 35.084335262 ], [ 133.69379278, 35.0843339 ], [ 133.693817628, 35.084335608 ], [ 133.693995058000013, 35.084395534 ], [ 133.694016987, 35.084400328 ], [ 133.694084744, 35.084458495 ], [ 133.694150732, 35.084479242 ], [ 133.69427249899999, 35.084503682 ], [ 133.694342635, 35.084522757 ], [ 133.69438423299999, 35.084528141 ], [ 133.694408618000011, 35.084528666 ], [ 133.694424413, 35.084526784 ], [ 133.694441855, 35.08452328 ], [ 133.694451713, 35.084523386 ], [ 133.694467, 35.084526225 ], [ 133.694582129, 35.084559716 ], [ 133.694654863000011, 35.084564768 ], [ 133.694725596000012, 35.08457182 ], [ 133.694840301999989, 35.084579311 ], [ 133.69486851799999, 35.08457946 ], [ 133.69488836, 35.08457897 ], [ 133.694899373, 35.084577261 ], [ 133.694908722, 35.084575146 ], [ 133.69491638299999, 35.084572825 ], [ 133.694925015, 35.084571293 ], [ 133.694935057, 35.084570372 ], [ 133.694947028, 35.084569444 ], [ 133.694965817999986, 35.084570354 ], [ 133.694988217, 35.084569633 ], [ 133.695042024, 35.084293039 ] ] ] } },
{ "type": "Feature", "properties": { "A29_001": "33214", "A29_002": "岡山県", "A29_003": "真庭市", "A29_004": 8, "A29_005": "近隣商業地域", "A29_006": 80, "A29_007": 300, "A29_008": null }, "geometry": { "type": "Polygon", "coordinates": [ [ [ 133.692113819000014, 35.079204626 ], [ 133.69204579699999, 35.079260886 ], [ 133.69197871099999, 35.0793263 ], [ 133.691948004000011, 35.079367352 ], [ 133.691586077000011, 35.079150542 ], [ 133.69153534099999, 35.079196337 ], [ 133.691458117, 35.079284928 ], [ 133.691338629, 35.079429734 ], [ 133.691268017999988, 35.079501395 ], [ 133.691167427000011, 35.079619248 ], [ 133.691109469999986, 35.079704885 ], [ 133.691077592999989, 35.079755242 ], [ 133.691038162000012, 35.079831827 ], [ 133.690982974, 35.079950354 ], [ 133.690936044000011, 35.080049228 ], [ 133.69087967499999, 35.080219049 ], [ 133.69081105, 35.080382703 ], [ 133.690766773, 35.080495609 ], [ 133.690720680999988, 35.080600689 ], [ 133.69071506099999, 35.080614064 ], [ 133.690688518, 35.080679088 ], [ 133.690661635, 35.080742597 ], [ 133.69055258, 35.080924263 ], [ 133.690524724999989, 35.081012412 ], [ 133.690487797, 35.081267577 ], [ 133.690464205000012, 35.081467959 ], [ 133.691031028999987, 35.081584157 ], [ 133.69101257299999, 35.081648503 ], [ 133.691163977, 35.081660348 ], [ 133.691166286999987, 35.081659431 ], [ 133.69116971, 35.081642412 ], [ 133.691197999, 35.081595263 ], [ 133.69122017399999, 35.081548885 ], [ 133.691237185, 35.081471622 ], [ 133.69135441200001, 35.081450617 ], [ 133.691466342000012, 35.081449388 ], [ 133.69147023799999, 35.081455981 ], [ 133.691550833, 35.081456687 ], [ 133.6916431, 35.081475041 ], [ 133.691816769000013, 35.081470858 ], [ 133.69180907399999, 35.08139771 ], [ 133.69181538699999, 35.081342098 ], [ 133.691903626999988, 35.08131032 ], [ 133.692013814, 35.081286519 ], [ 133.692121995, 35.081273713 ], [ 133.692198526999988, 35.081270972 ], [ 133.69233148, 35.081270891 ], [ 133.692528485999986, 35.0812735 ], [ 133.693190343999987, 35.081273165 ], [ 133.693502560000013, 35.081288379 ], [ 133.69365797399999, 35.081183902 ], [ 133.693722900000012, 35.081220996 ], [ 133.69373158499999, 35.081268728 ], [ 133.693746667999989, 35.081348288 ], [ 133.693753745, 35.081370176 ], [ 133.693774029, 35.081457714 ], [ 133.69381453, 35.081628787 ], [ 133.693871359000013, 35.081767485 ], [ 133.693950761, 35.082012537 ], [ 133.69399908599999, 35.08213235 ], [ 133.69400115799999, 35.082167589 ], [ 133.694001936, 35.082199901 ], [ 133.694078494, 35.082473604 ], [ 133.69413444700001, 35.082498436 ], [ 133.694245783000014, 35.082511607 ], [ 133.69457495899999, 35.082553456 ], [ 133.694667095, 35.082574782 ], [ 133.69494484399999, 35.082649793 ], [ 133.695315975, 35.08276934 ], [ 133.69540763399999, 35.082791457 ], [ 133.695826028, 35.082862094 ], [ 133.69606672099999, 35.082905042 ], [ 133.69607203000001, 35.082529773 ], [ 133.696236105999986, 35.082669502 ], [ 133.697060708, 35.083268711 ], [ 133.697326567, 35.083446392 ], [ 133.697544447000013, 35.083408078 ], [ 133.697331211, 35.083228177 ], [ 133.697105822, 35.083010432 ], [ 133.696844585, 35.082744803 ], [ 133.69576357, 35.081656285 ], [ 133.695691882, 35.081556578 ], [ 133.694984956000013, 35.080825666 ], [ 133.694958622, 35.080796708 ], [ 133.693907532, 35.07974007 ], [ 133.693745559, 35.079576686 ], [ 133.693151242999988, 35.078974749 ], [ 133.693070173, 35.078889108 ], [ 133.69296976699999, 35.078783046 ], [ 133.692894591, 35.078809016 ], [ 133.692859921, 35.078815612 ], [ 133.69271183699999, 35.078883321 ], [ 133.692594386, 35.078936264 ], [ 133.692445437, 35.079010748 ], [ 133.692277464999989, 35.079093288 ], [ 133.692186359, 35.079151103 ], [ 133.692113819000014, 35.079204626 ] ] ] } },
{ "type": "Feature", "properties": { "A29_001": "33214", "A29_002": "岡山県", "A29_003": "真庭市", "A29_004": 10, "A29_005": "準工業地域", "A29_006": 60, "A29_007": 200, "A29_008": null }, "geometry": { "type": "Polygon", "coordinates": [ [ [ 133.695355573, 35.084911753 ], [ 133.695361392, 35.084920771 ], [ 133.69536854099999, 35.084957506 ], [ 133.69537203199999, 35.084986569 ], [ 133.695375559000013, 35.085011044 ], [ 133.695394807000014, 35.085054486 ], [ 133.69571780199999, 35.085324012 ], [ 133.6958637, 35.085436991 ], [ 133.695897374, 35.085558772 ], [ 133.695915966, 35.085625983 ], [ 133.696015581000012, 35.085842428 ], [ 133.696099084999986, 35.086002675 ], [ 133.696148088, 35.086081142 ], [ 133.696176994000012, 35.08609696 ], [ 133.696263262, 35.086003366 ], [ 133.69631493599999, 35.08593712 ], [ 133.696405212, 35.085807616 ], [ 133.696589265999989, 35.085574622 ], [ 133.69674522, 35.085367478 ], [ 133.69725478699999, 35.085828725 ], [ 133.697530814, 35.08608785 ], [ 133.69778012, 35.086313949 ], [ 133.698055724, 35.086505011 ], [ 133.698264104, 35.086533155 ], [ 133.698451377, 35.086563667 ], [ 133.698648346999988, 35.086593914 ], [ 133.699944224, 35.086793688 ], [ 133.69996319, 35.08674639 ], [ 133.700051190000011, 35.086672282 ], [ 133.700259595, 35.086536901 ], [ 133.700458293999986, 35.086454203 ], [ 133.700627257, 35.086369069 ], [ 133.700827578, 35.086316208 ], [ 133.700887110999986, 35.086312697 ], [ 133.70095620399999, 35.086276747 ], [ 133.701036519000013, 35.086230525 ], [ 133.701247798999987, 35.086083294 ], [ 133.701712901, 35.085764002 ], [ 133.70186982199999, 35.085673062 ], [ 133.702033207, 35.08558713 ], [ 133.70219935099999, 35.085504657 ], [ 133.702402691, 35.085422368 ], [ 133.702587240000014, 35.085366366 ], [ 133.702715582, 35.08536359 ], [ 133.702772202, 35.085376504 ], [ 133.70289678200001, 35.085499099 ], [ 133.70312105299999, 35.085596999 ], [ 133.70356517, 35.085763693 ], [ 133.70369872099999, 35.085809495 ], [ 133.703888995, 35.085854834 ], [ 133.704000552999986, 35.085858468 ], [ 133.70438205799999, 35.085824516 ], [ 133.704863283, 35.085762017 ], [ 133.705084950000014, 35.085714993 ], [ 133.70536719399999, 35.085651272 ], [ 133.705746607, 35.085555249 ], [ 133.70614988299999, 35.085419027 ], [ 133.706264721999986, 35.085363597 ], [ 133.706360499, 35.085305588 ], [ 133.706590266, 35.085056698 ], [ 133.70662073, 35.085025296 ], [ 133.70674214499999, 35.084845472 ], [ 133.70678457, 35.084782996 ], [ 133.70695538199999, 35.084519368 ], [ 133.706963605999988, 35.084417638 ], [ 133.706972213, 35.084303163 ], [ 133.704944081, 35.084671592 ], [ 133.704085295, 35.084827072 ], [ 133.703391016000012, 35.084952617 ], [ 133.702520740000011, 35.08503154 ], [ 133.701903534, 35.085028327 ], [ 133.701408541, 35.08499793 ], [ 133.700824548000014, 35.084917398 ], [ 133.700530321, 35.084854276 ], [ 133.700343446, 35.08480959 ], [ 133.699924052999989, 35.084686201 ], [ 133.699524113, 35.084549003 ], [ 133.69945997799999, 35.084523905 ], [ 133.69949036599999, 35.084455924 ], [ 133.699509326, 35.084400765 ], [ 133.699726809, 35.084438103 ], [ 133.700354374, 35.084448214 ], [ 133.70048657000001, 35.084447524 ], [ 133.70063819, 35.084439301 ], [ 133.700762518, 35.08441635 ], [ 133.700924831, 35.084388215 ], [ 133.701126507, 35.084347999 ], [ 133.70114665700001, 35.084344597 ], [ 133.701158343, 35.084339403 ], [ 133.701163786, 35.084327577 ], [ 133.701159507, 35.084310806 ], [ 133.701143699, 35.084238978 ], [ 133.701143421000012, 35.084175605 ], [ 133.701166975, 35.084165866 ], [ 133.701230611999989, 35.084161709 ], [ 133.70153649299999, 35.084087077 ], [ 133.70207886899999, 35.083685893 ], [ 133.702448553000011, 35.083414247 ], [ 133.70277701099999, 35.083178335 ], [ 133.702683863, 35.082947514 ], [ 133.702378366, 35.082916042 ], [ 133.702280298, 35.082928486 ], [ 133.702042874, 35.082899134 ], [ 133.70185067700001, 35.082886694 ], [ 133.70151033499999, 35.082860158 ], [ 133.70137140599999, 35.082849906 ], [ 133.700681951, 35.082791053 ], [ 133.700454294, 35.082780878 ], [ 133.700187003999986, 35.082765041 ], [ 133.699987281, 35.082747412 ], [ 133.699561088, 35.082717754 ], [ 133.69938259599999, 35.082699982 ], [ 133.699330304, 35.082692218 ], [ 133.699071067, 35.082664657 ], [ 133.698793703, 35.082625769 ], [ 133.698596009999989, 35.082585423 ], [ 133.698318475, 35.082517696 ], [ 133.698039462999986, 35.0824496 ], [ 133.697601276, 35.082312529 ], [ 133.697387937, 35.082236536 ], [ 133.69677131099999, 35.081924431 ], [ 133.6967031, 35.081914716 ], [ 133.69660513299999, 35.081846458 ], [ 133.696201061000011, 35.081619823 ], [ 133.696037655999987, 35.081509691 ], [ 133.69584085599999, 35.081367761 ], [ 133.695723138, 35.081261665 ], [ 133.695680372999988, 35.081219135 ], [ 133.69562027399999, 35.080929546 ], [ 133.69556815199999, 35.080692797 ], [ 133.695388522, 35.07985845 ], [ 133.695351003000013, 35.079657727 ], [ 133.695330102000014, 35.079592947 ], [ 133.69529713, 35.079513762 ], [ 133.69528534599999, 35.079503415 ], [ 133.695245846, 35.079481032 ], [ 133.695184638, 35.079456686 ], [ 133.695159203, 35.079357376 ], [ 133.695143578999989, 35.079344358 ], [ 133.695114421999989, 35.07933866 ], [ 133.69508296399999, 35.07933973 ], [ 133.695063951, 35.079281721 ], [ 133.695044169999989, 35.079204192 ], [ 133.69502064299999, 35.079096427 ], [ 133.694945568, 35.079044776 ], [ 133.694894379, 35.079009683 ], [ 133.694830206, 35.078964823 ], [ 133.69470939499999, 35.078898887 ], [ 133.69455570299999, 35.078821094 ], [ 133.69448925899999, 35.078796099 ], [ 133.69443171399999, 35.078781625 ], [ 133.694339801000012, 35.078758956 ], [ 133.694202940999986, 35.07873605 ], [ 133.69402275600001, 35.078700602 ], [ 133.694004449, 35.078697044 ], [ 133.693885935999987, 35.078674001 ], [ 133.69385383, 35.078663979 ], [ 133.693794919, 35.078633479 ], [ 133.693744054, 35.078625818 ], [ 133.69364972299999, 35.078623473 ], [ 133.693557588, 35.078627918 ], [ 133.693489408, 35.078634337 ], [ 133.693423431000014, 35.078645077 ], [ 133.693311623999989, 35.078674676 ], [ 133.693231333, 35.078695815 ], [ 133.693074419999988, 35.078749812 ], [ 133.69296976699999, 35.078783046 ], [ 133.693070173, 35.078889108 ], [ 133.693151242999988, 35.078974749 ], [ 133.693745559, 35.079576686 ], [ 133.693907532, 35.07974007 ], [ 133.694958622, 35.080796708 ], [ 133.694984956000013, 35.080825666 ], [ 133.695691882, 35.081556578 ], [ 133.69576357, 35.081656285 ], [ 133.696844585, 35.082744803 ], [ 133.697105822, 35.083010432 ], [ 133.697331211, 35.083228177 ], [ 133.697544447000013, 35.083408078 ], [ 133.697326567, 35.083446392 ], [ 133.697060708, 35.083268711 ], [ 133.696236105999986, 35.082669502 ], [ 133.69607203000001, 35.082529773 ], [ 133.69606672099999, 35.082905042 ], [ 133.696108272, 35.083464894 ], [ 133.696108650000014, 35.084152353 ], [ 133.696122478, 35.084588192 ], [ 133.696210285, 35.08485923 ], [ 133.69612952, 35.084912298 ], [ 133.696009358, 35.084866035 ], [ 133.695700753000011, 35.084699233 ], [ 133.695489606, 35.084545526 ], [ 133.695297587999988, 35.084392713 ], [ 133.695042024, 35.084293039 ], [ 133.694988217, 35.084569633 ], [ 133.695015251, 35.084575004 ], [ 133.69502541899999, 35.084581755 ], [ 133.695033733, 35.084588677 ], [ 133.695047577, 35.084602127 ], [ 133.69506917199999, 35.084634341 ], [ 133.695082500000012, 35.084653522 ], [ 133.69508836899999, 35.084660296 ], [ 133.695093668, 35.084665678 ], [ 133.695101405, 35.084671966 ], [ 133.695119914, 35.08468353 ], [ 133.69513192299999, 35.084692003 ], [ 133.69514162199999, 35.084701231 ], [ 133.69515542900001, 35.084718116 ], [ 133.69519247299999, 35.084757604 ], [ 133.69527555, 35.084830076 ], [ 133.69533105, 35.084878189 ], [ 133.69534578299999, 35.084895845 ], [ 133.695355573, 35.084911753 ] ] ] } },
{ "type": "Feature", "properties": { "A29_001": "33214", "A29_002": "岡山県", "A29_003": "真庭市", "A29_004": 5, "A29_005": "第一種住居地域", "A29_006": 60, "A29_007": 200, "A29_008": null }, "geometry": { "type": "Polygon", "coordinates": [ [ [ 133.696882033, 35.086908472 ], [ 133.696901693, 35.0869399 ], [ 133.696900421, 35.086962457 ], [ 133.696924464, 35.08700715 ], [ 133.696951363000011, 35.08703291 ], [ 133.69699854800001, 35.087063239 ], [ 133.697040726000012, 35.087091576 ], [ 133.697115679, 35.087175533 ], [ 133.697183505, 35.08728618 ], [ 133.697247131000012, 35.087317749 ], [ 133.69730407099999, 35.087346002 ], [ 133.697411689, 35.087386914 ], [ 133.697432781, 35.087387927 ], [ 133.69746835399999, 35.087377197 ], [ 133.697484906999989, 35.08735262 ], [ 133.69751964400001, 35.087325155 ], [ 133.69755426399999, 35.087314122 ], [ 133.69774747400001, 35.087474321 ], [ 133.69794620499999, 35.087627075 ], [ 133.698042923, 35.087693351 ], [ 133.698114408, 35.087732587 ], [ 133.698450071, 35.087918176 ], [ 133.69871768199999, 35.088036133 ], [ 133.698924088000012, 35.088077597 ], [ 133.69912299500001, 35.088089095 ], [ 133.699355072, 35.08802737 ], [ 133.699511691, 35.087974967 ], [ 133.699589449, 35.087923649 ], [ 133.69968469599999, 35.087857125 ], [ 133.699849172, 35.087703242 ], [ 133.69989085099999, 35.087672847 ], [ 133.699929153, 35.087655109 ], [ 133.700012923, 35.087633127 ], [ 133.700021611000011, 35.087627178 ], [ 133.7001043, 35.087567835 ], [ 133.70011735599999, 35.087524553 ], [ 133.70025547099999, 35.087290611 ], [ 133.700274689, 35.087285799 ], [ 133.700316657, 35.087274741 ], [ 133.70036265499999, 35.087264362 ], [ 133.700392583, 35.087248851 ], [ 133.70041959400001, 35.087214854 ], [ 133.700454592, 35.087154911 ], [ 133.700547013, 35.087052187 ], [ 133.700617615999988, 35.086989851 ], [ 133.70063439099999, 35.086966231 ], [ 133.700665109, 35.086930739 ], [ 133.70068650499999, 35.086908089 ], [ 133.70072935799999, 35.086878962 ], [ 133.700751059, 35.086867915 ], [ 133.70079773099999, 35.086846831 ], [ 133.70091223599999, 35.086801346 ], [ 133.701175675, 35.086709583 ], [ 133.70143076299999, 35.086624221 ], [ 133.701563763, 35.086576497 ], [ 133.701636648, 35.08655654 ], [ 133.701706918000014, 35.086550119 ], [ 133.701777655, 35.086568426 ], [ 133.70191577599999, 35.086567649 ], [ 133.701927875, 35.086648427 ], [ 133.701940549999989, 35.086654469 ], [ 133.702102131, 35.086676233 ], [ 133.702236610999989, 35.086676933 ], [ 133.70225198599999, 35.086678437 ], [ 133.702270399000014, 35.086682707 ], [ 133.702358323999988, 35.086706304 ], [ 133.702401603999988, 35.086715625 ], [ 133.70242531299999, 35.086718615 ], [ 133.70244124300001, 35.086719248 ], [ 133.702462402, 35.086720124 ], [ 133.70248962299999, 35.086719887 ], [ 133.702539037, 35.086711644 ], [ 133.70257325099999, 35.086700608 ], [ 133.702685761, 35.086651866 ], [ 133.702734262, 35.08663545 ], [ 133.70277822599999, 35.086624285 ], [ 133.702832268, 35.086607511 ], [ 133.702860523, 35.08659968 ], [ 133.70290479799999, 35.086592329 ], [ 133.702946406, 35.086587993 ], [ 133.703006417000012, 35.086582229 ], [ 133.703049735, 35.086579434 ], [ 133.703090371, 35.086580394 ], [ 133.703148422, 35.086589791 ], [ 133.703209284, 35.086591631 ], [ 133.703327393, 35.086589207 ], [ 133.703438169, 35.086579163 ], [ 133.703511174, 35.086562099 ], [ 133.703611934, 35.086535309 ], [ 133.7036762, 35.086516676 ], [ 133.703739907, 35.086509426 ], [ 133.703775884, 35.086509991 ], [ 133.704114307999987, 35.086528434 ], [ 133.704159465, 35.08653322 ], [ 133.704224955, 35.086535084 ], [ 133.704300665, 35.086527129 ], [ 133.704357507999987, 35.086518292 ], [ 133.704504356, 35.086489216 ], [ 133.70453622799999, 35.086483215 ], [ 133.704566755, 35.086472376 ], [ 133.70460845299999, 35.086449074 ], [ 133.704675173999988, 35.086409215 ], [ 133.704729786, 35.086385232 ], [ 133.70477232799999, 35.086370659 ], [ 133.704883225, 35.086346192 ], [ 133.70503474899999, 35.08631512 ], [ 133.705121587, 35.086290357 ], [ 133.705187211, 35.086283296 ], [ 133.705247203999988, 35.086278297 ], [ 133.705288711, 35.086280027 ], [ 133.70533146299999, 35.086282385 ], [ 133.70539431899999, 35.08628171 ], [ 133.705425233, 35.086280355 ], [ 133.705440906, 35.086281572 ], [ 133.70545241100001, 35.086285805 ], [ 133.70546391, 35.086289281 ], [ 133.705479970999988, 35.086290023 ], [ 133.705609662, 35.086264399 ], [ 133.705720219, 35.086248511 ], [ 133.705813365000012, 35.086252031 ], [ 133.70583460099999, 35.086259974 ], [ 133.70584914299999, 35.086258553 ], [ 133.705890168, 35.086241575 ], [ 133.705905457999989, 35.086221236 ], [ 133.70600590399999, 35.086198084 ], [ 133.70604513699999, 35.08618454 ], [ 133.70609974199999, 35.086165685 ], [ 133.706164484999988, 35.086136119 ], [ 133.70621390299999, 35.08609004 ], [ 133.706250616, 35.086043148 ], [ 133.706657455, 35.085829933 ], [ 133.706721391, 35.085786922 ], [ 133.706761277999988, 35.085749457 ], [ 133.706776224, 35.085725267 ], [ 133.706795903, 35.085685922 ], [ 133.706817593000011, 35.085623077 ], [ 133.706833593999988, 35.085581432 ], [ 133.70684128100001, 35.085541276 ], [ 133.706845327999986, 35.085483848 ], [ 133.70684596699999, 35.085410393 ], [ 133.706850185, 35.085340634 ], [ 133.706854056999987, 35.085316135 ], [ 133.70686134499999, 35.085269433 ], [ 133.706869966999989, 35.08522463 ], [ 133.70687607, 35.085189578 ], [ 133.706897118, 35.085123124 ], [ 133.706936977999987, 35.084964388 ], [ 133.706952879, 35.084938634 ], [ 133.706972725000014, 35.084870191 ], [ 133.706962917, 35.084810492 ], [ 133.706955835, 35.084788596 ], [ 133.706945088999987, 35.084772648 ], [ 133.70693381800001, 35.084753758 ], [ 133.70682106699999, 35.084781472 ], [ 133.70678457, 35.084782996 ], [ 133.70674214499999, 35.084845472 ], [ 133.70662073, 35.085025296 ], [ 133.706590266, 35.085056698 ], [ 133.706360499, 35.085305588 ], [ 133.706264721999986, 35.085363597 ], [ 133.70614988299999, 35.085419027 ], [ 133.705746607, 35.085555249 ], [ 133.70536719399999, 35.085651272 ], [ 133.705084950000014, 35.085714993 ], [ 133.704863283, 35.085762017 ], [ 133.70438205799999, 35.085824516 ], [ 133.704000552999986, 35.085858468 ], [ 133.703888995, 35.085854834 ], [ 133.70369872099999, 35.085809495 ], [ 133.70356517, 35.085763693 ], [ 133.70312105299999, 35.085596999 ], [ 133.70289678200001, 35.085499099 ], [ 133.702772202, 35.085376504 ], [ 133.702715582, 35.08536359 ], [ 133.702587240000014, 35.085366366 ], [ 133.702402691, 35.085422368 ], [ 133.70219935099999, 35.085504657 ], [ 133.702033207, 35.08558713 ], [ 133.70186982199999, 35.085673062 ], [ 133.701712901, 35.085764002 ], [ 133.701247798999987, 35.086083294 ], [ 133.701036519000013, 35.086230525 ], [ 133.70095620399999, 35.086276747 ], [ 133.700887110999986, 35.086312697 ], [ 133.700827578, 35.086316208 ], [ 133.700627257, 35.086369069 ], [ 133.700458293999986, 35.086454203 ], [ 133.700259595, 35.086536901 ], [ 133.700051190000011, 35.086672282 ], [ 133.69996319, 35.08674639 ], [ 133.699944224, 35.086793688 ], [ 133.698648346999988, 35.086593914 ], [ 133.698451377, 35.086563667 ], [ 133.698264104, 35.086533155 ], [ 133.698055724, 35.086505011 ], [ 133.69778012, 35.086313949 ], [ 133.697530814, 35.08608785 ], [ 133.69725478699999, 35.085828725 ], [ 133.69674522, 35.085367478 ], [ 133.696589265999989, 35.085574622 ], [ 133.696405212, 35.085807616 ], [ 133.69631493599999, 35.08593712 ], [ 133.696263262, 35.086003366 ], [ 133.696176994000012, 35.08609696 ], [ 133.69627565, 35.086259179 ], [ 133.69631244499999, 35.086308267 ], [ 133.69655337, 35.086548568 ], [ 133.69659630000001, 35.086590115 ], [ 133.696735307000012, 35.086726584 ], [ 133.69678215499999, 35.086770487 ], [ 133.69681782399999, 35.086810878 ], [ 133.696860726000011, 35.08686876 ], [ 133.696882033, 35.086908472 ] ] ] } },
{ "type": "Feature", "properties": { "A29_001": "33214", "A29_002": "岡山県", "A29_003": "真庭市", "A29_004": 5, "A29_005": "第一種住居地域", "A29_006": 60, "A29_007": 200, "A29_008": null }, "geometry": { "type": "Polygon", "coordinates": [ [ [ 133.691861518, 35.086338962 ], [ 133.691806552, 35.086264834 ], [ 133.69176477100001, 35.086226869 ], [ 133.69171719, 35.086198303 ], [ 133.691675124999989, 35.086196512 ], [ 133.69161942, 35.086208405 ], [ 133.691572137, 35.086220333 ], [ 133.691531880000014, 35.086232704 ], [ 133.69150023099999, 35.086245112 ], [ 133.691547406000012, 35.086323994 ], [ 133.691559253, 35.08641193 ], [ 133.691562185, 35.086533225 ], [ 133.691562447, 35.08664249 ], [ 133.691554746, 35.08665269 ], [ 133.691546945, 35.086662844 ], [ 133.691539025, 35.086672934 ], [ 133.691531007, 35.08668297 ], [ 133.69152287899999, 35.086692951 ], [ 133.691514675, 35.086702877 ], [ 133.691506481, 35.086712831 ], [ 133.69149828799999, 35.086722784 ], [ 133.691490073000011, 35.086732729 ], [ 133.69148179199999, 35.086742628 ], [ 133.691473424, 35.086752481 ], [ 133.691464935999988, 35.086762253 ], [ 133.69145630599999, 35.086771925 ], [ 133.691447501999988, 35.086781479 ], [ 133.691438369999986, 35.086790824 ], [ 133.691428758, 35.086799859 ], [ 133.691418819, 35.086808668 ], [ 133.691408693999989, 35.086817349 ], [ 133.691398526, 35.086826003 ], [ 133.691388499999988, 35.086834757 ], [ 133.691378527000012, 35.086843647 ], [ 133.691368020999988, 35.086851983 ], [ 133.691356385, 35.086859088 ], [ 133.691342651000014, 35.087007799 ], [ 133.69129310299999, 35.087303191 ], [ 133.691274951, 35.087401361 ], [ 133.69114534799999, 35.087831753 ], [ 133.69079150499999, 35.088549995 ], [ 133.690672352, 35.088866833 ], [ 133.690552047000011, 35.089266182 ], [ 133.690476163, 35.089502733 ], [ 133.690380389000012, 35.089827988 ], [ 133.69035805499999, 35.089916652 ], [ 133.690353245000011, 35.089939767 ], [ 133.690335710999989, 35.089992543 ], [ 133.690333743999986, 35.090008506 ], [ 133.690330883, 35.090044648 ], [ 133.69023407899999, 35.090081842 ], [ 133.690034543, 35.090176661 ], [ 133.690025737000013, 35.090325937 ], [ 133.690043236, 35.090531937 ], [ 133.690087455999986, 35.090742794 ], [ 133.690204298999987, 35.090954035 ], [ 133.690308711, 35.091047329 ], [ 133.690405763, 35.091102859 ], [ 133.69059817199999, 35.091185612 ], [ 133.690671044, 35.091215746 ], [ 133.690673605, 35.091015189 ], [ 133.69067992, 35.090979147 ], [ 133.690682156, 35.090919204 ], [ 133.690695866, 35.090913507 ], [ 133.69071362299999, 35.090904948 ], [ 133.690729733000012, 35.090892557 ], [ 133.690740577000014, 35.090883077 ], [ 133.690754091, 35.090867419 ], [ 133.690762301, 35.090856843 ], [ 133.690764765000011, 35.090847418 ], [ 133.69076773399999, 35.090835247 ], [ 133.690770769000011, 35.09081324 ], [ 133.690775739, 35.090789279 ], [ 133.69077829299999, 35.090768461 ], [ 133.690779983, 35.090736225 ], [ 133.690781694, 35.09070124 ], [ 133.690780842, 35.090688255 ], [ 133.690778990000013, 35.0906796 ], [ 133.690772962000011, 35.090656753 ], [ 133.69076736400001, 35.090637847 ], [ 133.690756107999988, 35.090610266 ], [ 133.690740057, 35.090581687 ], [ 133.69069526199999, 35.090517961 ], [ 133.690705248, 35.090447359 ], [ 133.690691181, 35.090332134 ], [ 133.690694686, 35.090232048 ], [ 133.6907005, 35.090198338 ], [ 133.69071154400001, 35.090047432 ], [ 133.69074103, 35.090014397 ], [ 133.690845752, 35.089794036 ], [ 133.690940251, 35.089609976 ], [ 133.691009388999987, 35.089376265 ], [ 133.691161448, 35.088825127 ], [ 133.69128046599999, 35.088509766 ], [ 133.691303014, 35.088439898 ], [ 133.691306429, 35.088430874 ], [ 133.69131411, 35.0884262 ], [ 133.691320354, 35.088424268 ], [ 133.691330386, 35.088424709 ], [ 133.69143574099999, 35.088474269 ], [ 133.691471355, 35.088396753 ], [ 133.691566247, 35.088335822 ], [ 133.69162866, 35.088283995 ], [ 133.691658611, 35.088237793 ], [ 133.691680509, 35.088150009 ], [ 133.691695254, 35.088077846 ], [ 133.691719226, 35.087988504 ], [ 133.69174541000001, 35.087941453 ], [ 133.691785087999989, 35.0878912 ], [ 133.691842395, 35.087833144 ], [ 133.69186333799999, 35.087825241 ], [ 133.691885563999989, 35.087829938 ], [ 133.69209698099999, 35.087847083 ], [ 133.692246023, 35.087534314 ], [ 133.69254747799999, 35.087558516 ], [ 133.692515046000011, 35.087372377 ], [ 133.692213024000012, 35.087352103 ], [ 133.692225220000012, 35.087260959 ], [ 133.692226131000012, 35.087144588 ], [ 133.692225602, 35.086966875 ], [ 133.69220549, 35.086850384 ], [ 133.692162243000013, 35.086755801 ], [ 133.692133985999988, 35.08670061 ], [ 133.692077089, 35.086640543 ], [ 133.69205104400001, 35.086601148 ], [ 133.69203536099999, 35.086570425 ], [ 133.69203556799999, 35.086543878 ], [ 133.692042307, 35.086508262 ], [ 133.692041558, 35.086486254 ], [ 133.69203060000001, 35.086471025 ], [ 133.691967279000011, 35.086428971 ], [ 133.691906780000011, 35.086379342 ], [ 133.691861518, 35.086338962 ] ] ] } },
{ "type": "Feature", "properties": { "A29_001": "33214", "A29_002": "岡山県", "A29_003": "真庭市", "A29_004": 5, "A29_005": "第一種住居地域", "A29_006": 60, "A29_007": 200, "A29_008": null }, "geometry": { "type": "Polygon", "coordinates": [ [ [ 133.688428999, 35.078203614 ], [ 133.688478911, 35.078201229 ], [ 133.68856127, 35.07820731 ], [ 133.688602433, 35.078211766 ], [ 133.68871217099999, 35.078229296 ], [ 133.688659967, 35.078100527 ], [ 133.688557683, 35.078008207 ], [ 133.688384047999989, 35.077877972 ], [ 133.68811761399999, 35.077701468 ], [ 133.687815339, 35.077497954 ], [ 133.687450488, 35.077252478 ], [ 133.687137976, 35.077040434 ], [ 133.68699292299999, 35.076929532 ], [ 133.68684112599999, 35.076801845 ], [ 133.686703093, 35.076671211 ], [ 133.685809901, 35.076079084 ], [ 133.685839695, 35.076041427 ], [ 133.685584519, 35.075879373 ], [ 133.68483263600001, 35.075576157 ], [ 133.684139343999988, 35.075332772 ], [ 133.683540181000012, 35.075227737 ], [ 133.683611351, 35.075314161 ], [ 133.68366153, 35.075349865 ], [ 133.683853191, 35.075423287 ], [ 133.683980889999987, 35.075470638 ], [ 133.68408074300001, 35.07551867 ], [ 133.684173114, 35.075558792 ], [ 133.684216813, 35.07557234 ], [ 133.684267190000014, 35.075585933 ], [ 133.684342249999986, 35.075609051 ], [ 133.684414355, 35.075645467 ], [ 133.684472105, 35.075688865 ], [ 133.684513689999989, 35.075729815 ], [ 133.684529819, 35.075752185 ], [ 133.68454359099999, 35.075768782 ], [ 133.68466378, 35.075832742 ], [ 133.68474303799999, 35.075875579 ], [ 133.684753324000013, 35.075899135 ], [ 133.684743657000013, 35.075917878 ], [ 133.684732555000011, 35.075933792 ], [ 133.684727904999988, 35.075975477 ], [ 133.684711408999988, 35.076016206 ], [ 133.684699208000012, 35.076058734 ], [ 133.684686943, 35.076109257 ], [ 133.68468288299999, 35.076212171 ], [ 133.684685876, 35.076244135 ], [ 133.68469430499999, 35.076268131 ], [ 133.684726283, 35.076316223 ], [ 133.68473781599999, 35.07633178 ], [ 133.68488508199999, 35.076421792 ], [ 133.685013739, 35.076557534 ], [ 133.68510534, 35.076641236 ], [ 133.68526208099999, 35.076670235 ], [ 133.685362156999986, 35.076726353 ], [ 133.685421885000011, 35.076763883 ], [ 133.685444203, 35.076780129 ], [ 133.685460103999986, 35.076793862 ], [ 133.685467769000013, 35.076802169 ], [ 133.685478614, 35.076818814 ], [ 133.685484765000012, 35.076832657 ], [ 133.68549253, 35.076858894 ], [ 133.68549899199999, 35.07688343 ], [ 133.685499948, 35.076894234 ], [ 133.685500506000011, 35.076933225 ], [ 133.6855032, 35.076982323 ], [ 133.685511158999986, 35.076999222 ], [ 133.685522391, 35.077011262 ], [ 133.68553954399999, 35.077023334 ], [ 133.685556209, 35.077030526 ], [ 133.685577739, 35.077035518 ], [ 133.68560412299999, 35.077040987 ], [ 133.68561955199999, 35.077043611 ], [ 133.68567154199999, 35.077050172 ], [ 133.685702886, 35.077052467 ], [ 133.685731976999989, 35.077055236 ], [ 133.685668566, 35.077145195 ], [ 133.685614844000014, 35.077225885 ], [ 133.68550990899999, 35.077326601 ], [ 133.685449287000012, 35.077417287 ], [ 133.685409074, 35.07748834 ], [ 133.68537277199999, 35.077516866 ], [ 133.685367601, 35.077520417 ], [ 133.68536278900001, 35.07752434 ], [ 133.685358021000013, 35.077528317 ], [ 133.685353295999988, 35.077532339 ], [ 133.685348592, 35.077536406 ], [ 133.685343899, 35.077540501 ], [ 133.685339228, 35.077544623 ], [ 133.685329886, 35.077552893 ], [ 133.685325193000011, 35.077557024 ], [ 133.685320499999989, 35.077561136 ], [ 133.68531577499999, 35.077565231 ], [ 133.685311004999988, 35.077569298 ], [ 133.685292874, 35.077582407 ], [ 133.685258103, 35.077607353 ], [ 133.685232256, 35.077624126 ], [ 133.685214078, 35.077634792 ], [ 133.685189804, 35.077648274 ], [ 133.685166788, 35.07766197 ], [ 133.685157572, 35.077668204 ], [ 133.68514602, 35.077681331 ], [ 133.685125973999988, 35.077705085 ], [ 133.685093169, 35.077740624 ], [ 133.685076732999988, 35.077757006 ], [ 133.685059618999986, 35.077773312 ], [ 133.685058604, 35.077786575 ], [ 133.685059458000012, 35.077799155 ], [ 133.68506980699999, 35.077818853 ], [ 133.685101105, 35.077857476 ], [ 133.685117077, 35.077885767 ], [ 133.685190871, 35.077975089 ], [ 133.68543724, 35.077870333 ], [ 133.685600900999987, 35.077834275 ], [ 133.685757755999987, 35.077813108 ], [ 133.685910048000011, 35.077804492 ], [ 133.68609229899999, 35.077792899 ], [ 133.686218359, 35.077799855 ], [ 133.686315645, 35.077820801 ], [ 133.686405189, 35.07785428 ], [ 133.686456432, 35.077898562 ], [ 133.68648273, 35.077955268 ], [ 133.686493592, 35.078032336 ], [ 133.686505681, 35.078194254 ], [ 133.68651859900001, 35.078252466 ], [ 133.686560206, 35.078307694 ], [ 133.68662659899999, 35.078369337 ], [ 133.686700833, 35.078405872 ], [ 133.686798169000014, 35.078420534 ], [ 133.687260994000013, 35.078368004 ], [ 133.687499659999986, 35.078345802 ], [ 133.687621248, 35.07833464 ], [ 133.687911732, 35.078318717 ], [ 133.688015005000011, 35.078285453 ], [ 133.688113425000012, 35.078251641 ], [ 133.68818293699999, 35.078226446 ], [ 133.688233139, 35.078213777 ], [ 133.68834019900001, 35.078206486 ], [ 133.688428999, 35.078203614 ] ] ] } },
{ "type": "Feature", "properties": { "A29_001": "33214", "A29_002": "岡山県", "A29_003": "真庭市", "A29_004": 1, "A29_005": "第一種低層住居専用地域", "A29_006": 60, "A29_007": 100, "A29_008": null }, "geometry": { "type": "Polygon", "coordinates": [ [ [ 133.761012537, 35.079228782 ], [ 133.76105105900001, 35.079254033 ], [ 133.76112924200001, 35.079285952 ], [ 133.76129090399999, 35.079297983 ], [ 133.761381813000014, 35.079313276 ], [ 133.761529728, 35.079331101 ], [ 133.761610921, 35.079322921 ], [ 133.761706511999989, 35.079295868 ], [ 133.761715302999988, 35.079293205 ], [ 133.761763554999987, 35.079292982 ], [ 133.761795282, 35.079303498 ], [ 133.761816599000014, 35.079313064 ], [ 133.76192198199999, 35.07937576 ], [ 133.762035696, 35.079423162 ], [ 133.76221468, 35.079467274 ], [ 133.762273889999989, 35.079468004 ], [ 133.762376515, 35.079454506 ], [ 133.762537648, 35.079463828 ], [ 133.762589631, 35.079478947 ], [ 133.762609706, 35.079509239 ], [ 133.762664840000014, 35.079544205 ], [ 133.762845301, 35.079612653 ], [ 133.762885785, 35.079625464 ], [ 133.76300466399999, 35.079639995 ], [ 133.763068699, 35.079656514 ], [ 133.76336438199999, 35.079568354 ], [ 133.763424963, 35.079537602 ], [ 133.76369648, 35.079382648 ], [ 133.76381643799999, 35.079315954 ], [ 133.76410537699999, 35.079044317 ], [ 133.764291801000013, 35.078885627 ], [ 133.764295342, 35.078869958 ], [ 133.764151747, 35.078841258 ], [ 133.764111773, 35.078833859 ], [ 133.76388194099999, 35.078769237 ], [ 133.763791696, 35.078737263 ], [ 133.763710828, 35.078697219 ], [ 133.76362127499999, 35.078644515 ], [ 133.76358471, 35.078620004 ], [ 133.76354817699999, 35.078590986 ], [ 133.763477902, 35.07852576 ], [ 133.763417887, 35.07848311 ], [ 133.76334177199999, 35.078390354 ], [ 133.763250414999987, 35.078281751 ], [ 133.763230130000011, 35.078281656 ], [ 133.763231733999987, 35.078287523 ], [ 133.76322355, 35.078281625 ], [ 133.763196278, 35.078261214 ], [ 133.763111798000011, 35.078202953 ], [ 133.763066407999986, 35.07817182 ], [ 133.763036395, 35.078151397 ], [ 133.76297520599999, 35.078120009 ], [ 133.762907375, 35.078097604 ], [ 133.76269872099999, 35.078062828 ], [ 133.762663167999989, 35.078050491 ], [ 133.762641817, 35.078045883 ], [ 133.762600187, 35.078040278 ], [ 133.762436992, 35.078012467 ], [ 133.762358782, 35.077984614 ], [ 133.762345189, 35.077968324 ], [ 133.762291594, 35.07794869 ], [ 133.76215762699999, 35.077896677 ], [ 133.762123222000014, 35.077877134 ], [ 133.761983891999989, 35.077807976 ], [ 133.761982912, 35.077791295 ], [ 133.76194248199999, 35.077770822 ], [ 133.761902146000011, 35.077736828 ], [ 133.761747421, 35.077673899 ], [ 133.76167799000001, 35.077645185 ], [ 133.761657232, 35.07763427 ], [ 133.761624719, 35.077579128 ], [ 133.761606382999986, 35.077535322 ], [ 133.761597797, 35.077508688 ], [ 133.76157484399999, 35.077419337 ], [ 133.76156620099999, 35.077400817 ], [ 133.76157616099999, 35.077387793 ], [ 133.761562029, 35.077370148 ], [ 133.761538887, 35.077307839 ], [ 133.761534668, 35.077283931 ], [ 133.761538027, 35.07727403 ], [ 133.761522237, 35.077240972 ], [ 133.76150193399999, 35.077166372 ], [ 133.7614951, 35.077139963 ], [ 133.761494696, 35.077119228 ], [ 133.761491473, 35.077109748 ], [ 133.76148176699999, 35.077007838 ], [ 133.761478571, 35.076994302 ], [ 133.761462838999989, 35.076970339 ], [ 133.761454179999987, 35.076954072 ], [ 133.761441799000011, 35.076921111 ], [ 133.76143855699999, 35.076914335 ], [ 133.76136703099999, 35.07687163 ], [ 133.761338161999987, 35.076844459 ], [ 133.761312624, 35.076811436 ], [ 133.761307305, 35.076787973 ], [ 133.76130789699999, 35.076781666 ], [ 133.761298219999986, 35.076754126 ], [ 133.761265963999989, 35.076740903 ], [ 133.761250711, 35.076726858 ], [ 133.761166566000014, 35.076685446 ], [ 133.76111349199999, 35.076669871 ], [ 133.761053344, 35.0766466 ], [ 133.761029911, 35.076626207 ], [ 133.760996826, 35.076574677 ], [ 133.760993829, 35.076532746 ], [ 133.760997774, 35.076517431 ], [ 133.760996728, 35.076510214 ], [ 133.760978669999986, 35.07650518 ], [ 133.760977610999987, 35.076499766 ], [ 133.760966908, 35.076462306 ], [ 133.760946279, 35.076432912 ], [ 133.76091341099999, 35.076350274 ], [ 133.7609109, 35.076317359 ], [ 133.760908261999987, 35.076302473 ], [ 133.760915014, 35.076277715 ], [ 133.760922806, 35.076182649 ], [ 133.760914355000011, 35.076136636 ], [ 133.760882833000011, 35.076096823 ], [ 133.760772511999988, 35.076035455 ], [ 133.760779226000011, 35.076016105 ], [ 133.760699162, 35.075940006 ], [ 133.760682374, 35.075910179 ], [ 133.76065655299999, 35.075839293 ], [ 133.760622353, 35.075790463 ], [ 133.760580909999987, 35.075758265 ], [ 133.760553179, 35.075725232 ], [ 133.760484544, 35.075661356 ], [ 133.76044855399999, 35.075633241 ], [ 133.760416869000011, 35.075616865 ], [ 133.760317221, 35.075597464 ], [ 133.760164640999989, 35.07562064 ], [ 133.76009380299999, 35.075636531 ], [ 133.76006148799999, 35.075631871 ], [ 133.760042242, 35.075639893 ], [ 133.76000936299999, 35.075637484 ], [ 133.759972599, 35.075641827 ], [ 133.759926721999989, 35.075663524 ], [ 133.759835084, 35.075707433 ], [ 133.75969082899999, 35.075716216 ], [ 133.75959923, 35.075721651 ], [ 133.75957731299999, 35.075719744 ], [ 133.759450500000014, 35.075743033 ], [ 133.759389981, 35.075772945 ], [ 133.75934871699999, 35.075793483 ], [ 133.759331113, 35.075801963 ], [ 133.759268303999988, 35.075845837 ], [ 133.759208804999986, 35.075886571 ], [ 133.759179007, 35.075913924 ], [ 133.759161873000011, 35.075933675 ], [ 133.75912867400001, 35.075976796 ], [ 133.75904456, 35.076087727 ], [ 133.759016886000012, 35.076125006 ], [ 133.758990333000014, 35.076158684 ], [ 133.758962032999989, 35.076188163 ], [ 133.758908601, 35.076242582 ], [ 133.75886728, 35.076271233 ], [ 133.75889370499999, 35.076334008 ], [ 133.75890570199999, 35.076421506 ], [ 133.75887362200001, 35.076617869 ], [ 133.758885002999989, 35.076636853 ], [ 133.758889778999986, 35.076659412 ], [ 133.758884088, 35.076689133 ], [ 133.75884970300001, 35.076746663 ], [ 133.758832227, 35.07681509 ], [ 133.758791034000012, 35.076903687 ], [ 133.75878606399999, 35.076908622 ], [ 133.758736292, 35.076969693 ], [ 133.75864484600001, 35.076953034 ], [ 133.758582335999989, 35.07695409 ], [ 133.758523634, 35.07695922 ], [ 133.758462248, 35.076956225 ], [ 133.758452218, 35.076979164 ], [ 133.758442347, 35.076979568 ], [ 133.758424338, 35.077045739 ], [ 133.758417947999988, 35.077064017 ], [ 133.758414267, 35.077074538 ], [ 133.758405904, 35.07709433 ], [ 133.758178272, 35.077353462 ], [ 133.758050825999987, 35.077377512 ], [ 133.758034766, 35.077478398 ], [ 133.75806421499999, 35.077579049 ], [ 133.758151938, 35.07765744 ], [ 133.75815929699999, 35.077702547 ], [ 133.758198356, 35.077840203 ], [ 133.75819579899999, 35.077892024 ], [ 133.758210308, 35.07793401 ], [ 133.758214646999988, 35.077940792 ], [ 133.75823850099999, 35.077979216 ], [ 133.758253149000012, 35.078001371 ], [ 133.75826551899999, 35.078035685 ], [ 133.75829296500001, 35.078109283 ], [ 133.758295120000014, 35.078114702 ], [ 133.75831270399999, 35.078187352 ], [ 133.758353035, 35.078221798 ], [ 133.758422954, 35.078259089 ], [ 133.758460641999989, 35.07827955 ], [ 133.758526792999987, 35.078306898 ], [ 133.758624637999986, 35.078349279 ], [ 133.758756564, 35.078457627 ], [ 133.75881449, 35.078484945 ], [ 133.75886211400001, 35.078495987 ], [ 133.759003941, 35.07852144 ], [ 133.759085012000014, 35.078532191 ], [ 133.75919358199999, 35.078530902 ], [ 133.75922821399999, 35.078517995 ], [ 133.759256122000011, 35.078525789 ], [ 133.759326277000014, 35.078607702 ], [ 133.759372617999986, 35.078645331 ], [ 133.75944579899999, 35.078686685 ], [ 133.759479158, 35.078699012 ], [ 133.759578798, 35.078720217 ], [ 133.759657871, 35.078781438 ], [ 133.75972057199999, 35.078831765 ], [ 133.759774658, 35.078859515 ], [ 133.759850086, 35.078893225 ], [ 133.75992510099999, 35.078907543 ], [ 133.75998969299999, 35.078922723 ], [ 133.76000011299999, 35.078922321 ], [ 133.760065421, 35.078913616 ], [ 133.76014543, 35.078919402 ], [ 133.76019912000001, 35.078925516 ], [ 133.76023587, 35.078923427 ], [ 133.76026992199999, 35.078915024 ], [ 133.760285270999987, 35.078915547 ], [ 133.76035539599999, 35.078923541 ], [ 133.760390403, 35.078935425 ], [ 133.760400764, 35.078943587 ], [ 133.76042254, 35.078965775 ], [ 133.760461222, 35.079001114 ], [ 133.760491726, 35.079029654 ], [ 133.760536148999989, 35.079028061 ], [ 133.76056297299999, 35.079034047 ], [ 133.76065427899999, 35.079070978 ], [ 133.76074609299999, 35.079113779 ], [ 133.760827672, 35.07913039 ], [ 133.760898781, 35.079154614 ], [ 133.760922252, 35.079169599 ], [ 133.761012537, 35.079228782 ] ] ] } },
{ "type": "Feature", "properties": { "A29_001": "33214", "A29_002": "岡山県", "A29_003": "真庭市", "A29_004": 5, "A29_005": "第一種住居地域", "A29_006": 60, "A29_007": 200, "A29_008": null }, "geometry": { "type": "Polygon", "coordinates": [ [ [ 133.750167226, 35.08253828 ], [ 133.75016952199999, 35.082523868 ], [ 133.750173362999988, 35.082523436 ], [ 133.750152848, 35.082478265 ], [ 133.750132869999987, 35.0824349 ], [ 133.750125851, 35.082419541 ], [ 133.750111323, 35.082380709 ], [ 133.75009463399999, 35.08233736 ], [ 133.750088166000012, 35.082321553 ], [ 133.750081693, 35.082306648 ], [ 133.750089526000011, 35.0822846 ], [ 133.750095069999986, 35.082276063 ], [ 133.750100075, 35.082266172 ], [ 133.750115494999989, 35.082256781 ], [ 133.750124287, 35.082254118 ], [ 133.75020288799999, 35.082227002 ], [ 133.750245228000011, 35.082210079 ], [ 133.750286466, 35.082194042 ], [ 133.750378893, 35.082150315 ], [ 133.75039376399999, 35.082140922 ], [ 133.750432308, 35.08211812 ], [ 133.750487357999987, 35.082087285 ], [ 133.750511037, 35.082072975 ], [ 133.75054516599999, 35.082054209 ], [ 133.750585355, 35.082031406 ], [ 133.75060132499999, 35.082021567 ], [ 133.750612894, 35.082013961 ], [ 133.750627302999987, 35.081992395 ], [ 133.750638946, 35.081974422 ], [ 133.75064784, 35.081957337 ], [ 133.750653476999986, 35.08193573 ], [ 133.750656872, 35.081920872 ], [ 133.750660258000011, 35.081907367 ], [ 133.75066543, 35.081874038 ], [ 133.75067057199999, 35.081843414 ], [ 133.750675625000014, 35.081826761 ], [ 133.7506807, 35.081806954 ], [ 133.750686876, 35.081786701 ], [ 133.75069306099999, 35.081765096 ], [ 133.75069657200001, 35.081734013 ], [ 133.750696205999986, 35.08170832 ], [ 133.750688623, 35.081695213 ], [ 133.750677782, 35.081677582 ], [ 133.750656056, 35.081648632 ], [ 133.750619124999986, 35.081598875 ], [ 133.750554491, 35.081512476 ], [ 133.750525159, 35.081473573 ], [ 133.750490937, 35.081428336 ], [ 133.75045998600001, 35.08138582 ], [ 133.75042142699999, 35.081333801 ], [ 133.750396491, 35.081293567 ], [ 133.750392175, 35.08128363 ], [ 133.750450793999988, 35.081290673 ], [ 133.75053132799999, 35.081300065 ], [ 133.750621169999988, 35.081311314 ], [ 133.750711566, 35.081321665 ], [ 133.750749965000011, 35.081319145 ], [ 133.75077525399999, 35.081309801 ], [ 133.750800606000013, 35.081291443 ], [ 133.75083147, 35.081269046 ], [ 133.75084749199999, 35.081251996 ], [ 133.750859676, 35.081234927 ], [ 133.750875192, 35.081212015 ], [ 133.750886847, 35.081192239 ], [ 133.750909580000013, 35.081156741 ], [ 133.750922898999988, 35.081134269 ], [ 133.75093962299999, 35.081095587 ], [ 133.750951399, 35.081058684 ], [ 133.750960332, 35.081036191 ], [ 133.750968680999989, 35.081018653 ], [ 133.750975907999987, 35.081004715 ], [ 133.751001816000013, 35.080959109 ], [ 133.751018506, 35.080928288 ], [ 133.751048215, 35.080880131 ], [ 133.751055806000011, 35.080865889 ], [ 133.751073088999988, 35.080833366 ], [ 133.751078032, 35.08082305 ], [ 133.751126207999988, 35.080671361 ], [ 133.75117779499999, 35.080584484 ], [ 133.751362631, 35.0807245 ], [ 133.751364645, 35.080728116 ], [ 133.751368383, 35.080735931 ], [ 133.751380469999987, 35.080744941 ], [ 133.751470852000011, 35.080818986 ], [ 133.751551462, 35.08088562 ], [ 133.751607932000013, 35.080931108 ], [ 133.75161406699999, 35.080936546 ], [ 133.751626966, 35.080946974 ], [ 133.751619541, 35.080954871 ], [ 133.75178818399999, 35.081089806 ], [ 133.751927096, 35.081201891 ], [ 133.751987015, 35.081251271 ], [ 133.75199996500001, 35.081262259 ], [ 133.752069604000013, 35.08131887 ], [ 133.75211980899999, 35.081360342 ], [ 133.752155472999988, 35.081387755 ], [ 133.752205855, 35.081419763 ], [ 133.75233089299999, 35.081490531 ], [ 133.752439943000013, 35.081553488 ], [ 133.752481245000013, 35.081577736 ], [ 133.75251615900001, 35.081598195 ], [ 133.752582485, 35.081638032 ], [ 133.752682682, 35.081703046 ], [ 133.752791553, 35.081792964 ], [ 133.752862201999989, 35.081854195 ], [ 133.752909601999988, 35.081904632 ], [ 133.752932714, 35.081928487 ], [ 133.75294777799999, 35.081943 ], [ 133.75293823199999, 35.081912783 ], [ 133.752935791, 35.081904415 ], [ 133.752980670999989, 35.081911228 ], [ 133.753085535999986, 35.081822045 ], [ 133.75310253, 35.081822496 ], [ 133.753110012, 35.081818989 ], [ 133.753124367, 35.081801939 ], [ 133.75325777399999, 35.081643427 ], [ 133.753338750000012, 35.08155788 ], [ 133.753358297, 35.081540125 ], [ 133.753401833, 35.08150286 ], [ 133.75345824199999, 35.081459572 ], [ 133.753494912, 35.0814363 ], [ 133.753565925, 35.081396472 ], [ 133.753660712, 35.081347516 ], [ 133.753804847999987, 35.081278046 ], [ 133.753890391999988, 35.081236438 ], [ 133.754017143, 35.08117525 ], [ 133.753872636000011, 35.081011884 ], [ 133.75377586, 35.081052321 ], [ 133.753565861999988, 35.080771454 ], [ 133.75350234199999, 35.080683917 ], [ 133.75350108, 35.080676222 ], [ 133.753486342, 35.080656085 ], [ 133.753469811, 35.080631956 ], [ 133.75333243899999, 35.080689433 ], [ 133.753221373, 35.080511623 ], [ 133.753211332, 35.080481656 ], [ 133.753165327, 35.08041701 ], [ 133.75313434899999, 35.080381318 ], [ 133.753127226, 35.080374324 ], [ 133.753190511000014, 35.080335523 ], [ 133.753231274, 35.080308863 ], [ 133.75328696599999, 35.08027693 ], [ 133.753390246, 35.080214494 ], [ 133.75337180599999, 35.080182855 ], [ 133.75333299499999, 35.080128989 ], [ 133.753299078999987, 35.080093183 ], [ 133.753269209, 35.080063608 ], [ 133.75336396599999, 35.080007685 ], [ 133.753401399000012, 35.079985193 ], [ 133.753512693, 35.079919829 ], [ 133.753425555, 35.079819559 ], [ 133.753708154, 35.079663428 ], [ 133.753768559, 35.079626983 ], [ 133.753816742999987, 35.079594517 ], [ 133.753824871, 35.079589481 ], [ 133.753857248, 35.079568425 ], [ 133.753911496, 35.079532779 ], [ 133.753921283000011, 35.079528932 ], [ 133.753974230000011, 35.079503566 ], [ 133.754016267, 35.079447066 ], [ 133.754022416, 35.079430418 ], [ 133.754021634999987, 35.079385784 ], [ 133.754014848, 35.079337524 ], [ 133.75399618, 35.079262164 ], [ 133.753978776999986, 35.079195383 ], [ 133.75392998800001, 35.079008091 ], [ 133.75386796, 35.078785588 ], [ 133.753823578, 35.078626271 ], [ 133.753779232, 35.078461996 ], [ 133.75375537, 35.078423399 ], [ 133.75374415600001, 35.078427456 ], [ 133.75373568, 35.078411838 ], [ 133.753674541, 35.078344451 ], [ 133.75367743699999, 35.078316403 ], [ 133.753680901, 35.07829941 ], [ 133.75368510199999, 35.078286972 ], [ 133.75367636199999, 35.078200085 ], [ 133.75370003, 35.078187127 ], [ 133.75371819599999, 35.078176847 ], [ 133.753757818, 35.078156303 ], [ 133.753878347000011, 35.078091966 ], [ 133.754087524999989, 35.077974425 ], [ 133.75418992199999, 35.07791541 ], [ 133.754301672, 35.07785194 ], [ 133.75440133699999, 35.077791569 ], [ 133.754488892000012, 35.077736548 ], [ 133.75463725899999, 35.077639909 ], [ 133.754801707000013, 35.077539262 ], [ 133.754893740999989, 35.077472544 ], [ 133.754905315, 35.077464026 ], [ 133.754889552, 35.07744457 ], [ 133.754905568999988, 35.077427969 ], [ 133.754908537, 35.077395982 ], [ 133.754897252, 35.077363476 ], [ 133.754890095, 35.077289974 ], [ 133.754891246, 35.077282318 ], [ 133.754877502999989, 35.077209686 ], [ 133.754883549999988, 35.077207461 ], [ 133.75487469399999, 35.077141613 ], [ 133.75486600799999, 35.077129402 ], [ 133.754852881, 35.077124832 ], [ 133.754792554, 35.077127258 ], [ 133.754787099999987, 35.077123175 ], [ 133.75474859, 35.077063947 ], [ 133.754746213, 35.077059023 ], [ 133.754758535, 35.077053177 ], [ 133.754842543, 35.07703599 ], [ 133.754918868, 35.077019678 ], [ 133.754976569, 35.077001022 ], [ 133.75500137099999, 35.076982661 ], [ 133.755025063, 35.076966097 ], [ 133.75506327799999, 35.076911742 ], [ 133.755074388999986, 35.076891062 ], [ 133.75514988399999, 35.07675936 ], [ 133.755208130999989, 35.076663174 ], [ 133.755239214999989, 35.076609235 ], [ 133.755243126000011, 35.076598887 ], [ 133.755261549000011, 35.0765521 ], [ 133.755272357, 35.076496712 ], [ 133.755275950999987, 35.07645346 ], [ 133.755280782, 35.076390382 ], [ 133.755286152, 35.076328658 ], [ 133.75529761300001, 35.0762584 ], [ 133.755307045, 35.076163342 ], [ 133.75531838, 35.076033137 ], [ 133.755321771000013, 35.07601873 ], [ 133.755334995999988, 35.076009328 ], [ 133.75535255599999, 35.076007158 ], [ 133.755578958, 35.076011834 ], [ 133.755625011, 35.076012053 ], [ 133.755697935, 35.076011499 ], [ 133.755778572, 35.076005573 ], [ 133.75578407399999, 35.076002895 ], [ 133.75581365299999, 35.076240116 ], [ 133.75597754899999, 35.076245395 ], [ 133.756057453000011, 35.076110107 ], [ 133.756096535000012, 35.076010233 ], [ 133.756101406999989, 35.076003576 ], [ 133.756284781, 35.076061159 ], [ 133.75630614100001, 35.076064416 ], [ 133.75633291299999, 35.076077614 ], [ 133.756644978999987, 35.076063314 ], [ 133.756701768999989, 35.076018061 ], [ 133.75696525399999, 35.075737602 ], [ 133.757079565999987, 35.075620958 ], [ 133.757085096, 35.075614223 ], [ 133.757146962, 35.075548711 ], [ 133.75720224599999, 35.075483619 ], [ 133.757217169, 35.075466553 ], [ 133.75723209899999, 35.075448595 ], [ 133.75730718599999, 35.075374132 ], [ 133.757332031, 35.07534946 ], [ 133.757544540999987, 35.075302242 ], [ 133.757564852, 35.075298733 ], [ 133.757634032, 35.075284638 ], [ 133.757660934, 35.075279348 ], [ 133.75775225699999, 35.075256966 ], [ 133.757769128, 35.075252818 ], [ 133.75777788100001, 35.075255564 ], [ 133.757871305, 35.075224456 ], [ 133.758139306, 35.075159012 ], [ 133.758301883, 35.075117415 ], [ 133.758369476000013, 35.075095199 ], [ 133.758379322, 35.075098401 ], [ 133.75848168600001, 35.075122874 ], [ 133.758515061999987, 35.075131046 ], [ 133.758549526, 35.075142026 ], [ 133.758552239000011, 35.075194521 ], [ 133.758553535, 35.075195681 ], [ 133.758563745, 35.075194044 ], [ 133.758572355000013, 35.075192057 ], [ 133.758704201, 35.075160851 ], [ 133.75882316900001, 35.075133398 ], [ 133.758871957999986, 35.07517972 ], [ 133.758904258, 35.075211622 ], [ 133.758905405, 35.075212213 ], [ 133.758926199, 35.075238183 ], [ 133.758947103, 35.07526428 ], [ 133.75894780499999, 35.075264247 ], [ 133.758975365999987, 35.075329192 ], [ 133.758975166, 35.075331048 ], [ 133.75896476, 35.075426588 ], [ 133.75896319899999, 35.075492837 ], [ 133.758979743, 35.075557369 ], [ 133.758983476999987, 35.07557226 ], [ 133.75898437699999, 35.075597072 ], [ 133.758983153, 35.075696659 ], [ 133.758952717999989, 35.075736629 ], [ 133.75897073499999, 35.075747531 ], [ 133.75898111, 35.07575344 ], [ 133.759006707999987, 35.0757779 ], [ 133.759062386000011, 35.07581287 ], [ 133.759179007, 35.075913924 ], [ 133.759208804999986, 35.075886571 ], [ 133.759268303999988, 35.075845837 ], [ 133.759331113, 35.075801963 ], [ 133.75934871699999, 35.075793483 ], [ 133.759389981, 35.075772945 ], [ 133.759450500000014, 35.075743033 ], [ 133.75957731299999, 35.075719744 ], [ 133.75959923, 35.075721651 ], [ 133.75969082899999, 35.075716216 ], [ 133.759835084, 35.075707433 ], [ 133.759926721999989, 35.075663524 ], [ 133.759972599, 35.075641827 ], [ 133.76000936299999, 35.075637484 ], [ 133.760042242, 35.075639893 ], [ 133.76006148799999, 35.075631871 ], [ 133.76009380299999, 35.075636531 ], [ 133.760164640999989, 35.07562064 ], [ 133.760317221, 35.075597464 ], [ 133.760416869000011, 35.075616865 ], [ 133.76042397099999, 35.075620504 ], [ 133.76044855399999, 35.075633241 ], [ 133.760484544, 35.075661356 ], [ 133.760544078, 35.075576044 ], [ 133.760579428, 35.075529318 ], [ 133.76075566, 35.075237721 ], [ 133.760676889, 35.07520432 ], [ 133.760645216, 35.075186141 ], [ 133.760592846, 35.075148493 ], [ 133.76062805699999, 35.075131072 ], [ 133.760653434, 35.075108656 ], [ 133.76066006, 35.075101926 ], [ 133.760671761999987, 35.075074938 ], [ 133.760668091000014, 35.075051032 ], [ 133.760665003000014, 35.075022171 ], [ 133.760661309999989, 35.075001421 ], [ 133.760655500000013, 35.074969843 ], [ 133.760645345, 35.074932385 ], [ 133.760654756, 35.074919358 ], [ 133.76067131, 35.074904112 ], [ 133.760670233000013, 35.074901402 ], [ 133.760669146, 35.074900045 ], [ 133.76069379399999, 35.074883052 ], [ 133.76070550599999, 35.074874976 ], [ 133.760716562, 35.074861957 ], [ 133.76067799, 35.074811294 ], [ 133.760649191, 35.074774199 ], [ 133.760636194, 35.074751151 ], [ 133.76062102, 35.074725838 ], [ 133.760605297000012, 35.074700524 ], [ 133.760577081, 35.074658482 ], [ 133.760549956, 35.074617338 ], [ 133.76052620199999, 35.074564491 ], [ 133.760487270999988, 35.07457133 ], [ 133.76045374200001, 35.07457722 ], [ 133.760439592000012, 35.074562279 ], [ 133.760431353, 35.074564494 ], [ 133.760240931999988, 35.074584787 ], [ 133.760029605, 35.074624804 ], [ 133.75994014599999, 35.074641157 ], [ 133.759685444000013, 35.074682231 ], [ 133.759630786, 35.074691149 ], [ 133.759341785, 35.074727462 ], [ 133.75914692, 35.074751248 ], [ 133.75909937099999, 35.074759695 ], [ 133.759058196000012, 35.074767622 ], [ 133.758843637000012, 35.074794551 ], [ 133.758784899, 35.07480509 ], [ 133.758753409, 35.074839196 ], [ 133.758542573999989, 35.074882377 ], [ 133.75834499199999, 35.074912089 ], [ 133.758235958, 35.074902107 ], [ 133.758221713000012, 35.074900687 ], [ 133.75819975499999, 35.07490464 ], [ 133.758124544, 35.074918706 ], [ 133.75806359399999, 35.074931948 ], [ 133.757764869, 35.074980326 ], [ 133.757616903000013, 35.074997644 ], [ 133.757423143000011, 35.07503875 ], [ 133.755947893000013, 35.075240591 ], [ 133.75591388, 35.075243584 ], [ 133.75564111599999, 35.07528286 ], [ 133.755515494, 35.07530669 ], [ 133.755474220999986, 35.075314517 ], [ 133.75533965599999, 35.075348581 ], [ 133.75525614099999, 35.075373883 ], [ 133.755216679, 35.075381393 ], [ 133.75521222099999, 35.075382238 ], [ 133.75504458899999, 35.075440483 ], [ 133.754939584999988, 35.075480998 ], [ 133.75483782, 35.075530092 ], [ 133.754822963, 35.075537693 ], [ 133.754767383, 35.075566725 ], [ 133.754740975, 35.07557967 ], [ 133.754666085999986, 35.075625737 ], [ 133.754635775999986, 35.075644586 ], [ 133.75449815499999, 35.075716892 ], [ 133.754433154999987, 35.075623462 ], [ 133.75420402200001, 35.075754025 ], [ 133.75382808, 35.075956524 ], [ 133.753221284, 35.076276395 ], [ 133.753121232000012, 35.076349654 ], [ 133.753010149, 35.076395061 ], [ 133.75303941300001, 35.076502283 ], [ 133.753043768, 35.076593413 ], [ 133.753047404, 35.076735075 ], [ 133.75304983800001, 35.076820291 ], [ 133.751146218, 35.077856314 ], [ 133.75034407199999, 35.078195352 ], [ 133.750352905999989, 35.078220734 ], [ 133.75039379899999, 35.07833756 ], [ 133.750405586999989, 35.078393101 ], [ 133.750413232999989, 35.078435884 ], [ 133.75041653, 35.078476375 ], [ 133.750415135, 35.078523054 ], [ 133.750413379, 35.078614182 ], [ 133.750413353999988, 35.078616111 ], [ 133.750412877, 35.078627647 ], [ 133.75039653799999, 35.078735679 ], [ 133.750392463999987, 35.078759593 ], [ 133.75007894399999, 35.0788303 ], [ 133.749596118, 35.07894164 ], [ 133.74944392, 35.078982257 ], [ 133.749267913000011, 35.079021578 ], [ 133.749154135999987, 35.079038031 ], [ 133.7490877, 35.079057155 ], [ 133.748772712, 35.079122678 ], [ 133.74855884199999, 35.079169369 ], [ 133.74837813, 35.07920881 ], [ 133.74823876799999, 35.07923922 ], [ 133.74811695599999, 35.079265802 ], [ 133.748011756000011, 35.079292662 ], [ 133.747964274, 35.079304927 ], [ 133.747925141, 35.07931505 ], [ 133.74824467, 35.080054372 ], [ 133.748215514, 35.080063263 ], [ 133.748164265000014, 35.080079422 ], [ 133.74805963599999, 35.080112073 ], [ 133.747919574, 35.080151204 ], [ 133.747869896, 35.08016528 ], [ 133.747897883, 35.080237242 ], [ 133.74790107699999, 35.080246064 ], [ 133.747906730000011, 35.080262156 ], [ 133.747911956, 35.080279606 ], [ 133.747921676, 35.080306777 ], [ 133.74796128700001, 35.080423084 ], [ 133.74797306, 35.080457539 ], [ 133.747998341, 35.080528993 ], [ 133.748016623000012, 35.080582537 ], [ 133.748022585, 35.08060146 ], [ 133.748057093, 35.080701489 ], [ 133.74808588, 35.080785759 ], [ 133.748080434, 35.080794396 ], [ 133.748086015000013, 35.080823648 ], [ 133.747899665, 35.080890366 ], [ 133.747826030999988, 35.080912997 ], [ 133.747815038999988, 35.08091655 ], [ 133.747768895, 35.080930299 ], [ 133.747720543000014, 35.080944489 ], [ 133.747703507000011, 35.080949816 ], [ 133.747677125, 35.080958703 ], [ 133.747629851, 35.080975611 ], [ 133.747583676, 35.080992064 ], [ 133.74755123700001, 35.081004528 ], [ 133.74752703499999, 35.081015228 ], [ 133.747522636000014, 35.08101701 ], [ 133.747487965, 35.081034872 ], [ 133.74744339, 35.081057643 ], [ 133.747419172, 35.081070597 ], [ 133.74738283100001, 35.081092056 ], [ 133.747340435000012, 35.08111665 ], [ 133.74731840699999, 35.081130065 ], [ 133.74718954799999, 35.081207868 ], [ 133.747151562, 35.081229319 ], [ 133.747076134, 35.081272675 ], [ 133.746981435, 35.081327214 ], [ 133.746908757999989, 35.081369231 ], [ 133.746813508, 35.081424209 ], [ 133.74673422, 35.081470701 ], [ 133.74666868599999, 35.081510507 ], [ 133.746649961, 35.081522135 ], [ 133.74659157799999, 35.081558812 ], [ 133.74651886800001, 35.081605335 ], [ 133.746436796000012, 35.081657673 ], [ 133.746356926, 35.081708677 ], [ 133.746288628, 35.081751616 ], [ 133.746243985, 35.081783852 ], [ 133.746202098, 35.081813848 ], [ 133.746167375, 35.08183892 ], [ 133.74613703899999, 35.081864014 ], [ 133.746089608, 35.081902546 ], [ 133.74605541, 35.081930785 ], [ 133.74600908299999, 35.081968421 ], [ 133.745959991, 35.082009199 ], [ 133.745913112000011, 35.082047284 ], [ 133.745871756000014, 35.082081338 ], [ 133.745834249000012, 35.082112256 ], [ 133.745797297, 35.082142285 ], [ 133.74576696, 35.082167378 ], [ 133.745725596, 35.082200982 ], [ 133.745682018999986, 35.082237279 ], [ 133.745663251, 35.082254767 ], [ 133.745647802, 35.082268213 ], [ 133.74561138199999, 35.082300489 ], [ 133.745552878000012, 35.082353841 ], [ 133.745481689, 35.082417508 ], [ 133.745400566, 35.082490132 ], [ 133.745351451, 35.082534064 ], [ 133.74529184799999, 35.082587862 ], [ 133.745270315, 35.082608491 ], [ 133.745235521000012, 35.082643488 ], [ 133.74519240399999, 35.082691956 ], [ 133.74511612500001, 35.082777224 ], [ 133.745053111, 35.082847682 ], [ 133.74503981, 35.082867449 ], [ 133.745034858999986, 35.082869678 ], [ 133.745029729, 35.082892334 ], [ 133.744936423000013, 35.082909775 ], [ 133.744905673, 35.082915936 ], [ 133.744846373, 35.082927367 ], [ 133.744799161, 35.082935251 ], [ 133.744762374, 35.082942284 ], [ 133.744722857999989, 35.082947501 ], [ 133.744703116000011, 35.082947855 ], [ 133.744598381, 35.082948699 ], [ 133.744410848, 35.082950051 ], [ 133.744403713999986, 35.082950918 ], [ 133.74429898299999, 35.082951311 ], [ 133.74411199799999, 35.082952656 ], [ 133.743961758000012, 35.082952836 ], [ 133.74377208300001, 35.082946956 ], [ 133.743680531, 35.082944708 ], [ 133.743675596, 35.082944684 ], [ 133.743604928, 35.082943412 ], [ 133.743555585, 35.082942695 ], [ 133.743470013, 35.08294144 ], [ 133.74336484, 35.082939189 ], [ 133.743306092000012, 35.082937938 ], [ 133.743210694999988, 35.082936573 ], [ 133.74310369599999, 35.08294732 ], [ 133.743105412, 35.083089766 ], [ 133.74310874299999, 35.083236267 ], [ 133.74311117900001, 35.083354818 ], [ 133.74311203799999, 35.083387725 ], [ 133.74311512700001, 35.083415685 ], [ 133.743118415999987, 35.083491882 ], [ 133.743124255999987, 35.083594675 ], [ 133.743126235, 35.083624433 ], [ 133.743119639000014, 35.083626654 ], [ 133.743105302, 35.083637852 ], [ 133.74307220899999, 35.083664735 ], [ 133.743034139, 35.083697452 ], [ 133.743008164, 35.083725721 ], [ 133.742982192999989, 35.08375354 ], [ 133.742956721000013, 35.083788121 ], [ 133.742930746000013, 35.083816399 ], [ 133.74290591, 35.083838814 ], [ 133.742856870999987, 35.083871929 ], [ 133.742827626, 35.083897478 ], [ 133.74281991699999, 35.083901948 ], [ 133.742802852000011, 35.08391133 ], [ 133.742799536, 35.083914919 ], [ 133.74279732299999, 35.083917613 ], [ 133.742770803000013, 35.083945428 ], [ 133.742746519, 35.083967396 ], [ 133.742698596, 35.083997811 ], [ 133.74256657699999, 35.084056222 ], [ 133.742486856999989, 35.084087384 ], [ 133.742434099, 35.084103804 ], [ 133.742381368, 35.084116618 ], [ 133.742329766000012, 35.08412493 ], [ 133.742173385, 35.084139952 ], [ 133.741995057, 35.084157111 ], [ 133.74198956699999, 35.084157986 ], [ 133.741963297000012, 35.084151097 ], [ 133.741888673, 35.084158395 ], [ 133.74178336599999, 35.084162398 ], [ 133.741688477, 35.084166442 ], [ 133.741625957, 35.08416794 ], [ 133.74155521599999, 35.084168947 ], [ 133.741514665000011, 35.084165594 ], [ 133.741443411, 35.084161641 ], [ 133.741407794, 35.084158312 ], [ 133.741245561, 35.084148514 ], [ 133.741241736, 35.084146693 ], [ 133.741238689999989, 35.084037143 ], [ 133.74123513399999, 35.083922192 ], [ 133.741231094999989, 35.083798223 ], [ 133.741203144, 35.083796284 ], [ 133.741168063, 35.083794761 ], [ 133.741153806999989, 35.083794691 ], [ 133.74109842499999, 35.083794871 ], [ 133.74107629400001, 35.083795034 ], [ 133.741115122999986, 35.082080828 ], [ 133.741081672, 35.082090572 ], [ 133.740931128, 35.082133115 ], [ 133.74091409499999, 35.08213799 ], [ 133.740778944999988, 35.082174739 ], [ 133.74077125299999, 35.082176955 ], [ 133.740700370000013, 35.082197793 ], [ 133.740638827999987, 35.082215981 ], [ 133.74062948400001, 35.08221909 ], [ 133.74059707, 35.082227946 ], [ 133.740598150000011, 35.082230205 ], [ 133.740571284, 35.082230074 ], [ 133.740561963, 35.082230028 ], [ 133.74056192, 35.082235887 ], [ 133.740547668, 35.082235367 ], [ 133.740466903, 35.082257959 ], [ 133.74036636, 35.082285863 ], [ 133.740258119, 35.082316893 ], [ 133.74020042699999, 35.082333288 ], [ 133.74008833100001, 35.082366544 ], [ 133.74008558, 35.082367882 ], [ 133.740079536, 35.082369656 ], [ 133.73993172199999, 35.082413554 ], [ 133.739845471, 35.082436579 ], [ 133.739710198000012, 35.082473462 ], [ 133.739697683, 35.082476871 ], [ 133.739562516, 35.082515873 ], [ 133.73955320799999, 35.082514024 ], [ 133.73949165499999, 35.082533564 ], [ 133.739495659999989, 35.082586318 ], [ 133.73949669699999, 35.082594436 ], [ 133.739498169, 35.082618331 ], [ 133.739498688, 35.08262239 ], [ 133.739495349, 35.082629135 ], [ 133.739499934, 35.082677385 ], [ 133.739502549, 35.082772049 ], [ 133.739505283999989, 35.082848685 ], [ 133.73950470299999, 35.08285319 ], [ 133.73950606, 35.08289286 ], [ 133.73950642599999, 35.082918102 ], [ 133.73951208, 35.083121415 ], [ 133.739516912999989, 35.083286853 ], [ 133.739520535, 35.08339234 ], [ 133.739518491000013, 35.083523049 ], [ 133.739517002000014, 35.083577128 ], [ 133.739516399, 35.083584787 ], [ 133.739516842, 35.083599213 ], [ 133.739516245, 35.083605971 ], [ 133.739515931999989, 35.083649238 ], [ 133.739513001, 35.083675366 ], [ 133.739496976, 35.083692415 ], [ 133.739513692, 35.083731259 ], [ 133.739543121, 35.083756193 ], [ 133.739535069, 35.083807986 ], [ 133.739529245999989, 35.083854833 ], [ 133.739528081, 35.083864292 ], [ 133.73950100499999, 35.083893015 ], [ 133.739499677, 35.08392501 ], [ 133.739496021, 35.083975473 ], [ 133.739501464, 35.084056629 ], [ 133.739501243, 35.08408863 ], [ 133.739501015, 35.084120179 ], [ 133.73952069500001, 35.084128388 ], [ 133.73951055399999, 35.084165749 ], [ 133.739499911, 35.084196796 ], [ 133.739501934, 35.084220244 ], [ 133.73951391599999, 35.084231571 ], [ 133.739529387, 35.08423792 ], [ 133.739528001999986, 35.084255077 ], [ 133.73950720799999, 35.084324846 ], [ 133.739532929, 35.084407454 ], [ 133.739599884, 35.08439921 ], [ 133.739625654, 35.084399336 ], [ 133.739675482, 35.084409045 ], [ 133.739717039, 35.084425024 ], [ 133.739727985, 35.084427781 ], [ 133.73984339, 35.08446801 ], [ 133.73996425199999, 35.084511871 ], [ 133.740004836999987, 35.084510717 ], [ 133.740106835, 35.084509413 ], [ 133.740255987000012, 35.084508331 ], [ 133.740266104, 35.084474125 ], [ 133.740278225999987, 35.084466072 ], [ 133.74031774, 35.084461307 ], [ 133.74035712, 35.084475021 ], [ 133.74038437499999, 35.08449724 ], [ 133.740457111000012, 35.084523774 ], [ 133.740681298999988, 35.084608668 ], [ 133.7407766, 35.084623557 ], [ 133.74089491399999, 35.084640802 ], [ 133.74118051100001, 35.084727835 ], [ 133.741210352, 35.0847717 ], [ 133.74123812, 35.084798879 ], [ 133.741241331999987, 35.084809712 ], [ 133.741244599, 35.084812883 ], [ 133.741257109, 35.084826917 ], [ 133.741276113999987, 35.084852701 ], [ 133.74128919899999, 35.084863131 ], [ 133.741300622000011, 35.084875807 ], [ 133.74131258700001, 35.084889387 ], [ 133.741316907999988, 35.084898423 ], [ 133.741316888999989, 35.084901127 ], [ 133.741327855, 35.084901181 ], [ 133.741344301, 35.084901712 ], [ 133.741353067, 35.084902656 ], [ 133.741366769, 35.084903624 ], [ 133.74138596899999, 35.084902366 ], [ 133.741406273, 35.084900211 ], [ 133.741423854, 35.084895339 ], [ 133.741454116, 35.084881064 ], [ 133.741490430999988, 35.084863663 ], [ 133.741504236, 35.084850208 ], [ 133.74152302499999, 35.084830018 ], [ 133.74153293099999, 35.084825108 ], [ 133.741546664, 35.08482156 ], [ 133.741561923, 35.084834706 ], [ 133.74178501899999, 35.084764355 ], [ 133.74180614299999, 35.084765458 ], [ 133.741825081, 35.084768715 ], [ 133.741842424, 35.084772622 ], [ 133.741859776000013, 35.084776727 ], [ 133.741878711, 35.084780362 ], [ 133.741903377999989, 35.084781392 ], [ 133.74199301199999, 35.084780856 ], [ 133.742129705999986, 35.084761592 ], [ 133.742173287000014, 35.084755449 ], [ 133.742595431000012, 35.084923119 ], [ 133.742619569, 35.084921434 ], [ 133.742632726000011, 35.084921949 ], [ 133.742705187000013, 35.084910574 ], [ 133.742718895, 35.084910641 ], [ 133.74273754, 35.084910281 ], [ 133.74277759, 35.084907321 ], [ 133.742792949, 35.084906494 ], [ 133.74280338, 35.084904742 ], [ 133.742812711, 35.084903436 ], [ 133.74287088599999, 35.084896057 ], [ 133.742916431999987, 35.08489132 ], [ 133.74296528, 35.084884797 ], [ 133.74300918, 35.084880053 ], [ 133.743034435, 35.084875669 ], [ 133.743064634, 35.084869956 ], [ 133.74309431099999, 35.084860627 ], [ 133.743119584999988, 35.084853538 ], [ 133.74313112199999, 35.084850439 ], [ 133.743180016, 35.084837606 ], [ 133.743237131, 35.084825264 ], [ 133.743296987, 35.084812935 ], [ 133.743355186, 35.084802401 ], [ 133.743377148, 35.084798451 ], [ 133.743422712000012, 35.084791011 ], [ 133.743462784, 35.084784895 ], [ 133.743502892, 35.084773813 ], [ 133.743516105999987, 35.084766215 ], [ 133.743540316, 35.084754614 ], [ 133.743580447, 35.084740387 ], [ 133.74359694099999, 35.084734157 ], [ 133.74363761699999, 35.084720382 ], [ 133.74368378, 35.08470438 ], [ 133.743706863999989, 35.08469683 ], [ 133.74374312099999, 35.084687542 ], [ 133.743806831, 35.084672977 ], [ 133.743845797, 35.084668209 ], [ 133.743888591, 35.084664802 ], [ 133.743930298, 35.084660047 ], [ 133.74396262499999, 35.084663359 ], [ 133.743993308, 35.084666663 ], [ 133.74401963599999, 35.084665439 ], [ 133.744054218, 35.084660199 ], [ 133.744090446, 35.084654966 ], [ 133.74414694399999, 35.084652085 ], [ 133.744158954999989, 35.084659355 ], [ 133.744192314, 35.084671687 ], [ 133.744264291, 35.084651303 ], [ 133.744303234, 35.08464969 ], [ 133.74441578299999, 35.084629945 ], [ 133.74451296, 35.084612838 ], [ 133.744573922, 35.084599162 ], [ 133.744618403, 35.084589913 ], [ 133.744652871999989, 35.084600447 ], [ 133.744878910000011, 35.084582605 ], [ 133.744921642, 35.08458777 ], [ 133.744951264, 35.084586111 ], [ 133.744987468, 35.084584033 ], [ 133.744988584, 35.084581334 ], [ 133.74500833, 35.084580528 ], [ 133.74506867299999, 35.084576764 ], [ 133.745124057999988, 35.084576132 ], [ 133.745380033, 35.084589083 ], [ 133.745455139, 35.08459125 ], [ 133.745540107000011, 35.084594366 ], [ 133.745771553999987, 35.084586915 ], [ 133.74608207599999, 35.084563179 ], [ 133.746782708000012, 35.084503 ], [ 133.747177598, 35.084489576 ], [ 133.747299496000011, 35.084465826 ], [ 133.74741155699999, 35.084437521 ], [ 133.747560977, 35.084399021 ], [ 133.74757641, 35.084387827 ], [ 133.747582416, 35.084391462 ], [ 133.747792304, 35.084408251 ], [ 133.74789715599999, 35.08439117 ], [ 133.74800969099999, 35.084373234 ], [ 133.74801236499999, 35.084382712 ], [ 133.74809245899999, 35.084377239 ], [ 133.74814131, 35.084370263 ], [ 133.748247686000013, 35.084405455 ], [ 133.748259663, 35.084382093 ], [ 133.748291919, 35.084318697 ], [ 133.748325297, 35.084251701 ], [ 133.748349733999987, 35.084208098 ], [ 133.748369801, 35.084162212 ], [ 133.748394821, 35.084112303 ], [ 133.748407154, 35.084074502 ], [ 133.748413763, 35.084070477 ], [ 133.748666536, 35.084147868 ], [ 133.748966303, 35.084017233 ], [ 133.749844911999986, 35.083681592 ], [ 133.750215105, 35.083515244 ], [ 133.750241515999988, 35.083502301 ], [ 133.750212928, 35.083435907 ], [ 133.75018595200001, 35.083374028 ], [ 133.750165508, 35.083318942 ], [ 133.750165587999987, 35.083307674 ], [ 133.750166517999986, 35.083254042 ], [ 133.750168715, 35.08317652 ], [ 133.75017029899999, 35.083108018 ], [ 133.750170915000012, 35.083021482 ], [ 133.750171341999987, 35.082884464 ], [ 133.750172182, 35.082843452 ], [ 133.750171252, 35.08282001 ], [ 133.75016949499999, 35.082758704 ], [ 133.75016776699999, 35.08269334 ], [ 133.7501666, 35.082626177 ], [ 133.75016529199999, 35.082578836 ], [ 133.750164891, 35.082558101 ], [ 133.750167226, 35.08253828 ] ] ] } },
{ "type": "Feature", "properties": { "A29_001": "33214", "A29_002": "岡山県", "A29_003": "真庭市", "A29_004": 8, "A29_005": "近隣商業地域", "A29_006": 80, "A29_007": 200, "A29_008": null }, "geometry": { "type": "Polygon", "coordinates": [ [ [ 133.754058476000012, 35.075046956 ], [ 133.753970869999989, 35.074940518 ], [ 133.753904690000013, 35.074868366 ], [ 133.75385638, 35.074821458 ], [ 133.753850508, 35.074815967 ], [ 133.753811363000011, 35.074777135 ], [ 133.75376352699999, 35.074729887 ], [ 133.753737761999986, 35.074706164 ], [ 133.753699641, 35.074671331 ], [ 133.75366882, 35.074643094 ], [ 133.753664377, 35.074637123 ], [ 133.753658116, 35.074627845 ], [ 133.753597105000011, 35.074575224 ], [ 133.753523454, 35.074508255 ], [ 133.753460722999989, 35.074458655 ], [ 133.75341220199999, 35.074424456 ], [ 133.753373762, 35.074408533 ], [ 133.75320544600001, 35.07430628 ], [ 133.753177281, 35.074280877 ], [ 133.752996483, 35.074165366 ], [ 133.752900399999987, 35.074293381 ], [ 133.752874958, 35.07431227 ], [ 133.752742012999988, 35.074445886 ], [ 133.75243282299999, 35.074743794 ], [ 133.75208522, 35.075056905 ], [ 133.751745798, 35.075348041 ], [ 133.751226128000013, 35.075763774 ], [ 133.751056608999988, 35.075881833 ], [ 133.751017991999987, 35.075916985 ], [ 133.75068524, 35.076146391 ], [ 133.75062266, 35.076185078 ], [ 133.750517796999986, 35.076249902 ], [ 133.75047486299999, 35.076265994 ], [ 133.750298143, 35.076340145 ], [ 133.750134186999986, 35.076405 ], [ 133.750068553, 35.076422902 ], [ 133.75003705099999, 35.076433352 ], [ 133.74996472699999, 35.076495979 ], [ 133.749932831, 35.076523437 ], [ 133.74989166, 35.076581256 ], [ 133.749672091, 35.076680909 ], [ 133.749550704, 35.076736286 ], [ 133.749450556, 35.076767093 ], [ 133.749438779, 35.076770282 ], [ 133.749318663999986, 35.07680395 ], [ 133.749239426, 35.076825771 ], [ 133.749161461, 35.076847237 ], [ 133.74910673299999, 35.076862586 ], [ 133.74905841, 35.076876119 ], [ 133.748992025, 35.076894639 ], [ 133.7489477, 35.07690728 ], [ 133.748905146, 35.076919091 ], [ 133.748169819999987, 35.077085234 ], [ 133.747890853, 35.077156535 ], [ 133.747850609000011, 35.077167347 ], [ 133.747834512999987, 35.077171678 ], [ 133.74776208899999, 35.077191142 ], [ 133.747410839, 35.077262084 ], [ 133.747324711, 35.07727656 ], [ 133.747301568000012, 35.07728045 ], [ 133.746901513000012, 35.077347675 ], [ 133.746886641, 35.077349587 ], [ 133.746862736, 35.077352671 ], [ 133.746559248000011, 35.077391777 ], [ 133.746530027, 35.077394565 ], [ 133.74616431699999, 35.077450803 ], [ 133.74553179899999, 35.077561186 ], [ 133.745325294999986, 35.077608611 ], [ 133.745165031, 35.07765168 ], [ 133.744987275999989, 35.077699433 ], [ 133.744484776, 35.077841613 ], [ 133.743443531999986, 35.078136229 ], [ 133.742929272, 35.078282835 ], [ 133.74297049099999, 35.078645381 ], [ 133.74298994, 35.078744833 ], [ 133.744325247, 35.078537484 ], [ 133.744805738, 35.07846186 ], [ 133.744833747, 35.078569917 ], [ 133.744859926, 35.078668626 ], [ 133.745108214999988, 35.079436691 ], [ 133.745093679, 35.079559703 ], [ 133.745106514000014, 35.079875299 ], [ 133.745130878, 35.0808839 ], [ 133.745743229999988, 35.080723563 ], [ 133.746004926000012, 35.080654292 ], [ 133.74622232199999, 35.080598329 ], [ 133.746261446, 35.080587872 ], [ 133.746546988, 35.080511549 ], [ 133.74689961199999, 35.080425355 ], [ 133.747011671, 35.0803966 ], [ 133.747115054, 35.080372661 ], [ 133.747201133, 35.080348657 ], [ 133.74723194399999, 35.080339945 ], [ 133.747255005999989, 35.080333593 ], [ 133.747367317, 35.080301792 ], [ 133.747424962999986, 35.080285141 ], [ 133.74747393199999, 35.080272037 ], [ 133.747533901, 35.080255731 ], [ 133.747548203, 35.08025223 ], [ 133.74754993799999, 35.080256583 ], [ 133.74759409699999, 35.080244447 ], [ 133.747624424, 35.08023593 ], [ 133.747641871000013, 35.080231282 ], [ 133.747761415000014, 35.080196847 ], [ 133.747869896, 35.08016528 ], [ 133.747919574, 35.080151204 ], [ 133.74805963599999, 35.080112073 ], [ 133.748164265000014, 35.080079422 ], [ 133.748215514, 35.080063263 ], [ 133.74824467, 35.080054372 ], [ 133.747925141, 35.07931505 ], [ 133.747964274, 35.079304927 ], [ 133.748011756000011, 35.079292662 ], [ 133.74811695599999, 35.079265802 ], [ 133.748147214, 35.079259196 ], [ 133.74823876799999, 35.07923922 ], [ 133.74855884199999, 35.079169369 ], [ 133.748772712, 35.079122678 ], [ 133.7490877, 35.079057155 ], [ 133.749154135999987, 35.079038031 ], [ 133.749267913000011, 35.079021578 ], [ 133.74944392, 35.078982257 ], [ 133.749596118, 35.07894164 ], [ 133.75007894399999, 35.0788303 ], [ 133.750392463999987, 35.078759593 ], [ 133.750412877, 35.078627647 ], [ 133.750413379, 35.078614182 ], [ 133.750415135, 35.078523054 ], [ 133.75041653, 35.078476375 ], [ 133.750413232999989, 35.078435884 ], [ 133.750405586999989, 35.078393101 ], [ 133.75039379899999, 35.07833756 ], [ 133.750352905999989, 35.078220734 ], [ 133.75034407199999, 35.078195352 ], [ 133.751146218, 35.077856314 ], [ 133.75304983800001, 35.076820291 ], [ 133.753047404, 35.076735075 ], [ 133.753043768, 35.076593413 ], [ 133.75303941300001, 35.076502283 ], [ 133.753010149, 35.076395061 ], [ 133.753121232000012, 35.076349654 ], [ 133.753221284, 35.076276395 ], [ 133.75382808, 35.075956524 ], [ 133.75420402200001, 35.075754025 ], [ 133.754433154999987, 35.075623462 ], [ 133.754362683000011, 35.075522182 ], [ 133.754349604999987, 35.07550309 ], [ 133.754331842, 35.07547186 ], [ 133.754285519, 35.07539041 ], [ 133.754252193000013, 35.075333423 ], [ 133.754234744, 35.075299635 ], [ 133.754176957, 35.075209674 ], [ 133.75411096, 35.075119277 ], [ 133.754108486, 35.075112487 ], [ 133.754104184, 35.075108256 ], [ 133.754058476000012, 35.075046956 ] ] ] } },
{ "type": "Feature", "properties": { "A29_001": "33214", "A29_002": "岡山県", "A29_003": "真庭市", "A29_004": 10, "A29_005": "準工業地域", "A29_006": 60, "A29_007": 200, "A29_008": null }, "geometry": { "type": "Polygon", "coordinates": [ [ [ 133.738247591, 35.079729344 ], [ 133.738348128000013, 35.079701884 ], [ 133.738434928, 35.079678421 ], [ 133.73846404599999, 35.079670451 ], [ 133.738483828999989, 35.079664238 ], [ 133.738511843, 35.079657164 ], [ 133.738540977000014, 35.07964694 ], [ 133.738612338, 35.079635571 ], [ 133.738666666, 35.079629077 ], [ 133.738818097, 35.079614936 ], [ 133.738892708, 35.079608992 ], [ 133.73896840899999, 35.079603954 ], [ 133.739057817, 35.079598984 ], [ 133.739136245999987, 35.079595762 ], [ 133.73917572799999, 35.079595054 ], [ 133.739242072, 35.07959492 ], [ 133.73933693, 35.079594483 ], [ 133.739396124, 35.079597477 ], [ 133.73949752199999, 35.079602481 ], [ 133.739528202, 35.079605786 ], [ 133.739638864999989, 35.079618498 ], [ 133.73974239399999, 35.079632075 ], [ 133.739834951, 35.079646492 ], [ 133.73989574399999, 35.079655804 ], [ 133.739967486000012, 35.079667423 ], [ 133.740008561, 35.079673934 ], [ 133.74001066, 35.079687015 ], [ 133.740017869000013, 35.079978677 ], [ 133.740037158, 35.080875276 ], [ 133.740038585, 35.080981203 ], [ 133.74008569099999, 35.080987744 ], [ 133.740229886, 35.0809889 ], [ 133.74036311899999, 35.080989542 ], [ 133.74049964400001, 35.080989759 ], [ 133.740582432, 35.080990614 ], [ 133.74062357299999, 35.080988111 ], [ 133.740647712999987, 35.080985976 ], [ 133.74067514, 35.080984307 ], [ 133.740727244, 35.080982308 ], [ 133.74082925, 35.0809792 ], [ 133.740861056999989, 35.080978445 ], [ 133.740977851, 35.080977664 ], [ 133.741122604, 35.080977469 ], [ 133.741259133, 35.080977234 ], [ 133.74141375799999, 35.080976628 ], [ 133.741560701, 35.080976895 ], [ 133.741695029999988, 35.08097755 ], [ 133.74183155599999, 35.080977765 ], [ 133.74193355599999, 35.080975549 ], [ 133.742079972999989, 35.080972658 ], [ 133.742241756, 35.080968038 ], [ 133.742370634, 35.080964158 ], [ 133.742550523, 35.080957814 ], [ 133.74270683200001, 35.080951815 ], [ 133.74284119699999, 35.080947511 ], [ 133.742857652, 35.08094669 ], [ 133.742957469, 35.08094311 ], [ 133.743045206, 35.080940382 ], [ 133.74305067899999, 35.080941761 ], [ 133.74305779299999, 35.080943599 ], [ 133.743064911, 35.080944986 ], [ 133.74306892199999, 35.080998641 ], [ 133.74306577199999, 35.081055426 ], [ 133.74306145, 35.081122562 ], [ 133.74305644, 35.081209077 ], [ 133.74305145299999, 35.081292436 ], [ 133.743044913, 35.081363168 ], [ 133.743037210000011, 35.081442908 ], [ 133.743027068, 35.08148072 ], [ 133.743031448000011, 35.081481642 ], [ 133.743032895, 35.081509152 ], [ 133.743033813000011, 35.081533947 ], [ 133.743059007999989, 35.081613847 ], [ 133.743042519999989, 35.081619176 ], [ 133.743058767, 35.081647199 ], [ 133.74307293199999, 35.081659889 ], [ 133.743075589, 35.08167162 ], [ 133.743083573, 35.081705013 ], [ 133.743093671999986, 35.081749233 ], [ 133.74309993, 35.081793885 ], [ 133.743110354, 35.081869206 ], [ 133.743120275, 35.081938215 ], [ 133.743122734, 35.08197744 ], [ 133.743125154000012, 35.082022073 ], [ 133.743123266, 35.082055868 ], [ 133.74311810399999, 35.082087402 ], [ 133.743113526, 35.082113973 ], [ 133.743109532, 35.082135588 ], [ 133.743101603000014, 35.082170706 ], [ 133.74310193, 35.082201357 ], [ 133.743101794000012, 35.082220286 ], [ 133.743102303, 35.082225697 ], [ 133.743101634999988, 35.082242371 ], [ 133.743101012000011, 35.082252734 ], [ 133.74309919800001, 35.082276163 ], [ 133.743097605, 35.082345116 ], [ 133.74309612499999, 35.082398294 ], [ 133.743096138, 35.082472663 ], [ 133.743096313, 35.082524506 ], [ 133.743096192, 35.082617355 ], [ 133.743096290000011, 35.082681358 ], [ 133.743098347, 35.08277647 ], [ 133.743100066000011, 35.082842284 ], [ 133.743100403, 35.082871582 ], [ 133.74310369599999, 35.08294732 ], [ 133.743210694999988, 35.082936573 ], [ 133.743306092000012, 35.082937938 ], [ 133.74336484, 35.082939189 ], [ 133.743470013, 35.08294144 ], [ 133.743604928, 35.082943412 ], [ 133.743651486, 35.082944116 ], [ 133.743675596, 35.082944684 ], [ 133.743680531, 35.082944708 ], [ 133.74377208300001, 35.082946956 ], [ 133.743877336999986, 35.082950172 ], [ 133.743961758000012, 35.082952836 ], [ 133.74411199799999, 35.082952656 ], [ 133.74429898299999, 35.082951311 ], [ 133.744403713999986, 35.082950918 ], [ 133.744410848, 35.082950051 ], [ 133.74448432599999, 35.082949507 ], [ 133.744598381, 35.082948699 ], [ 133.744703116000011, 35.082947855 ], [ 133.744722857999989, 35.082947501 ], [ 133.744762374, 35.082942284 ], [ 133.744799161, 35.082935251 ], [ 133.744846373, 35.082927367 ], [ 133.744905673, 35.082915936 ], [ 133.744936423000013, 35.082909775 ], [ 133.745029729, 35.082892334 ], [ 133.745034858999986, 35.082869678 ], [ 133.74503981, 35.082867449 ], [ 133.745053111, 35.082847682 ], [ 133.74511612500001, 35.082777224 ], [ 133.74519240399999, 35.082691956 ], [ 133.745235521000012, 35.082643488 ], [ 133.745270315, 35.082608491 ], [ 133.74529184799999, 35.082587862 ], [ 133.745351451, 35.082534064 ], [ 133.745400566, 35.082490132 ], [ 133.745481689, 35.082417508 ], [ 133.745552878000012, 35.082353841 ], [ 133.74561138199999, 35.082300489 ], [ 133.745647802, 35.082268213 ], [ 133.745663251, 35.082254767 ], [ 133.745682018999986, 35.082237279 ], [ 133.745725596, 35.082200982 ], [ 133.74576696, 35.082167378 ], [ 133.745797297, 35.082142285 ], [ 133.745834249000012, 35.082112256 ], [ 133.745871756000014, 35.082081338 ], [ 133.745913112000011, 35.082047284 ], [ 133.745959991, 35.082009199 ], [ 133.74600908299999, 35.081968421 ], [ 133.74605541, 35.081930785 ], [ 133.746089608, 35.081902546 ], [ 133.74613703899999, 35.081864014 ], [ 133.746167375, 35.08183892 ], [ 133.746202098, 35.081813848 ], [ 133.746243985, 35.081783852 ], [ 133.746288628, 35.081751616 ], [ 133.746356926, 35.081708677 ], [ 133.746436796000012, 35.081657673 ], [ 133.74651886800001, 35.081605335 ], [ 133.74659157799999, 35.081558812 ], [ 133.746649961, 35.081522135 ], [ 133.74666868599999, 35.081510507 ], [ 133.74673422, 35.081470701 ], [ 133.746813508, 35.081424209 ], [ 133.746908757999989, 35.081369231 ], [ 133.746981435, 35.081327214 ], [ 133.747076134, 35.081272675 ], [ 133.747151562, 35.081229319 ], [ 133.74718954799999, 35.081207868 ], [ 133.74731840699999, 35.081130065 ], [ 133.747340435000012, 35.08111665 ], [ 133.74738283100001, 35.081092056 ], [ 133.747419172, 35.081070597 ], [ 133.74744339, 35.081057643 ], [ 133.747487965, 35.081034872 ], [ 133.747522636000014, 35.08101701 ], [ 133.74752703499999, 35.081015228 ], [ 133.74755123700001, 35.081004528 ], [ 133.747583676, 35.080992064 ], [ 133.747629851, 35.080975611 ], [ 133.747677125, 35.080958703 ], [ 133.747703507000011, 35.080949816 ], [ 133.747720543000014, 35.080944489 ], [ 133.747768895, 35.080930299 ], [ 133.747826030999988, 35.080912997 ], [ 133.747899665, 35.080890366 ], [ 133.748086015000013, 35.080823648 ], [ 133.748080434, 35.080794396 ], [ 133.74808588, 35.080785759 ], [ 133.748057093, 35.080701489 ], [ 133.748022585, 35.08060146 ], [ 133.748016623000012, 35.080582537 ], [ 133.747998341, 35.080528993 ], [ 133.74797306, 35.080457539 ], [ 133.74796128700001, 35.080423084 ], [ 133.747911956, 35.080279606 ], [ 133.747906730000011, 35.080262156 ], [ 133.74790107699999, 35.080246064 ], [ 133.747897883, 35.080237242 ], [ 133.747869896, 35.08016528 ], [ 133.747761415000014, 35.080196847 ], [ 133.747641871000013, 35.080231282 ], [ 133.747624424, 35.08023593 ], [ 133.74759409699999, 35.080244447 ], [ 133.74754993799999, 35.080256583 ], [ 133.747548203, 35.08025223 ], [ 133.747533901, 35.080255731 ], [ 133.74747393199999, 35.080272037 ], [ 133.747424962999986, 35.080285141 ], [ 133.747367317, 35.080301792 ], [ 133.747255005999989, 35.080333593 ], [ 133.747201133, 35.080348657 ], [ 133.747115054, 35.080372661 ], [ 133.747026368, 35.080393218 ], [ 133.747011671, 35.0803966 ], [ 133.74689961199999, 35.080425355 ], [ 133.746546988, 35.080511549 ], [ 133.746261446, 35.080587872 ], [ 133.74622232199999, 35.080598329 ], [ 133.746004926000012, 35.080654292 ], [ 133.745743229999988, 35.080723563 ], [ 133.745130878, 35.0808839 ], [ 133.745106514000014, 35.079875299 ], [ 133.745093679, 35.079559703 ], [ 133.745108214999988, 35.079436691 ], [ 133.744859926, 35.078668626 ], [ 133.744833747, 35.078569917 ], [ 133.744805738, 35.07846186 ], [ 133.744325247, 35.078537484 ], [ 133.74298994, 35.078744833 ], [ 133.74297049099999, 35.078645381 ], [ 133.742929272, 35.078282835 ], [ 133.74274421699999, 35.07835112 ], [ 133.74250542199999, 35.078424957 ], [ 133.742383259, 35.07845612 ], [ 133.742238246999989, 35.078491381 ], [ 133.7421238, 35.07851381 ], [ 133.7420414, 35.078532609 ], [ 133.741714230000014, 35.07860366 ], [ 133.741632368000012, 35.078619226 ], [ 133.741176829000011, 35.078705849 ], [ 133.74099498699999, 35.078740423 ], [ 133.740948319000012, 35.078749291 ], [ 133.740901650000012, 35.078758177 ], [ 133.740854981000012, 35.078767053 ], [ 133.740825652000012, 35.078772625 ], [ 133.740100168999987, 35.078910569 ], [ 133.739202701000011, 35.079070618 ], [ 133.739098224, 35.079080544 ], [ 133.73901290500001, 35.079073627 ], [ 133.738966441, 35.079067936 ], [ 133.738552813000013, 35.079120707 ], [ 133.738467957000012, 35.079131532 ], [ 133.73778375099999, 35.07923367 ], [ 133.738066503, 35.079778828 ], [ 133.738134965, 35.079760342 ], [ 133.738247591, 35.079729344 ] ] ] } },
{ "type": "Feature", "properties": { "A29_001": "33214", "A29_002": "岡山県", "A29_003": "真庭市", "A29_004": 11, "A29_005": "工業地域", "A29_006": 60, "A29_007": 200, "A29_008": null }, "geometry": { "type": "Polygon", "coordinates": [ [ [ 133.738247591, 35.079729344 ], [ 133.738134965, 35.079760342 ], [ 133.738066503, 35.079778828 ], [ 133.738064666000014, 35.079929018 ], [ 133.738061882000011, 35.080085865 ], [ 133.738060761000014, 35.080164736 ], [ 133.738059813, 35.080219719 ], [ 133.738057996, 35.080318869 ], [ 133.738055924, 35.080453183 ], [ 133.738053709000013, 35.080531598 ], [ 133.738052264, 35.080655089 ], [ 133.738049676, 35.080784884 ], [ 133.738048542, 35.080865567 ], [ 133.73804661, 35.080980492 ], [ 133.738042764, 35.081134169 ], [ 133.738043272999988, 35.08113958 ], [ 133.738042099000012, 35.081225663 ], [ 133.738040246, 35.081329779 ], [ 133.738039652, 35.081336087 ], [ 133.73803805899999, 35.081479859 ], [ 133.738036298, 35.081571347 ], [ 133.738036095000012, 35.081599291 ], [ 133.738033464000011, 35.081734955 ], [ 133.73803128099999, 35.081884584 ], [ 133.737951581, 35.081890304 ], [ 133.737954803, 35.081920717 ], [ 133.737975494000011, 35.082091642 ], [ 133.737990481, 35.082217476 ], [ 133.737994625, 35.08225085 ], [ 133.738005965000013, 35.082351868 ], [ 133.738023016999989, 35.082495281 ], [ 133.738037945, 35.082629228 ], [ 133.738053444, 35.082760013 ], [ 133.738071485, 35.082918305 ], [ 133.738189568, 35.082891391 ], [ 133.738319737000012, 35.082861381 ], [ 133.738324603, 35.08287087 ], [ 133.738389439, 35.082852248 ], [ 133.73844109, 35.082837177 ], [ 133.73857351699999, 35.082798163 ], [ 133.73879988499999, 35.08273436 ], [ 133.738949335, 35.082691824 ], [ 133.739074061999986, 35.082655926 ], [ 133.73915811, 35.082632892 ], [ 133.739160871, 35.082630201 ], [ 133.739164163999988, 35.082629766 ], [ 133.73917568499999, 35.082628921 ], [ 133.739182277, 35.082627151 ], [ 133.73918887, 35.08262538 ], [ 133.739265797, 35.08260277 ], [ 133.739293819000011, 35.082594794 ], [ 133.73936855, 35.082572624 ], [ 133.739372973, 35.082567688 ], [ 133.73949165499999, 35.082533564 ], [ 133.73955320799999, 35.082514024 ], [ 133.739562516, 35.082515873 ], [ 133.739697683, 35.082476871 ], [ 133.739710198000012, 35.082473462 ], [ 133.739845471, 35.082436579 ], [ 133.73993172199999, 35.082413554 ], [ 133.740079536, 35.082369656 ], [ 133.74008558, 35.082367882 ], [ 133.74008833100001, 35.082366544 ], [ 133.74020042699999, 35.082333288 ], [ 133.740258119, 35.082316893 ], [ 133.74036636, 35.082285863 ], [ 133.740466903, 35.082257959 ], [ 133.740547668, 35.082235367 ], [ 133.74056192, 35.082235887 ], [ 133.740561963, 35.082230028 ], [ 133.740571284, 35.082230074 ], [ 133.740598150000011, 35.082230205 ], [ 133.74059707, 35.082227946 ], [ 133.74062948400001, 35.08221909 ], [ 133.740638827999987, 35.082215981 ], [ 133.740700370000013, 35.082197793 ], [ 133.74077125299999, 35.082176955 ], [ 133.740778944999988, 35.082174739 ], [ 133.74091409499999, 35.08213799 ], [ 133.740931128, 35.082133115 ], [ 133.741081672, 35.082090572 ], [ 133.741115122999986, 35.082080828 ], [ 133.74107629400001, 35.083795034 ], [ 133.74109842499999, 35.083794871 ], [ 133.741153806999989, 35.083794691 ], [ 133.741168063, 35.083794761 ], [ 133.741203144, 35.083796284 ], [ 133.741231094999989, 35.083798223 ], [ 133.74123513399999, 35.083922192 ], [ 133.741238689999989, 35.084037143 ], [ 133.741241736, 35.084146693 ], [ 133.741245561, 35.084148514 ], [ 133.741407794, 35.084158312 ], [ 133.741443411, 35.084161641 ], [ 133.741514665000011, 35.084165594 ], [ 133.74155521599999, 35.084168947 ], [ 133.741625957, 35.08416794 ], [ 133.741688477, 35.084166442 ], [ 133.74178336599999, 35.084162398 ], [ 133.741888673, 35.084158395 ], [ 133.741963297000012, 35.084151097 ], [ 133.74198956699999, 35.084157986 ], [ 133.741995057, 35.084157111 ], [ 133.742173385, 35.084139952 ], [ 133.742329766000012, 35.08412493 ], [ 133.742381368, 35.084116618 ], [ 133.742434099, 35.084103804 ], [ 133.742486856999989, 35.084087384 ], [ 133.74256657699999, 35.084056222 ], [ 133.742698596, 35.083997811 ], [ 133.742746519, 35.083967396 ], [ 133.742770803000013, 35.083945428 ], [ 133.74279732299999, 35.083917613 ], [ 133.742799536, 35.083914919 ], [ 133.742802852000011, 35.08391133 ], [ 133.74281991699999, 35.083901948 ], [ 133.742827626, 35.083897478 ], [ 133.742856870999987, 35.083871929 ], [ 133.74290591, 35.083838814 ], [ 133.742930746000013, 35.083816399 ], [ 133.742956721000013, 35.083788121 ], [ 133.742982192999989, 35.08375354 ], [ 133.743008164, 35.083725721 ], [ 133.743034139, 35.083697452 ], [ 133.74307220899999, 35.083664735 ], [ 133.743105302, 35.083637852 ], [ 133.743119639000014, 35.083626654 ], [ 133.743126235, 35.083624433 ], [ 133.743124255999987, 35.083594675 ], [ 133.743118415999987, 35.083491882 ], [ 133.74311512700001, 35.083415685 ], [ 133.74311203799999, 35.083387725 ], [ 133.74311117900001, 35.083354818 ], [ 133.74310874299999, 35.083236267 ], [ 133.743105412, 35.083089766 ], [ 133.74310369599999, 35.08294732 ], [ 133.743100403, 35.082871582 ], [ 133.743100066000011, 35.082842284 ], [ 133.743098347, 35.08277647 ], [ 133.743096290000011, 35.082681358 ], [ 133.743096192, 35.082617355 ], [ 133.743096313, 35.082524506 ], [ 133.743096138, 35.082472663 ], [ 133.74309612499999, 35.082398294 ], [ 133.743097605, 35.082345116 ], [ 133.74309919800001, 35.082276163 ], [ 133.743101012000011, 35.082252734 ], [ 133.743101634999988, 35.082242371 ], [ 133.743102303, 35.082225697 ], [ 133.743101794000012, 35.082220286 ], [ 133.74310193, 35.082201357 ], [ 133.743101603000014, 35.082170706 ], [ 133.743109532, 35.082135588 ], [ 133.743113526, 35.082113973 ], [ 133.74311810399999, 35.082087402 ], [ 133.743123266, 35.082055868 ], [ 133.743125154000012, 35.082022073 ], [ 133.743122734, 35.08197744 ], [ 133.743120275, 35.081938215 ], [ 133.743110354, 35.081869206 ], [ 133.74309993, 35.081793885 ], [ 133.743093671999986, 35.081749233 ], [ 133.743083573, 35.081705013 ], [ 133.743075589, 35.08167162 ], [ 133.74307293199999, 35.081659889 ], [ 133.743058767, 35.081647199 ], [ 133.743042519999989, 35.081619176 ], [ 133.743059007999989, 35.081613847 ], [ 133.743033813000011, 35.081533947 ], [ 133.743032895, 35.081509152 ], [ 133.743031448000011, 35.081481642 ], [ 133.743027068, 35.08148072 ], [ 133.743037210000011, 35.081442908 ], [ 133.743044913, 35.081363168 ], [ 133.74305145299999, 35.081292436 ], [ 133.74305644, 35.081209077 ], [ 133.74306145, 35.081122562 ], [ 133.74306577199999, 35.081055426 ], [ 133.74306892199999, 35.080998641 ], [ 133.743064911, 35.080944986 ], [ 133.74305779299999, 35.080943599 ], [ 133.74305067899999, 35.080941761 ], [ 133.743045206, 35.080940382 ], [ 133.742957469, 35.08094311 ], [ 133.742857652, 35.08094669 ], [ 133.74284119699999, 35.080947511 ], [ 133.74270683200001, 35.080951815 ], [ 133.742550523, 35.080957814 ], [ 133.742370634, 35.080964158 ], [ 133.742241756, 35.080968038 ], [ 133.742079972999989, 35.080972658 ], [ 133.74193355599999, 35.080975549 ], [ 133.74183155599999, 35.080977765 ], [ 133.741695029999988, 35.08097755 ], [ 133.741560701, 35.080976895 ], [ 133.74141375799999, 35.080976628 ], [ 133.741259133, 35.080977234 ], [ 133.741122604, 35.080977469 ], [ 133.740977851, 35.080977664 ], [ 133.740861056999989, 35.080978445 ], [ 133.74082925, 35.0809792 ], [ 133.740727244, 35.080982308 ], [ 133.74067514, 35.080984307 ], [ 133.740647712999987, 35.080985976 ], [ 133.74062357299999, 35.080988111 ], [ 133.740582432, 35.080990614 ], [ 133.74049964400001, 35.080989759 ], [ 133.74036311899999, 35.080989542 ], [ 133.740229886, 35.0809889 ], [ 133.74008569099999, 35.080987744 ], [ 133.740038585, 35.080981203 ], [ 133.740037158, 35.080875276 ], [ 133.740017869000013, 35.079978677 ], [ 133.74001066, 35.079687015 ], [ 133.740008561, 35.079673934 ], [ 133.739967486000012, 35.079667423 ], [ 133.73989574399999, 35.079655804 ], [ 133.739834951, 35.079646492 ], [ 133.73974239399999, 35.079632075 ], [ 133.739638864999989, 35.079618498 ], [ 133.739528202, 35.079605786 ], [ 133.73949752199999, 35.079602481 ], [ 133.739396124, 35.079597477 ], [ 133.73933693, 35.079594483 ], [ 133.739242072, 35.07959492 ], [ 133.73917572799999, 35.079595054 ], [ 133.739136245999987, 35.079595762 ], [ 133.739057817, 35.079598984 ], [ 133.73896840899999, 35.079603954 ], [ 133.738892708, 35.079608992 ], [ 133.738818097, 35.079614936 ], [ 133.738666666, 35.079629077 ], [ 133.738612338, 35.079635571 ], [ 133.738540977000014, 35.07964694 ], [ 133.738511843, 35.079657164 ], [ 133.738483828999989, 35.079664238 ], [ 133.73846404599999, 35.079670451 ], [ 133.738434928, 35.079678421 ], [ 133.738348128000013, 35.079701884 ], [ 133.738247591, 35.079729344 ] ] ] } },
{ "type": "Feature", "properties": { "A29_001": "33214", "A29_002": "岡山県", "A29_003": "真庭市", "A29_004": 1, "A29_005": "第一種低層住居専用地域", "A29_006": 60, "A29_007": 100, "A29_008": null }, "geometry": { "type": "Polygon", "coordinates": [ [ [ 133.741330186, 35.085263131 ], [ 133.7413827, 35.085280515 ], [ 133.74139249800001, 35.085290478 ], [ 133.741392912, 35.08530896 ], [ 133.741400932, 35.085337395 ], [ 133.74138774, 35.085341838 ], [ 133.741383746, 35.085363453 ], [ 133.741369415, 35.085373749 ], [ 133.741360861, 35.085419231 ], [ 133.741350877, 35.085434957 ], [ 133.741334654000013, 35.085479499 ], [ 133.741364159, 35.085494067 ], [ 133.741379946, 35.085509919 ], [ 133.74143507799999, 35.085544443 ], [ 133.741527194000014, 35.085544893 ], [ 133.74159808600001, 35.085523153 ], [ 133.74165853400001, 35.085504968 ], [ 133.74167949400001, 35.085487943 ], [ 133.74169043099999, 35.085492053 ], [ 133.741722947, 35.085469225 ], [ 133.741737271, 35.085459821 ], [ 133.741791166000013, 35.085437998 ], [ 133.741803196, 35.085442564 ], [ 133.741814247, 35.085430899 ], [ 133.741844644999986, 35.085397694 ], [ 133.741874123, 35.085415867 ], [ 133.741872867000012, 35.085437946 ], [ 133.741867065, 35.085482088 ], [ 133.741902192999987, 35.085477302 ], [ 133.741956969, 35.085485231 ], [ 133.742005317, 35.085548117 ], [ 133.74204550799999, 35.085601499 ], [ 133.742060814000013, 35.085684055 ], [ 133.74210517899999, 35.085691033 ], [ 133.742463362, 35.085826192 ], [ 133.742541936, 35.08587976 ], [ 133.742570195000013, 35.085915054 ], [ 133.742583833999987, 35.085924586 ], [ 133.74258913599999, 35.085949852 ], [ 133.742630359, 35.086012253 ], [ 133.742637941, 35.086025361 ], [ 133.742697541000013, 35.08612481 ], [ 133.742702939999987, 35.086136555 ], [ 133.742710506, 35.086151916 ], [ 133.74271848399999, 35.08618621 ], [ 133.742711602000014, 35.086228094 ], [ 133.742692086, 35.086273071 ], [ 133.74270302299999, 35.086277181 ], [ 133.742756593, 35.086297246 ], [ 133.74276095, 35.086304506 ], [ 133.742766283, 35.086325265 ], [ 133.742785341, 35.086343838 ], [ 133.742797388000014, 35.08634615 ], [ 133.742806145, 35.086348446 ], [ 133.74282703599999, 35.086340886 ], [ 133.742858829, 35.086342393 ], [ 133.74289396, 35.086337155 ], [ 133.742941067, 35.086344145 ], [ 133.742948831, 35.086332013 ], [ 133.742984449, 35.086335342 ], [ 133.743041984, 35.086341031 ], [ 133.74305680099999, 35.0863393 ], [ 133.743082098, 35.086329056 ], [ 133.743091991, 35.08632595 ], [ 133.743147529999987, 35.086304125 ], [ 133.743337235000013, 35.086306852 ], [ 133.743426555000013, 35.086313596 ], [ 133.743451187, 35.086319575 ], [ 133.743596819, 35.086350933 ], [ 133.743606854, 35.086327986 ], [ 133.74367161699999, 35.086319737 ], [ 133.743759154, 35.086347206 ], [ 133.743835749999988, 35.086371016 ], [ 133.743909059, 35.086394359 ], [ 133.743974169000012, 35.086414057 ], [ 133.74411371799999, 35.086452595 ], [ 133.74422211699999, 35.08647656 ], [ 133.744354606, 35.08650559 ], [ 133.744430703, 35.086522636 ], [ 133.74448931500001, 35.086531034 ], [ 133.744530945, 35.086537095 ], [ 133.744591695, 35.086553166 ], [ 133.744604277, 35.086557283 ], [ 133.74465896699999, 35.08657738 ], [ 133.744768619000013, 35.086608598 ], [ 133.744873574, 35.086531835 ], [ 133.745046147000011, 35.086493613 ], [ 133.745090406, 35.086489456 ], [ 133.745105408, 35.086488041 ], [ 133.745188727, 35.086492051 ], [ 133.745189411000013, 35.086473115 ], [ 133.745190221, 35.086471866 ], [ 133.745201055, 35.086455143 ], [ 133.745213202, 35.086443483 ], [ 133.745228117000011, 35.086428231 ], [ 133.745280995, 35.086395134 ], [ 133.74533005399999, 35.086359314 ], [ 133.74536257599999, 35.086335583 ], [ 133.745411948, 35.086332667 ], [ 133.745462948000011, 35.086332013 ], [ 133.74555064, 35.086337838 ], [ 133.74562987600001, 35.086343793 ], [ 133.74568491299999, 35.086347503 ], [ 133.745759147, 35.086341445 ], [ 133.74596989299999, 35.086291192 ], [ 133.746076993, 35.086266912 ], [ 133.74618009, 35.086265608 ], [ 133.74629854599999, 35.086263477 ], [ 133.74630304499999, 35.086247724 ], [ 133.746390244, 35.086245892 ], [ 133.746453100999986, 35.086197509 ], [ 133.746589655, 35.086195015 ], [ 133.746647825, 35.086188536 ], [ 133.74665826899999, 35.08618498 ], [ 133.746665965, 35.086182313 ], [ 133.74672365699999, 35.086172154 ], [ 133.746728079, 35.086160979 ], [ 133.74674149099999, 35.086125888 ], [ 133.746753786, 35.086093486 ], [ 133.746788256, 35.086104019 ], [ 133.746823819000014, 35.086115009 ], [ 133.746857178999988, 35.08612734 ], [ 133.746892126, 35.086147791 ], [ 133.746908947, 35.086172662 ], [ 133.74693237299999, 35.086193959 ], [ 133.74694273899999, 35.086201221 ], [ 133.74696455599999, 35.086217553 ], [ 133.74697601599999, 35.08622527 ], [ 133.746976534999988, 35.086229329 ], [ 133.746985231, 35.086240189 ], [ 133.747030912000014, 35.086293144 ], [ 133.74704828099999, 35.086318018 ], [ 133.74706563699999, 35.086344694 ], [ 133.747086244, 35.086376795 ], [ 133.747090585, 35.086383126 ], [ 133.747165220999989, 35.086451096 ], [ 133.747188112, 35.086470587 ], [ 133.747199556, 35.086480558 ], [ 133.747244238, 35.086519987 ], [ 133.747255274999986, 35.086510125 ], [ 133.747276534, 35.086527806 ], [ 133.747352818, 35.086595332 ], [ 133.747431841, 35.086663322 ], [ 133.747437302, 35.086666504 ], [ 133.74744440399999, 35.086670144 ], [ 133.74751835399999, 35.08675749 ], [ 133.747578686, 35.086832151 ], [ 133.747587952, 35.086839858 ], [ 133.747624997, 35.086873841 ], [ 133.747630961, 35.086883335 ], [ 133.747624296999987, 35.086895022 ], [ 133.747693612, 35.086940429 ], [ 133.74768973499999, 35.086945819 ], [ 133.747865606, 35.087043113 ], [ 133.747907542, 35.087006357 ], [ 133.747936748, 35.086986215 ], [ 133.74794061899999, 35.086981727 ], [ 133.747994783, 35.086922042 ], [ 133.748062264, 35.086840327 ], [ 133.748458551999988, 35.086477587 ], [ 133.748516615999989, 35.08648598 ], [ 133.748558285, 35.086486632 ], [ 133.74857142799999, 35.086488949 ], [ 133.748586791, 35.086487671 ], [ 133.748625027, 35.086431515 ], [ 133.748643163, 35.086425743 ], [ 133.74866477, 35.086394747 ], [ 133.74870830899999, 35.086363848 ], [ 133.74874237899999, 35.086353646 ], [ 133.748759498999988, 35.086336601 ], [ 133.748769442, 35.086326282 ], [ 133.74877883100001, 35.086316862 ], [ 133.748811587, 35.086260229 ], [ 133.748869879000011, 35.086236622 ], [ 133.748922024, 35.086229202 ], [ 133.748987438, 35.08620653 ], [ 133.749061648, 35.086180746 ], [ 133.74907907299999, 35.086177774 ], [ 133.74926862699999, 35.086144775 ], [ 133.74946201099999, 35.086092972 ], [ 133.749532284999987, 35.086080681 ], [ 133.74955763299999, 35.086063225 ], [ 133.74957377199999, 35.086029949 ], [ 133.74960128399999, 35.08601656 ], [ 133.74963143799999, 35.086017155 ], [ 133.749685462, 35.08597685 ], [ 133.749712695, 35.086002673 ], [ 133.749721240000014, 35.086034715 ], [ 133.74974262399999, 35.086034818 ], [ 133.74981883699999, 35.086035627 ], [ 133.74988729399999, 35.086047675 ], [ 133.749975983000013, 35.086067482 ], [ 133.750009373000012, 35.086075756 ], [ 133.750028342, 35.086106947 ], [ 133.750044605999989, 35.086133167 ], [ 133.75005271500001, 35.086149432 ], [ 133.750068943, 35.08618061 ], [ 133.75008510399999, 35.086221253 ], [ 133.750095842, 35.086253306 ], [ 133.750168137, 35.086265372 ], [ 133.750220211, 35.086267867 ], [ 133.750366477, 35.086224355 ], [ 133.75044354799999, 35.08614465 ], [ 133.75051335, 35.08610781 ], [ 133.75059699799999, 35.086082467 ], [ 133.75064919499999, 35.086077002 ], [ 133.750735819999989, 35.086120318 ], [ 133.75080870299999, 35.086140681 ], [ 133.750884133, 35.086128161 ], [ 133.75104378, 35.086116758 ], [ 133.75120234, 35.086103989 ], [ 133.75135954000001, 35.086051099 ], [ 133.751450806, 35.086035446 ], [ 133.75148689400001, 35.086031427 ], [ 133.75149509, 35.086035523 ], [ 133.751547613000014, 35.086052001 ], [ 133.751569504, 35.086057965 ], [ 133.751577709, 35.086060709 ], [ 133.751585369999987, 35.086063 ], [ 133.751651587999987, 35.086081346 ], [ 133.751723274, 35.086101963 ], [ 133.751779177, 35.086105837 ], [ 133.751770033000014, 35.086158077 ], [ 133.75175282, 35.086188193 ], [ 133.751727265, 35.086234946 ], [ 133.75171171400001, 35.086262825 ], [ 133.751689486, 35.086304185 ], [ 133.751670588, 35.086340152 ], [ 133.751664463, 35.086353193 ], [ 133.75165167, 35.086378823 ], [ 133.751627762, 35.086425133 ], [ 133.751622578, 35.086460265 ], [ 133.751625147, 35.086484616 ], [ 133.751629344, 35.086511229 ], [ 133.751700578, 35.086518331 ], [ 133.751796716, 35.086493101 ], [ 133.751850002999987, 35.086479375 ], [ 133.75190551099999, 35.086461612 ], [ 133.751947828, 35.086448294 ], [ 133.75208702099999, 35.086460229 ], [ 133.75219606600001, 35.086470659 ], [ 133.752257248, 35.086503404 ], [ 133.752269719, 35.086523295 ], [ 133.752330814, 35.08656821 ], [ 133.752377903, 35.0865779 ], [ 133.752488934000013, 35.086600536 ], [ 133.75259650000001, 35.086631078 ], [ 133.752689997, 35.086684422 ], [ 133.752783606, 35.086722046 ], [ 133.752843092, 35.086728046 ], [ 133.752905768, 35.086715483 ], [ 133.752945934, 35.086689939 ], [ 133.752977394, 35.086665786 ], [ 133.753001941, 35.086635877 ], [ 133.753015338000012, 35.086617894 ], [ 133.753027669, 35.086580092 ], [ 133.753077459, 35.086518131 ], [ 133.75313059199999, 35.086526038 ], [ 133.753165158, 35.086523049 ], [ 133.753181090999988, 35.086518618 ], [ 133.753223392, 35.086507552 ], [ 133.753281071, 35.086492954 ], [ 133.75331407499999, 35.086478238 ], [ 133.75335585900001, 35.086462663 ], [ 133.753401488, 35.086446195 ], [ 133.753432771, 35.086442288 ], [ 133.753478317, 35.086437548 ], [ 133.753536483, 35.086431516 ], [ 133.75359079899999, 35.086427268 ], [ 133.753651697, 35.086422602 ], [ 133.753708222, 35.086416102 ], [ 133.753723568999987, 35.086417077 ], [ 133.753768517999987, 35.086419095 ], [ 133.753859616999989, 35.086425533 ], [ 133.7539121, 35.086429246 ], [ 133.75394385199999, 35.086436609 ], [ 133.753974513, 35.086443066 ], [ 133.753983793, 35.086448969 ], [ 133.75400998500001, 35.086467114 ], [ 133.754021959, 35.086479792 ], [ 133.754061619999987, 35.086531814 ], [ 133.754069765, 35.086543121 ], [ 133.754096422, 35.086572996 ], [ 133.754121451, 35.08660061 ], [ 133.75416176499999, 35.086637762 ], [ 133.754192085, 35.086652195 ], [ 133.754215859, 35.08666482 ], [ 133.754244381, 35.086674575 ], [ 133.754287662, 35.086678342 ], [ 133.754336881, 35.086675296 ], [ 133.75432783299999, 35.086648922 ], [ 133.75428437799999, 35.086590571 ], [ 133.754251782000011, 35.086547597 ], [ 133.75421753099999, 35.086505967 ], [ 133.75418654399999, 35.086467958 ], [ 133.754150119, 35.086423613 ], [ 133.754138696000012, 35.086410488 ], [ 133.75411528399999, 35.086386938 ], [ 133.754082634000014, 35.086351626 ], [ 133.754065212, 35.086333964 ], [ 133.75404342600001, 35.086313127 ], [ 133.754026546, 35.08629637 ], [ 133.753997051, 35.086280003 ], [ 133.75398012, 35.086270457 ], [ 133.753956622, 35.086259076 ], [ 133.75393531099999, 35.086248608 ], [ 133.75390031399999, 35.086234928 ], [ 133.753872978, 35.086223529 ], [ 133.753858208, 35.086218501 ], [ 133.753825373000012, 35.08620933 ], [ 133.753784335, 35.086196964 ], [ 133.75377011399999, 35.086191938 ], [ 133.753710477999988, 35.086173173 ], [ 133.753655793, 35.086152179 ], [ 133.753606071, 35.086127151 ], [ 133.753571722, 35.086099493 ], [ 133.753521049999989, 35.086053737 ], [ 133.753466104000012, 35.085992176 ], [ 133.753423172999987, 35.085937433 ], [ 133.753376468, 35.085873658 ], [ 133.753341162, 35.085826163 ], [ 133.753304762999988, 35.085778212 ], [ 133.75327434499999, 35.085737502 ], [ 133.753248785000011, 35.085707632 ], [ 133.753222099, 35.085681813 ], [ 133.753171387, 35.085641907 ], [ 133.75314686199999, 35.085620606 ], [ 133.753098908, 35.085578459 ], [ 133.75305095600001, 35.085535862 ], [ 133.75301055599999, 35.085510878 ], [ 133.75297667000001, 35.085495392 ], [ 133.752933974, 35.08548483 ], [ 133.752847968999987, 35.08547315 ], [ 133.752846987, 35.085456919 ], [ 133.752764358, 35.085433086 ], [ 133.752614267000013, 35.085411634 ], [ 133.752510738000012, 35.085396724 ], [ 133.752477333, 35.085390705 ], [ 133.752451046, 35.085386072 ], [ 133.752416552999989, 35.085378695 ], [ 133.752393008000013, 35.085374075 ], [ 133.752368917000013, 35.085369002 ], [ 133.752313614, 35.085357919 ], [ 133.752268705, 35.085351845 ], [ 133.752207387, 35.085338489 ], [ 133.752136766, 35.085322375 ], [ 133.752085869000013, 35.08530861 ], [ 133.752036104000013, 35.085289891 ], [ 133.751981962, 35.0852698 ], [ 133.75193389899999, 35.085242977 ], [ 133.751892977000011, 35.085214385 ], [ 133.75186951500001, 35.085198047 ], [ 133.751871179, 35.08519535 ], [ 133.75183734699999, 35.08517221 ], [ 133.75178932899999, 35.085139077 ], [ 133.751735308, 35.085101859 ], [ 133.751649097000012, 35.08504195 ], [ 133.751616898, 35.085020612 ], [ 133.75159343199999, 35.085004724 ], [ 133.751585256, 35.084997924 ], [ 133.75157707599999, 35.084991574 ], [ 133.751571073, 35.084987489 ], [ 133.751534009000011, 35.084956211 ], [ 133.751480614, 35.084908179 ], [ 133.75144852299999, 35.084871516 ], [ 133.751393576, 35.084810405 ], [ 133.751310346999986, 35.084716706 ], [ 133.751261932, 35.084662396 ], [ 133.751181965, 35.084572769 ], [ 133.751091663000011, 35.084471373 ], [ 133.75108953099999, 35.084462799 ], [ 133.751034613, 35.084397632 ], [ 133.75098948499999, 35.084343779 ], [ 133.75094817199999, 35.0842931 ], [ 133.750906844000014, 35.084244674 ], [ 133.750848655999988, 35.084176786 ], [ 133.75078011299999, 35.084098482 ], [ 133.750756066, 35.084088901 ], [ 133.75073378799999, 35.084054106 ], [ 133.750714791, 35.084031461 ], [ 133.75067561099999, 35.083989356 ], [ 133.750653801, 35.083972123 ], [ 133.750619437000012, 35.083946718 ], [ 133.750579061, 35.083918579 ], [ 133.750559986000013, 35.083902261 ], [ 133.750510397999989, 35.083858763 ], [ 133.75044283, 35.083800745 ], [ 133.750344187, 35.083715986 ], [ 133.75034146499999, 35.083713269 ], [ 133.750321832, 35.0836983 ], [ 133.750286955, 35.083667934 ], [ 133.750260405, 35.083544759 ], [ 133.750241515999988, 35.083502301 ], [ 133.750215105, 35.083515244 ], [ 133.749844911999986, 35.083681592 ], [ 133.748966303, 35.084017233 ], [ 133.748666536, 35.084147868 ], [ 133.748413763, 35.084070477 ], [ 133.748407154, 35.084074502 ], [ 133.748394821, 35.084112303 ], [ 133.748369801, 35.084162212 ], [ 133.748349733999987, 35.084208098 ], [ 133.748325297, 35.084251701 ], [ 133.748291919, 35.084318697 ], [ 133.748259663, 35.084382093 ], [ 133.748247686000013, 35.084405455 ], [ 133.74814131, 35.084370263 ], [ 133.74809245899999, 35.084377239 ], [ 133.74801236499999, 35.084382712 ], [ 133.74800969099999, 35.084373234 ], [ 133.74789715599999, 35.08439117 ], [ 133.747792304, 35.084408251 ], [ 133.747582416, 35.084391462 ], [ 133.74757641, 35.084387827 ], [ 133.747560977, 35.084399021 ], [ 133.74741155699999, 35.084437521 ], [ 133.747299496000011, 35.084465826 ], [ 133.747177598, 35.084489576 ], [ 133.746782708000012, 35.084503 ], [ 133.74608207599999, 35.084563179 ], [ 133.745771553999987, 35.084586915 ], [ 133.745540107000011, 35.084594366 ], [ 133.745455139, 35.08459125 ], [ 133.745380033, 35.084589083 ], [ 133.745124057999988, 35.084576132 ], [ 133.74506867299999, 35.084576764 ], [ 133.74500833, 35.084580528 ], [ 133.744988584, 35.084581334 ], [ 133.744987468, 35.084584033 ], [ 133.744951264, 35.084586111 ], [ 133.744921642, 35.08458777 ], [ 133.744878910000011, 35.084582605 ], [ 133.744652871999989, 35.084600447 ], [ 133.744618403, 35.084589913 ], [ 133.744573922, 35.084599162 ], [ 133.74451296, 35.084612838 ], [ 133.74441578299999, 35.084629945 ], [ 133.744303234, 35.08464969 ], [ 133.744264291, 35.084651303 ], [ 133.744192314, 35.084671687 ], [ 133.744158954999989, 35.084659355 ], [ 133.74414694399999, 35.084652085 ], [ 133.744090446, 35.084654966 ], [ 133.744054218, 35.084660199 ], [ 133.74401963599999, 35.084665439 ], [ 133.743993308, 35.084666663 ], [ 133.74396262499999, 35.084663359 ], [ 133.743930298, 35.084660047 ], [ 133.743888591, 35.084664802 ], [ 133.743845797, 35.084668209 ], [ 133.743806831, 35.084672977 ], [ 133.74374312099999, 35.084687542 ], [ 133.743706863999989, 35.08469683 ], [ 133.74368378, 35.08470438 ], [ 133.74363761699999, 35.084720382 ], [ 133.74359694099999, 35.084734157 ], [ 133.743580447, 35.084740387 ], [ 133.743540316, 35.084754614 ], [ 133.743516105999987, 35.084766215 ], [ 133.743502892, 35.084773813 ], [ 133.743462784, 35.084784895 ], [ 133.743422712000012, 35.084791011 ], [ 133.743377148, 35.084798451 ], [ 133.743355186, 35.084802401 ], [ 133.743296987, 35.084812935 ], [ 133.743237131, 35.084825264 ], [ 133.743180016, 35.084837606 ], [ 133.74313112199999, 35.084850439 ], [ 133.743119584999988, 35.084853538 ], [ 133.74309431099999, 35.084860627 ], [ 133.743064634, 35.084869956 ], [ 133.743034435, 35.084875669 ], [ 133.74300918, 35.084880053 ], [ 133.74296528, 35.084884797 ], [ 133.742916431999987, 35.08489132 ], [ 133.74287088599999, 35.084896057 ], [ 133.742812711, 35.084903436 ], [ 133.742792949, 35.084906494 ], [ 133.74277759, 35.084907321 ], [ 133.74273754, 35.084910281 ], [ 133.742718895, 35.084910641 ], [ 133.742705187000013, 35.084910574 ], [ 133.742632726000011, 35.084921949 ], [ 133.742619569, 35.084921434 ], [ 133.742595431000012, 35.084923119 ], [ 133.742173287000014, 35.084755449 ], [ 133.742129705999986, 35.084761592 ], [ 133.74199301199999, 35.084780856 ], [ 133.741903377999989, 35.084781392 ], [ 133.741878711, 35.084780362 ], [ 133.741859776000013, 35.084776727 ], [ 133.741842424, 35.084772622 ], [ 133.741825081, 35.084768715 ], [ 133.74180614299999, 35.084765458 ], [ 133.74178501899999, 35.084764355 ], [ 133.741561923, 35.084834706 ], [ 133.741546664, 35.08482156 ], [ 133.74153293099999, 35.084825108 ], [ 133.74152302499999, 35.084830018 ], [ 133.741504236, 35.084850208 ], [ 133.741490430999988, 35.084863663 ], [ 133.741454116, 35.084881064 ], [ 133.741423854, 35.084895339 ], [ 133.741406273, 35.084900211 ], [ 133.74138596899999, 35.084902366 ], [ 133.741366769, 35.084903624 ], [ 133.741353067, 35.084902656 ], [ 133.741344301, 35.084901712 ], [ 133.741327855, 35.084901181 ], [ 133.741316888999989, 35.084901127 ], [ 133.741316907999988, 35.084898423 ], [ 133.74131258700001, 35.084889387 ], [ 133.741300622000011, 35.084875807 ], [ 133.74128919899999, 35.084863131 ], [ 133.741276113999987, 35.084852701 ], [ 133.741257109, 35.084826917 ], [ 133.741244599, 35.084812883 ], [ 133.741241331999987, 35.084809712 ], [ 133.74123812, 35.084798879 ], [ 133.741210352, 35.0847717 ], [ 133.74118051100001, 35.084727835 ], [ 133.74089491399999, 35.084640802 ], [ 133.7407766, 35.084623557 ], [ 133.740681298999988, 35.084608668 ], [ 133.740457111000012, 35.084523774 ], [ 133.74038437499999, 35.08449724 ], [ 133.74035712, 35.084475021 ], [ 133.74031774, 35.084461307 ], [ 133.740278225999987, 35.084466072 ], [ 133.740266104, 35.084474125 ], [ 133.740255987000012, 35.084508331 ], [ 133.740106835, 35.084509413 ], [ 133.740004836999987, 35.084510717 ], [ 133.73996425199999, 35.084511871 ], [ 133.73984339, 35.08446801 ], [ 133.739727985, 35.084427781 ], [ 133.739717039, 35.084425024 ], [ 133.739675482, 35.084409045 ], [ 133.739625654, 35.084399336 ], [ 133.739599884, 35.08439921 ], [ 133.739532929, 35.084407454 ], [ 133.73956525599999, 35.084486489 ], [ 133.739574446, 35.084504563 ], [ 133.739591146, 35.08454566 ], [ 133.73962377, 35.084583681 ], [ 133.73965420799999, 35.084620789 ], [ 133.739676104000011, 35.084625854 ], [ 133.739719361999988, 35.084634179 ], [ 133.739720481, 35.084631029 ], [ 133.739777965, 35.08464348 ], [ 133.73977795499999, 35.084644832 ], [ 133.739820103, 35.084654955 ], [ 133.739831052999989, 35.084657262 ], [ 133.739864447, 35.084664637 ], [ 133.740019928, 35.084698291 ], [ 133.74005876699999, 35.084711102 ], [ 133.74020332399999, 35.084738852 ], [ 133.740354983, 35.084770243 ], [ 133.740381194, 35.084785245 ], [ 133.740389886, 35.084796556 ], [ 133.740386097, 35.084865497 ], [ 133.740531202999989, 35.08489325 ], [ 133.740591426, 35.084906165 ], [ 133.74061934, 35.084913062 ], [ 133.740669707, 35.084924117 ], [ 133.740719524000014, 35.084935177 ], [ 133.740764414000012, 35.084945313 ], [ 133.740807114, 35.084954987 ], [ 133.740859128000011, 35.084965607 ], [ 133.740897993, 35.084974812 ], [ 133.740923169000013, 35.084981245 ], [ 133.740946688, 35.084989473 ], [ 133.74095146, 35.085012032 ], [ 133.74096921200001, 35.085059445 ], [ 133.740995913, 35.085082562 ], [ 133.74105269, 35.085117094 ], [ 133.741087615, 35.085140251 ], [ 133.741147227999988, 35.085161727 ], [ 133.741214595, 35.085172422 ], [ 133.741268744, 35.085191166 ], [ 133.741300239999987, 35.085233688 ], [ 133.741330186, 35.085263131 ] ] ] } },
{ "type": "Feature", "properties": { "A29_001": "33214", "A29_002": "岡山県", "A29_003": "真庭市", "A29_004": 5, "A29_005": "第一種住居地域", "A29_006": 60, "A29_007": 200, "A29_008": null }, "geometry": { "type": "Polygon", "coordinates": [ [ [ 133.74874347799999, 35.074364533 ], [ 133.748717938, 35.074377111 ], [ 133.74871201799999, 35.074380012 ], [ 133.748699428, 35.074383422 ], [ 133.74869116299999, 35.074389161 ], [ 133.74847958399999, 35.074536068 ], [ 133.74809725899999, 35.0747943 ], [ 133.74808236699999, 35.074806848 ], [ 133.748012593, 35.074903868 ], [ 133.74799432099999, 35.07492902 ], [ 133.747895433999986, 35.074956938 ], [ 133.74784216099999, 35.074969752 ], [ 133.747811321, 35.074988993 ], [ 133.747752171, 35.075133841 ], [ 133.747732641, 35.075181523 ], [ 133.74771982199999, 35.075210758 ], [ 133.74771814799999, 35.075214807 ], [ 133.74765904899999, 35.075352442 ], [ 133.747655146999989, 35.075361438 ], [ 133.747635072, 35.075408667 ], [ 133.747602703000013, 35.075488298 ], [ 133.747596018, 35.075503139 ], [ 133.747545242, 35.075626843 ], [ 133.747541898, 35.075634489 ], [ 133.74753694099999, 35.07563762 ], [ 133.747532481, 35.075647965 ], [ 133.747494009, 35.075739267 ], [ 133.74748131699999, 35.075781357 ], [ 133.747496401, 35.075778906 ], [ 133.747558043, 35.075770397 ], [ 133.747796842000014, 35.075698903 ], [ 133.7482343, 35.075553528 ], [ 133.748271888, 35.075538304 ], [ 133.748314838, 35.075523096 ], [ 133.748419586000011, 35.075477384 ], [ 133.748457206000012, 35.075457752 ], [ 133.74870683, 35.075368703 ], [ 133.748958386999988, 35.075262246 ], [ 133.749097784000014, 35.075198275 ], [ 133.749405216000014, 35.075050675 ], [ 133.749462993, 35.075021313 ], [ 133.749649749000014, 35.074926389 ], [ 133.75004222199999, 35.074703753 ], [ 133.750225085000011, 35.074590158 ], [ 133.750408052000012, 35.074463375 ], [ 133.750615375, 35.074299271 ], [ 133.750693345, 35.07425342 ], [ 133.750751947999987, 35.074200236 ], [ 133.750844185, 35.074126472 ], [ 133.75121948200001, 35.073790782 ], [ 133.751378096, 35.073641876 ], [ 133.751547878, 35.073476734 ], [ 133.751660955, 35.073344565 ], [ 133.751766121, 35.073239411 ], [ 133.751941561, 35.073039933 ], [ 133.752057709000013, 35.072895221 ], [ 133.75229281899999, 35.072585971 ], [ 133.752484802999987, 35.072318349 ], [ 133.752752746999988, 35.071910213 ], [ 133.753004627, 35.07150199 ], [ 133.752986709999988, 35.071430807 ], [ 133.752864697, 35.071283269 ], [ 133.75285236900001, 35.071248135 ], [ 133.752832453, 35.071217787 ], [ 133.752797834, 35.071177967 ], [ 133.75261553499999, 35.070962793 ], [ 133.752405548000013, 35.070713935 ], [ 133.75240044, 35.070706004 ], [ 133.752392714, 35.070686785 ], [ 133.75236981099999, 35.070654043 ], [ 133.752167783, 35.070360708 ], [ 133.752162112, 35.070342526 ], [ 133.75215262899999, 35.070040766 ], [ 133.75215250799999, 35.070022286 ], [ 133.752075746, 35.070017447 ], [ 133.751732084999986, 35.070054363 ], [ 133.751712755, 35.069908984 ], [ 133.751693378999988, 35.0697546 ], [ 133.75164587399999, 35.06939236 ], [ 133.751644328, 35.069359909 ], [ 133.75164533, 35.069299057 ], [ 133.751658982, 35.069003754 ], [ 133.751662352000011, 35.068924371 ], [ 133.751664591, 35.068871593 ], [ 133.751664193000011, 35.068865849 ], [ 133.751665937000013, 35.068833288 ], [ 133.75166776, 35.068798907 ], [ 133.751305104000011, 35.068691959 ], [ 133.75086807, 35.068562838 ], [ 133.750732875000011, 35.068523354 ], [ 133.750697172, 35.068610172 ], [ 133.75067266100001, 35.068742117 ], [ 133.75066981399999, 35.068756977 ], [ 133.750606616, 35.069087054 ], [ 133.750598133000011, 35.069123522 ], [ 133.750569146, 35.069191 ], [ 133.750524187, 35.069191685 ], [ 133.75052304499999, 35.06919799 ], [ 133.750519645, 35.069367896 ], [ 133.750516785, 35.069384559 ], [ 133.75050456299999, 35.069419594 ], [ 133.750509313, 35.069430083 ], [ 133.75057205600001, 35.069651617 ], [ 133.75057273199999, 35.069659833 ], [ 133.75061080099999, 35.06983569 ], [ 133.750639651, 35.069943353 ], [ 133.750676832000011, 35.070062009 ], [ 133.750691625, 35.070106503 ], [ 133.75073042599999, 35.070256555 ], [ 133.750798559, 35.070497497 ], [ 133.750799913, 35.070502822 ], [ 133.75089853, 35.070852967 ], [ 133.750954906, 35.071068115 ], [ 133.750961206, 35.071113642 ], [ 133.75098714399999, 35.071208328 ], [ 133.751009485999987, 35.07130937 ], [ 133.751033393, 35.071463074 ], [ 133.75103776899999, 35.071496908 ], [ 133.751080951, 35.071775942 ], [ 133.75095441799999, 35.071778895 ], [ 133.75087567, 35.071770981 ], [ 133.750762151, 35.071758807 ], [ 133.750613119, 35.071747652 ], [ 133.750494637, 35.071739502 ], [ 133.750486822, 35.071739122 ], [ 133.750483213, 35.071760955 ], [ 133.75042234, 35.072044096 ], [ 133.750423117999986, 35.07205041 ], [ 133.750429222, 35.072172711 ], [ 133.750415326, 35.072426059 ], [ 133.750415618, 35.072440484 ], [ 133.75041016599999, 35.072601131 ], [ 133.75038664499999, 35.072726184 ], [ 133.750354138, 35.072812008 ], [ 133.750323468, 35.072898472 ], [ 133.750329298999986, 35.072906595 ], [ 133.750182575999986, 35.073376796 ], [ 133.750063544, 35.073758266 ], [ 133.750050249999987, 35.073783641 ], [ 133.74999822, 35.073937727 ], [ 133.749928935000014, 35.074117485 ], [ 133.74991012000001, 35.074162061 ], [ 133.749873267999988, 35.074252686 ], [ 133.74982589199999, 35.074369187 ], [ 133.74980217, 35.07436352 ], [ 133.749468451000013, 35.074255002 ], [ 133.749396982, 35.074231671 ], [ 133.749389388, 35.074252566 ], [ 133.749381712, 35.074252592 ], [ 133.749367604000014, 35.0742521 ], [ 133.749237829, 35.07424778 ], [ 133.748998011999987, 35.074239891 ], [ 133.748994990999989, 35.074240642 ], [ 133.74874347799999, 35.074364533 ] ] ] } },
{ "type": "Feature", "properties": { "A29_001": "33214", "A29_002": "岡山県", "A29_003": "真庭市", "A29_004": 10, "A29_005": "準工業地域", "A29_006": 60, "A29_007": 200, "A29_008": null }, "geometry": { "type": "Polygon", "coordinates": [ [ [ 133.741352252000013, 35.077115807 ], [ 133.74137958899999, 35.077178122 ], [ 133.74165534799999, 35.077117566 ], [ 133.741912832, 35.077054972 ], [ 133.742111462, 35.077001665 ], [ 133.74222405899999, 35.076966246 ], [ 133.742309962, 35.076935835 ], [ 133.742403956, 35.076896674 ], [ 133.74260247, 35.076842617 ], [ 133.742806298, 35.076795175 ], [ 133.742825298000014, 35.076789508 ], [ 133.74337364499999, 35.076626995 ], [ 133.74397005099999, 35.076459919 ], [ 133.74406317399999, 35.076436411 ], [ 133.74407607099999, 35.076433192 ], [ 133.74455813099999, 35.07631281 ], [ 133.744885305999986, 35.076239542 ], [ 133.745397408, 35.076140767 ], [ 133.745904020000012, 35.076059576 ], [ 133.746734739, 35.075957939 ], [ 133.746948432000011, 35.075925817 ], [ 133.74697596199999, 35.075921677 ], [ 133.747010843999988, 35.075910839 ], [ 133.747051056, 35.075904426 ], [ 133.747166319, 35.075885169 ], [ 133.74727631, 35.07585489 ], [ 133.74748131699999, 35.075781357 ], [ 133.747485783, 35.075765649 ], [ 133.747494009, 35.075739267 ], [ 133.747532481, 35.075647965 ], [ 133.74753694099999, 35.07563762 ], [ 133.747541898, 35.075634489 ], [ 133.747545242, 35.075626843 ], [ 133.747596018, 35.075503139 ], [ 133.747602703000013, 35.075488298 ], [ 133.747635072, 35.075408667 ], [ 133.747655146999989, 35.075361438 ], [ 133.74765904899999, 35.075352442 ], [ 133.74771814799999, 35.075214807 ], [ 133.74771982199999, 35.075210758 ], [ 133.747732641, 35.075181523 ], [ 133.747752171, 35.075133841 ], [ 133.747811321, 35.074988993 ], [ 133.74784216099999, 35.074969752 ], [ 133.747895433999986, 35.074956938 ], [ 133.74799432099999, 35.07492902 ], [ 133.748012593, 35.074903868 ], [ 133.74808236699999, 35.074806848 ], [ 133.74809725899999, 35.0747943 ], [ 133.74847958399999, 35.074536068 ], [ 133.74869116299999, 35.074389161 ], [ 133.748699428, 35.074383422 ], [ 133.74871201799999, 35.074380012 ], [ 133.748717938, 35.074377111 ], [ 133.74874347799999, 35.074364533 ], [ 133.748994990999989, 35.074240642 ], [ 133.748998011999987, 35.074239891 ], [ 133.749237829, 35.07424778 ], [ 133.749367604000014, 35.0742521 ], [ 133.749381712, 35.074252592 ], [ 133.749389388, 35.074252566 ], [ 133.749396982, 35.074231671 ], [ 133.749468451000013, 35.074255002 ], [ 133.74980217, 35.07436352 ], [ 133.74982589199999, 35.074369187 ], [ 133.749873267999988, 35.074252686 ], [ 133.74991012000001, 35.074162061 ], [ 133.749928935000014, 35.074117485 ], [ 133.74999822, 35.073937727 ], [ 133.750050249999987, 35.073783641 ], [ 133.750063544, 35.073758266 ], [ 133.750182575999986, 35.073376796 ], [ 133.750329298999986, 35.072906595 ], [ 133.750323468, 35.072898472 ], [ 133.750354138, 35.072812008 ], [ 133.75038664499999, 35.072726184 ], [ 133.75041016599999, 35.072601131 ], [ 133.750415618, 35.072440484 ], [ 133.750415326, 35.072426059 ], [ 133.750429222, 35.072172711 ], [ 133.750423117999986, 35.07205041 ], [ 133.75042234, 35.072044096 ], [ 133.750483213, 35.071760955 ], [ 133.750486822, 35.071739122 ], [ 133.750494637, 35.071739502 ], [ 133.750613119, 35.071747652 ], [ 133.750762151, 35.071758807 ], [ 133.75087567, 35.071770981 ], [ 133.75095441799999, 35.071778895 ], [ 133.751080951, 35.071775942 ], [ 133.75103776899999, 35.071496908 ], [ 133.751033393, 35.071463074 ], [ 133.751009485999987, 35.07130937 ], [ 133.75098714399999, 35.071208328 ], [ 133.750961206, 35.071113642 ], [ 133.750954906, 35.071068115 ], [ 133.75089853, 35.070852967 ], [ 133.750799913, 35.070502822 ], [ 133.750798559, 35.070497497 ], [ 133.75073042599999, 35.070256555 ], [ 133.750691625, 35.070106503 ], [ 133.750676832000011, 35.070062009 ], [ 133.750639651, 35.069943353 ], [ 133.75061080099999, 35.06983569 ], [ 133.75057273199999, 35.069659833 ], [ 133.75057205600001, 35.069651617 ], [ 133.750509313, 35.069430083 ], [ 133.75050456299999, 35.069419594 ], [ 133.750516785, 35.069384559 ], [ 133.750519645, 35.069367896 ], [ 133.75052304499999, 35.06919799 ], [ 133.750524187, 35.069191685 ], [ 133.750569146, 35.069191 ], [ 133.750598133000011, 35.069123522 ], [ 133.750606616, 35.069087054 ], [ 133.75066981399999, 35.068756977 ], [ 133.75067266100001, 35.068742117 ], [ 133.750697172, 35.068610172 ], [ 133.750732875000011, 35.068523354 ], [ 133.750511331000013, 35.068455141 ], [ 133.750493178, 35.068456199 ], [ 133.750477872, 35.068457685 ], [ 133.75041260399999, 35.068461878 ], [ 133.75024594199999, 35.068462429 ], [ 133.750083749, 35.068451283 ], [ 133.749998197999986, 35.068455379 ], [ 133.74996142, 35.068461963 ], [ 133.749955922, 35.06846419 ], [ 133.749947741, 35.068458291 ], [ 133.74993233699999, 35.068465879 ], [ 133.749764836999987, 35.068584073 ], [ 133.74975987799999, 35.068587655 ], [ 133.749754969, 35.068584026 ], [ 133.749676222, 35.06863503 ], [ 133.749581492, 35.068696323 ], [ 133.749551747999988, 35.068716011 ], [ 133.749546247000012, 35.068718689 ], [ 133.749507701999988, 35.068742392 ], [ 133.74949503, 35.068751346 ], [ 133.74945588599999, 35.068782257 ], [ 133.7494079, 35.068823042 ], [ 133.749335659, 35.06888264 ], [ 133.749319103, 35.068897885 ], [ 133.749268322, 35.068946319 ], [ 133.749249529, 35.068967863 ], [ 133.749202521, 35.069025329 ], [ 133.74917098099999, 35.069066193 ], [ 133.749147206, 35.069094483 ], [ 133.749117281999986, 35.069139412 ], [ 133.749112303, 35.069145698 ], [ 133.749101223, 35.06916187 ], [ 133.749081821, 35.069191975 ], [ 133.74908015, 35.069195573 ], [ 133.748882798000011, 35.069502016 ], [ 133.748765787, 35.069689404 ], [ 133.74872185800001, 35.069776182 ], [ 133.748702861999988, 35.06982612 ], [ 133.748698432, 35.069832409 ], [ 133.748685013999989, 35.069868853 ], [ 133.748641066, 35.069958344 ], [ 133.748629896000011, 35.069987137 ], [ 133.748604526, 35.070085272 ], [ 133.748597299000011, 35.07009921 ], [ 133.748594520000012, 35.070104605 ], [ 133.748586210000013, 35.070116734 ], [ 133.748573287, 35.070162195 ], [ 133.748572177999989, 35.070163993 ], [ 133.74854008299999, 35.070205755 ], [ 133.748464606, 35.070334298 ], [ 133.74841086699999, 35.070412925 ], [ 133.74835368699999, 35.07051271 ], [ 133.748309037000013, 35.070605235 ], [ 133.74830529799999, 35.070609833 ], [ 133.748304737000012, 35.070611633 ], [ 133.748301563000012, 35.07062458 ], [ 133.748272765, 35.070712891 ], [ 133.74825305600001, 35.070785813 ], [ 133.74823242, 35.070911916 ], [ 133.748230989, 35.070958794 ], [ 133.74823080199999, 35.070984935 ], [ 133.748230529000011, 35.071023245 ], [ 133.748234477000011, 35.071084562 ], [ 133.74823389, 35.071089968 ], [ 133.748236768, 35.071147675 ], [ 133.74823909700001, 35.071205379 ], [ 133.748237009, 35.071267568 ], [ 133.748231801, 35.071305855 ], [ 133.748223911, 35.071336015 ], [ 133.74822326899999, 35.071349083 ], [ 133.748212547, 35.07139185 ], [ 133.748203528, 35.071426512 ], [ 133.748196785, 35.071449467 ], [ 133.748184998999989, 35.071487721 ], [ 133.74816318, 35.071555206 ], [ 133.748162014, 35.071558825 ], [ 133.74813082099999, 35.071627644 ], [ 133.74809745799999, 35.071693288 ], [ 133.748068600000011, 35.071742278 ], [ 133.748043131, 35.071777312 ], [ 133.748024374000011, 35.071805905 ], [ 133.747880173999988, 35.072025784 ], [ 133.747789261, 35.072165971 ], [ 133.747753288000013, 35.072213123 ], [ 133.747713417, 35.07226882 ], [ 133.74769572299999, 35.072291271 ], [ 133.74762532599999, 35.072399105 ], [ 133.747594255, 35.072450797 ], [ 133.747558714, 35.072514177 ], [ 133.747493373, 35.072604908 ], [ 133.747487267, 35.072610783 ], [ 133.747473498, 35.072624193 ], [ 133.747465755, 35.072633621 ], [ 133.747421675, 35.072664508 ], [ 133.747423794000014, 35.072674885 ], [ 133.747414178000014, 35.072716305 ], [ 133.747414375, 35.072765434 ], [ 133.747403178000013, 35.072797832 ], [ 133.747383068, 35.072850019 ], [ 133.74733308, 35.072940382 ], [ 133.74731284399999, 35.073010146 ], [ 133.747283907999986, 35.073069953 ], [ 133.74717049, 35.073290259 ], [ 133.74714154, 35.073351868 ], [ 133.747125403000013, 35.073385144 ], [ 133.747113754999987, 35.073404018 ], [ 133.74707668100001, 35.073374992 ], [ 133.747043445, 35.073345985 ], [ 133.747010732, 35.073320587 ], [ 133.746964864, 35.073294674 ], [ 133.746857756, 35.073245928 ], [ 133.74675170899999, 35.073202146 ], [ 133.746631920999988, 35.073152384 ], [ 133.746623252, 35.07314879 ], [ 133.746605186000011, 35.073145097 ], [ 133.746600793999988, 35.073145977 ], [ 133.746558305, 35.073125922 ], [ 133.746555304, 35.073143954 ], [ 133.746555365, 35.073212014 ], [ 133.74656755699999, 35.073346848 ], [ 133.746572429999986, 35.073355435 ], [ 133.746591499, 35.073448827 ], [ 133.746599822, 35.073511518 ], [ 133.746602059999987, 35.073581842 ], [ 133.746595629000012, 35.0736377 ], [ 133.74658273899999, 35.073676851 ], [ 133.746561355000011, 35.073753821 ], [ 133.746529973, 35.073848772 ], [ 133.746498026000012, 35.073945982 ], [ 133.746501841, 35.073949156 ], [ 133.746475532, 35.07402475 ], [ 133.746454921, 35.074070173 ], [ 133.746432453000011, 35.074145336 ], [ 133.74640693, 35.074264203 ], [ 133.74640248599999, 35.074272294 ], [ 133.746385516, 35.074345229 ], [ 133.74638929, 35.074354262 ], [ 133.746350678, 35.074412922 ], [ 133.746304251, 35.074439046 ], [ 133.746300104, 35.074437836 ], [ 133.74625885099999, 35.074425756 ], [ 133.746245, 35.074445971 ], [ 133.7462322, 35.074472502 ], [ 133.746232623, 35.074490082 ], [ 133.746215462, 35.074512986 ], [ 133.746191791, 35.074526393 ], [ 133.746157565, 35.07455913 ], [ 133.746137022, 35.074595088 ], [ 133.746076776, 35.074662856 ], [ 133.745936274, 35.074759982 ], [ 133.745791188999988, 35.074807967 ], [ 133.745621218, 35.074809397 ], [ 133.74555034, 35.074830688 ], [ 133.745466923, 35.074842003 ], [ 133.745083545999989, 35.074903083 ], [ 133.744929794, 35.074896712 ], [ 133.74477937099999, 35.074901607 ], [ 133.744601622, 35.074903557 ], [ 133.744446199, 35.074899259 ], [ 133.744380325, 35.074910658 ], [ 133.74421770399999, 35.074937606 ], [ 133.744097108, 35.074954355 ], [ 133.744044922, 35.074968533 ], [ 133.743998172, 35.07498904 ], [ 133.74389921, 35.075027321 ], [ 133.743839299, 35.075048214 ], [ 133.74372932, 35.075093653 ], [ 133.743671014, 35.075119962 ], [ 133.743629228, 35.075136435 ], [ 133.743601238, 35.075140356 ], [ 133.743569427000011, 35.075142004 ], [ 133.74353379499999, 35.07514138 ], [ 133.74348996099999, 35.075137561 ], [ 133.743376124, 35.075109513 ], [ 133.743358561, 35.075112132 ], [ 133.74330635199999, 35.075129465 ], [ 133.743262359, 35.075147731 ], [ 133.743230979, 35.075165607 ], [ 133.74319468499999, 35.075180755 ], [ 133.743178234, 35.075181126 ], [ 133.743106539, 35.075165002 ], [ 133.743081339000014, 35.075162175 ], [ 133.743066508, 35.075166159 ], [ 133.743056574, 35.075175125 ], [ 133.743052078, 35.075190428 ], [ 133.743022806999988, 35.075220033 ], [ 133.74298944200001, 35.075209053 ], [ 133.742946698, 35.075206141 ], [ 133.742882580000014, 35.075202223 ], [ 133.742842571000011, 35.075200225 ], [ 133.74278339, 35.075195881 ], [ 133.74271821100001, 35.075187 ], [ 133.74267052, 35.075185866 ], [ 133.742659710999988, 35.075164178 ], [ 133.742642776999986, 35.075155532 ], [ 133.742613697, 35.075158546 ], [ 133.742558867000014, 35.07515918 ], [ 133.742532032000014, 35.075154993 ], [ 133.742458016, 35.075155083 ], [ 133.74242731699999, 35.075154483 ], [ 133.742396087, 35.075151635 ], [ 133.74237037099999, 35.075144298 ], [ 133.742303725, 35.075186792 ], [ 133.742264686, 35.075202377 ], [ 133.74223932699999, 35.075221635 ], [ 133.742188346, 35.075296657 ], [ 133.742161267, 35.075326273 ], [ 133.742086261, 35.075387656 ], [ 133.742100411, 35.075402148 ], [ 133.742110227000012, 35.075409417 ], [ 133.742165295, 35.075452053 ], [ 133.742199594, 35.075485574 ], [ 133.74216758099999, 35.075515165 ], [ 133.742112724, 35.075519405 ], [ 133.74206384499999, 35.075530886 ], [ 133.742031881, 35.075553717 ], [ 133.742005409, 35.075575222 ], [ 133.741973945000012, 35.075604817 ], [ 133.741961737, 35.07562504 ], [ 133.741946116, 35.075662374 ], [ 133.74193352899999, 35.075659157 ], [ 133.74191930399999, 35.075655031 ], [ 133.74187520699999, 35.075687728 ], [ 133.74165921299999, 35.076005029 ], [ 133.74165802600001, 35.076102641 ], [ 133.74163948099999, 35.076172809 ], [ 133.741607781999988, 35.076277339 ], [ 133.741560112, 35.076406951 ], [ 133.741505563, 35.076462538 ], [ 133.7414875, 35.076458394 ], [ 133.741452713, 35.076492479 ], [ 133.741352252000013, 35.077115807 ] ] ] } }
]
}
