{
"type": "FeatureCollection",
"name": "A29-19_14206",
"features": [
{ "type": "Feature", "properties": { "A29_001": "14206", "A29_002": "神奈川県", "A29_003": "小田原市", "A29_004": 5, "A29_005": "第一種住居地域", "A29_006": 60, "A29_007": 200, "A29_008": null }, "geometry": { "type": "MultiPolygon", "coordinates": [ [ [ [ 139.132860892, 35.291358452 ], [ 139.132861225999989, 35.291358648 ], [ 139.13286062899999, 35.291358184 ], [ 139.132860892, 35.291358452 ] ] ], [ [ [ 139.132269119999989, 35.29075995 ], [ 139.132264501, 35.290758328 ], [ 139.132265151000013, 35.290758666 ], [ 139.132269369999989, 35.290760089 ], [ 139.132269119999989, 35.29075995 ] ] ], [ [ [ 139.137519145, 35.289866722 ], [ 139.137501904, 35.289534067 ], [ 139.137505061000013, 35.289484235 ], [ 139.137529234999988, 35.28910267 ], [ 139.137529046, 35.289102733 ], [ 139.137527506999987, 35.289127044 ], [ 139.137504681, 35.289487319 ], [ 139.137501723000014, 35.289534028 ], [ 139.13751896299999, 35.289866683 ], [ 139.13751898000001, 35.289866897 ], [ 139.137519145, 35.289866722 ] ] ] ] } },
{ "type": "Feature", "properties": { "A29_001": "14206", "A29_002": "神奈川県", "A29_003": "小田原市", "A29_004": 5, "A29_005": "第一種住居地域", "A29_006": 60, "A29_007": 200, "A29_008": null }, "geometry": { "type": "Polygon", "coordinates": [ [ [ 139.142236973, 35.311943004 ], [ 139.14223704299999, 35.311942642 ], [ 139.142320146, 35.311956618 ], [ 139.142454711, 35.311979249 ], [ 139.142870077, 35.312052425 ], [ 139.14290559599999, 35.312059824 ], [ 139.142905624, 35.312059702 ], [ 139.142944053, 35.31188035 ], [ 139.142994179, 35.311592943 ], [ 139.143057104, 35.311219931 ], [ 139.143088909999989, 35.311035957 ], [ 139.143103701, 35.310950398 ], [ 139.14311892500001, 35.310832782 ], [ 139.14307910799999, 35.31088425 ], [ 139.143078010000011, 35.310885335 ], [ 139.143036607999989, 35.310926473 ], [ 139.143008372, 35.310944304 ], [ 139.14295019799999, 35.310972763 ], [ 139.142900112, 35.311007009 ], [ 139.142788274999987, 35.311049557 ], [ 139.142753072, 35.311060155 ], [ 139.142712612999986, 35.311068044 ], [ 139.142666198, 35.311070938 ], [ 139.142627814, 35.311071374 ], [ 139.142577440999986, 35.311071086 ], [ 139.14250814499999, 35.311064688 ], [ 139.142379981, 35.311043844 ], [ 139.14200855499999, 35.310998403 ], [ 139.141826694, 35.310969309 ], [ 139.142004574999987, 35.310730822 ], [ 139.141166864000013, 35.310514029 ], [ 139.140182444, 35.31025926 ], [ 139.140252185, 35.309938435 ], [ 139.140481647, 35.30999734 ], [ 139.140483996, 35.309928252 ], [ 139.140490723999989, 35.309756979 ], [ 139.140513148999986, 35.309665055 ], [ 139.142127131, 35.310082398 ], [ 139.143783033, 35.30944911 ], [ 139.14376724600001, 35.309634429 ], [ 139.143767849999989, 35.309666821 ], [ 139.143771988, 35.309696356 ], [ 139.14379041699999, 35.309800123 ], [ 139.144083674, 35.309686631 ], [ 139.14447703799999, 35.309546469 ], [ 139.144456251, 35.309784393 ], [ 139.144435096, 35.310026589 ], [ 139.144412066, 35.310290164 ], [ 139.144386112, 35.310587182 ], [ 139.14393760199999, 35.310429413 ], [ 139.143988298000011, 35.310661472 ], [ 139.143644166, 35.310667352 ], [ 139.14322974800001, 35.310600203 ], [ 139.143194001000012, 35.310674852 ], [ 139.143190279, 35.310683123 ], [ 139.14488636499999, 35.311288674 ], [ 139.14502631, 35.311338237 ], [ 139.14632681, 35.31179885 ], [ 139.146689573, 35.311804886 ], [ 139.14692409, 35.311844644 ], [ 139.14713812299999, 35.311900953 ], [ 139.14740958499999, 35.311994743 ], [ 139.147899067, 35.312172932 ], [ 139.14817361199999, 35.311697969 ], [ 139.14824950799999, 35.311592925 ], [ 139.14829743199999, 35.311508267 ], [ 139.148379395, 35.311288824 ], [ 139.147961398, 35.311139247 ], [ 139.147866908, 35.311108478 ], [ 139.147625543, 35.311021602 ], [ 139.147464179999986, 35.31097404 ], [ 139.147215632000012, 35.310913732 ], [ 139.14707037, 35.310889381 ], [ 139.146867299, 35.310844185 ], [ 139.146682723999987, 35.310814617 ], [ 139.14652428299999, 35.310789532 ], [ 139.14654887399999, 35.310678709 ], [ 139.146556306, 35.310645039 ], [ 139.146366021, 35.310138476 ], [ 139.146364819000013, 35.310128482 ], [ 139.146365902000014, 35.310096759 ], [ 139.146341234, 35.309791222 ], [ 139.14633783299999, 35.309618584 ], [ 139.14634335, 35.309578665 ], [ 139.146380564999987, 35.309425007 ], [ 139.146466667, 35.309087045 ], [ 139.146509485, 35.3089184 ], [ 139.146546691999987, 35.30882793 ], [ 139.14663052099999, 35.308701506 ], [ 139.146404131, 35.308342768 ], [ 139.146669933, 35.30790377 ], [ 139.146711509, 35.307822005 ], [ 139.146746689999986, 35.307705752 ], [ 139.146797899, 35.307534344 ], [ 139.14680987, 35.307465797 ], [ 139.146817105, 35.307345995 ], [ 139.146831822, 35.306707757 ], [ 139.146836285, 35.30666373 ], [ 139.146907488000011, 35.306084171 ], [ 139.146952602999988, 35.305757747 ], [ 139.146974250999989, 35.305647457 ], [ 139.146977977, 35.305594314 ], [ 139.146977026, 35.30556503 ], [ 139.14697726899999, 35.305548049 ], [ 139.146882022, 35.305412351 ], [ 139.146884384, 35.305377517 ], [ 139.147032147, 35.304683849 ], [ 139.147040283, 35.304601938 ], [ 139.14703676900001, 35.304589804 ], [ 139.14702907099999, 35.30458062 ], [ 139.147007422, 35.304566047 ], [ 139.146930018, 35.304527361 ], [ 139.146917661, 35.304517944 ], [ 139.146902278, 35.304498305 ], [ 139.14664771599999, 35.30386254 ], [ 139.146389274, 35.303190353 ], [ 139.146369107999988, 35.303123941 ], [ 139.146241135999986, 35.302804278 ], [ 139.146198209, 35.302735238 ], [ 139.146117127, 35.302526985 ], [ 139.146067218000013, 35.302423004 ], [ 139.146029414999987, 35.302361665 ], [ 139.145832358, 35.302064423 ], [ 139.145814916, 35.3020256 ], [ 139.146004981, 35.301809289 ], [ 139.146397772, 35.301120655 ], [ 139.146549373, 35.300872889 ], [ 139.14661371599999, 35.30079659 ], [ 139.1466806, 35.300717276 ], [ 139.146822570000012, 35.300470411 ], [ 139.14711596699999, 35.299939896 ], [ 139.147205079, 35.299853325 ], [ 139.147307549, 35.299865913 ], [ 139.148202035, 35.300016119 ], [ 139.14824701399999, 35.299996975 ], [ 139.148323395, 35.299761483 ], [ 139.148331076, 35.299716375 ], [ 139.148209799999989, 35.299419755 ], [ 139.148264871, 35.299173848 ], [ 139.148307635, 35.298925483 ], [ 139.148338999, 35.298767039 ], [ 139.148367603, 35.298682866 ], [ 139.148462134, 35.298469722 ], [ 139.14849681199999, 35.2983901 ], [ 139.14853599700001, 35.298251901 ], [ 139.148558008, 35.298173785 ], [ 139.148700545999986, 35.297597356 ], [ 139.14870632099999, 35.297544855 ], [ 139.14900226099999, 35.296296592 ], [ 139.15047004199999, 35.29643781 ], [ 139.14997320399999, 35.298200807 ], [ 139.149968511, 35.298217448 ], [ 139.149831514, 35.298694402 ], [ 139.149791821, 35.298993823 ], [ 139.150339034000012, 35.299039705 ], [ 139.150551791999987, 35.299058231 ], [ 139.150593031, 35.299061385 ], [ 139.150642928, 35.299065199 ], [ 139.150801843000011, 35.299074589 ], [ 139.15188511299999, 35.299160887 ], [ 139.151934576, 35.299164113 ], [ 139.15193536000001, 35.299149315 ], [ 139.15268711499999, 35.299227617 ], [ 139.152746404999988, 35.299040764 ], [ 139.15291022400001, 35.298448416 ], [ 139.15291482399999, 35.298428084 ], [ 139.152893928999987, 35.298425232 ], [ 139.152905901999986, 35.298376923 ], [ 139.152961624, 35.298192699 ], [ 139.152992589, 35.298096713 ], [ 139.153002851999986, 35.298071585 ], [ 139.153042778000014, 35.297972902 ], [ 139.153095799999988, 35.297844069 ], [ 139.153203434, 35.297596947 ], [ 139.153261023, 35.297456234 ], [ 139.153321427, 35.297313248 ], [ 139.15336244299999, 35.297217317 ], [ 139.153393224000013, 35.297143309 ], [ 139.153439072, 35.29707076 ], [ 139.153509178, 35.296902643 ], [ 139.15354218499999, 35.296829563 ], [ 139.153571836999987, 35.296756922 ], [ 139.15359864199999, 35.296690675 ], [ 139.153635549, 35.296611341 ], [ 139.153618878, 35.296608366 ], [ 139.153613417, 35.29660775 ], [ 139.15358037499999, 35.296604028 ], [ 139.15342073799999, 35.296591684 ], [ 139.15314112499999, 35.296567827 ], [ 139.153350878, 35.29632065 ], [ 139.153393763999986, 35.296258009 ], [ 139.15341462399999, 35.296222241 ], [ 139.153457382999989, 35.296101324 ], [ 139.15346149199999, 35.296046559 ], [ 139.153344643999986, 35.296026053 ], [ 139.153334754000014, 35.296020021 ], [ 139.15332950199999, 35.296013187 ], [ 139.153326584000013, 35.296005832 ], [ 139.153370755, 35.295875169 ], [ 139.153439545, 35.295650789 ], [ 139.15353035199999, 35.295372152 ], [ 139.153542686, 35.295319723 ], [ 139.153556024000011, 35.295260522 ], [ 139.152911257999989, 35.29515638 ], [ 139.152538682, 35.295108645 ], [ 139.15114585, 35.294954381 ], [ 139.14880148099999, 35.294694691 ], [ 139.149023728, 35.293985566 ], [ 139.14894945, 35.293978665 ], [ 139.148939101, 35.293516725 ], [ 139.148940455, 35.29344992 ], [ 139.148946880000011, 35.293343581 ], [ 139.148952285, 35.293265776 ], [ 139.14897063699999, 35.293057879 ], [ 139.148974097, 35.293022879 ], [ 139.148918325000011, 35.293019958 ], [ 139.148953554, 35.292653924 ], [ 139.148982960000012, 35.292372446 ], [ 139.149004604, 35.292175664 ], [ 139.14901021, 35.292115619 ], [ 139.149011828999988, 35.292098283 ], [ 139.149035747, 35.291880891 ], [ 139.14913304, 35.291374678 ], [ 139.149335482999987, 35.291034191 ], [ 139.149342647, 35.291034726 ], [ 139.149426729999988, 35.291041349 ], [ 139.149547965000011, 35.290016248 ], [ 139.149704293000013, 35.2900369 ], [ 139.149672513000013, 35.289867618 ], [ 139.149659269000011, 35.289750791 ], [ 139.149772723000012, 35.289517274 ], [ 139.15119877, 35.290022848 ], [ 139.151198455000014, 35.290060462 ], [ 139.151168643, 35.29022116 ], [ 139.152520812, 35.290335126 ], [ 139.153230932000014, 35.290380927 ], [ 139.153256207999988, 35.290382557 ], [ 139.15326510700001, 35.28992719 ], [ 139.153282611, 35.289666762 ], [ 139.153348060000013, 35.289216966 ], [ 139.15340514799999, 35.288896629 ], [ 139.153432826, 35.288847288 ], [ 139.153412699, 35.288849287 ], [ 139.153385479, 35.288851988 ], [ 139.153168216000012, 35.288907376 ], [ 139.153131608, 35.288915174 ], [ 139.153130862000012, 35.288937138 ], [ 139.152681537, 35.288876992 ], [ 139.152660617, 35.28928926 ], [ 139.152100604999987, 35.289270891 ], [ 139.152009545, 35.289260102 ], [ 139.151969742, 35.289251468 ], [ 139.151926559, 35.289238136 ], [ 139.15187093, 35.289214467 ], [ 139.15165283499999, 35.289089529 ], [ 139.150537689, 35.288425147 ], [ 139.150747341, 35.288118852 ], [ 139.151105946, 35.287511098 ], [ 139.151215052999987, 35.287325725 ], [ 139.151264200000014, 35.287222782 ], [ 139.151300381999988, 35.287119215 ], [ 139.151323647999988, 35.287011233 ], [ 139.15132862499999, 35.286939617 ], [ 139.151333353000012, 35.286824046 ], [ 139.15136961799999, 35.286743123 ], [ 139.151407325, 35.286668492 ], [ 139.151430693, 35.286623112 ], [ 139.15149962000001, 35.286501557 ], [ 139.151566397000011, 35.286405745 ], [ 139.151633374999989, 35.28631453 ], [ 139.151682348, 35.286261172 ], [ 139.151800282000011, 35.28615172 ], [ 139.15213730799999, 35.285840983 ], [ 139.152486630999988, 35.285518776 ], [ 139.15279729400001, 35.285234101 ], [ 139.153034553, 35.285018628 ], [ 139.153456428999988, 35.284630275 ], [ 139.153913579, 35.284261643 ], [ 139.154388412, 35.283917969 ], [ 139.154996847, 35.283289044 ], [ 139.156720669, 35.283521319 ], [ 139.15728607599999, 35.283597504 ], [ 139.15728479, 35.283617301 ], [ 139.15819929, 35.283758313 ], [ 139.158185937000013, 35.283657191 ], [ 139.15807245900001, 35.283326768 ], [ 139.158356577, 35.282950744 ], [ 139.15845066, 35.282452311 ], [ 139.158907813000013, 35.28030121 ], [ 139.158885136, 35.280278422 ], [ 139.15902995799999, 35.279613618 ], [ 139.159185670999989, 35.278970086 ], [ 139.159419181, 35.278377609 ], [ 139.158277792, 35.278735722 ], [ 139.158222918, 35.278805753 ], [ 139.157776485999989, 35.279026946 ], [ 139.15613929, 35.279806283 ], [ 139.155454744, 35.280146112 ], [ 139.155087702, 35.280136077 ], [ 139.153680678, 35.280756517 ], [ 139.153053714, 35.28102859 ], [ 139.153025084, 35.281148776 ], [ 139.152836967000013, 35.281249371 ], [ 139.15238973000001, 35.281246764 ], [ 139.152213061999987, 35.281292894 ], [ 139.152196429000014, 35.281297237 ], [ 139.152307463999989, 35.281415105 ], [ 139.15237797899999, 35.281488113 ], [ 139.152482727, 35.281589498 ], [ 139.152580836999988, 35.281680817 ], [ 139.152660551999986, 35.281752071 ], [ 139.152688025, 35.281776626 ], [ 139.15271999699999, 35.281803927 ], [ 139.15277193899999, 35.281848278 ], [ 139.15279139399999, 35.281864891 ], [ 139.152806610999988, 35.2818774 ], [ 139.15288585499999, 35.28194255 ], [ 139.152976677, 35.2820149 ], [ 139.152995056, 35.282029535 ], [ 139.153108855999989, 35.282116099 ], [ 139.15321401, 35.282193107 ], [ 139.153252732, 35.282220835 ], [ 139.153267647, 35.282231269 ], [ 139.153317998, 35.282266496 ], [ 139.15332190699999, 35.282269231 ], [ 139.153329457000012, 35.282274415 ], [ 139.153360682, 35.282295858 ], [ 139.153382357999988, 35.282310745 ], [ 139.153396566999987, 35.282320217 ], [ 139.153465452, 35.282366134 ], [ 139.153495217, 35.282385974 ], [ 139.153521700999988, 35.282402815 ], [ 139.153543391, 35.282416607 ], [ 139.153591307, 35.282447075 ], [ 139.153688538000011, 35.28250749 ], [ 139.153710503000013, 35.282520855 ], [ 139.153720343, 35.282526832 ], [ 139.153723914000011, 35.282528938 ], [ 139.153847699000011, 35.282601948 ], [ 139.153399549, 35.283036722 ], [ 139.152949718, 35.283473125 ], [ 139.152495128, 35.283660856 ], [ 139.15243101199999, 35.283607501 ], [ 139.152145157, 35.283460106 ], [ 139.151989895000014, 35.283633988 ], [ 139.151749168, 35.28386845 ], [ 139.151217005, 35.284290663 ], [ 139.151112305, 35.284412493 ], [ 139.150961474000013, 35.284752186 ], [ 139.150923076, 35.284858092 ], [ 139.150853724, 35.28511435 ], [ 139.150719103, 35.285451637 ], [ 139.150556251000012, 35.285597711 ], [ 139.150292003, 35.285840799 ], [ 139.150225328, 35.285901069 ], [ 139.150219897999989, 35.285919084 ], [ 139.150145306000013, 35.286215083 ], [ 139.15014140400001, 35.286233287 ], [ 139.150075568, 35.286216916 ], [ 139.150023690000012, 35.286199857 ], [ 139.149996836000014, 35.286189032 ], [ 139.149942361, 35.286156562 ], [ 139.14977837, 35.286304286 ], [ 139.14956024899999, 35.286502716 ], [ 139.149338053, 35.286712317 ], [ 139.149124331, 35.286926176 ], [ 139.148488087, 35.286297709 ], [ 139.148291730000011, 35.286116316 ], [ 139.148189669, 35.286047687 ], [ 139.148144207, 35.286036246 ], [ 139.14810604199999, 35.286019374 ], [ 139.1480858, 35.286011169 ], [ 139.148063839, 35.285999862 ], [ 139.148049719, 35.285988122 ], [ 139.147876274, 35.285843539 ], [ 139.147537848000013, 35.285562184 ], [ 139.147341267, 35.28540783 ], [ 139.147057124000014, 35.285207908 ], [ 139.14678382299999, 35.285026075 ], [ 139.146521516, 35.284844304 ], [ 139.14606202499999, 35.284580286 ], [ 139.145963544000011, 35.284529388 ], [ 139.145827731, 35.284661343 ], [ 139.145777063, 35.284712075 ], [ 139.145654664, 35.2848332 ], [ 139.145596041, 35.28488653 ], [ 139.145557311, 35.284951896 ], [ 139.145514631, 35.285054506 ], [ 139.145500661999989, 35.285166868 ], [ 139.145415582999988, 35.285583031 ], [ 139.14541642099999, 35.285583484 ], [ 139.145678438, 35.285740924 ], [ 139.146192289999988, 35.286077365 ], [ 139.146388946, 35.286222708 ], [ 139.146847533999988, 35.286594889 ], [ 139.146978233999988, 35.286739856 ], [ 139.147108782, 35.286902851 ], [ 139.147174057, 35.286984348 ], [ 139.14810095499999, 35.287881997 ], [ 139.14824169799999, 35.2880207 ], [ 139.14820311599999, 35.288078227 ], [ 139.148106770999988, 35.288228947 ], [ 139.148033958000013, 35.28835437 ], [ 139.147951221, 35.288497487 ], [ 139.147871176, 35.288645947 ], [ 139.147785951, 35.288811692 ], [ 139.147719214, 35.288951546 ], [ 139.14767417199999, 35.289052095 ], [ 139.147531192, 35.289378334 ], [ 139.147419144999986, 35.289648941 ], [ 139.14732107399999, 35.289878821 ], [ 139.147180638, 35.290218559 ], [ 139.147072474, 35.290477091 ], [ 139.147002164000014, 35.290650439 ], [ 139.146887407, 35.290923879 ], [ 139.146779476, 35.291181944 ], [ 139.146647586, 35.291497247 ], [ 139.146538451999987, 35.291755629 ], [ 139.146400324000012, 35.292086815 ], [ 139.146267327, 35.292403977 ], [ 139.14611039499999, 35.292783525 ], [ 139.145959721999986, 35.293145747 ], [ 139.145786722999986, 35.29355129 ], [ 139.145617256, 35.293959124 ], [ 139.14555674799999, 35.294110415 ], [ 139.14547908599999, 35.294289371 ], [ 139.145274478, 35.294278472 ], [ 139.145016962999989, 35.294277043 ], [ 139.14484766699999, 35.294283543 ], [ 139.1444362, 35.294304556 ], [ 139.144216285, 35.294356432 ], [ 139.14216242399999, 35.294461373 ], [ 139.141103044, 35.294515483 ], [ 139.14100952199999, 35.294519492 ], [ 139.140887185999986, 35.294520684 ], [ 139.14077887799999, 35.294517882 ], [ 139.14068964399999, 35.294512855 ], [ 139.13970409, 35.294442044 ], [ 139.13969942, 35.294472666 ], [ 139.139139394000011, 35.294435505 ], [ 139.13824986099999, 35.294367118 ], [ 139.13784060099999, 35.294316323 ], [ 139.137468568, 35.294256655 ], [ 139.137031533999988, 35.294161359 ], [ 139.13632476, 35.294009277 ], [ 139.135727901, 35.293898469 ], [ 139.135022502, 35.29375605 ], [ 139.134954927, 35.293864974 ], [ 139.134854816, 35.294059 ], [ 139.134802188, 35.294172544 ], [ 139.134704437000011, 35.294334531 ], [ 139.134694829000011, 35.294352323 ], [ 139.134678865000012, 35.294380535 ], [ 139.13466832899999, 35.29440391 ], [ 139.134653805999989, 35.294443489 ], [ 139.134635465, 35.29450495 ], [ 139.134620826, 35.294558047 ], [ 139.134607378, 35.294626026 ], [ 139.134592881, 35.294691916 ], [ 139.135490377, 35.294879218 ], [ 139.13588307500001, 35.294948548 ], [ 139.136381833, 35.295040572 ], [ 139.136932687000012, 35.295160451 ], [ 139.137228311, 35.295219914 ], [ 139.13739582299999, 35.295246145 ], [ 139.137988818, 35.295328257 ], [ 139.138140248000013, 35.29534373 ], [ 139.13949705600001, 35.295446115 ], [ 139.139493453999989, 35.295476517 ], [ 139.140578440000013, 35.295554471 ], [ 139.1407096, 35.295561946 ], [ 139.140858830000013, 35.295566073 ], [ 139.141028103999986, 35.295565131 ], [ 139.141183481000013, 35.295558998 ], [ 139.142226727, 35.295505714 ], [ 139.142247671, 35.29599218 ], [ 139.14229736199999, 35.296970779 ], [ 139.142329499, 35.297815473 ], [ 139.142348809999987, 35.298221172 ], [ 139.14236867, 35.298566244 ], [ 139.142367298000011, 35.298899658 ], [ 139.14236943099999, 35.299045897 ], [ 139.142371394, 35.299180876 ], [ 139.14265863599999, 35.299169437 ], [ 139.142922139, 35.299158944 ], [ 139.142941236000013, 35.29925755 ], [ 139.142940439, 35.299291916 ], [ 139.142993227, 35.299273756 ], [ 139.143075325000012, 35.299235239 ], [ 139.143183617, 35.299180952 ], [ 139.143501523999987, 35.299024497 ], [ 139.14351832599999, 35.299016507 ], [ 139.143535277000012, 35.299006544 ], [ 139.143555318000011, 35.298994084 ], [ 139.143574855, 35.298979944 ], [ 139.143590819999986, 35.298965784 ], [ 139.14360576499999, 35.298951203 ], [ 139.143665059, 35.298889506 ], [ 139.14373448500001, 35.298808992 ], [ 139.143752538, 35.298789606 ], [ 139.143771351, 35.298801243 ], [ 139.143919664, 35.298931089 ], [ 139.143947107, 35.298949481 ], [ 139.14406160199999, 35.299033748 ], [ 139.144238185, 35.299167414 ], [ 139.14424835599999, 35.299173764 ], [ 139.14437748200001, 35.299253282 ], [ 139.14438610900001, 35.299260462 ], [ 139.144388085, 35.299268432 ], [ 139.144386489, 35.29927513 ], [ 139.14437602699999, 35.299304411 ], [ 139.144358450999988, 35.299388142 ], [ 139.144360788, 35.299413295 ], [ 139.144367297, 35.299430098 ], [ 139.144374602999989, 35.299442481 ], [ 139.144383433, 35.299455339 ], [ 139.144401738999989, 35.299465927 ], [ 139.144421082, 35.299474835 ], [ 139.14443587299999, 35.299480307 ], [ 139.14445640299999, 35.299488683 ], [ 139.144263389, 35.300641939 ], [ 139.14418509, 35.301071677 ], [ 139.14410983, 35.301548315 ], [ 139.144161407000013, 35.301598826 ], [ 139.144147825, 35.301714392 ], [ 139.144290597, 35.302000366 ], [ 139.144411069, 35.302273728 ], [ 139.144494114999986, 35.302457141 ], [ 139.144512617, 35.302501776 ], [ 139.14458251, 35.30266093 ], [ 139.144598288, 35.302698681 ], [ 139.144689766999988, 35.302912186 ], [ 139.144715666, 35.302966445 ], [ 139.144787793, 35.303138213 ], [ 139.14480898, 35.303190543 ], [ 139.14484596599999, 35.303283039 ], [ 139.14486449099999, 35.303323735 ], [ 139.144991850999986, 35.303624195 ], [ 139.145027043, 35.303693687 ], [ 139.145096961, 35.303855257 ], [ 139.14510556499999, 35.30387462 ], [ 139.14510827699999, 35.303886891 ], [ 139.14511803799999, 35.303931055 ], [ 139.14482103899999, 35.304021982 ], [ 139.144826177, 35.304034132 ], [ 139.144911576, 35.30425952 ], [ 139.144924505, 35.304311766 ], [ 139.14496942299999, 35.304494953 ], [ 139.144972310000014, 35.304526627 ], [ 139.14498447599999, 35.304624553 ], [ 139.145001337999986, 35.304723939 ], [ 139.145015648999987, 35.304845602 ], [ 139.14503627799999, 35.305199909 ], [ 139.14503900599999, 35.305249249 ], [ 139.145056495, 35.305509459 ], [ 139.145062609, 35.305613507 ], [ 139.14476194, 35.305766549 ], [ 139.144709403, 35.305797429 ], [ 139.14466276600001, 35.305831273 ], [ 139.144618458999986, 35.305871944 ], [ 139.144588405, 35.30591368 ], [ 139.144572608, 35.305954514 ], [ 139.144559031, 35.306013875 ], [ 139.14454661, 35.30607812 ], [ 139.144549090999988, 35.306135833 ], [ 139.144548297999989, 35.306159211 ], [ 139.144544435, 35.306193298 ], [ 139.144540725000013, 35.306210818 ], [ 139.144528032000011, 35.306237058 ], [ 139.14447566699999, 35.306300669 ], [ 139.14441456599999, 35.306363564 ], [ 139.144141631, 35.306622416 ], [ 139.144014746000011, 35.306762204 ], [ 139.14380168400001, 35.307028753 ], [ 139.143758346999988, 35.307085951 ], [ 139.143727649999988, 35.307140879 ], [ 139.143690733999989, 35.307220092 ], [ 139.143666837000012, 35.307281287 ], [ 139.142504003999989, 35.307241928 ], [ 139.14248624699999, 35.307351574 ], [ 139.14242352, 35.307672648 ], [ 139.142419057000012, 35.307698456 ], [ 139.14237897699999, 35.30792823 ], [ 139.142376262999989, 35.307943538 ], [ 139.142328017000011, 35.308223321 ], [ 139.142318479000011, 35.308278233 ], [ 139.142295342000011, 35.308413889 ], [ 139.14228305899999, 35.308486427 ], [ 139.142250022000013, 35.308674244 ], [ 139.14224157699999, 35.308723196 ], [ 139.142183366000012, 35.309061351 ], [ 139.142147907, 35.309267579 ], [ 139.142111231, 35.309465652 ], [ 139.14207409299999, 35.3096662 ], [ 139.142032586999989, 35.309868392 ], [ 139.14168430399999, 35.30977845 ], [ 139.141005495, 35.309601784 ], [ 139.139359735, 35.309178362 ], [ 139.138229112, 35.308886547 ], [ 139.137277860000012, 35.308638615 ], [ 139.136280416, 35.308383307 ], [ 139.135611278999988, 35.308242019 ], [ 139.135478295000013, 35.308737773 ], [ 139.134371515, 35.308541409 ], [ 139.131723720999986, 35.3080716 ], [ 139.131730686, 35.308190208 ], [ 139.131748039, 35.308332623 ], [ 139.131768967, 35.308398763 ], [ 139.13177764400001, 35.308412605 ], [ 139.131815440999986, 35.30847229 ], [ 139.13183028200001, 35.308509676 ], [ 139.131838582, 35.308544312 ], [ 139.13185726399999, 35.308612205 ], [ 139.131870350000014, 35.308614491 ], [ 139.133291293000013, 35.308862615 ], [ 139.135330022, 35.309227426 ], [ 139.135367037, 35.309233959 ], [ 139.135399449, 35.30923968 ], [ 139.135960068, 35.309355482 ], [ 139.137046207, 35.309636832 ], [ 139.13862530099999, 35.310044984 ], [ 139.140311938, 35.310481586 ], [ 139.140432389000011, 35.310512374 ], [ 139.140426084000012, 35.310608102 ], [ 139.14039021100001, 35.310944932 ], [ 139.140367007, 35.311188503 ], [ 139.140250753, 35.311586195 ], [ 139.14015010899999, 35.311912242 ], [ 139.139915441999989, 35.312158513 ], [ 139.139538485, 35.312564011 ], [ 139.139309722, 35.312802238 ], [ 139.138894125, 35.313205394 ], [ 139.138651970000012, 35.313480049 ], [ 139.138364067999987, 35.313911286 ], [ 139.138236664, 35.314259613 ], [ 139.137964216, 35.315071565 ], [ 139.138480457000014, 35.315186287 ], [ 139.13903220200001, 35.315290378 ], [ 139.139669223, 35.31539967 ], [ 139.14021645599999, 35.315485061 ], [ 139.140545401999987, 35.315584524 ], [ 139.14084496800001, 35.315680832 ], [ 139.140852066, 35.31566984 ], [ 139.141060649999986, 35.315226642 ], [ 139.141114939, 35.315111302 ], [ 139.14131434699999, 35.314682384 ], [ 139.14135822, 35.314579784 ], [ 139.141517918, 35.31420364 ], [ 139.14158249499999, 35.314058974 ], [ 139.141637315999986, 35.313936336 ], [ 139.141698416, 35.313799492 ], [ 139.141812875999989, 35.313479156 ], [ 139.141981141, 35.31298714 ], [ 139.142014972, 35.312875559 ], [ 139.14208037, 35.312660137 ], [ 139.142082205, 35.312638243 ], [ 139.14208710299999, 35.31261826 ], [ 139.142117595, 35.312498637 ], [ 139.142168621, 35.312291696 ], [ 139.14218456399999, 35.312210364 ], [ 139.142236973, 35.311943004 ] ], [ [ 139.145345209999988, 35.297874337 ], [ 139.145200389, 35.297776081 ], [ 139.14513579699999, 35.297818196 ], [ 139.144885163999987, 35.297688473 ], [ 139.144733761999987, 35.29761805 ], [ 139.14460777299999, 35.297572297 ], [ 139.14452957099999, 35.29755076 ], [ 139.144379576, 35.297526117 ], [ 139.14427400400001, 35.29751532 ], [ 139.14424603399999, 35.297515161 ], [ 139.144230488, 35.297515073 ], [ 139.14405874900001, 35.297488602 ], [ 139.144057967, 35.29745886 ], [ 139.144030012, 35.297457006 ], [ 139.14376626, 35.297464904 ], [ 139.143621720999988, 35.296617137 ], [ 139.14361882899999, 35.296591205 ], [ 139.143610308, 35.296557596 ], [ 139.143595549999986, 35.296469796 ], [ 139.143594129, 35.296454491 ], [ 139.143547992, 35.296217752 ], [ 139.143541598000013, 35.296182155 ], [ 139.143501982, 35.295972343 ], [ 139.143479127, 35.295857932 ], [ 139.143467235, 35.295797803 ], [ 139.143447587999987, 35.295675929 ], [ 139.143419067, 35.295556817 ], [ 139.143402497000011, 35.295495968 ], [ 139.143300184999987, 35.295105372 ], [ 139.143297878999988, 35.295075315 ], [ 139.143298655, 35.295044735 ], [ 139.143294698, 35.295022619 ], [ 139.14327329, 35.294981292 ], [ 139.143263233999988, 35.294928945 ], [ 139.144315975000012, 35.294875157 ], [ 139.144538958, 35.294863762 ], [ 139.144894384, 35.294845603 ], [ 139.145036153, 35.29484019 ], [ 139.145243185, 35.294841269 ], [ 139.145411572, 35.294850033 ], [ 139.145552175, 35.294862803 ], [ 139.147259319, 35.295051455 ], [ 139.14747791100001, 35.295075609 ], [ 139.14799286499999, 35.295132657 ], [ 139.147893149999987, 35.29557399 ], [ 139.14777297099999, 35.296103733 ], [ 139.147728687000011, 35.296319748 ], [ 139.14766864500001, 35.296683486 ], [ 139.147592774, 35.29708283 ], [ 139.147530775, 35.297439671 ], [ 139.147476598, 35.297599101 ], [ 139.14720817700001, 35.297521978 ], [ 139.146944725, 35.29743722 ], [ 139.146874967, 35.297605721 ], [ 139.146812856, 35.297724201 ], [ 139.14676416099999, 35.297850249 ], [ 139.146762611000014, 35.297911418 ], [ 139.146805261999987, 35.298012762 ], [ 139.146813388, 35.29803235 ], [ 139.146816253999987, 35.298061257 ], [ 139.14681702199999, 35.298092693 ], [ 139.146812584, 35.298127507 ], [ 139.146806056, 35.298164852 ], [ 139.146779298000013, 35.298254011 ], [ 139.146710616, 35.298248249 ], [ 139.146504663, 35.298218559 ], [ 139.146406546, 35.298210286 ], [ 139.14629535099999, 35.298199919 ], [ 139.14623159300001, 35.29819184 ], [ 139.146192388, 35.298183568 ], [ 139.145814695000013, 35.298081735 ], [ 139.145673087, 35.298044396 ], [ 139.145609024, 35.298025337 ], [ 139.145578043, 35.298013262 ], [ 139.14554811299999, 35.298000346 ], [ 139.145525429, 35.29798748 ], [ 139.14544227799999, 35.297933635 ], [ 139.145345209999988, 35.297874337 ] ] ] } },
{ "type": "Feature", "properties": { "A29_001": "14206", "A29_002": "神奈川県", "A29_003": "小田原市", "A29_004": 1, "A29_005": "第一種低層住居専用地域", "A29_006": 60, "A29_007": 100, "A29_008": null }, "geometry": { "type": "Polygon", "coordinates": [ [ [ 139.13536703599999, 35.309233958 ], [ 139.13518058299999, 35.309885914 ], [ 139.135107713, 35.310150136 ], [ 139.13493944199999, 35.310760236 ], [ 139.134832966, 35.311154635 ], [ 139.13489347399999, 35.311183694 ], [ 139.135552644, 35.311348526 ], [ 139.135451966, 35.311764836 ], [ 139.135427832, 35.311890676 ], [ 139.136120476, 35.311878556 ], [ 139.13607402299999, 35.31209924 ], [ 139.136018138, 35.312386006 ], [ 139.13599037899999, 35.312511854 ], [ 139.135984345, 35.312555336 ], [ 139.135981262, 35.312637979 ], [ 139.135974435, 35.31278835 ], [ 139.135974035, 35.312796811 ], [ 139.13597257699999, 35.312827684 ], [ 139.135971860000012, 35.31284287 ], [ 139.135971452, 35.312851515 ], [ 139.135968635000012, 35.312911173 ], [ 139.13596235599999, 35.313043718 ], [ 139.135954879, 35.313177553 ], [ 139.13595102299999, 35.313258247 ], [ 139.13588279699999, 35.313327872 ], [ 139.135854415000011, 35.313574592 ], [ 139.13610249300001, 35.313537226 ], [ 139.13634059099999, 35.313511989 ], [ 139.136737595, 35.313466719 ], [ 139.136950136, 35.313459407 ], [ 139.137024102, 35.313459517 ], [ 139.137048166999989, 35.313407897 ], [ 139.137236140999988, 35.313454302 ], [ 139.13743943099999, 35.313503733 ], [ 139.137515330000014, 35.313525921 ], [ 139.137058606000011, 35.314695785 ], [ 139.13698523, 35.314857606 ], [ 139.13766773899999, 35.315005669 ], [ 139.137964216, 35.315071563 ], [ 139.13823666499999, 35.314259612 ], [ 139.138364069, 35.313911285 ], [ 139.138651971, 35.313480048 ], [ 139.138894123999989, 35.313205393 ], [ 139.139309722, 35.312802237 ], [ 139.139538485, 35.312564011 ], [ 139.139915441999989, 35.312158512 ], [ 139.14015010899999, 35.311912242 ], [ 139.140250753, 35.311586195 ], [ 139.140367007, 35.311188503 ], [ 139.14039021, 35.310944932 ], [ 139.140426084000012, 35.310608102 ], [ 139.14043238799999, 35.310512373 ], [ 139.140311938, 35.310481585 ], [ 139.138625302, 35.310044983 ], [ 139.137046207, 35.309636831 ], [ 139.135960067000013, 35.309355482 ], [ 139.135399449, 35.30923968 ], [ 139.13536703599999, 35.309233958 ] ] ] } },
{ "type": "Feature", "properties": { "A29_001": "14206", "A29_002": "神奈川県", "A29_003": "小田原市", "A29_004": 3, "A29_005": "第一種中高層住居専用地域", "A29_006": 60, "A29_007": 150, "A29_008": null }, "geometry": { "type": "Polygon", "coordinates": [ [ [ 139.147523989, 35.3128218 ], [ 139.147899067, 35.312172932 ], [ 139.14740958499999, 35.311994743 ], [ 139.14713812299999, 35.311900953 ], [ 139.14692409, 35.311844644 ], [ 139.146689573, 35.311804886 ], [ 139.14632681, 35.31179885 ], [ 139.14502631, 35.311338237 ], [ 139.14488636499999, 35.311288674 ], [ 139.143190279, 35.310683123 ], [ 139.143139426, 35.310796185 ], [ 139.14311892500001, 35.310832782 ], [ 139.143103701, 35.310950398 ], [ 139.143088909999989, 35.311035957 ], [ 139.143057104, 35.311219931 ], [ 139.142994179, 35.311592943 ], [ 139.142944053, 35.31188035 ], [ 139.142905624, 35.312059702 ], [ 139.14290559599999, 35.312059824 ], [ 139.143219525, 35.312125223 ], [ 139.143423829, 35.312158065 ], [ 139.143625815, 35.312196482 ], [ 139.14383608, 35.312226149 ], [ 139.143830240999989, 35.312246608 ], [ 139.143825991, 35.312261503 ], [ 139.143831658000011, 35.312263206 ], [ 139.144094774, 35.312342262 ], [ 139.14428928000001, 35.312388837 ], [ 139.144288998, 35.312467703 ], [ 139.14431942600001, 35.312504997 ], [ 139.144318292, 35.312638688 ], [ 139.14433311499999, 35.312648812 ], [ 139.144731908000011, 35.312662032 ], [ 139.144942429999986, 35.312801777 ], [ 139.144940338, 35.312948685 ], [ 139.145734212, 35.31320629 ], [ 139.145973282, 35.312601751 ], [ 139.147009395999987, 35.312897528 ], [ 139.146991292, 35.312918645 ], [ 139.146915576, 35.312981286 ], [ 139.146817793, 35.313053538 ], [ 139.146764558, 35.313088408 ], [ 139.146731980999988, 35.31310974 ], [ 139.146678666000014, 35.31314104 ], [ 139.146615884999989, 35.313174541 ], [ 139.146552035000013, 35.313207079 ], [ 139.14649363, 35.31324613 ], [ 139.146452033, 35.313286962 ], [ 139.146431173, 35.313310198 ], [ 139.146375295000013, 35.313348475 ], [ 139.14636897599999, 35.313355203 ], [ 139.14635781699999, 35.313367089 ], [ 139.14633870099999, 35.313387448 ], [ 139.14635525599999, 35.313398417 ], [ 139.14639005399999, 35.313421471 ], [ 139.146391153, 35.3134222 ], [ 139.14643301000001, 35.313434723 ], [ 139.146700716, 35.313518268 ], [ 139.14692967900001, 35.313589878 ], [ 139.147075667, 35.313637287 ], [ 139.147354338000014, 35.313117247 ], [ 139.147523989, 35.3128218 ] ] ] } },
{ "type": "Feature", "properties": { "A29_001": "14206", "A29_002": "神奈川県", "A29_003": "小田原市", "A29_004": 8, "A29_005": "近隣商業地域", "A29_006": 80, "A29_007": 200, "A29_008": null }, "geometry": { "type": "Polygon", "coordinates": [ [ [ 139.14311892500001, 35.310832782 ], [ 139.143139426, 35.310796184 ], [ 139.143190279, 35.310683123 ], [ 139.143194, 35.310674851 ], [ 139.14322974699999, 35.310600203 ], [ 139.143644166, 35.310667351 ], [ 139.14398829699999, 35.310661471 ], [ 139.14393760199999, 35.310429412 ], [ 139.144386113, 35.310587182 ], [ 139.144412065000012, 35.310290163 ], [ 139.144435095, 35.310026588 ], [ 139.14445625, 35.309784393 ], [ 139.144477039, 35.309546468 ], [ 139.144083673000011, 35.309686631 ], [ 139.14379041699999, 35.309800122 ], [ 139.143771987, 35.309696356 ], [ 139.143767849999989, 35.30966682 ], [ 139.14376724499999, 35.309634429 ], [ 139.143783031999988, 35.30944911 ], [ 139.142127131, 35.310082397 ], [ 139.140513148999986, 35.309665055 ], [ 139.140490723, 35.309756978 ], [ 139.140483996, 35.309928252 ], [ 139.140481647, 35.30999734 ], [ 139.140252185, 35.309938434 ], [ 139.140182444, 35.310259259 ], [ 139.141166865, 35.310514028 ], [ 139.142004574999987, 35.310730822 ], [ 139.141826694, 35.310969308 ], [ 139.14200855499999, 35.310998403 ], [ 139.142379981, 35.311043843 ], [ 139.14250814499999, 35.311064688 ], [ 139.142577440999986, 35.311071086 ], [ 139.142627814, 35.311071374 ], [ 139.142666198, 35.311070938 ], [ 139.142712612999986, 35.311068043 ], [ 139.142753072, 35.311060155 ], [ 139.142788274999987, 35.311049557 ], [ 139.142900112, 35.311007009 ], [ 139.14295019799999, 35.310972762 ], [ 139.143008371, 35.310944303 ], [ 139.143036609, 35.310926473 ], [ 139.143078010000011, 35.310885334 ], [ 139.14307910799999, 35.31088425 ], [ 139.14311892500001, 35.310832782 ] ] ] } },
{ "type": "Feature", "properties": { "A29_001": "14206", "A29_002": "神奈川県", "A29_003": "小田原市", "A29_004": 1, "A29_005": "第一種低層住居専用地域", "A29_006": 60, "A29_007": 150, "A29_008": null }, "geometry": { "type": "Polygon", "coordinates": [ [ [ 139.13536703599999, 35.309233958 ], [ 139.13533002299999, 35.309227426 ], [ 139.133291292, 35.308862614 ], [ 139.131870350000014, 35.30861449 ], [ 139.13185726399999, 35.308612205 ], [ 139.131858072, 35.308615139 ], [ 139.131903534, 35.308772833 ], [ 139.13193243500001, 35.30895357 ], [ 139.131913784, 35.309382901 ], [ 139.131985544, 35.309447163 ], [ 139.13207562299999, 35.309548517 ], [ 139.13225237099999, 35.309755378 ], [ 139.132423324, 35.309945474 ], [ 139.132450490999986, 35.309942333 ], [ 139.132528052, 35.309925818 ], [ 139.132657724000012, 35.309892875 ], [ 139.132812282, 35.309854658 ], [ 139.13288727299999, 35.309841409 ], [ 139.13287099199999, 35.309894344 ], [ 139.132796463, 35.310138428 ], [ 139.132783902, 35.310226765 ], [ 139.132775001999988, 35.310281969 ], [ 139.132801918000013, 35.310286273 ], [ 139.132887597, 35.310311629 ], [ 139.132958144000014, 35.310334149 ], [ 139.133068724, 35.310401088 ], [ 139.133135788, 35.310437397 ], [ 139.13325476599999, 35.310508541 ], [ 139.133333512, 35.310557347 ], [ 139.133477295, 35.310639134 ], [ 139.133538393, 35.310668441 ], [ 139.133521409999986, 35.310783849 ], [ 139.133706937999989, 35.310820996 ], [ 139.133761604, 35.310829885 ], [ 139.133910821, 35.310860513 ], [ 139.134009490000011, 35.310886746 ], [ 139.134785040999986, 35.311131616 ], [ 139.134832966, 35.311154635 ], [ 139.13493944199999, 35.310760236 ], [ 139.135107713, 35.310150136 ], [ 139.13518058299999, 35.309885914 ], [ 139.13536703599999, 35.309233958 ] ] ] } },
{ "type": "Feature", "properties": { "A29_001": "14206", "A29_002": "神奈川県", "A29_003": "小田原市", "A29_004": 1, "A29_005": "第一種低層住居専用地域", "A29_006": 60, "A29_007": 100, "A29_008": null }, "geometry": { "type": "Polygon", "coordinates": [ [ [ 139.147980195, 35.301061549 ], [ 139.14798255, 35.301002646 ], [ 139.147363504999987, 35.300909464 ], [ 139.146613715, 35.30079659 ], [ 139.146549373, 35.300872889 ], [ 139.146397772, 35.301120654 ], [ 139.146004981, 35.301809288 ], [ 139.145814916, 35.3020256 ], [ 139.145832356999989, 35.302064423 ], [ 139.146029416, 35.302361664 ], [ 139.146067217, 35.302423004 ], [ 139.146117127, 35.302526985 ], [ 139.146198209, 35.302735238 ], [ 139.146241135999986, 35.302804277 ], [ 139.146369107999988, 35.30312394 ], [ 139.146389274, 35.303190353 ], [ 139.146647715, 35.303862539 ], [ 139.146902278, 35.304498304 ], [ 139.146917661, 35.304517943 ], [ 139.146930018, 35.304527361 ], [ 139.147007422, 35.304566047 ], [ 139.14702907099999, 35.304580619 ], [ 139.14703676799999, 35.304589803 ], [ 139.147040283, 35.304601938 ], [ 139.147032147, 35.304683848 ], [ 139.146884383000014, 35.305377516 ], [ 139.146882022, 35.305412351 ], [ 139.146977268, 35.305548048 ], [ 139.146977026, 35.305565029 ], [ 139.146977977, 35.305594313 ], [ 139.146974250999989, 35.305647456 ], [ 139.146952602999988, 35.305757747 ], [ 139.146907488000011, 35.306084169 ], [ 139.146836285, 35.30666373 ], [ 139.146831822, 35.306707756 ], [ 139.146817105, 35.307345995 ], [ 139.146809869, 35.307465795 ], [ 139.146797897999988, 35.307534343 ], [ 139.146746689999986, 35.307705752 ], [ 139.146711509, 35.307822005 ], [ 139.146669933, 35.307903769 ], [ 139.146404131, 35.308342768 ], [ 139.14663052099999, 35.308701506 ], [ 139.146546691999987, 35.30882793 ], [ 139.146509484, 35.3089184 ], [ 139.146466667, 35.309087044 ], [ 139.146380564999987, 35.309425006 ], [ 139.146343351000013, 35.309578665 ], [ 139.146337834, 35.309618584 ], [ 139.14634123499999, 35.309791222 ], [ 139.146365901, 35.310096759 ], [ 139.146364819000013, 35.310128482 ], [ 139.146366021, 35.310138476 ], [ 139.146556306, 35.310645038 ], [ 139.14654887399999, 35.310678709 ], [ 139.14652428299999, 35.310789532 ], [ 139.146682723, 35.310814617 ], [ 139.146867297999989, 35.310844185 ], [ 139.14707037, 35.31088938 ], [ 139.14721563099999, 35.310913731 ], [ 139.147464179999986, 35.310974039 ], [ 139.14762554399999, 35.311021602 ], [ 139.147866908, 35.311108478 ], [ 139.147961398, 35.311139247 ], [ 139.148379396, 35.311288823 ], [ 139.148809523000011, 35.31013718 ], [ 139.149097450999989, 35.309480549 ], [ 139.14903482599999, 35.309412526 ], [ 139.14901256600001, 35.309393155 ], [ 139.148972127, 35.30937543 ], [ 139.148936928000012, 35.309369985 ], [ 139.148884697, 35.309359197 ], [ 139.148847668, 35.309350388 ], [ 139.148451467, 35.309210941 ], [ 139.148393964, 35.309173261 ], [ 139.14754345599999, 35.308858231 ], [ 139.14741206, 35.308812353 ], [ 139.14735916399999, 35.308794439 ], [ 139.14745435, 35.308502536 ], [ 139.147468022999988, 35.308460518 ], [ 139.147507757, 35.308338783 ], [ 139.147540655, 35.308232513 ], [ 139.147588686, 35.308079006 ], [ 139.14793828099999, 35.307949695 ], [ 139.147967865999988, 35.307887818 ], [ 139.14799826, 35.307870642 ], [ 139.148456414, 35.307447152 ], [ 139.148460303, 35.307439855 ], [ 139.148448796999986, 35.307078767 ], [ 139.148440276, 35.307000468 ], [ 139.148403282, 35.306789329 ], [ 139.148372832, 35.306498489 ], [ 139.14837302399999, 35.306445758 ], [ 139.148369542000012, 35.306434859 ], [ 139.148361705000013, 35.306426656 ], [ 139.148348757, 35.306419471 ], [ 139.14833219799999, 35.306415402 ], [ 139.148279909, 35.306377706 ], [ 139.148290233000012, 35.306276158 ], [ 139.148313035, 35.305983159 ], [ 139.148331665, 35.305798936 ], [ 139.148336504000014, 35.305723173 ], [ 139.148354028, 35.305559298 ], [ 139.148356925, 35.305533949 ], [ 139.148359531000011, 35.30550519 ], [ 139.148371806, 35.305421339 ], [ 139.148375652999988, 35.305375867 ], [ 139.14837996899999, 35.305302201 ], [ 139.14838717399999, 35.305241902 ], [ 139.148428001000013, 35.304825846 ], [ 139.148450825, 35.304661928 ], [ 139.14845971599999, 35.304610328 ], [ 139.14839144199999, 35.304597231 ], [ 139.14832321099999, 35.304584144 ], [ 139.14838325299999, 35.304300622 ], [ 139.14845311799999, 35.303987896 ], [ 139.148576221000013, 35.303436896 ], [ 139.148009596, 35.303355435 ], [ 139.14794491699999, 35.303354312 ], [ 139.147582926000013, 35.303312057 ], [ 139.147638148, 35.30286227 ], [ 139.147660488000014, 35.302694645 ], [ 139.14777610199999, 35.30216878 ], [ 139.147784381, 35.302108865 ], [ 139.14790903299999, 35.301603729 ], [ 139.147950635, 35.301466185 ], [ 139.148036622, 35.301230035 ], [ 139.14797959500001, 35.301076626 ], [ 139.147980195, 35.301061549 ] ] ] } },
{ "type": "Feature", "properties": { "A29_001": "14206", "A29_002": "神奈川県", "A29_003": "小田原市", "A29_004": 1, "A29_005": "第一種低層住居専用地域", "A29_006": 60, "A29_007": 100, "A29_008": null }, "geometry": { "type": "Polygon", "coordinates": [ [ [ 139.142504003, 35.307241928 ], [ 139.142014386, 35.307225348 ], [ 139.141486756, 35.307200913 ], [ 139.14141431199999, 35.307195631 ], [ 139.14131224, 35.307181895 ], [ 139.141267879, 35.307174259 ], [ 139.141226351, 35.307167198 ], [ 139.141026318, 35.30712813 ], [ 139.14088763399999, 35.307087864 ], [ 139.14051156299999, 35.306945361 ], [ 139.14048014, 35.306938357 ], [ 139.139569926, 35.306850823 ], [ 139.139577050000014, 35.306798212 ], [ 139.13960217499999, 35.306640007 ], [ 139.139763009, 35.305676127 ], [ 139.13980854, 35.305417541 ], [ 139.139874779, 35.30503513 ], [ 139.139468512, 35.304978895 ], [ 139.13937293699999, 35.304969576 ], [ 139.13905948499999, 35.304921571 ], [ 139.139027359000011, 35.304918457 ], [ 139.138575634, 35.304853575 ], [ 139.13807359899999, 35.304782544 ], [ 139.137954285, 35.304769193 ], [ 139.137860566, 35.304758919 ], [ 139.137734208000012, 35.304737235 ], [ 139.137277626000014, 35.304674736 ], [ 139.136737446000012, 35.304597602 ], [ 139.136698775000013, 35.304593522 ], [ 139.136683987999987, 35.304735606 ], [ 139.136674046, 35.304785793 ], [ 139.136657867999986, 35.304842516 ], [ 139.13663998199999, 35.304880515 ], [ 139.136436443, 35.305283325 ], [ 139.136352, 35.305444037 ], [ 139.136293391, 35.30571824 ], [ 139.136279733, 35.30579269 ], [ 139.13615464099999, 35.306297531 ], [ 139.13610342199999, 35.306483196 ], [ 139.135957878999989, 35.306977318 ], [ 139.13583903, 35.307412985 ], [ 139.135658138999986, 35.308067345 ], [ 139.135611278999988, 35.308242019 ], [ 139.136280416, 35.308383306 ], [ 139.137277860000012, 35.308638615 ], [ 139.138229110999987, 35.308886546 ], [ 139.13935973400001, 35.309178362 ], [ 139.141005495, 35.309601784 ], [ 139.14168430399999, 35.30977845 ], [ 139.142032586999989, 35.309868391 ], [ 139.14207409299999, 35.3096662 ], [ 139.142111231, 35.309465651 ], [ 139.142147907, 35.309267579 ], [ 139.142183366000012, 35.30906135 ], [ 139.142241578000011, 35.308723196 ], [ 139.142250022000013, 35.308674244 ], [ 139.142283058, 35.308486427 ], [ 139.142295342000011, 35.308413889 ], [ 139.14231847799999, 35.308278233 ], [ 139.142328017000011, 35.30822332 ], [ 139.142376262999989, 35.307943538 ], [ 139.14237897699999, 35.307928229 ], [ 139.14241905599999, 35.307698456 ], [ 139.14242352, 35.307672647 ], [ 139.14248624699999, 35.307351573 ], [ 139.142504003, 35.307241928 ] ] ] } },
{ "type": "Feature", "properties": { "A29_001": "14206", "A29_002": "神奈川県", "A29_003": "小田原市", "A29_004": 5, "A29_005": "第一種住居地域", "A29_006": 60, "A29_007": 200, "A29_008": null }, "geometry": { "type": "Polygon", "coordinates": [ [ [ 139.177503898999987, 35.304716392 ], [ 139.17738452, 35.30464017 ], [ 139.17703079399999, 35.304420137 ], [ 139.176872968, 35.304323388 ], [ 139.176710498, 35.304221819 ], [ 139.176685552, 35.304206287 ], [ 139.176665622, 35.30419337 ], [ 139.17664601300001, 35.304180139 ], [ 139.17662622200001, 35.304166258 ], [ 139.176612328, 35.304156159 ], [ 139.176482849, 35.304052894 ], [ 139.176423789000012, 35.304002599 ], [ 139.176253307, 35.30386245 ], [ 139.176235136, 35.303846847 ], [ 139.176204721, 35.303822407 ], [ 139.176173264999989, 35.303798935 ], [ 139.17614161, 35.303776858 ], [ 139.17610889299999, 35.303755533 ], [ 139.176035109999987, 35.303710702 ], [ 139.175864698, 35.303647768 ], [ 139.175733828, 35.303614651 ], [ 139.175670371, 35.303603732 ], [ 139.175666989, 35.303603083 ], [ 139.17533748, 35.303389796 ], [ 139.17527342, 35.303574918 ], [ 139.175262594, 35.303600081 ], [ 139.175254607, 35.303630388 ], [ 139.175230808, 35.30379381 ], [ 139.17521833, 35.303854542 ], [ 139.17520350800001, 35.303904877 ], [ 139.175257741, 35.303957643 ], [ 139.175351089, 35.304018428 ], [ 139.175401185, 35.304043102 ], [ 139.175460517, 35.30406376 ], [ 139.175516398000013, 35.304073358 ], [ 139.17558218799999, 35.304084172 ], [ 139.175648653, 35.304098469 ], [ 139.175705754, 35.304114825 ], [ 139.175736819, 35.304128353 ], [ 139.175799504, 35.304172258 ], [ 139.176164996000011, 35.30447747 ], [ 139.17632507, 35.304589835 ], [ 139.176468967, 35.304683389 ], [ 139.176517273, 35.304699598 ], [ 139.176561838999987, 35.30470797 ], [ 139.17662907799999, 35.304713564 ], [ 139.176694897, 35.304720952 ], [ 139.17674488, 35.304727029 ], [ 139.176912074, 35.30476539 ], [ 139.176985398, 35.304776046 ], [ 139.177079979000013, 35.304782364 ], [ 139.17712620099999, 35.304783057 ], [ 139.177174076, 35.304780639 ], [ 139.17723068, 35.304774258 ], [ 139.17729040899999, 35.304762133 ], [ 139.177337843, 35.304746337 ], [ 139.177373976000013, 35.304784446 ], [ 139.177396909, 35.304770103 ], [ 139.177456318999987, 35.304740282 ], [ 139.177503898999987, 35.304716392 ] ] ] } },
{ "type": "Feature", "properties": { "A29_001": "14206", "A29_002": "神奈川県", "A29_003": "小田原市", "A29_004": 5, "A29_005": "第一種住居地域", "A29_006": 60, "A29_007": 200, "A29_008": null }, "geometry": { "type": "Polygon", "coordinates": [ [ [ 139.186411814, 35.304819961 ], [ 139.18615281699999, 35.304808677 ], [ 139.186007952000011, 35.304804532 ], [ 139.185983824, 35.304801876 ], [ 139.185832277, 35.304798116 ], [ 139.185807635, 35.304795457 ], [ 139.18576815, 35.304785558 ], [ 139.185667165000012, 35.304755532 ], [ 139.185427393, 35.304668322 ], [ 139.185404847, 35.304660619 ], [ 139.185366412, 35.304647777 ], [ 139.18530128099999, 35.304632265 ], [ 139.185245874, 35.304621438 ], [ 139.185230467, 35.304620513 ], [ 139.185170357, 35.304619769 ], [ 139.184990034, 35.304642612 ], [ 139.18496093499999, 35.304644439 ], [ 139.184935241, 35.304643904 ], [ 139.184880885000013, 35.304644108 ], [ 139.184837890000011, 35.304641917 ], [ 139.18478777199999, 35.304633814 ], [ 139.184596844999987, 35.304603405 ], [ 139.184298422000012, 35.304568504 ], [ 139.184176619999988, 35.304560014 ], [ 139.18411397700001, 35.3045529 ], [ 139.184047601, 35.304557362 ], [ 139.183936467, 35.304559897 ], [ 139.18387048, 35.3045667 ], [ 139.18378404, 35.304584516 ], [ 139.18372602, 35.30459476 ], [ 139.183707758, 35.304965727 ], [ 139.18370687800001, 35.304985157 ], [ 139.183708063000012, 35.305019831 ], [ 139.183712426999989, 35.305112267 ], [ 139.183716385999986, 35.305163092 ], [ 139.183720478, 35.305191742 ], [ 139.18372466299999, 35.305215679 ], [ 139.183732485, 35.305241421 ], [ 139.183744595, 35.305276758 ], [ 139.183758864999987, 35.305315685 ], [ 139.183784589, 35.305377128 ], [ 139.183845451, 35.30551492 ], [ 139.183859723000012, 35.305550863 ], [ 139.18387189, 35.305579017 ], [ 139.18387752699999, 35.305605774 ], [ 139.18388013500001, 35.305644044 ], [ 139.183879925000014, 35.305670336 ], [ 139.183879557000012, 35.305717667 ], [ 139.183881195999987, 35.306243243 ], [ 139.183896401, 35.306584832 ], [ 139.18438075200001, 35.306256381 ], [ 139.18493709399999, 35.305861402 ], [ 139.18565994299999, 35.305373278 ], [ 139.185812292, 35.305279797 ], [ 139.18599448, 35.305162039 ], [ 139.186098042, 35.305086072 ], [ 139.18635067299999, 35.304875467 ], [ 139.186411814, 35.304819961 ] ] ] } },
{ "type": "Feature", "properties": { "A29_001": "14206", "A29_002": "神奈川県", "A29_003": "小田原市", "A29_004": 8, "A29_005": "近隣商業地域", "A29_006": 80, "A29_007": 200, "A29_008": null }, "geometry": { "type": "Polygon", "coordinates": [ [ [ 139.186707168999988, 35.304526987 ], [ 139.186703806, 35.304496402 ], [ 139.186681670000013, 35.304338943 ], [ 139.18661883199999, 35.304082751 ], [ 139.18655700799999, 35.303950679 ], [ 139.186525866000011, 35.303885864 ], [ 139.186505756, 35.303827751 ], [ 139.18650311499999, 35.303821003 ], [ 139.186498016, 35.303806842 ], [ 139.186495522, 35.303798238 ], [ 139.186481458, 35.303741581 ], [ 139.18647730399999, 35.303721944 ], [ 139.186475069000011, 35.303671174 ], [ 139.186470807, 35.303558754 ], [ 139.186467432, 35.303392895 ], [ 139.186464949, 35.303301443 ], [ 139.186460226, 35.303226231 ], [ 139.18645582799999, 35.303182002 ], [ 139.186454319, 35.303165733 ], [ 139.186450877, 35.303133949 ], [ 139.186444556999987, 35.303074179 ], [ 139.186443379999986, 35.303065952 ], [ 139.18643239, 35.302969884 ], [ 139.18646547099999, 35.302923593 ], [ 139.186597866999989, 35.3027239 ], [ 139.18665966899999, 35.302638921 ], [ 139.18671913099999, 35.302578556 ], [ 139.18680765799999, 35.302509184 ], [ 139.18675059, 35.302488745 ], [ 139.186359156, 35.302370596 ], [ 139.185942692, 35.302254537 ], [ 139.185680714, 35.302194245 ], [ 139.18566570499999, 35.302192849 ], [ 139.185654985000014, 35.302192791 ], [ 139.185637262, 35.302196654 ], [ 139.185622746, 35.302200975 ], [ 139.185598644, 35.3022105 ], [ 139.185511854, 35.302268518 ], [ 139.18517910599999, 35.301935477 ], [ 139.185173451, 35.301883462 ], [ 139.183763180999989, 35.303185373 ], [ 139.18214815499999, 35.304676235 ], [ 139.182181732, 35.304696084 ], [ 139.182202993, 35.304704943 ], [ 139.182225241, 35.304711426 ], [ 139.18224849500001, 35.304713147 ], [ 139.18226889799999, 35.304708479 ], [ 139.182296148, 35.304695907 ], [ 139.18244416499999, 35.304616397 ], [ 139.182559989999987, 35.304559763 ], [ 139.182597198, 35.304549074 ], [ 139.182633134000014, 35.304542111 ], [ 139.182675350000011, 35.30453638 ], [ 139.182718040999987, 35.304533031 ], [ 139.182889455, 35.304532132 ], [ 139.182980238, 35.304535 ], [ 139.183103316, 35.304542026 ], [ 139.183397891999988, 35.304565081 ], [ 139.183519697, 35.30458004 ], [ 139.183690883999986, 35.304595148 ], [ 139.183722870999986, 35.30459532 ], [ 139.18372602, 35.30459476 ], [ 139.18378404, 35.304584516 ], [ 139.18387048, 35.3045667 ], [ 139.183936467, 35.304559897 ], [ 139.184047601, 35.304557362 ], [ 139.18411397700001, 35.3045529 ], [ 139.184176619999988, 35.304560014 ], [ 139.184298422000012, 35.304568504 ], [ 139.184596844999987, 35.304603405 ], [ 139.18478777199999, 35.304633814 ], [ 139.184837890000011, 35.304641917 ], [ 139.184880885000013, 35.304644108 ], [ 139.184935241, 35.304643904 ], [ 139.18496093499999, 35.304644439 ], [ 139.184990034, 35.304642612 ], [ 139.185170357, 35.304619769 ], [ 139.185230467, 35.304620513 ], [ 139.185245874, 35.304621438 ], [ 139.18530128099999, 35.304632265 ], [ 139.185366412, 35.304647777 ], [ 139.185404847, 35.304660619 ], [ 139.185427393, 35.304668322 ], [ 139.185667165000012, 35.304755532 ], [ 139.18576815, 35.304785558 ], [ 139.185807635, 35.304795457 ], [ 139.185832277, 35.304798116 ], [ 139.185983824, 35.304801876 ], [ 139.186007952000011, 35.304804532 ], [ 139.18615281699999, 35.304808677 ], [ 139.186411814, 35.304819961 ], [ 139.186456163, 35.304779698 ], [ 139.186557531, 35.304678092 ], [ 139.186669130000013, 35.304566238 ], [ 139.186707168999988, 35.304526987 ] ] ] } },
{ "type": "Feature", "properties": { "A29_001": "14206", "A29_002": "神奈川県", "A29_003": "小田原市", "A29_004": 5, "A29_005": "第一種住居地域", "A29_006": 60, "A29_007": 200, "A29_008": null }, "geometry": { "type": "Polygon", "coordinates": [ [ [ 139.183763182, 35.303185372 ], [ 139.185173451999987, 35.301883463 ], [ 139.185167572000012, 35.301829382 ], [ 139.1851646, 35.301802045 ], [ 139.18510168899999, 35.301721248 ], [ 139.18509823799999, 35.30171281 ], [ 139.185096385, 35.301702542 ], [ 139.185093271999989, 35.301591012 ], [ 139.185094091, 35.301415332 ], [ 139.18509534, 35.301330444 ], [ 139.18510594599999, 35.301308632 ], [ 139.185113554999987, 35.301299172 ], [ 139.185125814, 35.301288304 ], [ 139.185136897, 35.301278854 ], [ 139.185325517, 35.301171127 ], [ 139.185424911000013, 35.301124759 ], [ 139.185402863, 35.301056198 ], [ 139.185645876, 35.300999746 ], [ 139.185850471, 35.300926692 ], [ 139.185965907999986, 35.300880327 ], [ 139.186104502, 35.300798365 ], [ 139.186278206, 35.300656484 ], [ 139.186515764, 35.300425994 ], [ 139.18744626899999, 35.299508689 ], [ 139.187508272, 35.299436773 ], [ 139.187563296, 35.299368613 ], [ 139.187677975000014, 35.299219402 ], [ 139.187812753, 35.299032845 ], [ 139.187961354, 35.298809962 ], [ 139.188040023000013, 35.298682995 ], [ 139.188077677, 35.298612849 ], [ 139.18811413099999, 35.298518161 ], [ 139.18817229199999, 35.29834285 ], [ 139.18821205099999, 35.298152928 ], [ 139.18823628199999, 35.29802009 ], [ 139.18826246, 35.297921769 ], [ 139.188295676, 35.297824981 ], [ 139.18834756699999, 35.297698348 ], [ 139.188421707, 35.297557096 ], [ 139.188486215000012, 35.297461422 ], [ 139.18855986, 35.297383861 ], [ 139.188647155000012, 35.297302838 ], [ 139.189002210000012, 35.296980908 ], [ 139.188868017, 35.296932166 ], [ 139.188377632, 35.29664595 ], [ 139.18834189099999, 35.29662199 ], [ 139.188306466, 35.296592775 ], [ 139.18828145, 35.296569385 ], [ 139.188277731, 35.296565041 ], [ 139.188274435000011, 35.29656119 ], [ 139.188201085, 35.296680603 ], [ 139.18812172299999, 35.296829241 ], [ 139.18803689399999, 35.296979342 ], [ 139.18800371899999, 35.297035808 ], [ 139.18798151199999, 35.297084879 ], [ 139.187961086, 35.297138432 ], [ 139.187940626, 35.297196457 ], [ 139.187918263, 35.297264906 ], [ 139.187897756000012, 35.297328892 ], [ 139.187873658, 35.297386898 ], [ 139.18780171, 35.297517689 ], [ 139.187707439, 35.297482901 ], [ 139.187241766, 35.297365787 ], [ 139.187036024, 35.297316838 ], [ 139.18670869799999, 35.297283286 ], [ 139.18651771, 35.297266259 ], [ 139.18639295599999, 35.29725464 ], [ 139.186355475, 35.297251492 ], [ 139.186314036999988, 35.297253385 ], [ 139.186303192999986, 35.297253879 ], [ 139.186272728, 35.297255261 ], [ 139.186138155, 35.29725075 ], [ 139.186064512, 35.297240191 ], [ 139.186025253999986, 35.297234561 ], [ 139.185936965, 35.297218178 ], [ 139.18571626799999, 35.298104831 ], [ 139.18555259499999, 35.298104549 ], [ 139.185530631, 35.298393477 ], [ 139.185468313, 35.298416506 ], [ 139.18545234699999, 35.29854396 ], [ 139.185444518, 35.298543814 ], [ 139.185123194, 35.298536611 ], [ 139.184817877, 35.298529773 ], [ 139.184800424, 35.29886943 ], [ 139.18479466299999, 35.29893266 ], [ 139.184772608, 35.299060489 ], [ 139.184709824, 35.299239848 ], [ 139.184581248, 35.29955063 ], [ 139.18444504199999, 35.299954975 ], [ 139.184359698, 35.299971094 ], [ 139.18401212099999, 35.300033202 ], [ 139.183968263999986, 35.300037996 ], [ 139.183806358, 35.300052892 ], [ 139.183592401999988, 35.30006612 ], [ 139.183507326000012, 35.300073569 ], [ 139.183110711000012, 35.299935631 ], [ 139.18297334499999, 35.299890246 ], [ 139.182843617, 35.299842674 ], [ 139.182606932, 35.299743382 ], [ 139.182487702, 35.299689278 ], [ 139.182167437, 35.299523362 ], [ 139.181970123000013, 35.299441173 ], [ 139.181870788999987, 35.299405816 ], [ 139.18182488799999, 35.299387379 ], [ 139.181762537999987, 35.299359406 ], [ 139.181656944999986, 35.299294143 ], [ 139.181615775000012, 35.299268474 ], [ 139.181566979, 35.299243657 ], [ 139.181502993, 35.29921251 ], [ 139.181382324999987, 35.299161219 ], [ 139.181166322, 35.299078801 ], [ 139.181035207, 35.299035737 ], [ 139.180927171, 35.299006606 ], [ 139.180849061, 35.298980306 ], [ 139.180647357, 35.298902976 ], [ 139.180242779, 35.298714849 ], [ 139.180219719, 35.298701845 ], [ 139.180180525999987, 35.298773127 ], [ 139.180154902999988, 35.298842294 ], [ 139.180058339999988, 35.299103875 ], [ 139.18005595299999, 35.299131382 ], [ 139.18005724, 35.299158657 ], [ 139.180061505999987, 35.299191527 ], [ 139.18007217499999, 35.299273252 ], [ 139.180074080999987, 35.299317883 ], [ 139.180069995, 35.299356909 ], [ 139.18005743, 35.299416785 ], [ 139.180033149, 35.299522634 ], [ 139.180016138000013, 35.299576148 ], [ 139.179926486999989, 35.299822938 ], [ 139.179889589, 35.299906164 ], [ 139.179816474, 35.300077758 ], [ 139.179740509, 35.300221131 ], [ 139.17905123700001, 35.300116978 ], [ 139.17898870799999, 35.300104264 ], [ 139.178960503000013, 35.300100343 ], [ 139.178895869, 35.300091368 ], [ 139.178865462, 35.300397709 ], [ 139.178834814999988, 35.300706573 ], [ 139.178899661, 35.300719706 ], [ 139.178879663, 35.30084346 ], [ 139.178857305, 35.30098185 ], [ 139.178898766, 35.300990601 ], [ 139.179010599, 35.301017023 ], [ 139.179360105, 35.301100264 ], [ 139.17933916699999, 35.301152872 ], [ 139.179320964, 35.301183203 ], [ 139.179307661, 35.301222044 ], [ 139.179279347, 35.301321061 ], [ 139.17925228499999, 35.301579421 ], [ 139.179210676999986, 35.302034498 ], [ 139.17919332299999, 35.302097351 ], [ 139.179213909999987, 35.302492439 ], [ 139.17922248799999, 35.302633823 ], [ 139.17921038099999, 35.302859689 ], [ 139.179391110000012, 35.302898836 ], [ 139.17953685399999, 35.302937465 ], [ 139.17961378199999, 35.302980111 ], [ 139.179690472, 35.303052316 ], [ 139.179890871, 35.303435576 ], [ 139.180002653, 35.303628324 ], [ 139.180045705, 35.303715053 ], [ 139.180057825, 35.303711163 ], [ 139.180124247, 35.303689843 ], [ 139.18045569899999, 35.303589954 ], [ 139.180632178, 35.303530314 ], [ 139.180723836, 35.303492454 ], [ 139.18112409, 35.303290804 ], [ 139.18118207099999, 35.3032483 ], [ 139.18124434, 35.303188616 ], [ 139.181342465, 35.30307621 ], [ 139.181409472000013, 35.303010891 ], [ 139.181455742999987, 35.302980396 ], [ 139.18154134299999, 35.302934742 ], [ 139.181580751000013, 35.302909799 ], [ 139.18161666099999, 35.30286731 ], [ 139.181731044, 35.302709161 ], [ 139.182065295, 35.302102727 ], [ 139.182103047, 35.30205576 ], [ 139.182151338000011, 35.30208683 ], [ 139.182145772000013, 35.302163077 ], [ 139.182101276999987, 35.30254251 ], [ 139.182072283, 35.302812596 ], [ 139.182008923000012, 35.30337825 ], [ 139.181962024, 35.30378291 ], [ 139.181942958, 35.303966785 ], [ 139.181937325, 35.304007111 ], [ 139.182549974000011, 35.304028086 ], [ 139.18253092099999, 35.304254274 ], [ 139.182445441999988, 35.304327891 ], [ 139.182283477, 35.304478185 ], [ 139.182220761, 35.304537701 ], [ 139.182103076, 35.304649581 ], [ 139.182148156000011, 35.304676235 ], [ 139.183763182, 35.303185372 ] ] ] } },
{ "type": "Feature", "properties": { "A29_001": "14206", "A29_002": "神奈川県", "A29_003": "小田原市", "A29_004": 1, "A29_005": "第一種低層住居専用地域", "A29_006": 60, "A29_007": 100, "A29_008": null }, "geometry": { "type": "Polygon", "coordinates": [ [ [ 139.17953685399999, 35.302937465 ], [ 139.179391110000012, 35.302898836 ], [ 139.17921038099999, 35.302859689 ], [ 139.1792155, 35.302762264 ], [ 139.17922248799999, 35.302633823 ], [ 139.179213909999987, 35.302492439 ], [ 139.17919332299999, 35.302097351 ], [ 139.179210676999986, 35.302034498 ], [ 139.17925228499999, 35.301579421 ], [ 139.179279347, 35.301321061 ], [ 139.179307661, 35.301222044 ], [ 139.179320964, 35.301183203 ], [ 139.17933916699999, 35.301152872 ], [ 139.179360105, 35.301100264 ], [ 139.179010599, 35.301017023 ], [ 139.178898766, 35.300990601 ], [ 139.178857305, 35.30098185 ], [ 139.178814100000011, 35.300972728 ], [ 139.178739199, 35.30096018 ], [ 139.178655959999986, 35.300948336 ], [ 139.178568971, 35.30094179 ], [ 139.178385714, 35.300931684 ], [ 139.178235717, 35.300930872 ], [ 139.178038875999988, 35.3009336 ], [ 139.177923091999986, 35.300939048 ], [ 139.177829683, 35.30094331 ], [ 139.177806987, 35.300944702 ], [ 139.177777316, 35.300949481 ], [ 139.17774484899999, 35.300957273 ], [ 139.17770680000001, 35.300967325 ], [ 139.177666832999989, 35.300986092 ], [ 139.177622372, 35.30100863 ], [ 139.177620733999987, 35.300925466 ], [ 139.17759922, 35.300926296 ], [ 139.177444614, 35.30092726 ], [ 139.177172786999989, 35.300929301 ], [ 139.17705875499999, 35.300926249 ], [ 139.177062645, 35.300808023 ], [ 139.17633877, 35.300797576 ], [ 139.176334411, 35.300834897 ], [ 139.17630662900001, 35.301008511 ], [ 139.176302220999986, 35.301038486 ], [ 139.176299717, 35.301062387 ], [ 139.176295356, 35.301086494 ], [ 139.176293840999989, 35.301102431 ], [ 139.176292232, 35.301128626 ], [ 139.176291728, 35.301363846 ], [ 139.176200900999987, 35.301383328 ], [ 139.176141067, 35.301339338 ], [ 139.17601911, 35.301205168 ], [ 139.17615476, 35.301561881 ], [ 139.17613289799999, 35.301929302 ], [ 139.176127549, 35.301969467 ], [ 139.17602046499999, 35.302096759 ], [ 139.175906343, 35.302381853 ], [ 139.175843046000011, 35.302567622 ], [ 139.175712116999989, 35.302900998 ], [ 139.175678600999987, 35.302893546 ], [ 139.175645307, 35.302950796 ], [ 139.17555690099999, 35.303086518 ], [ 139.175440992, 35.303264547 ], [ 139.17540610099999, 35.303274353 ], [ 139.17538293199999, 35.303286568 ], [ 139.175366975, 35.303304563 ], [ 139.17533748, 35.303389797 ], [ 139.175666989, 35.303603083 ], [ 139.175670372000013, 35.303603733 ], [ 139.175733829, 35.303614651 ], [ 139.175864698, 35.303647769 ], [ 139.176035109999987, 35.303710702 ], [ 139.17610889299999, 35.303755534 ], [ 139.17614161, 35.303776859 ], [ 139.176173264999989, 35.303798935 ], [ 139.176204721, 35.303822407 ], [ 139.176235136, 35.303846848 ], [ 139.176253308000014, 35.30386245 ], [ 139.176423789000012, 35.304002599 ], [ 139.176482850000014, 35.304052894 ], [ 139.176612328, 35.30415616 ], [ 139.17662622200001, 35.304166259 ], [ 139.176646014, 35.30418014 ], [ 139.176665622, 35.304193371 ], [ 139.176685553, 35.304206288 ], [ 139.176710498, 35.304221819 ], [ 139.176872968999987, 35.304323389 ], [ 139.17703079399999, 35.304420137 ], [ 139.17738452, 35.30464017 ], [ 139.177503898999987, 35.304716392 ], [ 139.17750995599999, 35.304713351 ], [ 139.178073871, 35.304460777 ], [ 139.178433627, 35.304324693 ], [ 139.178868591999986, 35.304164136 ], [ 139.179816026, 35.303788766 ], [ 139.180045705, 35.303715053 ], [ 139.180002653, 35.303628324 ], [ 139.179890871, 35.303435576 ], [ 139.179690472, 35.303052316 ], [ 139.17961378199999, 35.302980111 ], [ 139.17953685399999, 35.302937465 ] ] ] } },
{ "type": "Feature", "properties": { "A29_001": "14206", "A29_002": "神奈川県", "A29_003": "小田原市", "A29_004": 5, "A29_005": "第一種住居地域", "A29_006": 60, "A29_007": 200, "A29_008": null }, "geometry": { "type": "Polygon", "coordinates": [ [ [ 139.18680765799999, 35.302509184 ], [ 139.186795862, 35.302518878 ], [ 139.18671913099999, 35.302578556 ], [ 139.18665966899999, 35.302638921 ], [ 139.186597866999989, 35.3027239 ], [ 139.18646547099999, 35.302923593 ], [ 139.18643239, 35.302969884 ], [ 139.186443379999986, 35.303065952 ], [ 139.186444556999987, 35.303074179 ], [ 139.186450877, 35.303133949 ], [ 139.186454319, 35.303165733 ], [ 139.18645582799999, 35.303182002 ], [ 139.186460226, 35.303226231 ], [ 139.186464949, 35.303301443 ], [ 139.186467432, 35.303392895 ], [ 139.186470807, 35.303558754 ], [ 139.186475069000011, 35.303671174 ], [ 139.18647730399999, 35.303721944 ], [ 139.186481458, 35.303741581 ], [ 139.186495522, 35.303798238 ], [ 139.186498016, 35.303806842 ], [ 139.18650311499999, 35.303821003 ], [ 139.186505756, 35.303827751 ], [ 139.186525866000011, 35.303885864 ], [ 139.18655700799999, 35.303950679 ], [ 139.18661883199999, 35.304082751 ], [ 139.186681670000013, 35.304338943 ], [ 139.186703806, 35.304496402 ], [ 139.186707168999988, 35.304526987 ], [ 139.186900306000013, 35.30432769 ], [ 139.187039891000012, 35.304172763 ], [ 139.187498280999989, 35.303669287 ], [ 139.188435884, 35.302628683 ], [ 139.188592105999987, 35.302493637 ], [ 139.188186761999987, 35.302488834 ], [ 139.187710814000013, 35.302495074 ], [ 139.18717288, 35.302507129 ], [ 139.18680765799999, 35.302509184 ] ] ] } },
{ "type": "Feature", "properties": { "A29_001": "14206", "A29_002": "神奈川県", "A29_003": "小田原市", "A29_004": 3, "A29_005": "第一種中高層住居専用地域", "A29_006": 60, "A29_007": 150, "A29_008": null }, "geometry": { "type": "Polygon", "coordinates": [ [ [ 139.14824701399999, 35.299996975 ], [ 139.148202035999986, 35.300016118 ], [ 139.147307549, 35.299865912 ], [ 139.147205079, 35.299853324 ], [ 139.14711596699999, 35.299939895 ], [ 139.146822570000012, 35.300470411 ], [ 139.1466806, 35.300717276 ], [ 139.146613715, 35.30079659 ], [ 139.147363504999987, 35.300909464 ], [ 139.14798255, 35.301002646 ], [ 139.147980195, 35.301061549 ], [ 139.148536632, 35.301127375 ], [ 139.149047496, 35.301187804 ], [ 139.149116729000013, 35.301232007 ], [ 139.149594954, 35.301308146 ], [ 139.149741549, 35.300675268 ], [ 139.149834504000012, 35.300271404 ], [ 139.149336406, 35.300196006 ], [ 139.148826374, 35.300108055 ], [ 139.148514919, 35.300054343 ], [ 139.14824701399999, 35.299996975 ] ] ] } },
{ "type": "Feature", "properties": { "A29_001": "14206", "A29_002": "神奈川県", "A29_003": "小田原市", "A29_004": 3, "A29_005": "第一種中高層住居専用地域", "A29_006": 60, "A29_007": 150, "A29_008": null }, "geometry": { "type": "Polygon", "coordinates": [ [ [ 139.23532605, 35.298456823 ], [ 139.23538412900001, 35.298296587 ], [ 139.23545879400001, 35.298092426 ], [ 139.235579179000013, 35.297732329 ], [ 139.23558791799999, 35.297702644 ], [ 139.235612952999986, 35.29761762 ], [ 139.235640659000012, 35.297523551 ], [ 139.23567845, 35.297348521 ], [ 139.235684939, 35.297156894 ], [ 139.235692056, 35.297012784 ], [ 139.235701213, 35.296902479 ], [ 139.235708776, 35.296811356 ], [ 139.235955735, 35.296793773 ], [ 139.23616624600001, 35.296778776 ], [ 139.236607729000013, 35.296752227 ], [ 139.236941153, 35.296731138 ], [ 139.237055615, 35.296702289 ], [ 139.237181009000011, 35.296644577 ], [ 139.237276925, 35.296589757 ], [ 139.237335159999986, 35.296545343 ], [ 139.23736601499999, 35.296495503 ], [ 139.237422842, 35.296341785 ], [ 139.237428673000011, 35.29623955 ], [ 139.23743056, 35.296119868 ], [ 139.237414962, 35.295889913 ], [ 139.23738761300001, 35.29574054 ], [ 139.23732167899999, 35.295458208 ], [ 139.23732153, 35.295457667 ], [ 139.237292953, 35.295357316 ], [ 139.23723859099999, 35.295288874 ], [ 139.237132438, 35.295102488 ], [ 139.237029690000014, 35.294925954 ], [ 139.23702808199999, 35.294923197 ], [ 139.23693586499999, 35.294772458 ], [ 139.236902442, 35.29475715 ], [ 139.236828994, 35.294736569 ], [ 139.236729059, 35.294708565 ], [ 139.236686595, 35.294680331 ], [ 139.236678743999988, 35.294672963 ], [ 139.236460445, 35.294813381 ], [ 139.236262022, 35.294882279 ], [ 139.23621458400001, 35.294917516 ], [ 139.23604458, 35.295043523 ], [ 139.236016982, 35.295054141 ], [ 139.235980251, 35.295058259 ], [ 139.235725319000011, 35.295065076 ], [ 139.23575576799999, 35.295270921 ], [ 139.235759343000012, 35.295302155 ], [ 139.235751505, 35.295331773 ], [ 139.235724772999987, 35.295366705 ], [ 139.23567689, 35.29540861 ], [ 139.235629155999987, 35.295430224 ], [ 139.23557105899999, 35.295439293 ], [ 139.23546087599999, 35.295442652 ], [ 139.235311483, 35.295443481 ], [ 139.235195438, 35.29543978 ], [ 139.234745053000012, 35.29540557 ], [ 139.234654271000011, 35.29524841 ], [ 139.234454680999988, 35.29521855 ], [ 139.23417825199999, 35.29516881 ], [ 139.234043937, 35.295189995 ], [ 139.234007851, 35.295181235 ], [ 139.233932853999988, 35.295157453 ], [ 139.233704399, 35.295064188 ], [ 139.233475811, 35.295587929 ], [ 139.233444854, 35.29566792 ], [ 139.233444797, 35.295668074 ], [ 139.233430653999989, 35.295704212 ], [ 139.23341929099999, 35.29573329 ], [ 139.233401259, 35.295782661 ], [ 139.233400053, 35.295786442 ], [ 139.233395938, 35.295801789 ], [ 139.233391896, 35.29582518 ], [ 139.23338436899999, 35.295887043 ], [ 139.233383565999986, 35.295891483 ], [ 139.233372185, 35.296027287 ], [ 139.23336285, 35.296100246 ], [ 139.233354496, 35.296165619 ], [ 139.233341357, 35.296266883 ], [ 139.233337334, 35.296297979 ], [ 139.23332073200001, 35.296421589 ], [ 139.233301651, 35.296539822 ], [ 139.233285024999986, 35.29667123 ], [ 139.233263255, 35.296815572 ], [ 139.233256804, 35.296874781 ], [ 139.233250199999986, 35.296935296 ], [ 139.233242886, 35.296992229 ], [ 139.233226894000012, 35.297116563 ], [ 139.233212017, 35.297222397 ], [ 139.23320326699999, 35.297284613 ], [ 139.23320135899999, 35.297297422 ], [ 139.233185222, 35.297405511 ], [ 139.233175886999987, 35.297468068 ], [ 139.233152246, 35.297642528 ], [ 139.23314267399999, 35.29772222 ], [ 139.233140112, 35.297756559 ], [ 139.233130227, 35.297820673 ], [ 139.233115938999987, 35.297882429 ], [ 139.23309225700001, 35.297961078 ], [ 139.233083161, 35.297991293 ], [ 139.23306977199999, 35.298030978 ], [ 139.233040542999987, 35.298097051 ], [ 139.23302174299999, 35.298131022 ], [ 139.232956838, 35.298224825 ], [ 139.232933177, 35.298254554 ], [ 139.23287883099999, 35.298316536 ], [ 139.23277567299999, 35.29840585 ], [ 139.232661841, 35.298479976 ], [ 139.232581517, 35.298523593 ], [ 139.232438653, 35.298584783 ], [ 139.232355844000011, 35.298616507 ], [ 139.23217906, 35.29868812 ], [ 139.232174562000012, 35.298689656 ], [ 139.232019245, 35.298735371 ], [ 139.23183066499999, 35.298794683 ], [ 139.231618841, 35.298859874 ], [ 139.231529567, 35.298888456 ], [ 139.231401971999986, 35.298929304 ], [ 139.231368048, 35.298940168 ], [ 139.231219716999988, 35.298989657 ], [ 139.231026272, 35.299053847 ], [ 139.23082271199999, 35.29911952 ], [ 139.23079318399999, 35.299127445 ], [ 139.230604626, 35.299211371 ], [ 139.230541555, 35.299249429 ], [ 139.230476433, 35.299296413 ], [ 139.230406523999989, 35.299342416 ], [ 139.230339082, 35.299386795 ], [ 139.230255453000012, 35.299447039 ], [ 139.230123103000011, 35.299534829 ], [ 139.230034993, 35.299594199 ], [ 139.22998479899999, 35.2996253 ], [ 139.22997233800001, 35.299639639 ], [ 139.229886998000012, 35.299695202 ], [ 139.229791912, 35.299754058 ], [ 139.229755923, 35.299776341 ], [ 139.22958004899999, 35.299887618 ], [ 139.22953772, 35.299913818 ], [ 139.22939912199999, 35.299999644 ], [ 139.22921640199999, 35.300117545 ], [ 139.229146565, 35.30016252 ], [ 139.229092947, 35.300197073 ], [ 139.229050046999987, 35.300224596 ], [ 139.22892721299999, 35.30030345 ], [ 139.228884526, 35.300334661 ], [ 139.228872553, 35.300343354 ], [ 139.228848144000011, 35.300366956 ], [ 139.228786966, 35.300424386 ], [ 139.228764826, 35.300450362 ], [ 139.228713284, 35.300526499 ], [ 139.228712995, 35.300526939 ], [ 139.228705647, 35.300542119 ], [ 139.228653466999987, 35.300653777 ], [ 139.228638432999986, 35.30068956 ], [ 139.22861512899999, 35.30075521 ], [ 139.228601105, 35.300798777 ], [ 139.228587733000012, 35.300840293 ], [ 139.228536436000013, 35.300986948 ], [ 139.228685238, 35.301037451 ], [ 139.228783848, 35.30107092 ], [ 139.229082865, 35.301009174 ], [ 139.229128551, 35.301186521 ], [ 139.229281665, 35.301239869 ], [ 139.229572883, 35.301334853 ], [ 139.229955727, 35.301459716 ], [ 139.229994522999988, 35.301398568 ], [ 139.230154688, 35.301245713 ], [ 139.230163858, 35.301183561 ], [ 139.23025912599999, 35.301115249 ], [ 139.230870398, 35.300901326 ], [ 139.231073366, 35.300827096 ], [ 139.231284549, 35.300675583 ], [ 139.231355452, 35.300520695 ], [ 139.231371996, 35.300363815 ], [ 139.23144810299999, 35.30015804 ], [ 139.231574977, 35.299928271 ], [ 139.231771164, 35.299605171 ], [ 139.231842629999989, 35.299509193 ], [ 139.231927141, 35.29942296 ], [ 139.23204434199999, 35.299335105 ], [ 139.232187176999986, 35.299269084 ], [ 139.232353045999986, 35.299227028 ], [ 139.232477348, 35.299210672 ], [ 139.232802463000013, 35.299231063 ], [ 139.232903549000014, 35.299260149 ], [ 139.23306880199999, 35.299302957 ], [ 139.233325097, 35.299364912 ], [ 139.23342029599999, 35.299394626 ], [ 139.233543363, 35.299423577 ], [ 139.233618489, 35.299430277 ], [ 139.233684989000011, 35.299370852 ], [ 139.23371321799999, 35.299285322 ], [ 139.23378997, 35.299170006 ], [ 139.23380562, 35.299105497 ], [ 139.23386969399999, 35.298852969 ], [ 139.233908488999987, 35.298755619 ], [ 139.234003691, 35.298498467 ], [ 139.234146779000014, 35.298191713 ], [ 139.234200705, 35.29810458 ], [ 139.234258215000011, 35.298047111 ], [ 139.234330863, 35.298002211 ], [ 139.234414772, 35.297977657 ], [ 139.23448142399999, 35.297971741 ], [ 139.234538406000013, 35.297986067 ], [ 139.234707208, 35.298063378 ], [ 139.235185962, 35.298432532 ], [ 139.23532605, 35.298456823 ] ] ] } },
{ "type": "Feature", "properties": { "A29_001": "14206", "A29_002": "神奈川県", "A29_003": "小田原市", "A29_004": 11, "A29_005": "工業地域", "A29_006": 60, "A29_007": 200, "A29_008": null }, "geometry": { "type": "Polygon", "coordinates": [ [ [ 139.152975722, 35.298436283 ], [ 139.152962511999988, 35.298434586 ], [ 139.15291482399999, 35.298428083 ], [ 139.15291022299999, 35.298448416 ], [ 139.152746404, 35.299040764 ], [ 139.152687114, 35.299227616 ], [ 139.15193536000001, 35.299149315 ], [ 139.151934576, 35.299164112 ], [ 139.15188511299999, 35.299160886 ], [ 139.15080184199999, 35.299074588 ], [ 139.150642928, 35.299065199 ], [ 139.150593031, 35.299061385 ], [ 139.150551791999987, 35.299058231 ], [ 139.150339034000012, 35.299039704 ], [ 139.149791821, 35.298993823 ], [ 139.149831514, 35.298694401 ], [ 139.149968511, 35.298217447 ], [ 139.14997320399999, 35.298200807 ], [ 139.15047004199999, 35.29643781 ], [ 139.14900226099999, 35.296296592 ], [ 139.14870632099999, 35.297544855 ], [ 139.148700545, 35.297597356 ], [ 139.148558008, 35.298173784 ], [ 139.148535998, 35.2982519 ], [ 139.14849681199999, 35.298390099 ], [ 139.148462134, 35.298469722 ], [ 139.148367603, 35.298682866 ], [ 139.148338999, 35.298767039 ], [ 139.148307635, 35.298925483 ], [ 139.148264872, 35.299173848 ], [ 139.148209799999989, 35.299419755 ], [ 139.148331074999987, 35.299716374 ], [ 139.148323393999988, 35.299761483 ], [ 139.14824701399999, 35.299996975 ], [ 139.148514919, 35.300054343 ], [ 139.148826374, 35.300108055 ], [ 139.149336406, 35.300196006 ], [ 139.149834504000012, 35.300271404 ], [ 139.149741549, 35.300675268 ], [ 139.149594954, 35.301308146 ], [ 139.15026557499999, 35.301408192 ], [ 139.150960363, 35.301508601 ], [ 139.151639523, 35.301615658 ], [ 139.151686832, 35.301625523 ], [ 139.152366027999989, 35.301767192 ], [ 139.152631184, 35.301306449 ], [ 139.152780889000013, 35.301004981 ], [ 139.152863706, 35.300818675 ], [ 139.152927835000014, 35.300622574 ], [ 139.152913678, 35.300613928 ], [ 139.152989639999987, 35.300433581 ], [ 139.153127727, 35.300041254 ], [ 139.153374495, 35.299341076 ], [ 139.153467428, 35.299075503 ], [ 139.15355539399999, 35.298877958 ], [ 139.153667576, 35.298558679 ], [ 139.153668567000011, 35.29855353 ], [ 139.153669138, 35.298550558 ], [ 139.15367405, 35.298526651 ], [ 139.153635933, 35.298521682 ], [ 139.15362802300001, 35.298520651 ], [ 139.153320826999988, 35.298480604 ], [ 139.152975722, 35.298436283 ] ] ] } },
{ "type": "Feature", "properties": { "A29_001": "14206", "A29_002": "神奈川県", "A29_003": "小田原市", "A29_004": 3, "A29_005": "第一種中高層住居専用地域", "A29_006": 60, "A29_007": 150, "A29_008": null }, "geometry": { "type": "Polygon", "coordinates": [ [ [ 139.232490552, 35.290808658 ], [ 139.232356990999989, 35.291042587 ], [ 139.23233590000001, 35.291176811 ], [ 139.232406348000012, 35.291321694 ], [ 139.232283024999987, 35.291382737 ], [ 139.232226923000013, 35.291413621 ], [ 139.232074194, 35.291524592 ], [ 139.232039011000012, 35.291547024 ], [ 139.231921731, 35.291605421 ], [ 139.231885073, 35.29162662 ], [ 139.23186557, 35.291644245 ], [ 139.231857235, 35.291663755 ], [ 139.231859291, 35.291687598 ], [ 139.23192166699999, 35.291816225 ], [ 139.231899841, 35.291846052 ], [ 139.231963596000014, 35.291917698 ], [ 139.23192836699999, 35.291937516 ], [ 139.23189012899999, 35.291971544 ], [ 139.231833931000011, 35.292027386 ], [ 139.231731857, 35.292130136 ], [ 139.231684543, 35.292181227 ], [ 139.231664236, 35.292208015 ], [ 139.231654397, 35.292228744 ], [ 139.231629453000011, 35.292296757 ], [ 139.231598431, 35.292361369 ], [ 139.231550875000011, 35.292448345 ], [ 139.231509542999987, 35.29249641 ], [ 139.231432358, 35.292557736 ], [ 139.231432046, 35.292599894 ], [ 139.23158991, 35.292709192 ], [ 139.23136169599999, 35.292946876 ], [ 139.231421479, 35.293122868 ], [ 139.231330050999986, 35.293300605 ], [ 139.231374893, 35.293397802 ], [ 139.231457909999989, 35.293439878 ], [ 139.231622982, 35.293533572 ], [ 139.231664556999988, 35.293552276 ], [ 139.231652897, 35.29407291 ], [ 139.231708604, 35.294095795 ], [ 139.231725794999988, 35.294285114 ], [ 139.23180238, 35.294305047 ], [ 139.231879765, 35.294317655 ], [ 139.23190202699999, 35.294329989 ], [ 139.231910000999989, 35.294359351 ], [ 139.231922102, 35.294435797 ], [ 139.232042388999986, 35.294490164 ], [ 139.232122448000013, 35.29452496 ], [ 139.231885349, 35.294884166 ], [ 139.231850479, 35.294965264 ], [ 139.231831526, 35.295028711 ], [ 139.231830613999989, 35.295031762 ], [ 139.231825264, 35.295055831 ], [ 139.23182065099999, 35.295076576 ], [ 139.23181508, 35.295123566 ], [ 139.23179453, 35.295383765 ], [ 139.231789899, 35.295407845 ], [ 139.231783154999988, 35.29543215 ], [ 139.231752445000012, 35.295554202 ], [ 139.231676133, 35.295798844 ], [ 139.231608391, 35.29600713 ], [ 139.23158908799999, 35.296101628 ], [ 139.231569291999989, 35.296163123 ], [ 139.231520894, 35.296262354 ], [ 139.231456815, 35.296363471 ], [ 139.231358422, 35.296488034 ], [ 139.231198052, 35.296637402 ], [ 139.231061847, 35.296741053 ], [ 139.231031164, 35.296759848 ], [ 139.230969297, 35.296786276 ], [ 139.230883404999986, 35.296815793 ], [ 139.230781879, 35.296842168 ], [ 139.23074839200001, 35.296847454 ], [ 139.230725285, 35.296849782 ], [ 139.230628402, 35.296853572 ], [ 139.23052996199999, 35.296874436 ], [ 139.230253674000011, 35.296888292 ], [ 139.230103043000014, 35.296929637 ], [ 139.230053007, 35.296954366 ], [ 139.22999461500001, 35.296992574 ], [ 139.22971128, 35.297250605 ], [ 139.229646906, 35.297302042 ], [ 139.22956534799999, 35.297357757 ], [ 139.229523519, 35.297381932 ], [ 139.229431576, 35.297423641 ], [ 139.22913574399999, 35.297535502 ], [ 139.229077901000011, 35.297557374 ], [ 139.228931275, 35.297612818 ], [ 139.22871640299999, 35.297694692 ], [ 139.22856538100001, 35.297766041 ], [ 139.22850354799999, 35.297798002 ], [ 139.228453398, 35.297830752 ], [ 139.228419695000014, 35.297862872 ], [ 139.228380869, 35.297923109 ], [ 139.228366056999988, 35.29795881 ], [ 139.228351213, 35.297998982 ], [ 139.228317565, 35.298122535 ], [ 139.228297287, 35.298159699 ], [ 139.228266168, 35.298187865 ], [ 139.22820222199999, 35.298229282 ], [ 139.228138365, 35.298258775 ], [ 139.22806548299999, 35.298279279 ], [ 139.227987202, 35.298292303 ], [ 139.22790527399999, 35.298306798 ], [ 139.227850596, 35.298324412 ], [ 139.227806816, 35.298343571 ], [ 139.227761117999989, 35.298376136 ], [ 139.227715353, 35.298417644 ], [ 139.227612714, 35.298527436 ], [ 139.227533955000013, 35.298604553 ], [ 139.227491893, 35.298637137 ], [ 139.22741469499999, 35.298680019 ], [ 139.227398391, 35.298687122 ], [ 139.227316072, 35.298710101 ], [ 139.227239682, 35.298737617 ], [ 139.22717418900001, 35.298761834 ], [ 139.227086931, 35.298810335 ], [ 139.22704601, 35.298822957 ], [ 139.226986071999988, 35.298833816 ], [ 139.226946543, 35.298844218 ], [ 139.226900793999988, 35.298865749 ], [ 139.226841885999988, 35.298921242 ], [ 139.22683019499999, 35.298937922 ], [ 139.226795167, 35.299078737 ], [ 139.226745725, 35.299240445 ], [ 139.22670728599999, 35.299286008 ], [ 139.22666687099999, 35.299328172 ], [ 139.22666066299999, 35.299339291 ], [ 139.22664999, 35.299402282 ], [ 139.226632411999987, 35.299481275 ], [ 139.22659807299999, 35.299619821 ], [ 139.226541335, 35.299840941 ], [ 139.226511891, 35.2999628 ], [ 139.226509711, 35.300075267 ], [ 139.226507876999989, 35.300138302 ], [ 139.226482456000014, 35.300189736 ], [ 139.226705317000011, 35.300286457 ], [ 139.22745244, 35.300578772 ], [ 139.22751676199999, 35.300397604 ], [ 139.227547635, 35.300324113 ], [ 139.227609481, 35.300191799 ], [ 139.227645999, 35.300116289 ], [ 139.227682772, 35.300061145 ], [ 139.22776562300001, 35.299938769 ], [ 139.227858965, 35.299829255 ], [ 139.22788432199999, 35.299805451 ], [ 139.227945855, 35.299744696 ], [ 139.228038887999986, 35.299661871 ], [ 139.22809612, 35.299613022 ], [ 139.22816718199999, 35.299563142 ], [ 139.228213649999987, 35.2995348 ], [ 139.22836411, 35.299438984 ], [ 139.228483582, 35.299354598 ], [ 139.22866583699999, 35.299239939 ], [ 139.228855517999989, 35.299111463 ], [ 139.229056125, 35.298992091 ], [ 139.22916716200001, 35.298927699 ], [ 139.229249871, 35.298872648 ], [ 139.22932200599999, 35.298828992 ], [ 139.229409471999986, 35.29877008 ], [ 139.22941069, 35.298769257 ], [ 139.229504327, 35.298690262 ], [ 139.22964821299999, 35.298584706 ], [ 139.229836707, 35.298457012 ], [ 139.229889057, 35.298431286 ], [ 139.230170496, 35.298292973 ], [ 139.230196352, 35.298280266 ], [ 139.230790520999989, 35.298102198 ], [ 139.230927861999987, 35.298056369 ], [ 139.231400810999986, 35.297897443 ], [ 139.231583637, 35.297836841 ], [ 139.231755012, 35.297781319 ], [ 139.231878309, 35.297737294 ], [ 139.231924478, 35.297716431 ], [ 139.231955626, 35.297695838 ], [ 139.231959297, 35.297689317 ], [ 139.231966435, 35.297669674 ], [ 139.231967035, 35.297665838 ], [ 139.23197266, 35.29762184 ], [ 139.23198209899999, 35.297542454 ], [ 139.232007347, 35.297356195 ], [ 139.232014600000014, 35.297307627 ], [ 139.232035007, 35.297170875 ], [ 139.232045626, 35.297095337 ], [ 139.23205267099999, 35.297045279 ], [ 139.232057532999988, 35.297010744 ], [ 139.23207329499999, 35.296888095 ], [ 139.232073375999988, 35.296887482 ], [ 139.23207924499999, 35.296841782 ], [ 139.232093256000013, 35.296713419 ], [ 139.23210790499999, 35.296616293 ], [ 139.232116045, 35.296562293 ], [ 139.232125553, 35.296480907 ], [ 139.232157734, 35.296268514 ], [ 139.23216771700001, 35.296194187 ], [ 139.232173313, 35.296151119 ], [ 139.232206366000014, 35.29592045 ], [ 139.232215833999987, 35.295820602 ], [ 139.232226133000012, 35.295734794 ], [ 139.23222915299999, 35.295710038 ], [ 139.232247725, 35.295602753 ], [ 139.232272007, 35.295526173 ], [ 139.232296549000012, 35.295460538 ], [ 139.232302011, 35.295445944 ], [ 139.23234746599999, 35.295329724 ], [ 139.232364608000012, 35.295286434 ], [ 139.232525401, 35.294910902 ], [ 139.232716361, 35.294483471 ], [ 139.232764612000011, 35.294375496 ], [ 139.23293069499999, 35.293987397 ], [ 139.232989411, 35.293848402 ], [ 139.23315341, 35.293481729 ], [ 139.233454536000011, 35.292788088 ], [ 139.23358235500001, 35.292523165 ], [ 139.233687088000011, 35.292362314 ], [ 139.23362300299999, 35.292361996 ], [ 139.233551455, 35.292365914 ], [ 139.233411131, 35.292373665 ], [ 139.233444666999986, 35.292014148 ], [ 139.23347298199999, 35.291809389 ], [ 139.23352083, 35.291383123 ], [ 139.233532981, 35.291351407 ], [ 139.233557702000013, 35.291310408 ], [ 139.23352501, 35.291296373 ], [ 139.23337382599999, 35.291229495 ], [ 139.233268869, 35.291182416 ], [ 139.23312140499999, 35.291113619 ], [ 139.23297523799999, 35.291044855 ], [ 139.232861969, 35.290992065 ], [ 139.23267381299999, 35.290901224 ], [ 139.232490552, 35.290808658 ] ] ] } },
{ "type": "Feature", "properties": { "A29_001": "14206", "A29_002": "神奈川県", "A29_003": "小田原市", "A29_004": 3, "A29_005": "第一種中高層住居専用地域", "A29_006": 60, "A29_007": 150, "A29_008": null }, "geometry": { "type": "Polygon", "coordinates": [ [ [ 139.185936965, 35.297218177 ], [ 139.185074877, 35.297055002 ], [ 139.185026923, 35.297039673 ], [ 139.184974114999989, 35.297030152 ], [ 139.184764296999987, 35.296990698 ], [ 139.184606788, 35.296963317 ], [ 139.18460297199999, 35.296958182 ], [ 139.184593575, 35.296945536 ], [ 139.18458950499999, 35.296940058 ], [ 139.184606892, 35.29687851 ], [ 139.184621228, 35.296827766 ], [ 139.18463276899999, 35.296797923 ], [ 139.184650619, 35.29675 ], [ 139.18468575599999, 35.296660472 ], [ 139.184761796, 35.296467125 ], [ 139.184817348, 35.296330109 ], [ 139.184884907, 35.296169149 ], [ 139.184868666, 35.296165755 ], [ 139.184659411000013, 35.296127134 ], [ 139.184439836, 35.296086565 ], [ 139.18424755, 35.296058437 ], [ 139.184254087, 35.296008155 ], [ 139.18410959900001, 35.295997626 ], [ 139.183951887, 35.295989388 ], [ 139.18361902800001, 35.295972718 ], [ 139.18359821199999, 35.295692412 ], [ 139.183507109, 35.295686893 ], [ 139.183304974, 35.295891039 ], [ 139.183252899, 35.295936768 ], [ 139.183211433, 35.295970329 ], [ 139.183103022000012, 35.296047376 ], [ 139.183076585, 35.29606592 ], [ 139.183061855, 35.296080714 ], [ 139.182901668, 35.296274648 ], [ 139.18274163000001, 35.296451329 ], [ 139.182686931, 35.296501991 ], [ 139.182431337, 35.296744267 ], [ 139.182163675999988, 35.297018522 ], [ 139.18178746699999, 35.297391978 ], [ 139.181607265, 35.297567828 ], [ 139.181402799000011, 35.29774617 ], [ 139.181105014, 35.297985015 ], [ 139.180693402, 35.298309024 ], [ 139.180492095, 35.298201724 ], [ 139.180479025000011, 35.298193027 ], [ 139.180458913, 35.298186447 ], [ 139.180434424, 35.298181285 ], [ 139.180178874, 35.298134627 ], [ 139.180151994, 35.298128803 ], [ 139.179762704000012, 35.298040444 ], [ 139.17951375199999, 35.297978785 ], [ 139.179476125, 35.29797211 ], [ 139.17944234, 35.29796906 ], [ 139.179419547, 35.297970379 ], [ 139.179391471, 35.297973815 ], [ 139.179370403, 35.297978019 ], [ 139.179257992, 35.298007599 ], [ 139.179242203, 35.298008947 ], [ 139.17921854799999, 35.298008107 ], [ 139.179205422, 35.298005161 ], [ 139.179040313, 35.297938852 ], [ 139.17901172399999, 35.297930828 ], [ 139.178981958, 35.297927071 ], [ 139.17895916, 35.297927668 ], [ 139.178938966, 35.297932589 ], [ 139.17890818699999, 35.297945358 ], [ 139.178840498999989, 35.29797015 ], [ 139.178787817999989, 35.2979828 ], [ 139.178752715, 35.297987649 ], [ 139.178728422, 35.297988202 ], [ 139.178698655, 35.297984445 ], [ 139.178675048, 35.297976412 ], [ 139.17864621199999, 35.297966196 ], [ 139.17861034, 35.297958808 ], [ 139.17849385400001, 35.297949551 ], [ 139.17845708499999, 35.297944322 ], [ 139.178424736000011, 35.297934808 ], [ 139.178398547, 35.29792101 ], [ 139.17834885900001, 35.29788839 ], [ 139.178307036, 35.297857975 ], [ 139.178267116, 35.297824803 ], [ 139.178193850000014, 35.297811868 ], [ 139.178180895, 35.297812221 ], [ 139.17817154, 35.297816002 ], [ 139.178162441000012, 35.297827571 ], [ 139.178155100999987, 35.297839421 ], [ 139.178103517000011, 35.2979411 ], [ 139.178067047000013, 35.298096387 ], [ 139.17799957, 35.298370455 ], [ 139.17795161399999, 35.298555318 ], [ 139.177910075, 35.298696984 ], [ 139.177855454, 35.298789298 ], [ 139.178612563, 35.298896366 ], [ 139.178792926999989, 35.298971408 ], [ 139.17925752, 35.299066153 ], [ 139.179243152, 35.299224674 ], [ 139.179235428999988, 35.299319161 ], [ 139.17903571299999, 35.299303916 ], [ 139.17901363199999, 35.299532364 ], [ 139.178995402999988, 35.299705597 ], [ 139.178963256, 35.300039864 ], [ 139.178960504, 35.300100343 ], [ 139.178988709, 35.300104263 ], [ 139.17905123599999, 35.300116978 ], [ 139.179740508, 35.300221131 ], [ 139.179816474, 35.300077757 ], [ 139.179889588, 35.299906164 ], [ 139.179926486999989, 35.299822938 ], [ 139.180016137, 35.299576147 ], [ 139.180033148, 35.299522632 ], [ 139.18005743, 35.299416785 ], [ 139.180069995, 35.299356909 ], [ 139.180074080999987, 35.299317882 ], [ 139.180072174, 35.299273252 ], [ 139.180061505999987, 35.299191527 ], [ 139.18005724, 35.299158656 ], [ 139.18005595299999, 35.299131382 ], [ 139.180058339999988, 35.299103875 ], [ 139.180154902999988, 35.298842293 ], [ 139.180180525999987, 35.298773127 ], [ 139.180219719, 35.298701845 ], [ 139.180242779, 35.298714849 ], [ 139.180647357, 35.298902976 ], [ 139.180849061, 35.298980305 ], [ 139.18092717, 35.299006606 ], [ 139.181035207, 35.299035736 ], [ 139.181166322, 35.299078801 ], [ 139.181382324, 35.299161218 ], [ 139.181502993, 35.29921251 ], [ 139.181566978, 35.299243656 ], [ 139.181615775000012, 35.299268473 ], [ 139.181656944, 35.299294142 ], [ 139.181762537, 35.299359405 ], [ 139.18182488799999, 35.299387378 ], [ 139.181870788999987, 35.299405816 ], [ 139.181970124, 35.299441172 ], [ 139.182167437, 35.299523362 ], [ 139.182487702, 35.299689277 ], [ 139.182606932, 35.299743381 ], [ 139.182843617, 35.299842674 ], [ 139.18297334499999, 35.299890245 ], [ 139.183110711000012, 35.29993563 ], [ 139.18350732499999, 35.300073568 ], [ 139.183592401, 35.30006612 ], [ 139.183806358, 35.300052892 ], [ 139.183968263999986, 35.300037996 ], [ 139.18401212, 35.300033201 ], [ 139.184359698, 35.299971094 ], [ 139.18444504199999, 35.299954975 ], [ 139.184581248, 35.29955063 ], [ 139.18470982299999, 35.299239847 ], [ 139.18477260899999, 35.299060487 ], [ 139.18479466299999, 35.29893266 ], [ 139.184800423000013, 35.29886943 ], [ 139.184817877, 35.298529773 ], [ 139.185123194, 35.298536611 ], [ 139.185444518, 35.298543813 ], [ 139.18545234699999, 35.298543959 ], [ 139.185468312000012, 35.298416505 ], [ 139.185530631, 35.298393477 ], [ 139.18555259499999, 35.298104548 ], [ 139.185716267, 35.298104831 ], [ 139.185936965, 35.297218177 ] ] ] } },
{ "type": "Feature", "properties": { "A29_001": "14206", "A29_002": "神奈川県", "A29_003": "小田原市", "A29_004": 1, "A29_005": "第一種低層住居専用地域", "A29_006": 60, "A29_007": 100, "A29_008": null }, "geometry": { "type": "Polygon", "coordinates": [ [ [ 139.13459288199999, 35.294691916 ], [ 139.13458689699999, 35.294719113 ], [ 139.13456450699999, 35.294816966 ], [ 139.13456677100001, 35.294847717 ], [ 139.134553393, 35.294907583 ], [ 139.134537040999987, 35.294980864 ], [ 139.13446916699999, 35.295279198 ], [ 139.134425378, 35.29548735 ], [ 139.13440203499999, 35.295631981 ], [ 139.134378164, 35.295799595 ], [ 139.134361438000013, 35.295929031 ], [ 139.13434340399999, 35.296082796 ], [ 139.134331343000014, 35.296194051 ], [ 139.134315931, 35.296362344 ], [ 139.134305899, 35.296506151 ], [ 139.134295224999988, 35.29664788 ], [ 139.134281785000013, 35.296816997 ], [ 139.134269971, 35.296963497 ], [ 139.134259337, 35.29710054 ], [ 139.13424809899999, 35.297243889 ], [ 139.13423733499999, 35.297383184 ], [ 139.134225671, 35.297524908 ], [ 139.134216443000014, 35.297639063 ], [ 139.134206067, 35.2977844 ], [ 139.134195764, 35.297908464 ], [ 139.134186707, 35.298015408 ], [ 139.134185236, 35.298033067 ], [ 139.134183105, 35.298050723 ], [ 139.13418031399999, 35.298068284 ], [ 139.134176867, 35.298085751 ], [ 139.134150311000013, 35.298256045 ], [ 139.13531875000001, 35.298332554 ], [ 139.135478842, 35.298342609 ], [ 139.135588576, 35.298343675 ], [ 139.135719677, 35.298337977 ], [ 139.13579574100001, 35.298331691 ], [ 139.13603791599999, 35.298322 ], [ 139.136142793, 35.298323984 ], [ 139.136373631999987, 35.298334906 ], [ 139.13658855599999, 35.298352793 ], [ 139.136639312999989, 35.298360125 ], [ 139.13672560399999, 35.298367708 ], [ 139.137111925999989, 35.298401779 ], [ 139.137312044999987, 35.298413901 ], [ 139.1375113, 35.298422881 ], [ 139.137530235000014, 35.298481788 ], [ 139.13757068699999, 35.298548608 ], [ 139.13776397399999, 35.298572742 ], [ 139.13791516500001, 35.298581039 ], [ 139.13801660499999, 35.298583749 ], [ 139.138043823, 35.298583194 ], [ 139.138181158, 35.298563467 ], [ 139.138276181, 35.298540045 ], [ 139.138787904999987, 35.298374584 ], [ 139.138839039, 35.298445459 ], [ 139.138910767999988, 35.298427594 ], [ 139.139124619, 35.298365717 ], [ 139.139184250999989, 35.298337044 ], [ 139.139428239000011, 35.298261836 ], [ 139.13961694599999, 35.298203662 ], [ 139.13964163899999, 35.298197647 ], [ 139.139682040999986, 35.298254113 ], [ 139.13970703699999, 35.298279496 ], [ 139.139810176999987, 35.298372986 ], [ 139.140068689, 35.298572408 ], [ 139.140097215999987, 35.2985704 ], [ 139.140547786000013, 35.298543794 ], [ 139.14062963399999, 35.298536087 ], [ 139.14074134399999, 35.298520799 ], [ 139.140841423000012, 35.298511754 ], [ 139.14090826899999, 35.298498147 ], [ 139.14150837299999, 35.298428837 ], [ 139.141593102, 35.298417279 ], [ 139.141901912, 35.298379996 ], [ 139.14189272199999, 35.298660101 ], [ 139.141889252999988, 35.298765582 ], [ 139.141888088, 35.298876683 ], [ 139.14213699699999, 35.298888616 ], [ 139.142367298000011, 35.298899658 ], [ 139.14236867, 35.298566244 ], [ 139.142348809999987, 35.298221171 ], [ 139.142329499, 35.297815473 ], [ 139.142297361, 35.296970779 ], [ 139.142247671, 35.295992179 ], [ 139.142226727, 35.295505714 ], [ 139.14118348, 35.295558998 ], [ 139.141028103999986, 35.295565131 ], [ 139.140858831, 35.295566073 ], [ 139.1407096, 35.295561946 ], [ 139.140578440000013, 35.29555447 ], [ 139.139493453999989, 35.295476517 ], [ 139.13949705600001, 35.295446115 ], [ 139.138140248000013, 35.29534373 ], [ 139.137988817, 35.295328257 ], [ 139.13739582299999, 35.295246144 ], [ 139.137228311, 35.295219914 ], [ 139.136932687000012, 35.29516045 ], [ 139.136381832000012, 35.295040572 ], [ 139.13588307500001, 35.294948547 ], [ 139.135490377, 35.294879218 ], [ 139.13459288199999, 35.294691916 ] ] ] } },
{ "type": "Feature", "properties": { "A29_001": "14206", "A29_002": "神奈川県", "A29_003": "小田原市", "A29_004": 1, "A29_005": "第一種低層住居専用地域", "A29_006": 60, "A29_007": 100, "A29_008": null }, "geometry": { "type": "Polygon", "coordinates": [ [ [ 139.184764296999987, 35.296990698 ], [ 139.185026923, 35.297039673 ], [ 139.185288966, 35.295941125 ], [ 139.185040863000012, 35.295817566 ], [ 139.185050286, 35.295775879 ], [ 139.185050631, 35.295732654 ], [ 139.185052687, 35.295702852 ], [ 139.185045710999987, 35.29566555 ], [ 139.18503690599999, 35.295629727 ], [ 139.185002672, 35.295590788 ], [ 139.18490710899999, 35.295490405 ], [ 139.18465315099999, 35.295244041 ], [ 139.18422578900001, 35.294862322 ], [ 139.18450121, 35.294635597 ], [ 139.184665913, 35.294498691 ], [ 139.184798996000012, 35.294325261 ], [ 139.18482375799999, 35.294289103 ], [ 139.185043521000011, 35.294403417 ], [ 139.18541178800001, 35.294610533 ], [ 139.185723136, 35.294802461 ], [ 139.18595746, 35.294960768 ], [ 139.18619854799999, 35.295168608 ], [ 139.186232179, 35.295195118 ], [ 139.186241525000014, 35.295203461 ], [ 139.186531229, 35.295386942 ], [ 139.186808199000012, 35.295546098 ], [ 139.187009397, 35.295654403 ], [ 139.18700868799999, 35.295587931 ], [ 139.187008322999986, 35.295546626 ], [ 139.18699887, 35.295350014 ], [ 139.186993854, 35.295199578 ], [ 139.186991288, 35.295175235 ], [ 139.18698892, 35.29515358 ], [ 139.18697378499999, 35.295004974 ], [ 139.186965558999987, 35.294829578 ], [ 139.187003026000014, 35.294824469 ], [ 139.18713255099999, 35.294818049 ], [ 139.18713306399999, 35.294753529 ], [ 139.187126591, 35.294480764 ], [ 139.187112136, 35.294247978 ], [ 139.187484425, 35.29425378 ], [ 139.187618836000013, 35.293497817 ], [ 139.18781731199999, 35.29238147 ], [ 139.18800490699999, 35.292369364 ], [ 139.188057405, 35.292365345 ], [ 139.18805462899999, 35.292318853 ], [ 139.18805571199999, 35.292049454 ], [ 139.188053817, 35.292023628 ], [ 139.188049874, 35.291992625 ], [ 139.188042708000012, 35.291970205 ], [ 139.18802929200001, 35.291942776 ], [ 139.187980417, 35.291865841 ], [ 139.187983906, 35.291568989 ], [ 139.187993852, 35.29072314 ], [ 139.18789359199999, 35.290729158 ], [ 139.186726885000013, 35.290817746 ], [ 139.18595409, 35.290879839 ], [ 139.185323567000012, 35.290928636 ], [ 139.185179737, 35.2909388 ], [ 139.184478360000014, 35.291634408 ], [ 139.183998374, 35.292101918 ], [ 139.183843002, 35.292257361 ], [ 139.183819104, 35.292287087 ], [ 139.184005721, 35.292368639 ], [ 139.184145309, 35.29242753 ], [ 139.18434377, 35.292497769 ], [ 139.184240480999989, 35.292753423 ], [ 139.1842083, 35.29283188 ], [ 139.18418237099999, 35.292887484 ], [ 139.184119611, 35.292996642 ], [ 139.184015388, 35.293140605 ], [ 139.183922978999988, 35.293249333 ], [ 139.183905874, 35.293264178 ], [ 139.183769179, 35.293360489 ], [ 139.183490119, 35.293527752 ], [ 139.18366653699999, 35.29379211 ], [ 139.18378725, 35.293963639 ], [ 139.183706331, 35.293982693 ], [ 139.183550311, 35.294008203 ], [ 139.18332497899999, 35.294040813 ], [ 139.182797219, 35.29412946 ], [ 139.182769553000014, 35.294131249 ], [ 139.182729533000014, 35.294127059 ], [ 139.182674483999989, 35.294122778 ], [ 139.182624148, 35.294119019 ], [ 139.182412997, 35.294117387 ], [ 139.18206613800001, 35.294137866 ], [ 139.18197662, 35.294137807 ], [ 139.18194345500001, 35.294152133 ], [ 139.181713927, 35.294274705 ], [ 139.181642506, 35.294328071 ], [ 139.181551148000011, 35.294458779 ], [ 139.181509761, 35.294487834 ], [ 139.181177306, 35.294650657 ], [ 139.181154744, 35.294664471 ], [ 139.181131549000014, 35.294681762 ], [ 139.181095898, 35.294749554 ], [ 139.180952737000013, 35.294915272 ], [ 139.180847605, 35.295009768 ], [ 139.18067065599999, 35.295220536 ], [ 139.18057189000001, 35.295364292 ], [ 139.18043379299999, 35.295535671 ], [ 139.18030299599999, 35.295704186 ], [ 139.180220687, 35.295786545 ], [ 139.18015552899999, 35.295833364 ], [ 139.18012808099999, 35.295858546 ], [ 139.18007628399999, 35.295921545 ], [ 139.179933061000014, 35.296120217 ], [ 139.179908522, 35.296158403 ], [ 139.17987579199999, 35.296241508 ], [ 139.17985348799999, 35.296310742 ], [ 139.179833264, 35.296416395 ], [ 139.179825125, 35.296449613 ], [ 139.17980345, 35.296511783 ], [ 139.179786245, 35.296542969 ], [ 139.17976179499999, 35.296572629 ], [ 139.179738711999988, 35.296595147 ], [ 139.179474937, 35.296829377 ], [ 139.179361516, 35.296938393 ], [ 139.17925911399999, 35.297023744 ], [ 139.17914414399999, 35.297124134 ], [ 139.179103258999987, 35.297161664 ], [ 139.179034926000014, 35.297229801 ], [ 139.178951923, 35.297326939 ], [ 139.178943306, 35.297344272 ], [ 139.178931690000013, 35.297358613 ], [ 139.178841580000011, 35.297431473 ], [ 139.178739893999989, 35.297504415 ], [ 139.178581169000012, 35.297612095 ], [ 139.178267116, 35.297824803 ], [ 139.178307036, 35.297857975 ], [ 139.17834885900001, 35.29788839 ], [ 139.178398547, 35.29792101 ], [ 139.178424736000011, 35.297934808 ], [ 139.17845708499999, 35.297944322 ], [ 139.17849385400001, 35.297949551 ], [ 139.17861034, 35.297958808 ], [ 139.17864621199999, 35.297966196 ], [ 139.178675048, 35.297976412 ], [ 139.178698655, 35.297984445 ], [ 139.178728422, 35.297988202 ], [ 139.178752715, 35.297987649 ], [ 139.178787817999989, 35.2979828 ], [ 139.178840498999989, 35.29797015 ], [ 139.17890818699999, 35.297945358 ], [ 139.178938966, 35.297932589 ], [ 139.17895916, 35.297927668 ], [ 139.178981958, 35.297927071 ], [ 139.17901172399999, 35.297930828 ], [ 139.179040313, 35.297938852 ], [ 139.179205422, 35.298005161 ], [ 139.17921854799999, 35.298008107 ], [ 139.179242203, 35.298008947 ], [ 139.179257992, 35.298007599 ], [ 139.179370403, 35.297978019 ], [ 139.179391471, 35.297973815 ], [ 139.179419547, 35.297970379 ], [ 139.17944234, 35.29796906 ], [ 139.179476125, 35.29797211 ], [ 139.17951375199999, 35.297978785 ], [ 139.179762704000012, 35.298040444 ], [ 139.180151994, 35.298128803 ], [ 139.180178874, 35.298134627 ], [ 139.180434424, 35.298181285 ], [ 139.180458913, 35.298186447 ], [ 139.180479025000011, 35.298193027 ], [ 139.180492095, 35.298201724 ], [ 139.180693402, 35.298309024 ], [ 139.181105014, 35.297985015 ], [ 139.181402799000011, 35.29774617 ], [ 139.181607265, 35.297567828 ], [ 139.18178746699999, 35.297391978 ], [ 139.182163675999988, 35.297018522 ], [ 139.182431337, 35.296744267 ], [ 139.182686931, 35.296501991 ], [ 139.18274163000001, 35.296451329 ], [ 139.182901668, 35.296274648 ], [ 139.183061855, 35.296080714 ], [ 139.183076585, 35.29606592 ], [ 139.183103022000012, 35.296047376 ], [ 139.183211433, 35.295970329 ], [ 139.183252899, 35.295936768 ], [ 139.183304974, 35.295891039 ], [ 139.183507109, 35.295686893 ], [ 139.18359821199999, 35.295692412 ], [ 139.18361902800001, 35.295972718 ], [ 139.183951887, 35.295989388 ], [ 139.18410959900001, 35.295997626 ], [ 139.184254087, 35.296008155 ], [ 139.18424755, 35.296058437 ], [ 139.184439836, 35.296086565 ], [ 139.184659411000013, 35.296127134 ], [ 139.184868666, 35.296165755 ], [ 139.184884907, 35.296169149 ], [ 139.184817348, 35.296330109 ], [ 139.184761796, 35.296467125 ], [ 139.18468575599999, 35.296660472 ], [ 139.184650619, 35.29675 ], [ 139.18463276899999, 35.296797923 ], [ 139.184621228, 35.296827766 ], [ 139.184606892, 35.29687851 ], [ 139.18458950499999, 35.296940058 ], [ 139.184593575, 35.296945536 ], [ 139.18460297199999, 35.296958182 ], [ 139.184606788, 35.296963317 ], [ 139.184764296999987, 35.296990698 ] ] ] } },
{ "type": "Feature", "properties": { "A29_001": "14206", "A29_002": "神奈川県", "A29_003": "小田原市", "A29_004": 12, "A29_005": "工業専用地域", "A29_006": 60, "A29_007": 200, "A29_008": null }, "geometry": { "type": "Polygon", "coordinates": [ [ [ 139.231520894999989, 35.296262354 ], [ 139.231569291999989, 35.296163124 ], [ 139.23158908799999, 35.296101629 ], [ 139.231608392, 35.296007131 ], [ 139.231676134, 35.295798845 ], [ 139.231752446, 35.295554202 ], [ 139.231783156, 35.29543215 ], [ 139.231789899, 35.295407845 ], [ 139.23179453, 35.295383765 ], [ 139.231815081, 35.295123566 ], [ 139.23182065099999, 35.295076576 ], [ 139.231825265, 35.295055832 ], [ 139.231785699, 35.295055635 ], [ 139.231638175, 35.295054901 ], [ 139.23155573599999, 35.295054491 ], [ 139.231463993, 35.295054034 ], [ 139.231370822, 35.295062824 ], [ 139.231353313999989, 35.29506717 ], [ 139.23129101, 35.295093044 ], [ 139.231253638, 35.295111096 ], [ 139.231218893, 35.295128466 ], [ 139.23117312799999, 35.295174439 ], [ 139.231074783999986, 35.295273224 ], [ 139.230919553, 35.295418908 ], [ 139.230837041, 35.295493557 ], [ 139.230729059, 35.295591246 ], [ 139.230654918999988, 35.295546782 ], [ 139.230571047000012, 35.295496483 ], [ 139.23048544299999, 35.295445143 ], [ 139.230333881, 35.295341444 ], [ 139.23026500200001, 35.295285334 ], [ 139.230136165, 35.295178414 ], [ 139.230063556, 35.295118159 ], [ 139.229960756, 35.295024309 ], [ 139.22987251, 35.294943747 ], [ 139.22976213199999, 35.294842977 ], [ 139.229606557000011, 35.294700947 ], [ 139.229433212, 35.294515028 ], [ 139.229354277, 35.294428565 ], [ 139.229194282, 35.294251698 ], [ 139.229029639, 35.294069691 ], [ 139.228947702, 35.293979113 ], [ 139.228786715000012, 35.294063721 ], [ 139.22864523199999, 35.294118857 ], [ 139.228519293, 35.294183444 ], [ 139.228461388, 35.294221148 ], [ 139.228453753999986, 35.294298398 ], [ 139.228510021, 35.294412744 ], [ 139.228520718, 35.29452826 ], [ 139.228504931, 35.294564958 ], [ 139.22847464, 35.29459604 ], [ 139.228408277999989, 35.294625303 ], [ 139.228310004, 35.294633022 ], [ 139.2282499, 35.294629441 ], [ 139.228173915000013, 35.294604398 ], [ 139.228056062, 35.294551201 ], [ 139.227980089, 35.294524518 ], [ 139.22791601, 35.294515976 ], [ 139.227847841999989, 35.294518925 ], [ 139.227715265, 35.294557716 ], [ 139.227641602, 35.294759552 ], [ 139.227535178000011, 35.294785323 ], [ 139.227552779, 35.294844598 ], [ 139.227484147000013, 35.294908362 ], [ 139.227413844000012, 35.294929382 ], [ 139.227346716999989, 35.294792599 ], [ 139.227151934, 35.294571337 ], [ 139.227007009, 35.2946528 ], [ 139.226971805, 35.294655799 ], [ 139.226973611, 35.294666787 ], [ 139.226978723, 35.294692625 ], [ 139.226983518, 35.294716016 ], [ 139.226991669, 35.294756404 ], [ 139.226998055, 35.294788771 ], [ 139.227007646, 35.294836096 ], [ 139.227018511000011, 35.294889948 ], [ 139.227023945000013, 35.294916875 ], [ 139.227003524, 35.294922071 ], [ 139.22696964, 35.294930887 ], [ 139.226961519000014, 35.294933001 ], [ 139.226922204, 35.294916365 ], [ 139.226892967, 35.294903992 ], [ 139.226880066, 35.294900667 ], [ 139.22686901899999, 35.294903327 ], [ 139.226829767, 35.294912776 ], [ 139.226774817, 35.294926359 ], [ 139.22673397599999, 35.29493675 ], [ 139.22671637799999, 35.294941145 ], [ 139.226704756, 35.294944212 ], [ 139.22666457599999, 35.294954878 ], [ 139.226637175, 35.294962892 ], [ 139.226615562, 35.29497243 ], [ 139.226594067, 35.294988353 ], [ 139.226588596, 35.294993133 ], [ 139.226587728999988, 35.294993891 ], [ 139.226583244000011, 35.294998032 ], [ 139.226578217999986, 35.295002673 ], [ 139.226574781000011, 35.295007893 ], [ 139.22656298699999, 35.29502581 ], [ 139.22656111399999, 35.295028657 ], [ 139.226554513999986, 35.295044564 ], [ 139.226551452, 35.295060006 ], [ 139.226551658, 35.295071842 ], [ 139.226553751000012, 35.295107355 ], [ 139.226556972999987, 35.295149153 ], [ 139.226561895, 35.295200139 ], [ 139.226572347, 35.295299697 ], [ 139.22657706699999, 35.295338123 ], [ 139.226580176, 35.29535577 ], [ 139.226588295999989, 35.295372958 ], [ 139.22659879, 35.295387985 ], [ 139.226608443, 35.295397211 ], [ 139.226633400999987, 35.295413961 ], [ 139.226710098000012, 35.295467875 ], [ 139.226747945999989, 35.295493793 ], [ 139.226793665, 35.295525662 ], [ 139.226808772, 35.295536155 ], [ 139.226822386, 35.295545611 ], [ 139.226849929999986, 35.295565312 ], [ 139.226878203000012, 35.295587109 ], [ 139.22689591, 35.295601528 ], [ 139.226898697, 35.295604185 ], [ 139.226917558, 35.295622166 ], [ 139.226930708999987, 35.295635999 ], [ 139.226956999, 35.295666078 ], [ 139.22697356, 35.295690068 ], [ 139.226975068, 35.295692253 ], [ 139.226998009999988, 35.295736566 ], [ 139.227003474000014, 35.295753619 ], [ 139.227008087, 35.295768015 ], [ 139.227019321, 35.295802124 ], [ 139.227027966, 35.295828011 ], [ 139.227037825, 35.295862452 ], [ 139.227039737000013, 35.295869128 ], [ 139.227049023, 35.295902458 ], [ 139.227049682, 35.295913771 ], [ 139.227048360999987, 35.29592859 ], [ 139.227045295000011, 35.295939732 ], [ 139.227033131000013, 35.29596423 ], [ 139.227013879, 35.295998006 ], [ 139.226995735, 35.296031245 ], [ 139.226980943, 35.296059248 ], [ 139.226976441, 35.296070455 ], [ 139.226973278, 35.296079858 ], [ 139.226971228999986, 35.296087819 ], [ 139.226968726, 35.296097769 ], [ 139.226965951000011, 35.296114238 ], [ 139.226965, 35.29612311 ], [ 139.226964028, 35.29613506 ], [ 139.226964564000014, 35.296151908 ], [ 139.226966425, 35.296168944 ], [ 139.226969604, 35.296187255 ], [ 139.226974804, 35.296200868 ], [ 139.22698262899999, 35.296218295 ], [ 139.226987642000012, 35.296227559 ], [ 139.227002696, 35.296253175 ], [ 139.22701627399999, 35.296269365 ], [ 139.22705309599999, 35.296309218 ], [ 139.227053415, 35.296343374 ], [ 139.227077936, 35.296335691 ], [ 139.227129286, 35.296309144 ], [ 139.22713417, 35.296306618 ], [ 139.227235310999987, 35.296249798 ], [ 139.227263292, 35.296238925 ], [ 139.22735048199999, 35.296205045 ], [ 139.22736862, 35.296197996 ], [ 139.22746716899999, 35.296177446 ], [ 139.227565731, 35.296172749 ], [ 139.22764869400001, 35.296179351 ], [ 139.227705447, 35.29619102 ], [ 139.227768907000012, 35.296210494 ], [ 139.227771459, 35.296211466 ], [ 139.22779079, 35.296218827 ], [ 139.22782325899999, 35.296231191 ], [ 139.227853203, 35.296244534 ], [ 139.227863012, 35.296248906 ], [ 139.227913806, 35.296286498 ], [ 139.227976321999989, 35.296332768 ], [ 139.228008253000013, 35.296356401 ], [ 139.228082967, 35.296411696 ], [ 139.22818396, 35.29648644 ], [ 139.228232502999987, 35.296522367 ], [ 139.228308004000013, 35.296584919 ], [ 139.228415955, 35.296674357 ], [ 139.228586044999986, 35.296816467 ], [ 139.228662004, 35.296879506 ], [ 139.22870972199999, 35.296919105 ], [ 139.228791196, 35.297012487 ], [ 139.228796128999988, 35.297018636 ], [ 139.228870754000013, 35.297111627 ], [ 139.228937968999986, 35.297213586 ], [ 139.22899489299999, 35.297299928 ], [ 139.229008529, 35.297322434 ], [ 139.229078654, 35.297438174 ], [ 139.22913574399999, 35.297535503 ], [ 139.229431576, 35.297423641 ], [ 139.229523519, 35.297381932 ], [ 139.22956534799999, 35.297357757 ], [ 139.229646906, 35.297302043 ], [ 139.229711279000014, 35.297250606 ], [ 139.229994616, 35.296992574 ], [ 139.230053007, 35.296954366 ], [ 139.230103043000014, 35.296929637 ], [ 139.230253674000011, 35.296888293 ], [ 139.23052996199999, 35.296874436 ], [ 139.23062840099999, 35.296853572 ], [ 139.230725285, 35.296849782 ], [ 139.230748393, 35.296847455 ], [ 139.230781879, 35.296842168 ], [ 139.230883404999986, 35.296815794 ], [ 139.23096929799999, 35.296786276 ], [ 139.23103116499999, 35.296759849 ], [ 139.231061847, 35.296741054 ], [ 139.231198052, 35.296637403 ], [ 139.231358422, 35.296488034 ], [ 139.231456815, 35.296363471 ], [ 139.231520894999989, 35.296262354 ] ] ] } },
{ "type": "Feature", "properties": { "A29_001": "14206", "A29_002": "神奈川県", "A29_003": "小田原市", "A29_004": 8, "A29_005": "近隣商業地域", "A29_006": 80, "A29_007": 200, "A29_008": null }, "geometry": { "type": "Polygon", "coordinates": [ [ [ 139.14676416, 35.297850247 ], [ 139.146812856, 35.297724201 ], [ 139.146874967, 35.297605721 ], [ 139.146944724, 35.29743722 ], [ 139.14720817700001, 35.297521978 ], [ 139.147476598, 35.297599101 ], [ 139.147530775, 35.29743967 ], [ 139.147592774, 35.29708283 ], [ 139.14766864399999, 35.296683486 ], [ 139.147728687000011, 35.296319747 ], [ 139.147772972000013, 35.296103733 ], [ 139.147893149, 35.295573989 ], [ 139.14799286499999, 35.295132657 ], [ 139.14747791100001, 35.295075609 ], [ 139.147259319, 35.295051455 ], [ 139.145552175, 35.294862803 ], [ 139.145411572, 35.294850032 ], [ 139.145243185, 35.294841268 ], [ 139.145036151999989, 35.294840189 ], [ 139.144894384, 35.294845602 ], [ 139.144538957, 35.294863761 ], [ 139.144315975000012, 35.294875156 ], [ 139.143263233999988, 35.294928944 ], [ 139.14327329, 35.294981292 ], [ 139.143294698, 35.295022618 ], [ 139.143298655, 35.295044734 ], [ 139.143297878999988, 35.295075314 ], [ 139.143300184999987, 35.295105371 ], [ 139.143402497000011, 35.295495967 ], [ 139.143419067, 35.295556817 ], [ 139.143447587999987, 35.295675929 ], [ 139.143467235, 35.295797803 ], [ 139.143479127, 35.295857932 ], [ 139.143501982, 35.295972343 ], [ 139.143541598000013, 35.296182155 ], [ 139.14354799099999, 35.296217752 ], [ 139.14359413, 35.29645449 ], [ 139.143595549999986, 35.296469795 ], [ 139.143610308, 35.296557595 ], [ 139.14361883, 35.296591203 ], [ 139.143621720999988, 35.296617135 ], [ 139.143766261, 35.297464904 ], [ 139.144030012, 35.297457006 ], [ 139.144057968, 35.29745886 ], [ 139.14405874900001, 35.297488602 ], [ 139.144230488, 35.297515072 ], [ 139.14424603399999, 35.297515161 ], [ 139.14427400400001, 35.29751532 ], [ 139.144379576, 35.297526116 ], [ 139.14452957099999, 35.297550759 ], [ 139.14460777299999, 35.297572297 ], [ 139.144733763, 35.297618049 ], [ 139.144885163, 35.297688472 ], [ 139.145135798000013, 35.297818196 ], [ 139.145200388, 35.29777608 ], [ 139.145345209, 35.297874337 ], [ 139.14544227799999, 35.297933634 ], [ 139.145525429, 35.297987479 ], [ 139.145548114, 35.298000345 ], [ 139.145578043, 35.298013261 ], [ 139.145609024, 35.298025336 ], [ 139.145673085999988, 35.298044396 ], [ 139.145814696, 35.298081735 ], [ 139.146192388, 35.298183568 ], [ 139.14623159300001, 35.29819184 ], [ 139.14629535099999, 35.298199918 ], [ 139.146406546, 35.298210285 ], [ 139.146504663, 35.298218558 ], [ 139.146710616, 35.298248248 ], [ 139.146779299, 35.298254011 ], [ 139.146806055000013, 35.298164851 ], [ 139.146812583000013, 35.298127507 ], [ 139.14681702199999, 35.298092693 ], [ 139.146816253999987, 35.298061256 ], [ 139.146813387, 35.29803235 ], [ 139.146805261999987, 35.298012761 ], [ 139.14676261, 35.297911417 ], [ 139.14676416, 35.297850247 ] ] ] } },
{ "type": "Feature", "properties": { "A29_001": "14206", "A29_002": "神奈川県", "A29_003": "小田原市", "A29_004": 3, "A29_005": "第一種中高層住居専用地域", "A29_006": 60, "A29_007": 150, "A29_008": null }, "geometry": { "type": "Polygon", "coordinates": [ [ [ 139.153256209, 35.290382557 ], [ 139.153230931, 35.290380927 ], [ 139.152520812, 35.290335125 ], [ 139.151168643, 35.290221159 ], [ 139.151198455000014, 35.290060462 ], [ 139.151198771, 35.290022848 ], [ 139.149772723000012, 35.289517273 ], [ 139.149659269000011, 35.289750791 ], [ 139.149672513000013, 35.289867616 ], [ 139.149704292, 35.2900369 ], [ 139.149547965000011, 35.290016249 ], [ 139.149426729999988, 35.291041348 ], [ 139.149342647, 35.291034725 ], [ 139.149335482999987, 35.291034191 ], [ 139.14913304, 35.291374678 ], [ 139.14903574600001, 35.29188089 ], [ 139.149011828999988, 35.292098283 ], [ 139.14901021, 35.292115618 ], [ 139.149004603, 35.292175664 ], [ 139.14898295899999, 35.292372445 ], [ 139.148953554, 35.292653924 ], [ 139.148918325000011, 35.293019958 ], [ 139.148974097, 35.293022879 ], [ 139.148970636, 35.293057879 ], [ 139.148952285, 35.293265775 ], [ 139.148946880000011, 35.293343581 ], [ 139.148940455, 35.29344992 ], [ 139.148939101, 35.293516724 ], [ 139.14894945, 35.293978665 ], [ 139.149023727000014, 35.293985566 ], [ 139.14880148099999, 35.29469469 ], [ 139.15114585, 35.294954381 ], [ 139.152538682, 35.295108645 ], [ 139.152911257999989, 35.295156379 ], [ 139.15355602299999, 35.295260521 ], [ 139.153575730999989, 35.295173096 ], [ 139.153621818, 35.294921006 ], [ 139.153831442000012, 35.294881783 ], [ 139.153854244, 35.29485037 ], [ 139.153846527000013, 35.29394781 ], [ 139.153937339, 35.293870555 ], [ 139.154027238, 35.293813949 ], [ 139.154059182, 35.293769418 ], [ 139.154199876, 35.29341958 ], [ 139.154268343000012, 35.292438679 ], [ 139.154275614999989, 35.291911603 ], [ 139.15536282799999, 35.291981237 ], [ 139.155430058, 35.29080266 ], [ 139.154470967, 35.290817857 ], [ 139.15430138, 35.290831201 ], [ 139.153248861, 35.290758935 ], [ 139.153256209, 35.290382557 ] ] ] } },
{ "type": "Feature", "properties": { "A29_001": "14206", "A29_002": "神奈川県", "A29_003": "小田原市", "A29_004": 10, "A29_005": "準工業地域", "A29_006": 60, "A29_007": 200, "A29_008": null }, "geometry": { "type": "Polygon", "coordinates": [ [ [ 139.236678743999988, 35.294672963 ], [ 139.23649929199999, 35.294504631 ], [ 139.236341849000013, 35.294360684 ], [ 139.236309827000014, 35.294329832 ], [ 139.235873687, 35.294228441 ], [ 139.235783903, 35.294204571 ], [ 139.23578093, 35.294199246 ], [ 139.23567559899999, 35.294010862 ], [ 139.235667779000011, 35.293830316 ], [ 139.235371046000012, 35.293700064 ], [ 139.235361221, 35.293654567 ], [ 139.235398049, 35.293619142 ], [ 139.235349635, 35.293322374 ], [ 139.235250955, 35.292934405 ], [ 139.235247697, 35.292925861 ], [ 139.235197226, 35.292793636 ], [ 139.234975864, 35.292679793 ], [ 139.23462888099999, 35.292639053 ], [ 139.23461847499999, 35.292715821 ], [ 139.234546728, 35.292940891 ], [ 139.23450219, 35.292939192 ], [ 139.234521957, 35.2930767 ], [ 139.234567121999987, 35.293267852 ], [ 139.234627765, 35.293393792 ], [ 139.234769215999989, 35.293454255 ], [ 139.23481662, 35.29368793 ], [ 139.23484633699999, 35.293834394 ], [ 139.234877369, 35.293884494 ], [ 139.23484804, 35.294128785 ], [ 139.234849704, 35.294244851 ], [ 139.234851187, 35.294348089 ], [ 139.234886281, 35.294452771 ], [ 139.23491630800001, 35.294542322 ], [ 139.23493500699999, 35.294586115 ], [ 139.234896932, 35.294589046 ], [ 139.234957337, 35.294654895 ], [ 139.235140773000012, 35.294811882 ], [ 139.235179219, 35.294807692 ], [ 139.235209325, 35.294804416 ], [ 139.235443481, 35.294780596 ], [ 139.235710004999987, 35.294894283 ], [ 139.235712258, 35.294976737 ], [ 139.235725319000011, 35.295065076 ], [ 139.235980251, 35.295058259 ], [ 139.236016982, 35.295054141 ], [ 139.23604458, 35.295043523 ], [ 139.23621458400001, 35.294917516 ], [ 139.236262022, 35.294882279 ], [ 139.236460445, 35.294813381 ], [ 139.236678743999988, 35.294672963 ] ] ] } },
{ "type": "Feature", "properties": { "A29_001": "14206", "A29_002": "神奈川県", "A29_003": "小田原市", "A29_004": 1, "A29_005": "第一種低層住居専用地域", "A29_006": 60, "A29_007": 100, "A29_008": null }, "geometry": { "type": "Polygon", "coordinates": [ [ [ 139.14216242399999, 35.294461372 ], [ 139.14216362499999, 35.294162328 ], [ 139.142190629999988, 35.293344752 ], [ 139.142210936, 35.292993022 ], [ 139.14224351499999, 35.292461233 ], [ 139.14228535, 35.29195013 ], [ 139.142316798, 35.291556395 ], [ 139.142338013, 35.291423603 ], [ 139.142364609, 35.291282414 ], [ 139.14239496799999, 35.291177141 ], [ 139.142703388, 35.29015346 ], [ 139.142887331999987, 35.289520162 ], [ 139.142785306, 35.289494449 ], [ 139.142569106, 35.289433965 ], [ 139.142562613, 35.289432116 ], [ 139.142368094, 35.289376821 ], [ 139.142150527000013, 35.289320718 ], [ 139.141824695999986, 35.289242119 ], [ 139.141510657999987, 35.289163983 ], [ 139.14141220499999, 35.289130617 ], [ 139.14116802, 35.289052943 ], [ 139.140863728999989, 35.288953507 ], [ 139.140577659, 35.28885641 ], [ 139.140427484000014, 35.288800627 ], [ 139.140349431, 35.288766674 ], [ 139.140249009, 35.288718036 ], [ 139.13993435099999, 35.288555863 ], [ 139.13986012, 35.288505607 ], [ 139.139818944000012, 35.288546007 ], [ 139.139492108000013, 35.288873128 ], [ 139.13890686799999, 35.289489813 ], [ 139.138205437000011, 35.290184474 ], [ 139.137660677000014, 35.290733473 ], [ 139.137247487, 35.291158137 ], [ 139.136843779, 35.291572444 ], [ 139.136667898000013, 35.291756761 ], [ 139.13637467800001, 35.292085239 ], [ 139.136321110000011, 35.292144694 ], [ 139.136083664000012, 35.292407555 ], [ 139.135671658, 35.292851078 ], [ 139.135531428, 35.293017066 ], [ 139.135396302, 35.293190483 ], [ 139.135116966, 35.293603798 ], [ 139.135022501, 35.29375605 ], [ 139.135727901, 35.293898468 ], [ 139.136324761, 35.294009276 ], [ 139.137031533, 35.294161358 ], [ 139.137468568, 35.294256655 ], [ 139.13784060099999, 35.294316323 ], [ 139.13824986, 35.294367117 ], [ 139.139139394000011, 35.294435505 ], [ 139.13969942, 35.294472665 ], [ 139.13970409, 35.294442044 ], [ 139.14068964399999, 35.294512855 ], [ 139.14077887799999, 35.294517882 ], [ 139.140887185, 35.294520683 ], [ 139.14100952199999, 35.294519491 ], [ 139.141103044, 35.294515483 ], [ 139.14216242399999, 35.294461372 ] ] ] } },
{ "type": "Feature", "properties": { "A29_001": "14206", "A29_002": "神奈川県", "A29_003": "小田原市", "A29_004": 3, "A29_005": "第一種中高層住居専用地域", "A29_006": 60, "A29_007": 150, "A29_008": null }, "geometry": { "type": "Polygon", "coordinates": [ [ [ 139.145016962999989, 35.294277043 ], [ 139.145274478, 35.294278472 ], [ 139.14547908599999, 35.294289371 ], [ 139.14555674799999, 35.294110415 ], [ 139.145617256, 35.293959124 ], [ 139.145786722999986, 35.29355129 ], [ 139.145959721999986, 35.293145747 ], [ 139.14611039499999, 35.292783525 ], [ 139.146267327, 35.292403977 ], [ 139.146400324000012, 35.292086815 ], [ 139.146538451999987, 35.291755629 ], [ 139.146647586, 35.291497247 ], [ 139.146779476, 35.291181944 ], [ 139.146887407, 35.290923879 ], [ 139.147002164000014, 35.290650439 ], [ 139.147072474, 35.290477091 ], [ 139.147180638, 35.290218559 ], [ 139.14732107399999, 35.289878821 ], [ 139.147419144999986, 35.289648941 ], [ 139.147531192, 35.289378334 ], [ 139.14767417199999, 35.289052095 ], [ 139.147719214, 35.288951546 ], [ 139.147785951, 35.288811692 ], [ 139.147871176, 35.288645947 ], [ 139.147951221, 35.288497487 ], [ 139.148033958000013, 35.28835437 ], [ 139.148106770999988, 35.288228947 ], [ 139.14820311599999, 35.288078227 ], [ 139.14824169799999, 35.288020699 ], [ 139.14810095499999, 35.287881997 ], [ 139.147174057, 35.286984348 ], [ 139.147108782, 35.286902851 ], [ 139.146978233999988, 35.286739856 ], [ 139.146847533999988, 35.286594889 ], [ 139.146388946, 35.286222708 ], [ 139.146192289999988, 35.286077365 ], [ 139.145678438, 35.285740924 ], [ 139.14541642099999, 35.285583484 ], [ 139.145415582999988, 35.285583031 ], [ 139.145415336000013, 35.285584232 ], [ 139.145410564, 35.285612454 ], [ 139.14528146699999, 35.286375792 ], [ 139.145253196999988, 35.28652553 ], [ 139.145245773, 35.286570692 ], [ 139.14522816499999, 35.286584695 ], [ 139.14507279, 35.286697765 ], [ 139.145051618999986, 35.28671317 ], [ 139.144858281000012, 35.286853479 ], [ 139.144787618, 35.286909922 ], [ 139.144717441000012, 35.2869597 ], [ 139.144710387, 35.286966048 ], [ 139.144660562000013, 35.287005695 ], [ 139.144632045, 35.287036559 ], [ 139.144612188999986, 35.287058053 ], [ 139.144609609000014, 35.287065569 ], [ 139.144584544, 35.287138601 ], [ 139.144537506, 35.28723553 ], [ 139.14448731499999, 35.287350688 ], [ 139.144413614, 35.287521689 ], [ 139.144372159, 35.287620161 ], [ 139.144359968, 35.287664297 ], [ 139.144340801999988, 35.28774715 ], [ 139.14430236199999, 35.287925573 ], [ 139.144280748999989, 35.288035663 ], [ 139.144266984000012, 35.288091296 ], [ 139.144256004, 35.28816693 ], [ 139.144252669, 35.288211723 ], [ 139.14423872899999, 35.288287944 ], [ 139.144221589000011, 35.288393215 ], [ 139.144211321, 35.288471881 ], [ 139.144170487999986, 35.288499136 ], [ 139.144170048, 35.28849947 ], [ 139.144168543, 35.288515936 ], [ 139.144109816, 35.28893993 ], [ 139.144097558, 35.288985291 ], [ 139.143939045, 35.289705307 ], [ 139.14362514699999, 35.289684003 ], [ 139.143360496000014, 35.289642958 ], [ 139.143025451, 35.289554961 ], [ 139.142887331999987, 35.289520163 ], [ 139.14270338899999, 35.290153461 ], [ 139.14239496799999, 35.291177142 ], [ 139.142364609, 35.291282415 ], [ 139.142338013, 35.291423604 ], [ 139.142316797, 35.291556395 ], [ 139.14228535, 35.291950131 ], [ 139.142243514, 35.292461233 ], [ 139.142210936, 35.292993022 ], [ 139.142190629999988, 35.293344753 ], [ 139.14216362499999, 35.294162328 ], [ 139.14216242399999, 35.294461373 ], [ 139.144216285, 35.294356432 ], [ 139.1444362, 35.294304556 ], [ 139.14484766699999, 35.294283543 ], [ 139.145016962999989, 35.294277043 ] ] ] } },
{ "type": "Feature", "properties": { "A29_001": "14206", "A29_002": "神奈川県", "A29_003": "小田原市", "A29_004": 1, "A29_005": "第一種低層住居専用地域", "A29_006": 60, "A29_007": 100, "A29_008": null }, "geometry": { "type": "Polygon", "coordinates": [ [ [ 139.188982548000013, 35.294374789 ], [ 139.18901568699999, 35.294373064 ], [ 139.189276785, 35.29437376 ], [ 139.189585564999987, 35.294374584 ], [ 139.189860544999988, 35.294074192 ], [ 139.189999968, 35.293919891 ], [ 139.190113328, 35.293794296 ], [ 139.190144718, 35.293759578 ], [ 139.19018121, 35.293719119 ], [ 139.190512063, 35.293354364 ], [ 139.190793140000011, 35.293055147 ], [ 139.190819328, 35.293016345 ], [ 139.191272766, 35.292311641 ], [ 139.19127300400001, 35.29228158 ], [ 139.191272969000011, 35.292262353 ], [ 139.19156794, 35.292266325 ], [ 139.19156804799999, 35.291709389 ], [ 139.191561414, 35.291372848 ], [ 139.1915629, 35.290772236 ], [ 139.191052742000011, 35.290771476 ], [ 139.190971469, 35.290771936 ], [ 139.190732266, 35.290770666 ], [ 139.190723479000013, 35.290716841 ], [ 139.190719745, 35.290709267 ], [ 139.19069288899999, 35.290679793 ], [ 139.190682134000014, 35.290670406 ], [ 139.190634703, 35.290638595 ], [ 139.190628212, 35.290636343 ], [ 139.19061534299999, 35.290637167 ], [ 139.190248962, 35.290668996 ], [ 139.190047009000011, 35.290685698 ], [ 139.189606000999987, 35.290722851 ], [ 139.189602021000013, 35.290897821 ], [ 139.189598338, 35.291017257 ], [ 139.189600786, 35.291530191 ], [ 139.189602861999987, 35.291883167 ], [ 139.189610275, 35.291982749 ], [ 139.18961216400001, 35.292213584 ], [ 139.189611453, 35.292235349 ], [ 139.18918981499999, 35.292218237 ], [ 139.189091647999987, 35.292462826 ], [ 139.18895827599999, 35.293213066 ], [ 139.18875121799999, 35.29437773 ], [ 139.188857109999987, 35.294377438 ], [ 139.18893558100001, 35.294377225 ], [ 139.188982548000013, 35.294374789 ] ] ] } },
{ "type": "Feature", "properties": { "A29_001": "14206", "A29_002": "神奈川県", "A29_003": "小田原市", "A29_004": 12, "A29_005": "工業専用地域", "A29_006": 60, "A29_007": 200, "A29_008": null }, "geometry": { "type": "Polygon", "coordinates": [ [ [ 139.159393972, 35.294133746 ], [ 139.15942682, 35.29399736 ], [ 139.15949658, 35.29404417 ], [ 139.159988008, 35.293582158 ], [ 139.160022871, 35.293586861 ], [ 139.160033102, 35.29358824 ], [ 139.16003527, 35.293586304 ], [ 139.160603624, 35.293079062 ], [ 139.16068768, 35.292222786 ], [ 139.160698106000012, 35.292222844 ], [ 139.160698152, 35.292222848 ], [ 139.160999592, 35.29224581 ], [ 139.16099963100001, 35.292245813 ], [ 139.161526705999989, 35.292285859 ], [ 139.16152674599999, 35.29228586 ], [ 139.161525293000011, 35.292305981 ], [ 139.161519427, 35.292374644 ], [ 139.161512692, 35.292443259 ], [ 139.161505078, 35.292511804 ], [ 139.161496585, 35.292580291 ], [ 139.161487225, 35.292648692 ], [ 139.161476985, 35.292717007 ], [ 139.161465865999986, 35.292785236 ], [ 139.161453892, 35.29285337 ], [ 139.161442454, 35.292913898 ], [ 139.161442, 35.29291608 ], [ 139.161440997, 35.292921393 ], [ 139.16142727499999, 35.2929893 ], [ 139.161413712000012, 35.293052321 ], [ 139.16141272199999, 35.293057085 ], [ 139.161397265, 35.293124741 ], [ 139.16138095299999, 35.293192264 ], [ 139.161363771, 35.29325964 ], [ 139.161345734, 35.293326866 ], [ 139.161326841, 35.293393933 ], [ 139.16130708599999, 35.293460835 ], [ 139.16130519399999, 35.293466832 ], [ 139.16128643799999, 35.29352756 ], [ 139.161266917, 35.293588126 ], [ 139.161265028, 35.293594108 ], [ 139.161263835999989, 35.293597534 ], [ 139.16124268199999, 35.293660464 ], [ 139.161219519000014, 35.293726634 ], [ 139.161205618, 35.293764838 ], [ 139.161204731, 35.293767387 ], [ 139.161346447, 35.293791128 ], [ 139.161346485, 35.293791134 ], [ 139.16135830499999, 35.293793177 ], [ 139.161358342, 35.293793183 ], [ 139.161368183, 35.293795124 ], [ 139.16136822199999, 35.29379513 ], [ 139.16141375699999, 35.293801598 ], [ 139.16141379699999, 35.293801604 ], [ 139.161424848, 35.293803282 ], [ 139.16142488700001, 35.293803288 ], [ 139.161436157, 35.293805057 ], [ 139.161436197, 35.293805063 ], [ 139.161625566999987, 35.293834954 ], [ 139.16162560699999, 35.293834961 ], [ 139.161704401, 35.293848012 ], [ 139.16170444, 35.293848018 ], [ 139.161837045, 35.293868669 ], [ 139.161837085, 35.293868676 ], [ 139.161951346, 35.293887332 ], [ 139.161951383, 35.293887338 ], [ 139.16201282, 35.293897361 ], [ 139.162012862000012, 35.293897367 ], [ 139.16198370399999, 35.293674873 ], [ 139.161983522000014, 35.293610376 ], [ 139.161989811000012, 35.293542391 ], [ 139.16200593100001, 35.29340771 ], [ 139.162095873999988, 35.292513309 ], [ 139.162155092, 35.291879045 ], [ 139.162159137, 35.291841929 ], [ 139.162164848, 35.291789319 ], [ 139.16217208099999, 35.291721909 ], [ 139.162172048, 35.291721844 ], [ 139.162147134, 35.291673789 ], [ 139.16214704, 35.291673606 ], [ 139.162142165, 35.291664202 ], [ 139.16215218100001, 35.291568445 ], [ 139.162152547, 35.291564944 ], [ 139.162158088000012, 35.291511976 ], [ 139.16218401899999, 35.291301168 ], [ 139.16218691099999, 35.291277651 ], [ 139.162208383, 35.29105967 ], [ 139.162398454, 35.289886928 ], [ 139.16242242199999, 35.289726881 ], [ 139.162422811999988, 35.289719491 ], [ 139.162433485, 35.289651945 ], [ 139.162525214, 35.289070197 ], [ 139.162577801999987, 35.288736642 ], [ 139.162614482, 35.288518813 ], [ 139.162650203, 35.288349257 ], [ 139.162773843, 35.28751438 ], [ 139.162881293999988, 35.28683315 ], [ 139.16123768, 35.286803315 ], [ 139.161230370999988, 35.286902906 ], [ 139.16121528, 35.287048743 ], [ 139.16120755, 35.287123445 ], [ 139.161184547, 35.287312973 ], [ 139.16116534299999, 35.28746827 ], [ 139.161158105999988, 35.287545661 ], [ 139.161122138, 35.287707624 ], [ 139.161093654000013, 35.287801844 ], [ 139.16107935799999, 35.287842147 ], [ 139.160991451, 35.288049704 ], [ 139.16096575899999, 35.288098689 ], [ 139.160898506, 35.288201706 ], [ 139.16087626, 35.288232861 ], [ 139.160829674000013, 35.288295972 ], [ 139.160802100000012, 35.288333407 ], [ 139.160714868000014, 35.288445959 ], [ 139.160682447, 35.28849761 ], [ 139.160617908, 35.288617769 ], [ 139.160508173000011, 35.288872168 ], [ 139.160467377, 35.288966228 ], [ 139.160333702, 35.289310184 ], [ 139.160272931, 35.28946642 ], [ 139.160218909, 35.289604216 ], [ 139.16016176799999, 35.289746951 ], [ 139.160114493, 35.289866575 ], [ 139.16009003799999, 35.289925482 ], [ 139.159990147, 35.290185523 ], [ 139.15989200300001, 35.290433675 ], [ 139.159784457, 35.290701877 ], [ 139.15966132, 35.2910074 ], [ 139.15947000700001, 35.291486515 ], [ 139.159412465, 35.29164551 ], [ 139.159270979000013, 35.292048698 ], [ 139.15904823299999, 35.292683669 ], [ 139.159003864, 35.292810431 ], [ 139.158908880000013, 35.293074465 ], [ 139.158902504, 35.293100931 ], [ 139.158822173, 35.293374331 ], [ 139.158805588, 35.29345194 ], [ 139.15847054, 35.294689058 ], [ 139.158714677, 35.294721668 ], [ 139.158714715, 35.294721671 ], [ 139.159393972, 35.294133746 ] ] ] } },
{ "type": "Feature", "properties": { "A29_001": "14206", "A29_002": "神奈川県", "A29_003": "小田原市", "A29_004": 10, "A29_005": "準工業地域", "A29_006": 60, "A29_007": 200, "A29_008": null }, "geometry": { "type": "Polygon", "coordinates": [ [ [ 139.227641602, 35.294759552 ], [ 139.227715265, 35.294557716 ], [ 139.227847841999989, 35.294518925 ], [ 139.22791601, 35.294515976 ], [ 139.227980089, 35.294524518 ], [ 139.228056062, 35.294551201 ], [ 139.228173915000013, 35.294604398 ], [ 139.2282499, 35.294629441 ], [ 139.228310004, 35.294633022 ], [ 139.228408277999989, 35.294625303 ], [ 139.22847464, 35.29459604 ], [ 139.228504931, 35.294564958 ], [ 139.228520718, 35.29452826 ], [ 139.228510021, 35.294412744 ], [ 139.228453753999986, 35.294298398 ], [ 139.228461388, 35.294221148 ], [ 139.228519293, 35.294183444 ], [ 139.22864523199999, 35.294118857 ], [ 139.228786715000012, 35.294063721 ], [ 139.228947448000014, 35.293978827 ], [ 139.22885514699999, 35.293875467 ], [ 139.229009452000014, 35.293782598 ], [ 139.229113289999987, 35.293720101 ], [ 139.22910568399999, 35.293709987 ], [ 139.229055444000011, 35.293651522 ], [ 139.229018703, 35.293608296 ], [ 139.228988332, 35.293568987 ], [ 139.228986754, 35.293551835 ], [ 139.22898681, 35.29351467 ], [ 139.228991646, 35.293492934 ], [ 139.228997969, 35.293473198 ], [ 139.229018337000014, 35.293423739 ], [ 139.229043530000013, 35.293363912 ], [ 139.22905724200001, 35.293317955 ], [ 139.22908337699999, 35.293214224 ], [ 139.229085862, 35.293178892 ], [ 139.229095957999988, 35.293113211 ], [ 139.229009725, 35.293107481 ], [ 139.22891885199999, 35.293111002 ], [ 139.228797230999987, 35.293178937 ], [ 139.228701515000012, 35.293220068 ], [ 139.228581745000014, 35.293002021 ], [ 139.228693464, 35.292957149 ], [ 139.228593472999989, 35.292721469 ], [ 139.22872336, 35.292683377 ], [ 139.228799511, 35.292651409 ], [ 139.22884342, 35.292650005 ], [ 139.22888440599999, 35.292646337 ], [ 139.228928523, 35.292645265 ], [ 139.22895220800001, 35.292637633 ], [ 139.228977565, 35.292617095 ], [ 139.228993194, 35.292602331 ], [ 139.229015642, 35.292581122 ], [ 139.229052091, 35.292551598 ], [ 139.22916681699999, 35.292497837 ], [ 139.229247184, 35.29244062 ], [ 139.2293008, 35.292396638 ], [ 139.229304606, 35.292372814 ], [ 139.229286738000013, 35.292332982 ], [ 139.229263868, 35.292314001 ], [ 139.229118933, 35.292258634 ], [ 139.229033265, 35.292224537 ], [ 139.228980197, 35.292194472 ], [ 139.22894166899999, 35.292162487 ], [ 139.228898394999987, 35.292119552 ], [ 139.228855298000013, 35.29206765 ], [ 139.228828926, 35.292082067 ], [ 139.228815977000011, 35.292066876 ], [ 139.228816806, 35.292065423 ], [ 139.22883851200001, 35.292027354 ], [ 139.228813306, 35.291997427 ], [ 139.228839138000012, 35.29195678 ], [ 139.22883963699999, 35.291955913 ], [ 139.228909311, 35.291846087 ], [ 139.228882786000014, 35.29179769 ], [ 139.228866646, 35.291767796 ], [ 139.22862045799999, 35.291623466 ], [ 139.228529982, 35.291581991 ], [ 139.228584751999989, 35.291673894 ], [ 139.228733643, 35.29190532 ], [ 139.228716373, 35.291915518 ], [ 139.22850760899999, 35.292020688 ], [ 139.228343814, 35.292103321 ], [ 139.22830227, 35.292128074 ], [ 139.228266611, 35.292172795 ], [ 139.228217128000011, 35.292255189 ], [ 139.228168106999988, 35.292296085 ], [ 139.22812453, 35.292313146 ], [ 139.228041959, 35.292335647 ], [ 139.227033172, 35.292580655 ], [ 139.22689478, 35.292593114 ], [ 139.226845371, 35.292846478 ], [ 139.22706215299999, 35.293055973 ], [ 139.22705063699999, 35.293068624 ], [ 139.227044815999989, 35.29308331 ], [ 139.227043861999988, 35.293102034 ], [ 139.227044562, 35.293117422 ], [ 139.22705192, 35.293136281 ], [ 139.227039764000011, 35.293241748 ], [ 139.227063509, 35.293361656 ], [ 139.226996434, 35.293384766 ], [ 139.227016299000013, 35.293625372 ], [ 139.227020202, 35.293706482 ], [ 139.227040726000013, 35.293771748 ], [ 139.227106701, 35.293845854 ], [ 139.227139967, 35.293878269 ], [ 139.22708751499999, 35.2939889 ], [ 139.227022260000012, 35.294051157 ], [ 139.226966745999988, 35.294104522 ], [ 139.226931831, 35.294134157 ], [ 139.226888285, 35.294122014 ], [ 139.226832069000011, 35.294102354 ], [ 139.226779523, 35.294078241 ], [ 139.22672885099999, 35.294046683 ], [ 139.226672858, 35.293997212 ], [ 139.226657088, 35.294214622 ], [ 139.226968965, 35.294274461 ], [ 139.22694502600001, 35.2946043 ], [ 139.226944366, 35.294657755 ], [ 139.226971805, 35.294655799 ], [ 139.227007009, 35.2946528 ], [ 139.227151934, 35.294571337 ], [ 139.227346716999989, 35.294792599 ], [ 139.227413844000012, 35.294929382 ], [ 139.227484147000013, 35.294908362 ], [ 139.227552779, 35.294844598 ], [ 139.227535178000011, 35.294785323 ], [ 139.227641602, 35.294759552 ] ] ] } },
{ "type": "Feature", "properties": { "A29_001": "14206", "A29_002": "神奈川県", "A29_003": "小田原市", "A29_004": 3, "A29_005": "第一種中高層住居専用地域", "A29_006": 60, "A29_007": 150, "A29_008": null }, "geometry": { "type": "Polygon", "coordinates": [ [ [ 139.174021538, 35.290542338 ], [ 139.174004819, 35.290554146 ], [ 139.17395919, 35.290581714 ], [ 139.173853584999989, 35.290642101 ], [ 139.173797089, 35.29066879 ], [ 139.17373315099999, 35.290698053 ], [ 139.17367001299999, 35.290720884 ], [ 139.17359015299999, 35.290749194 ], [ 139.173507174, 35.290768771 ], [ 139.173442311, 35.290780604 ], [ 139.173339223, 35.290792238 ], [ 139.173253181, 35.290797862 ], [ 139.17306041, 35.290807167 ], [ 139.17258618, 35.290813276 ], [ 139.172463077, 35.290816092 ], [ 139.171778393000011, 35.290842807 ], [ 139.17052443899999, 35.290831643 ], [ 139.170464981, 35.290827829 ], [ 139.170407723000011, 35.290817058 ], [ 139.170229334999988, 35.290759932 ], [ 139.17021305099999, 35.290752081 ], [ 139.170084558000013, 35.290689107 ], [ 139.17006712, 35.290679871 ], [ 139.170050862000011, 35.290674221 ], [ 139.16997878699999, 35.290659015 ], [ 139.169809635, 35.290634137 ], [ 139.169789382, 35.290633034 ], [ 139.169761227, 35.290634187 ], [ 139.169719535000013, 35.290637158 ], [ 139.169694591, 35.290637021 ], [ 139.169631116, 35.290633644 ], [ 139.169570177, 35.290626603 ], [ 139.169440936, 35.290613707 ], [ 139.169330639, 35.290600662 ], [ 139.16915039700001, 35.290568763 ], [ 139.169057597, 35.290556481 ], [ 139.168863563, 35.290546708 ], [ 139.168758473, 35.291717972 ], [ 139.168748058, 35.29182329 ], [ 139.168693442, 35.292273361 ], [ 139.16870858199999, 35.292370111 ], [ 139.168727792, 35.292484101 ], [ 139.16873176499999, 35.292517214 ], [ 139.168729022, 35.292722341 ], [ 139.168725548999987, 35.292757153 ], [ 139.168707403000013, 35.292899007 ], [ 139.168705053, 35.292926866 ], [ 139.168707183, 35.293056374 ], [ 139.168720048000012, 35.293170536 ], [ 139.16872429, 35.293192301 ], [ 139.169024001999986, 35.293233817 ], [ 139.169007978, 35.293324582 ], [ 139.16900574499999, 35.293363727 ], [ 139.169008455000011, 35.293383321 ], [ 139.169014067, 35.29339745 ], [ 139.16902789, 35.293402537 ], [ 139.16904692599999, 35.293404733 ], [ 139.169095217, 35.293407027 ], [ 139.169236993, 35.293413574 ], [ 139.16940970600001, 35.293415063 ], [ 139.16953339, 35.293415562 ], [ 139.169594351, 35.293422837 ], [ 139.169623986, 35.293428949 ], [ 139.16969397, 35.293462234 ], [ 139.16980182099999, 35.293557204 ], [ 139.169918200000012, 35.293658079 ], [ 139.169986316, 35.293718216 ], [ 139.170043754, 35.293789319 ], [ 139.17027881300001, 35.293699781 ], [ 139.170719693, 35.293515335 ], [ 139.17110747000001, 35.293438649 ], [ 139.17122016499999, 35.293419588 ], [ 139.171311449, 35.293538885 ], [ 139.171348072, 35.293580766 ], [ 139.171390285, 35.293616612 ], [ 139.17147276099999, 35.293669958 ], [ 139.171536257000014, 35.293702134 ], [ 139.171604414, 35.293729036 ], [ 139.171668761, 35.293749814 ], [ 139.171722254, 35.293761473 ], [ 139.171781334, 35.29376862 ], [ 139.17185337699999, 35.293772043 ], [ 139.171917126000011, 35.293773148 ], [ 139.172186686, 35.293761741 ], [ 139.172270806, 35.293757658 ], [ 139.17263584, 35.2937263 ], [ 139.172730112000011, 35.293723029 ], [ 139.172863995, 35.29371833 ], [ 139.173004781, 35.293397127 ], [ 139.173078954, 35.293218658 ], [ 139.173168325, 35.29295978 ], [ 139.173200127, 35.292849648 ], [ 139.173232135, 35.292714176 ], [ 139.173238448, 35.292608377 ], [ 139.173260238000012, 35.292532781 ], [ 139.173268044, 35.292504195 ], [ 139.173352236999989, 35.292263654 ], [ 139.173360796999987, 35.292226111 ], [ 139.173375205000013, 35.292155105 ], [ 139.173480703, 35.29190635 ], [ 139.173565152, 35.29173146 ], [ 139.17361724599999, 35.291571212 ], [ 139.173626801000012, 35.291531854 ], [ 139.173642217, 35.291450289 ], [ 139.173648028, 35.291416977 ], [ 139.17365281799999, 35.291395784 ], [ 139.17374883, 35.291173695 ], [ 139.173761036, 35.291150271 ], [ 139.173772265999986, 35.291132142 ], [ 139.173859963000012, 35.291021467 ], [ 139.173868402000011, 35.291005603 ], [ 139.173870402, 35.290988181 ], [ 139.173871891, 35.290918465 ], [ 139.173872949000014, 35.290901804 ], [ 139.173890011, 35.290843801 ], [ 139.174021538, 35.290542338 ] ] ] } },
{ "type": "Feature", "properties": { "A29_001": "14206", "A29_002": "神奈川県", "A29_003": "小田原市", "A29_004": 10, "A29_005": "準工業地域", "A29_006": 60, "A29_007": 200, "A29_008": null }, "geometry": { "type": "Polygon", "coordinates": [ [ [ 139.160698106000012, 35.292222844 ], [ 139.16068768, 35.292222786 ], [ 139.160603624, 35.293079062 ], [ 139.16003527, 35.293586304 ], [ 139.160033102, 35.29358824 ], [ 139.160352907, 35.293631376 ], [ 139.160487300999989, 35.293653037 ], [ 139.160641688, 35.293676791 ], [ 139.160730852, 35.293690357 ], [ 139.160757646, 35.293694292 ], [ 139.16076994299999, 35.293696344 ], [ 139.160778513, 35.293697203 ], [ 139.16079476499999, 35.293699546 ], [ 139.16088215900001, 35.293714545 ], [ 139.16105037299999, 35.293741531 ], [ 139.161204693, 35.29376738 ], [ 139.161204731, 35.293767387 ], [ 139.161205618, 35.293764838 ], [ 139.161219519000014, 35.293726634 ], [ 139.16124268199999, 35.293660464 ], [ 139.161263835999989, 35.293597534 ], [ 139.161265028, 35.293594108 ], [ 139.161266917, 35.293588126 ], [ 139.16128643799999, 35.29352756 ], [ 139.16130519399999, 35.293466832 ], [ 139.16130708599999, 35.293460835 ], [ 139.161326841, 35.293393933 ], [ 139.161345734, 35.293326866 ], [ 139.161363771, 35.29325964 ], [ 139.16138095299999, 35.293192264 ], [ 139.161397265, 35.293124741 ], [ 139.16141272199999, 35.293057085 ], [ 139.161413712000012, 35.293052321 ], [ 139.16142727499999, 35.2929893 ], [ 139.161440997, 35.292921392 ], [ 139.161442, 35.29291608 ], [ 139.161442454, 35.292913897 ], [ 139.161453892, 35.29285337 ], [ 139.161465865999986, 35.292785236 ], [ 139.161476985, 35.292717007 ], [ 139.161487225, 35.292648692 ], [ 139.161496585, 35.292580291 ], [ 139.161505078, 35.292511804 ], [ 139.161512692, 35.292443259 ], [ 139.161519427, 35.292374644 ], [ 139.161525293000011, 35.292305981 ], [ 139.16152674599999, 35.29228586 ], [ 139.161526705999989, 35.292285859 ], [ 139.16099963100001, 35.292245813 ], [ 139.160999592, 35.29224581 ], [ 139.160698152, 35.292222848 ], [ 139.160698106000012, 35.292222844 ] ] ] } },
{ "type": "Feature", "properties": { "A29_001": "14206", "A29_002": "神奈川県", "A29_003": "小田原市", "A29_004": 11, "A29_005": "工業地域", "A29_006": 60, "A29_007": 200, "A29_008": null }, "geometry": { "type": "Polygon", "coordinates": [ [ [ 139.16752512, 35.293621447 ], [ 139.167553669, 35.293103673 ], [ 139.16758403599999, 35.292333018 ], [ 139.166952915, 35.292611683 ], [ 139.166940364, 35.292616545 ], [ 139.16683356499999, 35.292657962 ], [ 139.16679308799999, 35.29266943 ], [ 139.166746289, 35.292678268 ], [ 139.166680493, 35.292687 ], [ 139.16659649499999, 35.292692378 ], [ 139.16638516099999, 35.292704202 ], [ 139.16623109, 35.292698161 ], [ 139.165740185, 35.292706503 ], [ 139.16562559499999, 35.292709882 ], [ 139.16534131899999, 35.292727684 ], [ 139.164995948000012, 35.292761381 ], [ 139.164985019, 35.293107814 ], [ 139.164976676, 35.293157084 ], [ 139.164962107, 35.293195971 ], [ 139.164948452, 35.293229401 ], [ 139.164945698, 35.293234055 ], [ 139.165013834, 35.293416904 ], [ 139.165023787, 35.293437998 ], [ 139.165033107999989, 35.293452995 ], [ 139.16504247200001, 35.293464116 ], [ 139.165054529, 35.293475252 ], [ 139.16506861900001, 35.29348529 ], [ 139.165086753999987, 35.29349536 ], [ 139.16510694199999, 35.293503224 ], [ 139.16515401, 35.293517816 ], [ 139.165213934, 35.293534751 ], [ 139.165235408, 35.293541342 ], [ 139.16525356599999, 35.293548635 ], [ 139.165264650000012, 35.293556314 ], [ 139.16527568399999, 35.293569102 ], [ 139.16528598, 35.293588531 ], [ 139.165296254999987, 35.293611844 ], [ 139.165305544, 35.293630716 ], [ 139.165319823, 35.293657874 ], [ 139.165331493999986, 35.29367593 ], [ 139.165345495999986, 35.293693928 ], [ 139.165360521, 35.293713111 ], [ 139.16537556599999, 35.293730078 ], [ 139.165388274, 35.293743714 ], [ 139.16540167, 35.293756516 ], [ 139.165422401, 35.293775885 ], [ 139.16544419499999, 35.293792897 ], [ 139.165465673, 35.293804248 ], [ 139.165458593000011, 35.293885858 ], [ 139.165446975, 35.294067491 ], [ 139.165438223, 35.294229426 ], [ 139.165446917, 35.294280611 ], [ 139.165470779, 35.29433243 ], [ 139.165482432, 35.294351315 ], [ 139.165495478, 35.294365224 ], [ 139.165500786, 35.294372113 ], [ 139.16550569899999, 35.294389853 ], [ 139.165803489000012, 35.29434584 ], [ 139.16590460899999, 35.29434017 ], [ 139.166309466, 35.294321436 ], [ 139.166312999000013, 35.293536977 ], [ 139.16704418, 35.293585609 ], [ 139.167216669, 35.293597079 ], [ 139.167413141, 35.2936106 ], [ 139.16752512, 35.293621447 ] ] ] } },
{ "type": "Feature", "properties": { "A29_001": "14206", "A29_002": "神奈川県", "A29_003": "小田原市", "A29_004": 12, "A29_005": "工業専用地域", "A29_006": 60, "A29_007": 200, "A29_008": null }, "geometry": { "type": "Polygon", "coordinates": [ [ [ 139.227016299000013, 35.293625371 ], [ 139.226996434, 35.293384766 ], [ 139.227063509, 35.293361656 ], [ 139.227039764000011, 35.293241748 ], [ 139.22705191899999, 35.293136281 ], [ 139.227044562, 35.293117421 ], [ 139.227043861, 35.293102034 ], [ 139.227044817, 35.29308331 ], [ 139.22705063699999, 35.293068623 ], [ 139.22706215299999, 35.293055973 ], [ 139.226845371, 35.292846478 ], [ 139.22689477899999, 35.292593113 ], [ 139.227033172, 35.292580655 ], [ 139.228041959, 35.292335646 ], [ 139.22812453, 35.292313146 ], [ 139.228168106999988, 35.292296084 ], [ 139.228217128000011, 35.292255188 ], [ 139.228266611, 35.292172794 ], [ 139.228302269000011, 35.292128073 ], [ 139.228343814, 35.292103321 ], [ 139.228507608, 35.292020687 ], [ 139.228716372, 35.291915518 ], [ 139.228733643, 35.291905319 ], [ 139.228584751999989, 35.291673894 ], [ 139.228529982, 35.291581991 ], [ 139.228430886000012, 35.291351725 ], [ 139.22836572, 35.290951479 ], [ 139.228335342, 35.290953542 ], [ 139.228311170000012, 35.290794023 ], [ 139.22828104199999, 35.290623581 ], [ 139.22820221, 35.29050735 ], [ 139.228195535, 35.290493527 ], [ 139.228172711000013, 35.290446261 ], [ 139.228170100999989, 35.290440855 ], [ 139.228147608, 35.29038035 ], [ 139.228115097999989, 35.290292623 ], [ 139.228169092, 35.290119094 ], [ 139.228079992, 35.290067908 ], [ 139.228046148, 35.290059788 ], [ 139.22800863399999, 35.290055634 ], [ 139.22798572, 35.290042602 ], [ 139.22796413399999, 35.290013685 ], [ 139.227959456, 35.289990811 ], [ 139.227964519000011, 35.289962027 ], [ 139.227913343000012, 35.289847868 ], [ 139.22790992, 35.289819051 ], [ 139.227913683, 35.289802177 ], [ 139.227934405000013, 35.289783405 ], [ 139.228108604999989, 35.289649299 ], [ 139.22809837599999, 35.289624529 ], [ 139.228064369, 35.289631237 ], [ 139.22806279400001, 35.289631174 ], [ 139.228052203, 35.289630755 ], [ 139.228043367999987, 35.289620868 ], [ 139.22803278399999, 35.289586206 ], [ 139.228029236, 35.289542689 ], [ 139.228011462000012, 35.289528054 ], [ 139.227983604, 35.289505117 ], [ 139.227865513000012, 35.289636139 ], [ 139.227571309000012, 35.289313204 ], [ 139.227361723, 35.289159166 ], [ 139.227233743999989, 35.28898485 ], [ 139.22722133, 35.288862601 ], [ 139.22701678199999, 35.288845675 ], [ 139.226846094, 35.288859728 ], [ 139.226814867, 35.288997362 ], [ 139.22668641300001, 35.289007643 ], [ 139.22644305599999, 35.288996489 ], [ 139.226392233000013, 35.288960154 ], [ 139.226261518, 35.288947617 ], [ 139.2261909, 35.289029991 ], [ 139.226141176, 35.289200613 ], [ 139.226073496999987, 35.289343319 ], [ 139.225781226, 35.289395494 ], [ 139.225737384000013, 35.28942905 ], [ 139.225718750999988, 35.28949055 ], [ 139.225750893999987, 35.289586721 ], [ 139.225440807000012, 35.289915963 ], [ 139.22545418199999, 35.290071002 ], [ 139.224779146, 35.289947917 ], [ 139.224864593, 35.290098263 ], [ 139.224891378, 35.290145393 ], [ 139.224890531, 35.290149055 ], [ 139.224859176, 35.290284443 ], [ 139.22484455599999, 35.290347572 ], [ 139.224840156999988, 35.290359706 ], [ 139.224806890999986, 35.290451448 ], [ 139.224840709, 35.290570447 ], [ 139.224878453, 35.290596428 ], [ 139.22487298499999, 35.290628191 ], [ 139.224861659, 35.290685752 ], [ 139.22481085699999, 35.290676554 ], [ 139.22467185799999, 35.290833566 ], [ 139.22427579, 35.290836539 ], [ 139.224280066, 35.290913055 ], [ 139.224203245000012, 35.290989811 ], [ 139.224585096, 35.291417417 ], [ 139.224768049, 35.292055474 ], [ 139.224382475999988, 35.292274064 ], [ 139.22420941199999, 35.292146328 ], [ 139.224151295000013, 35.292145034 ], [ 139.224134792, 35.292083367 ], [ 139.22413314799999, 35.291980039 ], [ 139.224112251, 35.291879777 ], [ 139.22403937199999, 35.291907228 ], [ 139.223906907000014, 35.291805233 ], [ 139.22302844, 35.291489562 ], [ 139.223028373, 35.291489538 ], [ 139.22293270099999, 35.291627989 ], [ 139.222915629, 35.291615228 ], [ 139.222812706000013, 35.291751994 ], [ 139.222573834, 35.291640374 ], [ 139.22235290099999, 35.29202234 ], [ 139.22241779699999, 35.29209022 ], [ 139.222462130999986, 35.292154021 ], [ 139.222493229, 35.292205838 ], [ 139.22251341099999, 35.292260574 ], [ 139.222520132, 35.292333127 ], [ 139.222515729, 35.292429078 ], [ 139.222506423, 35.292539301 ], [ 139.22249737199999, 35.292614478 ], [ 139.222491182, 35.292633322 ], [ 139.222437044, 35.292746293 ], [ 139.22241372799999, 35.292786902 ], [ 139.222563605, 35.292826401 ], [ 139.222543059, 35.292928527 ], [ 139.222663864, 35.292969871 ], [ 139.22274070099999, 35.293059662 ], [ 139.222845615000011, 35.292788271 ], [ 139.223090321, 35.292619635 ], [ 139.223294114999987, 35.292723667 ], [ 139.223356867, 35.292754284 ], [ 139.223683268, 35.292862726 ], [ 139.223903748999987, 35.293003172 ], [ 139.22399733099999, 35.293040894 ], [ 139.224050041, 35.293075774 ], [ 139.224108718999986, 35.293165481 ], [ 139.224152973, 35.293240206 ], [ 139.22426321399999, 35.293363695 ], [ 139.22438129, 35.293446742 ], [ 139.22468625799999, 35.293479078 ], [ 139.225309315, 35.293499114 ], [ 139.225357652000014, 35.293513265 ], [ 139.225489861999989, 35.293267673 ], [ 139.22586110200001, 35.293346032 ], [ 139.225906767999987, 35.293393946 ], [ 139.226246008, 35.293633658 ], [ 139.226535364, 35.293650011 ], [ 139.226539659999986, 35.293722551 ], [ 139.226677155, 35.293758331 ], [ 139.226847246, 35.293691652 ], [ 139.227016299000013, 35.293625371 ] ] ] } },
{ "type": "Feature", "properties": { "A29_001": "14206", "A29_002": "神奈川県", "A29_003": "小田原市", "A29_004": 11, "A29_005": "工業地域", "A29_006": 60, "A29_007": 200, "A29_008": null }, "geometry": { "type": "Polygon", "coordinates": [ [ [ 139.134465862000013, 35.291868893 ], [ 139.134436263, 35.291893412 ], [ 139.134423424, 35.291903433 ], [ 139.13434675799999, 35.291971497 ], [ 139.134323536000011, 35.291992104 ], [ 139.134343288999986, 35.292066873 ], [ 139.134390887, 35.29221223 ], [ 139.134471268, 35.292461411 ], [ 139.134460904, 35.292491746 ], [ 139.134423583, 35.292521926 ], [ 139.134418406, 35.292537103 ], [ 139.134513811, 35.292605359 ], [ 139.134602511, 35.292672188 ], [ 139.134492155, 35.292773806 ], [ 139.134544127999987, 35.292801734 ], [ 139.134649711, 35.292866462 ], [ 139.13496662899999, 35.29250781 ], [ 139.135252544999986, 35.292206227 ], [ 139.135443775999988, 35.292009561 ], [ 139.135470227000013, 35.291976452 ], [ 139.135475614, 35.291963683 ], [ 139.135475692, 35.291954489 ], [ 139.135474141, 35.291943123 ], [ 139.13546549899999, 35.291938025 ], [ 139.135449021, 35.291936488 ], [ 139.13517659199999, 35.291922386 ], [ 139.13480456799999, 35.291894007 ], [ 139.134465862000013, 35.291868893 ] ] ] } },
{ "type": "Feature", "properties": { "A29_001": "14206", "A29_002": "神奈川県", "A29_003": "小田原市", "A29_004": 5, "A29_005": "第一種住居地域", "A29_006": 60, "A29_007": 200, "A29_008": null }, "geometry": { "type": "Polygon", "coordinates": [ [ [ 139.134505393000012, 35.291836149 ], [ 139.134582020000011, 35.291772673 ], [ 139.134642719999988, 35.291793016 ], [ 139.134722726, 35.291809524 ], [ 139.13478442499999, 35.291819976 ], [ 139.134885574, 35.291832638 ], [ 139.134975773, 35.29184019 ], [ 139.135039516, 35.291842902 ], [ 139.135111529999989, 35.291842777 ], [ 139.135171688000014, 35.2918406 ], [ 139.135214268999988, 35.291836789 ], [ 139.135258209999989, 35.291829336 ], [ 139.13534291900001, 35.291809318 ], [ 139.135409146, 35.291791402 ], [ 139.135523608, 35.291751949 ], [ 139.135608959, 35.291709355 ], [ 139.135673701, 35.2916725 ], [ 139.135753985, 35.291618338 ], [ 139.13583668199999, 35.29155184 ], [ 139.135990814, 35.291424729 ], [ 139.135998747, 35.291417581 ], [ 139.135946961, 35.291375493 ], [ 139.135932638000014, 35.291366662 ], [ 139.135887569, 35.291407818 ], [ 139.135781946, 35.291493744 ], [ 139.135758307, 35.291506678 ], [ 139.135717469000014, 35.291511067 ], [ 139.135643362, 35.291510631 ], [ 139.135570015000013, 35.291544245 ], [ 139.135484659000014, 35.291574796 ], [ 139.135393889999989, 35.291599197 ], [ 139.135300550000011, 35.291623113 ], [ 139.13522412099999, 35.291645712 ], [ 139.135164616999987, 35.291666524 ], [ 139.134958235, 35.291539766 ], [ 139.134914046, 35.291510568 ], [ 139.134882704, 35.291492286 ], [ 139.134855353, 35.291472848 ], [ 139.134790963, 35.291430146 ], [ 139.134632817000011, 35.291324362 ], [ 139.134593677999987, 35.291376806 ], [ 139.134529734000012, 35.291481784 ], [ 139.134431285, 35.291633517 ], [ 139.13426488799999, 35.291554096 ], [ 139.134235423, 35.291599078 ], [ 139.134215681, 35.291629061 ], [ 139.13418441499999, 35.291681325 ], [ 139.13420790399999, 35.291749679 ], [ 139.134267572, 35.291863322 ], [ 139.134295855, 35.291903554 ], [ 139.134322078999986, 35.291986607 ], [ 139.134323537, 35.291992105 ], [ 139.134346757, 35.291971497 ], [ 139.134423424, 35.291903434 ], [ 139.134436263, 35.291893412 ], [ 139.134465863, 35.291868893 ], [ 139.134505393000012, 35.291836149 ] ] ] } },
{ "type": "Feature", "properties": { "A29_001": "14206", "A29_002": "神奈川県", "A29_003": "小田原市", "A29_004": 5, "A29_005": "第一種住居地域", "A29_006": 60, "A29_007": 200, "A29_008": null }, "geometry": { "type": "MultiPolygon", "coordinates": [ [ [ [ 139.121722444, 35.240380709 ], [ 139.12150301299999, 35.240172742 ], [ 139.121826723999988, 35.240480166 ], [ 139.121722444, 35.240380709 ] ] ], [ [ [ 139.119402035, 35.241048407 ], [ 139.119320813, 35.240999697 ], [ 139.119241119, 35.241014517 ], [ 139.119320721, 35.240999804 ], [ 139.119401944, 35.241048513 ], [ 139.119489901, 35.241145283 ], [ 139.119402035, 35.241048407 ] ] ], [ [ [ 139.11970254900001, 35.241381616 ], [ 139.119627670999989, 35.241302933 ], [ 139.119702464, 35.241381734 ], [ 139.119742419, 35.241433891 ], [ 139.11970254900001, 35.241381616 ] ] ], [ [ [ 139.140321513, 35.246945456 ], [ 139.140306027, 35.24694166 ], [ 139.140353850999986, 35.246953445 ], [ 139.140321513, 35.246945456 ] ] ], [ [ [ 139.149084893, 35.24709707 ], [ 139.14912550599999, 35.247093847 ], [ 139.148895178, 35.247111205 ], [ 139.148921851000011, 35.247109219 ], [ 139.148977199, 35.247105339 ], [ 139.14903385299999, 35.247101056 ], [ 139.149084893, 35.24709707 ] ] ], [ [ [ 139.14179554099999, 35.247573994 ], [ 139.141704108, 35.247534464 ], [ 139.141793166000014, 35.247573219 ], [ 139.14179554099999, 35.247573994 ] ] ], [ [ [ 139.141097699999989, 35.248961873 ], [ 139.141099962999988, 35.248960874 ], [ 139.141069749, 35.248973618 ], [ 139.141097699999989, 35.248961873 ] ] ], [ [ [ 139.137147201, 35.249155996 ], [ 139.137158362, 35.249144639 ], [ 139.137147094999989, 35.249155947 ], [ 139.137132492, 35.249170963 ], [ 139.137147201, 35.249155996 ] ] ], [ [ [ 139.138705608, 35.249319004 ], [ 139.13889364100001, 35.249271696 ], [ 139.138824844, 35.249288807 ], [ 139.138784498, 35.24929865 ], [ 139.138705608, 35.249319004 ] ] ], [ [ [ 139.141804923, 35.249433975 ], [ 139.141810639, 35.249400979 ], [ 139.141795844, 35.249483632 ], [ 139.141804923, 35.249433975 ] ] ], [ [ [ 139.136241394, 35.249469918 ], [ 139.136277852, 35.249419485 ], [ 139.136243903, 35.249465751 ], [ 139.136240496, 35.249471162 ], [ 139.136241394, 35.249469918 ] ] ], [ [ [ 139.13600888799999, 35.250058554 ], [ 139.136035171, 35.250051667 ], [ 139.135986726, 35.250064309 ], [ 139.13594399499999, 35.250075557 ], [ 139.13600888799999, 35.250058554 ] ] ], [ [ [ 139.135679479, 35.250184223 ], [ 139.135743967, 35.250138551 ], [ 139.135716953000014, 35.250157355 ], [ 139.135679479, 35.250184223 ] ] ], [ [ [ 139.13558218, 35.250328822 ], [ 139.135628879, 35.250238925 ], [ 139.135587534, 35.250318286 ], [ 139.13558218, 35.250328822 ] ] ], [ [ [ 139.137153073, 35.251334757 ], [ 139.137118856, 35.251257396 ], [ 139.137139738, 35.251304955 ], [ 139.137153073, 35.251334757 ] ] ], [ [ [ 139.138962426, 35.251447757 ], [ 139.138781575, 35.251441253 ], [ 139.13891841, 35.251446217 ], [ 139.138962426, 35.251447757 ] ] ], [ [ [ 139.138022076, 35.251572575 ], [ 139.137940557, 35.251557524 ], [ 139.137995585, 35.251567749 ], [ 139.138022076, 35.251572575 ] ] ], [ [ [ 139.14903955299999, 35.258815196 ], [ 139.149060154000011, 35.258795239 ], [ 139.149053791, 35.258801123 ], [ 139.14903955299999, 35.258815196 ] ] ], [ [ [ 139.149198356, 35.26027963 ], [ 139.14912956500001, 35.260237451 ], [ 139.149155998, 35.260253696 ], [ 139.149198356, 35.26027963 ] ] ], [ [ [ 139.14052726, 35.27161771 ], [ 139.141711921, 35.271461325 ], [ 139.140527797, 35.271617034 ], [ 139.14052726, 35.27161771 ] ] ], [ [ [ 139.141803764, 35.271607526 ], [ 139.14178427600001, 35.271489052 ], [ 139.14182723799999, 35.271759639 ], [ 139.141803764, 35.271607526 ] ] ], [ [ [ 139.14227422799999, 35.27302635 ], [ 139.142256575, 35.272993332 ], [ 139.14237079, 35.273220902 ], [ 139.14227422799999, 35.27302635 ] ] ], [ [ [ 139.142396408, 35.273723909 ], [ 139.14241204699999, 35.273692482 ], [ 139.142352140000014, 35.2738077 ], [ 139.142396408, 35.273723909 ] ] ], [ [ [ 139.133453371, 35.291945644 ], [ 139.133447157, 35.291903838 ], [ 139.133442715, 35.291815699 ], [ 139.13343670899999, 35.291784178 ], [ 139.13358158, 35.291728074 ], [ 139.133661018999987, 35.29169675 ], [ 139.133763922000014, 35.291678011 ], [ 139.133854359, 35.29161567 ], [ 139.133882403, 35.29161099 ], [ 139.133958011, 35.291595509 ], [ 139.13400626, 35.291505322 ], [ 139.134035597, 35.291451074 ], [ 139.134116021000011, 35.291472785 ], [ 139.134281847000011, 35.291522834 ], [ 139.13430447499999, 35.291490451 ], [ 139.13438979899999, 35.291379802 ], [ 139.134490023000012, 35.291254346 ], [ 139.134831853, 35.290794033 ], [ 139.134932009000011, 35.290664592 ], [ 139.135060341000013, 35.290589336 ], [ 139.135297415999986, 35.290453951 ], [ 139.135583243000013, 35.29030933 ], [ 139.135675916, 35.290258119 ], [ 139.135695263, 35.290247426 ], [ 139.135942719000013, 35.290098804 ], [ 139.13609265, 35.290186754 ], [ 139.13609768500001, 35.290188171 ], [ 139.13623519, 35.290063227 ], [ 139.13617785, 35.290012625 ], [ 139.136130392000013, 35.289967353 ], [ 139.136258408, 35.289872344 ], [ 139.136385377000011, 35.289764879 ], [ 139.13654182, 35.289620248 ], [ 139.13664784299999, 35.289505001 ], [ 139.136920405000012, 35.289240719 ], [ 139.137192752, 35.288971972 ], [ 139.137215113, 35.288950078 ], [ 139.137292027, 35.288987408 ], [ 139.13733566799999, 35.289008409 ], [ 139.13746814000001, 35.289069565 ], [ 139.137529236, 35.289102669 ], [ 139.137505061000013, 35.289484236 ], [ 139.13750190499999, 35.289534067 ], [ 139.137519145, 35.289866722 ], [ 139.137790325999987, 35.289577532 ], [ 139.138231874000013, 35.289125201 ], [ 139.138581214999988, 35.288776867 ], [ 139.138810081, 35.288566341 ], [ 139.139260330000013, 35.288114904 ], [ 139.139371856999986, 35.288015353 ], [ 139.139394721, 35.287953619 ], [ 139.139420056, 35.287883434 ], [ 139.13942828899999, 35.287853386 ], [ 139.13943043, 35.287836389 ], [ 139.139427796, 35.287817726 ], [ 139.139416004, 35.287797051 ], [ 139.139376113, 35.2877675 ], [ 139.13962608599999, 35.287553796 ], [ 139.140993705999989, 35.286427276 ], [ 139.141460518, 35.28604686 ], [ 139.141661701, 35.285904912 ], [ 139.141999903, 35.285683254 ], [ 139.142079704, 35.285611656 ], [ 139.14212753000001, 35.285571939 ], [ 139.143180755, 35.284697858 ], [ 139.143228865, 35.284657636 ], [ 139.143978092, 35.284031244 ], [ 139.144001796999987, 35.284011426 ], [ 139.144193066000014, 35.283845961 ], [ 139.144302334, 35.283737549 ], [ 139.144471654, 35.283594843 ], [ 139.144614749999988, 35.283473343 ], [ 139.144948166, 35.283196759 ], [ 139.145235015999987, 35.282950739 ], [ 139.14566809199999, 35.282577227 ], [ 139.145924438, 35.282366642 ], [ 139.14699583399999, 35.281458076 ], [ 139.147521805, 35.281007373 ], [ 139.147524056, 35.281006808 ], [ 139.14757591099999, 35.280993805 ], [ 139.14760905899999, 35.280988446 ], [ 139.14761049399999, 35.280988214 ], [ 139.147746017, 35.28095204 ], [ 139.148337915000013, 35.280769203 ], [ 139.148680727999988, 35.280679058 ], [ 139.14977931199999, 35.280328841 ], [ 139.150563, 35.280046754 ], [ 139.15107455399999, 35.279888801 ], [ 139.15145203599999, 35.279740294 ], [ 139.151905298, 35.279544746 ], [ 139.15226049099999, 35.279408524 ], [ 139.15307345, 35.278919891 ], [ 139.153453546, 35.278735355 ], [ 139.15422792199999, 35.278359255 ], [ 139.154884543, 35.278024716 ], [ 139.154966608, 35.277979826 ], [ 139.15486412300001, 35.277115664 ], [ 139.155162280000013, 35.27699259 ], [ 139.155247038999988, 35.276958695 ], [ 139.155783152999987, 35.276792575 ], [ 139.155785302, 35.276409308 ], [ 139.155787389000011, 35.276037108 ], [ 139.155987993, 35.275910827 ], [ 139.15618859599999, 35.275784545 ], [ 139.156254894999989, 35.275835458 ], [ 139.157071570999989, 35.275205856 ], [ 139.158046425, 35.274399535 ], [ 139.15786807399999, 35.274233446 ], [ 139.158334596, 35.273841194 ], [ 139.158554482999989, 35.273616636 ], [ 139.158769234, 35.273463801 ], [ 139.159359271999989, 35.273043867 ], [ 139.159460802000012, 35.27313434 ], [ 139.159498582999987, 35.273110157 ], [ 139.15995569899999, 35.272808656 ], [ 139.15999575399999, 35.272777957 ], [ 139.159432205, 35.272537833 ], [ 139.15881349899999, 35.272273227 ], [ 139.15793936899999, 35.271897708 ], [ 139.157919623999987, 35.271890579 ], [ 139.15797347899999, 35.271490611 ], [ 139.15800089699999, 35.271316432 ], [ 139.15802545599999, 35.271150925 ], [ 139.158167515, 35.27019358 ], [ 139.158439735, 35.268290396 ], [ 139.158487052999988, 35.26795958 ], [ 139.158726468, 35.266301378 ], [ 139.15895656699999, 35.264627768 ], [ 139.15912418, 35.264564036 ], [ 139.159266027, 35.264498736 ], [ 139.15928701499999, 35.264488013 ], [ 139.159524266, 35.263976792 ], [ 139.159739425, 35.263536296 ], [ 139.159409361, 35.263582323 ], [ 139.159333099, 35.263604786 ], [ 139.158998489999988, 35.263650075 ], [ 139.158117577000013, 35.263769312 ], [ 139.157866352000013, 35.263789761 ], [ 139.157478000999987, 35.263827949 ], [ 139.157374274, 35.263838276 ], [ 139.15725516099999, 35.263848518 ], [ 139.157085247999987, 35.26386172 ], [ 139.15692347699999, 35.263873797 ], [ 139.156814841999989, 35.263882276 ], [ 139.156691755, 35.263891881 ], [ 139.156586616999988, 35.263900037 ], [ 139.156476755, 35.263908166 ], [ 139.156326414, 35.263920036 ], [ 139.155987799, 35.263945993 ], [ 139.155693836000012, 35.263968235 ], [ 139.155396575999987, 35.26399436 ], [ 139.15535836399999, 35.264247417 ], [ 139.155318128, 35.264513901 ], [ 139.154597704, 35.264727112 ], [ 139.154465812000012, 35.264805444 ], [ 139.154357032, 35.264915292 ], [ 139.154323326999986, 35.264961031 ], [ 139.154238806, 35.26502983 ], [ 139.154185919000014, 35.265059991 ], [ 139.153964795, 35.265060245 ], [ 139.153962855, 35.264685662 ], [ 139.154000755, 35.26409261 ], [ 139.153619076000012, 35.264089782 ], [ 139.150778186, 35.264068723 ], [ 139.150780231, 35.264200908 ], [ 139.150702319, 35.264202191 ], [ 139.150704673, 35.264297826 ], [ 139.150592562000014, 35.264297147 ], [ 139.150579509000011, 35.263827681 ], [ 139.150568060000012, 35.263415915 ], [ 139.15056148, 35.263266143 ], [ 139.15051567399999, 35.263265886 ], [ 139.15035549699999, 35.263285713 ], [ 139.150212041, 35.263319455 ], [ 139.15013598199999, 35.263350125 ], [ 139.150047355, 35.263373818 ], [ 139.15000730700001, 35.263378774 ], [ 139.149874923, 35.26337004 ], [ 139.14996206, 35.26289712 ], [ 139.150049193, 35.262424198 ], [ 139.149246097, 35.262329872 ], [ 139.148703520999987, 35.262228377 ], [ 139.147138826, 35.261965333 ], [ 139.146815984, 35.261912058 ], [ 139.146388394000013, 35.261890313 ], [ 139.146908773, 35.262286329 ], [ 139.146723798000011, 35.262740637 ], [ 139.146709821, 35.262770349 ], [ 139.146690057, 35.262786336 ], [ 139.14663794099999, 35.262800534 ], [ 139.146589777, 35.262811529 ], [ 139.14655919399999, 35.262830681 ], [ 139.146514101, 35.262872148 ], [ 139.14647324, 35.262927284 ], [ 139.146452732, 35.262988283 ], [ 139.146446978, 35.263024026 ], [ 139.146440447, 35.263152181 ], [ 139.146439843, 35.263223728 ], [ 139.14643569099999, 35.263284819 ], [ 139.14642083699999, 35.263322 ], [ 139.146395006, 35.263368063 ], [ 139.14635829299999, 35.263411082 ], [ 139.14628716499999, 35.26344049 ], [ 139.146261584, 35.263456743 ], [ 139.14625050399999, 35.263477547 ], [ 139.146211658999988, 35.26355782 ], [ 139.146183721999989, 35.263638155 ], [ 139.146157622, 35.26371552 ], [ 139.146076154000014, 35.263782084 ], [ 139.14653618599999, 35.264210595 ], [ 139.146900609, 35.264586273 ], [ 139.14737054299999, 35.265113406 ], [ 139.14843357699999, 35.266498111 ], [ 139.14877558, 35.266420839 ], [ 139.14921000199999, 35.266078867 ], [ 139.149392311000014, 35.265969845 ], [ 139.14999158399999, 35.265701743 ], [ 139.15014383, 35.265671424 ], [ 139.15060117199999, 35.265677582 ], [ 139.150652404999988, 35.267718345 ], [ 139.150616148000012, 35.268465399 ], [ 139.150011357000011, 35.269277802 ], [ 139.149158168000014, 35.27040629 ], [ 139.14917868399999, 35.270865602 ], [ 139.149248749, 35.27243377 ], [ 139.149011406, 35.272427164 ], [ 139.14900829699999, 35.272654347 ], [ 139.148529935, 35.272649324 ], [ 139.147978478, 35.272666501 ], [ 139.147974283999986, 35.272478009 ], [ 139.147810657, 35.272479714 ], [ 139.147807652000012, 35.272455476 ], [ 139.146822882, 35.272557331 ], [ 139.146767226, 35.27233839 ], [ 139.14676705, 35.272338374 ], [ 139.14627629200001, 35.272293469 ], [ 139.146091375999987, 35.272029621 ], [ 139.14600425099999, 35.272013334 ], [ 139.145984983, 35.271863716 ], [ 139.14593672699999, 35.271865298 ], [ 139.145875948, 35.271867288 ], [ 139.145802766, 35.271428822 ], [ 139.14582063099999, 35.271290683 ], [ 139.145853628, 35.271035554 ], [ 139.145824143999988, 35.271032233 ], [ 139.145842019000014, 35.270890191 ], [ 139.145628776, 35.270854607 ], [ 139.145624394, 35.270828135 ], [ 139.14532563899999, 35.270870578 ], [ 139.14501514, 35.270914684 ], [ 139.145046578, 35.270933938 ], [ 139.14506631899999, 35.27095207 ], [ 139.145084841999989, 35.270981706 ], [ 139.145090216, 35.271001305 ], [ 139.14509130799999, 35.271022981 ], [ 139.14509243099999, 35.271091496 ], [ 139.145100565, 35.271150089 ], [ 139.145108677, 35.271200613 ], [ 139.145115901, 35.271253684 ], [ 139.14511763199999, 35.27130886 ], [ 139.145134492000011, 35.271381881 ], [ 139.14514337, 35.271410777 ], [ 139.145178598, 35.27152131 ], [ 139.145205014, 35.271627394 ], [ 139.14523383, 35.27175655 ], [ 139.14530771299999, 35.271999928 ], [ 139.145336879000013, 35.272087728 ], [ 139.145382848, 35.272203299 ], [ 139.145400381, 35.272252471 ], [ 139.145457740000012, 35.272433989 ], [ 139.145465091, 35.272473297 ], [ 139.145465777, 35.272493628 ], [ 139.145506754, 35.272497366 ], [ 139.14556052399999, 35.27250538 ], [ 139.145758922999988, 35.272540788 ], [ 139.14595599, 35.27257626 ], [ 139.146174857, 35.272607529 ], [ 139.14628325000001, 35.272621469 ], [ 139.146459115999988, 35.272638594 ], [ 139.146810458, 35.272674787 ], [ 139.147253073, 35.272719214 ], [ 139.147326496, 35.272725939 ], [ 139.14737856299999, 35.272732545 ], [ 139.147491671000012, 35.272747861 ], [ 139.147577797999986, 35.272767983 ], [ 139.147749092999987, 35.272821533 ], [ 139.148020637, 35.272909804 ], [ 139.1480411, 35.272915527 ], [ 139.148083797999988, 35.272918573 ], [ 139.14818254799999, 35.272912127 ], [ 139.14832108600001, 35.272890197 ], [ 139.148459362000011, 35.272871978 ], [ 139.148564365, 35.272864343 ], [ 139.148659296, 35.272861085 ], [ 139.14883249, 35.272865246 ], [ 139.14919457100001, 35.272933134 ], [ 139.14945466899999, 35.273015641 ], [ 139.149664601000012, 35.273009229 ], [ 139.149655827, 35.273713128 ], [ 139.149674443, 35.273997601 ], [ 139.149810265000013, 35.274719011 ], [ 139.149926314999988, 35.275210233 ], [ 139.150254523, 35.276557983 ], [ 139.150425154, 35.277146088 ], [ 139.15010974899999, 35.277458981 ], [ 139.149827875, 35.27773861 ], [ 139.149843675, 35.277746155 ], [ 139.149786868, 35.277808635 ], [ 139.149727852000012, 35.277873547 ], [ 139.149701063, 35.277863137 ], [ 139.14970104, 35.27786316 ], [ 139.148915222999989, 35.278636991 ], [ 139.148676034, 35.278873304 ], [ 139.147924504, 35.279622599 ], [ 139.147611192999989, 35.279920389 ], [ 139.147451135000011, 35.280072515 ], [ 139.14734661599999, 35.280172032 ], [ 139.147144172, 35.280364789 ], [ 139.14700971799999, 35.280478278 ], [ 139.14680458399999, 35.280642045 ], [ 139.146735322000012, 35.280686808 ], [ 139.146703374, 35.280707456 ], [ 139.146701803000013, 35.280708472 ], [ 139.14655284599999, 35.280790493 ], [ 139.145497741000014, 35.281370406 ], [ 139.145361734, 35.28144145 ], [ 139.145349348, 35.281448343 ], [ 139.144136178999986, 35.282081483 ], [ 139.144015265, 35.282298412 ], [ 139.143950256000011, 35.282432866 ], [ 139.143921217000013, 35.282522977 ], [ 139.143911229, 35.282540578 ], [ 139.14383279, 35.28261502 ], [ 139.143792666, 35.28263446 ], [ 139.14376123400001, 35.282643863 ], [ 139.143669498, 35.282658981 ], [ 139.143374039, 35.282703195 ], [ 139.14325901, 35.282719575 ], [ 139.14322342, 35.282722197 ], [ 139.143068314, 35.282733622 ], [ 139.142967964, 35.282749689 ], [ 139.14278918799999, 35.282778929 ], [ 139.14276239599999, 35.282778285 ], [ 139.14276215000001, 35.282778279 ], [ 139.142641805000011, 35.282756502 ], [ 139.14264122599999, 35.282756396 ], [ 139.142544171999987, 35.282746765 ], [ 139.142457804, 35.282750319 ], [ 139.142355642000012, 35.282763356 ], [ 139.14227925, 35.282781579 ], [ 139.142203013999989, 35.282809736 ], [ 139.141946149, 35.282816327 ], [ 139.141839733000012, 35.28282329 ], [ 139.141762320999987, 35.282838469 ], [ 139.141669836, 35.282869714 ], [ 139.141560833999989, 35.282929572 ], [ 139.14156068, 35.282929656 ], [ 139.141371912000011, 35.282879926 ], [ 139.141322718999987, 35.282818649 ], [ 139.141103957000013, 35.282591629 ], [ 139.141137428, 35.282559542 ], [ 139.141281972, 35.282319917 ], [ 139.141341382, 35.282285751 ], [ 139.141197303000013, 35.282092874 ], [ 139.141196963999988, 35.28209242 ], [ 139.141100114000011, 35.282133454 ], [ 139.14109947899999, 35.282133724 ], [ 139.141050522, 35.282083925 ], [ 139.141050105, 35.282083503 ], [ 139.14093440799999, 35.282132488 ], [ 139.14093368799999, 35.282132793 ], [ 139.14084375499999, 35.282008713 ], [ 139.140770419, 35.281978106 ], [ 139.140770242, 35.281978032 ], [ 139.140667041, 35.281968859 ], [ 139.140583614, 35.281972925 ], [ 139.140439345, 35.282021523 ], [ 139.140353018000013, 35.282074319 ], [ 139.14027852000001, 35.282160644 ], [ 139.140333141000013, 35.282224709 ], [ 139.14033347899999, 35.282225103 ], [ 139.140346588, 35.282243674 ], [ 139.13992793700001, 35.282479552 ], [ 139.139787266000013, 35.282482009 ], [ 139.139787098999989, 35.282482105 ], [ 139.139708594000012, 35.282527255 ], [ 139.139714996, 35.282554492 ], [ 139.139714841, 35.282554537 ], [ 139.13965012700001, 35.282573575 ], [ 139.139626698, 35.28258488 ], [ 139.13957048899999, 35.282631565 ], [ 139.139568888000014, 35.282674932 ], [ 139.139755987, 35.28294595 ], [ 139.139748458000014, 35.283036192 ], [ 139.13970212000001, 35.283134279 ], [ 139.139635526, 35.2831571 ], [ 139.13940900099999, 35.283190604 ], [ 139.139388099, 35.283176836 ], [ 139.139387922999987, 35.283176788 ], [ 139.139371539, 35.283172198 ], [ 139.139345158, 35.283165496 ], [ 139.139298086, 35.283134459 ], [ 139.139138964000011, 35.283001318 ], [ 139.13901865599999, 35.282835201 ], [ 139.13893440199999, 35.28276612 ], [ 139.13883292700001, 35.282698959 ], [ 139.138832745, 35.282698922 ], [ 139.13878137099999, 35.282688577 ], [ 139.138306523000011, 35.282913572 ], [ 139.13833255899999, 35.283031743 ], [ 139.138336071, 35.283052946 ], [ 139.138321975, 35.283262686 ], [ 139.13832839, 35.28352058 ], [ 139.138335938000012, 35.283572581 ], [ 139.138360831999989, 35.283682778 ], [ 139.13835932, 35.283715552 ], [ 139.138343443, 35.283774972 ], [ 139.13832711500001, 35.283815235 ], [ 139.13845855299999, 35.283970464 ], [ 139.138289028, 35.284110498 ], [ 139.13818629299999, 35.284190611 ], [ 139.13816897, 35.284203122 ], [ 139.138016098, 35.284347217 ], [ 139.138004372000012, 35.284353198 ], [ 139.137991453000012, 35.284353124 ], [ 139.13799132299999, 35.284353085 ], [ 139.137834099, 35.28430634 ], [ 139.137833918000013, 35.284306301 ], [ 139.13781752700001, 35.284303211 ], [ 139.137808895, 35.284306192 ], [ 139.137743698, 35.284381472 ], [ 139.137725714, 35.284399523 ], [ 139.137718541999988, 35.284401268 ], [ 139.13771836, 35.284401227 ], [ 139.137706793, 35.284398619 ], [ 139.13765655899999, 35.284387291 ], [ 139.13761603099999, 35.284381513 ], [ 139.137598809999986, 35.284383425 ], [ 139.137586442000014, 35.28439143 ], [ 139.13756405, 35.284422066 ], [ 139.13750064300001, 35.28450391 ], [ 139.13746218899999, 35.284542531 ], [ 139.137387945, 35.284606014 ], [ 139.137362075999988, 35.284639631 ], [ 139.137346243, 35.284668196 ], [ 139.13733603899999, 35.284695657 ], [ 139.137297674, 35.284878919 ], [ 139.137292414, 35.284911637 ], [ 139.137292796999986, 35.284938762 ], [ 139.137297544, 35.284967445 ], [ 139.137307220999986, 35.284999077 ], [ 139.137320093999989, 35.285026265 ], [ 139.137333627, 35.285047842 ], [ 139.137347245, 35.285061216 ], [ 139.137387477, 35.285097783 ], [ 139.137418394, 35.285129168 ], [ 139.13744931299999, 35.285159381 ], [ 139.137484561, 35.285196425 ], [ 139.13750560299999, 35.285215484 ], [ 139.137533475999987, 35.285238152 ], [ 139.137591160999989, 35.285276352 ], [ 139.137633195, 35.285301483 ], [ 139.137715818, 35.285340329 ], [ 139.137777825, 35.285365711 ], [ 139.13780832099999, 35.285374584 ], [ 139.137946434000014, 35.285416827 ], [ 139.138026919, 35.285436616 ], [ 139.138027098, 35.28543666 ], [ 139.138015763, 35.285669698 ], [ 139.13852286, 35.285722254 ], [ 139.138589351, 35.285726714 ], [ 139.138589575999987, 35.285726729 ], [ 139.138615961, 35.285741853 ], [ 139.13838638499999, 35.28600032 ], [ 139.138347794999987, 35.286065009 ], [ 139.138227438, 35.286223181 ], [ 139.138186568, 35.286261319 ], [ 139.13807154599999, 35.286294362 ], [ 139.138032122, 35.286308459 ], [ 139.13800703199999, 35.286324179 ], [ 139.137991489, 35.286338224 ], [ 139.13783159499999, 35.286508212 ], [ 139.137807766, 35.286532034 ], [ 139.137766942000013, 35.28656352 ], [ 139.137755618, 35.286575227 ], [ 139.137714719, 35.286616439 ], [ 139.137700763999987, 35.286643987 ], [ 139.137694899, 35.286673114 ], [ 139.137693977, 35.286693372 ], [ 139.137653719000014, 35.286718858 ], [ 139.137597441, 35.286756483 ], [ 139.137515056000012, 35.286812978 ], [ 139.137472894000013, 35.286857987 ], [ 139.137447341000012, 35.286901919 ], [ 139.13743642099999, 35.286919343 ], [ 139.137422824, 35.286940808 ], [ 139.137401815, 35.28696773 ], [ 139.137383492999987, 35.286988898 ], [ 139.137341873, 35.2870221 ], [ 139.137306212999988, 35.287042339 ], [ 139.137297055, 35.287030694 ], [ 139.13728361599999, 35.286997869 ], [ 139.137281392, 35.286966136 ], [ 139.137280734, 35.286896544 ], [ 139.137278546, 35.286860709 ], [ 139.13726875099999, 35.28684019 ], [ 139.137251528, 35.286811435 ], [ 139.13721942699999, 35.286785714 ], [ 139.13685665700001, 35.286608635 ], [ 139.136761415, 35.286552983 ], [ 139.136665935, 35.2864849 ], [ 139.136523444, 35.286370934 ], [ 139.136149039, 35.285989671 ], [ 139.135964925, 35.285783946 ], [ 139.135936445, 35.285759218 ], [ 139.135569755, 35.285486275 ], [ 139.135528806, 35.285460457 ], [ 139.135466954, 35.285426396 ], [ 139.135300453000013, 35.285348681 ], [ 139.135247112, 35.285321962 ], [ 139.13519001099999, 35.285288885 ], [ 139.134722555, 35.284993876 ], [ 139.134520331, 35.285103708 ], [ 139.134389860999988, 35.285261071 ], [ 139.134348966, 35.285300739 ], [ 139.13430189499999, 35.285341292 ], [ 139.134281767, 35.285361637 ], [ 139.134269767, 35.285378965 ], [ 139.134257710000014, 35.285402945 ], [ 139.134248151, 35.285425407 ], [ 139.134242991, 35.285446353 ], [ 139.134239622, 35.285474989 ], [ 139.134239290000011, 35.285516136 ], [ 139.134247547, 35.285570936 ], [ 139.134255462999988, 35.285594004 ], [ 139.134264038, 35.285611965 ], [ 139.134278884999986, 35.285626374 ], [ 139.134288809999987, 35.285633083 ], [ 139.134301247, 35.285636743 ], [ 139.134335502, 35.28564308 ], [ 139.134351673999987, 35.285648284 ], [ 139.13437467599999, 35.285658144 ], [ 139.13439451, 35.285672076 ], [ 139.13442851100001, 35.285700153 ], [ 139.13457336799999, 35.285829936 ], [ 139.134694593, 35.285937364 ], [ 139.13473337, 35.285998468 ], [ 139.134760496000013, 35.286033323 ], [ 139.13492542099999, 35.286304077 ], [ 139.13507067, 35.28653745 ], [ 139.135106605, 35.286586848 ], [ 139.135210914999988, 35.286718623 ], [ 139.13525909, 35.286824735 ], [ 139.13529862199999, 35.286878625 ], [ 139.13536344, 35.286952039 ], [ 139.13554066899999, 35.287060386 ], [ 139.135561787, 35.287073309 ], [ 139.13553209599999, 35.287102814 ], [ 139.13546143100001, 35.287183519 ], [ 139.13540190399999, 35.287245514 ], [ 139.13529229, 35.287443408 ], [ 139.135289715999988, 35.287452606 ], [ 139.135287484, 35.287611682 ], [ 139.135300183, 35.287694505 ], [ 139.135311876, 35.287805445 ], [ 139.135310370000013, 35.28783987 ], [ 139.13529806, 35.287877839 ], [ 139.135260085, 35.287985699 ], [ 139.13521913, 35.288094804 ], [ 139.135158845, 35.288253103 ], [ 139.13511532199999, 35.28837968 ], [ 139.13508867199999, 35.288372134 ], [ 139.134959177000013, 35.288345066 ], [ 139.134947433, 35.288342835 ], [ 139.134892232, 35.288363428 ], [ 139.134767538, 35.288216346 ], [ 139.134443237999989, 35.288410196 ], [ 139.134414464, 35.28837584 ], [ 139.13437454699999, 35.288328195 ], [ 139.134058917, 35.288358642 ], [ 139.133880344, 35.288333045 ], [ 139.133860391000013, 35.288332929 ], [ 139.133762334000011, 35.288347199 ], [ 139.133744261, 35.288352198 ], [ 139.133729222, 35.28835979 ], [ 139.133718464999987, 35.288377125 ], [ 139.133710793, 35.28839857 ], [ 139.133704212999987, 35.288438951 ], [ 139.133704005999988, 35.288463 ], [ 139.133656607, 35.288462212 ], [ 139.133650030000013, 35.288420231 ], [ 139.133646913, 35.28840561 ], [ 139.133608947, 35.28827466 ], [ 139.133605891, 35.288266971 ], [ 139.133389577, 35.288251396 ], [ 139.133327920999989, 35.28831192 ], [ 139.133056055, 35.288325643 ], [ 139.132969957, 35.288327705 ], [ 139.13285799799999, 35.288297905 ], [ 139.132742121, 35.288282108 ], [ 139.132757512000012, 35.288214664 ], [ 139.132767199, 35.288177162 ], [ 139.132775716999987, 35.288133811 ], [ 139.132784721, 35.288081115 ], [ 139.132789986, 35.287966468 ], [ 139.132798904999987, 35.287923453 ], [ 139.13280015699999, 35.287920122 ], [ 139.132798443000013, 35.2879175 ], [ 139.132797745, 35.287916435 ], [ 139.132789618, 35.287914552 ], [ 139.13277885299999, 35.287911652 ], [ 139.132771135000013, 35.287909438 ], [ 139.132753275999988, 35.287902991 ], [ 139.13274373199999, 35.287899932 ], [ 139.132732581999988, 35.287894357 ], [ 139.13271841400001, 35.287884928 ], [ 139.132702638000012, 35.287872985 ], [ 139.13268424, 35.287858189 ], [ 139.132673914, 35.287854433 ], [ 139.13264094199999, 35.287855149 ], [ 139.132640528, 35.287855158 ], [ 139.132618879, 35.287859625 ], [ 139.13251421199999, 35.287890884 ], [ 139.132408191, 35.287927327 ], [ 139.13207714399999, 35.28802962 ], [ 139.132048239999989, 35.288036032 ], [ 139.131921847, 35.288053886 ], [ 139.131896735999987, 35.288056391 ], [ 139.131680053, 35.288058424 ], [ 139.131665446, 35.288062982 ], [ 139.13163940199999, 35.288079426 ], [ 139.13161833800001, 35.288081963 ], [ 139.131378153000014, 35.288064632 ], [ 139.131321651, 35.288064034 ], [ 139.13132376199999, 35.288084228 ], [ 139.13132762399999, 35.288105498 ], [ 139.131336312, 35.288129445 ], [ 139.131347440000013, 35.288153406 ], [ 139.131543751, 35.288463411 ], [ 139.13157641, 35.288524004 ], [ 139.13160739700001, 35.288590564 ], [ 139.131621568000014, 35.288636446 ], [ 139.131631696, 35.288682071 ], [ 139.13163624, 35.288717279 ], [ 139.131636034, 35.288741175 ], [ 139.13163429799999, 35.288755101 ], [ 139.131624948, 35.288808058 ], [ 139.131591930000013, 35.289070952 ], [ 139.131589091, 35.289119395 ], [ 139.13158884399999, 35.289147932 ], [ 139.131591025, 35.289175825 ], [ 139.131595675999989, 35.289199748 ], [ 139.131602952, 35.289221505 ], [ 139.13160259, 35.289227903 ], [ 139.131600364, 35.289232235 ], [ 139.131547511, 35.289249326 ], [ 139.131541551, 35.289253392 ], [ 139.131539002000011, 35.289259517 ], [ 139.131541454, 35.289264641 ], [ 139.131559133, 35.289276003 ], [ 139.13156561, 35.289284739 ], [ 139.13156553499999, 35.289293437 ], [ 139.131560799999988, 35.289299549 ], [ 139.13155016799999, 35.289303326 ], [ 139.13154173800001, 35.289304305 ], [ 139.13149094900001, 35.28929761 ], [ 139.131475983, 35.289298037 ], [ 139.131463790999987, 35.289300527 ], [ 139.131452521999989, 35.289305572 ], [ 139.131440575, 35.289316509 ], [ 139.13143836, 35.289322626 ], [ 139.13143825, 35.289331397 ], [ 139.13146611799999, 35.289387535 ], [ 139.131499713000011, 35.289456562 ], [ 139.13152040899999, 35.289495722 ], [ 139.131575344, 35.28959277 ], [ 139.131629425, 35.289699369 ], [ 139.13165111399999, 35.289744187 ], [ 139.13169342899999, 35.28983094 ], [ 139.131698379999989, 35.289839534 ], [ 139.13170678899999, 35.289854924 ], [ 139.131728363, 35.289902949 ], [ 139.13175014399999, 35.289952455 ], [ 139.131777660000012, 35.29005231 ], [ 139.13179355299999, 35.290101043 ], [ 139.131808420999988, 35.290140131 ], [ 139.13184720000001, 35.290188214 ], [ 139.13188999799999, 35.290226582 ], [ 139.131946070999987, 35.290274618 ], [ 139.131972176, 35.290293321 ], [ 139.132004153, 35.290306666 ], [ 139.132068862000011, 35.290330983 ], [ 139.132182242999988, 35.290378316 ], [ 139.132164479000011, 35.290409807 ], [ 139.132152681, 35.290431985 ], [ 139.132056530999989, 35.290644206 ], [ 139.13207495899999, 35.290655373 ], [ 139.132131976000011, 35.290683331 ], [ 139.132227496000013, 35.290739158 ], [ 139.132259484, 35.29075573 ], [ 139.132264501, 35.290758329 ], [ 139.132269119999989, 35.29075995 ], [ 139.132273422, 35.290761454 ], [ 139.132275012, 35.29076201 ], [ 139.13227745, 35.290762862 ], [ 139.132307032999989, 35.290773207 ], [ 139.132318929, 35.290777367 ], [ 139.132346574, 35.290787033 ], [ 139.132355932, 35.290790305 ], [ 139.132371326, 35.290795687 ], [ 139.13237351, 35.290796452 ], [ 139.132482094000011, 35.290840811 ], [ 139.132509207, 35.290851887 ], [ 139.132532997, 35.290861606 ], [ 139.132544977, 35.290866499 ], [ 139.132555481999987, 35.290870791 ], [ 139.132566962, 35.2908743 ], [ 139.132570737, 35.290876926 ], [ 139.132590711, 35.290890825 ], [ 139.13259871299999, 35.290939029 ], [ 139.13259892799999, 35.290940329 ], [ 139.132602779, 35.290963517 ], [ 139.132603894999988, 35.29096989 ], [ 139.13260402099999, 35.290970612 ], [ 139.13260409099999, 35.290971006 ], [ 139.13260415799999, 35.290971388 ], [ 139.13260437400001, 35.290972619 ], [ 139.132604945999987, 35.290975874 ], [ 139.13260524099999, 35.290977568 ], [ 139.13260550699999, 35.29097908 ], [ 139.132606288, 35.290983532 ], [ 139.13260643000001, 35.290984346 ], [ 139.13260645599999, 35.290984496 ], [ 139.132607479, 35.290990325 ], [ 139.132608155000014, 35.290994171 ], [ 139.13261076, 35.29100902 ], [ 139.132615539999989, 35.291023451 ], [ 139.132633776, 35.291078463 ], [ 139.132634559, 35.291080831 ], [ 139.13264197, 35.29110319 ], [ 139.132642405000013, 35.291104504 ], [ 139.13265271, 35.291135595 ], [ 139.132663713, 35.291168792 ], [ 139.13268000799999, 35.291179027 ], [ 139.13268118, 35.291179762 ], [ 139.132691768, 35.291186411 ], [ 139.13269183, 35.29118645 ], [ 139.13269219899999, 35.291186684 ], [ 139.132712921, 35.291199698 ], [ 139.13273295499999, 35.291212279 ], [ 139.132751090999989, 35.291241909 ], [ 139.132758698, 35.291254338 ], [ 139.132758931000012, 35.29125472 ], [ 139.132761359999989, 35.291258686 ], [ 139.13276242399999, 35.291260053 ], [ 139.132768771, 35.291268192 ], [ 139.132773648000011, 35.291274443 ], [ 139.132786076, 35.291286683 ], [ 139.132794389, 35.291294044 ], [ 139.13279488, 35.291294476 ], [ 139.13280424199999, 35.291302764 ], [ 139.132818961, 35.291315794 ], [ 139.132820054, 35.291316759 ], [ 139.132835174, 35.291330145 ], [ 139.132866148, 35.291355777 ], [ 139.132868672, 35.291357865 ], [ 139.132880042000011, 35.291367273 ], [ 139.13287849, 35.291368705 ], [ 139.132861225999989, 35.291358649 ], [ 139.132860892, 35.291358453 ], [ 139.132824496000012, 35.291337249 ], [ 139.132741557, 35.29129406 ], [ 139.132723327, 35.291290549 ], [ 139.132713540999987, 35.291288664 ], [ 139.132677057, 35.291281635 ], [ 139.132645451, 35.291272159 ], [ 139.13263926, 35.291275401 ], [ 139.132633668000011, 35.291278328 ], [ 139.13263645399999, 35.291268682 ], [ 139.132652694, 35.291212446 ], [ 139.132653153, 35.291197666 ], [ 139.132645629, 35.291177791 ], [ 139.132629955999988, 35.291159401 ], [ 139.13259768, 35.29109037 ], [ 139.13258818700001, 35.291070065 ], [ 139.13257459799999, 35.291025403 ], [ 139.132570082, 35.291009828 ], [ 139.132567658999989, 35.291001474 ], [ 139.132562403, 35.290973509 ], [ 139.132560684, 35.290943402 ], [ 139.132560823, 35.290927278 ], [ 139.132560909, 35.290917246 ], [ 139.132561001, 35.290906608 ], [ 139.132519617000014, 35.290927899 ], [ 139.13250540300001, 35.290936092 ], [ 139.13250535899999, 35.290936118 ], [ 139.13250532, 35.29093614 ], [ 139.132466451999989, 35.290957495 ], [ 139.13232922, 35.291050653 ], [ 139.132285185, 35.291078035 ], [ 139.132259444, 35.291133152 ], [ 139.132200786, 35.291294479 ], [ 139.13225139299999, 35.291477866 ], [ 139.132228394, 35.291536269 ], [ 139.132076979, 35.291894865 ], [ 139.13198164799999, 35.291898405 ], [ 139.13187040599999, 35.291907432 ], [ 139.13177774, 35.291911031 ], [ 139.131674929000013, 35.291918718 ], [ 139.13155039, 35.291906944 ], [ 139.131422447, 35.291899289 ], [ 139.131311492, 35.291875154 ], [ 139.13107951399999, 35.291824067 ], [ 139.130817369999988, 35.291753453 ], [ 139.130681175, 35.291726413 ], [ 139.130660707, 35.291756689 ], [ 139.130628059, 35.291829729 ], [ 139.130564614, 35.291960632 ], [ 139.130471379, 35.292223996 ], [ 139.130451983, 35.292324741 ], [ 139.130434447999988, 35.292403405 ], [ 139.130436655000011, 35.29253744 ], [ 139.130466974, 35.292732446 ], [ 139.13048125099999, 35.292833386 ], [ 139.130490672, 35.292913586 ], [ 139.130491592, 35.29300202 ], [ 139.130426711000013, 35.293297349 ], [ 139.13025870300001, 35.294024547 ], [ 139.130202707, 35.294266024 ], [ 139.130217772, 35.294277163 ], [ 139.130286372, 35.294330068 ], [ 139.13037864099999, 35.29442765 ], [ 139.13043984699999, 35.294422922 ], [ 139.130650382999988, 35.294406658 ], [ 139.13093996399999, 35.294375438 ], [ 139.131454337, 35.294318255 ], [ 139.131463806999989, 35.294317285 ], [ 139.131460476, 35.294160525 ], [ 139.13152018299999, 35.294157049 ], [ 139.131523816999987, 35.294143559 ], [ 139.131534695, 35.294121495 ], [ 139.131547751999989, 35.294092806 ], [ 139.131592944, 35.294018796 ], [ 139.13160943599999, 35.294000931 ], [ 139.131653752, 35.293963748 ], [ 139.131667004, 35.293955606 ], [ 139.131700679, 35.293939617 ], [ 139.13182301099999, 35.293875591 ], [ 139.131847142999987, 35.293861324 ], [ 139.131919685000014, 35.293830493 ], [ 139.132015063000011, 35.293791881 ], [ 139.132110554, 35.2937693 ], [ 139.132140978, 35.293732898 ], [ 139.132183513, 35.293683396 ], [ 139.132255203999989, 35.293573272 ], [ 139.132328161, 35.293460136 ], [ 139.132512776999988, 35.29320032 ], [ 139.132635850000014, 35.293034255 ], [ 139.132635885000013, 35.29303421 ], [ 139.13280275599999, 35.292812394 ], [ 139.132951794, 35.292603599 ], [ 139.133043415, 35.292475319 ], [ 139.13325273, 35.292185069 ], [ 139.133288577, 35.292107774 ], [ 139.133249611, 35.292040393 ], [ 139.133210561, 35.29198282 ], [ 139.13319063, 35.291947982 ], [ 139.133389577, 35.291946211 ], [ 139.133453371, 35.291945644 ] ], [ [ 139.154013126, 35.273042986 ], [ 139.154050705, 35.271265778 ], [ 139.154067996, 35.271110328 ], [ 139.154053379, 35.271012687 ], [ 139.154183085, 35.271002885 ], [ 139.154381269, 35.27062911 ], [ 139.15448077, 35.27037547 ], [ 139.154485685, 35.269630814 ], [ 139.15449500599999, 35.269315841 ], [ 139.15446172599999, 35.269305125 ], [ 139.154488507, 35.269163574 ], [ 139.154515112000013, 35.269165292 ], [ 139.15458533099999, 35.268496006 ], [ 139.154757552, 35.268494733 ], [ 139.15493886499999, 35.268492488 ], [ 139.154741222000013, 35.270189708 ], [ 139.154720951, 35.270197967 ], [ 139.154647813999986, 35.270892483 ], [ 139.154574685999989, 35.271586989 ], [ 139.154628373, 35.271591798 ], [ 139.154593476, 35.271935563 ], [ 139.15475237199999, 35.271948623 ], [ 139.154697602999988, 35.272283172 ], [ 139.15452721299999, 35.272324864 ], [ 139.154452456, 35.272363403 ], [ 139.154369511999988, 35.27308921 ], [ 139.154202375000011, 35.273067731 ], [ 139.154013126, 35.273042986 ] ] ] ] } },
{ "type": "Feature", "properties": { "A29_001": "14206", "A29_002": "神奈川県", "A29_003": "小田原市", "A29_004": 3, "A29_005": "第一種中高層住居専用地域", "A29_006": 60, "A29_007": 150, "A29_008": null }, "geometry": { "type": "Polygon", "coordinates": [ [ [ 139.13986012, 35.288505607 ], [ 139.13993435099999, 35.288555863 ], [ 139.140249009, 35.288718036 ], [ 139.140349431, 35.288766674 ], [ 139.140427484000014, 35.288800627 ], [ 139.140577659, 35.28885641 ], [ 139.140863728999989, 35.288953507 ], [ 139.14116802, 35.289052943 ], [ 139.14141220499999, 35.289130617 ], [ 139.141510657999987, 35.289163983 ], [ 139.141824695999986, 35.289242119 ], [ 139.142150527000013, 35.289320718 ], [ 139.142368094, 35.289376821 ], [ 139.142562613, 35.289432116 ], [ 139.142738769, 35.289152666 ], [ 139.142564983999989, 35.289101159 ], [ 139.142653588, 35.288737189 ], [ 139.142660811000013, 35.288436863 ], [ 139.14267529, 35.288361696 ], [ 139.142690705, 35.288281379 ], [ 139.142697027999986, 35.288248694 ], [ 139.142698517000014, 35.288241761 ], [ 139.14270848699999, 35.288193863 ], [ 139.14271765399999, 35.288150197 ], [ 139.142749368000011, 35.287988756 ], [ 139.142812799000012, 35.287665512 ], [ 139.14251950100001, 35.287611736 ], [ 139.142169888000012, 35.287542178 ], [ 139.142145005, 35.287633205 ], [ 139.14208437100001, 35.287756432 ], [ 139.142067454999989, 35.287789553 ], [ 139.141981681, 35.287909914 ], [ 139.141978349999988, 35.287913861 ], [ 139.141668517, 35.28775556 ], [ 139.141400401, 35.287618581 ], [ 139.14152394199999, 35.287460012 ], [ 139.141321051, 35.287361903 ], [ 139.141220981, 35.287315168 ], [ 139.141056494, 35.287452025 ], [ 139.14078885, 35.287678099 ], [ 139.140387264, 35.288024464 ], [ 139.139905784, 35.288460808 ], [ 139.13986012, 35.288505607 ] ] ] } },
{ "type": "Feature", "properties": { "A29_001": "14206", "A29_002": "神奈川県", "A29_003": "小田原市", "A29_004": 3, "A29_005": "第一種中高層住居専用地域", "A29_006": 60, "A29_007": 200, "A29_008": null }, "geometry": { "type": "Polygon", "coordinates": [ [ [ 139.17828454299999, 35.289169278 ], [ 139.178294885000014, 35.287261732 ], [ 139.178303491, 35.285530024 ], [ 139.17830945599999, 35.28432806 ], [ 139.17832883, 35.280453564 ], [ 139.177810727, 35.280452272 ], [ 139.177442678, 35.280443904 ], [ 139.176458488, 35.28041309 ], [ 139.176086086999987, 35.280405965 ], [ 139.175360756, 35.280406367 ], [ 139.170027002000012, 35.280409202 ], [ 139.170089802, 35.280914905 ], [ 139.170517116000013, 35.280900183 ], [ 139.171156313000012, 35.280871161 ], [ 139.172048902, 35.280885806 ], [ 139.172250488, 35.28090097 ], [ 139.172459077000013, 35.280928133 ], [ 139.172734286, 35.280937317 ], [ 139.172955056, 35.280927687 ], [ 139.173087476, 35.280913806 ], [ 139.173288802, 35.28090914 ], [ 139.173520558, 35.280907922 ], [ 139.17381924599999, 35.280905215 ], [ 139.17430120899999, 35.280881872 ], [ 139.174682367, 35.280935968 ], [ 139.175474025999989, 35.280903868 ], [ 139.175467160000011, 35.280920958 ], [ 139.175356165000011, 35.281139731 ], [ 139.175328388, 35.281195161 ], [ 139.175314981000014, 35.281232731 ], [ 139.17530820799999, 35.281268218 ], [ 139.175305433, 35.281340812 ], [ 139.175305642000012, 35.28144928 ], [ 139.1753189, 35.281706245 ], [ 139.175317619, 35.281728648 ], [ 139.175310959, 35.28174206 ], [ 139.175295591, 35.281750044 ], [ 139.17523541599999, 35.281759579 ], [ 139.175173126, 35.281760132 ], [ 139.17513161799999, 35.28175722 ], [ 139.174990799, 35.281739426 ], [ 139.174936231, 35.281731061 ], [ 139.174895786, 35.281732635 ], [ 139.174856371, 35.281741381 ], [ 139.17481576, 35.281763569 ], [ 139.174781736, 35.281790822 ], [ 139.174761823000011, 35.281821191 ], [ 139.17473275399999, 35.281901709 ], [ 139.174715791000011, 35.28197244 ], [ 139.17471438199999, 35.282280842 ], [ 139.175002111999987, 35.282131728 ], [ 139.175304777, 35.281974879 ], [ 139.17532823, 35.281997416 ], [ 139.175405692, 35.282056609 ], [ 139.175425765, 35.282062037 ], [ 139.17546751899999, 35.282064247 ], [ 139.17569991, 35.281942288 ], [ 139.175728235, 35.281936042 ], [ 139.175762084000013, 35.281931746 ], [ 139.176040801999989, 35.281923399 ], [ 139.176018529, 35.281975271 ], [ 139.176011727, 35.282004819 ], [ 139.175981795000013, 35.282329714 ], [ 139.175978257999986, 35.282361966 ], [ 139.17597462399999, 35.28240497 ], [ 139.175972554999987, 35.282798119 ], [ 139.17597570800001, 35.282812189 ], [ 139.176008165000013, 35.282853605 ], [ 139.176014315, 35.283314124 ], [ 139.17601851, 35.283628875 ], [ 139.176040408, 35.283894198 ], [ 139.17569289299999, 35.283894995 ], [ 139.175516351999988, 35.283886887 ], [ 139.17508813399999, 35.283867521 ], [ 139.174742922, 35.283853987 ], [ 139.174609057, 35.283853515 ], [ 139.17460712499999, 35.283867228 ], [ 139.174598406, 35.283913568 ], [ 139.17458457399999, 35.283987111 ], [ 139.174683601, 35.284023877 ], [ 139.174686306000012, 35.284144636 ], [ 139.174697306000013, 35.28418041 ], [ 139.17487352, 35.284196495 ], [ 139.174875872, 35.28426177 ], [ 139.174973513, 35.284270054 ], [ 139.175028586, 35.284273828 ], [ 139.175037186999987, 35.28429975 ], [ 139.175144921, 35.284585272 ], [ 139.17516909299999, 35.284709168 ], [ 139.175172306, 35.284787518 ], [ 139.175167617999989, 35.28484658 ], [ 139.17507624000001, 35.284848102 ], [ 139.17508426, 35.285014429 ], [ 139.175104256, 35.285032169 ], [ 139.175108943, 35.28517972 ], [ 139.175226458999987, 35.285182928 ], [ 139.175167578000014, 35.285346006 ], [ 139.175073848000011, 35.285556427 ], [ 139.175007682, 35.285717509 ], [ 139.17491959899999, 35.285869999 ], [ 139.17491515099999, 35.2860378 ], [ 139.174973703, 35.286007912 ], [ 139.175084478, 35.28596129 ], [ 139.17518821499999, 35.285917622 ], [ 139.175227188, 35.285905242 ], [ 139.175255859, 35.285901206 ], [ 139.17526989699999, 35.285901283 ], [ 139.17532029899999, 35.285901557 ], [ 139.175353073999986, 35.285895867 ], [ 139.17541156499999, 35.285873524 ], [ 139.175593185, 35.285803192 ], [ 139.17566917900001, 35.285765854 ], [ 139.175722089, 35.285744363 ], [ 139.17578951199999, 35.285727909 ], [ 139.17588087499999, 35.28571502 ], [ 139.17600548199999, 35.285711506 ], [ 139.176076048999988, 35.285712728 ], [ 139.17612281000001, 35.285723005 ], [ 139.176162763, 35.285741719 ], [ 139.17619318199999, 35.285748555 ], [ 139.17622509899999, 35.285749612 ], [ 139.17625960699999, 35.28575647 ], [ 139.176333093000011, 35.285776168 ], [ 139.176413669, 35.285804297 ], [ 139.176484096, 35.285823131 ], [ 139.176543262, 35.285828654 ], [ 139.176579341, 35.28582885 ], [ 139.176985814, 35.285871376 ], [ 139.17701266099999, 35.285874073 ], [ 139.17704820599999, 35.285876411 ], [ 139.17718621099999, 35.28588145 ], [ 139.177214969, 35.285881606 ], [ 139.17723482299999, 35.285883003 ], [ 139.17724995399999, 35.285886519 ], [ 139.177260878, 35.285893871 ], [ 139.177271753000014, 35.285907226 ], [ 139.17729989, 35.285980267 ], [ 139.177335231, 35.286069202 ], [ 139.177347954, 35.286097503 ], [ 139.17735931499999, 35.286116008 ], [ 139.177370176000011, 35.286131057 ], [ 139.177424949, 35.286183762 ], [ 139.17744641499999, 35.286207378 ], [ 139.177459145, 35.286222555 ], [ 139.177465536, 35.286235786 ], [ 139.177469403, 35.286248346 ], [ 139.177470053, 35.286260447 ], [ 139.177466220000014, 35.28628187 ], [ 139.17745919399999, 35.286309289 ], [ 139.177452233999986, 35.28632984 ], [ 139.177445551, 35.286352871 ], [ 139.177435753, 35.286400863 ], [ 139.177423627, 35.286477137 ], [ 139.17741824699999, 35.28649684 ], [ 139.177384525, 35.286558647 ], [ 139.177324782, 35.286615983 ], [ 139.177305600000011, 35.28665591 ], [ 139.177305252, 35.286698792 ], [ 139.17737797, 35.286924269 ], [ 139.177388672, 35.286949668 ], [ 139.177406659000013, 35.286973615 ], [ 139.177482133000012, 35.287015967 ], [ 139.17746308400001, 35.287044168 ], [ 139.17743551, 35.287092063 ], [ 139.177399463, 35.287151911 ], [ 139.17729647199999, 35.287355107 ], [ 139.177139315, 35.287655119 ], [ 139.177132989, 35.287672004 ], [ 139.177129731, 35.287687427 ], [ 139.177127386, 35.287708237 ], [ 139.17712363199999, 35.287785197 ], [ 139.177121239, 35.287822935 ], [ 139.177107831, 35.28805942 ], [ 139.177098773000012, 35.288145149 ], [ 139.177092958, 35.288217176 ], [ 139.177089652, 35.288238603 ], [ 139.177051293, 35.288373624 ], [ 139.176917175, 35.288395711 ], [ 139.176560247, 35.288464048 ], [ 139.17641041600001, 35.288506971 ], [ 139.176382108000013, 35.288516255 ], [ 139.176265992, 35.288561028 ], [ 139.176136899999989, 35.288616944 ], [ 139.176058957, 35.288656225 ], [ 139.17634055799999, 35.288796798 ], [ 139.176589983000014, 35.288918743 ], [ 139.176749381, 35.28899667 ], [ 139.17711717099999, 35.289172715 ], [ 139.177532778999989, 35.289171451 ], [ 139.17828454299999, 35.289169278 ] ] ] } },
{ "type": "Feature", "properties": { "A29_001": "14206", "A29_002": "神奈川県", "A29_003": "小田原市", "A29_004": 3, "A29_005": "第一種中高層住居専用地域", "A29_006": 60, "A29_007": 150, "A29_008": null }, "geometry": { "type": "Polygon", "coordinates": [ [ [ 139.153432826, 35.288847288 ], [ 139.15349867, 35.28875818 ], [ 139.15364947, 35.288570296 ], [ 139.153736736000013, 35.28847962 ], [ 139.153780415999989, 35.288440057 ], [ 139.153843239, 35.288392072 ], [ 139.15396635, 35.288288268 ], [ 139.154065941999988, 35.288197838 ], [ 139.154148174999989, 35.288109444 ], [ 139.15417881499999, 35.288074072 ], [ 139.15421747100001, 35.288013157 ], [ 139.154255479, 35.287925935 ], [ 139.154317221000014, 35.287799749 ], [ 139.154355116, 35.287726034 ], [ 139.15437277, 35.287688457 ], [ 139.15437917599999, 35.287647975 ], [ 139.154378321, 35.287542764 ], [ 139.15437493499999, 35.287325223 ], [ 139.15437094399999, 35.287180187 ], [ 139.154366382, 35.286999605 ], [ 139.154369226999989, 35.286762906 ], [ 139.154372203, 35.286700739 ], [ 139.15437328499999, 35.286678122 ], [ 139.154446209000014, 35.286684209 ], [ 139.154589426, 35.286703006 ], [ 139.154787027, 35.286735303 ], [ 139.154959420000012, 35.28676416 ], [ 139.155095305, 35.286785015 ], [ 139.155276433000012, 35.286819019 ], [ 139.155351653, 35.286833835 ], [ 139.155408717, 35.286842024 ], [ 139.155559641, 35.286841644 ], [ 139.155946855, 35.286836944 ], [ 139.156129118, 35.286842345 ], [ 139.156257665999988, 35.286842452 ], [ 139.157010996, 35.286829197 ], [ 139.15720775, 35.286826547 ], [ 139.157750442, 35.286834921 ], [ 139.157821754999986, 35.286669283 ], [ 139.157887300999988, 35.286504097 ], [ 139.15794066699999, 35.28627559 ], [ 139.158033429999989, 35.285675949 ], [ 139.15813932, 35.285077174 ], [ 139.158185479, 35.284839117 ], [ 139.158292603, 35.284465188 ], [ 139.15819929, 35.283758313 ], [ 139.15728479, 35.2836173 ], [ 139.15728607599999, 35.283597503 ], [ 139.156720669, 35.283521319 ], [ 139.154996847, 35.283289043 ], [ 139.154388412, 35.283917969 ], [ 139.153913577999987, 35.284261643 ], [ 139.153456428999988, 35.284630275 ], [ 139.153034553, 35.285018628 ], [ 139.15279729299999, 35.2852341 ], [ 139.152486632, 35.285518775 ], [ 139.15213730799999, 35.285840982 ], [ 139.15180028099999, 35.28615172 ], [ 139.151682348, 35.286261171 ], [ 139.151633374999989, 35.286314529 ], [ 139.15156639599999, 35.286405744 ], [ 139.15149962000001, 35.286501557 ], [ 139.151430693, 35.286623111 ], [ 139.151407325, 35.286668492 ], [ 139.15136961799999, 35.286743123 ], [ 139.151333353000012, 35.286824045 ], [ 139.151328624, 35.286939616 ], [ 139.151323647999988, 35.287011231 ], [ 139.151300381, 35.287119215 ], [ 139.151264200000014, 35.287222782 ], [ 139.151215052, 35.287325725 ], [ 139.151105946, 35.287511097 ], [ 139.15074734, 35.28811885 ], [ 139.150537687999986, 35.288425147 ], [ 139.151652834, 35.289089528 ], [ 139.15187093, 35.289214467 ], [ 139.151926559, 35.289238136 ], [ 139.151969742, 35.289251467 ], [ 139.152009544, 35.289260102 ], [ 139.152100604999987, 35.289270891 ], [ 139.152660617, 35.289289259 ], [ 139.152681538, 35.288876991 ], [ 139.153130862000012, 35.288937137 ], [ 139.153131607, 35.288915174 ], [ 139.153168216000012, 35.288907375 ], [ 139.153385479, 35.288851988 ], [ 139.153412698000011, 35.288849286 ], [ 139.153432826, 35.288847288 ] ] ] } },
{ "type": "Feature", "properties": { "A29_001": "14206", "A29_002": "神奈川県", "A29_003": "小田原市", "A29_004": 11, "A29_005": "工業地域", "A29_006": 60, "A29_007": 200, "A29_008": null }, "geometry": { "type": "Polygon", "coordinates": [ [ [ 139.18922432799999, 35.289447177 ], [ 139.18925790899999, 35.285612687 ], [ 139.189179220999989, 35.285628866 ], [ 139.189010497999988, 35.285672578 ], [ 139.188907776, 35.285702905 ], [ 139.188821757999989, 35.285736763 ], [ 139.188756649, 35.285770733 ], [ 139.188706706, 35.285801187 ], [ 139.188653079, 35.285838652 ], [ 139.18860677, 35.285875291 ], [ 139.188562506000011, 35.285918801 ], [ 139.188529788000011, 35.285956368 ], [ 139.18850017299999, 35.2859991 ], [ 139.18847257199999, 35.286051279 ], [ 139.188456545, 35.286094092 ], [ 139.188379443, 35.286335809 ], [ 139.18832157599999, 35.286511357 ], [ 139.188263892, 35.286673565 ], [ 139.18819648600001, 35.28686536 ], [ 139.188137716, 35.287032664 ], [ 139.188058511, 35.287262137 ], [ 139.188009317, 35.287414042 ], [ 139.18793864700001, 35.287630445 ], [ 139.18787666899999, 35.28779739 ], [ 139.187837414, 35.287867517 ], [ 139.187803597, 35.287920178 ], [ 139.18770815799999, 35.288036653 ], [ 139.187822686, 35.288123286 ], [ 139.187919969, 35.288196874 ], [ 139.187934189, 35.288208731 ], [ 139.187968915, 35.288178701 ], [ 139.188006666, 35.288209496 ], [ 139.187997364000012, 35.289367733 ], [ 139.187995976, 35.289541243 ], [ 139.18922432799999, 35.289447177 ] ] ] } },
{ "type": "Feature", "properties": { "A29_001": "14206", "A29_002": "神奈川県", "A29_003": "小田原市", "A29_004": 3, "A29_005": "第一種中高層住居専用地域", "A29_006": 60, "A29_007": 200, "A29_008": null }, "geometry": { "type": "Polygon", "coordinates": [ [ [ 139.18770815799999, 35.288036653 ], [ 139.187803597, 35.287920178 ], [ 139.187837414, 35.287867517 ], [ 139.18787666899999, 35.28779739 ], [ 139.18793864700001, 35.287630445 ], [ 139.188009317, 35.287414042 ], [ 139.188058511, 35.287262137 ], [ 139.188137716, 35.287032664 ], [ 139.18819648600001, 35.28686536 ], [ 139.188263892, 35.286673565 ], [ 139.18832157599999, 35.286511357 ], [ 139.188379443, 35.286335809 ], [ 139.188456545, 35.286094092 ], [ 139.18847257199999, 35.286051279 ], [ 139.18850017299999, 35.2859991 ], [ 139.188529788000011, 35.285956368 ], [ 139.188562506000011, 35.285918801 ], [ 139.18860677, 35.285875291 ], [ 139.188653079, 35.285838652 ], [ 139.188706706, 35.285801187 ], [ 139.188756649, 35.285770733 ], [ 139.188821757999989, 35.285736763 ], [ 139.188907776, 35.285702905 ], [ 139.189010497999988, 35.285672578 ], [ 139.189179220999989, 35.285628866 ], [ 139.18925790899999, 35.285612687 ], [ 139.189263821999987, 35.284903518 ], [ 139.186855925, 35.284900336 ], [ 139.186850496, 35.285848818 ], [ 139.185642368, 35.285828464 ], [ 139.185643053, 35.28542075 ], [ 139.184853787, 35.285423525 ], [ 139.184485064, 35.28541541 ], [ 139.184483308000011, 35.284855596 ], [ 139.184473578, 35.283835966 ], [ 139.184462196, 35.282643211 ], [ 139.184455824999986, 35.281975708 ], [ 139.183824241, 35.281685453 ], [ 139.183255615, 35.281418925 ], [ 139.182795258999988, 35.281199471 ], [ 139.182325514000013, 35.280972321 ], [ 139.181989638, 35.280806195 ], [ 139.181624465, 35.280623729 ], [ 139.18131242199999, 35.280460632 ], [ 139.18091917000001, 35.280460026 ], [ 139.179592979, 35.280456724 ], [ 139.17957365800001, 35.284332105 ], [ 139.179559119, 35.287267427 ], [ 139.179548860000011, 35.289165608 ], [ 139.18555211899999, 35.289148005 ], [ 139.186274045, 35.289094756 ], [ 139.186502705, 35.288929479 ], [ 139.186583644, 35.288876729 ], [ 139.186692921, 35.288812114 ], [ 139.186725233, 35.288788616 ], [ 139.187272197999988, 35.288393511 ], [ 139.187447471000013, 35.288267925 ], [ 139.187519006, 35.288214258 ], [ 139.187629533, 35.288113818 ], [ 139.187702252, 35.28804386 ], [ 139.18770815799999, 35.288036653 ] ] ] } },
{ "type": "Feature", "properties": { "A29_001": "14206", "A29_002": "神奈川県", "A29_003": "小田原市", "A29_004": 12, "A29_005": "工業専用地域", "A29_006": 60, "A29_007": 200, "A29_008": null }, "geometry": { "type": "Polygon", "coordinates": [ [ [ 139.19157346, 35.289458653 ], [ 139.19424311899999, 35.289462856 ], [ 139.196236253, 35.289476913 ], [ 139.196295948999989, 35.289354592 ], [ 139.19643632899999, 35.289190626 ], [ 139.196477398000013, 35.289154812 ], [ 139.196587865999987, 35.289070472 ], [ 139.19673275299999, 35.288975315 ], [ 139.197465661, 35.288543076 ], [ 139.197990706000013, 35.288238102 ], [ 139.198198241, 35.288123613 ], [ 139.198262152000012, 35.288085233 ], [ 139.198453782, 35.287970173 ], [ 139.198341421, 35.287962291 ], [ 139.198246342, 35.287951498 ], [ 139.19816146299999, 35.287943913 ], [ 139.198123865000014, 35.287936847 ], [ 139.198088379000012, 35.287928088 ], [ 139.19777184599999, 35.287827937 ], [ 139.196405184000014, 35.287393939 ], [ 139.196276974999989, 35.287339215 ], [ 139.196052939, 35.287235959 ], [ 139.195700429999988, 35.287064212 ], [ 139.194988274, 35.286717586 ], [ 139.194765358000012, 35.286606608 ], [ 139.194391967, 35.286424922 ], [ 139.19395539300001, 35.286220176 ], [ 139.193797397999987, 35.286143982 ], [ 139.193725448, 35.28611701 ], [ 139.19347640699999, 35.286042057 ], [ 139.19337729099999, 35.286012372 ], [ 139.193312615999986, 35.285991441 ], [ 139.19254712599999, 35.285752373 ], [ 139.191946349, 35.285551887 ], [ 139.19189898, 35.285536303 ], [ 139.191845761, 35.285522293 ], [ 139.191789371, 35.285511699 ], [ 139.19166399299999, 35.285497315 ], [ 139.190532972999989, 35.285381536 ], [ 139.190468184, 35.285375188 ], [ 139.190429827, 35.285372415 ], [ 139.190391132, 35.28537221 ], [ 139.190357642, 35.285375466 ], [ 139.190313671000013, 35.285382092 ], [ 139.19025607399999, 35.28539208 ], [ 139.18993488800001, 35.285465739 ], [ 139.18962624299999, 35.285532658 ], [ 139.189317206, 35.285600494 ], [ 139.18925790899999, 35.285612687 ], [ 139.18922432799999, 35.289447177 ], [ 139.19157335599999, 35.289458652 ], [ 139.19157346, 35.289458653 ] ] ] } },
{ "type": "Feature", "properties": { "A29_001": "14206", "A29_002": "神奈川県", "A29_003": "小田原市", "A29_004": 11, "A29_005": "工業地域", "A29_006": 60, "A29_007": 200, "A29_008": null }, "geometry": { "type": "Polygon", "coordinates": [ [ [ 139.16562864799999, 35.287769993 ], [ 139.165528931000011, 35.287588385 ], [ 139.165337732000012, 35.287254511 ], [ 139.16526138899999, 35.287131741 ], [ 139.165231667, 35.287081602 ], [ 139.165121183, 35.286852494 ], [ 139.165118199, 35.286830393 ], [ 139.165113818, 35.28678555 ], [ 139.165115197, 35.286328696 ], [ 139.165100779, 35.285775439 ], [ 139.165107715, 35.284594179 ], [ 139.16446031000001, 35.28444514 ], [ 139.163691913, 35.284287575 ], [ 139.16365181099999, 35.28414028 ], [ 139.163573106, 35.283860969 ], [ 139.163518984, 35.283666117 ], [ 139.163479423000013, 35.283517039 ], [ 139.16342864, 35.283335396 ], [ 139.16338404699999, 35.283169332 ], [ 139.163320354, 35.282950873 ], [ 139.163283025999988, 35.282809815 ], [ 139.163227853, 35.28260318 ], [ 139.163169812, 35.282396058 ], [ 139.163112366, 35.282186584 ], [ 139.163101828, 35.282140831 ], [ 139.163070217000012, 35.282003104 ], [ 139.163053787, 35.281905501 ], [ 139.163026593000012, 35.281719748 ], [ 139.162999062000011, 35.281505258 ], [ 139.162938306, 35.281055822 ], [ 139.16290698, 35.28082367 ], [ 139.162769636, 35.279785906 ], [ 139.16271118899999, 35.27933096 ], [ 139.162426317000012, 35.279610643 ], [ 139.161948013999989, 35.279791769 ], [ 139.16188733300001, 35.279834601 ], [ 139.161834209, 35.279895376 ], [ 139.161823637999987, 35.279932176 ], [ 139.161781671999989, 35.280353678 ], [ 139.161707836, 35.281061641 ], [ 139.161648326, 35.281946253 ], [ 139.161572122, 35.28311496 ], [ 139.161533923, 35.283563199 ], [ 139.161589499, 35.283647637 ], [ 139.16160157600001, 35.283680199 ], [ 139.161643819, 35.283848385 ], [ 139.161611177, 35.284029793 ], [ 139.161541602, 35.284162734 ], [ 139.161485911, 35.28422245 ], [ 139.161475435, 35.284254319 ], [ 139.161268275999987, 35.286475306 ], [ 139.16123768, 35.286803315 ], [ 139.162881293999988, 35.286833149 ], [ 139.163128027999988, 35.286839546 ], [ 139.163710634000012, 35.286854663 ], [ 139.164439001, 35.286865854 ], [ 139.164495649, 35.287062959 ], [ 139.164508643, 35.287120514 ], [ 139.164524895999989, 35.28721362 ], [ 139.164531993999987, 35.287264896 ], [ 139.164537881, 35.287368446 ], [ 139.164540748, 35.287501104 ], [ 139.16456290299999, 35.287647886 ], [ 139.164570572, 35.287673826 ], [ 139.164583048999987, 35.287696629 ], [ 139.16460544, 35.287718513 ], [ 139.16462472, 35.287733556 ], [ 139.164645997, 35.28774504 ], [ 139.164666178, 35.287750876 ], [ 139.164685549000012, 35.287753579 ], [ 139.164708912, 35.287753383 ], [ 139.164870044, 35.287755247 ], [ 139.16494140399999, 35.287766026 ], [ 139.16519674, 35.287770691 ], [ 139.165255112000011, 35.287770031 ], [ 139.16562864799999, 35.287769993 ] ] ] } },
{ "type": "Feature", "properties": { "A29_001": "14206", "A29_002": "神奈川県", "A29_003": "小田原市", "A29_004": 3, "A29_005": "第一種中高層住居専用地域", "A29_006": 60, "A29_007": 150, "A29_008": null }, "geometry": { "type": "Polygon", "coordinates": [ [ [ 139.14917862199999, 35.285881227 ], [ 139.14903658099999, 35.285868993 ], [ 139.148851791, 35.285855752 ], [ 139.148510507999987, 35.285875364 ], [ 139.148573392, 35.285356968 ], [ 139.14767118099999, 35.284698506 ], [ 139.147721765999989, 35.284626248 ], [ 139.14717543399999, 35.284376822 ], [ 139.146565501999987, 35.284098358 ], [ 139.146490817, 35.28403919 ], [ 139.146216477, 35.284284786 ], [ 139.146208951, 35.284291524 ], [ 139.146201464, 35.284298224 ], [ 139.146016355, 35.284478077 ], [ 139.145985212, 35.284508335 ], [ 139.145963544000011, 35.284529387 ], [ 139.14606202499999, 35.284580286 ], [ 139.146521516, 35.284844304 ], [ 139.14678382299999, 35.285026075 ], [ 139.147057124000014, 35.285207908 ], [ 139.147341267, 35.28540783 ], [ 139.147537848000013, 35.285562184 ], [ 139.147876274, 35.285843539 ], [ 139.148049719, 35.285988122 ], [ 139.148063839, 35.285999862 ], [ 139.1480858, 35.286011169 ], [ 139.14810604199999, 35.286019374 ], [ 139.148144207, 35.286036246 ], [ 139.148189669, 35.286047687 ], [ 139.148291730000011, 35.286116316 ], [ 139.148488087, 35.286297709 ], [ 139.149124331, 35.286926176 ], [ 139.149338053, 35.286712317 ], [ 139.14956024899999, 35.286502716 ], [ 139.14977837, 35.286304286 ], [ 139.149942361, 35.286156562 ], [ 139.14972319200001, 35.286025917 ], [ 139.149692654, 35.286011268 ], [ 139.149533534, 35.285960187 ], [ 139.149377558999987, 35.28591574 ], [ 139.149312895, 35.285902547 ], [ 139.149251005999986, 35.285891552 ], [ 139.14917862199999, 35.285881227 ] ] ] } },
{ "type": "Feature", "properties": { "A29_001": "14206", "A29_002": "神奈川県", "A29_003": "小田原市", "A29_004": 3, "A29_005": "第一種中高層住居専用地域", "A29_006": 60, "A29_007": 150, "A29_008": null }, "geometry": { "type": "Polygon", "coordinates": [ [ [ 139.152196429000014, 35.281297237 ], [ 139.15193269, 35.281366096 ], [ 139.152012633, 35.281704233 ], [ 139.151865783, 35.281722164 ], [ 139.152026799999987, 35.282059135 ], [ 139.150464105999987, 35.282955159 ], [ 139.150362531000013, 35.283025706 ], [ 139.150081556, 35.283249643 ], [ 139.15036028, 35.283624969 ], [ 139.150739503000011, 35.28438588 ], [ 139.150711984999987, 35.28443715 ], [ 139.150632417, 35.284643845 ], [ 139.150504047999988, 35.28499477 ], [ 139.15037651599999, 35.285008806 ], [ 139.150248637, 35.285594315 ], [ 139.150346527000011, 35.285610877 ], [ 139.150324985, 35.285686213 ], [ 139.150291313, 35.285682047 ], [ 139.150225326999987, 35.285901069 ], [ 139.150292003, 35.285840798 ], [ 139.15055625, 35.285597711 ], [ 139.150719103, 35.285451637 ], [ 139.150853723000012, 35.28511435 ], [ 139.150923076, 35.284858092 ], [ 139.150961474000013, 35.284752186 ], [ 139.151112305, 35.284412493 ], [ 139.151217005, 35.284290663 ], [ 139.151749168, 35.283868449 ], [ 139.151989895000014, 35.283633988 ], [ 139.152145158, 35.283460106 ], [ 139.152431011, 35.2836075 ], [ 139.152495128, 35.283660855 ], [ 139.152949718, 35.283473125 ], [ 139.15339954800001, 35.283036722 ], [ 139.153847699000011, 35.282601948 ], [ 139.15372391299999, 35.282528938 ], [ 139.153720342000014, 35.282526832 ], [ 139.153710503000013, 35.282520854 ], [ 139.153688538000011, 35.28250749 ], [ 139.153591307, 35.282447076 ], [ 139.153543391, 35.282416606 ], [ 139.153521700999988, 35.282402815 ], [ 139.153495217, 35.282385973 ], [ 139.153465452, 35.282366133 ], [ 139.153396566999987, 35.282320216 ], [ 139.153382357, 35.282310745 ], [ 139.153360681, 35.282295858 ], [ 139.153329457000012, 35.282274415 ], [ 139.15332190699999, 35.28226923 ], [ 139.153317998, 35.282266496 ], [ 139.153267645999989, 35.282231268 ], [ 139.153252732, 35.282220835 ], [ 139.15321400900001, 35.282193106 ], [ 139.153108855999989, 35.282116098 ], [ 139.152995056, 35.282029535 ], [ 139.152976677, 35.282014899 ], [ 139.15288585499999, 35.28194255 ], [ 139.152806610999988, 35.2818774 ], [ 139.15279139399999, 35.281864889 ], [ 139.15277193899999, 35.281848278 ], [ 139.15271999699999, 35.281803927 ], [ 139.152688025, 35.281776626 ], [ 139.152660551999986, 35.28175207 ], [ 139.152580836999988, 35.281680817 ], [ 139.152482727, 35.281589498 ], [ 139.15237797899999, 35.281488113 ], [ 139.152307463999989, 35.281415104 ], [ 139.152196429000014, 35.281297237 ] ] ] } },
{ "type": "Feature", "properties": { "A29_001": "14206", "A29_002": "神奈川県", "A29_003": "小田原市", "A29_004": 10, "A29_005": "準工業地域", "A29_006": 60, "A29_007": 200, "A29_008": null }, "geometry": { "type": "Polygon", "coordinates": [ [ [ 139.203505847, 35.285002651 ], [ 139.20371036, 35.285137314 ], [ 139.203715644999988, 35.28514759 ], [ 139.20371674899999, 35.285158341 ], [ 139.203706552, 35.285245698 ], [ 139.203705482, 35.285459174 ], [ 139.203701516, 35.286276735 ], [ 139.203688422, 35.287668285 ], [ 139.203675669, 35.287932477 ], [ 139.203602929, 35.287945773 ], [ 139.203540379, 35.287949395 ], [ 139.203537192, 35.287977656 ], [ 139.203534409000014, 35.288030383 ], [ 139.20352830600001, 35.288203783 ], [ 139.203524173, 35.288737416 ], [ 139.20352424, 35.288881966 ], [ 139.203524089000013, 35.288901499 ], [ 139.20357166, 35.28890858 ], [ 139.20358175199999, 35.28891295 ], [ 139.203587657000014, 35.288919822 ], [ 139.203589343, 35.288932117 ], [ 139.20358919200001, 35.288951641 ], [ 139.20361410000001, 35.289424985 ], [ 139.203640059, 35.289762537 ], [ 139.203654406, 35.28990864 ], [ 139.20366729599999, 35.290013208 ], [ 139.20367351199999, 35.290055237 ], [ 139.20367812500001, 35.290075778 ], [ 139.203683446000014, 35.290089948 ], [ 139.203692386, 35.290102498 ], [ 139.203763312, 35.290140529 ], [ 139.20386735299999, 35.289978131 ], [ 139.203964133, 35.289782325 ], [ 139.204000509999986, 35.289690237 ], [ 139.204064921, 35.28952161 ], [ 139.204099335, 35.289382124 ], [ 139.20411409, 35.289315136 ], [ 139.204155963, 35.288970285 ], [ 139.204213971, 35.288549212 ], [ 139.20423800099999, 35.288367685 ], [ 139.204259736000012, 35.288174418 ], [ 139.204287929, 35.287915102 ], [ 139.204332842000014, 35.287648977 ], [ 139.204339205, 35.287595466 ], [ 139.2043898, 35.287208383 ], [ 139.20442163199999, 35.286940559 ], [ 139.204446741999988, 35.286772702 ], [ 139.204513174, 35.28633515 ], [ 139.204523290999987, 35.286258051 ], [ 139.204563715, 35.285955133 ], [ 139.204597994000011, 35.285679147 ], [ 139.20462977, 35.285416873 ], [ 139.20465521, 35.285203425 ], [ 139.204658222, 35.285122377 ], [ 139.204641363, 35.284992396 ], [ 139.204589819, 35.284852444 ], [ 139.204563818, 35.284792862 ], [ 139.204544516999988, 35.284759734 ], [ 139.20452066499999, 35.284720921 ], [ 139.204484236000013, 35.284670721 ], [ 139.204410013, 35.284600512 ], [ 139.204372385999989, 35.284555967 ], [ 139.204203455, 35.284414729 ], [ 139.203826772000014, 35.284732185 ], [ 139.203505847, 35.285002651 ] ] ] } },
{ "type": "Feature", "properties": { "A29_001": "14206", "A29_002": "神奈川県", "A29_003": "小田原市", "A29_004": 3, "A29_005": "第一種中高層住居専用地域", "A29_006": 60, "A29_007": 200, "A29_008": null }, "geometry": { "type": "Polygon", "coordinates": [ [ [ 139.165917597, 35.277596777 ], [ 139.16431326599999, 35.27623047 ], [ 139.163605399, 35.27749767 ], [ 139.163495527, 35.277592881 ], [ 139.163196742, 35.278230508 ], [ 139.162920006, 35.278833488 ], [ 139.16280023600001, 35.279243534 ], [ 139.16288437599999, 35.27931139 ], [ 139.162926303, 35.279363219 ], [ 139.162976977, 35.279443527 ], [ 139.163011149999988, 35.279502678 ], [ 139.163519981, 35.279553226 ], [ 139.163512566, 35.279830117 ], [ 139.163521191, 35.279873333 ], [ 139.163560192, 35.279968314 ], [ 139.163628506, 35.280074635 ], [ 139.164071237, 35.280444988 ], [ 139.164299125000014, 35.280795545 ], [ 139.164394268, 35.281040092 ], [ 139.164562416, 35.281806094 ], [ 139.164757949, 35.282707406 ], [ 139.16495086099999, 35.283244595 ], [ 139.16500893700001, 35.283672743 ], [ 139.165067013999987, 35.284100901 ], [ 139.16544344, 35.284204866 ], [ 139.16552133, 35.284224169 ], [ 139.16571256899999, 35.28427156 ], [ 139.165913233999987, 35.284323541 ], [ 139.166114292, 35.284376762 ], [ 139.166247661, 35.284413203 ], [ 139.16638075099999, 35.284450318 ], [ 139.166513548000012, 35.284488126 ], [ 139.166636527, 35.284523837 ], [ 139.166646065, 35.284526606 ], [ 139.166778281, 35.284565771 ], [ 139.166910194, 35.28460561 ], [ 139.16704179199999, 35.284646133 ], [ 139.16716357199999, 35.284684334 ], [ 139.167173088999988, 35.28468732 ], [ 139.167434722, 35.284771718 ], [ 139.167695048000013, 35.284858793 ], [ 139.167824712999987, 35.284903324 ], [ 139.167954033, 35.284948529 ], [ 139.16808299499999, 35.28499439 ], [ 139.168211622, 35.285040916 ], [ 139.168339882, 35.285088098 ], [ 139.16846777399999, 35.285135936 ], [ 139.168584535, 35.285180334 ], [ 139.168595307, 35.28518443 ], [ 139.16872246299999, 35.28523357 ], [ 139.168849251000012, 35.285283376 ], [ 139.168930323000012, 35.285315731 ], [ 139.168975648000014, 35.285333819 ], [ 139.169101667, 35.285384917 ], [ 139.169129548, 35.2853964 ], [ 139.169227283999987, 35.285436654 ], [ 139.16927532299999, 35.285456756 ], [ 139.16929505600001, 35.285464927 ], [ 139.169286924, 35.285226493 ], [ 139.168710791, 35.279983976 ], [ 139.16774595699999, 35.279153789 ], [ 139.165917597, 35.277596777 ] ] ] } },
{ "type": "Feature", "properties": { "A29_001": "14206", "A29_002": "神奈川県", "A29_003": "小田原市", "A29_004": 3, "A29_005": "第一種中高層住居専用地域", "A29_006": 60, "A29_007": 200, "A29_008": null }, "geometry": { "type": "Polygon", "coordinates": [ [ [ 139.145497741000014, 35.281370405 ], [ 139.146701803000013, 35.280708472 ], [ 139.146703374999987, 35.280707456 ], [ 139.146735323, 35.280686808 ], [ 139.14680458399999, 35.280642045 ], [ 139.14700971799999, 35.280478278 ], [ 139.147143992, 35.280364751 ], [ 139.14734661599999, 35.280172032 ], [ 139.147451136, 35.280072514 ], [ 139.147611192, 35.279920389 ], [ 139.147924324, 35.279622559 ], [ 139.148675852999986, 35.278873265 ], [ 139.148915042, 35.278636951 ], [ 139.14970088199999, 35.277863098 ], [ 139.14970104, 35.277863159 ], [ 139.149701064, 35.277863137 ], [ 139.1496986, 35.277862022 ], [ 139.149364238, 35.277710931 ], [ 139.14929430699999, 35.277692381 ], [ 139.149090489, 35.277660463 ], [ 139.148984907999989, 35.277642216 ], [ 139.148901446999986, 35.27762459 ], [ 139.14872458100001, 35.277569433 ], [ 139.148561561, 35.27762594 ], [ 139.148430934, 35.27769167 ], [ 139.148134770000013, 35.27799786 ], [ 139.148035104, 35.27804709 ], [ 139.147880173, 35.278121867 ], [ 139.147804396, 35.278009149 ], [ 139.147721722999989, 35.277899231 ], [ 139.147581065, 35.277757048 ], [ 139.147494327, 35.277691492 ], [ 139.14745715699999, 35.27767374 ], [ 139.147371314999987, 35.277648032 ], [ 139.14733876299999, 35.277644323 ], [ 139.147287124, 35.27764403 ], [ 139.14721576, 35.277650683 ], [ 139.147172633, 35.277661535 ], [ 139.147147929999988, 35.277675015 ], [ 139.147127482, 35.277694568 ], [ 139.147116501, 35.277715509 ], [ 139.147113235, 35.277739197 ], [ 139.147106536, 35.277803718 ], [ 139.147100153, 35.277844714 ], [ 139.14706152, 35.277979662 ], [ 139.147023233, 35.278013726 ], [ 139.14683742599999, 35.277959208 ], [ 139.146806806, 35.277945414 ], [ 139.14669938099999, 35.277886321 ], [ 139.146645404999987, 35.277872404 ], [ 139.146598098999988, 35.277869107 ], [ 139.146570394, 35.277873483 ], [ 139.146413663, 35.277942704 ], [ 139.14639018599999, 35.277956696 ], [ 139.146372195, 35.277975759 ], [ 139.146351489000011, 35.277994759 ], [ 139.14593453099999, 35.278014584 ], [ 139.145776009, 35.278060087 ], [ 139.145704969, 35.278028414 ], [ 139.145521798, 35.278026363 ], [ 139.145426909, 35.278066792 ], [ 139.145368049000012, 35.278193556 ], [ 139.14533982899999, 35.2783316 ], [ 139.14538188899999, 35.27859268 ], [ 139.145580731, 35.278777401 ], [ 139.14543804499999, 35.2790677 ], [ 139.145435498000012, 35.279077773 ], [ 139.145439885, 35.279141347 ], [ 139.14545303700001, 35.279184798 ], [ 139.14546511099999, 35.279210349 ], [ 139.14545859099999, 35.279398951 ], [ 139.145452226, 35.279425145 ], [ 139.145436045999986, 35.279448255 ], [ 139.145267491, 35.279619196 ], [ 139.14522023699999, 35.279682477 ], [ 139.145192818, 35.279725696 ], [ 139.145163905, 35.279801187 ], [ 139.145154870999988, 35.279851579 ], [ 139.145151833, 35.279910704 ], [ 139.145416001, 35.279932379 ], [ 139.14547925, 35.280237037 ], [ 139.145366986999989, 35.280281793 ], [ 139.1451539, 35.280382215 ], [ 139.144891263, 35.280471511 ], [ 139.144861875, 35.280485126 ], [ 139.1447707, 35.280590451 ], [ 139.144576324000013, 35.280814985 ], [ 139.144579359, 35.28103692 ], [ 139.1445836, 35.281117648 ], [ 139.144460599000013, 35.281100929 ], [ 139.144445061, 35.281193641 ], [ 139.14449595, 35.281281692 ], [ 139.14456943799999, 35.2813154 ], [ 139.144650909, 35.281422789 ], [ 139.144622284, 35.281535608 ], [ 139.144552532, 35.281641127 ], [ 139.144432763, 35.281700966 ], [ 139.144403551000011, 35.28183766 ], [ 139.14432587499999, 35.28186344 ], [ 139.144221969, 35.281937494 ], [ 139.144158764, 35.282038119 ], [ 139.144136178999986, 35.282081483 ], [ 139.145349348, 35.281448343 ], [ 139.14536173499999, 35.28144145 ], [ 139.145497741000014, 35.281370405 ] ] ] } },
{ "type": "Feature", "properties": { "A29_001": "14206", "A29_002": "神奈川県", "A29_003": "小田原市", "A29_004": 8, "A29_005": "近隣商業地域", "A29_006": 80, "A29_007": 200, "A29_008": null }, "geometry": { "type": "Polygon", "coordinates": [ [ [ 139.215123084999988, 35.280527289 ], [ 139.21511767699999, 35.280502795 ], [ 139.215099414, 35.280452244 ], [ 139.215076509999989, 35.28041414 ], [ 139.214350908, 35.280176818 ], [ 139.21330031, 35.279827035 ], [ 139.211879342, 35.279319243 ], [ 139.21104174199999, 35.27903485 ], [ 139.210376236, 35.278829571 ], [ 139.208920492, 35.278377397 ], [ 139.208351607, 35.278169622 ], [ 139.207251063, 35.277749019 ], [ 139.206967687, 35.277629152 ], [ 139.206909434000011, 35.277608307 ], [ 139.20685369899999, 35.277595832 ], [ 139.206796931000014, 35.277590615 ], [ 139.206726927, 35.277588207 ], [ 139.20665925599999, 35.277589902 ], [ 139.206566880999986, 35.277600547 ], [ 139.20649219, 35.277612997 ], [ 139.20640698299999, 35.27763793 ], [ 139.206334497, 35.277665236 ], [ 139.205908827, 35.277854428 ], [ 139.205829405, 35.277874559 ], [ 139.205758405000012, 35.277884457 ], [ 139.205690636000014, 35.277890199 ], [ 139.20567555, 35.277929251 ], [ 139.205573958, 35.278112991 ], [ 139.205552979, 35.27812927 ], [ 139.205349993, 35.278479317 ], [ 139.205247648000011, 35.27843723 ], [ 139.205145302, 35.278395144 ], [ 139.205114291, 35.278385319 ], [ 139.205215345, 35.278149097 ], [ 139.205220125000011, 35.278137908 ], [ 139.205188600000014, 35.278126341 ], [ 139.205152762000012, 35.278112454 ], [ 139.205117312999988, 35.278097919 ], [ 139.205082264999987, 35.278082747 ], [ 139.20504764, 35.278066936 ], [ 139.205013447999988, 35.278050506 ], [ 139.204979712000011, 35.278033448 ], [ 139.20494644199999, 35.278015787 ], [ 139.204913661, 35.277997526 ], [ 139.204881379, 35.277978663 ], [ 139.204849617, 35.277959225 ], [ 139.204818388, 35.277939214 ], [ 139.20478771399999, 35.277918638 ], [ 139.20475759199999, 35.277897514 ], [ 139.204728058, 35.277875844 ], [ 139.20469912199999, 35.277853636 ], [ 139.204670783000012, 35.277830917 ], [ 139.204643073999989, 35.277807679 ], [ 139.204615996, 35.277783949 ], [ 139.204589559999988, 35.277759734 ], [ 139.204563798, 35.277735037 ], [ 139.20453870899999, 35.277709883 ], [ 139.204514295, 35.277684273 ], [ 139.204490588, 35.277658225 ], [ 139.204467598, 35.277631758 ], [ 139.204445327, 35.277604879 ], [ 139.20442378300001, 35.277577598 ], [ 139.20440298, 35.277549934 ], [ 139.20438293699999, 35.277521895 ], [ 139.20397428699999, 35.276937375 ], [ 139.203927687, 35.27686812 ], [ 139.20388187099999, 35.276798518 ], [ 139.203836827, 35.276728577 ], [ 139.203792555, 35.276658298 ], [ 139.203749077, 35.276587698 ], [ 139.203706383, 35.276516778 ], [ 139.203664471, 35.276445529 ], [ 139.203623353000012, 35.276373977 ], [ 139.203583040000012, 35.276302123 ], [ 139.203543531, 35.276229966 ], [ 139.203532966000012, 35.276210377 ], [ 139.203393962, 35.275954274 ], [ 139.203372809, 35.27591077 ], [ 139.203350841, 35.275867532 ], [ 139.20332806799999, 35.275824578 ], [ 139.20330449, 35.275781917 ], [ 139.203280108, 35.275739559 ], [ 139.203254942, 35.275697521 ], [ 139.203228983, 35.275655795 ], [ 139.203202252000011, 35.275614407 ], [ 139.203174738, 35.275573357 ], [ 139.203146462, 35.275532665 ], [ 139.203117424999988, 35.275492337 ], [ 139.20308762799999, 35.275452376 ], [ 139.203057089999987, 35.275412789 ], [ 139.203025813000011, 35.275373603 ], [ 139.202993797, 35.275334811 ], [ 139.202961063, 35.27529643 ], [ 139.202960507, 35.275295787 ], [ 139.202666149, 35.274905779 ], [ 139.202125826000014, 35.274202661 ], [ 139.202094593999988, 35.27416344 ], [ 139.202062645000012, 35.274124621 ], [ 139.20202995599999, 35.274086212 ], [ 139.20199656, 35.274048224 ], [ 139.201962447, 35.274010655 ], [ 139.201927638, 35.273973524 ], [ 139.201892132000012, 35.273936832 ], [ 139.201855942, 35.273900595 ], [ 139.201819078, 35.273864824 ], [ 139.20178155100001, 35.273829518 ], [ 139.201772067, 35.273820761 ], [ 139.200741034, 35.27291597 ], [ 139.200702291999988, 35.272881549 ], [ 139.200662919, 35.272847622 ], [ 139.200622915999986, 35.272814195 ], [ 139.200582282999989, 35.272781279 ], [ 139.200541041, 35.272748874 ], [ 139.200524083, 35.272735841 ], [ 139.199667318, 35.272085124 ], [ 139.197613107, 35.270629605 ], [ 139.19751142699999, 35.270558968 ], [ 139.197409171, 35.270488886 ], [ 139.197306351, 35.270419351 ], [ 139.197202987999987, 35.270350381 ], [ 139.19709906, 35.270281976 ], [ 139.196994589000013, 35.270214127 ], [ 139.196954879, 35.270188571 ], [ 139.19633711099999, 35.26979882 ], [ 139.19598536399999, 35.269572975 ], [ 139.19543507099999, 35.26922669 ], [ 139.194945477, 35.268932013 ], [ 139.193846502000014, 35.268294453 ], [ 139.193757010000013, 35.268242906 ], [ 139.193667019, 35.268191951 ], [ 139.193576529000012, 35.268141588 ], [ 139.193485551, 35.268091827 ], [ 139.19339408499999, 35.268042667 ], [ 139.19330213, 35.267994117 ], [ 139.19320972, 35.267946168 ], [ 139.193116831999987, 35.26789883 ], [ 139.19302349, 35.267852103 ], [ 139.19292968100001, 35.267805995 ], [ 139.192835438, 35.267760515 ], [ 139.19274074, 35.267715646 ], [ 139.19264560799999, 35.267671415 ], [ 139.192550055, 35.267627803 ], [ 139.192454067, 35.26758482 ], [ 139.192357668, 35.267542484 ], [ 139.192260857, 35.267500776 ], [ 139.192163634999986, 35.267459706 ], [ 139.192066012, 35.267419283 ], [ 139.191968, 35.267379507 ], [ 139.19186959699999, 35.267340369 ], [ 139.191770827, 35.267301887 ], [ 139.19167496599999, 35.267265304 ], [ 139.191141304000013, 35.267049811 ], [ 139.190624473000014, 35.266849512 ], [ 139.19015601800001, 35.266678035 ], [ 139.190087815, 35.266653577 ], [ 139.188363156, 35.266044856 ], [ 139.188271746999987, 35.266011332 ], [ 139.18817998099999, 35.265978473 ], [ 139.188087868999986, 35.265946279 ], [ 139.187995422, 35.265914741 ], [ 139.187902629, 35.265883877 ], [ 139.187809523999988, 35.265853679 ], [ 139.187716083, 35.265824155 ], [ 139.18762234, 35.265795305 ], [ 139.187528284, 35.26576713 ], [ 139.187433937, 35.265739638 ], [ 139.187339299, 35.26571282 ], [ 139.18724437, 35.265686686 ], [ 139.187240005, 35.2656855 ], [ 139.185993728, 35.265318543 ], [ 139.184940304, 35.265002933 ], [ 139.184831683999988, 35.265325508 ], [ 139.184688087000012, 35.265517478 ], [ 139.184610212, 35.265621589 ], [ 139.185713076000013, 35.265954206 ], [ 139.186981436, 35.266327422 ], [ 139.187036546, 35.266342491 ], [ 139.18712781, 35.266368056 ], [ 139.187218793, 35.266394304 ], [ 139.187309473999989, 35.266421227 ], [ 139.187399852999988, 35.266448833 ], [ 139.187489919, 35.266477113 ], [ 139.187579672, 35.266506059 ], [ 139.187669101000012, 35.266535679 ], [ 139.187758196, 35.266565964 ], [ 139.187846944, 35.266596915 ], [ 139.187935345999989, 35.26662853 ], [ 139.188023402, 35.266660802 ], [ 139.188975750999987, 35.266996291 ], [ 139.189701937, 35.267252102 ], [ 139.18989037099999, 35.267321125 ], [ 139.19028756899999, 35.267466678 ], [ 139.190783223000011, 35.267658753 ], [ 139.19133008099999, 35.267879339 ], [ 139.19135509899999, 35.267888819 ], [ 139.191451091, 35.267925683 ], [ 139.191546703, 35.267963202 ], [ 139.191641925999988, 35.268001368 ], [ 139.191736771, 35.268040181 ], [ 139.19183121399999, 35.268079641 ], [ 139.191925257, 35.268119739 ], [ 139.192018889, 35.268160474 ], [ 139.19211210899999, 35.268201848 ], [ 139.192204906, 35.268243849 ], [ 139.192297270000012, 35.268286489 ], [ 139.1923892, 35.268329748 ], [ 139.192480697, 35.268373636 ], [ 139.192571738, 35.268418143 ], [ 139.19266233499999, 35.268463261 ], [ 139.192752465000012, 35.268509007 ], [ 139.192842141, 35.268555355 ], [ 139.192931339000012, 35.268602313 ], [ 139.19302004799999, 35.268649882 ], [ 139.193108290999987, 35.268698043 ], [ 139.193196035999989, 35.268746814 ], [ 139.19328328099999, 35.268796168 ], [ 139.193370026, 35.268846123 ], [ 139.19446354499999, 35.269480522 ], [ 139.194940231, 35.269767435 ], [ 139.195480365, 35.270107332 ], [ 139.19583172, 35.270332906 ], [ 139.196446864, 35.270720995 ], [ 139.196472269999987, 35.270737318 ], [ 139.196574642, 35.270803706 ], [ 139.196676470999989, 35.270870649 ], [ 139.196777757, 35.270938157 ], [ 139.19687847899999, 35.27100623 ], [ 139.196978636000011, 35.271074849 ], [ 139.197078239, 35.271144025 ], [ 139.197165633, 35.271205952 ], [ 139.197944484, 35.271757843 ], [ 139.198108037, 35.271873732 ], [ 139.198698334999989, 35.272291985 ], [ 139.19911761899999, 35.272589064 ], [ 139.199962179000011, 35.2732305 ], [ 139.199990324, 35.273252299 ], [ 139.200026406, 35.273281117 ], [ 139.200061869, 35.273310445 ], [ 139.200096710999986, 35.273340275 ], [ 139.200130902000012, 35.273370606 ], [ 139.201156956, 35.274270869 ], [ 139.201158287999988, 35.274272084 ], [ 139.201191462, 35.274303167 ], [ 139.201223973, 35.274334715 ], [ 139.20125581, 35.274366719 ], [ 139.201286962000012, 35.27439918 ], [ 139.201317418, 35.274432087 ], [ 139.201347168000012, 35.274465415 ], [ 139.20137621, 35.274499171 ], [ 139.201404524, 35.27453333 ], [ 139.201432098, 35.274567899 ], [ 139.201967238, 35.275264304 ], [ 139.202288728000013, 35.275687645 ], [ 139.202292389, 35.275691873 ], [ 139.202321133999988, 35.27572579 ], [ 139.20234915099999, 35.275760118 ], [ 139.202376439, 35.275794839 ], [ 139.20240297699999, 35.275829952 ], [ 139.202428774999987, 35.275865431 ], [ 139.20245380099999, 35.275901275 ], [ 139.202478066, 35.275937477 ], [ 139.202501559000012, 35.275974016 ], [ 139.202524269, 35.276010885 ], [ 139.202546184999989, 35.276048075 ], [ 139.20256730700001, 35.276085575 ], [ 139.202587634999986, 35.27612337 ], [ 139.202607148, 35.276161448 ], [ 139.202625856, 35.276199801 ], [ 139.202778564, 35.276482993 ], [ 139.20280552700001, 35.276532783 ], [ 139.202846849999986, 35.27660759 ], [ 139.20288895600001, 35.276682095 ], [ 139.202931877999987, 35.276756298 ], [ 139.20297558199999, 35.276830189 ], [ 139.20302007, 35.276903751 ], [ 139.20306535099999, 35.276977002 ], [ 139.203111416000013, 35.277049923 ], [ 139.203158253, 35.277122505 ], [ 139.203205873, 35.277194749 ], [ 139.203254265, 35.277266645 ], [ 139.203667152, 35.277857319 ], [ 139.203691303999989, 35.277891248 ], [ 139.20371621699999, 35.277924811 ], [ 139.203741869, 35.277958 ], [ 139.20376826099999, 35.277990795 ], [ 139.20379538200001, 35.27802318 ], [ 139.203823231, 35.278055154 ], [ 139.20385178699999, 35.278086708 ], [ 139.203881039, 35.278117823 ], [ 139.20391098799999, 35.278148492 ], [ 139.203941609999987, 35.278178704 ], [ 139.203972916999987, 35.278208452 ], [ 139.204004876999988, 35.278237725 ], [ 139.204037489, 35.278266514 ], [ 139.204070731, 35.278294802 ], [ 139.204104615, 35.278322589 ], [ 139.20413910799999, 35.278349865 ], [ 139.204174198, 35.278376612 ], [ 139.204209886, 35.278402821 ], [ 139.204246160999986, 35.278428493 ], [ 139.204283, 35.278453618 ], [ 139.204320394, 35.278478186 ], [ 139.204337075000012, 35.278488847 ], [ 139.20508411899999, 35.27874791 ], [ 139.204973007, 35.278983972 ], [ 139.204778546, 35.279739581 ], [ 139.210154676, 35.280626569 ], [ 139.210836461000014, 35.280739034 ], [ 139.21477334299999, 35.28138198 ], [ 139.21476403599999, 35.281070628 ], [ 139.215276823000011, 35.280926039 ], [ 139.215276104, 35.280875917 ], [ 139.2151996, 35.280731859 ], [ 139.215123932000012, 35.280589374 ], [ 139.215124347, 35.280548117 ], [ 139.215123084999988, 35.280527289 ] ] ] } },
{ "type": "Feature", "properties": { "A29_001": "14206", "A29_002": "神奈川県", "A29_003": "小田原市", "A29_004": 10, "A29_005": "準工業地域", "A29_006": 60, "A29_007": 200, "A29_008": null }, "geometry": { "type": "Polygon", "coordinates": [ [ [ 139.203658827, 35.28068233 ], [ 139.204627036, 35.279949752 ], [ 139.204721162999988, 35.279958796 ], [ 139.204732081, 35.279920127 ], [ 139.204778546, 35.279739581 ], [ 139.204973007, 35.278983972 ], [ 139.20508411899999, 35.27874791 ], [ 139.204337075000012, 35.278488847 ], [ 139.203637759, 35.278246334 ], [ 139.202810375000013, 35.277969509 ], [ 139.20187524, 35.277967083 ], [ 139.200940105, 35.27796465 ], [ 139.200936418, 35.278540751 ], [ 139.200932741, 35.279116853 ], [ 139.199769263, 35.278934097 ], [ 139.198830482, 35.278808531 ], [ 139.197173846999988, 35.27856037 ], [ 139.196576126, 35.278463452 ], [ 139.19398847799999, 35.278043852 ], [ 139.18708973599999, 35.276924878 ], [ 139.18690029199999, 35.277057861 ], [ 139.186875466, 35.279368866 ], [ 139.186873862999988, 35.279892555 ], [ 139.18805764699999, 35.279898406 ], [ 139.18931265, 35.279902054 ], [ 139.192886608, 35.279912368 ], [ 139.199768285, 35.279934679 ], [ 139.199747505, 35.280970943 ], [ 139.1985965, 35.280957391 ], [ 139.198592622, 35.281950277 ], [ 139.198270643, 35.28192689 ], [ 139.198261231, 35.282853502 ], [ 139.197690419, 35.282846926 ], [ 139.19768378099999, 35.28301961 ], [ 139.19720435, 35.283064261 ], [ 139.197198664000013, 35.283378022 ], [ 139.197265191000014, 35.283361633 ], [ 139.19862389799999, 35.282937615 ], [ 139.198852318, 35.282828624 ], [ 139.199301509, 35.282595919 ], [ 139.200314155, 35.282212667 ], [ 139.20062639299999, 35.282066984 ], [ 139.200869243999989, 35.281974597 ], [ 139.202507161, 35.281575098 ], [ 139.202610263, 35.281501529 ], [ 139.203413812, 35.280867714 ], [ 139.203658827, 35.28068233 ] ] ] } },
{ "type": "Feature", "properties": { "A29_001": "14206", "A29_002": "神奈川県", "A29_003": "小田原市", "A29_004": 8, "A29_005": "近隣商業地域", "A29_006": 80, "A29_007": 200, "A29_008": null }, "geometry": { "type": "Polygon", "coordinates": [ [ [ 139.179377574, 35.279412856 ], [ 139.179378461999988, 35.279339968 ], [ 139.179385225, 35.278783157 ], [ 139.179724311, 35.278976387 ], [ 139.18006306699999, 35.279164526 ], [ 139.18007201, 35.278884338 ], [ 139.180067118000011, 35.277948113 ], [ 139.180473185000011, 35.277944744 ], [ 139.18046904, 35.277543557 ], [ 139.18046407, 35.277061572 ], [ 139.180641715, 35.277052317 ], [ 139.180648616000013, 35.276330485 ], [ 139.180645427, 35.275877147 ], [ 139.178864928, 35.27557712 ], [ 139.178259505999989, 35.275467569 ], [ 139.177955386, 35.275408833 ], [ 139.177841744, 35.275851478 ], [ 139.17764365, 35.275913368 ], [ 139.177568823, 35.275938238 ], [ 139.177388565, 35.275978735 ], [ 139.17736588299999, 35.276107523 ], [ 139.177360040999986, 35.276240423 ], [ 139.177373977, 35.276386536 ], [ 139.17740445199999, 35.276515432 ], [ 139.17740794, 35.276525953 ], [ 139.177577845, 35.277000863 ], [ 139.17798139199999, 35.278043875 ], [ 139.178095087, 35.278337342 ], [ 139.17851349599999, 35.279417408 ], [ 139.178539403, 35.279536616 ], [ 139.178550593000011, 35.279648578 ], [ 139.178553876, 35.279935821 ], [ 139.178925819999989, 35.279936752 ], [ 139.179378371000013, 35.279937884 ], [ 139.179377574, 35.279412856 ] ] ] } },
{ "type": "Feature", "properties": { "A29_001": "14206", "A29_002": "神奈川県", "A29_003": "小田原市", "A29_004": 5, "A29_005": "第一種住居地域", "A29_006": 60, "A29_007": 200, "A29_008": null }, "geometry": { "type": "Polygon", "coordinates": [ [ [ 139.186875466, 35.279368866 ], [ 139.18690029199999, 35.277057861 ], [ 139.18708973599999, 35.276924878 ], [ 139.187173812, 35.276865852 ], [ 139.18736773399999, 35.276743286 ], [ 139.18817036499999, 35.276451572 ], [ 139.188483698, 35.276368717 ], [ 139.189229544, 35.276206398 ], [ 139.189003363000012, 35.274295828 ], [ 139.188995358, 35.273979705 ], [ 139.189014226000012, 35.273591783 ], [ 139.189147979000012, 35.272102999 ], [ 139.194182248, 35.272113492 ], [ 139.19419050499999, 35.272618301 ], [ 139.196298825000014, 35.272622624 ], [ 139.198462839, 35.272627031 ], [ 139.19857334, 35.272473433 ], [ 139.198698334999989, 35.272291985 ], [ 139.198108037, 35.271873732 ], [ 139.197944484, 35.271757843 ], [ 139.197165633, 35.271205952 ], [ 139.197023816000012, 35.271408818 ], [ 139.196880219, 35.271614243 ], [ 139.191449616, 35.27160304 ], [ 139.189790139, 35.271599569 ], [ 139.189988746000012, 35.269300208 ], [ 139.190018685000013, 35.2691182 ], [ 139.190056306, 35.268925308 ], [ 139.190205948999989, 35.268483365 ], [ 139.18990466, 35.268385906 ], [ 139.19000499399999, 35.268129257 ], [ 139.190017186, 35.268110834 ], [ 139.19003365099999, 35.268100988 ], [ 139.190060095, 35.268090023 ], [ 139.190150691000014, 35.268062741 ], [ 139.190171435, 35.26805116 ], [ 139.19018724099999, 35.268034289 ], [ 139.190241703, 35.26790482 ], [ 139.190267318, 35.26781787 ], [ 139.190281892, 35.267687197 ], [ 139.190276702, 35.267640024 ], [ 139.190276681, 35.267639882 ], [ 139.19027114299999, 35.267611495 ], [ 139.19026170399999, 35.26758453 ], [ 139.19024365300001, 35.267556523 ], [ 139.19028756899999, 35.267466678 ], [ 139.18989037099999, 35.267321125 ], [ 139.189701937, 35.267252102 ], [ 139.188975750999987, 35.266996291 ], [ 139.188943335, 35.267103549 ], [ 139.188998821000013, 35.267119754 ], [ 139.188953435, 35.267259151 ], [ 139.189243333, 35.267339848 ], [ 139.188858113, 35.268693794 ], [ 139.188783086, 35.26902132 ], [ 139.188760738000013, 35.269229833 ], [ 139.188587231000014, 35.271238215 ], [ 139.18856758199999, 35.271578962 ], [ 139.184419502, 35.271570134 ], [ 139.181090979, 35.271562953 ], [ 139.180980471999987, 35.271561257 ], [ 139.180879155000014, 35.271558034 ], [ 139.182268679, 35.269673714 ], [ 139.18432622, 35.266972251 ], [ 139.184292529, 35.266839012 ], [ 139.184277114, 35.266688213 ], [ 139.18427759299999, 35.266628154 ], [ 139.18428938, 35.266539284 ], [ 139.18432375099999, 35.266401164 ], [ 139.184446154999989, 35.26597547 ], [ 139.184489860000014, 35.265779043 ], [ 139.184610212, 35.265621589 ], [ 139.184688087000012, 35.265517478 ], [ 139.184831683999988, 35.265325508 ], [ 139.184530388000013, 35.265235247 ], [ 139.184229082, 35.265144986 ], [ 139.183210323, 35.266477297 ], [ 139.182567001, 35.267318599 ], [ 139.182358892, 35.26726837 ], [ 139.182227874, 35.267288181 ], [ 139.182223786, 35.267355432 ], [ 139.182189482000013, 35.267873443 ], [ 139.182129941, 35.268772587 ], [ 139.182122534, 35.268884451 ], [ 139.181730253000012, 35.269402302 ], [ 139.181670895, 35.26938062 ], [ 139.181491111000014, 35.269314947 ], [ 139.180926437000011, 35.268955195 ], [ 139.180709525999987, 35.269094718 ], [ 139.18058679399999, 35.269154072 ], [ 139.179993951, 35.269316291 ], [ 139.179735746, 35.269504779 ], [ 139.17953809, 35.269650486 ], [ 139.179085105000013, 35.269984411 ], [ 139.178600644999989, 35.269889179 ], [ 139.17811688899999, 35.269780329 ], [ 139.17771016099999, 35.269494234 ], [ 139.177662129999987, 35.26945314 ], [ 139.177312717, 35.269154356 ], [ 139.17675752, 35.269540584 ], [ 139.17592646, 35.270100356 ], [ 139.176067961, 35.270250335 ], [ 139.176190114, 35.270368002 ], [ 139.176318814000012, 35.270480864 ], [ 139.176453799, 35.270588685 ], [ 139.176594771999987, 35.27069122 ], [ 139.176613463, 35.270704112 ], [ 139.176298653, 35.271005314 ], [ 139.176142954, 35.27108885 ], [ 139.175586673999987, 35.271330578 ], [ 139.175131064999988, 35.271490562 ], [ 139.174929638, 35.27153606 ], [ 139.174312015, 35.271676437 ], [ 139.17382504599999, 35.271787123 ], [ 139.173880854, 35.271991127 ], [ 139.173942176, 35.272227276 ], [ 139.173980097999987, 35.272369607 ], [ 139.174007878, 35.27247519 ], [ 139.17402986799999, 35.272559216 ], [ 139.17403298, 35.27258145 ], [ 139.174295464000011, 35.272566366 ], [ 139.174664068999988, 35.272536896 ], [ 139.174806632000013, 35.27312762 ], [ 139.174372132, 35.273164763 ], [ 139.174339436, 35.273222519 ], [ 139.174415914, 35.273824196 ], [ 139.17437005299999, 35.273990184 ], [ 139.174448395000013, 35.274550388 ], [ 139.174773664000014, 35.274670722 ], [ 139.17492956000001, 35.274726926 ], [ 139.175188939, 35.274819344 ], [ 139.175352968999988, 35.274872915 ], [ 139.17563886799999, 35.274963133 ], [ 139.17570411299999, 35.274981371 ], [ 139.17585452899999, 35.275023411 ], [ 139.176102476000011, 35.275087505 ], [ 139.176310374, 35.275140033 ], [ 139.176638101, 35.275209797 ], [ 139.176983361, 35.275278204 ], [ 139.177027904999989, 35.274928869 ], [ 139.176865805, 35.274648308 ], [ 139.17693747199999, 35.274657936 ], [ 139.178153920999989, 35.274837511 ], [ 139.178204023, 35.274729685 ], [ 139.178621061, 35.27402894 ], [ 139.17898804399999, 35.274082856 ], [ 139.179013967, 35.273953896 ], [ 139.179279119, 35.273859041 ], [ 139.180041627, 35.273668906 ], [ 139.180313044, 35.273709439 ], [ 139.180622941, 35.272928161 ], [ 139.180962146000013, 35.272083879 ], [ 139.182198050000011, 35.272088167 ], [ 139.181989181, 35.272610529 ], [ 139.1884619, 35.272624372 ], [ 139.188377645, 35.273562151 ], [ 139.188357579000012, 35.273974711 ], [ 139.188366484999989, 35.274326553 ], [ 139.18854775299999, 35.27585784 ], [ 139.187683908999986, 35.276101599 ], [ 139.186713942000011, 35.27636765 ], [ 139.181979027000011, 35.27545236 ], [ 139.181979535000011, 35.27553303 ], [ 139.182003976, 35.275596982 ], [ 139.182006922, 35.276099391 ], [ 139.180645427, 35.275877147 ], [ 139.180648616000013, 35.276330485 ], [ 139.180641715, 35.277052317 ], [ 139.18046407, 35.277061572 ], [ 139.18046904, 35.277543557 ], [ 139.180473185000011, 35.277944744 ], [ 139.180067118000011, 35.277948113 ], [ 139.18007201, 35.278884338 ], [ 139.18006306699999, 35.279164526 ], [ 139.179724311, 35.278976387 ], [ 139.179385225, 35.278783157 ], [ 139.179378461999988, 35.279339968 ], [ 139.179377574, 35.279412856 ], [ 139.18092061499999, 35.2794167 ], [ 139.181178855000013, 35.27942002 ], [ 139.181281320000011, 35.279421338 ], [ 139.18176172, 35.279412231 ], [ 139.182903775999989, 35.279369061 ], [ 139.184042777, 35.279359955 ], [ 139.186875466, 35.279368866 ] ] ] } },
{ "type": "Feature", "properties": { "A29_001": "14206", "A29_002": "神奈川県", "A29_003": "小田原市", "A29_004": 5, "A29_005": "第一種住居地域", "A29_006": 60, "A29_007": 200, "A29_008": null }, "geometry": { "type": "Polygon", "coordinates": [ [ [ 139.200940105, 35.27796465 ], [ 139.197721597, 35.277958203 ], [ 139.197718989, 35.276949805 ], [ 139.19775232, 35.276720128 ], [ 139.197827644, 35.27608912 ], [ 139.197631308000012, 35.276036122 ], [ 139.19736700499999, 35.275984893 ], [ 139.197017794, 35.275943972 ], [ 139.19675061699999, 35.275922951 ], [ 139.196575809, 35.275919994 ], [ 139.196575948, 35.277038397 ], [ 139.196576126, 35.278463452 ], [ 139.197173846999988, 35.27856037 ], [ 139.198830482, 35.278808531 ], [ 139.199769263, 35.278934097 ], [ 139.200932741, 35.279116853 ], [ 139.200936418, 35.278540751 ], [ 139.200940105, 35.27796465 ] ] ] } },
{ "type": "Feature", "properties": { "A29_001": "14206", "A29_002": "神奈川県", "A29_003": "小田原市", "A29_004": 3, "A29_005": "第一種中高層住居専用地域", "A29_006": 60, "A29_007": 200, "A29_008": null }, "geometry": { "type": "Polygon", "coordinates": [ [ [ 139.198698334999989, 35.272291985 ], [ 139.19857334, 35.272473433 ], [ 139.198462839, 35.272627031 ], [ 139.196298825000014, 35.272622624 ], [ 139.19419050499999, 35.272618301 ], [ 139.19419382699999, 35.27282092 ], [ 139.19414130199999, 35.273016231 ], [ 139.19414233, 35.27322111 ], [ 139.194180913, 35.273425205 ], [ 139.194158187999989, 35.274042833 ], [ 139.194142956, 35.274456664 ], [ 139.19413792, 35.27509345 ], [ 139.194151739, 35.275919993 ], [ 139.196575809, 35.275919994 ], [ 139.19675061699999, 35.275922951 ], [ 139.197017794, 35.275943972 ], [ 139.19736700499999, 35.275984893 ], [ 139.197631308000012, 35.276036122 ], [ 139.197827644, 35.27608912 ], [ 139.19775232, 35.276720128 ], [ 139.197718989, 35.276949805 ], [ 139.197721597, 35.277958203 ], [ 139.200940105, 35.27796465 ], [ 139.20187524, 35.277967083 ], [ 139.202810375000013, 35.277969509 ], [ 139.203637759, 35.278246334 ], [ 139.204337075000012, 35.278488847 ], [ 139.204320394, 35.278478186 ], [ 139.204283, 35.278453618 ], [ 139.204246160999986, 35.278428493 ], [ 139.204209886, 35.278402821 ], [ 139.204174198, 35.278376612 ], [ 139.20413910799999, 35.278349865 ], [ 139.204104615, 35.278322589 ], [ 139.204070731, 35.278294802 ], [ 139.204037489, 35.278266514 ], [ 139.204004876999988, 35.278237725 ], [ 139.203972916999987, 35.278208452 ], [ 139.203941609999987, 35.278178704 ], [ 139.20391098799999, 35.278148492 ], [ 139.203881039, 35.278117823 ], [ 139.20385178699999, 35.278086708 ], [ 139.203823231, 35.278055154 ], [ 139.20379538200001, 35.27802318 ], [ 139.20376826099999, 35.277990795 ], [ 139.203741869, 35.277958 ], [ 139.20371621699999, 35.277924811 ], [ 139.203691303999989, 35.277891248 ], [ 139.203667152, 35.277857319 ], [ 139.203254265, 35.277266645 ], [ 139.203205873, 35.277194749 ], [ 139.203158253, 35.277122505 ], [ 139.203111416000013, 35.277049923 ], [ 139.20306535099999, 35.276977002 ], [ 139.20302007, 35.276903751 ], [ 139.20297558199999, 35.276830189 ], [ 139.202931877999987, 35.276756298 ], [ 139.20288895600001, 35.276682095 ], [ 139.202846849999986, 35.27660759 ], [ 139.20280552700001, 35.276532783 ], [ 139.202778564, 35.276482993 ], [ 139.202625856, 35.276199801 ], [ 139.202607148, 35.276161448 ], [ 139.202587634999986, 35.27612337 ], [ 139.20256730700001, 35.276085575 ], [ 139.202546184999989, 35.276048075 ], [ 139.202524269, 35.276010885 ], [ 139.202501559000012, 35.275974016 ], [ 139.202478066, 35.275937477 ], [ 139.20245380099999, 35.275901275 ], [ 139.202428774999987, 35.275865431 ], [ 139.20240297699999, 35.275829952 ], [ 139.202376439, 35.275794839 ], [ 139.20234915099999, 35.275760118 ], [ 139.202321133999988, 35.27572579 ], [ 139.202292389, 35.275691873 ], [ 139.202288728000013, 35.275687645 ], [ 139.201967238, 35.275264304 ], [ 139.201432098, 35.274567899 ], [ 139.201404524, 35.27453333 ], [ 139.20137621, 35.274499171 ], [ 139.201347168000012, 35.274465415 ], [ 139.201317418, 35.274432087 ], [ 139.201286962000012, 35.27439918 ], [ 139.20125581, 35.274366719 ], [ 139.201223973, 35.274334715 ], [ 139.201191462, 35.274303167 ], [ 139.201158287999988, 35.274272084 ], [ 139.201156956, 35.274270869 ], [ 139.200130902000012, 35.273370606 ], [ 139.200096710999986, 35.273340275 ], [ 139.200061869, 35.273310445 ], [ 139.200026406, 35.273281117 ], [ 139.199990324, 35.273252299 ], [ 139.199962179000011, 35.2732305 ], [ 139.19911761899999, 35.272589064 ], [ 139.198698334999989, 35.272291985 ] ] ] } },
{ "type": "Feature", "properties": { "A29_001": "14206", "A29_002": "神奈川県", "A29_003": "小田原市", "A29_004": 11, "A29_005": "工業地域", "A29_006": 60, "A29_007": 200, "A29_008": null }, "geometry": { "type": "Polygon", "coordinates": [ [ [ 139.196575809, 35.275919994 ], [ 139.194151739, 35.275919993 ], [ 139.19413792, 35.27509345 ], [ 139.194142956, 35.274456664 ], [ 139.194158187999989, 35.274042833 ], [ 139.194180913, 35.273425205 ], [ 139.19414233, 35.27322111 ], [ 139.19414130199999, 35.273016231 ], [ 139.19419382699999, 35.27282092 ], [ 139.19419050499999, 35.272618301 ], [ 139.194182248, 35.272113492 ], [ 139.189147979000012, 35.272102999 ], [ 139.189014226000012, 35.273591783 ], [ 139.188995358, 35.273979705 ], [ 139.189003363000012, 35.274295828 ], [ 139.189229544, 35.276206398 ], [ 139.188483698, 35.276368717 ], [ 139.18817036499999, 35.276451572 ], [ 139.18736773399999, 35.276743286 ], [ 139.187173812, 35.276865852 ], [ 139.18708973599999, 35.276924878 ], [ 139.19398847799999, 35.278043852 ], [ 139.196576126, 35.278463452 ], [ 139.196575948, 35.277038397 ], [ 139.196575809, 35.275919994 ] ] ] } },
{ "type": "Feature", "properties": { "A29_001": "14206", "A29_002": "神奈川県", "A29_003": "小田原市", "A29_004": 3, "A29_005": "第一種中高層住居専用地域", "A29_006": 60, "A29_007": 150, "A29_008": null }, "geometry": { "type": "Polygon", "coordinates": [ [ [ 139.14501514, 35.270914685 ], [ 139.14459908399999, 35.270973793 ], [ 139.14432216099999, 35.271013131 ], [ 139.144303592999989, 35.270920045 ], [ 139.144290944, 35.270856153 ], [ 139.144286333, 35.270842606 ], [ 139.144281842, 35.270788856 ], [ 139.14427722799999, 35.270736638 ], [ 139.144275306999987, 35.270716886 ], [ 139.144272441, 35.27067883 ], [ 139.144268084, 35.270630021 ], [ 139.144267421, 35.270622644 ], [ 139.144269352, 35.270602373 ], [ 139.14427147399999, 35.270585348 ], [ 139.144275849, 35.270549046 ], [ 139.144283214000012, 35.270471026 ], [ 139.14428499499999, 35.270455352 ], [ 139.144292119999989, 35.270392834 ], [ 139.144298063, 35.270343912 ], [ 139.143055836, 35.270324184 ], [ 139.1417763, 35.270303852 ], [ 139.141777886999989, 35.270239996 ], [ 139.14119031300001, 35.270269141 ], [ 139.14096586299999, 35.270280161 ], [ 139.140889055, 35.270282669 ], [ 139.1408251, 35.270292534 ], [ 139.14065187700001, 35.270346663 ], [ 139.140408728000011, 35.270412057 ], [ 139.140234991, 35.270455348 ], [ 139.140011066, 35.270502714 ], [ 139.13992936599999, 35.270517002 ], [ 139.139856697999988, 35.270526429 ], [ 139.139766866, 35.270532737 ], [ 139.139664896, 35.270531666 ], [ 139.139608469, 35.270535273 ], [ 139.139544887999989, 35.270554 ], [ 139.13947867600001, 35.270579707 ], [ 139.139427904, 35.270629084 ], [ 139.139392979, 35.270645127 ], [ 139.139267711, 35.270651286 ], [ 139.139134533, 35.270454871 ], [ 139.139077152999988, 35.270379373 ], [ 139.139049188, 35.270352639 ], [ 139.139034861999988, 35.270344191 ], [ 139.138656946999987, 35.270413378 ], [ 139.138564575, 35.270090178 ], [ 139.138557023, 35.270025909 ], [ 139.138554699, 35.269982718 ], [ 139.138556787, 35.269895248 ], [ 139.138561618000011, 35.269804477 ], [ 139.138639084, 35.269257387 ], [ 139.138679574, 35.269257619 ], [ 139.138782189000011, 35.269253773 ], [ 139.13888350799999, 35.269243286 ], [ 139.13898297599999, 35.269224224 ], [ 139.139088539999989, 35.269191612 ], [ 139.139226662, 35.269138149 ], [ 139.139368848, 35.2690836 ], [ 139.139532640999988, 35.269028066 ], [ 139.139670677, 35.268984562 ], [ 139.13981184, 35.268950739 ], [ 139.139988675000012, 35.269268327 ], [ 139.14006780599999, 35.269301344 ], [ 139.140387132, 35.269304414 ], [ 139.14039140599999, 35.269114836 ], [ 139.14133469, 35.269124733 ], [ 139.141343748999986, 35.26941009 ], [ 139.144745475, 35.269461183 ], [ 139.144793394, 35.268061311 ], [ 139.14315849499999, 35.267936003 ], [ 139.14175686199999, 35.267834209 ], [ 139.14080357099999, 35.267882253 ], [ 139.140733347, 35.267887755 ], [ 139.14066395, 35.267900645 ], [ 139.140576479, 35.267923031 ], [ 139.140500645, 35.267952118 ], [ 139.139960645, 35.268151544 ], [ 139.139905607, 35.268168951 ], [ 139.13983259599999, 35.268184036 ], [ 139.139753289, 35.268199077 ], [ 139.13866392, 35.268368323 ], [ 139.138569350000012, 35.268378858 ], [ 139.13817444099999, 35.268563786 ], [ 139.138003712999989, 35.268641056 ], [ 139.137824002, 35.268717536 ], [ 139.137498568000012, 35.268853328 ], [ 139.137434375999987, 35.268888385 ], [ 139.137087339, 35.269065778 ], [ 139.136924376, 35.269103826 ], [ 139.136842451, 35.269108519 ], [ 139.136733563, 35.269109371 ], [ 139.136590592, 35.269098947 ], [ 139.136444587999989, 35.2690893 ], [ 139.136312465, 35.269072295 ], [ 139.136164173999987, 35.26905151 ], [ 139.135205965000011, 35.268900678 ], [ 139.135075844, 35.268913168 ], [ 139.135000141, 35.268926757 ], [ 139.134839692000014, 35.268959787 ], [ 139.13477843699999, 35.268967555 ], [ 139.134735326, 35.268959185 ], [ 139.134360888, 35.268816943 ], [ 139.134312365999989, 35.268810019 ], [ 139.134233147, 35.268813257 ], [ 139.134147571, 35.268824571 ], [ 139.134119588, 35.26883474 ], [ 139.133637227, 35.269113633 ], [ 139.13358480799999, 35.269140643 ], [ 139.133498995999986, 35.269179277 ], [ 139.133290764, 35.269266419 ], [ 139.133202297, 35.269300602 ], [ 139.133098534999988, 35.269333229 ], [ 139.13300563300001, 35.269359265 ], [ 139.1325749, 35.26947618 ], [ 139.132514582999988, 35.269479517 ], [ 139.132465986, 35.269479975 ], [ 139.13238810499999, 35.269470717 ], [ 139.132240752, 35.269446976 ], [ 139.131884539, 35.269367489 ], [ 139.131821626, 35.269359742 ], [ 139.13173888099999, 35.269354827 ], [ 139.131673162, 35.269358881 ], [ 139.131621720999988, 35.269377034 ], [ 139.131590004, 35.269401955 ], [ 139.131372809, 35.269593876 ], [ 139.131301345999987, 35.269637009 ], [ 139.131235441, 35.26966247 ], [ 139.131179608, 35.269667311 ], [ 139.131133753, 35.269663358 ], [ 139.13106813600001, 35.269655594 ], [ 139.13110464, 35.269803993 ], [ 139.131121607000011, 35.269841911 ], [ 139.131153739000013, 35.269903554 ], [ 139.131220754999987, 35.270026396 ], [ 139.13122467299999, 35.270033576 ], [ 139.131265807, 35.270109849 ], [ 139.131292166, 35.27017264 ], [ 139.131293887999988, 35.270251442 ], [ 139.131295161, 35.270326694 ], [ 139.131310455, 35.270391391 ], [ 139.131360855999986, 35.270451565 ], [ 139.13139554599999, 35.270486323 ], [ 139.131547003, 35.270595164 ], [ 139.13163739399999, 35.270657959 ], [ 139.131638016000011, 35.270664695 ], [ 139.131634494, 35.270677015 ], [ 139.131622741, 35.270692649 ], [ 139.13160831799999, 35.270699299 ], [ 139.131570635, 35.270708617 ], [ 139.131494753999988, 35.270729946 ], [ 139.131385709999989, 35.270769138 ], [ 139.131362343, 35.270783029 ], [ 139.13134991699999, 35.270797541 ], [ 139.131334024000012, 35.270816523 ], [ 139.131302269, 35.270861472 ], [ 139.131258663000011, 35.270922921 ], [ 139.131229579, 35.27096483 ], [ 139.131210874, 35.270993891 ], [ 139.13116917799999, 35.271072189 ], [ 139.131155097, 35.271110445 ], [ 139.131142485, 35.271145408 ], [ 139.131137693999989, 35.271170728 ], [ 139.131135042000011, 35.271192744 ], [ 139.13113533500001, 35.271230226 ], [ 139.13113998099999, 35.271270041 ], [ 139.131147191, 35.271308276 ], [ 139.13115568500001, 35.27135052 ], [ 139.131172013, 35.271428902 ], [ 139.131187090999987, 35.271508278 ], [ 139.13121864199999, 35.271648892 ], [ 139.131235210999989, 35.271709581 ], [ 139.13124127399999, 35.27172027 ], [ 139.13126358, 35.27174033 ], [ 139.13129899399999, 35.271756806 ], [ 139.131358236000011, 35.271785202 ], [ 139.131555948999988, 35.271906732 ], [ 139.131617869, 35.271941877 ], [ 139.131529801, 35.272084978 ], [ 139.131510565000013, 35.272119644 ], [ 139.131487736999986, 35.272149807 ], [ 139.131428306, 35.272222396 ], [ 139.13142136799999, 35.272234137 ], [ 139.131416218999988, 35.272276744 ], [ 139.131411499, 35.272349857 ], [ 139.131406461000012, 35.272378438 ], [ 139.131386187, 35.272429935 ], [ 139.131359072, 35.272481952 ], [ 139.13134291899999, 35.27252088 ], [ 139.131350676000011, 35.272531462 ], [ 139.131361252, 35.272543991 ], [ 139.131428137, 35.272636944 ], [ 139.131440242, 35.272660858 ], [ 139.1314428, 35.272681631 ], [ 139.131435039, 35.272708511 ], [ 139.131357071, 35.272851402 ], [ 139.131296076000012, 35.272968807 ], [ 139.13123704, 35.273069826 ], [ 139.13120951799999, 35.273099478 ], [ 139.131194555, 35.273129498 ], [ 139.13119159199999, 35.273155857 ], [ 139.13119550799999, 35.273177198 ], [ 139.13120958499999, 35.273209252 ], [ 139.131223027, 35.273237382 ], [ 139.132057175999989, 35.272897855 ], [ 139.13285844699999, 35.272691738 ], [ 139.13328260099999, 35.272582625 ], [ 139.133192654999988, 35.272757673 ], [ 139.13405047099999, 35.273046867 ], [ 139.133646024, 35.273212245 ], [ 139.133439587, 35.273670968 ], [ 139.13364297199999, 35.273742256 ], [ 139.13424470199999, 35.273953176 ], [ 139.134707784999989, 35.274116438 ], [ 139.13475161400001, 35.274237489 ], [ 139.13477039899999, 35.27429261 ], [ 139.134784918, 35.274346535 ], [ 139.134807123, 35.274418055 ], [ 139.134817851, 35.274485261 ], [ 139.134869732, 35.274485602 ], [ 139.13502219099999, 35.274511822 ], [ 139.13515647700001, 35.274537938 ], [ 139.135236182, 35.274569701 ], [ 139.135361159000013, 35.274621102 ], [ 139.13546624899999, 35.274660464 ], [ 139.135518858000012, 35.274672693 ], [ 139.135595082, 35.274686549 ], [ 139.13560290800001, 35.274673059 ], [ 139.13564044, 35.274617056 ], [ 139.135726404, 35.274511151 ], [ 139.135799870999989, 35.274437521 ], [ 139.13581748499999, 35.274407723 ], [ 139.13581858399999, 35.274380678 ], [ 139.135686978, 35.273998586 ], [ 139.13583015399999, 35.273941559 ], [ 139.135727026000012, 35.273777575 ], [ 139.13562982900001, 35.273655423 ], [ 139.135548088, 35.273571301 ], [ 139.135337537, 35.273279481 ], [ 139.135183345, 35.273012828 ], [ 139.135179685999987, 35.272907675 ], [ 139.135183576, 35.27287083 ], [ 139.135195071999988, 35.272777258 ], [ 139.135200972, 35.272750736 ], [ 139.135223516999986, 35.272687849 ], [ 139.13525580000001, 35.272627551 ], [ 139.135281117, 35.27258506 ], [ 139.135896425, 35.272458995 ], [ 139.13567194699999, 35.271436655 ], [ 139.136594331, 35.271428404 ], [ 139.13695300099999, 35.27140349 ], [ 139.13759830399999, 35.271339317 ], [ 139.138010301, 35.271290332 ], [ 139.13812091599999, 35.271512138 ], [ 139.138180158000011, 35.271590901 ], [ 139.138211337, 35.27161449 ], [ 139.13826390599999, 35.271639365 ], [ 139.138330128, 35.271664119 ], [ 139.138409900999989, 35.271676279 ], [ 139.13874619500001, 35.271718006 ], [ 139.139048331999987, 35.271750172 ], [ 139.139859629, 35.271693989 ], [ 139.14052726, 35.271617709 ], [ 139.140527797, 35.271617034 ], [ 139.14171192, 35.271461325 ], [ 139.141781204000011, 35.271448413 ], [ 139.14178427499999, 35.271489051 ], [ 139.141803764, 35.271607525 ], [ 139.14182723799999, 35.271759639 ], [ 139.141847552, 35.271881618 ], [ 139.14185897199999, 35.271944715 ], [ 139.141867012, 35.272003592 ], [ 139.141881963, 35.272153555 ], [ 139.141890541, 35.272249554 ], [ 139.141896156, 35.272292308 ], [ 139.141903633999988, 35.272316864 ], [ 139.14190865099999, 35.2723295 ], [ 139.141922147, 35.272349186 ], [ 139.14194406499999, 35.272382929 ], [ 139.141978757, 35.272420948 ], [ 139.142018560999986, 35.272460395 ], [ 139.142036322, 35.272480807 ], [ 139.142055736, 35.272507531 ], [ 139.14206665399999, 35.272529306 ], [ 139.142129387000011, 35.272684445 ], [ 139.142179602, 35.272805194 ], [ 139.142233127, 35.272938569 ], [ 139.142256575, 35.272993331 ], [ 139.14227422799999, 35.273026349 ], [ 139.142370789000012, 35.273220901 ], [ 139.142405136, 35.273299538 ], [ 139.14243313599999, 35.273421562 ], [ 139.142442855000013, 35.27348395 ], [ 139.142444046, 35.273544888 ], [ 139.142441222, 35.273575688 ], [ 139.142427811, 35.273646348 ], [ 139.14241204699999, 35.273692482 ], [ 139.142396407, 35.273723909 ], [ 139.142352140000014, 35.2738077 ], [ 139.142345979, 35.273829377 ], [ 139.142344869, 35.273859485 ], [ 139.142362937, 35.273944332 ], [ 139.142384776, 35.274088032 ], [ 139.14240104000001, 35.274184075 ], [ 139.14241207500001, 35.274292695 ], [ 139.142422427000014, 35.274381 ], [ 139.14242819099999, 35.274406244 ], [ 139.142434861999988, 35.274425192 ], [ 139.142454300999987, 35.274449116 ], [ 139.142514295000012, 35.274477863 ], [ 139.142522348, 35.274481721 ], [ 139.142654819, 35.274433583 ], [ 139.142792211999989, 35.274526266 ], [ 139.142941742, 35.274508911 ], [ 139.142950320000011, 35.274508239 ], [ 139.143021772, 35.274510206 ], [ 139.143059861000012, 35.274552853 ], [ 139.143086888999989, 35.2746061 ], [ 139.143104117, 35.274635494 ], [ 139.14311423, 35.274661513 ], [ 139.143117961, 35.274675055 ], [ 139.143183547, 35.27486212 ], [ 139.143196955, 35.274963443 ], [ 139.143199371, 35.275014369 ], [ 139.14360537799999, 35.274954009 ], [ 139.144073392, 35.27465364 ], [ 139.14412952399999, 35.274554246 ], [ 139.14429361, 35.274257355 ], [ 139.144319274999987, 35.274200396 ], [ 139.14452491, 35.274190381 ], [ 139.144802747999989, 35.274203924 ], [ 139.145251502, 35.27422913 ], [ 139.14539477299999, 35.274240482 ], [ 139.145656022, 35.274258292 ], [ 139.145692387999986, 35.274259084 ], [ 139.14577088499999, 35.274254844 ], [ 139.14580654, 35.274255047 ], [ 139.145924439, 35.274265577 ], [ 139.146038522999987, 35.274269741 ], [ 139.146316068, 35.274259609 ], [ 139.14657888799999, 35.274254078 ], [ 139.146632396, 35.274251452 ], [ 139.146708, 35.274251296 ], [ 139.14669837, 35.274294545 ], [ 139.146694416, 35.274339584 ], [ 139.146696259, 35.274375299 ], [ 139.146702336, 35.274415708 ], [ 139.146720460000012, 35.27446556 ], [ 139.146778337, 35.274428444 ], [ 139.14707277799999, 35.27452762 ], [ 139.147365654, 35.274626273 ], [ 139.147318304, 35.27472405 ], [ 139.14743562699999, 35.274739924 ], [ 139.14751939300001, 35.274762491 ], [ 139.14753839, 35.274780555 ], [ 139.147550016999986, 35.274806799 ], [ 139.147582564, 35.274947629 ], [ 139.147631437, 35.275196561 ], [ 139.14763129799999, 35.275429493 ], [ 139.147630321, 35.275652416 ], [ 139.147676496, 35.275800049 ], [ 139.147804132, 35.276006736 ], [ 139.14823493599999, 35.275893372 ], [ 139.14835273599999, 35.275871594 ], [ 139.149157884, 35.275790011 ], [ 139.148977677, 35.27617311 ], [ 139.149348441, 35.276762512 ], [ 139.149625789, 35.276995833 ], [ 139.149712217, 35.276995059 ], [ 139.149827875, 35.27773861 ], [ 139.15010974899999, 35.277458981 ], [ 139.150425152999986, 35.277146088 ], [ 139.150254522000012, 35.276557983 ], [ 139.149926314, 35.275210232 ], [ 139.149810265000013, 35.274719011 ], [ 139.14967444199999, 35.273997601 ], [ 139.149655827, 35.273713128 ], [ 139.1496646, 35.273009229 ], [ 139.14945466899999, 35.273015641 ], [ 139.14919457100001, 35.272933133 ], [ 139.148832491, 35.272865246 ], [ 139.148659294999987, 35.272861085 ], [ 139.148564365, 35.272864342 ], [ 139.148459362000011, 35.272871977 ], [ 139.14832108600001, 35.272890197 ], [ 139.14818254799999, 35.272912127 ], [ 139.148083799, 35.272918573 ], [ 139.148041099000011, 35.272915526 ], [ 139.148020637, 35.272909804 ], [ 139.147749092999987, 35.272821532 ], [ 139.147577797999986, 35.272767982 ], [ 139.147491671000012, 35.27274786 ], [ 139.14737856299999, 35.272732544 ], [ 139.147326496, 35.272725939 ], [ 139.147253073, 35.272719214 ], [ 139.146810458, 35.272674787 ], [ 139.146459115999988, 35.272638593 ], [ 139.14628325000001, 35.272621469 ], [ 139.146174857, 35.272607529 ], [ 139.14595599, 35.27257626 ], [ 139.145758922999988, 35.272540788 ], [ 139.14556052399999, 35.27250538 ], [ 139.145506755000014, 35.272497366 ], [ 139.145465777, 35.272493628 ], [ 139.145465091, 35.272473297 ], [ 139.145457740000012, 35.272433989 ], [ 139.145400381, 35.272252471 ], [ 139.145382847, 35.272203298 ], [ 139.145336879000013, 35.272087728 ], [ 139.14530771299999, 35.271999927 ], [ 139.14523383, 35.27175655 ], [ 139.145205014, 35.271627394 ], [ 139.14517859899999, 35.27152131 ], [ 139.14514337, 35.271410777 ], [ 139.14513449099999, 35.271381881 ], [ 139.14511763199999, 35.27130886 ], [ 139.145115901, 35.271253684 ], [ 139.145108678000014, 35.271200613 ], [ 139.145100565, 35.271150088 ], [ 139.145092432000013, 35.271091495 ], [ 139.14509130799999, 35.271022981 ], [ 139.145090216, 35.271001305 ], [ 139.145084841999989, 35.270981705 ], [ 139.14506631899999, 35.27095207 ], [ 139.145046578, 35.270933938 ], [ 139.14501514, 35.270914685 ] ] ] } },
{ "type": "Feature", "properties": { "A29_001": "14206", "A29_002": "神奈川県", "A29_003": "小田原市", "A29_004": 5, "A29_005": "第一種住居地域", "A29_006": 60, "A29_007": 200, "A29_008": null }, "geometry": { "type": "Polygon", "coordinates": [ [ [ 139.17851349599999, 35.279417408 ], [ 139.178095087, 35.278337342 ], [ 139.17798139199999, 35.278043875 ], [ 139.177577845, 35.277000863 ], [ 139.17740794, 35.276525953 ], [ 139.17740445199999, 35.276515432 ], [ 139.177373977, 35.276386536 ], [ 139.177360040999986, 35.276240423 ], [ 139.17736588299999, 35.276107523 ], [ 139.177388565, 35.275978735 ], [ 139.177370868, 35.275982714 ], [ 139.17715475899999, 35.276049869 ], [ 139.176806559, 35.276168273 ], [ 139.176673679, 35.276242576 ], [ 139.17646582099999, 35.276300391 ], [ 139.17635791399999, 35.27635298 ], [ 139.175934968, 35.276510349 ], [ 139.175521100999987, 35.276201313 ], [ 139.175065839000013, 35.275861357 ], [ 139.174715432, 35.276095971 ], [ 139.174445397, 35.276235698 ], [ 139.174010470000013, 35.276390012 ], [ 139.17367057199999, 35.276447724 ], [ 139.173270237999986, 35.276258804 ], [ 139.172490998, 35.276086932 ], [ 139.172392081999988, 35.276081101 ], [ 139.172317564999986, 35.276089311 ], [ 139.171560572, 35.276323461 ], [ 139.171271609, 35.276408361 ], [ 139.171041814, 35.276442294 ], [ 139.170605224000013, 35.276458391 ], [ 139.17002371, 35.27637762 ], [ 139.16960954000001, 35.276415867 ], [ 139.168979353, 35.276500737 ], [ 139.168582418, 35.276503893 ], [ 139.16708949299999, 35.276398896 ], [ 139.16620413199999, 35.276336011 ], [ 139.16752582699999, 35.277461818 ], [ 139.168662438000013, 35.27842681 ], [ 139.16976023, 35.279372729 ], [ 139.176083162, 35.279369362 ], [ 139.176510228000012, 35.279377378 ], [ 139.177494407000012, 35.279408192 ], [ 139.177813552, 35.279415663 ], [ 139.17851349599999, 35.279417408 ] ] ] } },
{ "type": "Feature", "properties": { "A29_001": "14206", "A29_002": "神奈川県", "A29_003": "小田原市", "A29_004": 5, "A29_005": "第一種住居地域", "A29_006": 60, "A29_007": 200, "A29_008": null }, "geometry": { "type": "Polygon", "coordinates": [ [ [ 139.185676932, 35.262638879 ], [ 139.18576029799999, 35.262688101 ], [ 139.18608348699999, 35.262858936 ], [ 139.186143727, 35.26289883 ], [ 139.186151575, 35.262976123 ], [ 139.186052015, 35.263084932 ], [ 139.18554031, 35.26370079 ], [ 139.185306376, 35.264085929 ], [ 139.185034304, 35.264732922 ], [ 139.184940304, 35.265002933 ], [ 139.185993728, 35.265318543 ], [ 139.187240005, 35.2656855 ], [ 139.18724437, 35.265686686 ], [ 139.187339299, 35.26571282 ], [ 139.187433937, 35.265739638 ], [ 139.187528284, 35.26576713 ], [ 139.18762234, 35.265795305 ], [ 139.187716083, 35.265824155 ], [ 139.187809523999988, 35.265853679 ], [ 139.187902629, 35.265883877 ], [ 139.187995422, 35.265914741 ], [ 139.188087868999986, 35.265946279 ], [ 139.18817998099999, 35.265978473 ], [ 139.188271746999987, 35.266011332 ], [ 139.188363156, 35.266044856 ], [ 139.190087815, 35.266653577 ], [ 139.19015601800001, 35.266678035 ], [ 139.190624473000014, 35.266849512 ], [ 139.191141304000013, 35.267049811 ], [ 139.19167496599999, 35.267265304 ], [ 139.191770827, 35.267301887 ], [ 139.19186959699999, 35.267340369 ], [ 139.191968, 35.267379507 ], [ 139.192066012, 35.267419283 ], [ 139.192163634999986, 35.267459706 ], [ 139.192260857, 35.267500776 ], [ 139.192357668, 35.267542484 ], [ 139.192454067, 35.26758482 ], [ 139.192550055, 35.267627803 ], [ 139.19264560799999, 35.267671415 ], [ 139.19274074, 35.267715646 ], [ 139.192835438, 35.267760515 ], [ 139.19292968100001, 35.267805995 ], [ 139.19302349, 35.267852103 ], [ 139.193116831999987, 35.26789883 ], [ 139.19320972, 35.267946168 ], [ 139.19330213, 35.267994117 ], [ 139.19339408499999, 35.268042667 ], [ 139.193485551, 35.268091827 ], [ 139.193576529000012, 35.268141588 ], [ 139.193667019, 35.268191951 ], [ 139.193757010000013, 35.268242906 ], [ 139.193846502000014, 35.268294453 ], [ 139.194945477, 35.268932013 ], [ 139.19543507099999, 35.26922669 ], [ 139.19598536399999, 35.269572975 ], [ 139.19633711099999, 35.26979882 ], [ 139.196954879, 35.270188571 ], [ 139.196994589000013, 35.270214127 ], [ 139.19709906, 35.270281976 ], [ 139.197202987999987, 35.270350381 ], [ 139.197306351, 35.270419351 ], [ 139.197409171, 35.270488886 ], [ 139.19751142699999, 35.270558968 ], [ 139.197613107, 35.270629605 ], [ 139.199667318, 35.272085124 ], [ 139.200524083, 35.272735841 ], [ 139.200541041, 35.272748874 ], [ 139.200582282999989, 35.272781279 ], [ 139.200622915999986, 35.272814195 ], [ 139.200662919, 35.272847622 ], [ 139.200702291999988, 35.272881549 ], [ 139.200741034, 35.27291597 ], [ 139.201772067, 35.273820761 ], [ 139.20178155100001, 35.273829518 ], [ 139.201819078, 35.273864824 ], [ 139.201855942, 35.273900595 ], [ 139.201892132000012, 35.273936832 ], [ 139.201927638, 35.273973524 ], [ 139.201962447, 35.274010655 ], [ 139.20199656, 35.274048224 ], [ 139.20202995599999, 35.274086212 ], [ 139.202062645000012, 35.274124621 ], [ 139.202094593999988, 35.27416344 ], [ 139.202125826000014, 35.274202661 ], [ 139.202666149, 35.274905779 ], [ 139.202960507, 35.275295787 ], [ 139.202961063, 35.27529643 ], [ 139.202993797, 35.275334811 ], [ 139.203025813000011, 35.275373603 ], [ 139.203057089999987, 35.275412789 ], [ 139.20308762799999, 35.275452376 ], [ 139.203117424999988, 35.275492337 ], [ 139.203146462, 35.275532665 ], [ 139.203174738, 35.275573357 ], [ 139.203202252000011, 35.275614407 ], [ 139.203228983, 35.275655795 ], [ 139.203254942, 35.275697521 ], [ 139.203280108, 35.275739559 ], [ 139.20330449, 35.275781917 ], [ 139.20332806799999, 35.275824578 ], [ 139.203350841, 35.275867532 ], [ 139.203372809, 35.27591077 ], [ 139.203393962, 35.275954274 ], [ 139.203532966000012, 35.276210377 ], [ 139.203543531, 35.276229966 ], [ 139.203583040000012, 35.276302123 ], [ 139.203623353000012, 35.276373977 ], [ 139.203664471, 35.276445529 ], [ 139.203706383, 35.276516778 ], [ 139.203749077, 35.276587698 ], [ 139.203792555, 35.276658298 ], [ 139.203836827, 35.276728577 ], [ 139.20388187099999, 35.276798518 ], [ 139.203927687, 35.27686812 ], [ 139.20397428699999, 35.276937375 ], [ 139.20438293699999, 35.277521895 ], [ 139.20440298, 35.277549934 ], [ 139.20442378300001, 35.277577598 ], [ 139.204445327, 35.277604879 ], [ 139.204467598, 35.277631758 ], [ 139.204490588, 35.277658225 ], [ 139.204514295, 35.277684273 ], [ 139.20453870899999, 35.277709883 ], [ 139.204563798, 35.277735037 ], [ 139.204589559999988, 35.277759734 ], [ 139.204615996, 35.277783949 ], [ 139.204643073999989, 35.277807679 ], [ 139.204670783000012, 35.277830917 ], [ 139.20469912199999, 35.277853636 ], [ 139.204728058, 35.277875844 ], [ 139.20475759199999, 35.277897514 ], [ 139.20478771399999, 35.277918638 ], [ 139.204818388, 35.277939214 ], [ 139.204849617, 35.277959225 ], [ 139.204881379, 35.277978663 ], [ 139.204913661, 35.277997526 ], [ 139.20494644199999, 35.278015787 ], [ 139.204979712000011, 35.278033448 ], [ 139.205013447999988, 35.278050506 ], [ 139.20504764, 35.278066936 ], [ 139.205082264999987, 35.278082747 ], [ 139.205117312999988, 35.278097919 ], [ 139.205152762000012, 35.278112454 ], [ 139.205188600000014, 35.278126341 ], [ 139.205220125000011, 35.278137908 ], [ 139.205283138999988, 35.277990638 ], [ 139.20531989700001, 35.277859799 ], [ 139.205353102, 35.277793104 ], [ 139.205384041, 35.277714085 ], [ 139.205402678000013, 35.27765083 ], [ 139.20541428199999, 35.277585898 ], [ 139.205424583, 35.27752453 ], [ 139.205428082, 35.277441491 ], [ 139.205422903999988, 35.277351828 ], [ 139.20541011899999, 35.277273546 ], [ 139.205397983000012, 35.277223815 ], [ 139.20537941, 35.277164919 ], [ 139.205325662, 35.277043238 ], [ 139.205258952, 35.276936011 ], [ 139.205178839000013, 35.276837936 ], [ 139.20494955699999, 35.276606497 ], [ 139.204988531, 35.27640215 ], [ 139.204756919, 35.276230517 ], [ 139.203814455000014, 35.275238775 ], [ 139.203126902, 35.274557061 ], [ 139.20261974499999, 35.274030336 ], [ 139.20204420799999, 35.273435015 ], [ 139.201656918999987, 35.273069984 ], [ 139.201301406999988, 35.27275192 ], [ 139.200101767, 35.271819264 ], [ 139.200059673, 35.271788311 ], [ 139.20003970799999, 35.271804651 ], [ 139.199994546999989, 35.27176864 ], [ 139.20001370899999, 35.271754513 ], [ 139.199337390000011, 35.271257195 ], [ 139.19815916499999, 35.270346625 ], [ 139.197762662, 35.270056361 ], [ 139.197723747999987, 35.270085002 ], [ 139.197277866, 35.269728312 ], [ 139.196848547, 35.269362334 ], [ 139.196865495999987, 35.269344133 ], [ 139.196476907, 35.268983361 ], [ 139.19530989099999, 35.267887898 ], [ 139.194757474, 35.267412011 ], [ 139.194375618, 35.267079356 ], [ 139.19420290799999, 35.266944674 ], [ 139.19398203899999, 35.266784407 ], [ 139.193593572999987, 35.266524279 ], [ 139.192314554, 35.26571543 ], [ 139.190426643, 35.264548627 ], [ 139.19008513899999, 35.264356974 ], [ 139.189726325, 35.264172439 ], [ 139.188980441000012, 35.263832963 ], [ 139.187737188, 35.263361656 ], [ 139.187156619, 35.263132662 ], [ 139.186952915, 35.263042154 ], [ 139.18624529499999, 35.262689343 ], [ 139.18621368699999, 35.262725231 ], [ 139.18595124399999, 35.262586001 ], [ 139.18583824800001, 35.262601748 ], [ 139.18570219599999, 35.262629558 ], [ 139.185676932, 35.262638879 ] ] ] } },
{ "type": "Feature", "properties": { "A29_001": "14206", "A29_002": "神奈川県", "A29_003": "小田原市", "A29_004": 3, "A29_005": "第一種中高層住居専用地域", "A29_006": 60, "A29_007": 150, "A29_008": null }, "geometry": { "type": "Polygon", "coordinates": [ [ [ 139.161421052, 35.273784784 ], [ 139.16067346599999, 35.273148452 ], [ 139.16019905499999, 35.272881834 ], [ 139.160023829000011, 35.272789609 ], [ 139.15999575399999, 35.272777956 ], [ 139.15995569899999, 35.272808656 ], [ 139.159498582, 35.273110158 ], [ 139.159460802000012, 35.273134339 ], [ 139.159359271, 35.273043867 ], [ 139.158769234, 35.2734638 ], [ 139.158554482999989, 35.273616636 ], [ 139.158334596, 35.273841194 ], [ 139.15786807399999, 35.274233446 ], [ 139.158046425, 35.274399535 ], [ 139.157071570999989, 35.275205855 ], [ 139.156254894999989, 35.275835457 ], [ 139.156188597000011, 35.275784544 ], [ 139.155987993, 35.275910827 ], [ 139.155787389000011, 35.276037108 ], [ 139.155785301, 35.276409308 ], [ 139.155783152999987, 35.276792575 ], [ 139.156791293999987, 35.2764802 ], [ 139.157031210000014, 35.276390453 ], [ 139.157186642, 35.276324257 ], [ 139.157469682, 35.276175808 ], [ 139.157551721, 35.276140967 ], [ 139.157666078, 35.276099248 ], [ 139.158046523, 35.275878976 ], [ 139.158644790000011, 35.275516161 ], [ 139.158885196999989, 35.275321589 ], [ 139.159184860000011, 35.275172146 ], [ 139.15946270500001, 35.275131337 ], [ 139.160500941, 35.274525273 ], [ 139.161421052, 35.273784784 ] ] ] } },
{ "type": "Feature", "properties": { "A29_001": "14206", "A29_002": "神奈川県", "A29_003": "小田原市", "A29_004": 10, "A29_005": "準工業地域", "A29_006": 60, "A29_007": 200, "A29_008": null }, "geometry": { "type": "Polygon", "coordinates": [ [ [ 139.177388565, 35.275978735 ], [ 139.177568823, 35.275938238 ], [ 139.17764365, 35.275913368 ], [ 139.177841744, 35.275851478 ], [ 139.177955386, 35.275408833 ], [ 139.17801429799999, 35.275166645 ], [ 139.178086939, 35.274981672 ], [ 139.178153920999989, 35.274837511 ], [ 139.17693747199999, 35.274657936 ], [ 139.176865805, 35.274648308 ], [ 139.177027904999989, 35.274928869 ], [ 139.176983361, 35.275278204 ], [ 139.176638101, 35.275209797 ], [ 139.176310374, 35.275140033 ], [ 139.176102476000011, 35.275087505 ], [ 139.17585452899999, 35.275023411 ], [ 139.17570411299999, 35.274981371 ], [ 139.175608614999987, 35.275108919 ], [ 139.17538526300001, 35.275369102 ], [ 139.175216873000011, 35.275569012 ], [ 139.175003667, 35.275812477 ], [ 139.175065839000013, 35.275861357 ], [ 139.175521100999987, 35.276201313 ], [ 139.175934968, 35.276510349 ], [ 139.17635791399999, 35.27635298 ], [ 139.17646582099999, 35.276300391 ], [ 139.176673679, 35.276242576 ], [ 139.176806559, 35.276168273 ], [ 139.17715475899999, 35.276049869 ], [ 139.177370868, 35.275982714 ], [ 139.177388565, 35.275978735 ] ] ] } },
{ "type": "Feature", "properties": { "A29_001": "14206", "A29_002": "神奈川県", "A29_003": "小田原市", "A29_004": 11, "A29_005": "工業地域", "A29_006": 60, "A29_007": 200, "A29_008": null }, "geometry": { "type": "Polygon", "coordinates": [ [ [ 139.175065839000013, 35.275861357 ], [ 139.175003667, 35.275812477 ], [ 139.175216873000011, 35.275569012 ], [ 139.17538526300001, 35.275369102 ], [ 139.175608614999987, 35.275108919 ], [ 139.17570411299999, 35.274981371 ], [ 139.17563886799999, 35.274963133 ], [ 139.175352968999988, 35.274872915 ], [ 139.175188939, 35.274819344 ], [ 139.17492956000001, 35.274726926 ], [ 139.174773664000014, 35.274670722 ], [ 139.174448395000013, 35.274550388 ], [ 139.17437005299999, 35.273990184 ], [ 139.174415914, 35.273824196 ], [ 139.174339436, 35.273222519 ], [ 139.174372132, 35.273164763 ], [ 139.174806632000013, 35.27312762 ], [ 139.174664068999988, 35.272536896 ], [ 139.174295464000011, 35.272566366 ], [ 139.17403298, 35.27258145 ], [ 139.17402986799999, 35.272559216 ], [ 139.174007878, 35.27247519 ], [ 139.173980097999987, 35.272369607 ], [ 139.173942176, 35.272227276 ], [ 139.173880854, 35.271991127 ], [ 139.17382504599999, 35.271787123 ], [ 139.174312015, 35.271676437 ], [ 139.174929638, 35.27153606 ], [ 139.175131064999988, 35.271490562 ], [ 139.175586673999987, 35.271330578 ], [ 139.176142954, 35.27108885 ], [ 139.176298653, 35.271005314 ], [ 139.176613463, 35.270704112 ], [ 139.176594771999987, 35.27069122 ], [ 139.176453799, 35.270588685 ], [ 139.176318814000012, 35.270480864 ], [ 139.176190114, 35.270368002 ], [ 139.176067961, 35.270250335 ], [ 139.17592646, 35.270100356 ], [ 139.17675752, 35.269540584 ], [ 139.177312717, 35.269154356 ], [ 139.17731096, 35.269152859 ], [ 139.176965725, 35.268866509 ], [ 139.176698383, 35.26854393 ], [ 139.176184646, 35.268840275 ], [ 139.175214567000012, 35.26939642 ], [ 139.17509088700001, 35.269538279 ], [ 139.174732811000013, 35.269754391 ], [ 139.174253472, 35.270041252 ], [ 139.173346822000013, 35.270593167 ], [ 139.17317454499999, 35.270672732 ], [ 139.17289075, 35.270799346 ], [ 139.172653199, 35.270868765 ], [ 139.172076137, 35.27105764 ], [ 139.170607064, 35.271736253 ], [ 139.168219644, 35.273026288 ], [ 139.167415057, 35.273477264 ], [ 139.16646068099999, 35.274140711 ], [ 139.166182813, 35.274375574 ], [ 139.165524960999988, 35.274983985 ], [ 139.165124639999988, 35.275370915 ], [ 139.164690724, 35.275797733 ], [ 139.16534472699999, 35.276355859 ], [ 139.16550182899999, 35.276286128 ], [ 139.16620413199999, 35.276336011 ], [ 139.16708949299999, 35.276398896 ], [ 139.168582418, 35.276503893 ], [ 139.168979353, 35.276500737 ], [ 139.16960954000001, 35.276415867 ], [ 139.17002371, 35.27637762 ], [ 139.170605224000013, 35.276458391 ], [ 139.171041814, 35.276442294 ], [ 139.171271609, 35.276408361 ], [ 139.171560572, 35.276323461 ], [ 139.172317564999986, 35.276089311 ], [ 139.172392081999988, 35.276081101 ], [ 139.172490998, 35.276086932 ], [ 139.173270237999986, 35.276258804 ], [ 139.17367057199999, 35.276447724 ], [ 139.174010470000013, 35.276390012 ], [ 139.174445397, 35.276235698 ], [ 139.174715432, 35.276095971 ], [ 139.175065839000013, 35.275861357 ] ] ] } },
{ "type": "Feature", "properties": { "A29_001": "14206", "A29_002": "神奈川県", "A29_003": "小田原市", "A29_004": 8, "A29_005": "近隣商業地域", "A29_006": 80, "A29_007": 300, "A29_008": null }, "geometry": { "type": "Polygon", "coordinates": [ [ [ 139.181979027000011, 35.27545236 ], [ 139.18197630099999, 35.275026806 ], [ 139.180979449, 35.274933709 ], [ 139.18120288599999, 35.27451262 ], [ 139.181993844, 35.273932477 ], [ 139.18168818800001, 35.273614498 ], [ 139.182081458999988, 35.273266741 ], [ 139.18175298700001, 35.273201224 ], [ 139.181989181, 35.272610529 ], [ 139.182198050000011, 35.272088167 ], [ 139.180962146000013, 35.272083879 ], [ 139.180622941, 35.272928161 ], [ 139.180313044, 35.273709439 ], [ 139.180041627, 35.273668906 ], [ 139.179279119, 35.273859041 ], [ 139.179013967, 35.273953896 ], [ 139.17898804399999, 35.274082856 ], [ 139.178621061, 35.27402894 ], [ 139.178204023, 35.274729685 ], [ 139.178153920999989, 35.274837511 ], [ 139.178086939, 35.274981672 ], [ 139.17801429799999, 35.275166645 ], [ 139.177955386, 35.275408833 ], [ 139.178259505999989, 35.275467569 ], [ 139.178864928, 35.27557712 ], [ 139.180645427, 35.275877147 ], [ 139.182006922, 35.276099391 ], [ 139.182003976, 35.275596982 ], [ 139.181979535000011, 35.27553303 ], [ 139.181979027000011, 35.27545236 ] ] ] } },
{ "type": "Feature", "properties": { "A29_001": "14206", "A29_002": "神奈川県", "A29_003": "小田原市", "A29_004": 3, "A29_005": "第一種中高層住居専用地域", "A29_006": 60, "A29_007": 200, "A29_008": null }, "geometry": { "type": "Polygon", "coordinates": [ [ [ 139.181989181, 35.272610529 ], [ 139.18175298700001, 35.273201224 ], [ 139.182081458999988, 35.273266741 ], [ 139.18168818800001, 35.273614498 ], [ 139.181993844, 35.273932477 ], [ 139.18120288599999, 35.27451262 ], [ 139.180979449, 35.274933709 ], [ 139.18197630099999, 35.275026806 ], [ 139.181979027000011, 35.27545236 ], [ 139.186713942000011, 35.27636765 ], [ 139.187683908999986, 35.276101599 ], [ 139.18854775299999, 35.27585784 ], [ 139.188366484999989, 35.274326553 ], [ 139.188357579000012, 35.273974711 ], [ 139.188377645, 35.273562151 ], [ 139.1884619, 35.272624372 ], [ 139.181989181, 35.272610529 ] ] ] } },
{ "type": "Feature", "properties": { "A29_001": "14206", "A29_002": "神奈川県", "A29_003": "小田原市", "A29_004": 11, "A29_005": "工業地域", "A29_006": 60, "A29_007": 200, "A29_008": null }, "geometry": { "type": "Polygon", "coordinates": [ [ [ 139.134817851, 35.274485261 ], [ 139.134807123, 35.274418055 ], [ 139.134784918, 35.274346535 ], [ 139.13477039899999, 35.27429261 ], [ 139.13475161400001, 35.274237489 ], [ 139.134707784999989, 35.274116438 ], [ 139.13424470199999, 35.273953176 ], [ 139.13364297199999, 35.273742256 ], [ 139.133439587, 35.273670968 ], [ 139.133646024, 35.273212245 ], [ 139.13405047099999, 35.273046867 ], [ 139.133192654999988, 35.272757673 ], [ 139.13328260099999, 35.272582625 ], [ 139.13285844699999, 35.272691738 ], [ 139.132057175999989, 35.272897855 ], [ 139.131223027, 35.273237382 ], [ 139.13110512099999, 35.273310885 ], [ 139.131116025000011, 35.273369467 ], [ 139.131133788, 35.273456159 ], [ 139.13114045899999, 35.273510923 ], [ 139.131143688, 35.273549558 ], [ 139.131151797, 35.273684789 ], [ 139.131164821999988, 35.273745963 ], [ 139.131194603000012, 35.273931646 ], [ 139.13121422, 35.274054207 ], [ 139.131228297, 35.274159041 ], [ 139.131247419, 35.274257469 ], [ 139.131282352999989, 35.274415293 ], [ 139.131303782, 35.274495002 ], [ 139.131344727999988, 35.274618346 ], [ 139.131371972000011, 35.274685217 ], [ 139.131405655, 35.274749782 ], [ 139.131430916999989, 35.274797921 ], [ 139.131474946, 35.274887893 ], [ 139.131539221, 35.275042758 ], [ 139.13157787, 35.275034852 ], [ 139.131984022000012, 35.274997274 ], [ 139.132052321, 35.274992533 ], [ 139.132267823, 35.274975906 ], [ 139.132612886, 35.274960418 ], [ 139.132746309999987, 35.274954755 ], [ 139.132812753, 35.274954031 ], [ 139.13288966499999, 35.274932301 ], [ 139.132932833000012, 35.274923177 ], [ 139.13297883300001, 35.274917016 ], [ 139.133095989999987, 35.274896043 ], [ 139.133123855, 35.274890939 ], [ 139.13320965599999, 35.274865683 ], [ 139.133251624, 35.274854006 ], [ 139.13335001199999, 35.274842452 ], [ 139.133422524999986, 35.274839269 ], [ 139.133442030999987, 35.274837188 ], [ 139.133548633, 35.274813821 ], [ 139.13369424699999, 35.274790814 ], [ 139.133872602, 35.274765013 ], [ 139.133934426, 35.27476239 ], [ 139.13399447, 35.274755284 ], [ 139.134021811999986, 35.274746498 ], [ 139.134120193, 35.274720236 ], [ 139.134178483, 35.274705667 ], [ 139.134200372, 35.274696849 ], [ 139.13423515, 35.274668729 ], [ 139.13427532899999, 35.274646602 ], [ 139.134300827, 35.274640787 ], [ 139.13433908499999, 35.274630574 ], [ 139.134380991, 35.274618892 ], [ 139.134422951, 35.274601246 ], [ 139.134552525, 35.274540879 ], [ 139.134598106, 35.274524745 ], [ 139.134636352, 35.274516022 ], [ 139.134747764999986, 35.274499278 ], [ 139.134817851, 35.274485261 ] ] ] } },
{ "type": "Feature", "properties": { "A29_001": "14206", "A29_002": "神奈川県", "A29_003": "小田原市", "A29_004": 7, "A29_005": "準住居地域", "A29_006": 60, "A29_007": 200, "A29_008": null }, "geometry": { "type": "Polygon", "coordinates": [ [ [ 139.161884081000011, 35.273413765 ], [ 139.16150298299999, 35.273090079 ], [ 139.161374669999987, 35.272976329 ], [ 139.16124005099999, 35.272867602 ], [ 139.161099396999987, 35.272764122 ], [ 139.16095303899999, 35.272666119 ], [ 139.16080126899999, 35.272573809 ], [ 139.160644439, 35.272487384 ], [ 139.160482866, 35.272407035 ], [ 139.160316921, 35.272332944 ], [ 139.16028378499999, 35.272319112 ], [ 139.159483372000011, 35.27197377 ], [ 139.159594356000014, 35.271834218 ], [ 139.159847229, 35.271559407 ], [ 139.160020542000012, 35.271363142 ], [ 139.160098686999987, 35.271233539 ], [ 139.160003913, 35.271211522 ], [ 139.159726952999989, 35.27118311 ], [ 139.159849637, 35.270858112 ], [ 139.159912657, 35.270692793 ], [ 139.159981604, 35.270524342 ], [ 139.160019317, 35.270451123 ], [ 139.16005468, 35.270397586 ], [ 139.16012739300001, 35.270314709 ], [ 139.160846278, 35.269471316 ], [ 139.160900784, 35.269346251 ], [ 139.16077739, 35.268906766 ], [ 139.16076615099999, 35.268814471 ], [ 139.160773725000013, 35.268551031 ], [ 139.16081256199999, 35.268010363 ], [ 139.161028007, 35.267023531 ], [ 139.16103882199999, 35.266985046 ], [ 139.161034666, 35.266959955 ], [ 139.16102618299999, 35.266930359 ], [ 139.161004577999989, 35.266903368 ], [ 139.160442284, 35.266474892 ], [ 139.16040765599999, 35.26643977 ], [ 139.160373095000011, 35.266396599 ], [ 139.160347363999989, 35.266340928 ], [ 139.16032388299999, 35.266276329 ], [ 139.16027819199999, 35.266082577 ], [ 139.160239012, 35.26568617 ], [ 139.16022336899999, 35.265399524 ], [ 139.160253872, 35.264746575 ], [ 139.159942242, 35.264061574 ], [ 139.159636377, 35.264266241 ], [ 139.159523108, 35.264351907 ], [ 139.159397654, 35.264431484 ], [ 139.159287014, 35.264488012 ], [ 139.159266027, 35.264498736 ], [ 139.15912418, 35.264564036 ], [ 139.15895656699999, 35.264627768 ], [ 139.158726468, 35.266301378 ], [ 139.158487052, 35.26795958 ], [ 139.158439735, 35.268290396 ], [ 139.158168566, 35.270193731 ], [ 139.15802545599999, 35.271150925 ], [ 139.15800089699999, 35.271316431 ], [ 139.157973478, 35.271490611 ], [ 139.157919623, 35.271890578 ], [ 139.157939368, 35.271897708 ], [ 139.15881349899999, 35.272273227 ], [ 139.159432205, 35.272537833 ], [ 139.15999575399999, 35.272777956 ], [ 139.160023829000011, 35.272789609 ], [ 139.16019905499999, 35.272881834 ], [ 139.16067346599999, 35.273148452 ], [ 139.161421052, 35.273784784 ], [ 139.16142733699999, 35.273779726 ], [ 139.161864428, 35.273430882 ], [ 139.161884081000011, 35.273413765 ] ] ] } },
{ "type": "Feature", "properties": { "A29_001": "14206", "A29_002": "神奈川県", "A29_003": "小田原市", "A29_004": 11, "A29_005": "工業地域", "A29_006": 60, "A29_007": 200, "A29_008": null }, "geometry": { "type": "Polygon", "coordinates": [ [ [ 139.150011357000011, 35.269277802 ], [ 139.148642231, 35.269165056 ], [ 139.147715006999988, 35.269090775 ], [ 139.147514343000012, 35.269074701 ], [ 139.145295162, 35.268902109 ], [ 139.145281536, 35.269031745 ], [ 139.145267116000014, 35.269177331 ], [ 139.145256753000012, 35.269284991 ], [ 139.14524650199999, 35.269405361 ], [ 139.145232002, 35.269560321 ], [ 139.145218672, 35.269693925 ], [ 139.145214861, 35.269741678 ], [ 139.145214267999989, 35.269746813 ], [ 139.145196156, 35.269938981 ], [ 139.145189262, 35.270013308 ], [ 139.14518210899999, 35.270105302 ], [ 139.145176977, 35.270192349 ], [ 139.14517170100001, 35.270283271 ], [ 139.145168786999989, 35.27036924 ], [ 139.145159799999988, 35.270440211 ], [ 139.14513886200001, 35.270522039 ], [ 139.145119369000014, 35.270592798 ], [ 139.14501514, 35.270914685 ], [ 139.145325638, 35.270870578 ], [ 139.145624394, 35.270828135 ], [ 139.145628776, 35.270854607 ], [ 139.145842018, 35.27089019 ], [ 139.145824143999988, 35.271032232 ], [ 139.145853628, 35.271035554 ], [ 139.14582063, 35.271290683 ], [ 139.14580276699999, 35.271428822 ], [ 139.145875948, 35.271867288 ], [ 139.14593672699999, 35.271865297 ], [ 139.145984981999987, 35.271863716 ], [ 139.14600425099999, 35.272013333 ], [ 139.146091375999987, 35.272029621 ], [ 139.14627629200001, 35.272293469 ], [ 139.146767047, 35.272338361 ], [ 139.14676722499999, 35.272338389 ], [ 139.14682288099999, 35.272557331 ], [ 139.147807652000012, 35.272455476 ], [ 139.147810658, 35.272479714 ], [ 139.147974283999986, 35.272478009 ], [ 139.147978477, 35.2726665 ], [ 139.148529935, 35.272649323 ], [ 139.14900829699999, 35.272654347 ], [ 139.149011406, 35.272427164 ], [ 139.149248749, 35.272433769 ], [ 139.14917868399999, 35.270865602 ], [ 139.149158168000014, 35.27040629 ], [ 139.150011357000011, 35.269277802 ] ] ] } },
{ "type": "Feature", "properties": { "A29_001": "14206", "A29_002": "神奈川県", "A29_003": "小田原市", "A29_004": 8, "A29_005": "近隣商業地域", "A29_006": 80, "A29_007": 200, "A29_008": null }, "geometry": { "type": "Polygon", "coordinates": [ [ [ 139.162435808, 35.27286152 ], [ 139.16147160700001, 35.272043194 ], [ 139.161095155, 35.271723698 ], [ 139.160786284000011, 35.271539652 ], [ 139.160662398999989, 35.271433066 ], [ 139.16051499299999, 35.271222857 ], [ 139.160722268, 35.270729945 ], [ 139.160913775000012, 35.270506216 ], [ 139.161550592, 35.269744112 ], [ 139.16161517399999, 35.269588652 ], [ 139.161644588, 35.269463447 ], [ 139.161637447, 35.269269973 ], [ 139.161596132, 35.269002123 ], [ 139.16154279, 35.268853175 ], [ 139.161529941, 35.268822654 ], [ 139.161560591000011, 35.268259946 ], [ 139.161574849, 35.26811853 ], [ 139.161584241000014, 35.268037987 ], [ 139.161788484999988, 35.267092755 ], [ 139.161802532, 35.266978209 ], [ 139.161796779000014, 35.266881465 ], [ 139.161728880999988, 35.266670635 ], [ 139.161707231, 35.266649025 ], [ 139.161067941999988, 35.26613029 ], [ 139.16104198799999, 35.26610149 ], [ 139.160966519, 35.265466277 ], [ 139.160965465, 35.265371668 ], [ 139.161045273000013, 35.264668685 ], [ 139.16070013, 35.263908335 ], [ 139.160657292, 35.263809591 ], [ 139.160640281000013, 35.263716245 ], [ 139.160630653, 35.263640428 ], [ 139.160641579000014, 35.2635591 ], [ 139.160667733999986, 35.263391907 ], [ 139.16070708, 35.263183052 ], [ 139.16073595, 35.262997151 ], [ 139.160743724000014, 35.262884941 ], [ 139.160746026, 35.2627505 ], [ 139.160744225, 35.262693042 ], [ 139.160739208, 35.26260377 ], [ 139.160729522, 35.262372842 ], [ 139.16061688, 35.262263027 ], [ 139.159895119, 35.261559371 ], [ 139.159906686, 35.262365047 ], [ 139.159915751, 35.262761232 ], [ 139.159896494, 35.262972624 ], [ 139.159884940000012, 35.263093809 ], [ 139.159832443, 35.263273943 ], [ 139.159780028, 35.263454736 ], [ 139.159739425, 35.263536296 ], [ 139.159524266, 35.263976791 ], [ 139.159287014, 35.264488012 ], [ 139.159397654, 35.264431484 ], [ 139.159523108, 35.264351907 ], [ 139.159636377, 35.264266241 ], [ 139.159942242, 35.264061574 ], [ 139.160253872, 35.264746575 ], [ 139.16022336899999, 35.265399524 ], [ 139.160239012, 35.26568617 ], [ 139.16027819199999, 35.266082577 ], [ 139.16032388299999, 35.266276329 ], [ 139.160347363999989, 35.266340928 ], [ 139.160373095000011, 35.266396599 ], [ 139.16040765599999, 35.26643977 ], [ 139.160442284, 35.266474892 ], [ 139.161004577999989, 35.266903368 ], [ 139.16102618299999, 35.266930359 ], [ 139.161034666, 35.266959955 ], [ 139.16103882199999, 35.266985046 ], [ 139.161028007, 35.267023531 ], [ 139.16081256199999, 35.268010363 ], [ 139.160773725000013, 35.268551031 ], [ 139.16076615099999, 35.268814471 ], [ 139.16077739, 35.268906766 ], [ 139.160900784, 35.269346251 ], [ 139.160846278, 35.269471316 ], [ 139.16012739300001, 35.270314709 ], [ 139.16005468, 35.270397586 ], [ 139.160019317, 35.270451123 ], [ 139.159981604, 35.270524342 ], [ 139.159912657, 35.270692793 ], [ 139.159849637, 35.270858112 ], [ 139.159726952999989, 35.27118311 ], [ 139.160003913, 35.271211522 ], [ 139.160098686999987, 35.271233539 ], [ 139.160020542000012, 35.271363142 ], [ 139.159847229, 35.271559407 ], [ 139.159594356000014, 35.271834218 ], [ 139.159483372000011, 35.27197377 ], [ 139.16028378499999, 35.272319112 ], [ 139.160316921, 35.272332944 ], [ 139.160482866, 35.272407035 ], [ 139.160644439, 35.272487384 ], [ 139.16080126899999, 35.272573809 ], [ 139.16095303899999, 35.272666119 ], [ 139.161099396999987, 35.272764122 ], [ 139.16124005099999, 35.272867602 ], [ 139.161374669999987, 35.272976329 ], [ 139.16150298299999, 35.273090079 ], [ 139.161884081000011, 35.273413765 ], [ 139.16239095099999, 35.27297219 ], [ 139.162435808, 35.27286152 ] ] ] } },
{ "type": "Feature", "properties": { "A29_001": "14206", "A29_002": "神奈川県", "A29_003": "小田原市", "A29_004": 10, "A29_005": "準工業地域", "A29_006": 60, "A29_007": 200, "A29_008": null }, "geometry": { "type": "Polygon", "coordinates": [ [ [ 139.154452456, 35.272363402 ], [ 139.15452721299999, 35.272324863 ], [ 139.154697602999988, 35.272283172 ], [ 139.15475237199999, 35.271948623 ], [ 139.154593476, 35.271935562 ], [ 139.154628373, 35.271591797 ], [ 139.154574685999989, 35.271586989 ], [ 139.154647813999986, 35.270892483 ], [ 139.154720951, 35.270197968 ], [ 139.154741222000013, 35.270189708 ], [ 139.154938864, 35.268492487 ], [ 139.154757733999986, 35.268494772 ], [ 139.15458533099999, 35.268496006 ], [ 139.154515293, 35.269165331 ], [ 139.154488687, 35.269163613 ], [ 139.154461908, 35.269305164 ], [ 139.154495187, 35.26931588 ], [ 139.154485867, 35.269630853 ], [ 139.154480951000011, 35.270375508 ], [ 139.154381449999988, 35.270629149 ], [ 139.154183265, 35.271002924 ], [ 139.154053379, 35.271012686 ], [ 139.154067996, 35.271110328 ], [ 139.154050705, 35.271265778 ], [ 139.154013126, 35.273042986 ], [ 139.15420237399999, 35.27306773 ], [ 139.154369511999988, 35.27308921 ], [ 139.154452456, 35.272363402 ] ] ] } },
{ "type": "Feature", "properties": { "A29_001": "14206", "A29_002": "神奈川県", "A29_003": "小田原市", "A29_004": 3, "A29_005": "第一種中高層住居専用地域", "A29_006": 60, "A29_007": 200, "A29_008": null }, "geometry": { "type": "Polygon", "coordinates": [ [ [ 139.197165633, 35.271205952 ], [ 139.197078239, 35.271144025 ], [ 139.196978636000011, 35.271074849 ], [ 139.19687847899999, 35.27100623 ], [ 139.196777757, 35.270938157 ], [ 139.196676470999989, 35.270870649 ], [ 139.196574642, 35.270803706 ], [ 139.196472269999987, 35.270737318 ], [ 139.196446864, 35.270720995 ], [ 139.19583172, 35.270332906 ], [ 139.195480365, 35.270107332 ], [ 139.194940231, 35.269767435 ], [ 139.19446354499999, 35.269480522 ], [ 139.193370026, 35.268846123 ], [ 139.19328328099999, 35.268796168 ], [ 139.193196035999989, 35.268746814 ], [ 139.193108290999987, 35.268698043 ], [ 139.19302004799999, 35.268649882 ], [ 139.192931339000012, 35.268602313 ], [ 139.192842141, 35.268555355 ], [ 139.192752465000012, 35.268509007 ], [ 139.19266233499999, 35.268463261 ], [ 139.192571738, 35.268418143 ], [ 139.192480697, 35.268373636 ], [ 139.1923892, 35.268329748 ], [ 139.192297270000012, 35.268286489 ], [ 139.192204906, 35.268243849 ], [ 139.19211210899999, 35.268201848 ], [ 139.192018889, 35.268160474 ], [ 139.191925257, 35.268119739 ], [ 139.19183121399999, 35.268079641 ], [ 139.191736771, 35.268040181 ], [ 139.191641925999988, 35.268001368 ], [ 139.191546703, 35.267963202 ], [ 139.191451091, 35.267925683 ], [ 139.19135509899999, 35.267888819 ], [ 139.19133008099999, 35.267879339 ], [ 139.190783223000011, 35.267658753 ], [ 139.19028756899999, 35.267466678 ], [ 139.19024365300001, 35.267556523 ], [ 139.19026170399999, 35.26758453 ], [ 139.19027114299999, 35.267611495 ], [ 139.19027585399999, 35.267632367 ], [ 139.190276681, 35.267639882 ], [ 139.190276702, 35.267640024 ], [ 139.190281892, 35.267687197 ], [ 139.190267318, 35.26781787 ], [ 139.190241703, 35.26790482 ], [ 139.19018724099999, 35.268034289 ], [ 139.190171435, 35.26805116 ], [ 139.190150691000014, 35.268062741 ], [ 139.190060095, 35.268090023 ], [ 139.19003365099999, 35.268100988 ], [ 139.190017186, 35.268110834 ], [ 139.19000499399999, 35.268129257 ], [ 139.18990466, 35.268385906 ], [ 139.190205948999989, 35.268483365 ], [ 139.190056306, 35.268925308 ], [ 139.190018685000013, 35.2691182 ], [ 139.189988746000012, 35.269300208 ], [ 139.189790139, 35.271599569 ], [ 139.191449616, 35.27160304 ], [ 139.196880219, 35.271614243 ], [ 139.197023816000012, 35.271408818 ], [ 139.197165633, 35.271205952 ] ] ] } },
{ "type": "Feature", "properties": { "A29_001": "14206", "A29_002": "神奈川県", "A29_003": "小田原市", "A29_004": 11, "A29_005": "工業地域", "A29_006": 60, "A29_007": 200, "A29_008": null }, "geometry": { "type": "Polygon", "coordinates": [ [ [ 139.179901919, 35.261902707 ], [ 139.179671453, 35.261667085 ], [ 139.179251865999987, 35.261277209 ], [ 139.178969532, 35.261021006 ], [ 139.178278438, 35.260393848 ], [ 139.178082479000011, 35.260730466 ], [ 139.176764107999986, 35.259545458 ], [ 139.176730561999989, 35.259514646 ], [ 139.176696375, 35.259484317 ], [ 139.176661536000012, 35.25945449 ], [ 139.176626066000011, 35.259425164 ], [ 139.176589987, 35.259396348 ], [ 139.176553289, 35.259368061 ], [ 139.176516005, 35.259340293 ], [ 139.176478132999989, 35.259313072 ], [ 139.176439686, 35.259286389 ], [ 139.176425978999987, 35.259277102 ], [ 139.174803985000011, 35.258168234 ], [ 139.17473527199999, 35.258123989 ], [ 139.174668846, 35.258083694 ], [ 139.174601023, 35.258044961 ], [ 139.17453115699999, 35.258007442 ], [ 139.174485255, 35.257984035 ], [ 139.174197201, 35.257837582 ], [ 139.174194021, 35.257839448 ], [ 139.17414450699999, 35.257868637 ], [ 139.174097861, 35.257890918 ], [ 139.17402367299999, 35.257906712 ], [ 139.17383358699999, 35.258119312 ], [ 139.17358552499999, 35.258406773 ], [ 139.173339821000013, 35.258687936 ], [ 139.17280392399999, 35.259310675 ], [ 139.17241676099999, 35.259697513 ], [ 139.17219556399999, 35.259892578 ], [ 139.171748708, 35.260238893 ], [ 139.171709053, 35.260186421 ], [ 139.171601759, 35.260048342 ], [ 139.171568642000011, 35.25996496 ], [ 139.171528276, 35.259908122 ], [ 139.171464809000014, 35.259845964 ], [ 139.171350002999986, 35.25976676 ], [ 139.170953776, 35.259464691 ], [ 139.170579315999987, 35.259265965 ], [ 139.170562517, 35.259298422 ], [ 139.170528334000011, 35.259354044 ], [ 139.170481093, 35.25944203 ], [ 139.170384109999986, 35.259639453 ], [ 139.170371584, 35.259678022 ], [ 139.17028514899999, 35.259865486 ], [ 139.17021596, 35.260006298 ], [ 139.170087661, 35.260264128 ], [ 139.170039202, 35.260358786 ], [ 139.169994585000012, 35.260348952 ], [ 139.169390920000012, 35.260221183 ], [ 139.16848196699999, 35.260027003 ], [ 139.168168353999988, 35.260726463 ], [ 139.167664136000013, 35.261152583 ], [ 139.166969612, 35.261714929 ], [ 139.166573029, 35.262077015 ], [ 139.16571426199999, 35.262564046 ], [ 139.16436956699999, 35.261304258 ], [ 139.164100573000013, 35.261386764 ], [ 139.162698277, 35.261802664 ], [ 139.162280342, 35.261943627 ], [ 139.162221015, 35.26196641 ], [ 139.161994783000011, 35.262081852 ], [ 139.16184085399999, 35.262185652 ], [ 139.161755698, 35.262267217 ], [ 139.161590651000012, 35.262474284 ], [ 139.161490692, 35.262639553 ], [ 139.16133865399999, 35.26296667 ], [ 139.161037075, 35.262672675 ], [ 139.16073551, 35.26237868 ], [ 139.160729522, 35.262372842 ], [ 139.160739208, 35.26260377 ], [ 139.160744225, 35.262693042 ], [ 139.160746026, 35.2627505 ], [ 139.160743724000014, 35.262884941 ], [ 139.16073595, 35.262997151 ], [ 139.16070708, 35.263183052 ], [ 139.160667733999986, 35.263391907 ], [ 139.160641579000014, 35.2635591 ], [ 139.160630653, 35.263640428 ], [ 139.160640281000013, 35.263716245 ], [ 139.160657292, 35.263809591 ], [ 139.16070013, 35.263908335 ], [ 139.161045273000013, 35.264668685 ], [ 139.160965465, 35.265371668 ], [ 139.160966519, 35.265466277 ], [ 139.16104198799999, 35.26610149 ], [ 139.161067941999988, 35.26613029 ], [ 139.161707231, 35.266649025 ], [ 139.161728880999988, 35.266670635 ], [ 139.161796779000014, 35.266881465 ], [ 139.161802532, 35.266978209 ], [ 139.161788484999988, 35.267092755 ], [ 139.161584241000014, 35.268037987 ], [ 139.161574849, 35.26811853 ], [ 139.161560591000011, 35.268259946 ], [ 139.161529941, 35.268822654 ], [ 139.16154279, 35.268853175 ], [ 139.161596132, 35.269002123 ], [ 139.161637447, 35.269269973 ], [ 139.161644588, 35.269463447 ], [ 139.16161517399999, 35.269588652 ], [ 139.161550592, 35.269744112 ], [ 139.160913775000012, 35.270506216 ], [ 139.160722268, 35.270729945 ], [ 139.16051499299999, 35.271222857 ], [ 139.160662398999989, 35.271433066 ], [ 139.160786284000011, 35.271539652 ], [ 139.161095155, 35.271723698 ], [ 139.16147160700001, 35.272043194 ], [ 139.162435808, 35.27286152 ], [ 139.162438322000014, 35.272855323 ], [ 139.16246668299999, 35.27280035 ], [ 139.164687891999989, 35.271255087 ], [ 139.166620967, 35.269921694 ], [ 139.167268587, 35.269501823 ], [ 139.16794318800001, 35.269144663 ], [ 139.168608971999987, 35.26876406 ], [ 139.170127400000013, 35.267899491 ], [ 139.170696574, 35.267521636 ], [ 139.171865638000014, 35.266872706 ], [ 139.173159836999986, 35.266153289 ], [ 139.174150166, 35.265610863 ], [ 139.174832392000013, 35.26523831 ], [ 139.175447034, 35.26489753 ], [ 139.176535432, 35.264305201 ], [ 139.177593733, 35.263843918 ], [ 139.177634275, 35.263836125 ], [ 139.17769233199999, 35.263810812 ], [ 139.17893419399999, 35.26300783 ], [ 139.179431244, 35.262253338 ], [ 139.17940662699999, 35.262222963 ], [ 139.179794437999988, 35.261970435 ], [ 139.179901919, 35.261902707 ] ] ] } },
{ "type": "Feature", "properties": { "A29_001": "14206", "A29_002": "神奈川県", "A29_003": "小田原市", "A29_004": 5, "A29_005": "第一種住居地域", "A29_006": 60, "A29_007": 200, "A29_008": null }, "geometry": { "type": "Polygon", "coordinates": [ [ [ 139.14501514, 35.270914685 ], [ 139.145119369000014, 35.270592798 ], [ 139.14513886200001, 35.270522039 ], [ 139.145159799999988, 35.270440211 ], [ 139.145168786999989, 35.27036924 ], [ 139.14517170100001, 35.270283271 ], [ 139.145176977, 35.270192349 ], [ 139.14518210899999, 35.270105302 ], [ 139.145189262, 35.270013308 ], [ 139.145196156, 35.269938981 ], [ 139.145214267999989, 35.269746813 ], [ 139.145214861, 35.269741678 ], [ 139.145218672, 35.269693925 ], [ 139.145232002, 35.269560321 ], [ 139.14524650199999, 35.269405361 ], [ 139.145256753000012, 35.269284991 ], [ 139.145267116000014, 35.269177331 ], [ 139.145281536, 35.269031745 ], [ 139.145295162, 35.268902109 ], [ 139.14530552299999, 35.268820681 ], [ 139.145317893999987, 35.268696446 ], [ 139.145327693000013, 35.268590496 ], [ 139.145336765, 35.268505544 ], [ 139.145342574000011, 35.268442389 ], [ 139.145364113, 35.268220565 ], [ 139.14537205100001, 35.268031702 ], [ 139.145388903, 35.26783766 ], [ 139.145419393999987, 35.267578786 ], [ 139.14542541899999, 35.267510935 ], [ 139.145451664, 35.267231511 ], [ 139.145471879000013, 35.267029746 ], [ 139.145502074, 35.266756276 ], [ 139.144919664000014, 35.266606899 ], [ 139.144738335999989, 35.266578275 ], [ 139.14455129699999, 35.266581826 ], [ 139.144279680000011, 35.266612576 ], [ 139.143894875, 35.266725765 ], [ 139.14375633, 35.266752279 ], [ 139.14366765, 35.266763312 ], [ 139.143486208000013, 35.266771508 ], [ 139.143343778, 35.266768685 ], [ 139.143200189, 35.266769356 ], [ 139.143131039, 35.266779396 ], [ 139.14304909099999, 35.266798306 ], [ 139.142945244, 35.266827526 ], [ 139.14242441799999, 35.267161433 ], [ 139.142351240000011, 35.267217658 ], [ 139.142069189000011, 35.267470942 ], [ 139.141805489, 35.267703461 ], [ 139.141765099999986, 35.26775093 ], [ 139.14175686199999, 35.267834209 ], [ 139.14315849499999, 35.267936003 ], [ 139.144793394, 35.268061311 ], [ 139.144745475, 35.269461183 ], [ 139.141343748999986, 35.26941009 ], [ 139.14133469, 35.269124733 ], [ 139.14039140599999, 35.269114836 ], [ 139.140387132, 35.269304414 ], [ 139.14006780599999, 35.269301344 ], [ 139.139988675000012, 35.269268327 ], [ 139.13981184, 35.268950739 ], [ 139.139670677, 35.268984562 ], [ 139.139532640999988, 35.269028066 ], [ 139.139368848, 35.2690836 ], [ 139.139226662, 35.269138149 ], [ 139.139088539999989, 35.269191612 ], [ 139.13898297599999, 35.269224224 ], [ 139.13888350799999, 35.269243286 ], [ 139.138782189000011, 35.269253773 ], [ 139.138679574, 35.269257619 ], [ 139.138639084, 35.269257387 ], [ 139.138561618000011, 35.269804477 ], [ 139.138556787, 35.269895248 ], [ 139.138554699, 35.269982718 ], [ 139.138557023, 35.270025909 ], [ 139.138564575, 35.270090178 ], [ 139.138656946999987, 35.270413378 ], [ 139.139034861999988, 35.270344191 ], [ 139.139049188, 35.270352639 ], [ 139.139077152999988, 35.270379373 ], [ 139.139134533, 35.270454871 ], [ 139.139267711, 35.270651286 ], [ 139.139392979, 35.270645127 ], [ 139.139427904, 35.270629084 ], [ 139.13947867600001, 35.270579707 ], [ 139.139544887999989, 35.270554 ], [ 139.139608469, 35.270535273 ], [ 139.139664896, 35.270531666 ], [ 139.139766866, 35.270532737 ], [ 139.139856697999988, 35.270526429 ], [ 139.13992936599999, 35.270517002 ], [ 139.140011066, 35.270502714 ], [ 139.140234991, 35.270455348 ], [ 139.140408728000011, 35.270412057 ], [ 139.14065187700001, 35.270346663 ], [ 139.1408251, 35.270292534 ], [ 139.140889055, 35.270282669 ], [ 139.14096586299999, 35.270280161 ], [ 139.14119031300001, 35.270269141 ], [ 139.141777886999989, 35.270239996 ], [ 139.1417763, 35.270303852 ], [ 139.143055836, 35.270324184 ], [ 139.144298063, 35.270343912 ], [ 139.144292119999989, 35.270392834 ], [ 139.14428499499999, 35.270455352 ], [ 139.144283214000012, 35.270471026 ], [ 139.144275849, 35.270549046 ], [ 139.14427147399999, 35.270585348 ], [ 139.144269352, 35.270602373 ], [ 139.144267421, 35.270622644 ], [ 139.144268084, 35.270630021 ], [ 139.144272441, 35.27067883 ], [ 139.144275306999987, 35.270716886 ], [ 139.14427722799999, 35.270736638 ], [ 139.144281842, 35.270788856 ], [ 139.144286333, 35.270842606 ], [ 139.144290944, 35.270856153 ], [ 139.144303592999989, 35.270920045 ], [ 139.14432216099999, 35.271013131 ], [ 139.14459908399999, 35.270973793 ], [ 139.14501514, 35.270914685 ] ] ] } },
{ "type": "Feature", "properties": { "A29_001": "14206", "A29_002": "神奈川県", "A29_003": "小田原市", "A29_004": 10, "A29_005": "準工業地域", "A29_006": 60, "A29_007": 200, "A29_008": null }, "geometry": { "type": "Polygon", "coordinates": [ [ [ 139.150652404999988, 35.267718345 ], [ 139.15060117199999, 35.265677583 ], [ 139.15014383, 35.265671423 ], [ 139.14999158399999, 35.265701743 ], [ 139.149392311000014, 35.265969845 ], [ 139.14921000199999, 35.266078868 ], [ 139.14877558, 35.266420839 ], [ 139.148433576, 35.266498111 ], [ 139.14844153300001, 35.266508477 ], [ 139.148392406999989, 35.26652501 ], [ 139.148356122, 35.266537226 ], [ 139.148330122, 35.266521097 ], [ 139.148098303000012, 35.266574428 ], [ 139.14794654799999, 35.266595752 ], [ 139.147739642, 35.266618107 ], [ 139.147324572, 35.266645203 ], [ 139.147095470000011, 35.266649961 ], [ 139.14690608, 35.266653169 ], [ 139.146791044, 35.26664992 ], [ 139.14657972, 35.266686562 ], [ 139.145878681, 35.266808111 ], [ 139.145787807, 35.266809452 ], [ 139.145708482, 35.266802096 ], [ 139.145502074, 35.266756276 ], [ 139.145471879000013, 35.267029746 ], [ 139.145451664, 35.267231511 ], [ 139.14542541899999, 35.267510935 ], [ 139.145419393999987, 35.267578786 ], [ 139.145388903, 35.26783766 ], [ 139.14537205100001, 35.268031702 ], [ 139.145364113, 35.268220565 ], [ 139.145342574000011, 35.268442389 ], [ 139.145336765, 35.268505544 ], [ 139.145327693000013, 35.268590496 ], [ 139.145317893999987, 35.268696446 ], [ 139.14530552299999, 35.268820681 ], [ 139.145295162, 35.268902109 ], [ 139.147514343000012, 35.269074701 ], [ 139.147715006999988, 35.269090775 ], [ 139.148642231, 35.269165056 ], [ 139.150011357000011, 35.269277802 ], [ 139.15061596699999, 35.26846536 ], [ 139.150652404999988, 35.267718345 ] ] ] } },
{ "type": "Feature", "properties": { "A29_001": "14206", "A29_002": "神奈川県", "A29_003": "小田原市", "A29_004": 10, "A29_005": "準工業地域", "A29_006": 60, "A29_007": 200, "A29_008": null }, "geometry": { "type": "Polygon", "coordinates": [ [ [ 139.182227874, 35.267288181 ], [ 139.182254938, 35.266842604 ], [ 139.18152623200001, 35.266446494 ], [ 139.180797544, 35.266050388 ], [ 139.180522467, 35.266258374 ], [ 139.179347041, 35.267149141 ], [ 139.178328318000013, 35.26792183 ], [ 139.178038536, 35.268038184 ], [ 139.177644173, 35.268184095 ], [ 139.17750765, 35.268227082 ], [ 139.177127805999987, 35.268346678 ], [ 139.176698383, 35.26854393 ], [ 139.176965725, 35.268866509 ], [ 139.17731096, 35.269152859 ], [ 139.177312717, 35.269154356 ], [ 139.177662129999987, 35.26945314 ], [ 139.17771016099999, 35.269494234 ], [ 139.17811688899999, 35.269780329 ], [ 139.178600644999989, 35.269889179 ], [ 139.179085105000013, 35.269984411 ], [ 139.17953809, 35.269650486 ], [ 139.179735746, 35.269504779 ], [ 139.179993951, 35.269316291 ], [ 139.18058679399999, 35.269154072 ], [ 139.180709525999987, 35.269094718 ], [ 139.180926437000011, 35.268955195 ], [ 139.181491111000014, 35.269314947 ], [ 139.181670895, 35.26938062 ], [ 139.181730253000012, 35.269402302 ], [ 139.182122534, 35.268884451 ], [ 139.182129941, 35.268772587 ], [ 139.182189482000013, 35.267873443 ], [ 139.182223786, 35.267355432 ], [ 139.182227874, 35.267288181 ] ] ] } },
{ "type": "Feature", "properties": { "A29_001": "14206", "A29_002": "神奈川県", "A29_003": "小田原市", "A29_004": 3, "A29_005": "第一種中高層住居専用地域", "A29_006": 60, "A29_007": 200, "A29_008": null }, "geometry": { "type": "Polygon", "coordinates": [ [ [ 139.188975750999987, 35.266996291 ], [ 139.188023402, 35.266660802 ], [ 139.187935345999989, 35.26662853 ], [ 139.187846944, 35.266596915 ], [ 139.187758196, 35.266565964 ], [ 139.187669101000012, 35.266535679 ], [ 139.187579672, 35.266506059 ], [ 139.187489919, 35.266477113 ], [ 139.187399852999988, 35.266448833 ], [ 139.187309473999989, 35.266421227 ], [ 139.187218793, 35.266394304 ], [ 139.18712781, 35.266368056 ], [ 139.187036546, 35.266342491 ], [ 139.186981436, 35.266327422 ], [ 139.185713076000013, 35.265954206 ], [ 139.184610212, 35.265621589 ], [ 139.184489860000014, 35.265779043 ], [ 139.184446154999989, 35.26597547 ], [ 139.18432375099999, 35.266401164 ], [ 139.18428938, 35.266539284 ], [ 139.18427759299999, 35.266628154 ], [ 139.184277114, 35.266688213 ], [ 139.184292529, 35.266839012 ], [ 139.18432622, 35.266972251 ], [ 139.182268679, 35.269673714 ], [ 139.180879155000014, 35.271558034 ], [ 139.180980471999987, 35.271561257 ], [ 139.181090979, 35.271562953 ], [ 139.184419502, 35.271570134 ], [ 139.18856758199999, 35.271578962 ], [ 139.188587231000014, 35.271238215 ], [ 139.188760738000013, 35.269229833 ], [ 139.188783086, 35.26902132 ], [ 139.188858113, 35.268693794 ], [ 139.189243333, 35.267339848 ], [ 139.188953435, 35.267259151 ], [ 139.188998821000013, 35.267119754 ], [ 139.188943335, 35.267103549 ], [ 139.188975750999987, 35.266996291 ] ] ] } },
{ "type": "Feature", "properties": { "A29_001": "14206", "A29_002": "神奈川県", "A29_003": "小田原市", "A29_004": 5, "A29_005": "第一種住居地域", "A29_006": 60, "A29_007": 200, "A29_008": null }, "geometry": { "type": "Polygon", "coordinates": [ [ [ 139.148330122, 35.266521097 ], [ 139.148112121, 35.266392808 ], [ 139.147594462, 35.266249147 ], [ 139.147351124000011, 35.266202084 ], [ 139.147014813, 35.266060097 ], [ 139.146944329, 35.266041985 ], [ 139.146898279, 35.266035279 ], [ 139.146838064, 35.266033441 ], [ 139.146226406000011, 35.266083909 ], [ 139.146266661999988, 35.266464299 ], [ 139.146273035, 35.266524514 ], [ 139.146390599999989, 35.266544507 ], [ 139.146388761, 35.266633494 ], [ 139.146516303, 35.266638409 ], [ 139.146584929, 35.266641052 ], [ 139.14657972, 35.266686562 ], [ 139.146791044, 35.26664992 ], [ 139.14690608, 35.266653169 ], [ 139.147095470000011, 35.266649961 ], [ 139.147324572, 35.266645203 ], [ 139.147739642, 35.266618107 ], [ 139.14794654799999, 35.266595752 ], [ 139.148098303000012, 35.266574428 ], [ 139.148330122, 35.266521097 ] ] ] } },
{ "type": "Feature", "properties": { "A29_001": "14206", "A29_002": "神奈川県", "A29_003": "小田原市", "A29_004": 11, "A29_005": "工業地域", "A29_006": 60, "A29_007": 200, "A29_008": null }, "geometry": { "type": "Polygon", "coordinates": [ [ [ 139.184831683999988, 35.265325508 ], [ 139.184940304, 35.265002933 ], [ 139.185034304, 35.264732922 ], [ 139.185306376, 35.264085929 ], [ 139.18554031, 35.26370079 ], [ 139.186052015, 35.263084932 ], [ 139.186151575, 35.262976123 ], [ 139.186143727, 35.26289883 ], [ 139.18608348699999, 35.262858936 ], [ 139.18576029799999, 35.262688101 ], [ 139.185676932, 35.262638879 ], [ 139.18551568, 35.262698357 ], [ 139.185356911000014, 35.262775722 ], [ 139.18530752, 35.2628089 ], [ 139.184824131, 35.263114684 ], [ 139.184012736999989, 35.263635443 ], [ 139.183479108, 35.263980155 ], [ 139.183192875, 35.264168004 ], [ 139.183207255000013, 35.264183982 ], [ 139.183111026, 35.264246591 ], [ 139.182736741000014, 35.264531148 ], [ 139.181892334999986, 35.265183736 ], [ 139.180797544, 35.266050388 ], [ 139.18152623200001, 35.266446494 ], [ 139.182254938, 35.266842604 ], [ 139.182227874, 35.267288181 ], [ 139.182358892, 35.26726837 ], [ 139.182567001, 35.267318599 ], [ 139.183210323, 35.266477297 ], [ 139.184229082, 35.265144986 ], [ 139.184530388000013, 35.265235247 ], [ 139.184831683999988, 35.265325508 ] ] ] } },
{ "type": "Feature", "properties": { "A29_001": "14206", "A29_002": "神奈川県", "A29_003": "小田原市", "A29_004": 11, "A29_005": "工業地域", "A29_006": 60, "A29_007": 200, "A29_008": null }, "geometry": { "type": "Polygon", "coordinates": [ [ [ 139.158117577000013, 35.263769312 ], [ 139.158375279000012, 35.262941495 ], [ 139.15863296500001, 35.262113668 ], [ 139.158541633999988, 35.262100656 ], [ 139.158436368999986, 35.262103188 ], [ 139.158216192999987, 35.26211338 ], [ 139.157551885, 35.262155437 ], [ 139.15730452599999, 35.262168622 ], [ 139.157115906, 35.262181026 ], [ 139.156537824, 35.262223513 ], [ 139.15597029, 35.262226566 ], [ 139.15556663699999, 35.262313771 ], [ 139.155338081, 35.262352027 ], [ 139.15524100499999, 35.262359749 ], [ 139.154893699000013, 35.262345308 ], [ 139.15475550799999, 35.26234246 ], [ 139.154332998, 35.262313101 ], [ 139.154216445, 35.262299954 ], [ 139.154108809, 35.262283746 ], [ 139.153611745, 35.262189461 ], [ 139.153498968, 35.262179462 ], [ 139.15339873799999, 35.262187228 ], [ 139.153321339, 35.26219304 ], [ 139.153223543, 35.262213295 ], [ 139.153171410999988, 35.262229651 ], [ 139.153131445000014, 35.262250032 ], [ 139.152762024999987, 35.262453982 ], [ 139.152639830999988, 35.26250948 ], [ 139.152430517999989, 35.262596343 ], [ 139.15221687499999, 35.262670057 ], [ 139.152083395, 35.262710924 ], [ 139.152035360000013, 35.262726167 ], [ 139.15160200299999, 35.262993221 ], [ 139.15146353, 35.263069863 ], [ 139.15141255899999, 35.263099746 ], [ 139.151343716000014, 35.263144104 ], [ 139.151238119, 35.263186164 ], [ 139.15119744, 35.263198428 ], [ 139.151017851, 35.263221213 ], [ 139.150833826, 35.263240989 ], [ 139.15056148, 35.263266143 ], [ 139.150568060000012, 35.263415915 ], [ 139.150579509000011, 35.263827681 ], [ 139.150592562000014, 35.264297147 ], [ 139.150704671999989, 35.264297825 ], [ 139.150702319, 35.26420219 ], [ 139.150780231999988, 35.264200907 ], [ 139.150778186, 35.264068722 ], [ 139.153619076000012, 35.264089781 ], [ 139.154000755, 35.26409261 ], [ 139.153962855, 35.264685662 ], [ 139.153964795, 35.265060245 ], [ 139.154185919000014, 35.265059991 ], [ 139.154238805, 35.265029829 ], [ 139.154323326999986, 35.26496103 ], [ 139.154357032, 35.264915292 ], [ 139.154465812000012, 35.264805443 ], [ 139.154597704, 35.264727111 ], [ 139.155318126999987, 35.264513901 ], [ 139.15535836399999, 35.264247416 ], [ 139.155396575999987, 35.263994361 ], [ 139.155693837, 35.263968235 ], [ 139.155987799, 35.263945993 ], [ 139.156326414, 35.263920035 ], [ 139.15647675400001, 35.263908165 ], [ 139.156586616999988, 35.263900037 ], [ 139.156691755, 35.263891881 ], [ 139.156814841, 35.263882276 ], [ 139.15692347699999, 35.263873797 ], [ 139.157085247999987, 35.263861721 ], [ 139.157255162000013, 35.263848518 ], [ 139.157374274, 35.263838276 ], [ 139.157478000999987, 35.263827949 ], [ 139.157866351, 35.26378976 ], [ 139.158117577000013, 35.263769312 ] ] ] } },
{ "type": "Feature", "properties": { "A29_001": "14206", "A29_002": "神奈川県", "A29_003": "小田原市", "A29_004": 6, "A29_005": "第二種住居地域", "A29_006": 60, "A29_007": 200, "A29_008": null }, "geometry": { "type": "Polygon", "coordinates": [ [ [ 139.159739425, 35.263536296 ], [ 139.159780028, 35.263454736 ], [ 139.159832443, 35.263273943 ], [ 139.159884940000012, 35.263093809 ], [ 139.159896494, 35.262972624 ], [ 139.159915751, 35.262761232 ], [ 139.159906686, 35.262365047 ], [ 139.159895119, 35.261559371 ], [ 139.159050425, 35.260733443 ], [ 139.158472819, 35.260163152 ], [ 139.158007137, 35.259712813 ], [ 139.157999941000014, 35.259705859 ], [ 139.15737651500001, 35.25909532 ], [ 139.157203974999987, 35.258923088 ], [ 139.156205793, 35.258037364 ], [ 139.156214987999988, 35.258144103 ], [ 139.156210945999987, 35.258223008 ], [ 139.156205263, 35.25830746 ], [ 139.156197405, 35.258389777 ], [ 139.154964608, 35.258092368 ], [ 139.154895874, 35.258074351 ], [ 139.15483941, 35.258057024 ], [ 139.154766488, 35.258031187 ], [ 139.154704563, 35.258005969 ], [ 139.154623762, 35.257968162 ], [ 139.154555493, 35.257931361 ], [ 139.15449023799999, 35.25789155 ], [ 139.154429024, 35.257849534 ], [ 139.154369644000013, 35.257803751 ], [ 139.154316298999987, 35.257757651 ], [ 139.154271130000012, 35.257714292 ], [ 139.154226349999988, 35.25766659 ], [ 139.154190048, 35.257623407 ], [ 139.153723867999986, 35.257079247 ], [ 139.15355180899999, 35.256881124 ], [ 139.15349724399999, 35.256809019 ], [ 139.153455231, 35.256740537 ], [ 139.153425395, 35.256681174 ], [ 139.153401613, 35.256623395 ], [ 139.153378704, 35.256550495 ], [ 139.153197956000014, 35.25657973 ], [ 139.153359319, 35.256280683 ], [ 139.153584547, 35.255846628 ], [ 139.153572602999986, 35.25584118 ], [ 139.153150208999989, 35.255678355 ], [ 139.15286377000001, 35.2555784 ], [ 139.152960384000011, 35.255380452 ], [ 139.15299773000001, 35.255231342 ], [ 139.153056929, 35.254722385 ], [ 139.153182054000013, 35.254148761 ], [ 139.15322283099999, 35.253845421 ], [ 139.153213977, 35.253675284 ], [ 139.153173650000014, 35.253534121 ], [ 139.152911112, 35.252861713 ], [ 139.153183648, 35.252701694 ], [ 139.153456172, 35.252541674 ], [ 139.153336115, 35.252406283 ], [ 139.152841091, 35.251760963 ], [ 139.15247177, 35.251266163 ], [ 139.152312447000014, 35.251052704 ], [ 139.15215011, 35.250821479 ], [ 139.15201942600001, 35.250565931 ], [ 139.151717305, 35.249935385 ], [ 139.151277713000013, 35.250300225 ], [ 139.150834476, 35.250668073 ], [ 139.151332698, 35.25141444 ], [ 139.151466899000013, 35.251648771 ], [ 139.151592219, 35.251929294 ], [ 139.151727663, 35.252187258 ], [ 139.151872849, 35.252413204 ], [ 139.152003232, 35.252580204 ], [ 139.152216536999987, 35.252852406 ], [ 139.152274311000014, 35.252943864 ], [ 139.152326533, 35.25304088 ], [ 139.152344725, 35.253079671 ], [ 139.152358372, 35.253108764 ], [ 139.152376293, 35.253162986 ], [ 139.15256921400001, 35.253685152 ], [ 139.152579714000012, 35.253729236 ], [ 139.152588124, 35.25378006 ], [ 139.152590645, 35.253830851 ], [ 139.152590342, 35.253867122 ], [ 139.152587583000013, 35.253905273 ], [ 139.152448993, 35.254564184 ], [ 139.152182728000014, 35.255567113 ], [ 139.152046796, 35.255948322 ], [ 139.151910697, 35.256375692 ], [ 139.151697085, 35.257117019 ], [ 139.151629149, 35.257397652 ], [ 139.15156056, 35.257769198 ], [ 139.151528551000013, 35.258067981 ], [ 139.151496681, 35.258269988 ], [ 139.151384642000011, 35.258886338 ], [ 139.151358476000013, 35.259046291 ], [ 139.151290585, 35.259292355 ], [ 139.151215235, 35.259526135 ], [ 139.150820845999988, 35.260522632 ], [ 139.150684789, 35.260816167 ], [ 139.15030066700001, 35.261530749 ], [ 139.150317374, 35.261548799 ], [ 139.150346418, 35.26156353 ], [ 139.15035121, 35.261676594 ], [ 139.150300484000013, 35.261677248 ], [ 139.15030022900001, 35.261707585 ], [ 139.15035250299999, 35.261707063 ], [ 139.150356390000013, 35.261798783 ], [ 139.150360178, 35.26188827 ], [ 139.150166219, 35.261923898 ], [ 139.150111685000013, 35.262157038 ], [ 139.150049193, 35.262424198 ], [ 139.14996206, 35.26289712 ], [ 139.149874923, 35.26337004 ], [ 139.15000730700001, 35.263378774 ], [ 139.150047355, 35.263373818 ], [ 139.15013598199999, 35.263350124 ], [ 139.150212041, 35.263319454 ], [ 139.15035549699999, 35.263285713 ], [ 139.15051567399999, 35.263265885 ], [ 139.15056148, 35.263266143 ], [ 139.150833826, 35.263240989 ], [ 139.151017851, 35.263221213 ], [ 139.15119744, 35.263198428 ], [ 139.151238119, 35.263186164 ], [ 139.151343716000014, 35.263144104 ], [ 139.15141255899999, 35.263099746 ], [ 139.15146353, 35.263069863 ], [ 139.15160200299999, 35.262993221 ], [ 139.152035360000013, 35.262726167 ], [ 139.152083395, 35.262710924 ], [ 139.15221687499999, 35.262670057 ], [ 139.152430517999989, 35.262596343 ], [ 139.152639830999988, 35.26250948 ], [ 139.152762024999987, 35.262453982 ], [ 139.153131445000014, 35.262250032 ], [ 139.153171410999988, 35.262229651 ], [ 139.153223543, 35.262213295 ], [ 139.153321339, 35.26219304 ], [ 139.15339873799999, 35.262187228 ], [ 139.153498968, 35.262179462 ], [ 139.153611745, 35.262189461 ], [ 139.154108809, 35.262283746 ], [ 139.154216445, 35.262299954 ], [ 139.154332998, 35.262313101 ], [ 139.15475550799999, 35.26234246 ], [ 139.154893699000013, 35.262345308 ], [ 139.15524100499999, 35.262359749 ], [ 139.155338081, 35.262352027 ], [ 139.15556663699999, 35.262313771 ], [ 139.15597029, 35.262226566 ], [ 139.156537824, 35.262223513 ], [ 139.157115906, 35.262181026 ], [ 139.15730452599999, 35.262168622 ], [ 139.157551885, 35.262155437 ], [ 139.158216192999987, 35.26211338 ], [ 139.158436368999986, 35.262103188 ], [ 139.158541633999988, 35.262100656 ], [ 139.15863296500001, 35.262113668 ], [ 139.158375279000012, 35.262941495 ], [ 139.158117577000013, 35.263769312 ], [ 139.158998489999988, 35.263650074 ], [ 139.15933309799999, 35.263604786 ], [ 139.159409361, 35.263582323 ], [ 139.159739425, 35.263536296 ] ] ] } },
{ "type": "Feature", "properties": { "A29_001": "14206", "A29_002": "神奈川県", "A29_003": "小田原市", "A29_004": 3, "A29_005": "第一種中高層住居専用地域", "A29_006": 60, "A29_007": 150, "A29_008": null }, "geometry": { "type": "Polygon", "coordinates": [ [ [ 139.150049193, 35.262424198 ], [ 139.150111685000013, 35.262157038 ], [ 139.150166219, 35.261923898 ], [ 139.15004635, 35.261928939 ], [ 139.150039988, 35.261929207 ], [ 139.149926491, 35.261933984 ], [ 139.149799967, 35.261862679 ], [ 139.14972325799999, 35.261821538 ], [ 139.149676991, 35.26180049 ], [ 139.149630682, 35.261785499 ], [ 139.149439975, 35.261745444 ], [ 139.149395693, 35.261739137 ], [ 139.149367796, 35.261708232 ], [ 139.14894221, 35.261547339 ], [ 139.148938372, 35.261504321 ], [ 139.148880928000011, 35.261462235 ], [ 139.148837437999987, 35.261447082 ], [ 139.148576084000013, 35.261405357 ], [ 139.14855728399999, 35.261479782 ], [ 139.148308617999987, 35.261427697 ], [ 139.14827910299999, 35.261423203 ], [ 139.148270642, 35.261425751 ], [ 139.148242735, 35.26148103 ], [ 139.148230996, 35.261496549 ], [ 139.148210839, 35.261508559 ], [ 139.14818544900001, 35.261515348 ], [ 139.148157993000012, 35.261516922 ], [ 139.148128472, 35.261513293 ], [ 139.148106363000011, 35.261506237 ], [ 139.148081182999988, 35.261489634 ], [ 139.148068634999987, 35.261474843 ], [ 139.14804372, 35.261425331 ], [ 139.148022829000013, 35.261400099 ], [ 139.147999755, 35.261382644 ], [ 139.147768627, 35.261308808 ], [ 139.147680220000012, 35.261278857 ], [ 139.147631796000013, 35.261264727 ], [ 139.147537403, 35.261246137 ], [ 139.14743198299999, 35.26123082 ], [ 139.147366623000011, 35.261221787 ], [ 139.147321258, 35.261218925 ], [ 139.147124354999988, 35.261204917 ], [ 139.147084283, 35.261201229 ], [ 139.147068491, 35.261195938 ], [ 139.147024542, 35.261151519 ], [ 139.14701298, 35.261146253 ], [ 139.14699611099999, 35.261143561 ], [ 139.14696657499999, 35.261141663 ], [ 139.146927541, 35.261139711 ], [ 139.146878023999989, 35.261129036 ], [ 139.146821089000014, 35.261121781 ], [ 139.146598794, 35.26110587 ], [ 139.146464863, 35.261420363 ], [ 139.146303149, 35.261762146 ], [ 139.146223639999988, 35.261708032 ], [ 139.146169385, 35.261676421 ], [ 139.146116897000013, 35.261650782 ], [ 139.145986781, 35.261563588 ], [ 139.14610145, 35.261424032 ], [ 139.14592163099999, 35.261341695 ], [ 139.145970522999988, 35.261244557 ], [ 139.145728307000013, 35.261160395 ], [ 139.14573637399999, 35.26113548 ], [ 139.145521214000013, 35.261051724 ], [ 139.145580034, 35.26094095 ], [ 139.14562055, 35.260906566 ], [ 139.145685246, 35.260797439 ], [ 139.145705017000012, 35.260681873 ], [ 139.145388787, 35.260603591 ], [ 139.14531940099999, 35.260687731 ], [ 139.145307057999986, 35.260755285 ], [ 139.145272236000011, 35.260865158 ], [ 139.145013285, 35.260858854 ], [ 139.144951599, 35.260959949 ], [ 139.144827256000013, 35.260930251 ], [ 139.144621599, 35.260826031 ], [ 139.144585294, 35.260826627 ], [ 139.144557741999989, 35.260830508 ], [ 139.144532279, 35.260848679 ], [ 139.144471501, 35.260926595 ], [ 139.144442903, 35.261016564 ], [ 139.14443065399999, 35.261070344 ], [ 139.144182811, 35.260977349 ], [ 139.144300789999988, 35.260854051 ], [ 139.14430212799999, 35.260697448 ], [ 139.144225717000012, 35.26068413 ], [ 139.14429415699999, 35.260480829 ], [ 139.14409615, 35.260453596 ], [ 139.14411184, 35.260338556 ], [ 139.144123979999989, 35.260214294 ], [ 139.144127951, 35.260173599 ], [ 139.14415635200001, 35.260064267 ], [ 139.14419207099999, 35.259966703 ], [ 139.14383555, 35.259897039 ], [ 139.14381738599999, 35.260188713 ], [ 139.143632142, 35.260167529 ], [ 139.143588728, 35.260081133 ], [ 139.143543111000014, 35.260080873 ], [ 139.143517924, 35.260159631 ], [ 139.143522582, 35.260303766 ], [ 139.143421608000011, 35.260294338 ], [ 139.143438386000014, 35.259994119 ], [ 139.143434723000013, 35.2599619 ], [ 139.143301161000011, 35.259978852 ], [ 139.142963181, 35.259985757 ], [ 139.142949606, 35.259851225 ], [ 139.14268165499999, 35.259865804 ], [ 139.142503815, 35.259896987 ], [ 139.142347838, 35.259928327 ], [ 139.14227801199999, 35.259951558 ], [ 139.142251652, 35.260192804 ], [ 139.142249209, 35.260232968 ], [ 139.141918084999986, 35.260194594 ], [ 139.14199340799999, 35.259904592 ], [ 139.14170735499999, 35.25985465 ], [ 139.141671573999986, 35.260025128 ], [ 139.141411841, 35.259994663 ], [ 139.141439072, 35.259907057 ], [ 139.141361697, 35.259892129 ], [ 139.14137014, 35.259822128 ], [ 139.14107831699999, 35.25977492 ], [ 139.140764052, 35.259726518 ], [ 139.140792162999986, 35.259651799 ], [ 139.140792264999988, 35.25963972 ], [ 139.14049767899999, 35.259593207 ], [ 139.14056057799999, 35.259491556 ], [ 139.14042197099999, 35.259453098 ], [ 139.140310357, 35.259425083 ], [ 139.140105455999986, 35.259618102 ], [ 139.13985109, 35.259534526 ], [ 139.139821933, 35.2595242 ], [ 139.13979093399999, 35.259477329 ], [ 139.13938438299999, 35.259120328 ], [ 139.139189918999989, 35.259145778 ], [ 139.13916158399999, 35.259131932 ], [ 139.139136318, 35.259103608 ], [ 139.139119904000012, 35.259072109 ], [ 139.139089468, 35.258959221 ], [ 139.139052069, 35.258863763 ], [ 139.13921348400001, 35.25879629 ], [ 139.13911178, 35.258641926 ], [ 139.139028827, 35.258630516 ], [ 139.139068658000014, 35.258447181 ], [ 139.138943934999986, 35.258346624 ], [ 139.138476214, 35.25831898 ], [ 139.138332614, 35.258175767 ], [ 139.138313052, 35.25815641 ], [ 139.138151867, 35.258050845 ], [ 139.137975211999986, 35.258104182 ], [ 139.137805113000013, 35.25815385 ], [ 139.137808299999989, 35.258163921 ], [ 139.13780838299999, 35.258164324 ], [ 139.137844212, 35.25833696 ], [ 139.13785380499999, 35.258378199 ], [ 139.138109047, 35.258412119 ], [ 139.138140219, 35.258429877 ], [ 139.138234852000011, 35.25854536 ], [ 139.138266654, 35.258635136 ], [ 139.13834963799999, 35.258739475 ], [ 139.138391317000014, 35.258799287 ], [ 139.138335735, 35.258874651 ], [ 139.138421927, 35.259110451 ], [ 139.13850729399999, 35.259121631 ], [ 139.13872473, 35.259346205 ], [ 139.138775723, 35.259348913 ], [ 139.138805966, 35.259368413 ], [ 139.138806738, 35.259392567 ], [ 139.138794453, 35.259452882 ], [ 139.139034235999986, 35.259604406 ], [ 139.139024132, 35.259753298 ], [ 139.139249831, 35.259861671 ], [ 139.139313493, 35.25983494 ], [ 139.139328202, 35.259835827 ], [ 139.139339916000011, 35.259842339 ], [ 139.139367859, 35.259902073 ], [ 139.13940412299999, 35.259906302 ], [ 139.139419763, 35.259912837 ], [ 139.13942749899999, 35.259925762 ], [ 139.139388668, 35.259993172 ], [ 139.139657827, 35.260134732 ], [ 139.139701054999989, 35.260127733 ], [ 139.13979459699999, 35.260087209 ], [ 139.13996713899999, 35.259986753 ], [ 139.140030681000013, 35.260012881 ], [ 139.139963378, 35.260082534 ], [ 139.139973957, 35.260107556 ], [ 139.140490320999987, 35.260136185 ], [ 139.14057889099999, 35.260190335 ], [ 139.140640483999988, 35.260215648 ], [ 139.140707053999989, 35.260232128 ], [ 139.140771731, 35.260239746 ], [ 139.14095512099999, 35.260248845 ], [ 139.14109341, 35.260321235 ], [ 139.141109558000011, 35.26038413 ], [ 139.141261042999986, 35.260415319 ], [ 139.14135861299999, 35.260478669 ], [ 139.141523694999989, 35.260562543 ], [ 139.141388272, 35.260793307 ], [ 139.14165144, 35.260962762 ], [ 139.141699735, 35.260994632 ], [ 139.141719314999989, 35.261000378 ], [ 139.14175656399999, 35.261003809 ], [ 139.141817508, 35.260990474 ], [ 139.141966975, 35.260950269 ], [ 139.14200032299999, 35.260951261 ], [ 139.142050245, 35.260963626 ], [ 139.142101196, 35.260971164 ], [ 139.142144363999989, 35.260971411 ], [ 139.142183628, 35.260969219 ], [ 139.142217036, 35.260962965 ], [ 139.14224553599999, 35.260957494 ], [ 139.14225155299999, 35.261043568 ], [ 139.14256863599999, 35.261136277 ], [ 139.142667198, 35.261082899 ], [ 139.142916219, 35.261102836 ], [ 139.142992787999987, 35.261097639 ], [ 139.143074289999987, 35.261090054 ], [ 139.143287633999989, 35.261036519 ], [ 139.14346786499999, 35.261186487 ], [ 139.14387951, 35.261254429 ], [ 139.144198308, 35.26130704 ], [ 139.14417512899999, 35.261378561 ], [ 139.144486922, 35.261465556 ], [ 139.144510801, 35.261425445 ], [ 139.14485236199999, 35.261524804 ], [ 139.144861111000012, 35.261533705 ], [ 139.144825844, 35.261629757 ], [ 139.144803919999987, 35.261669881 ], [ 139.145025322, 35.26182411 ], [ 139.145003944, 35.261867238 ], [ 139.14518151499999, 35.261984179 ], [ 139.145129857, 35.262059946 ], [ 139.145231314, 35.262128156 ], [ 139.145328991000014, 35.262179434 ], [ 139.14537656600001, 35.262122537 ], [ 139.145410349, 35.262072007 ], [ 139.14552354599999, 35.262123012 ], [ 139.145527294, 35.262143964 ], [ 139.145476515000013, 35.262231437 ], [ 139.14555429699999, 35.262315613 ], [ 139.14572601, 35.262396155 ], [ 139.145743977, 35.26236003 ], [ 139.145842796000011, 35.262391987 ], [ 139.145917012000012, 35.262316726 ], [ 139.146082673, 35.262413902 ], [ 139.14624834599999, 35.262511078 ], [ 139.146173669, 35.262639475 ], [ 139.146229557, 35.262728068 ], [ 139.146480695, 35.262847038 ], [ 139.146514102, 35.262872147 ], [ 139.146559193, 35.262830681 ], [ 139.146589777, 35.262811528 ], [ 139.14663794099999, 35.262800534 ], [ 139.146690057, 35.262786336 ], [ 139.14670982199999, 35.262770349 ], [ 139.146723798000011, 35.262740636 ], [ 139.146908773, 35.262286328 ], [ 139.146388393, 35.261890313 ], [ 139.146815984, 35.261912057 ], [ 139.147138825000013, 35.261965333 ], [ 139.148703520999987, 35.262228377 ], [ 139.149246097, 35.262329871 ], [ 139.150049193, 35.262424198 ] ] ] } },
{ "type": "Feature", "properties": { "A29_001": "14206", "A29_002": "神奈川県", "A29_003": "小田原市", "A29_004": 3, "A29_005": "第一種中高層住居専用地域", "A29_006": 60, "A29_007": 150, "A29_008": null }, "geometry": { "type": "Polygon", "coordinates": [ [ [ 139.151384642000011, 35.258886338 ], [ 139.15101701399999, 35.258559144 ], [ 139.150649390000012, 35.258231949 ], [ 139.150755120000014, 35.257702694 ], [ 139.150767632, 35.257573592 ], [ 139.150799197999987, 35.257220542 ], [ 139.150810302999986, 35.256843733 ], [ 139.15057819899999, 35.256828433 ], [ 139.150380006, 35.256798993 ], [ 139.150237921000013, 35.256766326 ], [ 139.150182139, 35.256755671 ], [ 139.149778794000014, 35.256498483 ], [ 139.149859294, 35.256400116 ], [ 139.149920492, 35.256304866 ], [ 139.14998191399999, 35.256165945 ], [ 139.15003410700001, 35.255996593 ], [ 139.15010608099999, 35.255763038 ], [ 139.15043916499999, 35.255871195 ], [ 139.150633957999986, 35.255925712 ], [ 139.150821315, 35.255971965 ], [ 139.150966283, 35.255997437 ], [ 139.15099890799999, 35.255987354 ], [ 139.151077579, 35.255860418 ], [ 139.151146022, 35.255758088 ], [ 139.151152435, 35.255586792 ], [ 139.15104799299999, 35.255504031 ], [ 139.15100968199999, 35.255148847 ], [ 139.151026409, 35.254749848 ], [ 139.151042404, 35.25470505 ], [ 139.151062733, 35.254663127 ], [ 139.151085658, 35.254622643 ], [ 139.15109465399999, 35.254585643 ], [ 139.151102829, 35.254542938 ], [ 139.15110396, 35.254511595 ], [ 139.151110303, 35.25448028 ], [ 139.151124277, 35.25444886 ], [ 139.150840316, 35.254461658 ], [ 139.150800370000013, 35.254276828 ], [ 139.150793776, 35.253875734 ], [ 139.150869551999989, 35.25378593 ], [ 139.151199281, 35.253544804 ], [ 139.15153361899999, 35.253663763 ], [ 139.151983043, 35.253745223 ], [ 139.152009150999987, 35.253505307 ], [ 139.15202795499999, 35.253406412 ], [ 139.152039502, 35.253369597 ], [ 139.152042289, 35.253360713 ], [ 139.152043784, 35.253355947 ], [ 139.152104323, 35.25329043 ], [ 139.152344725, 35.253079671 ], [ 139.152326533, 35.25304088 ], [ 139.152274311000014, 35.252943864 ], [ 139.152216536999987, 35.252852406 ], [ 139.152003232, 35.252580204 ], [ 139.151872849, 35.252413204 ], [ 139.151727663, 35.252187258 ], [ 139.151592219, 35.251929294 ], [ 139.151466899000013, 35.251648771 ], [ 139.151332698, 35.25141444 ], [ 139.150834476, 35.250668073 ], [ 139.151277713000013, 35.250300225 ], [ 139.151717305, 35.249935385 ], [ 139.15201942600001, 35.250565931 ], [ 139.15215011, 35.250821479 ], [ 139.152312447000014, 35.251052704 ], [ 139.15247177, 35.251266163 ], [ 139.152841091, 35.251760963 ], [ 139.153336115, 35.252406283 ], [ 139.153626573999986, 35.252502644 ], [ 139.153917033999988, 35.252599014 ], [ 139.154071382000012, 35.252789177 ], [ 139.154419632000014, 35.252850319 ], [ 139.154734209, 35.252586211 ], [ 139.15474998, 35.25254515 ], [ 139.154896654, 35.252530152 ], [ 139.154976925, 35.252480475 ], [ 139.155285400999986, 35.252047307 ], [ 139.155379234, 35.252089775 ], [ 139.155560665, 35.251833285 ], [ 139.155824559, 35.25145743 ], [ 139.156108154, 35.251463552 ], [ 139.157177268, 35.25148663 ], [ 139.15717679799999, 35.251503502 ], [ 139.157579704999989, 35.251510214 ], [ 139.15753482, 35.249111749 ], [ 139.157526749999988, 35.248680665 ], [ 139.155689319, 35.248689698 ], [ 139.155570934, 35.248718133 ], [ 139.15522445, 35.248892887 ], [ 139.153828938, 35.24917088 ], [ 139.15341012799999, 35.2491686 ], [ 139.153315447000011, 35.249187457 ], [ 139.15324436, 35.249211306 ], [ 139.152987321000012, 35.248713488 ], [ 139.152922859, 35.248659888 ], [ 139.152849323999988, 35.248623102 ], [ 139.152763885000013, 35.248595958 ], [ 139.152380165000011, 35.24846076 ], [ 139.152282914000011, 35.248433539 ], [ 139.15221801199999, 35.248423475 ], [ 139.151855054, 35.248416681 ], [ 139.151575079, 35.248353637 ], [ 139.151472598, 35.248246386 ], [ 139.151464481, 35.248156631 ], [ 139.151547012, 35.247824943 ], [ 139.15154037799999, 35.247726246 ], [ 139.151476471, 35.247597389 ], [ 139.151453395, 35.247531798 ], [ 139.151462982, 35.247444568 ], [ 139.15163519, 35.247342398 ], [ 139.1516968, 35.247303137 ], [ 139.15154472399999, 35.247312079 ], [ 139.150954718, 35.247296287 ], [ 139.150535018999989, 35.2472962 ], [ 139.149852814000013, 35.247193572 ], [ 139.14977507099999, 35.247090291 ], [ 139.149617811000013, 35.24715123 ], [ 139.14956276, 35.247173474 ], [ 139.149562277, 35.247172751 ], [ 139.14954666, 35.247149333 ], [ 139.149530734, 35.247129374 ], [ 139.14952619799999, 35.247123688 ], [ 139.14937572, 35.247108116 ], [ 139.14936069800001, 35.247105698 ], [ 139.149232923999989, 35.247094536 ], [ 139.149125505, 35.247093846 ], [ 139.149084893, 35.247097069 ], [ 139.14903385299999, 35.247101056 ], [ 139.148977199, 35.247105339 ], [ 139.14892185, 35.247109219 ], [ 139.148895178, 35.247111205 ], [ 139.148834504, 35.247116863 ], [ 139.148800763999986, 35.247125057 ], [ 139.148758141, 35.247140928 ], [ 139.148723009, 35.247157447 ], [ 139.148717194, 35.247160179 ], [ 139.148688719, 35.247178465 ], [ 139.14830046899999, 35.247437182 ], [ 139.14815912899999, 35.24741366 ], [ 139.148111402000012, 35.247410706 ], [ 139.14807575399999, 35.247410236 ], [ 139.148059061999987, 35.247411483 ], [ 139.14799487, 35.247433622 ], [ 139.147812073000011, 35.247811605 ], [ 139.147652477, 35.248118317 ], [ 139.14755074199999, 35.248651216 ], [ 139.147766033000011, 35.248696443 ], [ 139.147773169, 35.248748144 ], [ 139.1478809, 35.248804263 ], [ 139.14790808699999, 35.248788381 ], [ 139.148038418, 35.248837227 ], [ 139.148100492, 35.248782376 ], [ 139.148217506, 35.248708221 ], [ 139.148448917, 35.248690719 ], [ 139.148619344999986, 35.248689916 ], [ 139.14865453499999, 35.248863142 ], [ 139.148797043, 35.248818923 ], [ 139.14891837499999, 35.249012872 ], [ 139.149025095000013, 35.24898683 ], [ 139.149134787, 35.249281906 ], [ 139.14901537, 35.249317648 ], [ 139.149046011, 35.249436132 ], [ 139.149007197, 35.249442881 ], [ 139.148313824000013, 35.249709779 ], [ 139.147912703, 35.249763584 ], [ 139.14775724399999, 35.249698649 ], [ 139.14705695699999, 35.249685963 ], [ 139.146815163000014, 35.249834587 ], [ 139.14658333, 35.249945967 ], [ 139.146517087, 35.24990335 ], [ 139.146428361, 35.24993926 ], [ 139.146440084, 35.249956043 ], [ 139.146131271, 35.250037941 ], [ 139.145899552, 35.250125234 ], [ 139.145829205000013, 35.25016657 ], [ 139.14548634, 35.250532849 ], [ 139.145422767000014, 35.250539699 ], [ 139.145332642999989, 35.250645644 ], [ 139.145059042000014, 35.250561482 ], [ 139.145008448, 35.250643638 ], [ 139.144771426, 35.251294075 ], [ 139.14458645900001, 35.25150609 ], [ 139.14392001600001, 35.251298485 ], [ 139.143753972000013, 35.251259806 ], [ 139.143557276, 35.251274856 ], [ 139.142093511000013, 35.251687248 ], [ 139.142204477, 35.251728671 ], [ 139.142192806, 35.251842523 ], [ 139.142300997, 35.251941521 ], [ 139.142387762, 35.251995679 ], [ 139.142481326, 35.252105028 ], [ 139.14250305600001, 35.252114096 ], [ 139.142537581, 35.252114293 ], [ 139.142576845, 35.252100845 ], [ 139.142660983000013, 35.252017124 ], [ 139.14278372199999, 35.252084079 ], [ 139.14291357, 35.252241819 ], [ 139.143063727, 35.252350358 ], [ 139.14315340600001, 35.252432241 ], [ 139.14291877299999, 35.252588677 ], [ 139.142957020000011, 35.253040242 ], [ 139.142797844, 35.253150361 ], [ 139.142775411, 35.253179357 ], [ 139.142822497, 35.253594195 ], [ 139.14277117899999, 35.253623838 ], [ 139.142741054, 35.253734441 ], [ 139.142586415000011, 35.253904196 ], [ 139.142553084000014, 35.253963878 ], [ 139.142548723, 35.254047675 ], [ 139.14276569099999, 35.254082087 ], [ 139.142819315999986, 35.254069078 ], [ 139.14283017599999, 35.254108995 ], [ 139.14297845199999, 35.254094829 ], [ 139.142985457, 35.254191708 ], [ 139.142801889999987, 35.254263152 ], [ 139.142780550999987, 35.254547814 ], [ 139.143019098, 35.254688976 ], [ 139.143072899, 35.254668578 ], [ 139.143168784000011, 35.254862675 ], [ 139.143244419000013, 35.254870868 ], [ 139.143402466999987, 35.25486463 ], [ 139.143665937, 35.254988859 ], [ 139.143795336000011, 35.254924136 ], [ 139.14437222699999, 35.255341657 ], [ 139.144463884, 35.255321474 ], [ 139.144605893, 35.255314512 ], [ 139.144667375000012, 35.255286234 ], [ 139.14475539899999, 35.255322981 ], [ 139.144649738, 35.255514911 ], [ 139.144594930000011, 35.255654409 ], [ 139.14458222799999, 35.255664694 ], [ 139.144566459, 35.255664604 ], [ 139.144541370000013, 35.255646334 ], [ 139.14451620299999, 35.255638429 ], [ 139.14450045699999, 35.255635743 ], [ 139.144490845, 35.255637897 ], [ 139.144484471999988, 35.255645631 ], [ 139.144487473, 35.255663767 ], [ 139.14457759699999, 35.255824794 ], [ 139.144763203, 35.255885399 ], [ 139.144931095, 35.255958539 ], [ 139.14508220799999, 35.255977408 ], [ 139.145298695, 35.256115853 ], [ 139.145352626, 35.256079913 ], [ 139.145400908999989, 35.255966276 ], [ 139.14554442799999, 35.255780689 ], [ 139.14563761, 35.255695954 ], [ 139.145788493999987, 35.255511085 ], [ 139.146466593000014, 35.255718646 ], [ 139.146437279999986, 35.255827216 ], [ 139.147090971000011, 35.255950561 ], [ 139.147154225, 35.256008132 ], [ 139.14722535300001, 35.256044052 ], [ 139.147024613000013, 35.256456716 ], [ 139.146867464, 35.256450057 ], [ 139.14672490800001, 35.256581755 ], [ 139.146683042, 35.256686802 ], [ 139.146714546, 35.256847252 ], [ 139.146913907, 35.256899764 ], [ 139.14692286799999, 35.256904241 ], [ 139.14692997899999, 35.25691462 ], [ 139.146926298000011, 35.256924939 ], [ 139.14691362, 35.256933728 ], [ 139.146857591000014, 35.25696148 ], [ 139.14684493499999, 35.25696879 ], [ 139.14682925, 35.257027742 ], [ 139.146837177, 35.257035208 ], [ 139.14699912099999, 35.257160341 ], [ 139.147030688, 35.257122048 ], [ 139.147206014, 35.257059547 ], [ 139.14727736399999, 35.25709288 ], [ 139.147460732000013, 35.257096272 ], [ 139.14758308899999, 35.257198087 ], [ 139.147675119000013, 35.257158631 ], [ 139.147817671000013, 35.257244098 ], [ 139.148124375, 35.257345333 ], [ 139.14821534699999, 35.257430509 ], [ 139.148227529, 35.257443842 ], [ 139.14822316199999, 35.257491642 ], [ 139.148222559, 35.257498241 ], [ 139.148226919, 35.257513609 ], [ 139.148233885, 35.257530526 ], [ 139.14824274899999, 35.257544079 ], [ 139.148261082, 35.257566719 ], [ 139.148242635, 35.257586906 ], [ 139.148221365000012, 35.257652796 ], [ 139.14827579300001, 35.25770681 ], [ 139.148386002, 35.257904925 ], [ 139.14856284699999, 35.258072525 ], [ 139.148719347999986, 35.258164363 ], [ 139.148763029, 35.25817659 ], [ 139.14881260199999, 35.258182073 ], [ 139.148885449, 35.258179888 ], [ 139.149027074, 35.258156432 ], [ 139.149163507, 35.258124284 ], [ 139.14917360199999, 35.258124999 ], [ 139.149177783999988, 35.258129358 ], [ 139.149183932999989, 35.258152343 ], [ 139.149179672, 35.258155789 ], [ 139.149153745, 35.258163873 ], [ 139.149061133, 35.258194096 ], [ 139.149043087, 35.258207416 ], [ 139.149032940000012, 35.25822079 ], [ 139.149023672, 35.258256686 ], [ 139.149025545, 35.258284667 ], [ 139.149030001, 35.258319343 ], [ 139.149056847, 35.258391391 ], [ 139.14906669699999, 35.258412234 ], [ 139.149069223999987, 35.258425246 ], [ 139.149064202, 35.258520669 ], [ 139.149059247, 35.258608132 ], [ 139.149060154000011, 35.258795239 ], [ 139.14903955299999, 35.258815196 ], [ 139.149007653000012, 35.258877636 ], [ 139.148981666999987, 35.258920808 ], [ 139.148940122, 35.258987058 ], [ 139.148920339, 35.259013551 ], [ 139.148884415, 35.259061658 ], [ 139.148817493, 35.259143058 ], [ 139.148794221, 35.25917438 ], [ 139.148768942, 35.259206119 ], [ 139.148717067, 35.259280885 ], [ 139.148680402999986, 35.25935016 ], [ 139.148663465999988, 35.259384664 ], [ 139.148640007000012, 35.259438287 ], [ 139.148633356, 35.259482855 ], [ 139.14860887099999, 35.259560157 ], [ 139.148593556, 35.259652489 ], [ 139.148671072000013, 35.259727459 ], [ 139.148730515000011, 35.259790401 ], [ 139.148764779, 35.259821898 ], [ 139.148827544999989, 35.259922125 ], [ 139.14883396799999, 35.2599316 ], [ 139.14893117599999, 35.260046145 ], [ 139.148936526, 35.2600659 ], [ 139.148937120999989, 35.260073864 ], [ 139.148935881999989, 35.260089962 ], [ 139.148936179, 35.260107153 ], [ 139.148938089000012, 35.26011603 ], [ 139.148947025000012, 35.260128929 ], [ 139.149055914, 35.260192331 ], [ 139.14908072, 35.260207129 ], [ 139.149103104, 35.260221188 ], [ 139.14912956500001, 35.260237451 ], [ 139.149198356999989, 35.260279629 ], [ 139.149224368, 35.260303297 ], [ 139.149248082000014, 35.260324875 ], [ 139.14932741199999, 35.260394808 ], [ 139.149456646, 35.260452535 ], [ 139.14953544799999, 35.260487976 ], [ 139.149389208, 35.260858636 ], [ 139.149387936000011, 35.260861862 ], [ 139.149440365, 35.260929992 ], [ 139.14942627799999, 35.260966258 ], [ 139.14940337499999, 35.26102243 ], [ 139.149616775999988, 35.261093794 ], [ 139.149618597999989, 35.261128021 ], [ 139.14959100499999, 35.261208857 ], [ 139.14973042599999, 35.261245594 ], [ 139.14975515399999, 35.261330619 ], [ 139.149768623, 35.26137692 ], [ 139.149784942, 35.26139678 ], [ 139.149822951, 35.261400114 ], [ 139.149864852, 35.261394113 ], [ 139.149931895, 35.261412177 ], [ 139.149983569999989, 35.26130493 ], [ 139.150027394, 35.261213973 ], [ 139.150043974999988, 35.261202619 ], [ 139.150065517, 35.261203786 ], [ 139.150283021, 35.261274729 ], [ 139.15027431499999, 35.261383724 ], [ 139.150276443, 35.261432647 ], [ 139.15028731699999, 35.261496177 ], [ 139.15030066700001, 35.261530749 ], [ 139.150684789, 35.260816167 ], [ 139.150820845999988, 35.260522632 ], [ 139.151215235, 35.259526135 ], [ 139.151290585, 35.259292355 ], [ 139.151358476000013, 35.259046291 ], [ 139.151384642000011, 35.258886338 ] ] ] } },
{ "type": "Feature", "properties": { "A29_001": "14206", "A29_002": "神奈川県", "A29_003": "小田原市", "A29_004": 8, "A29_005": "近隣商業地域", "A29_006": 80, "A29_007": 300, "A29_008": null }, "geometry": { "type": "Polygon", "coordinates": [ [ [ 139.161533531, 35.258066855 ], [ 139.16159045399999, 35.257414727 ], [ 139.161604111, 35.257237936 ], [ 139.161634826000011, 35.257079593 ], [ 139.161781432, 35.256218465 ], [ 139.16178072, 35.255469404 ], [ 139.161783536, 35.254349943 ], [ 139.161014067, 35.254340659 ], [ 139.160169481999986, 35.254330456 ], [ 139.16016924199999, 35.256200349 ], [ 139.16017222799999, 35.257270615 ], [ 139.16018448599999, 35.257729936 ], [ 139.160184808999986, 35.257964657 ], [ 139.16018404799999, 35.258122875 ], [ 139.16019007700001, 35.258190303 ], [ 139.160198888, 35.258346209 ], [ 139.160206834, 35.258530589 ], [ 139.160207351, 35.258544314 ], [ 139.160235725, 35.258548066 ], [ 139.160240581000011, 35.25856557 ], [ 139.160304715, 35.259185325 ], [ 139.160350572999988, 35.259779927 ], [ 139.16030723899999, 35.259960744 ], [ 139.160111355999987, 35.259958978 ], [ 139.160111905, 35.259892637 ], [ 139.15974910599999, 35.259892141 ], [ 139.15974344599999, 35.259809901 ], [ 139.159195782000012, 35.259700836 ], [ 139.158696787999986, 35.259705347 ], [ 139.158007137, 35.259712813 ], [ 139.158472819, 35.260163152 ], [ 139.159050425, 35.260733443 ], [ 139.159895119, 35.261559371 ], [ 139.16061688, 35.262263027 ], [ 139.160729522, 35.262372842 ], [ 139.160729225000011, 35.262365771 ], [ 139.16072885299999, 35.262359211 ], [ 139.160728167, 35.26235151 ], [ 139.160708637, 35.262168351 ], [ 139.160695236, 35.261555432 ], [ 139.160690722999988, 35.26128733 ], [ 139.16068728799999, 35.261141683 ], [ 139.160686913, 35.261096958 ], [ 139.160685586999989, 35.260939078 ], [ 139.160697658, 35.26081118 ], [ 139.16071302899999, 35.260731323 ], [ 139.16072744600001, 35.260665954 ], [ 139.160752903, 35.260591865 ], [ 139.160784294, 35.260508621 ], [ 139.160829506999988, 35.260407942 ], [ 139.160861122, 35.26034048 ], [ 139.160884356, 35.260294369 ], [ 139.160908264, 35.260261228 ], [ 139.16094182399999, 35.260199135 ], [ 139.161027354, 35.260017507 ], [ 139.16107137899999, 35.259925843 ], [ 139.161167224, 35.259672799 ], [ 139.161336866999989, 35.259164082 ], [ 139.16142566, 35.258869109 ], [ 139.16146791, 35.258683445 ], [ 139.16148134299999, 35.258597877 ], [ 139.161489635, 35.258518553 ], [ 139.161533531, 35.258066855 ] ] ] } },
{ "type": "Feature", "properties": { "A29_001": "14206", "A29_002": "神奈川県", "A29_003": "小田原市", "A29_004": 5, "A29_005": "第一種住居地域", "A29_006": 60, "A29_007": 200, "A29_008": null }, "geometry": { "type": "Polygon", "coordinates": [ [ [ 139.17056479499999, 35.255660916 ], [ 139.17179550099999, 35.255975096 ], [ 139.17183317199999, 35.255984677 ], [ 139.171895052999986, 35.256001015 ], [ 139.17195666500001, 35.256018037 ], [ 139.172017997000012, 35.256035742 ], [ 139.172079015, 35.256054122 ], [ 139.172139742000013, 35.256073185 ], [ 139.172200134, 35.256092914 ], [ 139.17226020199999, 35.256113317 ], [ 139.17231993499999, 35.256134375 ], [ 139.172379310999986, 35.256156099 ], [ 139.172438319, 35.256178479 ], [ 139.172496959, 35.256201515 ], [ 139.172555209, 35.256225198 ], [ 139.172613058, 35.256249519 ], [ 139.17267050699999, 35.256274486 ], [ 139.172727544, 35.256300082 ], [ 139.172784146999987, 35.256326307 ], [ 139.17284031599999, 35.256353169 ], [ 139.172896041, 35.256380642 ], [ 139.1729513, 35.256408734 ], [ 139.174920347000011, 35.257409867 ], [ 139.17498646199999, 35.257443732 ], [ 139.17507253, 35.257490308 ], [ 139.175157394, 35.257539067 ], [ 139.175240572, 35.257589774 ], [ 139.175318369, 35.257640027 ], [ 139.176948896999988, 35.258754541 ], [ 139.17697551099999, 35.258772623 ], [ 139.177019027999989, 35.258802949 ], [ 139.177061970000011, 35.258833821 ], [ 139.177104324, 35.258865239 ], [ 139.177146091999987, 35.258897177 ], [ 139.17718725200001, 35.258929644 ], [ 139.177227791, 35.258962631 ], [ 139.177267711000013, 35.258996118 ], [ 139.177307001, 35.259030107 ], [ 139.17734565, 35.259064589 ], [ 139.17738364600001, 35.259099553 ], [ 139.178284722, 35.259909299 ], [ 139.178163955, 35.260289962 ], [ 139.178278438, 35.260393848 ], [ 139.178969532, 35.261021006 ], [ 139.179251865999987, 35.261277209 ], [ 139.179671453, 35.261667085 ], [ 139.179901919, 35.261902707 ], [ 139.180227581999986, 35.2616975 ], [ 139.181098259, 35.261157679 ], [ 139.181436222, 35.260889562 ], [ 139.181897056999986, 35.26046325 ], [ 139.18196781099999, 35.260341093 ], [ 139.182002845, 35.259945866 ], [ 139.181729752, 35.259781213 ], [ 139.18137556, 35.259587033 ], [ 139.18074907, 35.259265457 ], [ 139.180752501, 35.259248708 ], [ 139.180477962, 35.259113187 ], [ 139.180395929000014, 35.259050457 ], [ 139.178770238999988, 35.258265284 ], [ 139.178721688, 35.258248796 ], [ 139.176884656, 35.257326828 ], [ 139.175278335, 35.256524732 ], [ 139.175198255, 35.256452904 ], [ 139.175011962000013, 35.256360037 ], [ 139.174898465000012, 35.256329943 ], [ 139.174367077, 35.256063476 ], [ 139.173821986, 35.255793508 ], [ 139.173736557000012, 35.255744275 ], [ 139.173142559000013, 35.255394081 ], [ 139.172455117999988, 35.254980905 ], [ 139.17198635, 35.254705576 ], [ 139.17148295199999, 35.25444592 ], [ 139.171343973, 35.2545088 ], [ 139.171069926, 35.254829917 ], [ 139.170948552, 35.255022579 ], [ 139.170841808, 35.255192029 ], [ 139.170749289000014, 35.255352605 ], [ 139.170595776999988, 35.255621378 ], [ 139.17056863, 35.255656826 ], [ 139.17056479499999, 35.255660916 ] ] ] } },
{ "type": "Feature", "properties": { "A29_001": "14206", "A29_002": "神奈川県", "A29_003": "小田原市", "A29_004": 9, "A29_005": "商業地域", "A29_006": 80, "A29_007": 400, "A29_008": null }, "geometry": { "type": "Polygon", "coordinates": [ [ [ 139.161783536, 35.254349943 ], [ 139.161784539, 35.253952488 ], [ 139.161931173, 35.252283502 ], [ 139.161982060000014, 35.251616043 ], [ 139.162040415, 35.250850471 ], [ 139.162178469999986, 35.249308878 ], [ 139.162227005, 35.24923305 ], [ 139.162405049, 35.248954842 ], [ 139.162005638000011, 35.248782827 ], [ 139.161206607999986, 35.248507111 ], [ 139.160181857999987, 35.248147718 ], [ 139.160202629999986, 35.248103456 ], [ 139.15941267299999, 35.247832313 ], [ 139.15785108099999, 35.247292898 ], [ 139.15754375, 35.248066039 ], [ 139.157526749999988, 35.248680665 ], [ 139.15753482, 35.249111749 ], [ 139.157579704999989, 35.251510214 ], [ 139.15717679799999, 35.251503502 ], [ 139.157161954, 35.251508665 ], [ 139.15714177699999, 35.252187669 ], [ 139.156747529, 35.252257272 ], [ 139.155430405, 35.253090795 ], [ 139.154946271, 35.253287069 ], [ 139.154789919, 35.25334363 ], [ 139.154716396999987, 35.253357325 ], [ 139.154647548000014, 35.253358949 ], [ 139.15456160799999, 35.253346361 ], [ 139.154497822, 35.253329868 ], [ 139.154429298, 35.253291138 ], [ 139.153456172, 35.252541674 ], [ 139.153183648, 35.252701694 ], [ 139.152911112, 35.252861713 ], [ 139.153173650000014, 35.253534121 ], [ 139.153213977, 35.253675284 ], [ 139.15322283099999, 35.253845421 ], [ 139.153182054000013, 35.254148761 ], [ 139.153056929, 35.254722385 ], [ 139.15299773000001, 35.255231342 ], [ 139.152960384000011, 35.255380452 ], [ 139.15286377000001, 35.2555784 ], [ 139.153150208999989, 35.255678355 ], [ 139.153572602999986, 35.25584118 ], [ 139.153584547, 35.255846628 ], [ 139.153359319, 35.256280683 ], [ 139.153197956000014, 35.25657973 ], [ 139.153378704, 35.256550495 ], [ 139.153401613, 35.256623395 ], [ 139.153425395, 35.256681174 ], [ 139.153455231, 35.256740537 ], [ 139.15349724399999, 35.256809019 ], [ 139.15355180899999, 35.256881124 ], [ 139.153723867999986, 35.257079247 ], [ 139.154190048, 35.257623407 ], [ 139.154226349999988, 35.25766659 ], [ 139.154271130000012, 35.257714292 ], [ 139.154316298999987, 35.257757651 ], [ 139.154369644000013, 35.257803751 ], [ 139.154429024, 35.257849534 ], [ 139.15449023799999, 35.25789155 ], [ 139.154555493, 35.257931361 ], [ 139.154623762, 35.257968162 ], [ 139.154704563, 35.258005969 ], [ 139.154766488, 35.258031187 ], [ 139.15483941, 35.258057024 ], [ 139.154895874, 35.258074351 ], [ 139.154964608, 35.258092368 ], [ 139.156197405, 35.258389777 ], [ 139.156205263, 35.25830746 ], [ 139.156210945999987, 35.258223008 ], [ 139.156214987999988, 35.258144103 ], [ 139.156205793, 35.258037364 ], [ 139.157203974999987, 35.258923088 ], [ 139.15737651500001, 35.25909532 ], [ 139.157999941000014, 35.259705859 ], [ 139.158007137, 35.259712813 ], [ 139.158696787999986, 35.259705347 ], [ 139.159195782000012, 35.259700836 ], [ 139.15974344599999, 35.259809901 ], [ 139.15974910599999, 35.259892141 ], [ 139.160111905, 35.259892637 ], [ 139.160111355999987, 35.259958978 ], [ 139.16030723899999, 35.259960744 ], [ 139.160350572999988, 35.259779927 ], [ 139.160304715, 35.259185325 ], [ 139.160240581000011, 35.25856557 ], [ 139.160235725, 35.258548066 ], [ 139.160207351, 35.258544314 ], [ 139.160206834, 35.258530589 ], [ 139.160198888, 35.258346209 ], [ 139.16019007700001, 35.258190303 ], [ 139.16018404799999, 35.258122875 ], [ 139.160184808999986, 35.257964657 ], [ 139.16018448599999, 35.257729936 ], [ 139.16017222799999, 35.257270615 ], [ 139.16016924199999, 35.256200349 ], [ 139.160169481999986, 35.254330456 ], [ 139.161014067, 35.254340659 ], [ 139.161783536, 35.254349943 ] ], [ [ 139.156336925, 35.258067089 ], [ 139.156205730000011, 35.258037308 ], [ 139.155086454000013, 35.257766198 ], [ 139.155032119, 35.257751949 ], [ 139.154994827, 35.257740508 ], [ 139.154941541999989, 35.257721631 ], [ 139.154900228, 35.257704804 ], [ 139.154841213, 35.257677188 ], [ 139.154793993999988, 35.257651737 ], [ 139.15474799399999, 35.257623671 ], [ 139.154705115000013, 35.257594243 ], [ 139.15466311899999, 35.257561863 ], [ 139.15462542099999, 35.257529281 ], [ 139.154594186, 35.257499296 ], [ 139.154562520000013, 35.257465577 ], [ 139.15453137599999, 35.257428526 ], [ 139.15406336699999, 35.25688223 ], [ 139.15389818700001, 35.256692023 ], [ 139.153860382, 35.256642071 ], [ 139.153833754, 35.256598663 ], [ 139.153815063, 35.256561482 ], [ 139.153800510999986, 35.256526128 ], [ 139.15378141299999, 35.256465347 ], [ 139.153769745, 35.256401813 ], [ 139.153765901000014, 35.256340955 ], [ 139.153771169, 35.256279977 ], [ 139.153830801999987, 35.255897679 ], [ 139.15383501299999, 35.255857879 ], [ 139.15383344, 35.25580282 ], [ 139.153821771, 35.255744632 ], [ 139.153803943000014, 35.255684389 ], [ 139.153779949000011, 35.255637552 ], [ 139.153739824000013, 35.255582503 ], [ 139.153350216, 35.25509831 ], [ 139.153468987999986, 35.255033922 ], [ 139.15358777099999, 35.254969534 ], [ 139.154187108, 35.255725824 ], [ 139.154382942000012, 35.255962733 ], [ 139.154820038999986, 35.256471599 ], [ 139.155079402000013, 35.256760694 ], [ 139.15553545099999, 35.257251456 ], [ 139.156023065999989, 35.257752938 ], [ 139.156336925, 35.258067089 ] ], [ [ 139.159379005, 35.253731876 ], [ 139.158724871, 35.254479562 ], [ 139.158283866, 35.254983627 ], [ 139.157651797999989, 35.255706062 ], [ 139.156908084, 35.256042187 ], [ 139.156057828, 35.256440367 ], [ 139.155892448, 35.256214935 ], [ 139.155393825, 35.255532116 ], [ 139.155292153, 35.255393224 ], [ 139.154846735, 35.254784752 ], [ 139.154452685, 35.254280616 ], [ 139.15661163199999, 35.253725728 ], [ 139.156808923999989, 35.253681725 ], [ 139.156950353000013, 35.253656888 ], [ 139.157141032, 35.25363367 ], [ 139.15757807899999, 35.253586434 ], [ 139.157922066999987, 35.25357461 ], [ 139.158280703, 35.253591781 ], [ 139.158694868999987, 35.253603192 ], [ 139.15902723799999, 35.253633087 ], [ 139.159463948, 35.253634784 ], [ 139.159379005, 35.253731876 ] ] ] } },
{ "type": "Feature", "properties": { "A29_001": "14206", "A29_002": "神奈川県", "A29_003": "小田原市", "A29_004": 9, "A29_005": "商業地域", "A29_006": 80, "A29_007": 600, "A29_008": null }, "geometry": { "type": "Polygon", "coordinates": [ [ [ 139.156205733, 35.258037308 ], [ 139.156336928, 35.258067089 ], [ 139.156023069000014, 35.257752938 ], [ 139.155535453999988, 35.257251456 ], [ 139.155079405, 35.256760694 ], [ 139.154820042000011, 35.256471599 ], [ 139.154382945, 35.255962733 ], [ 139.154187111, 35.255725824 ], [ 139.153587773999988, 35.254969534 ], [ 139.153468991000011, 35.255033922 ], [ 139.153350219, 35.25509831 ], [ 139.15373982700001, 35.255582503 ], [ 139.153779952, 35.255637552 ], [ 139.153803946000011, 35.255684389 ], [ 139.15382177399999, 35.255744632 ], [ 139.153833443, 35.25580282 ], [ 139.153835015999988, 35.255857879 ], [ 139.153830805000013, 35.255897679 ], [ 139.153771172, 35.256279977 ], [ 139.153765904000011, 35.256340955 ], [ 139.153769748, 35.256401813 ], [ 139.153781415999987, 35.256465347 ], [ 139.153800514000011, 35.256526128 ], [ 139.15381506599999, 35.256561482 ], [ 139.153833757, 35.256598663 ], [ 139.153860385, 35.256642071 ], [ 139.15389819, 35.256692023 ], [ 139.154063369999989, 35.25688223 ], [ 139.15453137899999, 35.257428526 ], [ 139.15456252300001, 35.257465577 ], [ 139.15459418899999, 35.257499296 ], [ 139.154625423999988, 35.257529281 ], [ 139.154663121999988, 35.257561863 ], [ 139.15470511800001, 35.257594243 ], [ 139.154747996999987, 35.257623671 ], [ 139.154793996, 35.257651737 ], [ 139.15484121599999, 35.257677188 ], [ 139.154900231, 35.257704804 ], [ 139.154941544, 35.257721631 ], [ 139.15499483, 35.257740508 ], [ 139.15503212199999, 35.257751949 ], [ 139.15508645700001, 35.257766198 ], [ 139.156205733, 35.258037308 ] ] ] } },
{ "type": "Feature", "properties": { "A29_001": "14206", "A29_002": "神奈川県", "A29_003": "小田原市", "A29_004": 3, "A29_005": "第一種中高層住居専用地域", "A29_006": 60, "A29_007": 200, "A29_008": null }, "geometry": { "type": "Polygon", "coordinates": [ [ [ 139.152344725, 35.253079671 ], [ 139.152104323, 35.25329043 ], [ 139.152043784, 35.253355947 ], [ 139.152042289, 35.253360713 ], [ 139.152039502, 35.253369597 ], [ 139.15202795499999, 35.253406412 ], [ 139.152009150999987, 35.253505307 ], [ 139.151983043, 35.253745223 ], [ 139.15153361899999, 35.253663763 ], [ 139.151199281, 35.253544804 ], [ 139.150869551999989, 35.25378593 ], [ 139.150793776, 35.253875734 ], [ 139.150800370000013, 35.254276828 ], [ 139.150840316, 35.254461658 ], [ 139.151124277, 35.25444886 ], [ 139.151110303, 35.25448028 ], [ 139.15110396, 35.254511595 ], [ 139.151102829, 35.254542938 ], [ 139.15109465399999, 35.254585643 ], [ 139.151085658, 35.254622643 ], [ 139.151062733, 35.254663127 ], [ 139.151042404, 35.25470505 ], [ 139.151026409, 35.254749848 ], [ 139.15100968199999, 35.255148847 ], [ 139.15104799299999, 35.255504031 ], [ 139.151152435, 35.255586792 ], [ 139.151146022, 35.255758088 ], [ 139.151077579, 35.255860418 ], [ 139.15099890799999, 35.255987354 ], [ 139.150966283, 35.255997437 ], [ 139.150821315, 35.255971965 ], [ 139.150633957999986, 35.255925712 ], [ 139.15043916499999, 35.255871195 ], [ 139.15010608099999, 35.255763038 ], [ 139.15003410700001, 35.255996593 ], [ 139.14998191399999, 35.256165945 ], [ 139.149920492, 35.256304866 ], [ 139.149859294, 35.256400116 ], [ 139.149778794000014, 35.256498483 ], [ 139.150182139, 35.256755671 ], [ 139.150237921000013, 35.256766326 ], [ 139.150380006, 35.256798993 ], [ 139.15057819899999, 35.256828433 ], [ 139.150810302999986, 35.256843733 ], [ 139.150799197999987, 35.257220542 ], [ 139.150767632, 35.257573592 ], [ 139.150755120000014, 35.257702694 ], [ 139.150649390000012, 35.258231949 ], [ 139.15101701399999, 35.258559144 ], [ 139.151384642000011, 35.258886338 ], [ 139.151496681, 35.258269988 ], [ 139.151528551000013, 35.258067981 ], [ 139.15156056, 35.257769198 ], [ 139.151629149, 35.257397652 ], [ 139.151697085, 35.257117019 ], [ 139.151910697, 35.256375692 ], [ 139.152046796, 35.255948322 ], [ 139.152182728000014, 35.255567113 ], [ 139.152448993, 35.254564184 ], [ 139.152587583000013, 35.253905273 ], [ 139.152590342, 35.253867122 ], [ 139.152590645, 35.253830851 ], [ 139.152588124, 35.25378006 ], [ 139.152579714000012, 35.253729236 ], [ 139.15256921400001, 35.253685152 ], [ 139.152376293, 35.253162986 ], [ 139.152358372, 35.253108764 ], [ 139.152344725, 35.253079671 ] ] ] } },
{ "type": "Feature", "properties": { "A29_001": "14206", "A29_002": "神奈川県", "A29_003": "小田原市", "A29_004": 5, "A29_005": "第一種住居地域", "A29_006": 60, "A29_007": 200, "A29_008": null }, "geometry": { "type": "Polygon", "coordinates": [ [ [ 139.143381643, 35.245126829 ], [ 139.143627751, 35.245425529 ], [ 139.143653822, 35.245514141 ], [ 139.143946505, 35.245455252 ], [ 139.144480698, 35.245330833 ], [ 139.144957414, 35.245224231 ], [ 139.145661905999987, 35.245070101 ], [ 139.145857674000013, 35.245023889 ], [ 139.146215552, 35.244934176 ], [ 139.146350649, 35.24490031 ], [ 139.14657320399999, 35.244855511 ], [ 139.14676051699999, 35.244820247 ], [ 139.146898341, 35.24480309 ], [ 139.147043336, 35.244795529 ], [ 139.14715035099999, 35.244796407 ], [ 139.147272694, 35.244803951 ], [ 139.147375654, 35.244816704 ], [ 139.14756742, 35.244852766 ], [ 139.147647565999989, 35.244873682 ], [ 139.147798470999987, 35.24492114 ], [ 139.148018724999986, 35.245019199 ], [ 139.148126112, 35.245080382 ], [ 139.148271093, 35.245179097 ], [ 139.148356127999989, 35.245245922 ], [ 139.14846689, 35.245350122 ], [ 139.14855830799999, 35.245454933 ], [ 139.14865005199999, 35.245586428 ], [ 139.148768189, 35.24578072 ], [ 139.148899500999988, 35.245989509 ], [ 139.148933889, 35.246046225 ], [ 139.149779658, 35.24622037 ], [ 139.150574498, 35.246355435 ], [ 139.150623335, 35.245102879 ], [ 139.15064783599999, 35.244207794 ], [ 139.150663114, 35.243967337 ], [ 139.151094875000013, 35.243953736 ], [ 139.151195210999987, 35.243867739 ], [ 139.151182503, 35.243574617 ], [ 139.151171793, 35.243327641 ], [ 139.151422429, 35.24330211 ], [ 139.15167015, 35.243294022 ], [ 139.15165895199999, 35.24288066 ], [ 139.151673022000011, 35.242360045 ], [ 139.151653654, 35.241975005 ], [ 139.15173102599999, 35.241983184 ], [ 139.151763695, 35.241993256 ], [ 139.151790161, 35.242009396 ], [ 139.152072436999987, 35.242219122 ], [ 139.152380717, 35.242433321 ], [ 139.152937173, 35.242820463 ], [ 139.15400948199999, 35.24342829 ], [ 139.154377646, 35.243625233 ], [ 139.154670798000012, 35.243774584 ], [ 139.154906743, 35.243907549 ], [ 139.155066928999986, 35.24401513 ], [ 139.155186444, 35.244120652 ], [ 139.155179094, 35.244298695 ], [ 139.155210168, 35.244317149 ], [ 139.155314147000013, 35.244350111 ], [ 139.15527864500001, 35.245223979 ], [ 139.15527451599999, 35.246056467 ], [ 139.15527450799999, 35.246058703 ], [ 139.156575365, 35.246217071 ], [ 139.157844641, 35.246371582 ], [ 139.158037912, 35.245946973 ], [ 139.158509614, 35.245092539 ], [ 139.158828306, 35.245274887 ], [ 139.15919713400001, 35.245498843 ], [ 139.159605019, 35.245763634 ], [ 139.160258597, 35.246228336 ], [ 139.161591372, 35.247285269 ], [ 139.16256422399999, 35.248021578 ], [ 139.163456868999987, 35.248642757 ], [ 139.164677307, 35.249519382 ], [ 139.166205482, 35.250712132 ], [ 139.166779643000012, 35.251524704 ], [ 139.166897374, 35.251682289 ], [ 139.167173709999986, 35.251904288 ], [ 139.16752059, 35.252178064 ], [ 139.16832281500001, 35.252820407 ], [ 139.168712088, 35.253152103 ], [ 139.169223343999988, 35.253551082 ], [ 139.16955839100001, 35.253831719 ], [ 139.170032013999986, 35.254631821 ], [ 139.17016726599999, 35.254853384 ], [ 139.170235346, 35.254968594 ], [ 139.170317250000011, 35.255113663 ], [ 139.170365584, 35.255203544 ], [ 139.170374514, 35.255213961 ], [ 139.17040735399999, 35.255129886 ], [ 139.17044805399999, 35.255044024 ], [ 139.17051199799999, 35.254924486 ], [ 139.170610896999989, 35.254749612 ], [ 139.17071596400001, 35.254572969 ], [ 139.170770417, 35.25449836 ], [ 139.170827355, 35.254429262 ], [ 139.17081849499999, 35.254424166 ], [ 139.1708318, 35.254409726 ], [ 139.170965681000013, 35.254284351 ], [ 139.170998779, 35.254254875 ], [ 139.170747569000014, 35.254092147 ], [ 139.17047871299999, 35.253910301 ], [ 139.170217686, 35.253725523 ], [ 139.16998752, 35.253556418 ], [ 139.16953834, 35.253212499 ], [ 139.16931984499999, 35.253041293 ], [ 139.169046775, 35.25282725 ], [ 139.16865868799999, 35.252522504 ], [ 139.168470328000012, 35.25237544 ], [ 139.168202138999987, 35.252153931 ], [ 139.168119834, 35.252086143 ], [ 139.167988259999987, 35.251942635 ], [ 139.16784850499999, 35.251832074 ], [ 139.16770668699999, 35.25174548 ], [ 139.16763248399999, 35.251695043 ], [ 139.16720485799999, 35.251351414 ], [ 139.166496525000014, 35.250800173 ], [ 139.16576337, 35.250221568 ], [ 139.165344788999988, 35.24988916 ], [ 139.164522597, 35.249262822 ], [ 139.16423049799999, 35.249051268 ], [ 139.163743527, 35.248698915 ], [ 139.163523669, 35.248549235 ], [ 139.163425976000013, 35.248469731 ], [ 139.163326703, 35.248381744 ], [ 139.163129887, 35.248249949 ], [ 139.163083820999987, 35.248226076 ], [ 139.163005375000012, 35.248184808 ], [ 139.162907014000012, 35.248119812 ], [ 139.162662708999989, 35.247936823 ], [ 139.16262196299999, 35.247907481 ], [ 139.16198204599999, 35.247435287 ], [ 139.161680193, 35.247195728 ], [ 139.16118534200001, 35.246815288 ], [ 139.16055982099999, 35.246304765 ], [ 139.160107019, 35.245956825 ], [ 139.15968685199999, 35.245662068 ], [ 139.159659073, 35.245686162 ], [ 139.159443758, 35.245546955 ], [ 139.158925767, 35.245230106 ], [ 139.15861812599999, 35.245054869 ], [ 139.158636975, 35.245034243 ], [ 139.15849227699999, 35.244939778 ], [ 139.15725870599999, 35.244231862 ], [ 139.157093793, 35.244110962 ], [ 139.156942476000012, 35.244019884 ], [ 139.156868843000012, 35.243982064 ], [ 139.156635279, 35.243871417 ], [ 139.156595974999988, 35.243907253 ], [ 139.154114459999988, 35.242354364 ], [ 139.153310814, 35.241855425 ], [ 139.153119223, 35.241746088 ], [ 139.15300774, 35.241688582 ], [ 139.152813305, 35.241604378 ], [ 139.152603311, 35.24154136 ], [ 139.152436474000012, 35.24150734 ], [ 139.152285551, 35.241488733 ], [ 139.152095417, 35.241481506 ], [ 139.151902721999988, 35.241491445 ], [ 139.151742664000011, 35.241514161 ], [ 139.151624061, 35.241539643 ], [ 139.15142763599999, 35.241594686 ], [ 139.15112727799999, 35.241707744 ], [ 139.15092129199999, 35.241795913 ], [ 139.15034645, 35.242002249 ], [ 139.149801817, 35.242196044 ], [ 139.14911640599999, 35.242484229 ], [ 139.148746956, 35.242659539 ], [ 139.147584644, 35.243146213 ], [ 139.146548895, 35.243594473 ], [ 139.145657707999987, 35.243969179 ], [ 139.145553261, 35.244014342 ], [ 139.145213546, 35.244179659 ], [ 139.14351788499999, 35.245050237 ], [ 139.143381643, 35.245126829 ] ] ] } },
{ "type": "Feature", "properties": { "A29_001": "14206", "A29_002": "神奈川県", "A29_003": "小田原市", "A29_004": 8, "A29_005": "近隣商業地域", "A29_006": 80, "A29_007": 300, "A29_008": null }, "geometry": { "type": "Polygon", "coordinates": [ [ [ 139.162227005, 35.24923305 ], [ 139.162178469999986, 35.249308878 ], [ 139.162040415, 35.250850471 ], [ 139.161982060000014, 35.251616043 ], [ 139.161931173, 35.252283502 ], [ 139.161784539, 35.253952488 ], [ 139.161783536, 35.254349943 ], [ 139.162307892, 35.25435891 ], [ 139.163573528, 35.254225337 ], [ 139.164819582, 35.254406921 ], [ 139.166359727000014, 35.254631336 ], [ 139.166509536, 35.254508031 ], [ 139.166818162999988, 35.25420357 ], [ 139.16683239299999, 35.254189531 ], [ 139.167002470999989, 35.254026791 ], [ 139.167660694, 35.254457135 ], [ 139.168093034, 35.25471674 ], [ 139.168439554, 35.254415465 ], [ 139.168337001999987, 35.254334244 ], [ 139.168157524, 35.254174951 ], [ 139.168142018999987, 35.254144422 ], [ 139.167419268, 35.253538587 ], [ 139.165733741999986, 35.252115802 ], [ 139.165917737, 35.251963495 ], [ 139.16481162299999, 35.251093221 ], [ 139.163946438000011, 35.250434317 ], [ 139.162760909000013, 35.249529195 ], [ 139.162546848, 35.249388019 ], [ 139.162227005, 35.24923305 ] ] ] } },
{ "type": "Feature", "properties": { "A29_001": "14206", "A29_002": "神奈川県", "A29_003": "小田原市", "A29_004": 9, "A29_005": "商業地域", "A29_006": 80, "A29_007": 500, "A29_008": null }, "geometry": { "type": "Polygon", "coordinates": [ [ [ 139.159379005, 35.253731876 ], [ 139.159463948, 35.253634784 ], [ 139.15902723799999, 35.253633087 ], [ 139.158694868999987, 35.253603192 ], [ 139.158280703, 35.253591781 ], [ 139.157922066999987, 35.25357461 ], [ 139.15757807899999, 35.253586434 ], [ 139.157141032, 35.25363367 ], [ 139.156950353000013, 35.253656888 ], [ 139.156808923999989, 35.253681725 ], [ 139.15661163199999, 35.253725728 ], [ 139.154452685, 35.254280616 ], [ 139.154846735, 35.254784752 ], [ 139.155292153, 35.255393224 ], [ 139.155393825, 35.255532116 ], [ 139.155892448, 35.256214935 ], [ 139.156057828, 35.256440367 ], [ 139.156908084, 35.256042187 ], [ 139.157651797999989, 35.255706062 ], [ 139.158283866, 35.254983627 ], [ 139.158724871, 35.254479562 ], [ 139.159379005, 35.253731876 ] ] ] } },
{ "type": "Feature", "properties": { "A29_001": "14206", "A29_002": "神奈川県", "A29_003": "小田原市", "A29_004": 3, "A29_005": "第一種中高層住居専用地域", "A29_006": 60, "A29_007": 200, "A29_008": null }, "geometry": { "type": "Polygon", "coordinates": [ [ [ 139.15717679799999, 35.251503502 ], [ 139.157177268, 35.25148663 ], [ 139.156108154, 35.251463552 ], [ 139.155824559, 35.25145743 ], [ 139.155560665, 35.251833285 ], [ 139.155379234, 35.252089775 ], [ 139.155285400999986, 35.252047307 ], [ 139.154976925, 35.252480475 ], [ 139.154896654, 35.252530152 ], [ 139.15474998, 35.25254515 ], [ 139.154734209, 35.252586211 ], [ 139.154419632000014, 35.252850319 ], [ 139.154071382000012, 35.252789177 ], [ 139.153917033999988, 35.252599014 ], [ 139.153626573999986, 35.252502644 ], [ 139.153336115, 35.252406283 ], [ 139.153456172, 35.252541674 ], [ 139.154429298, 35.253291138 ], [ 139.154497822, 35.253329868 ], [ 139.15456160799999, 35.253346361 ], [ 139.154647548000014, 35.253358949 ], [ 139.154716396999987, 35.253357325 ], [ 139.154789919, 35.25334363 ], [ 139.154946271, 35.253287069 ], [ 139.155430405, 35.253090795 ], [ 139.156747529, 35.252257272 ], [ 139.15714177699999, 35.252187669 ], [ 139.157161954, 35.251508665 ], [ 139.15717679799999, 35.251503502 ] ] ] } },
{ "type": "Feature", "properties": { "A29_001": "14206", "A29_002": "神奈川県", "A29_003": "小田原市", "A29_004": 1, "A29_005": "第一種低層住居専用地域", "A29_006": 60, "A29_007": 150, "A29_008": null }, "geometry": { "type": "Polygon", "coordinates": [ [ [ 139.142093511000013, 35.251687248 ], [ 139.143557276, 35.251274856 ], [ 139.143753972000013, 35.251259806 ], [ 139.14392001600001, 35.251298485 ], [ 139.14458645900001, 35.25150609 ], [ 139.144771426, 35.251294075 ], [ 139.145008448, 35.250643638 ], [ 139.145059042000014, 35.250561482 ], [ 139.145332642999989, 35.250645644 ], [ 139.145422767000014, 35.250539699 ], [ 139.14548634, 35.250532849 ], [ 139.145829205000013, 35.25016657 ], [ 139.145899552, 35.250125234 ], [ 139.146131271, 35.250037941 ], [ 139.146440084, 35.249956043 ], [ 139.146428361, 35.24993926 ], [ 139.146517087, 35.24990335 ], [ 139.14658333, 35.249945967 ], [ 139.146815163000014, 35.249834587 ], [ 139.14705695699999, 35.249685963 ], [ 139.14775724399999, 35.249698649 ], [ 139.147912703, 35.249763584 ], [ 139.148313824000013, 35.249709779 ], [ 139.149007197, 35.249442881 ], [ 139.149046011, 35.249436132 ], [ 139.14901537, 35.249317648 ], [ 139.149134787, 35.249281906 ], [ 139.149025095000013, 35.24898683 ], [ 139.14891837499999, 35.249012872 ], [ 139.148797043, 35.248818923 ], [ 139.14865453499999, 35.248863142 ], [ 139.148619344999986, 35.248689916 ], [ 139.148448917, 35.248690719 ], [ 139.148217506, 35.248708221 ], [ 139.148100492, 35.248782376 ], [ 139.148038418, 35.248837227 ], [ 139.14790808699999, 35.248788381 ], [ 139.1478809, 35.248804263 ], [ 139.147773169, 35.248748144 ], [ 139.147766033000011, 35.248696443 ], [ 139.14755074199999, 35.248651216 ], [ 139.147652477, 35.248118317 ], [ 139.147812073000011, 35.247811605 ], [ 139.14799487, 35.247433622 ], [ 139.14774900899999, 35.247102979 ], [ 139.147506381999989, 35.246778843 ], [ 139.147332395, 35.246832342 ], [ 139.14725791399999, 35.246871884 ], [ 139.147216359, 35.246896931 ], [ 139.14708717, 35.246980913 ], [ 139.146899928000011, 35.247065634 ], [ 139.146725601000014, 35.247124845 ], [ 139.146615551, 35.247160834 ], [ 139.146606518999988, 35.24716346 ], [ 139.14651985099999, 35.247188656 ], [ 139.146519078000011, 35.247188865 ], [ 139.146480674, 35.247199225 ], [ 139.146329731, 35.247237525 ], [ 139.146015635, 35.247313361 ], [ 139.145772126999987, 35.247369546 ], [ 139.145754477999986, 35.247373618 ], [ 139.14542652099999, 35.247452137 ], [ 139.145414243, 35.2474551 ], [ 139.145227318, 35.247500195 ], [ 139.145079431999989, 35.247532422 ], [ 139.14503417099999, 35.247542048 ], [ 139.144680324, 35.247617304 ], [ 139.144605272, 35.247642943 ], [ 139.144537391, 35.247669022 ], [ 139.144489674, 35.247687354 ], [ 139.144383987999987, 35.247718421 ], [ 139.14436228400001, 35.247721465 ], [ 139.144322213, 35.247719044 ], [ 139.144232948, 35.247709108 ], [ 139.14418577699999, 35.247701953 ], [ 139.144149384, 35.247694346 ], [ 139.144064745, 35.247679819 ], [ 139.14404842799999, 35.247677019 ], [ 139.144009125, 35.24767289 ], [ 139.14397412400001, 35.247676051 ], [ 139.143917640000012, 35.247681152 ], [ 139.143811391000014, 35.247697093 ], [ 139.14369006199999, 35.247718498 ], [ 139.14354646699999, 35.247750465 ], [ 139.143488483, 35.247765109 ], [ 139.143462097, 35.247771772 ], [ 139.14336197, 35.247789 ], [ 139.143319827999989, 35.247795962 ], [ 139.14317060499999, 35.247820613 ], [ 139.143065554, 35.247838102 ], [ 139.142858706, 35.24786981 ], [ 139.142703039999986, 35.247893953 ], [ 139.142625399, 35.247909588 ], [ 139.14250582599999, 35.247932292 ], [ 139.142495340000011, 35.247934424 ], [ 139.14243290499999, 35.247942839 ], [ 139.14240393099999, 35.247945231 ], [ 139.14236164799999, 35.247947488 ], [ 139.142199764, 35.247951922 ], [ 139.142003765, 35.247952022 ], [ 139.14201615799999, 35.247821516 ], [ 139.14202532199999, 35.247721444 ], [ 139.142033343, 35.247581169 ], [ 139.14201103900001, 35.24758494 ], [ 139.141996096000014, 35.247587081 ], [ 139.141991163, 35.247587787 ], [ 139.141911803, 35.247590707 ], [ 139.141890131999986, 35.247589852 ], [ 139.141869219, 35.247589314 ], [ 139.141865786000011, 35.247589226 ], [ 139.141862798, 35.247588749 ], [ 139.141819819, 35.247581898 ], [ 139.141813151, 35.247579727 ], [ 139.14179554099999, 35.247573994 ], [ 139.141793166000014, 35.247573219 ], [ 139.141704108, 35.247534463 ], [ 139.141663271999988, 35.247517421 ], [ 139.141564819, 35.247465944 ], [ 139.141496816, 35.247430718 ], [ 139.141386828, 35.247373815 ], [ 139.14122653199999, 35.247296404 ], [ 139.141160856, 35.247267039 ], [ 139.14107206, 35.247225194 ], [ 139.14105960399999, 35.247219324 ], [ 139.141058812000011, 35.247218951 ], [ 139.141034291000011, 35.247203951 ], [ 139.141008328999987, 35.247183826 ], [ 139.140988558, 35.247169096 ], [ 139.140979402, 35.247157512 ], [ 139.140971858, 35.247147969 ], [ 139.140957415, 35.247129696 ], [ 139.14093648, 35.247112037 ], [ 139.140889534, 35.247080099 ], [ 139.14086731899999, 35.247067401 ], [ 139.140863472, 35.247065202 ], [ 139.14085466200001, 35.247060166 ], [ 139.140826253, 35.247048554 ], [ 139.140775886, 35.247034867 ], [ 139.140694961, 35.247017595 ], [ 139.140581129, 35.2469938 ], [ 139.140468782999989, 35.246970014 ], [ 139.14037973399999, 35.246957176 ], [ 139.140353850999986, 35.246953445 ], [ 139.140306027, 35.24694166 ], [ 139.140186910000011, 35.246982137 ], [ 139.14000075199999, 35.247022987 ], [ 139.13989800499999, 35.24703655 ], [ 139.139742645000013, 35.24704783 ], [ 139.139551903000012, 35.247046105 ], [ 139.139471957000012, 35.247040418 ], [ 139.13936439599999, 35.247025829 ], [ 139.137892768, 35.246751915 ], [ 139.137709077000011, 35.246722375 ], [ 139.137608387, 35.246713954 ], [ 139.137517984, 35.24671064 ], [ 139.136641426000011, 35.24673949 ], [ 139.13655107400001, 35.246742665 ], [ 139.136429783000011, 35.246740435 ], [ 139.136343900000014, 35.246735162 ], [ 139.13526799499999, 35.246625298 ], [ 139.135141971, 35.24662403 ], [ 139.135053269999986, 35.246627215 ], [ 139.134934627, 35.246636475 ], [ 139.134801485, 35.246657972 ], [ 139.133315880999987, 35.246951693 ], [ 139.133127357, 35.246986028 ], [ 139.133051555, 35.246996947 ], [ 139.132991299, 35.247001465 ], [ 139.13291885699999, 35.247004952 ], [ 139.13286939599999, 35.247006558 ], [ 139.132743161, 35.247042424 ], [ 139.133105121999989, 35.247165622 ], [ 139.133191618000012, 35.247162174 ], [ 139.13333347299999, 35.247352522 ], [ 139.133334085, 35.247353346 ], [ 139.133314436, 35.247478955 ], [ 139.13331375199999, 35.247483339 ], [ 139.133361382, 35.247530929 ], [ 139.133447439, 35.247578743 ], [ 139.133599712, 35.247484347 ], [ 139.133634667, 35.247474261 ], [ 139.13369314, 35.247485145 ], [ 139.133725750999986, 35.24750086 ], [ 139.133890326, 35.24746982 ], [ 139.133930478, 35.247601469 ], [ 139.13410055899999, 35.247601155 ], [ 139.134384250000011, 35.247888577 ], [ 139.134376104000012, 35.247949159 ], [ 139.134399854, 35.247980837 ], [ 139.134549267000011, 35.247922558 ], [ 139.134804218, 35.24838659 ], [ 139.135575192, 35.248251598 ], [ 139.135887942000011, 35.248194251 ], [ 139.13620068, 35.248136911 ], [ 139.13627331399999, 35.248123981 ], [ 139.136373993, 35.248065832 ], [ 139.137051563999989, 35.248295455 ], [ 139.137729138999987, 35.248525075 ], [ 139.137768013, 35.248584747 ], [ 139.137820045000012, 35.248679667 ], [ 139.137987575000011, 35.248772403 ], [ 139.13839277299999, 35.248873147 ], [ 139.138921939, 35.248867847 ], [ 139.139134928, 35.248873089 ], [ 139.139331582000011, 35.248928148 ], [ 139.139422911, 35.248938047 ], [ 139.139600045, 35.248936719 ], [ 139.139697289, 35.248923205 ], [ 139.139834686, 35.248891172 ], [ 139.13990850799999, 35.24885388 ], [ 139.139898284, 35.248984535 ], [ 139.139888025, 35.249115918 ], [ 139.139904615, 35.249108243 ], [ 139.139933977, 35.249091133 ], [ 139.139969240999989, 35.249067166 ], [ 139.139971792000011, 35.249065432 ], [ 139.14000310099999, 35.249045733 ], [ 139.140062081, 35.249007984 ], [ 139.140095169, 35.248992196 ], [ 139.140120378, 35.24898398 ], [ 139.140147047, 35.248977165 ], [ 139.140181199000011, 35.248969372 ], [ 139.140228556000011, 35.248966764 ], [ 139.14024441, 35.248966762 ], [ 139.140260242000011, 35.248969267 ], [ 139.140273127, 35.248972221 ], [ 139.140286091, 35.248977427 ], [ 139.14029936099999, 35.248984958 ], [ 139.14031911, 35.248999632 ], [ 139.140340779000013, 35.24901815 ], [ 139.140354777, 35.249029934 ], [ 139.140375498, 35.249050188 ], [ 139.14040278600001, 35.249077167 ], [ 139.14041778, 35.249091605 ], [ 139.140447598, 35.249120758 ], [ 139.14045822, 35.249130155 ], [ 139.140465975000012, 35.249136958 ], [ 139.140483007, 35.249151616 ], [ 139.14051874899999, 35.249183103 ], [ 139.140551837, 35.249197846 ], [ 139.14055961599999, 35.249201312 ], [ 139.140565005000013, 35.249201254 ], [ 139.140575735999988, 35.249201138 ], [ 139.140598587999989, 35.249200892 ], [ 139.14060607799999, 35.249200812 ], [ 139.140613124, 35.249197574 ], [ 139.140644105, 35.249183333 ], [ 139.140701272, 35.249153475 ], [ 139.140721823, 35.249142742 ], [ 139.140767635, 35.249118759 ], [ 139.140810714, 35.249096433 ], [ 139.140871112000013, 35.249065077 ], [ 139.14092088000001, 35.249039456 ], [ 139.14101132799999, 35.248998164 ], [ 139.141069748, 35.248973618 ], [ 139.141099962999988, 35.248960874 ], [ 139.141143621, 35.248941698 ], [ 139.141163108, 35.248933009 ], [ 139.141208338000013, 35.248912838 ], [ 139.141222145, 35.248904192 ], [ 139.141223821000011, 35.248903142 ], [ 139.141243683, 35.248887934 ], [ 139.141263638999988, 35.248872653 ], [ 139.141298895, 35.248845977 ], [ 139.141354088000014, 35.248818425 ], [ 139.14138274199999, 35.248804716 ], [ 139.141416247, 35.248788559 ], [ 139.14146051899999, 35.248766888 ], [ 139.141508023, 35.248744199 ], [ 139.141547387, 35.248725397 ], [ 139.141570352, 35.248710307 ], [ 139.141591116, 35.248696664 ], [ 139.14163711899999, 35.248666706 ], [ 139.141664135000013, 35.248650263 ], [ 139.141677640000012, 35.248642413 ], [ 139.141699622, 35.248631887 ], [ 139.141721241999988, 35.248628419 ], [ 139.141792056000014, 35.248621639 ], [ 139.141962468, 35.248623449 ], [ 139.141958753000011, 35.248660771 ], [ 139.141954019999986, 35.248724748 ], [ 139.141949038, 35.248791418 ], [ 139.14194483599999, 35.248846201 ], [ 139.141941737, 35.248877768 ], [ 139.14193742399999, 35.248918895 ], [ 139.141933244, 35.248957887 ], [ 139.141918925999988, 35.249023127 ], [ 139.141918041, 35.249027159 ], [ 139.14190321699999, 35.249094705 ], [ 139.141894998999987, 35.249135174 ], [ 139.141875612, 35.249159411 ], [ 139.141871191, 35.249164938 ], [ 139.141860635, 35.249178135 ], [ 139.141827725000013, 35.24927142 ], [ 139.141827022, 35.249273415 ], [ 139.141824602000014, 35.249282282 ], [ 139.141819957, 35.249299303 ], [ 139.141819168000012, 35.249309478 ], [ 139.141818564, 35.249317276 ], [ 139.14181475800001, 35.249366321 ], [ 139.141810639, 35.249400979 ], [ 139.141804923, 35.249433975 ], [ 139.141795844, 35.249483631 ], [ 139.141789843999987, 35.249502754 ], [ 139.141780003, 35.249523671 ], [ 139.14177157, 35.249544762 ], [ 139.141742184, 35.249591329 ], [ 139.141722214, 35.249619786 ], [ 139.141683707999988, 35.249673567 ], [ 139.141635435000012, 35.249739515 ], [ 139.141559660000013, 35.249843618 ], [ 139.14155045699999, 35.249856217 ], [ 139.141517497, 35.249901343 ], [ 139.141514067, 35.249909467 ], [ 139.141512976, 35.249912051 ], [ 139.141509942999988, 35.249937301 ], [ 139.141513483000011, 35.249970846 ], [ 139.14151298199999, 35.249982568 ], [ 139.14151477499999, 35.250055738 ], [ 139.14151569399999, 35.250077433 ], [ 139.141515817999988, 35.250080338 ], [ 139.14151846499999, 35.250142791 ], [ 139.141521532000013, 35.25028597 ], [ 139.14152268, 35.250340474 ], [ 139.14152602199999, 35.250373522 ], [ 139.141535318, 35.250419816 ], [ 139.14154803400001, 35.250469184 ], [ 139.141562552000011, 35.25050209 ], [ 139.14157949299999, 35.250534142 ], [ 139.141587679999986, 35.250547937 ], [ 139.141591559, 35.250553533 ], [ 139.141587515999987, 35.250558085 ], [ 139.141586101, 35.250560143 ], [ 139.14150704, 35.250675185 ], [ 139.141498278, 35.250687936 ], [ 139.141495827, 35.2508476 ], [ 139.141453143, 35.250970786 ], [ 139.141549991, 35.251009316 ], [ 139.14159138299999, 35.251038038 ], [ 139.141495886, 35.251117556 ], [ 139.141440232, 35.251132427 ], [ 139.14129112099999, 35.251253111 ], [ 139.14127394499999, 35.251286789 ], [ 139.141095522, 35.251400104 ], [ 139.140912308999987, 35.251487736 ], [ 139.140925777, 35.25155788 ], [ 139.14083961899999, 35.251646457 ], [ 139.140927925999989, 35.251806512 ], [ 139.14101613299999, 35.251771771 ], [ 139.14103197, 35.25179611 ], [ 139.141177357, 35.252060068 ], [ 139.141456592999987, 35.251926591 ], [ 139.141712508000012, 35.25180999 ], [ 139.14189614, 35.251730996 ], [ 139.142093511000013, 35.251687248 ] ] ] } },
{ "type": "Feature", "properties": { "A29_001": "14206", "A29_002": "神奈川県", "A29_003": "小田原市", "A29_004": 1, "A29_005": "第一種低層住居専用地域", "A29_006": 50, "A29_007": 100, "A29_008": null }, "geometry": { "type": "Polygon", "coordinates": [ [ [ 139.138781574, 35.251441252 ], [ 139.138962427, 35.251447756 ], [ 139.139008899, 35.251449382 ], [ 139.13920095200001, 35.251451459 ], [ 139.139254556, 35.251438394 ], [ 139.13931548, 35.251423559 ], [ 139.139364503, 35.251410188 ], [ 139.13943412, 35.251391641 ], [ 139.13947858, 35.25138437 ], [ 139.139480205000012, 35.251384105 ], [ 139.139491220999986, 35.25138277 ], [ 139.139528759, 35.251378222 ], [ 139.139585605, 35.251371335 ], [ 139.139639159000012, 35.251364399 ], [ 139.139675286999989, 35.251359468 ], [ 139.13964228399999, 35.251198218 ], [ 139.13991081899999, 35.251087189 ], [ 139.139981556, 35.251018501 ], [ 139.140001173, 35.251020921 ], [ 139.140021055, 35.250993397 ], [ 139.140051910000011, 35.250993574 ], [ 139.14009425, 35.250963881 ], [ 139.140094387, 35.250947755 ], [ 139.140274538, 35.250843132 ], [ 139.140305385, 35.250845617 ], [ 139.140374200999986, 35.251002613 ], [ 139.140541423, 35.250932251 ], [ 139.140475251, 35.250793694 ], [ 139.140649657000012, 35.250741726 ], [ 139.140769936999988, 35.250725323 ], [ 139.14079407, 35.250652726 ], [ 139.14082783, 35.250562021 ], [ 139.140832741, 35.250538847 ], [ 139.140835267999989, 35.250519517 ], [ 139.140835449, 35.250498244 ], [ 139.14081475099999, 35.250438182 ], [ 139.140749991, 35.250467071 ], [ 139.140710622, 35.250478222 ], [ 139.14066665499999, 35.250487444 ], [ 139.14060884700001, 35.250494703 ], [ 139.140551088, 35.250496265 ], [ 139.140419516, 35.250485083 ], [ 139.140230016, 35.250495373 ], [ 139.140066173, 35.250414164 ], [ 139.139962058, 35.250434426 ], [ 139.139786958, 35.250513775 ], [ 139.13974771299999, 35.250511657 ], [ 139.139743571, 35.250454754 ], [ 139.139697377, 35.250454489 ], [ 139.1396717, 35.250326368 ], [ 139.139384404999987, 35.250351556 ], [ 139.139344900999987, 35.250396671 ], [ 139.13937762, 35.250541625 ], [ 139.139428681999988, 35.250700657 ], [ 139.13937792199999, 35.250699645 ], [ 139.139229406999988, 35.250719255 ], [ 139.139161011, 35.250737432 ], [ 139.139093100999986, 35.250621391 ], [ 139.139039795, 35.250429264 ], [ 139.138732686, 35.250450768 ], [ 139.138748235, 35.250522898 ], [ 139.13870737100001, 35.250521194 ], [ 139.13866357399999, 35.250515624 ], [ 139.138628360000013, 35.250508571 ], [ 139.138586049, 35.250496159 ], [ 139.138461584999988, 35.250453078 ], [ 139.138242518, 35.250421713 ], [ 139.138160011999986, 35.250419436 ], [ 139.138053085, 35.250431766 ], [ 139.13808463, 35.250524847 ], [ 139.138153937999988, 35.250523352 ], [ 139.138269107000013, 35.250535435 ], [ 139.138315326999987, 35.250671733 ], [ 139.138321842000011, 35.250912628 ], [ 139.13821582700001, 35.251114206 ], [ 139.138346022, 35.251362662 ], [ 139.13818791599999, 35.251416632 ], [ 139.13828288900001, 35.251507557 ], [ 139.138293659, 35.251502392 ], [ 139.138340381, 35.251480232 ], [ 139.13837089899999, 35.251465862 ], [ 139.138375164, 35.251463855 ], [ 139.138430183999986, 35.251447272 ], [ 139.138449911, 35.251442379 ], [ 139.138456366000014, 35.251440778 ], [ 139.138503622, 35.251435617 ], [ 139.138509167, 35.251435393 ], [ 139.13853783799999, 35.251434237 ], [ 139.138552038, 35.251433665 ], [ 139.13864780099999, 35.251435747 ], [ 139.138689505, 35.251437393 ], [ 139.138697372, 35.251437703 ], [ 139.138781574, 35.251441252 ] ] ] } },
{ "type": "Feature", "properties": { "A29_001": "14206", "A29_002": "神奈川県", "A29_003": "小田原市", "A29_004": 1, "A29_005": "第一種低層住居専用地域", "A29_006": 40, "A29_007": 60, "A29_008": null }, "geometry": { "type": "Polygon", "coordinates": [ [ [ 139.13828288900001, 35.251507557 ], [ 139.13818791599999, 35.251416632 ], [ 139.138346022, 35.251362662 ], [ 139.13821582700001, 35.251114206 ], [ 139.138321842000011, 35.250912628 ], [ 139.138315326999987, 35.250671733 ], [ 139.138269107000013, 35.250535435 ], [ 139.138153937999988, 35.250523352 ], [ 139.13808463, 35.250524847 ], [ 139.138053085, 35.250431766 ], [ 139.138160011999986, 35.250419436 ], [ 139.138242518, 35.250421713 ], [ 139.138461584999988, 35.250453078 ], [ 139.138586049, 35.250496159 ], [ 139.138628360000013, 35.250508571 ], [ 139.13866357399999, 35.250515624 ], [ 139.13870737100001, 35.250521194 ], [ 139.138748235, 35.250522898 ], [ 139.138732686, 35.250450768 ], [ 139.139039795, 35.250429264 ], [ 139.139093100999986, 35.250621391 ], [ 139.139161011, 35.250737432 ], [ 139.139229406999988, 35.250719255 ], [ 139.13937792199999, 35.250699645 ], [ 139.139428681999988, 35.250700657 ], [ 139.13937762, 35.250541625 ], [ 139.139344900999987, 35.250396671 ], [ 139.139384404999987, 35.250351556 ], [ 139.1396717, 35.250326368 ], [ 139.139697377, 35.250454489 ], [ 139.139743571, 35.250454754 ], [ 139.13974771299999, 35.250511657 ], [ 139.139786958, 35.250513775 ], [ 139.139962058, 35.250434426 ], [ 139.140066173, 35.250414164 ], [ 139.140230016, 35.250495373 ], [ 139.140419516, 35.250485083 ], [ 139.140551088, 35.250496265 ], [ 139.14060884700001, 35.250494703 ], [ 139.14066665499999, 35.250487444 ], [ 139.140710622, 35.250478222 ], [ 139.140749991, 35.250467071 ], [ 139.14081475099999, 35.250438182 ], [ 139.140835449, 35.250498244 ], [ 139.140835267999989, 35.250519517 ], [ 139.140832741, 35.250538847 ], [ 139.14082783, 35.250562021 ], [ 139.14079407, 35.250652726 ], [ 139.140769936999988, 35.250725323 ], [ 139.140649657000012, 35.250741726 ], [ 139.140475251, 35.250793694 ], [ 139.140541423, 35.250932251 ], [ 139.140374200999986, 35.251002613 ], [ 139.140305385, 35.250845617 ], [ 139.140274538, 35.250843132 ], [ 139.140094387, 35.250947755 ], [ 139.14009425, 35.250963881 ], [ 139.140051910000011, 35.250993574 ], [ 139.140021055, 35.250993397 ], [ 139.140001173, 35.251020921 ], [ 139.139981556, 35.251018501 ], [ 139.13991081899999, 35.251087189 ], [ 139.13964228399999, 35.251198218 ], [ 139.139675286999989, 35.251359468 ], [ 139.139686082999987, 35.25135812 ], [ 139.139699675, 35.251356405 ], [ 139.139706144, 35.251355588 ], [ 139.139753125, 35.251342624 ], [ 139.139787847, 35.251333489 ], [ 139.139812353, 35.251326252 ], [ 139.139823941, 35.25132283 ], [ 139.13987723299999, 35.251306697 ], [ 139.139929502, 35.251290978 ], [ 139.139939551999987, 35.251287412 ], [ 139.139993725000011, 35.251267664 ], [ 139.140020808, 35.251258066 ], [ 139.14005488, 35.251245446 ], [ 139.140089475, 35.251231296 ], [ 139.140114356, 35.25122099 ], [ 139.14013566, 35.251212196 ], [ 139.140164805000012, 35.251199826 ], [ 139.140178271, 35.251193913 ], [ 139.14021883800001, 35.251176314 ], [ 139.140246448, 35.251164631 ], [ 139.140275092, 35.251151282 ], [ 139.140290606, 35.251144267 ], [ 139.140327603, 35.251127205 ], [ 139.14038283799999, 35.251102167 ], [ 139.140461512, 35.251064823 ], [ 139.140472076, 35.251068516 ], [ 139.140575113000011, 35.251105231 ], [ 139.14060563699999, 35.251095388 ], [ 139.140724135999989, 35.251042956 ], [ 139.14106312199999, 35.250903103 ], [ 139.141141699, 35.25087633 ], [ 139.14132791899999, 35.250790498 ], [ 139.141439154000011, 35.250709557 ], [ 139.141498278, 35.250687936 ], [ 139.14150704, 35.250675185 ], [ 139.141586101, 35.250560143 ], [ 139.141587515999987, 35.250558085 ], [ 139.141591559, 35.250553533 ], [ 139.141587679999986, 35.250547937 ], [ 139.14157949299999, 35.250534142 ], [ 139.141562552000011, 35.25050209 ], [ 139.14154803400001, 35.250469184 ], [ 139.141535318, 35.250419816 ], [ 139.14152602199999, 35.250373522 ], [ 139.14152268, 35.250340474 ], [ 139.141521532000013, 35.25028597 ], [ 139.14151846499999, 35.250142791 ], [ 139.141515817999988, 35.250080338 ], [ 139.14151569399999, 35.250077433 ], [ 139.14151477499999, 35.250055738 ], [ 139.14151298199999, 35.249982568 ], [ 139.141513483000011, 35.249970846 ], [ 139.141509942999988, 35.249937301 ], [ 139.141512976, 35.249912051 ], [ 139.141514067, 35.249909467 ], [ 139.141517497, 35.249901343 ], [ 139.14155045699999, 35.249856217 ], [ 139.141559660000013, 35.249843618 ], [ 139.141635435000012, 35.249739515 ], [ 139.141683707999988, 35.249673567 ], [ 139.141722214, 35.249619786 ], [ 139.141742184, 35.249591329 ], [ 139.14177157, 35.249544762 ], [ 139.141780003, 35.249523671 ], [ 139.141789843999987, 35.249502754 ], [ 139.141795844, 35.249483631 ], [ 139.141810639, 35.249400979 ], [ 139.14181475800001, 35.249366321 ], [ 139.141818564, 35.249317276 ], [ 139.141819168000012, 35.249309478 ], [ 139.141819957, 35.249299303 ], [ 139.141824602000014, 35.249282282 ], [ 139.141827022, 35.249273415 ], [ 139.141827725000013, 35.24927142 ], [ 139.141860635, 35.249178135 ], [ 139.141871191, 35.249164938 ], [ 139.141875612, 35.249159411 ], [ 139.141894998999987, 35.249135174 ], [ 139.14190321699999, 35.249094705 ], [ 139.141918041, 35.249027159 ], [ 139.141918925999988, 35.249023127 ], [ 139.141933244, 35.248957887 ], [ 139.14193742399999, 35.248918895 ], [ 139.141941737, 35.248877768 ], [ 139.14194483599999, 35.248846201 ], [ 139.141949038, 35.248791418 ], [ 139.141954019999986, 35.248724748 ], [ 139.141958753000011, 35.248660771 ], [ 139.141962468, 35.248623449 ], [ 139.141792056000014, 35.248621639 ], [ 139.141721241999988, 35.248628419 ], [ 139.141699622, 35.248631887 ], [ 139.141677640000012, 35.248642413 ], [ 139.141664135000013, 35.248650263 ], [ 139.14163711899999, 35.248666706 ], [ 139.141591116, 35.248696664 ], [ 139.141570352, 35.248710307 ], [ 139.141547387, 35.248725397 ], [ 139.141508023, 35.248744199 ], [ 139.14146051899999, 35.248766888 ], [ 139.141416247, 35.248788559 ], [ 139.14138274199999, 35.248804716 ], [ 139.141354088000014, 35.248818425 ], [ 139.141298895, 35.248845977 ], [ 139.141243683, 35.248887934 ], [ 139.141223821000011, 35.248903142 ], [ 139.141222145, 35.248904192 ], [ 139.141208338000013, 35.248912838 ], [ 139.141163108, 35.248933009 ], [ 139.141143621, 35.248941698 ], [ 139.141099962999988, 35.248960874 ], [ 139.141097699999989, 35.248961873 ], [ 139.141069748, 35.248973618 ], [ 139.14101132799999, 35.248998164 ], [ 139.14092088000001, 35.249039456 ], [ 139.140871112000013, 35.249065077 ], [ 139.140810714, 35.249096433 ], [ 139.140767635, 35.249118759 ], [ 139.140721823, 35.249142742 ], [ 139.140701272, 35.249153475 ], [ 139.140644105, 35.249183333 ], [ 139.140613124, 35.249197574 ], [ 139.14060607799999, 35.249200812 ], [ 139.140598587999989, 35.249200892 ], [ 139.140575735999988, 35.249201138 ], [ 139.140565005000013, 35.249201254 ], [ 139.14055961599999, 35.249201312 ], [ 139.140551837, 35.249197846 ], [ 139.14051874899999, 35.249183103 ], [ 139.140483007, 35.249151616 ], [ 139.140465975000012, 35.249136958 ], [ 139.14045822, 35.249130155 ], [ 139.140447598, 35.249120758 ], [ 139.14041778, 35.249091605 ], [ 139.14040278600001, 35.249077167 ], [ 139.140375498, 35.249050188 ], [ 139.140354777, 35.249029934 ], [ 139.140340779000013, 35.24901815 ], [ 139.14031911, 35.248999632 ], [ 139.14029936099999, 35.248984958 ], [ 139.140286091, 35.248977427 ], [ 139.140273127, 35.248972221 ], [ 139.140260242000011, 35.248969267 ], [ 139.14024441, 35.248966762 ], [ 139.140228556000011, 35.248966764 ], [ 139.140181199000011, 35.248969372 ], [ 139.140147047, 35.248977165 ], [ 139.140120378, 35.24898398 ], [ 139.140095169, 35.248992196 ], [ 139.140062081, 35.249007984 ], [ 139.14000310099999, 35.249045733 ], [ 139.139971792000011, 35.249065432 ], [ 139.139969240999989, 35.249067166 ], [ 139.139933977, 35.249091133 ], [ 139.139904615, 35.249108243 ], [ 139.139888025, 35.249115918 ], [ 139.139839486, 35.249136759 ], [ 139.13981413799999, 35.249144859 ], [ 139.139753866, 35.249154092 ], [ 139.139682376, 35.249156655 ], [ 139.139611126, 35.24915476 ], [ 139.139597020999986, 35.249156166 ], [ 139.139586939999987, 35.249158089 ], [ 139.139556706, 35.249162045 ], [ 139.13948586699999, 35.249182942 ], [ 139.139439990999989, 35.249203818 ], [ 139.139379953, 35.249232704 ], [ 139.139345612999989, 35.249246379 ], [ 139.139314135, 35.249254787 ], [ 139.139277829, 35.249263 ], [ 139.139243383, 35.249265446 ], [ 139.139206137, 35.249265562 ], [ 139.139176154000012, 35.249263904 ], [ 139.13906712299999, 35.24925436 ], [ 139.139037941999987, 35.249253036 ], [ 139.138975698, 35.249257304 ], [ 139.13889364, 35.249271696 ], [ 139.138705608, 35.249319004 ], [ 139.138641467000014, 35.249333334 ], [ 139.13861344099999, 35.249338293 ], [ 139.138575159, 35.249342036 ], [ 139.13849481299999, 35.249342149 ], [ 139.13848275399999, 35.249342166 ], [ 139.13845282599999, 35.249340168 ], [ 139.13837450599999, 35.249334939 ], [ 139.138361030999988, 35.249333211 ], [ 139.138276571, 35.249322486 ], [ 139.138210953, 35.249320953 ], [ 139.13818458099999, 35.249320967 ], [ 139.138136456000012, 35.249322177 ], [ 139.13806638599999, 35.249323591 ], [ 139.138017248000011, 35.249325456 ], [ 139.13797899799999, 35.249325401 ], [ 139.137916800999989, 35.249324218 ], [ 139.137857228, 35.249322223 ], [ 139.13782585199999, 35.24931874 ], [ 139.137712886, 35.249298274 ], [ 139.13764917, 35.249286347 ], [ 139.137573796, 35.249272372 ], [ 139.137520897, 35.249264003 ], [ 139.137468339, 35.249255688 ], [ 139.137467643, 35.249255578 ], [ 139.13746684099999, 35.249255409 ], [ 139.137438503, 35.249249465 ], [ 139.13740899199999, 35.249240047 ], [ 139.137390753, 35.249233227 ], [ 139.137334540000012, 35.249212205 ], [ 139.137283047000011, 35.249183669 ], [ 139.13719984299999, 35.249143556 ], [ 139.13716999, 35.249126704 ], [ 139.13715836099999, 35.249144639 ], [ 139.137147199999987, 35.249155995 ], [ 139.137132490999988, 35.249170962 ], [ 139.13712060200001, 35.249180143 ], [ 139.13710336, 35.24918753 ], [ 139.137085874, 35.249192053 ], [ 139.137066796, 35.249194365 ], [ 139.137036066, 35.249191745 ], [ 139.13699922699999, 35.249185829 ], [ 139.136938414000014, 35.249171827 ], [ 139.136903612999987, 35.249160838 ], [ 139.13684278299999, 35.249149037 ], [ 139.136791799, 35.249146982 ], [ 139.136760656, 35.249147684 ], [ 139.13671120399999, 35.249154886 ], [ 139.136645248, 35.249177407 ], [ 139.13650592799999, 35.249241122 ], [ 139.136401823999989, 35.249298652 ], [ 139.136277852, 35.249419485 ], [ 139.136241394, 35.249469917 ], [ 139.13624049500001, 35.249471162 ], [ 139.136225943, 35.249494271 ], [ 139.136194921, 35.24954628 ], [ 139.136192174, 35.249550886 ], [ 139.136190058000011, 35.249555416 ], [ 139.13617763799999, 35.249582018 ], [ 139.136171667000013, 35.249594807 ], [ 139.136164804, 35.249643871 ], [ 139.136159897999988, 35.249683918 ], [ 139.13615506299999, 35.249747085 ], [ 139.13615529, 35.249752929 ], [ 139.13615660100001, 35.249786729 ], [ 139.136162568, 35.249814203 ], [ 139.136165124, 35.249825973 ], [ 139.136174692999987, 35.24984959 ], [ 139.136182474, 35.249868789 ], [ 139.136207627, 35.249910991 ], [ 139.136226255999986, 35.249929823 ], [ 139.136187447, 35.249979544 ], [ 139.136164275, 35.250009231 ], [ 139.136085235, 35.250035404 ], [ 139.13603517199999, 35.250051667 ], [ 139.13600888799999, 35.250058553 ], [ 139.135943994, 35.250075557 ], [ 139.135849132, 35.250097013 ], [ 139.135757659, 35.250129019 ], [ 139.135745568, 35.250137436 ], [ 139.135743967, 35.25013855 ], [ 139.135679477999986, 35.250184223 ], [ 139.135678761, 35.250184996 ], [ 139.135628880000013, 35.250238925 ], [ 139.13558218, 35.250328822 ], [ 139.13557197099999, 35.250348912 ], [ 139.13556942, 35.250353784 ], [ 139.13554589200001, 35.250398691 ], [ 139.135544544999988, 35.250401271 ], [ 139.135538489, 35.250426668 ], [ 139.13553835799999, 35.250441861 ], [ 139.135543852000012, 35.250458572 ], [ 139.135552356, 35.250476457 ], [ 139.135566888999989, 35.250495697 ], [ 139.135575237000012, 35.250504308 ], [ 139.135590237, 35.250519778 ], [ 139.135623525999989, 35.250541299 ], [ 139.13568365, 35.250568678 ], [ 139.135730575999986, 35.250589943 ], [ 139.13578855899999, 35.250616194 ], [ 139.135845751, 35.250641977 ], [ 139.135879144, 35.250656939 ], [ 139.135935095, 35.250682251 ], [ 139.135977061, 35.250701164 ], [ 139.136003119, 35.250712833 ], [ 139.13603989399999, 35.250729395 ], [ 139.136059297, 35.250738146 ], [ 139.13607509, 35.250745389 ], [ 139.136092573000013, 35.250753293 ], [ 139.136134763, 35.250772486 ], [ 139.136172439, 35.250789703 ], [ 139.136225908, 35.250813978 ], [ 139.136250596, 35.250826237 ], [ 139.136294808, 35.250848187 ], [ 139.136409377, 35.250904956 ], [ 139.13643000799999, 35.250917935 ], [ 139.136477523, 35.250894098 ], [ 139.136530528, 35.250874217 ], [ 139.136536497, 35.250871978 ], [ 139.136589144, 35.250860226 ], [ 139.136609437, 35.250860407 ], [ 139.136640073, 35.250860684 ], [ 139.136667437, 35.250862658 ], [ 139.136682882, 35.250869187 ], [ 139.13669242899999, 35.250877553 ], [ 139.136697868999988, 35.25088232 ], [ 139.136710838, 35.250895936 ], [ 139.136717318, 35.25091513 ], [ 139.136718121, 35.250938916 ], [ 139.136716716, 35.250955877 ], [ 139.136705584, 35.25109023 ], [ 139.136711049000013, 35.251108689 ], [ 139.136727269, 35.25113282 ], [ 139.13672822, 35.251134235 ], [ 139.136753464, 35.25115455 ], [ 139.136779768, 35.251169751 ], [ 139.136806025, 35.251175806 ], [ 139.136866063000014, 35.251179183 ], [ 139.136913249, 35.251181126 ], [ 139.136997718, 35.251184521 ], [ 139.13702819299999, 35.251186159 ], [ 139.13704540399999, 35.25118995 ], [ 139.137063359, 35.251195837 ], [ 139.13707746899999, 35.251204418 ], [ 139.137095311, 35.251220847 ], [ 139.137118856, 35.251257396 ], [ 139.137153073, 35.251334757 ], [ 139.137167955, 35.251360234 ], [ 139.137177759999986, 35.251378869 ], [ 139.137195757, 35.251393216 ], [ 139.137218394, 35.251403595 ], [ 139.137233508, 35.251410526 ], [ 139.137275065000011, 35.25142439 ], [ 139.13734224, 35.251443727 ], [ 139.137403092999989, 35.251461168 ], [ 139.137416272, 35.251464096 ], [ 139.137484926000013, 35.251479351 ], [ 139.137490504, 35.251480373 ], [ 139.137607344, 35.251501234 ], [ 139.137639611, 35.251506622 ], [ 139.13771666299999, 35.251518955 ], [ 139.13776417, 35.251525421 ], [ 139.137841388999988, 35.251535898 ], [ 139.137917347000013, 35.251552436 ], [ 139.137940557, 35.251557524 ], [ 139.138022076, 35.251572574 ], [ 139.138066528, 35.251577427 ], [ 139.138088764, 35.251578808 ], [ 139.138126797000012, 35.251579583 ], [ 139.13815672199999, 35.25157516 ], [ 139.138184308, 35.251566541 ], [ 139.13819813, 35.251558819 ], [ 139.138243536, 35.251531497 ], [ 139.13826848299999, 35.251515756 ], [ 139.138277829, 35.251509903 ], [ 139.13828288900001, 35.251507557 ] ] ] } },
{ "type": "Feature", "properties": { "A29_001": "14206", "A29_002": "神奈川県", "A29_003": "小田原市", "A29_004": 3, "A29_005": "第一種中高層住居専用地域", "A29_006": 60, "A29_007": 150, "A29_008": null }, "geometry": { "type": "Polygon", "coordinates": [ [ [ 139.131917955, 35.247349811 ], [ 139.131563926000013, 35.247179691 ], [ 139.130473956, 35.246798855 ], [ 139.13010019, 35.246723902 ], [ 139.129772414, 35.246772036 ], [ 139.129654278, 35.246760568 ], [ 139.129124039, 35.246636334 ], [ 139.128979633, 35.246624711 ], [ 139.128782605, 35.24662086 ], [ 139.128546975, 35.246593996 ], [ 139.127509261, 35.246080372 ], [ 139.127363064, 35.245918075 ], [ 139.127238268000013, 35.245743807 ], [ 139.127103100999989, 35.245433455 ], [ 139.127047811000011, 35.245371134 ], [ 139.12686854399999, 35.245213727 ], [ 139.12670899, 35.245109521 ], [ 139.12621579399999, 35.244837388 ], [ 139.12590554, 35.244636083 ], [ 139.125830549999989, 35.244573645 ], [ 139.125631535, 35.244467827 ], [ 139.12557318099999, 35.244621646 ], [ 139.12542636, 35.244854334 ], [ 139.125500432, 35.244928548 ], [ 139.12555389900001, 35.245028602 ], [ 139.125437088000012, 35.24512812 ], [ 139.125507285, 35.24520077 ], [ 139.12555155699999, 35.245294407 ], [ 139.125644279, 35.245245615 ], [ 139.125640256999986, 35.245213879 ], [ 139.12568425, 35.245215687 ], [ 139.125790220999988, 35.245244431 ], [ 139.12584137499999, 35.245287015 ], [ 139.125836334000013, 35.245303067 ], [ 139.12580549099999, 35.24532196 ], [ 139.125776608, 35.245328922 ], [ 139.125738875, 35.245330378 ], [ 139.125720636000011, 35.245347976 ], [ 139.12571367699999, 35.245407842 ], [ 139.125699328, 35.245434107 ], [ 139.125677824, 35.245439263 ], [ 139.125640436999987, 35.245437368 ], [ 139.12547785699999, 35.245372985 ], [ 139.125430838, 35.245351662 ], [ 139.12531287600001, 35.245335891 ], [ 139.125296389999988, 35.245345305 ], [ 139.125418669999988, 35.245511528 ], [ 139.125410046000013, 35.245758979 ], [ 139.125590124000013, 35.245958155 ], [ 139.125612249999989, 35.245973833 ], [ 139.125648426, 35.245981148 ], [ 139.12566877099999, 35.246109285 ], [ 139.125644711, 35.246141758 ], [ 139.125638011, 35.246171672 ], [ 139.125707513, 35.246322129 ], [ 139.125689693999988, 35.246387449 ], [ 139.12577198599999, 35.246551789 ], [ 139.125574546, 35.246667152 ], [ 139.12561574099999, 35.246717718 ], [ 139.125733814, 35.246671715 ], [ 139.125796060999988, 35.246758003 ], [ 139.125902489, 35.246843086 ], [ 139.12591397, 35.246893949 ], [ 139.126041665, 35.247015205 ], [ 139.126066122, 35.247046442 ], [ 139.126055603999987, 35.247079025 ], [ 139.126009444, 35.247186393 ], [ 139.125966256999988, 35.247247092 ], [ 139.12593326699999, 35.247279692 ], [ 139.126018566999988, 35.247415779 ], [ 139.126006835, 35.247440135 ], [ 139.125906074999989, 35.247633268 ], [ 139.126085786, 35.247718367 ], [ 139.12615470899999, 35.247691457 ], [ 139.12617823, 35.247702168 ], [ 139.126188842, 35.247716328 ], [ 139.126165, 35.247742618 ], [ 139.12623109099999, 35.247778385 ], [ 139.12628081599999, 35.247785751 ], [ 139.126374983, 35.247697467 ], [ 139.126439416000011, 35.247759933 ], [ 139.126535413, 35.247829208 ], [ 139.126605617, 35.247878808 ], [ 139.126703725, 35.247951621 ], [ 139.12683021699999, 35.247999188 ], [ 139.126988466, 35.248073387 ], [ 139.126975827, 35.248244726 ], [ 139.12699476, 35.248276368 ], [ 139.12711407399999, 35.248359823 ], [ 139.127278996, 35.248409823 ], [ 139.127450825000011, 35.24852708 ], [ 139.127675912, 35.248593421 ], [ 139.12774352299999, 35.248603641 ], [ 139.127844157, 35.248572921 ], [ 139.127892335000013, 35.248572373 ], [ 139.128135576, 35.248751441 ], [ 139.128383845, 35.248825379 ], [ 139.12852762899999, 35.248911888 ], [ 139.128598813, 35.249037526 ], [ 139.128585378, 35.249137378 ], [ 139.12884157, 35.249224549 ], [ 139.12904975699999, 35.249392089 ], [ 139.129101283000011, 35.249391798 ], [ 139.12919037899999, 35.249279294 ], [ 139.129314771999987, 35.249286616 ], [ 139.129365189, 35.249380494 ], [ 139.129451073000013, 35.249415148 ], [ 139.12950886499999, 35.249357533 ], [ 139.129592710999987, 35.249343192 ], [ 139.129677460000011, 35.249415104 ], [ 139.129958996, 35.24948541 ], [ 139.130346051, 35.249530783 ], [ 139.13043072100001, 35.249398073 ], [ 139.130488076, 35.249214076 ], [ 139.130577042999988, 35.248840524 ], [ 139.130649917999989, 35.24876549 ], [ 139.130874530999989, 35.248610489 ], [ 139.130955226, 35.24855872 ], [ 139.131122834, 35.248540826 ], [ 139.131224816000014, 35.248509138 ], [ 139.131417332000012, 35.248418987 ], [ 139.131506503999987, 35.248357523 ], [ 139.131544342000012, 35.248295833 ], [ 139.131529317, 35.248268298 ], [ 139.13150382399999, 35.248247941 ], [ 139.13166897799999, 35.248093837 ], [ 139.13172921899999, 35.24798882 ], [ 139.131847009000012, 35.247690846 ], [ 139.131917955, 35.247349811 ] ] ] } },
{ "type": "Feature", "properties": { "A29_001": "14206", "A29_002": "神奈川県", "A29_003": "小田原市", "A29_004": 3, "A29_005": "第一種中高層住居専用地域", "A29_006": 60, "A29_007": 200, "A29_008": null }, "geometry": { "type": "Polygon", "coordinates": [ [ [ 139.157526749999988, 35.248680665 ], [ 139.15754375, 35.248066039 ], [ 139.15652429799999, 35.247731686 ], [ 139.155911260000011, 35.247706135 ], [ 139.155206857, 35.247719831 ], [ 139.155196088, 35.24766446 ], [ 139.154213929, 35.247653453 ], [ 139.153387778, 35.247582615 ], [ 139.152964438999987, 35.247513071 ], [ 139.152394496999989, 35.247437959 ], [ 139.1516968, 35.247303137 ], [ 139.15163519, 35.247342398 ], [ 139.151462982, 35.247444568 ], [ 139.151453395, 35.247531798 ], [ 139.151476471, 35.247597389 ], [ 139.15154037799999, 35.247726246 ], [ 139.151547012, 35.247824943 ], [ 139.151464481, 35.248156631 ], [ 139.151472598, 35.248246386 ], [ 139.151575079, 35.248353637 ], [ 139.151855054, 35.248416681 ], [ 139.15221801199999, 35.248423475 ], [ 139.152282914000011, 35.248433539 ], [ 139.152380165000011, 35.24846076 ], [ 139.152763885000013, 35.248595958 ], [ 139.152849323999988, 35.248623102 ], [ 139.152922859, 35.248659888 ], [ 139.152987321000012, 35.248713488 ], [ 139.15324436, 35.249211306 ], [ 139.153315447000011, 35.249187457 ], [ 139.15341012799999, 35.2491686 ], [ 139.153828938, 35.24917088 ], [ 139.15522445, 35.248892887 ], [ 139.155570934, 35.248718133 ], [ 139.155689319, 35.248689698 ], [ 139.157526749999988, 35.248680665 ] ] ] } },
{ "type": "Feature", "properties": { "A29_001": "14206", "A29_002": "神奈川県", "A29_003": "小田原市", "A29_004": 8, "A29_005": "近隣商業地域", "A29_006": 80, "A29_007": 300, "A29_008": null }, "geometry": { "type": "Polygon", "coordinates": [ [ [ 139.15785108099999, 35.247292898 ], [ 139.15748227899999, 35.247167237 ], [ 139.157162422, 35.247079672 ], [ 139.156808321999989, 35.246999287 ], [ 139.15656406, 35.246964065 ], [ 139.156082685, 35.246923107 ], [ 139.155716501, 35.24691124 ], [ 139.15526857099999, 35.246910363 ], [ 139.155221004, 35.246910268 ], [ 139.154928638, 35.246899876 ], [ 139.154645656000014, 35.246886842 ], [ 139.154304415000013, 35.246867098 ], [ 139.154015324, 35.246840858 ], [ 139.15320515, 35.246728822 ], [ 139.152179757, 35.246583354 ], [ 139.150799932000012, 35.246386823 ], [ 139.150580961, 35.246356536 ], [ 139.150574498, 35.246355435 ], [ 139.149779658, 35.24622037 ], [ 139.148933889, 35.246046225 ], [ 139.147578385, 35.245757272 ], [ 139.146654129000012, 35.245568539 ], [ 139.146523406999989, 35.245383205 ], [ 139.14645359, 35.245281373 ], [ 139.146215552, 35.244934176 ], [ 139.145857674000013, 35.245023889 ], [ 139.145661905999987, 35.245070101 ], [ 139.144957414, 35.245224231 ], [ 139.144480698, 35.245330833 ], [ 139.143946505, 35.245455252 ], [ 139.143653822, 35.245514141 ], [ 139.143688973, 35.245633608 ], [ 139.14374915499999, 35.245843137 ], [ 139.143791252999989, 35.245837625 ], [ 139.143857028000014, 35.246191306 ], [ 139.143890144000011, 35.246185095 ], [ 139.143955514999988, 35.246174417 ], [ 139.144021056000014, 35.24616445 ], [ 139.144086754999989, 35.246155197 ], [ 139.144152592000012, 35.246146648 ], [ 139.144218564999989, 35.246138821 ], [ 139.144284653, 35.246131697 ], [ 139.144350855999988, 35.246125296 ], [ 139.144417151999988, 35.246119616 ], [ 139.144483529000013, 35.246114648 ], [ 139.14454998799999, 35.246110403 ], [ 139.144616508000013, 35.246106868 ], [ 139.144683076, 35.246104056 ], [ 139.144749682, 35.246101965 ], [ 139.14480532499999, 35.246100786 ], [ 139.144871908, 35.246100011 ], [ 139.144938486, 35.246099966 ], [ 139.145005067999989, 35.246100642 ], [ 139.145071623, 35.24610203 ], [ 139.145138159999988, 35.246104149 ], [ 139.145204648, 35.246106978 ], [ 139.145271095999988, 35.246110538 ], [ 139.14533747199999, 35.246114809 ], [ 139.14540377599999, 35.246119801 ], [ 139.14546999800001, 35.246125514 ], [ 139.145536114, 35.246131939 ], [ 139.145602126, 35.246139083 ], [ 139.145668021, 35.246146939 ], [ 139.145733779000011, 35.246155507 ], [ 139.145799388, 35.246164786 ], [ 139.145864848, 35.246174777 ], [ 139.14593014799999, 35.246185477 ], [ 139.14599525599999, 35.24619688 ], [ 139.146060181, 35.246208994 ], [ 139.146124914000012, 35.246221802 ], [ 139.14618942199999, 35.24623531 ], [ 139.147357465999988, 35.246473862 ], [ 139.148712378, 35.246762686 ], [ 139.149114360999988, 35.246847665 ], [ 139.149471384, 35.246915359 ], [ 139.149544596999988, 35.247033299 ], [ 139.149617811000013, 35.24715123 ], [ 139.14977507099999, 35.247090291 ], [ 139.149852814000013, 35.247193572 ], [ 139.150535018999989, 35.2472962 ], [ 139.150954718, 35.247296287 ], [ 139.15154472399999, 35.247312079 ], [ 139.1516968, 35.247303137 ], [ 139.152394496999989, 35.247437959 ], [ 139.152964438999987, 35.247513071 ], [ 139.153387778, 35.247582615 ], [ 139.154213929, 35.247653453 ], [ 139.155196088, 35.24766446 ], [ 139.155206857, 35.247719831 ], [ 139.155911260000011, 35.247706135 ], [ 139.15652429799999, 35.247731686 ], [ 139.15754375, 35.248066039 ], [ 139.15785108099999, 35.247292898 ] ] ] } },
{ "type": "Feature", "properties": { "A29_001": "14206", "A29_002": "神奈川県", "A29_003": "小田原市", "A29_004": 5, "A29_005": "第一種住居地域", "A29_006": 60, "A29_007": 200, "A29_008": null }, "geometry": { "type": "Polygon", "coordinates": [ [ [ 139.132743161, 35.247042424 ], [ 139.13286939599999, 35.247006558 ], [ 139.13291885699999, 35.247004952 ], [ 139.132991299, 35.247001465 ], [ 139.133051555, 35.246996947 ], [ 139.133127357, 35.246986028 ], [ 139.133315880999987, 35.246951693 ], [ 139.134801485, 35.246657972 ], [ 139.134934627, 35.246636475 ], [ 139.135053269999986, 35.246627215 ], [ 139.135141971, 35.24662403 ], [ 139.13526799499999, 35.246625298 ], [ 139.136343900000014, 35.246735162 ], [ 139.136429783000011, 35.246740435 ], [ 139.13655107400001, 35.246742665 ], [ 139.136641426000011, 35.24673949 ], [ 139.137517984, 35.24671064 ], [ 139.137608387, 35.246713954 ], [ 139.137709077000011, 35.246722375 ], [ 139.137892768, 35.246751915 ], [ 139.13936439599999, 35.247025829 ], [ 139.139471957000012, 35.247040418 ], [ 139.139551903000012, 35.247046105 ], [ 139.139742645000013, 35.24704783 ], [ 139.13989800499999, 35.24703655 ], [ 139.14000075199999, 35.247022987 ], [ 139.140186910000011, 35.246982137 ], [ 139.140306027, 35.24694166 ], [ 139.140112175000013, 35.24690184 ], [ 139.140055604, 35.246781908 ], [ 139.139969193000013, 35.2467766 ], [ 139.13971666, 35.246785824 ], [ 139.13969717, 35.246786605 ], [ 139.13931908399999, 35.246788387 ], [ 139.138856749000013, 35.24672303 ], [ 139.13778887699999, 35.246578066 ], [ 139.13762563099999, 35.246560632 ], [ 139.137501616, 35.246555592 ], [ 139.137390294999989, 35.246556665 ], [ 139.137038525, 35.246573931 ], [ 139.136861915, 35.246577693 ], [ 139.13669104600001, 35.246577791 ], [ 139.136575717, 35.246572259 ], [ 139.136475235, 35.246565371 ], [ 139.135786618999987, 35.246499386 ], [ 139.13541712, 35.246457053 ], [ 139.135298213, 35.246445821 ], [ 139.13521221, 35.246441809 ], [ 139.135145384, 35.246444038 ], [ 139.135041351000012, 35.246453713 ], [ 139.133213899999987, 35.246837614 ], [ 139.132938661, 35.246848822 ], [ 139.13273256299999, 35.24661025 ], [ 139.132246046, 35.246189221 ], [ 139.132068218, 35.246128779 ], [ 139.131917781999988, 35.24605318 ], [ 139.130701891, 35.245371599 ], [ 139.12975931, 35.244824093 ], [ 139.129187777, 35.244430511 ], [ 139.127935830000013, 35.243558448 ], [ 139.12791051100001, 35.243587849 ], [ 139.12778423099999, 35.243511565 ], [ 139.127441414, 35.243361536 ], [ 139.127254402, 35.243316005 ], [ 139.127163252, 35.243264738 ], [ 139.12718292, 35.243250243 ], [ 139.127038714, 35.24313218 ], [ 139.12699677, 35.243106953 ], [ 139.126864059000013, 35.243013939 ], [ 139.12670782699999, 35.242932317 ], [ 139.126704773, 35.242930628 ], [ 139.126215941, 35.24266041 ], [ 139.125803244, 35.24244085 ], [ 139.12559169, 35.24234558 ], [ 139.125509255999987, 35.242308458 ], [ 139.12541374599999, 35.242264253 ], [ 139.12516863799999, 35.242150811 ], [ 139.124968902, 35.242062205 ], [ 139.124752596, 35.24193949 ], [ 139.12470221800001, 35.241914598 ], [ 139.12462212599999, 35.241858785 ], [ 139.124400415, 35.241711439 ], [ 139.124398235, 35.24170989 ], [ 139.124247700000012, 35.241602932 ], [ 139.124121338, 35.241480742 ], [ 139.124089699, 35.241455959 ], [ 139.123985784000013, 35.241338667 ], [ 139.123701661000013, 35.241293787 ], [ 139.123483289, 35.241288104 ], [ 139.123353963999989, 35.241251574 ], [ 139.123164910000014, 35.241243154 ], [ 139.123019408, 35.24107104 ], [ 139.122981951000014, 35.241044652 ], [ 139.122889496, 35.240996344 ], [ 139.12254206099999, 35.240909535 ], [ 139.122276957999986, 35.240789838 ], [ 139.122049062, 35.240654632 ], [ 139.122048645, 35.240654384 ], [ 139.122061693, 35.240619243 ], [ 139.12206210299999, 35.240618135 ], [ 139.121929064, 35.240550858 ], [ 139.121826723999988, 35.240480166 ], [ 139.121503012, 35.240172742 ], [ 139.121374874, 35.240046185 ], [ 139.121309959, 35.239967525 ], [ 139.121171787, 35.239741556 ], [ 139.121166606, 35.239743683 ], [ 139.12110486200001, 35.239769043 ], [ 139.12107618499999, 35.23978222 ], [ 139.12100818499999, 35.239813465 ], [ 139.120909468, 35.23987089 ], [ 139.120882927, 35.239904686 ], [ 139.120860324, 35.239933466 ], [ 139.120860814, 35.239934135 ], [ 139.12095316599999, 35.240060462 ], [ 139.120952953, 35.240061496 ], [ 139.120944009, 35.240104921 ], [ 139.12081362, 35.240197687 ], [ 139.120808759, 35.240193919 ], [ 139.120621539000012, 35.240038859 ], [ 139.120614796000012, 35.240033376 ], [ 139.120609553, 35.240029113 ], [ 139.120609406999989, 35.240028994 ], [ 139.120516009, 35.240095045 ], [ 139.119781872, 35.239715579 ], [ 139.119630816000011, 35.239637497 ], [ 139.11941414399999, 35.239525501 ], [ 139.119269003999989, 35.239610964 ], [ 139.119168532, 35.239679311 ], [ 139.119141176999989, 35.239701378 ], [ 139.119438881, 35.239870121 ], [ 139.11967530699999, 35.240002888 ], [ 139.11983553799999, 35.240092875 ], [ 139.120108249999987, 35.240246487 ], [ 139.120156519, 35.240364271 ], [ 139.120190473, 35.240612487 ], [ 139.120453852, 35.24088979 ], [ 139.120785133999988, 35.241211454 ], [ 139.120999704000013, 35.241460723 ], [ 139.121068092, 35.24152582 ], [ 139.12172635499999, 35.242079159 ], [ 139.121892016, 35.242242486 ], [ 139.122161782, 35.242564867 ], [ 139.12247203699999, 35.242881274 ], [ 139.122570090000011, 35.242935763 ], [ 139.12296640400001, 35.243056698 ], [ 139.123799442, 35.243478957 ], [ 139.12407473799999, 35.243520837 ], [ 139.124779233999988, 35.243937406 ], [ 139.12528185, 35.244298877 ], [ 139.125631535, 35.244467827 ], [ 139.125830549999989, 35.244573645 ], [ 139.12590554, 35.244636083 ], [ 139.12621579399999, 35.244837388 ], [ 139.12670899, 35.245109521 ], [ 139.12686854399999, 35.245213727 ], [ 139.127047811000011, 35.245371134 ], [ 139.127103100999989, 35.245433455 ], [ 139.127238268000013, 35.245743807 ], [ 139.127363064, 35.245918075 ], [ 139.127509261, 35.246080372 ], [ 139.128546975, 35.246593996 ], [ 139.128782605, 35.24662086 ], [ 139.128979633, 35.246624711 ], [ 139.129124039, 35.246636334 ], [ 139.129654278, 35.246760568 ], [ 139.129772414, 35.246772036 ], [ 139.13010019, 35.246723902 ], [ 139.130473956, 35.246798855 ], [ 139.131563926000013, 35.247179691 ], [ 139.131917955, 35.247349811 ], [ 139.131946160000012, 35.247363136 ], [ 139.132082485000012, 35.247357963 ], [ 139.132171684000014, 35.247339102 ], [ 139.132282879, 35.247298009 ], [ 139.13256185, 35.247158079 ], [ 139.132676659, 35.247096185 ], [ 139.13271159199999, 35.247071959 ], [ 139.132743161, 35.247042424 ] ] ] } },
{ "type": "Feature", "properties": { "A29_001": "14206", "A29_002": "神奈川県", "A29_003": "小田原市", "A29_004": 8, "A29_005": "近隣商業地域", "A29_006": 80, "A29_007": 200, "A29_008": null }, "geometry": { "type": "Polygon", "coordinates": [ [ [ 139.14799487, 35.247433622 ], [ 139.148059061999987, 35.247411483 ], [ 139.14807575399999, 35.247410236 ], [ 139.148111402000012, 35.247410706 ], [ 139.14815912899999, 35.24741366 ], [ 139.14830046899999, 35.247437182 ], [ 139.148688719, 35.247178465 ], [ 139.148717194, 35.247160179 ], [ 139.148723009, 35.247157447 ], [ 139.148758141, 35.247140928 ], [ 139.148800763999986, 35.247125057 ], [ 139.148834504, 35.247116863 ], [ 139.148895178, 35.247111205 ], [ 139.149125505, 35.247093846 ], [ 139.149232923999989, 35.247094536 ], [ 139.14936069800001, 35.247105698 ], [ 139.14937572, 35.247108116 ], [ 139.14952619799999, 35.247123688 ], [ 139.149530813000013, 35.247129384 ], [ 139.149545181, 35.247147114 ], [ 139.14954666, 35.247149333 ], [ 139.149562277, 35.247172751 ], [ 139.14956276, 35.247173474 ], [ 139.149617811000013, 35.24715123 ], [ 139.149544596999988, 35.247033299 ], [ 139.149471384, 35.246915359 ], [ 139.149114360999988, 35.246847665 ], [ 139.148712378, 35.246762686 ], [ 139.147357465999988, 35.246473862 ], [ 139.14618942199999, 35.24623531 ], [ 139.146124914000012, 35.246221802 ], [ 139.146060181, 35.246208994 ], [ 139.14599525599999, 35.24619688 ], [ 139.14593014799999, 35.246185477 ], [ 139.145864848, 35.246174777 ], [ 139.145799388, 35.246164786 ], [ 139.145733779000011, 35.246155507 ], [ 139.145668021, 35.246146939 ], [ 139.145602126, 35.246139083 ], [ 139.145536114, 35.246131939 ], [ 139.14546999800001, 35.246125514 ], [ 139.14540377599999, 35.246119801 ], [ 139.14533747199999, 35.246114809 ], [ 139.145271095999988, 35.246110538 ], [ 139.145204648, 35.246106978 ], [ 139.145138159999988, 35.246104149 ], [ 139.145071623, 35.24610203 ], [ 139.145005067999989, 35.246100642 ], [ 139.144938486, 35.246099966 ], [ 139.144871908, 35.246100011 ], [ 139.14480532499999, 35.246100786 ], [ 139.144749682, 35.246101965 ], [ 139.144683076, 35.246104056 ], [ 139.144616508000013, 35.246106868 ], [ 139.14454998799999, 35.246110403 ], [ 139.144483529000013, 35.246114648 ], [ 139.144417151999988, 35.246119616 ], [ 139.144350855999988, 35.246125296 ], [ 139.144284653, 35.246131697 ], [ 139.144218564999989, 35.246138821 ], [ 139.144152592000012, 35.246146648 ], [ 139.144086754999989, 35.246155197 ], [ 139.144021056000014, 35.24616445 ], [ 139.143955514999988, 35.246174417 ], [ 139.143890144000011, 35.246185095 ], [ 139.143857028000014, 35.246191306 ], [ 139.143791252999989, 35.245837625 ], [ 139.14374915499999, 35.245843137 ], [ 139.143688973, 35.245633608 ], [ 139.143653822, 35.245514141 ], [ 139.143627751, 35.245425529 ], [ 139.143381643, 35.245126829 ], [ 139.14293229, 35.24537943 ], [ 139.14247916299999, 35.245649162 ], [ 139.141907413000013, 35.245964366 ], [ 139.141814720000013, 35.246010801 ], [ 139.141479190000013, 35.246173121 ], [ 139.14122598099999, 35.246281645 ], [ 139.140640286, 35.246504279 ], [ 139.140459289, 35.24655841 ], [ 139.140399183, 35.246571316 ], [ 139.140359319, 35.246581454 ], [ 139.140045871000012, 35.246653395 ], [ 139.139724102, 35.246709151 ], [ 139.138856749000013, 35.24672303 ], [ 139.13931908399999, 35.246788387 ], [ 139.13969717, 35.246786605 ], [ 139.13971666, 35.246785824 ], [ 139.139969193000013, 35.2467766 ], [ 139.140055604, 35.246781908 ], [ 139.140112175000013, 35.24690184 ], [ 139.140306027, 35.24694166 ], [ 139.140321513, 35.246945455 ], [ 139.140353850999986, 35.246953445 ], [ 139.14037973399999, 35.246957176 ], [ 139.140468782999989, 35.246970014 ], [ 139.140581129, 35.2469938 ], [ 139.140694961, 35.247017595 ], [ 139.140775886, 35.247034867 ], [ 139.140826253, 35.247048554 ], [ 139.14085466200001, 35.247060166 ], [ 139.140863472, 35.247065202 ], [ 139.14086731899999, 35.247067401 ], [ 139.140889534, 35.247080099 ], [ 139.14093648, 35.247112037 ], [ 139.140957415, 35.247129696 ], [ 139.140971858, 35.247147969 ], [ 139.140979402, 35.247157512 ], [ 139.140988558, 35.247169096 ], [ 139.141008328999987, 35.247183826 ], [ 139.141034291000011, 35.247203951 ], [ 139.141058812000011, 35.247218951 ], [ 139.14105960399999, 35.247219324 ], [ 139.14107206, 35.247225194 ], [ 139.141160856, 35.247267039 ], [ 139.14122653199999, 35.247296404 ], [ 139.141386828, 35.247373815 ], [ 139.141496816, 35.247430718 ], [ 139.141564819, 35.247465944 ], [ 139.141663271999988, 35.247517421 ], [ 139.141704108, 35.247534463 ], [ 139.14179554099999, 35.247573994 ], [ 139.141813151, 35.247579727 ], [ 139.141819819, 35.247581898 ], [ 139.141862798, 35.247588749 ], [ 139.141865786000011, 35.247589226 ], [ 139.141869219, 35.247589314 ], [ 139.141890131999986, 35.247589852 ], [ 139.141911803, 35.247590707 ], [ 139.141991163, 35.247587787 ], [ 139.141996096000014, 35.247587081 ], [ 139.14201103900001, 35.24758494 ], [ 139.142033343, 35.247581169 ], [ 139.14202532199999, 35.247721444 ], [ 139.14201615799999, 35.247821516 ], [ 139.142003765, 35.247952022 ], [ 139.142199764, 35.247951922 ], [ 139.14236164799999, 35.247947488 ], [ 139.14240393099999, 35.247945231 ], [ 139.14243290499999, 35.247942839 ], [ 139.142495340000011, 35.247934424 ], [ 139.14250582599999, 35.247932292 ], [ 139.142625399, 35.247909588 ], [ 139.142703039999986, 35.247893953 ], [ 139.142858706, 35.24786981 ], [ 139.143065554, 35.247838102 ], [ 139.14317060499999, 35.247820613 ], [ 139.143319827999989, 35.247795962 ], [ 139.14336197, 35.247789 ], [ 139.143462097, 35.247771772 ], [ 139.143488483, 35.247765109 ], [ 139.14354646699999, 35.247750465 ], [ 139.14369006199999, 35.247718498 ], [ 139.143811391000014, 35.247697093 ], [ 139.143917640000012, 35.247681152 ], [ 139.14397412400001, 35.247676051 ], [ 139.144009125, 35.24767289 ], [ 139.14404842799999, 35.247677019 ], [ 139.144064745, 35.247679819 ], [ 139.144149384, 35.247694346 ], [ 139.14418577699999, 35.247701953 ], [ 139.144232948, 35.247709108 ], [ 139.144322213, 35.247719044 ], [ 139.14436228400001, 35.247721465 ], [ 139.144383987999987, 35.247718421 ], [ 139.144489674, 35.247687354 ], [ 139.144537391, 35.247669022 ], [ 139.144605272, 35.247642943 ], [ 139.144680324, 35.247617304 ], [ 139.14503417099999, 35.247542048 ], [ 139.145079431999989, 35.247532422 ], [ 139.145227318, 35.247500195 ], [ 139.145414243, 35.2474551 ], [ 139.14542652099999, 35.247452137 ], [ 139.145754477999986, 35.247373618 ], [ 139.145772126999987, 35.247369546 ], [ 139.146015635, 35.247313361 ], [ 139.146329731, 35.247237525 ], [ 139.146480674, 35.247199225 ], [ 139.146519078000011, 35.247188865 ], [ 139.14651985099999, 35.247188656 ], [ 139.146606518999988, 35.24716346 ], [ 139.146615551, 35.247160834 ], [ 139.146725601000014, 35.247124845 ], [ 139.146899928000011, 35.247065634 ], [ 139.14708717, 35.246980913 ], [ 139.147216359, 35.246896931 ], [ 139.14725791399999, 35.246871884 ], [ 139.147332395, 35.246832342 ], [ 139.147506381999989, 35.246778843 ], [ 139.14774900899999, 35.247102979 ], [ 139.14799487, 35.247433622 ] ] ] } },
{ "type": "Feature", "properties": { "A29_001": "14206", "A29_002": "神奈川県", "A29_003": "小田原市", "A29_004": 1, "A29_005": "第一種低層住居専用地域", "A29_006": 60, "A29_007": 150, "A29_008": null }, "geometry": { "type": "Polygon", "coordinates": [ [ [ 139.15526857099999, 35.246910363 ], [ 139.15527450799999, 35.246058703 ], [ 139.15527451599999, 35.246056467 ], [ 139.15527864500001, 35.245223979 ], [ 139.155314147000013, 35.244350111 ], [ 139.155210168, 35.244317149 ], [ 139.155179094, 35.244298695 ], [ 139.155186444, 35.244120652 ], [ 139.155066928999986, 35.24401513 ], [ 139.154906743, 35.243907549 ], [ 139.154670798000012, 35.243774584 ], [ 139.154377646, 35.243625233 ], [ 139.15400948199999, 35.24342829 ], [ 139.152937173, 35.242820463 ], [ 139.152380717, 35.242433321 ], [ 139.152072436999987, 35.242219122 ], [ 139.151790161, 35.242009396 ], [ 139.151763695, 35.241993256 ], [ 139.15173102599999, 35.241983184 ], [ 139.151653654, 35.241975005 ], [ 139.151673022000011, 35.242360045 ], [ 139.15165895199999, 35.24288066 ], [ 139.15167015, 35.243294022 ], [ 139.151422429, 35.24330211 ], [ 139.151171793, 35.243327641 ], [ 139.151182503, 35.243574617 ], [ 139.151195210999987, 35.243867739 ], [ 139.151094875000013, 35.243953736 ], [ 139.150663114, 35.243967337 ], [ 139.15064783599999, 35.244207794 ], [ 139.150623335, 35.245102879 ], [ 139.150574498, 35.246355435 ], [ 139.150580961, 35.246356536 ], [ 139.150799932000012, 35.246386823 ], [ 139.152179757, 35.246583354 ], [ 139.15320515, 35.246728822 ], [ 139.154015324, 35.246840858 ], [ 139.154304415000013, 35.246867098 ], [ 139.154645656000014, 35.246886842 ], [ 139.154928638, 35.246899876 ], [ 139.155221004, 35.246910268 ], [ 139.15526857099999, 35.246910363 ] ] ] } },
{ "type": "Feature", "properties": { "A29_001": "14206", "A29_002": "神奈川県", "A29_003": "小田原市", "A29_004": 8, "A29_005": "近隣商業地域", "A29_006": 80, "A29_007": 200, "A29_008": null }, "geometry": { "type": "Polygon", "coordinates": [ [ [ 139.146215552, 35.244934176 ], [ 139.14645359, 35.245281373 ], [ 139.146523406999989, 35.245383205 ], [ 139.146654129000012, 35.245568539 ], [ 139.147578385, 35.245757272 ], [ 139.148933889, 35.246046225 ], [ 139.148899500999988, 35.245989509 ], [ 139.148768189, 35.24578072 ], [ 139.14865005199999, 35.245586428 ], [ 139.14855830799999, 35.245454933 ], [ 139.14846689, 35.245350122 ], [ 139.148356127999989, 35.245245922 ], [ 139.148271093, 35.245179097 ], [ 139.148126112, 35.245080382 ], [ 139.148018724999986, 35.245019199 ], [ 139.147798470999987, 35.24492114 ], [ 139.147647565999989, 35.244873682 ], [ 139.14756742, 35.244852766 ], [ 139.147375654, 35.244816704 ], [ 139.147272694, 35.244803951 ], [ 139.14715035099999, 35.244796407 ], [ 139.147043336, 35.244795529 ], [ 139.146898341, 35.24480309 ], [ 139.14676051699999, 35.244820247 ], [ 139.14657320399999, 35.244855511 ], [ 139.146350649, 35.24490031 ], [ 139.146215552, 35.244934176 ] ] ] } },
{ "type": "Feature", "properties": { "A29_001": "14206", "A29_002": "神奈川県", "A29_003": "小田原市", "A29_004": 5, "A29_005": "第一種住居地域", "A29_006": 60, "A29_007": 200, "A29_008": null }, "geometry": { "type": "Polygon", "coordinates": [ [ [ 139.146795610999988, 35.24242195 ], [ 139.146379446999987, 35.241698186 ], [ 139.146220735000014, 35.241400782 ], [ 139.146133507, 35.241205239 ], [ 139.145814679000011, 35.240517045 ], [ 139.14521997599999, 35.239238297 ], [ 139.145071868, 35.238922292 ], [ 139.145038166, 35.238843479 ], [ 139.145002586, 35.238735927 ], [ 139.144981660000013, 35.238665146 ], [ 139.144965826, 35.23857953 ], [ 139.144949446, 35.238480506 ], [ 139.14493851099999, 35.238348197 ], [ 139.144939448, 35.238295848 ], [ 139.144941023, 35.2382343 ], [ 139.144953093999987, 35.238133329 ], [ 139.145008235, 35.237958145 ], [ 139.14503639, 35.237900146 ], [ 139.145082876, 35.237798713 ], [ 139.145103987, 35.237761703 ], [ 139.14532659599999, 35.2374507 ], [ 139.1453546, 35.237411864 ], [ 139.145548875, 35.237144671 ], [ 139.145845653, 35.236880502 ], [ 139.145931979000011, 35.236817785 ], [ 139.14533702, 35.236252705 ], [ 139.1452668, 35.236181536 ], [ 139.145124632, 35.236009774 ], [ 139.14496039799999, 35.2357839 ], [ 139.144914199, 35.235703159 ], [ 139.144595538, 35.23529396 ], [ 139.144574158000012, 35.235283589 ], [ 139.144071993000011, 35.234619397 ], [ 139.143887158000013, 35.234379221 ], [ 139.143369603999986, 35.233706695 ], [ 139.14327455899999, 35.233570445 ], [ 139.143226825, 35.233475588 ], [ 139.143110947999986, 35.233163289 ], [ 139.14301742, 35.232844357 ], [ 139.142964334, 35.232618898 ], [ 139.14281015899999, 35.232296448 ], [ 139.142732470999988, 35.232314997 ], [ 139.14271088000001, 35.232263646 ], [ 139.14255168, 35.232317544 ], [ 139.142614603999988, 35.232572292 ], [ 139.14262699, 35.232840093 ], [ 139.142559151, 35.233066691 ], [ 139.142342748, 35.233315915 ], [ 139.142286977, 35.233350066 ], [ 139.142231216999988, 35.233384209 ], [ 139.142287579999987, 35.233649466 ], [ 139.142373717999988, 35.233878251 ], [ 139.142430141, 35.234010982 ], [ 139.14249931399999, 35.234157064 ], [ 139.142608908999989, 35.23436653 ], [ 139.142671916000012, 35.234465153 ], [ 139.14332327599999, 35.235351427 ], [ 139.143728294999988, 35.235853211 ], [ 139.14394764, 35.236098013 ], [ 139.144002472000011, 35.236176208 ], [ 139.144112533, 35.23637026 ], [ 139.14432826699999, 35.236854948 ], [ 139.143938647999988, 35.236951111 ], [ 139.143900355999989, 35.236967289 ], [ 139.14387296699999, 35.23698353 ], [ 139.14367841, 35.2370018 ], [ 139.14348020599999, 35.237021539 ], [ 139.143403852, 35.237027065 ], [ 139.143158500999988, 35.237036101 ], [ 139.142916746, 35.237049629 ], [ 139.14286045099999, 35.237046326 ], [ 139.14273348, 35.237021752 ], [ 139.14282941799999, 35.237393834 ], [ 139.142819016, 35.237558129 ], [ 139.142803394, 35.237688846 ], [ 139.143122138, 35.237731686 ], [ 139.14337580599999, 35.237708362 ], [ 139.143630957999989, 35.237734308 ], [ 139.143861348, 35.237926071 ], [ 139.14386962399999, 35.237945165 ], [ 139.143982141, 35.238053228 ], [ 139.144000182000013, 35.238060768 ], [ 139.144024403, 35.238050999 ], [ 139.14403666699999, 35.238028768 ], [ 139.14403700299999, 35.237989143 ], [ 139.144031348, 35.237944518 ], [ 139.144029327999988, 35.237917221 ], [ 139.144125097999989, 35.23792029 ], [ 139.14420307200001, 35.237925548 ], [ 139.14422850599999, 35.237935961 ], [ 139.144272059, 35.238078866 ], [ 139.144320463000014, 35.23826916 ], [ 139.14435349499999, 35.238483047 ], [ 139.144386524999987, 35.238696942 ], [ 139.144427541, 35.238835967 ], [ 139.144426033, 35.239011617 ], [ 139.144252755999986, 35.239087981 ], [ 139.144198335, 35.239107467 ], [ 139.144131875, 35.239124413 ], [ 139.144074528, 35.239133975 ], [ 139.144035296999988, 35.239138701 ], [ 139.143984088, 35.23913594 ], [ 139.143920834999989, 35.23913063 ], [ 139.143797466, 35.239105183 ], [ 139.14338326, 35.239272271 ], [ 139.14269099099999, 35.239203267 ], [ 139.14248085599999, 35.239187005 ], [ 139.14215696799999, 35.239154157 ], [ 139.142018215, 35.239254657 ], [ 139.141959347000011, 35.239365807 ], [ 139.142061012999989, 35.239541749 ], [ 139.142103311, 35.239603062 ], [ 139.14214973, 35.239623906 ], [ 139.142401740999986, 35.23975797 ], [ 139.14285952099999, 35.239921855 ], [ 139.142798897, 35.239992604 ], [ 139.142751757000013, 35.240030762 ], [ 139.142754059999987, 35.240086934 ], [ 139.142758539, 35.240196265 ], [ 139.142913330999988, 35.240199969 ], [ 139.143015018999989, 35.240311406 ], [ 139.143171646000013, 35.240277504 ], [ 139.143339160000011, 35.240271078 ], [ 139.143446968, 35.240298292 ], [ 139.143801665000012, 35.240295211 ], [ 139.143943725000014, 35.240650313 ], [ 139.144040187, 35.240877316 ], [ 139.144142593, 35.24110676 ], [ 139.143982552000011, 35.241069017 ], [ 139.1438051, 35.241026487 ], [ 139.143627650000013, 35.240983956 ], [ 139.143242242000014, 35.24089205 ], [ 139.14311834899999, 35.240820547 ], [ 139.143031844, 35.240828256 ], [ 139.143003848, 35.240893197 ], [ 139.14291781099999, 35.240904361 ], [ 139.142807779, 35.240924133 ], [ 139.142780663, 35.240969436 ], [ 139.142190352, 35.240800819 ], [ 139.14192902799999, 35.24115672 ], [ 139.141998497, 35.241187089 ], [ 139.142308848, 35.241390536 ], [ 139.142421254999988, 35.241445676 ], [ 139.142859367, 35.241461806 ], [ 139.14289929899999, 35.241451136 ], [ 139.142945450000013, 35.241489547 ], [ 139.142895995, 35.241807275 ], [ 139.142952216999987, 35.241832123 ], [ 139.143070324, 35.241999036 ], [ 139.142982716, 35.242151146 ], [ 139.142710894, 35.242132928 ], [ 139.142468115000014, 35.242181896 ], [ 139.142193897999988, 35.242180331 ], [ 139.142095309000013, 35.242150083 ], [ 139.141995458999986, 35.242179485 ], [ 139.14186944299999, 35.242162413 ], [ 139.141697138000012, 35.242123281 ], [ 139.141525007000013, 35.242062335 ], [ 139.141478578, 35.242056625 ], [ 139.141331951000012, 35.242121193 ], [ 139.141306251, 35.242149477 ], [ 139.141371061, 35.242239421 ], [ 139.141402787, 35.242351558 ], [ 139.14073767799999, 35.242468219 ], [ 139.140629624000013, 35.242389664 ], [ 139.140481523, 35.242425585 ], [ 139.140462256, 35.242452265 ], [ 139.140165891, 35.24245421 ], [ 139.13980314299999, 35.242433562 ], [ 139.13971834899999, 35.242430102 ], [ 139.13884191299999, 35.242445686 ], [ 139.138874394999988, 35.242496339 ], [ 139.138848907000011, 35.242525515 ], [ 139.138824875000012, 35.242542531 ], [ 139.138794896, 35.242557061 ], [ 139.138695848, 35.242570627 ], [ 139.138539709000014, 35.242596863 ], [ 139.13849086, 35.242604335 ], [ 139.138099238, 35.242619664 ], [ 139.13794027099999, 35.242645153 ], [ 139.13775766, 35.24270512 ], [ 139.13775079199999, 35.242697166 ], [ 139.13773777099999, 35.242682084 ], [ 139.137633642, 35.242723157 ], [ 139.137503837999986, 35.242773551 ], [ 139.137518091, 35.242806426 ], [ 139.137526966, 35.242831071 ], [ 139.137526826, 35.242847467 ], [ 139.137523065000011, 35.242862352 ], [ 139.13751935499999, 35.242871275 ], [ 139.13751018100001, 35.242881656 ], [ 139.13743704699999, 35.242934898 ], [ 139.137365743, 35.24298666 ], [ 139.137360228, 35.242994081 ], [ 139.13736017799999, 35.243000043 ], [ 139.137365539, 35.243010508 ], [ 139.137404092, 35.243064789 ], [ 139.137281441999988, 35.243080526 ], [ 139.137008552999987, 35.243138206 ], [ 139.13652301799999, 35.24328831 ], [ 139.13632939199999, 35.243333068 ], [ 139.136174039, 35.24339428 ], [ 139.135952239, 35.243467549 ], [ 139.135664963000011, 35.243572929 ], [ 139.135301852999987, 35.243697933 ], [ 139.135049482, 35.243775297 ], [ 139.13478769, 35.243897641 ], [ 139.13455955500001, 35.243966156 ], [ 139.134409922, 35.244008533 ], [ 139.134320231, 35.244029884 ], [ 139.13417508, 35.244068527 ], [ 139.133807718000014, 35.244175295 ], [ 139.13360096400001, 35.244170765 ], [ 139.13348313899999, 35.244162151 ], [ 139.133212910999987, 35.244166267 ], [ 139.13294905399999, 35.24418349 ], [ 139.13281095, 35.244194679 ], [ 139.13257036499999, 35.244188689 ], [ 139.13239039199999, 35.244187917 ], [ 139.13189743800001, 35.244217692 ], [ 139.13157022499999, 35.244229767 ], [ 139.131486302000013, 35.244311084 ], [ 139.131458603, 35.244324958 ], [ 139.131422684, 35.244327274 ], [ 139.131387713, 35.244329532 ], [ 139.13117443499999, 35.24431846 ], [ 139.13114958, 35.244319777 ], [ 139.131089061000011, 35.244339815 ], [ 139.130994367999989, 35.24441356 ], [ 139.130940807, 35.244442572 ], [ 139.130861200999988, 35.244472759 ], [ 139.130710464, 35.244607114 ], [ 139.130803111, 35.244668812 ], [ 139.13111846000001, 35.244860211 ], [ 139.13211267299999, 35.245406824 ], [ 139.132503332999988, 35.245581527 ], [ 139.132982860999988, 35.245721138 ], [ 139.133195013, 35.245775369 ], [ 139.133566424, 35.245850621 ], [ 139.134178015, 35.245877052 ], [ 139.13537023399999, 35.245901601 ], [ 139.139203036, 35.245923285 ], [ 139.13947748699999, 35.245914042 ], [ 139.139743396, 35.245888704 ], [ 139.139894115, 35.245867303 ], [ 139.14008461099999, 35.245832878 ], [ 139.140978276, 35.245682942 ], [ 139.141227406000013, 35.245573349 ], [ 139.141575165, 35.245305841 ], [ 139.141787061, 35.245062354 ], [ 139.142782925, 35.244528454 ], [ 139.142931616, 35.244447994 ], [ 139.143275757999987, 35.244253268 ], [ 139.14425676499999, 35.243603078 ], [ 139.14446219199999, 35.243491571 ], [ 139.14518063599999, 35.243161665 ], [ 139.14620882599999, 35.242682293 ], [ 139.14674924799999, 35.24244206 ], [ 139.146795610999988, 35.24242195 ] ] ] } },
{ "type": "Feature", "properties": { "A29_001": "14206", "A29_002": "神奈川県", "A29_003": "小田原市", "A29_004": 8, "A29_005": "近隣商業地域", "A29_006": 80, "A29_007": 200, "A29_008": null }, "geometry": { "type": "Polygon", "coordinates": [ [ [ 139.148727713, 35.241577334 ], [ 139.14810251899999, 35.240932412 ], [ 139.147801402999988, 35.241131398 ], [ 139.147676479000012, 35.241131452 ], [ 139.147446155000011, 35.240896666 ], [ 139.147343522999989, 35.240792052 ], [ 139.146763193, 35.240195738 ], [ 139.146263994, 35.239678009 ], [ 139.146273029000014, 35.23959731 ], [ 139.14724131, 35.238961355 ], [ 139.14767609099999, 35.238648494 ], [ 139.14751173799999, 35.238457509 ], [ 139.147301070999987, 35.238213563 ], [ 139.147106318, 35.238009577 ], [ 139.14696872499999, 35.237871611 ], [ 139.14660083699999, 35.23747894 ], [ 139.14637218199999, 35.237239795 ], [ 139.146049226, 35.236929145 ], [ 139.145931979000011, 35.236817785 ], [ 139.145845653, 35.236880502 ], [ 139.145548875, 35.237144671 ], [ 139.1453546, 35.237411864 ], [ 139.14532659599999, 35.2374507 ], [ 139.145103987, 35.237761703 ], [ 139.145082876, 35.237798713 ], [ 139.14503639, 35.237900146 ], [ 139.145008235, 35.237958145 ], [ 139.144953093999987, 35.238133329 ], [ 139.144941023, 35.2382343 ], [ 139.144939448, 35.238295848 ], [ 139.14493851099999, 35.238348197 ], [ 139.144949446, 35.238480506 ], [ 139.144965826, 35.23857953 ], [ 139.144981660000013, 35.238665146 ], [ 139.145002586, 35.238735927 ], [ 139.145038166, 35.238843479 ], [ 139.145071868, 35.238922292 ], [ 139.14521997599999, 35.239238297 ], [ 139.145814679000011, 35.240517045 ], [ 139.146133507, 35.241205239 ], [ 139.146220735000014, 35.241400782 ], [ 139.146379446999987, 35.241698186 ], [ 139.146795610999988, 35.24242195 ], [ 139.146855899, 35.24239581 ], [ 139.147505868, 35.242114728 ], [ 139.148727713, 35.241577334 ] ] ] } },
{ "type": "Feature", "properties": { "A29_001": "14206", "A29_002": "神奈川県", "A29_003": "小田原市", "A29_004": 3, "A29_005": "第一種中高層住居専用地域", "A29_006": 60, "A29_007": 150, "A29_008": null }, "geometry": { "type": "Polygon", "coordinates": [ [ [ 139.122161782, 35.242564867 ], [ 139.121892016, 35.242242486 ], [ 139.12172635499999, 35.242079159 ], [ 139.121068092, 35.24152582 ], [ 139.120999704000013, 35.241460723 ], [ 139.120785133999988, 35.241211454 ], [ 139.120453852, 35.24088979 ], [ 139.120190473, 35.240612487 ], [ 139.120156519, 35.240364271 ], [ 139.120108249999987, 35.240246487 ], [ 139.11983553799999, 35.240092875 ], [ 139.11967530699999, 35.240002888 ], [ 139.119438881, 35.239870121 ], [ 139.119141176999989, 35.239701378 ], [ 139.119110591, 35.239726059 ], [ 139.11909361799999, 35.239746645 ], [ 139.11908847699999, 35.239752879 ], [ 139.119063168999986, 35.239783573 ], [ 139.119047849999987, 35.23982439 ], [ 139.118975737, 35.239925923 ], [ 139.11885781699999, 35.24002957 ], [ 139.11873777, 35.240210121 ], [ 139.11872738299999, 35.240225107 ], [ 139.118725307, 35.240228104 ], [ 139.118699494999987, 35.240265345 ], [ 139.118616373, 35.240355012 ], [ 139.118580075000011, 35.24034329 ], [ 139.118563548999987, 35.240337954 ], [ 139.11854276599999, 35.240331242 ], [ 139.11848411, 35.240333122 ], [ 139.11842028800001, 35.240361455 ], [ 139.117924292999987, 35.240762385 ], [ 139.117822017, 35.240816766 ], [ 139.11742011199999, 35.240983802 ], [ 139.117375318, 35.241017457 ], [ 139.11738095699999, 35.241098384 ], [ 139.11745052099999, 35.241140539 ], [ 139.117838234, 35.241150666 ], [ 139.11797889799999, 35.241166211 ], [ 139.11826604699999, 35.241085342 ], [ 139.118454979, 35.241081378 ], [ 139.118651628, 35.241079998 ], [ 139.118688418, 35.241122134 ], [ 139.118700581000013, 35.24114761 ], [ 139.118787058, 35.241173526 ], [ 139.118903713, 35.241156235 ], [ 139.119037843, 35.241198888 ], [ 139.119079354, 35.241212089 ], [ 139.119109036999987, 35.241231722 ], [ 139.119143365000014, 35.241162649 ], [ 139.11921758599999, 35.241043603 ], [ 139.119222425, 35.241035842 ], [ 139.119241119, 35.241014517 ], [ 139.11932081399999, 35.240999697 ], [ 139.119402036, 35.241048407 ], [ 139.119489901, 35.241145282 ], [ 139.119601141, 35.241274761 ], [ 139.119627670999989, 35.241302933 ], [ 139.11970254900001, 35.241381616 ], [ 139.119742419, 35.241433891 ], [ 139.11975867000001, 35.241466347 ], [ 139.11976270299999, 35.241530344 ], [ 139.119767779, 35.241579285 ], [ 139.119796699, 35.241634397 ], [ 139.119841173999987, 35.241694865 ], [ 139.119917547999989, 35.241753771 ], [ 139.119998863, 35.24180317 ], [ 139.120101334, 35.241849674 ], [ 139.120210340999989, 35.241883435 ], [ 139.120314269, 35.241899064 ], [ 139.120450108, 35.241910403 ], [ 139.120559525, 35.241913859 ], [ 139.120746026, 35.242023181 ], [ 139.12088618300001, 35.242068446 ], [ 139.120944825, 35.242192808 ], [ 139.12100281, 35.242392154 ], [ 139.121092619, 35.242568621 ], [ 139.121230766, 35.242811229 ], [ 139.122161782, 35.242564867 ] ] ] } },
{ "type": "Feature", "properties": { "A29_001": "14206", "A29_002": "神奈川県", "A29_003": "小田原市", "A29_004": 10, "A29_005": "準工業地域", "A29_006": 60, "A29_007": 200, "A29_008": null }, "geometry": { "type": "Polygon", "coordinates": [ [ [ 139.149663311000012, 35.24116927 ], [ 139.15083972, 35.240592044 ], [ 139.15088900500001, 35.240562566 ], [ 139.150908773, 35.240545182 ], [ 139.150927450000012, 35.240521724 ], [ 139.150934639000013, 35.240479452 ], [ 139.15093466499999, 35.240452761 ], [ 139.150920837, 35.240419304 ], [ 139.150896702000011, 35.24039126 ], [ 139.15088941799999, 35.240374344 ], [ 139.15028458, 35.24000048 ], [ 139.150602547, 35.239653129 ], [ 139.14955962, 35.239254002 ], [ 139.14949672899999, 35.239341705 ], [ 139.149415287000011, 35.239463027 ], [ 139.149415183, 35.239463073 ], [ 139.149361497, 35.239429887 ], [ 139.14865110299999, 35.239128294 ], [ 139.14864863, 35.239098685 ], [ 139.148636028999988, 35.238947737 ], [ 139.148548147000014, 35.238945896 ], [ 139.148529622000012, 35.238945874 ], [ 139.148520217, 35.239049356 ], [ 139.148490478000014, 35.23923963 ], [ 139.14810169, 35.239391689 ], [ 139.147969241999988, 35.23948401 ], [ 139.147950441, 35.239468589 ], [ 139.14791185499999, 35.23949581 ], [ 139.14792460699999, 35.239509628 ], [ 139.148304413, 35.239904426 ], [ 139.148677233, 35.240286122 ], [ 139.148386050999989, 35.240475232 ], [ 139.14774275799999, 35.240898347 ], [ 139.14773471399999, 35.240903621 ], [ 139.147729518, 35.240898272 ], [ 139.147438333999986, 35.240597488 ], [ 139.147054432, 35.240203925 ], [ 139.146952577, 35.240098549 ], [ 139.14686131900001, 35.240156849 ], [ 139.14646111799999, 35.239748734 ], [ 139.146551061, 35.239687335 ], [ 139.14702582000001, 35.239374596 ], [ 139.147027169000012, 35.239352825 ], [ 139.147353573, 35.239139427 ], [ 139.147638255, 35.238954906 ], [ 139.14777411599999, 35.23909682 ], [ 139.147813754999987, 35.239071011 ], [ 139.147838678999989, 35.239054882 ], [ 139.147990712, 35.238954919 ], [ 139.147928049, 35.238891276 ], [ 139.14799359599999, 35.238852581 ], [ 139.14795594, 35.2388058 ], [ 139.148056741, 35.238754157 ], [ 139.148079161999988, 35.238743174 ], [ 139.147771156, 35.238348766 ], [ 139.147803571999987, 35.238329129 ], [ 139.147723506, 35.238243206 ], [ 139.14737054599999, 35.237864435 ], [ 139.1473833, 35.237853442 ], [ 139.147343608999989, 35.237813406 ], [ 139.147267230000011, 35.237733731 ], [ 139.14721661499999, 35.237680932 ], [ 139.147042392, 35.237499191 ], [ 139.146895933, 35.237346411 ], [ 139.14662628799999, 35.23706735 ], [ 139.14622685399999, 35.236653961 ], [ 139.146497477999986, 35.236479309 ], [ 139.14643786799999, 35.236417874 ], [ 139.146197418000014, 35.236170063 ], [ 139.14624379599999, 35.236139775 ], [ 139.145691605, 35.23556259 ], [ 139.145523419999989, 35.235386793 ], [ 139.145552356, 35.235368049 ], [ 139.146005575, 35.235074443 ], [ 139.146287421000011, 35.234891854 ], [ 139.146361057, 35.234838677 ], [ 139.146295525, 35.234739618 ], [ 139.14625559000001, 35.234787091 ], [ 139.145858632, 35.234496801 ], [ 139.145742751, 35.234412059 ], [ 139.14570490599999, 35.234384385 ], [ 139.145115602, 35.233953429 ], [ 139.144797702, 35.234068274 ], [ 139.14475789299999, 35.234017853 ], [ 139.144521641000011, 35.234060153 ], [ 139.144595091000014, 35.234139993 ], [ 139.144381383, 35.2342193 ], [ 139.144353703, 35.23419243 ], [ 139.144330628, 35.234171311 ], [ 139.144298217999989, 35.234153955 ], [ 139.144247142000012, 35.234144124 ], [ 139.144193688, 35.234140004 ], [ 139.14414011, 35.234151146 ], [ 139.14410508099999, 35.234168119 ], [ 139.144072333, 35.234190828 ], [ 139.144055829, 35.234217446 ], [ 139.144041636, 35.234245986 ], [ 139.14403669399999, 35.234280302 ], [ 139.144034191, 35.234301276 ], [ 139.14404102200001, 35.234318486 ], [ 139.144050114, 35.234343342 ], [ 139.143949784, 35.234382839 ], [ 139.14394356, 35.234377661 ], [ 139.14392669099999, 35.234363627 ], [ 139.143887158000013, 35.234379221 ], [ 139.144071994, 35.234619397 ], [ 139.144574159, 35.23528359 ], [ 139.144595538, 35.23529396 ], [ 139.144914199, 35.23570316 ], [ 139.14496039799999, 35.2357839 ], [ 139.145124632, 35.236009775 ], [ 139.1452668, 35.236181536 ], [ 139.145337020999989, 35.236252706 ], [ 139.14593198, 35.236817786 ], [ 139.146049226, 35.236929146 ], [ 139.14637218199999, 35.237239795 ], [ 139.146600838000012, 35.23747894 ], [ 139.14696872499999, 35.237871611 ], [ 139.147106317, 35.238009578 ], [ 139.147301070999987, 35.238213564 ], [ 139.14751173799999, 35.238457509 ], [ 139.14767609099999, 35.238648495 ], [ 139.147241310999988, 35.238961355 ], [ 139.146273029000014, 35.23959731 ], [ 139.14626399299999, 35.239678009 ], [ 139.146763193, 35.240195739 ], [ 139.147343524, 35.240792053 ], [ 139.14744615399999, 35.240896667 ], [ 139.147676479000012, 35.241131452 ], [ 139.147801402999988, 35.241131398 ], [ 139.14810251899999, 35.240932412 ], [ 139.148727713, 35.241577335 ], [ 139.149475088, 35.241248613 ], [ 139.149663311000012, 35.24116927 ] ] ] } },
{ "type": "Feature", "properties": { "A29_001": "14206", "A29_002": "神奈川県", "A29_003": "小田原市", "A29_004": 8, "A29_005": "近隣商業地域", "A29_006": 80, "A29_007": 200, "A29_008": null }, "geometry": { "type": "Polygon", "coordinates": [ [ [ 139.178278438, 35.260393848 ], [ 139.178163955, 35.260289962 ], [ 139.178284722, 35.259909299 ], [ 139.17738364600001, 35.259099553 ], [ 139.17734565, 35.259064589 ], [ 139.177307001, 35.259030107 ], [ 139.177267711000013, 35.258996118 ], [ 139.177227791, 35.258962631 ], [ 139.17718725200001, 35.258929644 ], [ 139.177146091999987, 35.258897177 ], [ 139.177104324, 35.258865239 ], [ 139.177061970000011, 35.258833821 ], [ 139.177019027999989, 35.258802949 ], [ 139.17697551099999, 35.258772623 ], [ 139.176948896999988, 35.258754541 ], [ 139.175318369, 35.257640027 ], [ 139.175240572, 35.257589774 ], [ 139.175157394, 35.257539067 ], [ 139.17507253, 35.257490308 ], [ 139.17498646199999, 35.257443732 ], [ 139.174920347000011, 35.257409867 ], [ 139.1729513, 35.256408734 ], [ 139.172896041, 35.256380642 ], [ 139.17284031599999, 35.256353169 ], [ 139.172784146999987, 35.256326307 ], [ 139.172727544, 35.256300082 ], [ 139.17267050699999, 35.256274486 ], [ 139.172613058, 35.256249519 ], [ 139.172555209, 35.256225198 ], [ 139.172496959, 35.256201515 ], [ 139.172438319, 35.256178479 ], [ 139.172379310999986, 35.256156099 ], [ 139.17231993499999, 35.256134375 ], [ 139.17226020199999, 35.256113317 ], [ 139.172200134, 35.256092914 ], [ 139.172139742000013, 35.256073185 ], [ 139.172079015, 35.256054122 ], [ 139.172017997000012, 35.256035742 ], [ 139.17195666500001, 35.256018037 ], [ 139.171895052999986, 35.256001015 ], [ 139.17183317199999, 35.255984677 ], [ 139.17179550099999, 35.255975096 ], [ 139.17056479499999, 35.255660916 ], [ 139.170552501, 35.255672702 ], [ 139.17053369199999, 35.255688193 ], [ 139.170513075, 35.255710076 ], [ 139.170470811, 35.255744999 ], [ 139.17043625299999, 35.25576455 ], [ 139.170400733, 35.255780852 ], [ 139.17035281, 35.255795643 ], [ 139.17032816, 35.255799744 ], [ 139.170317065, 35.255799144 ], [ 139.170165507, 35.255746841 ], [ 139.170364627999987, 35.255275502 ], [ 139.170374497000012, 35.255237695 ], [ 139.170374514, 35.255213961 ], [ 139.170365584, 35.255203544 ], [ 139.170317250000011, 35.255113663 ], [ 139.170235346, 35.254968594 ], [ 139.17016726599999, 35.254853384 ], [ 139.170032013999986, 35.254631821 ], [ 139.16955839100001, 35.253831719 ], [ 139.169223343999988, 35.253551082 ], [ 139.168712088, 35.253152103 ], [ 139.16832281500001, 35.252820407 ], [ 139.16752059, 35.252178064 ], [ 139.167173709999986, 35.251904288 ], [ 139.166897374, 35.251682289 ], [ 139.166779643000012, 35.251524704 ], [ 139.166205482, 35.250712132 ], [ 139.164677307, 35.249519382 ], [ 139.163456868999987, 35.248642757 ], [ 139.16256422399999, 35.248021578 ], [ 139.161591372, 35.247285269 ], [ 139.160258597, 35.246228336 ], [ 139.159605019, 35.245763634 ], [ 139.15919713400001, 35.245498843 ], [ 139.158828306, 35.245274887 ], [ 139.158509614, 35.245092539 ], [ 139.158037912, 35.245946973 ], [ 139.157844641, 35.246371582 ], [ 139.156575365, 35.246217071 ], [ 139.15527450799999, 35.246058703 ], [ 139.15526857099999, 35.246910363 ], [ 139.155716501, 35.24691124 ], [ 139.156082685, 35.246923107 ], [ 139.15656406, 35.246964065 ], [ 139.156808321999989, 35.246999287 ], [ 139.157162422, 35.247079672 ], [ 139.15748227899999, 35.247167237 ], [ 139.15785108099999, 35.247292898 ], [ 139.15941267299999, 35.247832313 ], [ 139.160202629999986, 35.248103456 ], [ 139.160181857999987, 35.248147718 ], [ 139.161206607999986, 35.248507111 ], [ 139.162005638000011, 35.248782827 ], [ 139.162405049, 35.248954842 ], [ 139.162227005, 35.24923305 ], [ 139.162546848, 35.249388019 ], [ 139.162760909000013, 35.249529195 ], [ 139.163946438000011, 35.250434317 ], [ 139.16481162299999, 35.251093221 ], [ 139.165917737, 35.251963495 ], [ 139.165733741999986, 35.252115802 ], [ 139.167419268, 35.253538587 ], [ 139.168142018999987, 35.254144422 ], [ 139.168157524, 35.254174951 ], [ 139.168337001999987, 35.254334244 ], [ 139.168439554, 35.254415465 ], [ 139.168093034, 35.25471674 ], [ 139.167660694, 35.254457135 ], [ 139.167002470999989, 35.254026791 ], [ 139.16683239299999, 35.254189531 ], [ 139.166818162999988, 35.25420357 ], [ 139.166509536, 35.254508031 ], [ 139.166359727000014, 35.254631336 ], [ 139.164819582, 35.254406921 ], [ 139.163573528, 35.254225337 ], [ 139.162307892, 35.25435891 ], [ 139.161783536, 35.254349943 ], [ 139.16178072, 35.255469404 ], [ 139.161781432, 35.256218465 ], [ 139.161634826000011, 35.257079593 ], [ 139.161604111, 35.257237936 ], [ 139.16159045399999, 35.257414727 ], [ 139.161533531, 35.258066855 ], [ 139.16182447, 35.25800071 ], [ 139.161993306, 35.257983439 ], [ 139.163305869, 35.257727041 ], [ 139.163923877, 35.257583973 ], [ 139.164090703, 35.256986158 ], [ 139.16416003099999, 35.256976175 ], [ 139.164237334, 35.256966534 ], [ 139.16429956799999, 35.256959883 ], [ 139.164345825, 35.256955704 ], [ 139.16435522399999, 35.256954946 ], [ 139.16441193899999, 35.256950372 ], [ 139.164460888, 35.256947234 ], [ 139.164517192, 35.256944338 ], [ 139.164578554, 35.256942099 ], [ 139.164650647, 35.256940676 ], [ 139.16473565199999, 35.25694065 ], [ 139.164803721999988, 35.256941928 ], [ 139.164867576, 35.256944173 ], [ 139.16536112, 35.256972355 ], [ 139.16548727899999, 35.256605499 ], [ 139.165593508, 35.256296828 ], [ 139.16582143, 35.256063736 ], [ 139.165914377, 35.25596485 ], [ 139.16612237699999, 35.255807807 ], [ 139.166220654, 35.255769056 ], [ 139.16627689500001, 35.255745299 ], [ 139.166594193, 35.25563401 ], [ 139.166686395999989, 35.255601698 ], [ 139.166718672, 35.255604399 ], [ 139.16675008199999, 35.255597424 ], [ 139.16680187, 35.255585928 ], [ 139.166910191999989, 35.255573932 ], [ 139.16696095, 35.255572949 ], [ 139.167022444999986, 35.255575812 ], [ 139.167065470000011, 35.255581097 ], [ 139.16720955, 35.255609617 ], [ 139.167243343, 35.255614851 ], [ 139.16727101399999, 35.255616266 ], [ 139.16737249900001, 35.255619348 ], [ 139.167403267, 35.255618256 ], [ 139.167438682000011, 35.255613403 ], [ 139.167463655, 35.255606022 ], [ 139.167523233999987, 35.255570492 ], [ 139.16758268699999, 35.25555033 ], [ 139.16773268599999, 35.255522986 ], [ 139.168138477000014, 35.255504737 ], [ 139.168256603, 35.255492505 ], [ 139.168340991, 35.255475049 ], [ 139.168518199, 35.25555541 ], [ 139.16872327499999, 35.255661533 ], [ 139.169020554000014, 35.25590223 ], [ 139.16919735499999, 35.256031246 ], [ 139.169396024, 35.256157814 ], [ 139.16956445, 35.256238648 ], [ 139.170051144000013, 35.25645717 ], [ 139.17016450599999, 35.256264987 ], [ 139.17026342299999, 35.256292022 ], [ 139.17155474, 35.256621663 ], [ 139.171602599000011, 35.256633922 ], [ 139.171658831, 35.256649022 ], [ 139.171714794, 35.256664814 ], [ 139.171770465, 35.256681281 ], [ 139.171825834, 35.256698431 ], [ 139.171880879000014, 35.256716246 ], [ 139.171935600000012, 35.256734736 ], [ 139.171989975, 35.256753882 ], [ 139.172044004000014, 35.256773693 ], [ 139.172097665, 35.256794169 ], [ 139.172150947, 35.256815283 ], [ 139.17220383899999, 35.256837052 ], [ 139.172256341, 35.25685946 ], [ 139.172308421, 35.256882505 ], [ 139.172360077, 35.256906188 ], [ 139.172411312, 35.256930491 ], [ 139.17246209000001, 35.256955413 ], [ 139.17251241299999, 35.256980954 ], [ 139.174197201, 35.257837582 ], [ 139.174485255, 35.257984035 ], [ 139.17453115699999, 35.258007442 ], [ 139.174601023, 35.258044961 ], [ 139.174668846, 35.258083694 ], [ 139.17473527199999, 35.258123989 ], [ 139.174803985000011, 35.258168234 ], [ 139.176425978999987, 35.259277102 ], [ 139.176439686, 35.259286389 ], [ 139.176478132999989, 35.259313072 ], [ 139.176516005, 35.259340293 ], [ 139.176553289, 35.259368061 ], [ 139.176589987, 35.259396348 ], [ 139.176626066000011, 35.259425164 ], [ 139.176661536000012, 35.25945449 ], [ 139.176696375, 35.259484317 ], [ 139.176730561999989, 35.259514646 ], [ 139.176764107999986, 35.259545458 ], [ 139.178082479000011, 35.260730466 ], [ 139.178278438, 35.260393848 ] ] ] } },
{ "type": "Feature", "properties": { "A29_001": "14206", "A29_002": "神奈川県", "A29_003": "小田原市", "A29_004": 10, "A29_005": "準工業地域", "A29_006": 60, "A29_007": 200, "A29_008": null }, "geometry": { "type": "Polygon", "coordinates": [ [ [ 139.174197201, 35.257837582 ], [ 139.17251241299999, 35.256980954 ], [ 139.17246209000001, 35.256955413 ], [ 139.172411312, 35.256930491 ], [ 139.172360077, 35.256906188 ], [ 139.172308421, 35.256882505 ], [ 139.172256341, 35.25685946 ], [ 139.17220383899999, 35.256837052 ], [ 139.172150947, 35.256815283 ], [ 139.172097665, 35.256794169 ], [ 139.172044004000014, 35.256773693 ], [ 139.171989975, 35.256753882 ], [ 139.171935600000012, 35.256734736 ], [ 139.171880879000014, 35.256716246 ], [ 139.171825834, 35.256698431 ], [ 139.171770465, 35.256681281 ], [ 139.171714794, 35.256664814 ], [ 139.171658831, 35.256649022 ], [ 139.171602599000011, 35.256633922 ], [ 139.17155474, 35.256621663 ], [ 139.17026342299999, 35.256292022 ], [ 139.17016450599999, 35.256264987 ], [ 139.170051144000013, 35.25645717 ], [ 139.16956445, 35.256238648 ], [ 139.169396024, 35.256157814 ], [ 139.16919735499999, 35.256031246 ], [ 139.169020554000014, 35.25590223 ], [ 139.16872327499999, 35.255661533 ], [ 139.168518199, 35.25555541 ], [ 139.168340991, 35.255475049 ], [ 139.168256603, 35.255492505 ], [ 139.168138477000014, 35.255504737 ], [ 139.16773268599999, 35.255522986 ], [ 139.16758268699999, 35.25555033 ], [ 139.167523233999987, 35.255570492 ], [ 139.167463655, 35.255606022 ], [ 139.167438682000011, 35.255613403 ], [ 139.167403267, 35.255618256 ], [ 139.16737249900001, 35.255619348 ], [ 139.16727101399999, 35.255616266 ], [ 139.167243343, 35.255614851 ], [ 139.16720955, 35.255609617 ], [ 139.167065470000011, 35.255581097 ], [ 139.167022444999986, 35.255575812 ], [ 139.16696095, 35.255572949 ], [ 139.166910191999989, 35.255573932 ], [ 139.16680187, 35.255585928 ], [ 139.16675008199999, 35.255597424 ], [ 139.166718672, 35.255604399 ], [ 139.166686395999989, 35.255601698 ], [ 139.166594193, 35.25563401 ], [ 139.16627689500001, 35.255745299 ], [ 139.166220654, 35.255769056 ], [ 139.16612237699999, 35.255807807 ], [ 139.165914377, 35.25596485 ], [ 139.16582143, 35.256063736 ], [ 139.165593508, 35.256296828 ], [ 139.16548727899999, 35.256605499 ], [ 139.16536112, 35.256972355 ], [ 139.164867576, 35.256944173 ], [ 139.164803721999988, 35.256941928 ], [ 139.16473565199999, 35.25694065 ], [ 139.164650647, 35.256940676 ], [ 139.164578554, 35.256942099 ], [ 139.164517192, 35.256944338 ], [ 139.164460888, 35.256947234 ], [ 139.16441193899999, 35.256950372 ], [ 139.16435522399999, 35.256954946 ], [ 139.164345825, 35.256955704 ], [ 139.16429956799999, 35.256959883 ], [ 139.164237334, 35.256966534 ], [ 139.16416003099999, 35.256976175 ], [ 139.164090703, 35.256986158 ], [ 139.163923877, 35.257583973 ], [ 139.163305869, 35.257727041 ], [ 139.161993306, 35.257983439 ], [ 139.16182447, 35.25800071 ], [ 139.161533531, 35.258066855 ], [ 139.161489635, 35.258518553 ], [ 139.16148134299999, 35.258597877 ], [ 139.16146791, 35.258683445 ], [ 139.16142566, 35.258869109 ], [ 139.161336866999989, 35.259164082 ], [ 139.161167224, 35.259672799 ], [ 139.16107137899999, 35.259925843 ], [ 139.161027354, 35.260017507 ], [ 139.16094182399999, 35.260199135 ], [ 139.160908264, 35.260261228 ], [ 139.160884356, 35.260294369 ], [ 139.160861122, 35.26034048 ], [ 139.160829506999988, 35.260407942 ], [ 139.160784294, 35.260508621 ], [ 139.160752903, 35.260591865 ], [ 139.16072744600001, 35.260665954 ], [ 139.16071302899999, 35.260731323 ], [ 139.160697658, 35.26081118 ], [ 139.160685586999989, 35.260939078 ], [ 139.160686913, 35.261096958 ], [ 139.16068728799999, 35.261141683 ], [ 139.160690722999988, 35.26128733 ], [ 139.160695236, 35.261555432 ], [ 139.160708637, 35.262168351 ], [ 139.160728167, 35.26235151 ], [ 139.16072885299999, 35.262359211 ], [ 139.160729225000011, 35.262365771 ], [ 139.160729522, 35.262372842 ], [ 139.16073551, 35.26237868 ], [ 139.161037075, 35.262672675 ], [ 139.16133865399999, 35.26296667 ], [ 139.161490692, 35.262639553 ], [ 139.161590651000012, 35.262474284 ], [ 139.161755698, 35.262267217 ], [ 139.16184085399999, 35.262185652 ], [ 139.161994783000011, 35.262081852 ], [ 139.162221015, 35.26196641 ], [ 139.162280342, 35.261943627 ], [ 139.162698277, 35.261802664 ], [ 139.164100573000013, 35.261386764 ], [ 139.16436956699999, 35.261304258 ], [ 139.16571426199999, 35.262564046 ], [ 139.166573029, 35.262077015 ], [ 139.166969612, 35.261714929 ], [ 139.167664136000013, 35.261152583 ], [ 139.168168353999988, 35.260726463 ], [ 139.16848196699999, 35.260027003 ], [ 139.169390920000012, 35.260221183 ], [ 139.169994585000012, 35.260348952 ], [ 139.170039202, 35.260358786 ], [ 139.170087661, 35.260264128 ], [ 139.17021596, 35.260006298 ], [ 139.17028514899999, 35.259865486 ], [ 139.170371584, 35.259678022 ], [ 139.170384109999986, 35.259639453 ], [ 139.170481093, 35.25944203 ], [ 139.170528334000011, 35.259354044 ], [ 139.170562517, 35.259298422 ], [ 139.170579315999987, 35.259265965 ], [ 139.170953776, 35.259464691 ], [ 139.171350002999986, 35.25976676 ], [ 139.171464809000014, 35.259845964 ], [ 139.171528276, 35.259908122 ], [ 139.171568642000011, 35.25996496 ], [ 139.171601759, 35.260048342 ], [ 139.171709053, 35.260186421 ], [ 139.171748708, 35.260238893 ], [ 139.17219556399999, 35.259892578 ], [ 139.17241676099999, 35.259697513 ], [ 139.17280392399999, 35.259310675 ], [ 139.173339821000013, 35.258687936 ], [ 139.17358552499999, 35.258406773 ], [ 139.17383358699999, 35.258119312 ], [ 139.17402367299999, 35.257906712 ], [ 139.174097861, 35.257890918 ], [ 139.17414450699999, 35.257868637 ], [ 139.174194021, 35.257839448 ], [ 139.174197201, 35.257837582 ] ] ] } },
{ "type": "Feature", "properties": { "A29_001": "14206", "A29_002": "神奈川県", "A29_003": "小田原市", "A29_004": 1, "A29_005": "第一種低層住居専用地域", "A29_006": 60, "A29_007": 100, "A29_008": null }, "geometry": { "type": "Polygon", "coordinates": [ [ [ 139.237716248999988, 35.314311603 ], [ 139.237671881000011, 35.314260039 ], [ 139.237636721, 35.314218548 ], [ 139.237621708, 35.314177041 ], [ 139.23760531, 35.31411544 ], [ 139.237602707, 35.31405265 ], [ 139.237612238, 35.314006243 ], [ 139.237618325, 35.313961212 ], [ 139.237625079999987, 35.313925953 ], [ 139.23760705, 35.313878154 ], [ 139.23756178, 35.313785022 ], [ 139.237499882, 35.313661675 ], [ 139.237450615, 35.313525175 ], [ 139.23743704, 35.313435715 ], [ 139.237451826000012, 35.313360035 ], [ 139.237499364, 35.313252694 ], [ 139.237631222, 35.313010918 ], [ 139.237682889000013, 35.312872698 ], [ 139.237685391000014, 35.31280908 ], [ 139.237645579, 35.312693728 ], [ 139.237567657999989, 35.312510016 ], [ 139.23724253899999, 35.312502464 ], [ 139.237153068999987, 35.312500391 ], [ 139.23713621499999, 35.312303341 ], [ 139.237222428, 35.312188611 ], [ 139.237399348, 35.311964049 ], [ 139.237385995000011, 35.311845943 ], [ 139.237339549000012, 35.311665415 ], [ 139.237252253, 35.311520073 ], [ 139.237128504, 35.311361094 ], [ 139.23703268700001, 35.311398499 ], [ 139.236833507999989, 35.311456956 ], [ 139.236525102, 35.311370566 ], [ 139.236409477, 35.311338176 ], [ 139.236373070000013, 35.311313757 ], [ 139.236365266, 35.311269775 ], [ 139.236423140999989, 35.311138238 ], [ 139.23626895000001, 35.310857373 ], [ 139.236237022000012, 35.310775394 ], [ 139.236237381, 35.310726602 ], [ 139.236237412, 35.310722366 ], [ 139.236280279999988, 35.310698329 ], [ 139.236585681, 35.310628625 ], [ 139.236665033, 35.310618407 ], [ 139.236630125, 35.310112949 ], [ 139.236638139, 35.309852787 ], [ 139.236707419999988, 35.309551607 ], [ 139.23683442399999, 35.309119791 ], [ 139.23688402499999, 35.308976693 ], [ 139.23693488399999, 35.308829969 ], [ 139.236947866, 35.308791759 ], [ 139.236945203, 35.308790385 ], [ 139.236759982, 35.308777438 ], [ 139.236592651, 35.308764777 ], [ 139.23659188100001, 35.30876471 ], [ 139.236404967, 35.308750284 ], [ 139.236264229, 35.308737086 ], [ 139.236151396, 35.308727624 ], [ 139.236028245999989, 35.308713873 ], [ 139.235900627, 35.308700803 ], [ 139.235719432, 35.308677165 ], [ 139.234916027, 35.308574108 ], [ 139.23476434, 35.308549984 ], [ 139.234570832, 35.308517188 ], [ 139.234364473, 35.308480813 ], [ 139.23407632199999, 35.308427888 ], [ 139.233799584, 35.308375263 ], [ 139.233431950000011, 35.308300101 ], [ 139.233087476, 35.30822333 ], [ 139.233004599, 35.308204864 ], [ 139.232769087, 35.308152495 ], [ 139.23248378400001, 35.308083597 ], [ 139.232251287, 35.308028088 ], [ 139.23172418499999, 35.307901543 ], [ 139.231682330000012, 35.307955894 ], [ 139.231600568, 35.308026076 ], [ 139.23153556599999, 35.308075222 ], [ 139.23153006199999, 35.308081892 ], [ 139.231487972, 35.308189555 ], [ 139.231480823, 35.308200237 ], [ 139.231432466, 35.308248339 ], [ 139.231424256, 35.308253662 ], [ 139.231135228999989, 35.308332719 ], [ 139.231085447, 35.308365435 ], [ 139.231076078, 35.308380127 ], [ 139.231071601999986, 35.308398052 ], [ 139.23106766399999, 35.308487281 ], [ 139.23105657799999, 35.308514105 ], [ 139.231011902, 35.308561234 ], [ 139.230942954, 35.308605547 ], [ 139.23084231199999, 35.308593705 ], [ 139.230803834, 35.308587844 ], [ 139.230728899000013, 35.308572083 ], [ 139.230693425999988, 35.308561378 ], [ 139.23064016, 35.308553829 ], [ 139.230610506, 35.308557729 ], [ 139.23058176399999, 35.308570539 ], [ 139.23055199, 35.308590636 ], [ 139.230534064000011, 35.308611604 ], [ 139.230420415999987, 35.30877454 ], [ 139.230369867, 35.308725098 ], [ 139.230340891999987, 35.308708557 ], [ 139.230315502, 35.308699487 ], [ 139.23005403, 35.308647502 ], [ 139.22997591699999, 35.308636678 ], [ 139.229930391000011, 35.308645394 ], [ 139.229735213, 35.308726404 ], [ 139.22982512499999, 35.308862499 ], [ 139.229888071, 35.308956721 ], [ 139.229920349999986, 35.309017998 ], [ 139.229957938000013, 35.309098679 ], [ 139.229988208, 35.309185285 ], [ 139.230007626, 35.309264384 ], [ 139.230017893, 35.309350892 ], [ 139.230015677000011, 35.309404542 ], [ 139.23001168499999, 35.309452223 ], [ 139.230007672999989, 35.309502883 ], [ 139.229996441, 35.309546055 ], [ 139.22997790299999, 35.309593662 ], [ 139.229946415, 35.309671017 ], [ 139.229898139, 35.309804931 ], [ 139.229833242000012, 35.309903327 ], [ 139.230015552, 35.310043406 ], [ 139.230033486999986, 35.310086529 ], [ 139.230031231999988, 35.310236197 ], [ 139.230037939999988, 35.310254006 ], [ 139.230167954, 35.310412753 ], [ 139.230167378, 35.310491849 ], [ 139.230173568999987, 35.31058075 ], [ 139.230177848000011, 35.310619126 ], [ 139.230181692, 35.310639021 ], [ 139.230189467, 35.310667121 ], [ 139.23020178499999, 35.310698056 ], [ 139.230216969, 35.310728067 ], [ 139.230242315, 35.310771227 ], [ 139.230268896000013, 35.310802233 ], [ 139.230306237, 35.31084264 ], [ 139.230324378, 35.310858172 ], [ 139.23037548100001, 35.3108893 ], [ 139.230396977999987, 35.310901423 ], [ 139.230443029000014, 35.310921294 ], [ 139.230514707999987, 35.310947847 ], [ 139.230605763999989, 35.310975902 ], [ 139.23106984099999, 35.311122133 ], [ 139.231207199000011, 35.311162894 ], [ 139.231252143, 35.311179487 ], [ 139.2313369, 35.31121172 ], [ 139.231406268, 35.311241532 ], [ 139.231464622, 35.311267775 ], [ 139.231509507, 35.311290452 ], [ 139.231597034, 35.311333452 ], [ 139.231637389000014, 35.311353295 ], [ 139.231673787, 35.311368448 ], [ 139.231804038, 35.311418674 ], [ 139.231935134, 35.311466028 ], [ 139.231995993999988, 35.311489713 ], [ 139.232066492, 35.311521406 ], [ 139.23211863899999, 35.311545327 ], [ 139.23219989, 35.311589233 ], [ 139.232244775, 35.311613785 ], [ 139.232292435, 35.311648168 ], [ 139.232328091999989, 35.311677136 ], [ 139.232352456, 35.31170018 ], [ 139.232390290000012, 35.31175182 ], [ 139.23244999, 35.311847324 ], [ 139.23247199799999, 35.311879713 ], [ 139.23249328599999, 35.31190824 ], [ 139.232535178, 35.31195241 ], [ 139.232577127000013, 35.311987233 ], [ 139.232612326, 35.312009862 ], [ 139.232684427, 35.312056994 ], [ 139.232830694, 35.312146879 ], [ 139.232870885000011, 35.312169839 ], [ 139.23298487, 35.312227987 ], [ 139.233043833000011, 35.312256756 ], [ 139.233120125, 35.312288837 ], [ 139.233190145, 35.312317002 ], [ 139.233274346, 35.312347184 ], [ 139.233333386999988, 35.312365587 ], [ 139.233414907, 35.312395711 ], [ 139.233421818000011, 35.31226998 ], [ 139.233430242, 35.312196909 ], [ 139.233442251000014, 35.312117977 ], [ 139.233472248, 35.312127303 ], [ 139.23358634600001, 35.31216863 ], [ 139.233840071, 35.312216473 ], [ 139.233991019, 35.312265591 ], [ 139.234108786, 35.31231203 ], [ 139.23421348, 35.312346198 ], [ 139.234320505, 35.312384903 ], [ 139.234539415, 35.312422197 ], [ 139.234566994, 35.312426868 ], [ 139.234589062, 35.312430213 ], [ 139.234606406000012, 35.312431588 ], [ 139.234634029, 35.312430436 ], [ 139.234665604000014, 35.312428645 ], [ 139.23468592399999, 35.312427438 ], [ 139.234706424, 35.312428838 ], [ 139.23483329699999, 35.31245146 ], [ 139.234953064, 35.312438469 ], [ 139.2351557, 35.31245759 ], [ 139.235289934, 35.312445318 ], [ 139.23530571399999, 35.312445396 ], [ 139.235323039, 35.312449358 ], [ 139.23533955900001, 35.312456561 ], [ 139.235497810999988, 35.312575699 ], [ 139.235614555000012, 35.312658295 ], [ 139.235628671, 35.312669362 ], [ 139.235640405, 35.312684303 ], [ 139.235681019999987, 35.312740796 ], [ 139.235693535, 35.31275574 ], [ 139.23570922, 35.312768753 ], [ 139.235729643000013, 35.3127805 ], [ 139.23575875899999, 35.312791641 ], [ 139.235790013000013, 35.312800594 ], [ 139.235925568, 35.312822618 ], [ 139.235954735, 35.312825349 ], [ 139.236079847000013, 35.312825859 ], [ 139.23609994099999, 35.312828545 ], [ 139.236114487, 35.312836378 ], [ 139.23612186, 35.312846231 ], [ 139.236135877, 35.31287218 ], [ 139.236152862000012, 35.31290302 ], [ 139.236312266, 35.313114088 ], [ 139.23632480500001, 35.313125796 ], [ 139.236339743, 35.31313428 ], [ 139.236364138999988, 35.31314281 ], [ 139.23639154899999, 35.313148075 ], [ 139.236474256, 35.313157542 ], [ 139.236491582000014, 35.313162802 ], [ 139.236513226, 35.313182064 ], [ 139.236566329, 35.313257377 ], [ 139.23664869000001, 35.313324425 ], [ 139.236674555, 35.313348494 ], [ 139.236723046, 35.313406315 ], [ 139.23684925399999, 35.313536317 ], [ 139.236914817000013, 35.313681849 ], [ 139.236958491, 35.313751942 ], [ 139.237002182999987, 35.313819448 ], [ 139.237085123000014, 35.313915613 ], [ 139.2372675, 35.314115481 ], [ 139.237457158000012, 35.314319401 ], [ 139.237488977, 35.314337989 ], [ 139.23758249299999, 35.314398964 ], [ 139.23762719699999, 35.314423326 ], [ 139.237701656000013, 35.314471068 ], [ 139.237746023, 35.314522632 ], [ 139.237832572, 35.314618413 ], [ 139.237981213000012, 35.314789684 ], [ 139.23797911, 35.314771336 ], [ 139.237890861000011, 35.314602196 ], [ 139.237848933, 35.314523138 ], [ 139.237791437, 35.314431166 ], [ 139.237751613, 35.314370457 ], [ 139.237738417, 35.314345857 ], [ 139.237716248999988, 35.314311603 ] ] ] } },
{ "type": "Feature", "properties": { "A29_001": "14206", "A29_002": "神奈川県", "A29_003": "小田原市", "A29_004": 5, "A29_005": "第一種住居地域", "A29_006": 60, "A29_007": 200, "A29_008": null }, "geometry": { "type": "Polygon", "coordinates": [ [ [ 139.236975096, 35.308260335 ], [ 139.236810475, 35.30824725 ], [ 139.236539456, 35.308226833 ], [ 139.236356865, 35.308209714 ], [ 139.236083554, 35.308184515 ], [ 139.23580913, 35.308152631 ], [ 139.235614942000012, 35.308129729 ], [ 139.235258015, 35.308080265 ], [ 139.235186031000012, 35.308069497 ], [ 139.234934833000011, 35.308031921 ], [ 139.23461520699999, 35.307975007 ], [ 139.234423424, 35.307941621 ], [ 139.234243273, 35.307909246 ], [ 139.234010837, 35.307865166 ], [ 139.233722645, 35.307806497 ], [ 139.233535569, 35.307766456 ], [ 139.233212551, 35.307696165 ], [ 139.23308759299999, 35.307667814 ], [ 139.232997606999987, 35.307647399 ], [ 139.23279546, 35.30759965 ], [ 139.232609582, 35.307554842 ], [ 139.232465522000012, 35.307520737 ], [ 139.232400473000013, 35.307504195 ], [ 139.23238316199999, 35.307558634 ], [ 139.23236961500001, 35.307601236 ], [ 139.232283362, 35.307656621 ], [ 139.23230172699999, 35.307671793 ], [ 139.232250470999986, 35.307686439 ], [ 139.232130961, 35.307717556 ], [ 139.232040415, 35.307735423 ], [ 139.231981323000014, 35.307772204 ], [ 139.231931565999986, 35.307795637 ], [ 139.231863882999988, 35.307816285 ], [ 139.231795588000011, 35.307845421 ], [ 139.23178276199999, 35.307853218 ], [ 139.23172418499999, 35.307901543 ], [ 139.232251287, 35.308028088 ], [ 139.23248378400001, 35.308083597 ], [ 139.232769087, 35.308152495 ], [ 139.233004599, 35.308204864 ], [ 139.233087476, 35.30822333 ], [ 139.233431950000011, 35.308300101 ], [ 139.233799584, 35.308375263 ], [ 139.23407632199999, 35.308427888 ], [ 139.234364473, 35.308480813 ], [ 139.234570832, 35.308517188 ], [ 139.23476434, 35.308549984 ], [ 139.234916027, 35.308574108 ], [ 139.235719432, 35.308677165 ], [ 139.235900627, 35.308700803 ], [ 139.236028245999989, 35.308713873 ], [ 139.236151396, 35.308727624 ], [ 139.236264229, 35.308737086 ], [ 139.236404967, 35.308750284 ], [ 139.23659188100001, 35.30876471 ], [ 139.236592651, 35.308764777 ], [ 139.236759982, 35.308777438 ], [ 139.236945203, 35.308790385 ], [ 139.236947866, 35.308791759 ], [ 139.23695096899999, 35.308782626 ], [ 139.236978482000012, 35.308701643 ], [ 139.236995557, 35.308591115 ], [ 139.236995076, 35.308582739 ], [ 139.236989677999986, 35.308488612 ], [ 139.236988343, 35.308465314 ], [ 139.236984068, 35.308411299 ], [ 139.236982187, 35.308387495 ], [ 139.236980878, 35.308370939 ], [ 139.236975096, 35.308260335 ] ] ] } },
{ "type": "Feature", "properties": { "A29_001": "14206", "A29_002": "神奈川県", "A29_003": "小田原市", "A29_004": 5, "A29_005": "第一種住居地域", "A29_006": 60, "A29_007": 200, "A29_008": null }, "geometry": { "type": "Polygon", "coordinates": [ [ [ 139.188169646, 35.295553458 ], [ 139.18822018099999, 35.295551853 ], [ 139.188978515, 35.295559239 ], [ 139.188977118, 35.295323531 ], [ 139.188976368999988, 35.295209769 ], [ 139.188982046, 35.295103974 ], [ 139.18898252, 35.295085858 ], [ 139.188985550000012, 35.294883688 ], [ 139.18898885499999, 35.294716584 ], [ 139.188990114, 35.294696399 ], [ 139.18899045399999, 35.294681347 ], [ 139.188982548000013, 35.29437479 ], [ 139.18893558100001, 35.294377225 ], [ 139.188857109999987, 35.294377438 ], [ 139.18875121799999, 35.29437773 ], [ 139.18895827599999, 35.293213066 ], [ 139.189091647999987, 35.292462827 ], [ 139.18918981499999, 35.292218237 ], [ 139.189611452, 35.29223535 ], [ 139.18961216400001, 35.292213584 ], [ 139.189610275, 35.29198275 ], [ 139.189602863, 35.291883168 ], [ 139.189600786999989, 35.291530191 ], [ 139.189598338, 35.291017257 ], [ 139.189602021000013, 35.290897822 ], [ 139.189606002, 35.290722852 ], [ 139.19004701, 35.290685698 ], [ 139.190248962999988, 35.290668996 ], [ 139.190615344, 35.290637167 ], [ 139.190628212, 35.290636344 ], [ 139.190634703, 35.290638596 ], [ 139.190682135, 35.290670406 ], [ 139.19069288899999, 35.290679793 ], [ 139.190719745, 35.290709268 ], [ 139.190723478, 35.290716841 ], [ 139.190732266, 35.290770666 ], [ 139.190971467999987, 35.290771937 ], [ 139.191052742000011, 35.290771476 ], [ 139.191562901, 35.290772237 ], [ 139.19156681699999, 35.290414046 ], [ 139.19156650299999, 35.290177983 ], [ 139.191567077, 35.290118757 ], [ 139.191566419999987, 35.290118759 ], [ 139.188697674, 35.290148359 ], [ 139.187524966000012, 35.290219985 ], [ 139.185824352, 35.290357445 ], [ 139.185845633000014, 35.290574627 ], [ 139.18558378899999, 35.290692671 ], [ 139.18557162799999, 35.290695589 ], [ 139.185554625, 35.290696499 ], [ 139.185442967, 35.290697893 ], [ 139.185430825999987, 35.290699811 ], [ 139.18541377299999, 35.290706688 ], [ 139.185179736, 35.2909388 ], [ 139.185323567000012, 35.290928637 ], [ 139.18595409, 35.290879839 ], [ 139.186726886, 35.290817747 ], [ 139.18789359199999, 35.290729158 ], [ 139.187993852, 35.29072314 ], [ 139.187983906, 35.291568989 ], [ 139.187980417, 35.291865841 ], [ 139.18802929200001, 35.291942776 ], [ 139.18804270699999, 35.291970205 ], [ 139.188049874, 35.291992625 ], [ 139.188053817, 35.292023628 ], [ 139.188055713000011, 35.292049455 ], [ 139.18805462899999, 35.292318854 ], [ 139.188057404, 35.292365345 ], [ 139.18800490699999, 35.292369365 ], [ 139.18781731199999, 35.29238147 ], [ 139.187618837, 35.293497817 ], [ 139.187484425, 35.29425378 ], [ 139.187112137000014, 35.294247979 ], [ 139.18712659, 35.294480764 ], [ 139.18713306399999, 35.294753529 ], [ 139.18713255099999, 35.29481805 ], [ 139.187003026000014, 35.29482447 ], [ 139.186965558999987, 35.294829579 ], [ 139.18697378499999, 35.295004974 ], [ 139.18698892099999, 35.29515358 ], [ 139.186991287000012, 35.295175236 ], [ 139.186993854, 35.295199579 ], [ 139.186998870999986, 35.295350015 ], [ 139.187008324, 35.295546627 ], [ 139.18700868900001, 35.295587931 ], [ 139.187009397999987, 35.295654403 ], [ 139.18718279699999, 35.295747744 ], [ 139.187440449, 35.295905767 ], [ 139.187542142000012, 35.295983092 ], [ 139.18776071, 35.296179919 ], [ 139.18789972799999, 35.29628939 ], [ 139.188115751999987, 35.296435498 ], [ 139.188128033999988, 35.296445534 ], [ 139.188150662, 35.296449374 ], [ 139.188172232, 35.296447385 ], [ 139.18819632099999, 35.296435386 ], [ 139.188210862, 35.296407945 ], [ 139.18820867, 35.296376041 ], [ 139.188207401999989, 35.296244843 ], [ 139.188187722, 35.29594958 ], [ 139.18817965299999, 35.29579838 ], [ 139.188169791, 35.295608517 ], [ 139.188169646, 35.295553458 ] ] ] } },
{ "type": "Feature", "properties": { "A29_001": "14206", "A29_002": "神奈川県", "A29_003": "小田原市", "A29_004": 5, "A29_005": "第一種住居地域", "A29_006": 60, "A29_007": 200, "A29_008": null }, "geometry": { "type": "Polygon", "coordinates": [ [ [ 139.203658827, 35.28068233 ], [ 139.203413812, 35.280867714 ], [ 139.202610263, 35.281501529 ], [ 139.202507161, 35.281575098 ], [ 139.200869243999989, 35.281974597 ], [ 139.20062639299999, 35.282066984 ], [ 139.200314155, 35.282212667 ], [ 139.199301509, 35.282595919 ], [ 139.198852318, 35.282828624 ], [ 139.19862389799999, 35.282937615 ], [ 139.197265191000014, 35.283361633 ], [ 139.197198664000013, 35.283378022 ], [ 139.197085843, 35.283405805 ], [ 139.19686623699999, 35.283452776 ], [ 139.196610048, 35.283479805 ], [ 139.196492522, 35.283486596 ], [ 139.196459299999987, 35.2844173 ], [ 139.197721773000012, 35.284424923 ], [ 139.197721064, 35.284465113 ], [ 139.19771968, 35.284925034 ], [ 139.19772005499999, 35.284941605 ], [ 139.19715976399999, 35.284941489 ], [ 139.19715478399999, 35.285766517 ], [ 139.19714291, 35.28580892 ], [ 139.197137148, 35.286349909 ], [ 139.197325175, 35.286349536 ], [ 139.197511015, 35.28634916 ], [ 139.197509059999987, 35.286599103 ], [ 139.197507105999989, 35.286849045 ], [ 139.197700759000014, 35.286849234 ], [ 139.19769226, 35.287065888 ], [ 139.197675264999987, 35.287498973 ], [ 139.19814894699999, 35.287718034 ], [ 139.19850310699999, 35.287881816 ], [ 139.199838511, 35.285946928 ], [ 139.199998797, 35.285742007 ], [ 139.20018050199999, 35.285541379 ], [ 139.200372509, 35.285359287 ], [ 139.201843208000014, 35.28402954 ], [ 139.201920105999989, 35.283951742 ], [ 139.202050525, 35.283804714 ], [ 139.202165634000011, 35.283655643 ], [ 139.202238638000011, 35.283545456 ], [ 139.202344227, 35.283371809 ], [ 139.202679773, 35.282804289 ], [ 139.202789083999988, 35.282576501 ], [ 139.203061627000011, 35.282138269 ], [ 139.203177716999988, 35.281925131 ], [ 139.203255936, 35.281754036 ], [ 139.20346767, 35.281185102 ], [ 139.203585154, 35.280902292 ], [ 139.203658827, 35.28068233 ] ] ] } },
{ "type": "Feature", "properties": { "A29_001": "14206", "A29_002": "神奈川県", "A29_003": "小田原市", "A29_004": 7, "A29_005": "準住居地域", "A29_006": 60, "A29_007": 200, "A29_008": null }, "geometry": { "type": "Polygon", "coordinates": [ [ [ 139.20256670099999, 35.284888867 ], [ 139.203212541, 35.284389301 ], [ 139.203547178, 35.28412873 ], [ 139.203752763000011, 35.283940016 ], [ 139.20414629199999, 35.283377362 ], [ 139.204455722, 35.282907444 ], [ 139.204608693000011, 35.282658341 ], [ 139.204722104000012, 35.282418676 ], [ 139.204898713, 35.281979894 ], [ 139.205029932, 35.281576382 ], [ 139.205145477, 35.281296164 ], [ 139.205186481, 35.281167998 ], [ 139.205202955, 35.28099073 ], [ 139.205164311, 35.280814727 ], [ 139.20501478700001, 35.280528527 ], [ 139.204880051, 35.280276553 ], [ 139.204721162999988, 35.279958796 ], [ 139.204627036, 35.279949752 ], [ 139.203658827, 35.28068233 ], [ 139.203585154, 35.280902292 ], [ 139.20346767, 35.281185102 ], [ 139.203255936, 35.281754036 ], [ 139.203177716999988, 35.281925131 ], [ 139.203061627000011, 35.282138269 ], [ 139.202789083999988, 35.282576501 ], [ 139.202679773, 35.282804289 ], [ 139.202344227, 35.283371809 ], [ 139.202238638000011, 35.283545456 ], [ 139.202165634000011, 35.283655643 ], [ 139.202050525, 35.283804714 ], [ 139.201920105999989, 35.283951742 ], [ 139.201843208000014, 35.28402954 ], [ 139.200372509, 35.285359287 ], [ 139.20018050199999, 35.285541379 ], [ 139.199998797, 35.285742007 ], [ 139.199838511, 35.285946928 ], [ 139.19850310699999, 35.287881816 ], [ 139.198622642, 35.287937094 ], [ 139.198694210000014, 35.287895112 ], [ 139.19878285199999, 35.287854401 ], [ 139.19918338799999, 35.28764467 ], [ 139.19954252799999, 35.287432385 ], [ 139.19992904, 35.287206001 ], [ 139.200028936, 35.28713881 ], [ 139.200484692, 35.286662798 ], [ 139.200705097, 35.286431963 ], [ 139.200920559999986, 35.286213001 ], [ 139.201000636, 35.286138179 ], [ 139.20110228199999, 35.28604216 ], [ 139.201159260999987, 35.285988535 ], [ 139.20121776799999, 35.285934918 ], [ 139.201475949000013, 35.285715944 ], [ 139.201529502999989, 35.285681438 ], [ 139.201601926, 35.285635096 ], [ 139.201952291, 35.285361616 ], [ 139.20256670099999, 35.284888867 ] ] ] } },
{ "type": "Feature", "properties": { "A29_001": "14206", "A29_002": "神奈川県", "A29_003": "小田原市", "A29_004": 5, "A29_005": "第一種住居地域", "A29_006": 60, "A29_007": 200, "A29_008": null }, "geometry": { "type": "Polygon", "coordinates": [ [ [ 139.164945698, 35.293234055 ], [ 139.164948452, 35.293229401 ], [ 139.164962107, 35.293195971 ], [ 139.164976676, 35.293157084 ], [ 139.164985019, 35.293107814 ], [ 139.164995948000012, 35.292761381 ], [ 139.16534131899999, 35.292727684 ], [ 139.16562559499999, 35.292709882 ], [ 139.165740185, 35.292706503 ], [ 139.16623109, 35.292698161 ], [ 139.16638516099999, 35.292704202 ], [ 139.16659649499999, 35.292692378 ], [ 139.166680493, 35.292687 ], [ 139.166746289, 35.292678268 ], [ 139.16679308799999, 35.29266943 ], [ 139.16683356499999, 35.292657962 ], [ 139.166940364, 35.292616545 ], [ 139.167030818, 35.290322081 ], [ 139.166137776999989, 35.290323913 ], [ 139.16612763, 35.290804026 ], [ 139.166037719, 35.290802746 ], [ 139.164973092999986, 35.290702706 ], [ 139.16488049099999, 35.290695704 ], [ 139.164804887, 35.29069269 ], [ 139.164722512, 35.290694831 ], [ 139.164631375999988, 35.290703423 ], [ 139.164556029000011, 35.290717293 ], [ 139.164472890000013, 35.290740189 ], [ 139.164423652000011, 35.2907568 ], [ 139.164137149, 35.2908616 ], [ 139.164111845, 35.290867824 ], [ 139.163879726, 35.290899657 ], [ 139.163851951999987, 35.290906652 ], [ 139.163832082999988, 35.290916286 ], [ 139.163815304, 35.290933734 ], [ 139.16380090199999, 35.290951187 ], [ 139.163793639, 35.290968039 ], [ 139.16380245, 35.291147712 ], [ 139.163801525, 35.291163941 ], [ 139.163763155999987, 35.291207898 ], [ 139.163660889, 35.291220979 ], [ 139.163616466, 35.291229819 ], [ 139.16359184699999, 35.291239427 ], [ 139.163551135, 35.291278179 ], [ 139.16354297699999, 35.291310206 ], [ 139.16350789099999, 35.291532155 ], [ 139.163504452000012, 35.291563964 ], [ 139.163503397999989, 35.291595787 ], [ 139.163503905999988, 35.291630215 ], [ 139.163506035000012, 35.291661407 ], [ 139.163512888000014, 35.291691597 ], [ 139.163554258, 35.291860056 ], [ 139.163577663000012, 35.29199372 ], [ 139.16361351899999, 35.292160202 ], [ 139.16370074299999, 35.292525269 ], [ 139.163713852, 35.29255818 ], [ 139.163727122000012, 35.292582285 ], [ 139.16374280299999, 35.292600562 ], [ 139.163756933, 35.292616226 ], [ 139.163774252, 35.292628013 ], [ 139.16380331900001, 35.29264165 ], [ 139.164024804, 35.292672108 ], [ 139.16429783699999, 35.292755377 ], [ 139.164271358, 35.292893587 ], [ 139.164313865999986, 35.293114947 ], [ 139.164315321, 35.293130541 ], [ 139.1643254, 35.293348611 ], [ 139.16434320799999, 35.293492043 ], [ 139.164362036, 35.293663784 ], [ 139.164528389999987, 35.293604238 ], [ 139.164568113, 35.293588223 ], [ 139.16460865, 35.293570906 ], [ 139.164638098000012, 35.293552887 ], [ 139.16466921, 35.293525125 ], [ 139.16470496, 35.293492258 ], [ 139.164906734999988, 35.293295424 ], [ 139.164924367999987, 35.293270192 ], [ 139.164945698, 35.293234055 ] ] ] } },
{ "type": "Feature", "properties": { "A29_001": "14206", "A29_002": "神奈川県", "A29_003": "小田原市", "A29_004": 5, "A29_005": "第一種住居地域", "A29_006": 60, "A29_007": 200, "A29_008": null }, "geometry": { "type": "Polygon", "coordinates": [ [ [ 139.169295057999989, 35.285465015 ], [ 139.169227283999987, 35.285436654 ], [ 139.169101665999989, 35.285384917 ], [ 139.168975648000014, 35.285333818 ], [ 139.168930323000012, 35.28531573 ], [ 139.16884925, 35.285283375 ], [ 139.16872246299999, 35.28523357 ], [ 139.16859530799999, 35.285184429 ], [ 139.168584536, 35.285180333 ], [ 139.168467773, 35.285135935 ], [ 139.168339882, 35.285088098 ], [ 139.16821162299999, 35.285040916 ], [ 139.16808299499999, 35.28499439 ], [ 139.167954033, 35.284948529 ], [ 139.167824714, 35.284903324 ], [ 139.167695048000013, 35.284858793 ], [ 139.167434723000014, 35.284771718 ], [ 139.16717309, 35.284687319 ], [ 139.16716357199999, 35.284684334 ], [ 139.16704179199999, 35.284646132 ], [ 139.166910193, 35.28460561 ], [ 139.166778279999988, 35.284565771 ], [ 139.166646065, 35.284526606 ], [ 139.166636527, 35.284523837 ], [ 139.166513548000012, 35.284488124 ], [ 139.16638075, 35.284450317 ], [ 139.166247661999989, 35.284413202 ], [ 139.16611429299999, 35.284376762 ], [ 139.165913235, 35.28432354 ], [ 139.16571256899999, 35.284271559 ], [ 139.16552133, 35.284224168 ], [ 139.16544344, 35.284204866 ], [ 139.165067013999987, 35.2841009 ], [ 139.16500893700001, 35.283672743 ], [ 139.16495086099999, 35.283244594 ], [ 139.164757949, 35.282707405 ], [ 139.164562416, 35.281806094 ], [ 139.164394268, 35.281040092 ], [ 139.164299125000014, 35.280795545 ], [ 139.164071236000012, 35.280444987 ], [ 139.16362850499999, 35.280074635 ], [ 139.163560192, 35.279968314 ], [ 139.16352119199999, 35.279873333 ], [ 139.163512566, 35.279830116 ], [ 139.16351998, 35.279553226 ], [ 139.163011149, 35.279502678 ], [ 139.162976977, 35.279443527 ], [ 139.162926303, 35.279363219 ], [ 139.16288437599999, 35.27931139 ], [ 139.162800237, 35.279243534 ], [ 139.16271118899999, 35.27933096 ], [ 139.162769636, 35.279785906 ], [ 139.16290698, 35.28082367 ], [ 139.162938306, 35.281055822 ], [ 139.162999062000011, 35.281505258 ], [ 139.163026593000012, 35.281719748 ], [ 139.163053787, 35.281905501 ], [ 139.163070217000012, 35.282003104 ], [ 139.163101828, 35.282140831 ], [ 139.163112366, 35.282186584 ], [ 139.163169812, 35.282396058 ], [ 139.163227853, 35.28260318 ], [ 139.163283025999988, 35.282809815 ], [ 139.163320354, 35.282950873 ], [ 139.16338404699999, 35.283169332 ], [ 139.16342864, 35.283335396 ], [ 139.163479423000013, 35.283517039 ], [ 139.163518984, 35.283666117 ], [ 139.163573106, 35.283860969 ], [ 139.16365181099999, 35.28414028 ], [ 139.163691913, 35.284287575 ], [ 139.16446031000001, 35.28444514 ], [ 139.165107715, 35.284594179 ], [ 139.165100779, 35.285775439 ], [ 139.165115197, 35.286328696 ], [ 139.165113818, 35.28678555 ], [ 139.165118199, 35.286830393 ], [ 139.165121183, 35.286852494 ], [ 139.165231667, 35.287081602 ], [ 139.16526138899999, 35.287131741 ], [ 139.165337732000012, 35.287254511 ], [ 139.165528931000011, 35.287588385 ], [ 139.16562864799999, 35.287769993 ], [ 139.165665408, 35.287846762 ], [ 139.16568241600001, 35.287897524 ], [ 139.165689207000014, 35.287927443 ], [ 139.165707078999986, 35.288143546 ], [ 139.165784113, 35.288786344 ], [ 139.165788515, 35.288821883 ], [ 139.165794693, 35.288840757 ], [ 139.165945067, 35.289197572 ], [ 139.167254617, 35.289194856 ], [ 139.167321984000012, 35.289020399 ], [ 139.167434213, 35.288777086 ], [ 139.167559941, 35.288545954 ], [ 139.167702671, 35.28831944 ], [ 139.167820264, 35.288153867 ], [ 139.167961861, 35.287974318 ], [ 139.1685644, 35.287289774 ], [ 139.168662132, 35.287174399 ], [ 139.16874647899999, 35.287065053 ], [ 139.168838029999989, 35.286933679 ], [ 139.168923678999988, 35.286795495 ], [ 139.16900734699999, 35.286641263 ], [ 139.169074748000014, 35.286497471 ], [ 139.169151993000014, 35.286299143 ], [ 139.16921066, 35.286105959 ], [ 139.16926730599999, 35.285831773 ], [ 139.169287149000013, 35.285663579 ], [ 139.169295057999989, 35.285465015 ] ] ] } },
{ "type": "Feature", "properties": { "A29_001": "14206", "A29_002": "神奈川県", "A29_003": "小田原市", "A29_004": 5, "A29_005": "第一種住居地域", "A29_006": 60, "A29_007": 200, "A29_008": null }, "geometry": { "type": "Polygon", "coordinates": [ [ [ 139.16872429, 35.293192301 ], [ 139.168720048000012, 35.293170536 ], [ 139.168707183, 35.293056374 ], [ 139.168705053, 35.292926866 ], [ 139.168707403000013, 35.292899007 ], [ 139.168725548999987, 35.292757153 ], [ 139.168729022, 35.292722341 ], [ 139.16873176499999, 35.292517214 ], [ 139.168727792, 35.292484101 ], [ 139.16870858199999, 35.292370111 ], [ 139.168693442, 35.292273361 ], [ 139.168748058, 35.29182329 ], [ 139.168758473, 35.291717972 ], [ 139.168863563, 35.290546708 ], [ 139.169057597, 35.290556481 ], [ 139.16915039700001, 35.290568763 ], [ 139.169330639, 35.290600662 ], [ 139.169440936, 35.290613707 ], [ 139.169570177, 35.290626603 ], [ 139.169631116, 35.290633644 ], [ 139.169694591, 35.290637021 ], [ 139.169719535000013, 35.290637158 ], [ 139.169761227, 35.290634187 ], [ 139.169789382, 35.290633034 ], [ 139.169809635, 35.290634137 ], [ 139.16997878699999, 35.290659015 ], [ 139.170050862000011, 35.290674221 ], [ 139.17006712, 35.290679871 ], [ 139.170084558000013, 35.290689107 ], [ 139.17021305099999, 35.290752081 ], [ 139.170229334999988, 35.290759932 ], [ 139.170407723000011, 35.290817058 ], [ 139.170464981, 35.290827829 ], [ 139.17052443899999, 35.290831643 ], [ 139.171778393000011, 35.290842807 ], [ 139.172463077, 35.290816092 ], [ 139.17258618, 35.290813276 ], [ 139.17306041, 35.290807167 ], [ 139.173253181, 35.290797862 ], [ 139.173339223, 35.290792238 ], [ 139.173442311, 35.290780604 ], [ 139.173507174, 35.290768771 ], [ 139.17359015299999, 35.290749194 ], [ 139.17367001299999, 35.290720884 ], [ 139.17373315099999, 35.290698053 ], [ 139.173797089, 35.29066879 ], [ 139.173853584999989, 35.290642101 ], [ 139.17395919, 35.290581714 ], [ 139.174004819, 35.290554146 ], [ 139.174021538, 35.290542338 ], [ 139.174063557000011, 35.290512658 ], [ 139.174107467, 35.290469288 ], [ 139.174158885999987, 35.290413825 ], [ 139.174187819999986, 35.290377475 ], [ 139.1742265, 35.290322772 ], [ 139.174233402999988, 35.290310824 ], [ 139.168295838, 35.290320718 ], [ 139.16818552, 35.293120265 ], [ 139.168154694, 35.293672254 ], [ 139.168838681000011, 35.293725789 ], [ 139.168726157, 35.293201921 ], [ 139.16872429, 35.293192301 ] ] ] } },
{ "type": "Feature", "properties": { "A29_001": "14206", "A29_002": "神奈川県", "A29_003": "小田原市", "A29_004": 5, "A29_005": "第一種住居地域", "A29_006": 60, "A29_007": 200, "A29_008": null }, "geometry": { "type": "Polygon", "coordinates": [ [ [ 139.17501092099999, 35.28918411 ], [ 139.175247219999989, 35.289056773 ], [ 139.174847762000013, 35.288858876 ], [ 139.174759983, 35.288825343 ], [ 139.17470317499999, 35.288809403 ], [ 139.17465333199999, 35.288802164 ], [ 139.174578020000013, 35.288793037 ], [ 139.174480372, 35.288789026 ], [ 139.174365724000012, 35.288786662 ], [ 139.17427236099999, 35.288777446 ], [ 139.174188622, 35.288759565 ], [ 139.174097249, 35.288736892 ], [ 139.17390011399999, 35.288722288 ], [ 139.173741701000012, 35.288718404 ], [ 139.17370948199999, 35.288715182 ], [ 139.173694098, 35.288712925 ], [ 139.173611953, 35.288695053 ], [ 139.173581352000014, 35.288687522 ], [ 139.173552171000011, 35.288685181 ], [ 139.173526164, 35.288684606 ], [ 139.173460995999989, 35.288688163 ], [ 139.173442939000012, 35.288690246 ], [ 139.17343071, 35.288691919 ], [ 139.173295117, 35.288726442 ], [ 139.17326323, 35.288731055 ], [ 139.173228704, 35.288733048 ], [ 139.173207469, 35.28873249 ], [ 139.17313771100001, 35.288731244 ], [ 139.17283826900001, 35.288733963 ], [ 139.17261346699999, 35.288740587 ], [ 139.172147214, 35.288758068 ], [ 139.171713294, 35.288775725 ], [ 139.17169417, 35.288776495 ], [ 139.171678678, 35.28877129 ], [ 139.17142307899999, 35.288605294 ], [ 139.171378511, 35.288626702 ], [ 139.171135362, 35.288758618 ], [ 139.171091889, 35.288776444 ], [ 139.171056775000011, 35.288785834 ], [ 139.171019561, 35.288792598 ], [ 139.170986625000012, 35.288795022 ], [ 139.170957947, 35.28879574 ], [ 139.170914406, 35.288796376 ], [ 139.170831563, 35.288799401 ], [ 139.170766794, 35.288799921 ], [ 139.170676512999989, 35.28880378 ], [ 139.17058729199999, 35.288808511 ], [ 139.170559414, 35.288727294 ], [ 139.17054862399999, 35.288710306 ], [ 139.170432409, 35.288528008 ], [ 139.170389395, 35.288445158 ], [ 139.17037572000001, 35.288411244 ], [ 139.170355121999989, 35.288336621 ], [ 139.170325428000012, 35.288186815 ], [ 139.170295317000011, 35.288088225 ], [ 139.170214657, 35.287866946 ], [ 139.170149304, 35.287704578 ], [ 139.17011159099999, 35.287578281 ], [ 139.170103946000012, 35.28754788 ], [ 139.17006471, 35.287380607 ], [ 139.170054760999989, 35.28733476 ], [ 139.170045547, 35.287283699 ], [ 139.170042998000014, 35.287263376 ], [ 139.16988319399999, 35.287509865 ], [ 139.16974155, 35.287699754 ], [ 139.169580644, 35.287891124 ], [ 139.168978110000012, 35.288575674 ], [ 139.168833575, 35.288767736 ], [ 139.16873250099999, 35.288921998 ], [ 139.168601507, 35.289157376 ], [ 139.168583641999987, 35.289197219 ], [ 139.17501092099999, 35.28918411 ] ] ] } },
{ "type": "Feature", "properties": { "A29_001": "14206", "A29_002": "神奈川県", "A29_003": "小田原市", "A29_004": 7, "A29_005": "準住居地域", "A29_006": 60, "A29_007": 200, "A29_008": null }, "geometry": { "type": "Polygon", "coordinates": [ [ [ 139.174233402999988, 35.290310824 ], [ 139.174255549, 35.290272487 ], [ 139.174282564, 35.290215152 ], [ 139.174339862000011, 35.290066443 ], [ 139.174455926, 35.289763994 ], [ 139.174510002, 35.289642363 ], [ 139.17453795099999, 35.289588999 ], [ 139.174589481999988, 35.289512858 ], [ 139.17468480299999, 35.289414835 ], [ 139.17476180599999, 35.289345575 ], [ 139.174826919, 35.289295694 ], [ 139.174867506, 35.289266313 ], [ 139.174904868999988, 35.289241259 ], [ 139.17501092099999, 35.28918411 ], [ 139.168583641999987, 35.289197219 ], [ 139.168601507, 35.289157376 ], [ 139.16873250099999, 35.288921998 ], [ 139.168833575, 35.288767736 ], [ 139.168978110000012, 35.288575674 ], [ 139.169580644, 35.287891124 ], [ 139.16974155, 35.287699754 ], [ 139.16988319399999, 35.287509865 ], [ 139.170042998000014, 35.287263376 ], [ 139.17003243799999, 35.287179109 ], [ 139.170027389000012, 35.28712962 ], [ 139.170018911, 35.286978777 ], [ 139.170020389, 35.286871788 ], [ 139.170024289, 35.286765677 ], [ 139.17003567899999, 35.286633358 ], [ 139.170030341, 35.286542692 ], [ 139.169906485000013, 35.28648627 ], [ 139.16991375500001, 35.285743349 ], [ 139.169924256, 35.285575987 ], [ 139.16992661399999, 35.285363709 ], [ 139.169915207, 35.285165093 ], [ 139.169658914, 35.282834666 ], [ 139.169449895000014, 35.280933939 ], [ 139.16997982, 35.280887828 ], [ 139.17002694199999, 35.280912649 ], [ 139.170089802, 35.280914905 ], [ 139.170027002000012, 35.280409202 ], [ 139.175360756, 35.280406367 ], [ 139.176086086999987, 35.280405965 ], [ 139.176458488, 35.28041309 ], [ 139.177442678, 35.280443904 ], [ 139.177810727, 35.280452272 ], [ 139.17832883, 35.280453564 ], [ 139.17882450799999, 35.280454805 ], [ 139.17909486, 35.280455483 ], [ 139.179592979, 35.280456724 ], [ 139.18091917000001, 35.280460026 ], [ 139.18131242199999, 35.280460632 ], [ 139.181624465, 35.280623729 ], [ 139.181989638, 35.280806195 ], [ 139.182325514000013, 35.280972321 ], [ 139.182795258999988, 35.281199471 ], [ 139.183255615, 35.281418925 ], [ 139.183824241, 35.281685453 ], [ 139.184455824999986, 35.281975708 ], [ 139.184462196, 35.282643211 ], [ 139.186876366, 35.282648231 ], [ 139.186880424, 35.281988275 ], [ 139.186882846, 35.281594975 ], [ 139.186908066, 35.281020693 ], [ 139.188049127999989, 35.281026362 ], [ 139.18805764699999, 35.279898406 ], [ 139.186873862999988, 35.279892555 ], [ 139.186875466, 35.279368866 ], [ 139.184042777, 35.279359955 ], [ 139.182903775999989, 35.279369061 ], [ 139.18176172, 35.279412231 ], [ 139.181281320000011, 35.279421338 ], [ 139.181178855000013, 35.27942002 ], [ 139.18092061499999, 35.2794167 ], [ 139.179377574, 35.279412856 ], [ 139.179378371000013, 35.279937884 ], [ 139.178925819999989, 35.279936752 ], [ 139.178553876, 35.279935821 ], [ 139.178550593000011, 35.279648578 ], [ 139.178539403, 35.279536616 ], [ 139.17851349599999, 35.279417408 ], [ 139.177813552, 35.279415663 ], [ 139.177494407000012, 35.279408192 ], [ 139.176510228000012, 35.279377378 ], [ 139.176083162, 35.279369362 ], [ 139.16976023, 35.279372729 ], [ 139.168662438000013, 35.27842681 ], [ 139.16752582699999, 35.277461818 ], [ 139.16620413199999, 35.276336011 ], [ 139.16550182899999, 35.276286128 ], [ 139.16534472699999, 35.276355859 ], [ 139.164690724, 35.275797733 ], [ 139.164679608, 35.27580866 ], [ 139.16443845399999, 35.276006314 ], [ 139.164313267000011, 35.27623047 ], [ 139.165917597, 35.277596776 ], [ 139.167745956, 35.279153789 ], [ 139.16871079, 35.279983976 ], [ 139.16928692499999, 35.285226493 ], [ 139.169295057999989, 35.285465015 ], [ 139.169287149000013, 35.285663579 ], [ 139.16926730599999, 35.285831773 ], [ 139.16921066, 35.286105959 ], [ 139.169151993000014, 35.286299143 ], [ 139.169074748000014, 35.286497471 ], [ 139.16900734699999, 35.286641263 ], [ 139.168923678999988, 35.286795495 ], [ 139.168838029999989, 35.286933679 ], [ 139.16874647899999, 35.287065053 ], [ 139.168662132, 35.287174399 ], [ 139.1685644, 35.287289774 ], [ 139.167961861, 35.287974318 ], [ 139.167820264, 35.288153867 ], [ 139.167702671, 35.28831944 ], [ 139.167559941, 35.288545954 ], [ 139.167434213, 35.288777086 ], [ 139.167321984000012, 35.289020399 ], [ 139.167254617, 35.289194856 ], [ 139.165945067, 35.289197572 ], [ 139.166157261, 35.289701071 ], [ 139.166157311, 35.289887924 ], [ 139.166139276, 35.290252977 ], [ 139.166137776999989, 35.290323913 ], [ 139.167030818, 35.290322081 ], [ 139.166940364, 35.292616545 ], [ 139.166952915, 35.292611683 ], [ 139.16758403599999, 35.292333018 ], [ 139.167553669, 35.293103673 ], [ 139.16752512, 35.293621447 ], [ 139.167607206000014, 35.293629399 ], [ 139.168154694, 35.293672254 ], [ 139.16818552, 35.293120265 ], [ 139.168295838, 35.290320718 ], [ 139.174233402999988, 35.290310824 ] ] ] } },
{ "type": "Feature", "properties": { "A29_001": "14206", "A29_002": "神奈川県", "A29_003": "小田原市", "A29_004": 7, "A29_005": "準住居地域", "A29_006": 60, "A29_007": 200, "A29_008": null }, "geometry": { "type": "Polygon", "coordinates": [ [ [ 139.19156708, 35.290118357 ], [ 139.19157346, 35.289458654 ], [ 139.19157335700001, 35.289458654 ], [ 139.189224329000012, 35.289447177 ], [ 139.187995976, 35.289541244 ], [ 139.187997364000012, 35.289367734 ], [ 139.188006666, 35.288209497 ], [ 139.187968915, 35.288178701 ], [ 139.187934189, 35.288208731 ], [ 139.187919969, 35.288196874 ], [ 139.187822686, 35.288123287 ], [ 139.18770815900001, 35.288036653 ], [ 139.187702252, 35.288043861 ], [ 139.187629533, 35.288113818 ], [ 139.187519006, 35.288214259 ], [ 139.187447471000013, 35.288267926 ], [ 139.187272197999988, 35.288393511 ], [ 139.186725231999986, 35.288788616 ], [ 139.186692921, 35.288812114 ], [ 139.186583644, 35.288876729 ], [ 139.186502705, 35.28892948 ], [ 139.186274045, 35.289094756 ], [ 139.185552118, 35.289148006 ], [ 139.179548861, 35.289165609 ], [ 139.17828454299999, 35.289169278 ], [ 139.177532778, 35.289171452 ], [ 139.17711717099999, 35.289172715 ], [ 139.176749381, 35.28899667 ], [ 139.176589983000014, 35.288918743 ], [ 139.17634055799999, 35.288796798 ], [ 139.176058957, 35.288656226 ], [ 139.17597978399999, 35.288696127 ], [ 139.175966902, 35.288702619 ], [ 139.17543788, 35.288953265 ], [ 139.17597810800001, 35.289222948 ], [ 139.176391147, 35.289424881 ], [ 139.176599076, 35.289524552 ], [ 139.176828366, 35.289631054 ], [ 139.177027877, 35.289720728 ], [ 139.177251609, 35.289815508 ], [ 139.17752670499999, 35.289927199 ], [ 139.17775175700001, 35.290010031 ], [ 139.178003502, 35.290093018 ], [ 139.178225871, 35.29016373 ], [ 139.178583078, 35.290261223 ], [ 139.178924126999988, 35.290337562 ], [ 139.179137357, 35.290381514 ], [ 139.179312549, 35.290410189 ], [ 139.179535566999988, 35.290444242 ], [ 139.179790774999987, 35.290478379 ], [ 139.18003087400001, 35.290500579 ], [ 139.180258852, 35.290520722 ], [ 139.180516012, 35.290535054 ], [ 139.181005383000013, 35.290547619 ], [ 139.18164489099999, 35.290552058 ], [ 139.182816137, 35.290532465 ], [ 139.183849591000012, 35.290488243 ], [ 139.18403350299999, 35.290481253 ], [ 139.18425930699999, 35.29046953 ], [ 139.18511735199999, 35.29041242 ], [ 139.185824352, 35.290357445 ], [ 139.187524966000012, 35.290219986 ], [ 139.188697674, 35.290148359 ], [ 139.191566419999987, 35.290118759 ], [ 139.191567077, 35.290118757 ], [ 139.19156708, 35.290118357 ] ] ] } },
{ "type": "Feature", "properties": { "A29_001": "14206", "A29_002": "神奈川県", "A29_003": "小田原市", "A29_004": 5, "A29_005": "第一種住居地域", "A29_006": 60, "A29_007": 200, "A29_008": null }, "geometry": { "type": "Polygon", "coordinates": [ [ [ 139.179548860000011, 35.289165608 ], [ 139.179559119, 35.287267427 ], [ 139.17957365800001, 35.284332105 ], [ 139.179592979, 35.280456724 ], [ 139.17909486, 35.280455483 ], [ 139.17882450799999, 35.280454805 ], [ 139.17832883, 35.280453564 ], [ 139.17830945599999, 35.28432806 ], [ 139.178303491, 35.285530024 ], [ 139.178294885000014, 35.287261732 ], [ 139.17828454299999, 35.289169278 ], [ 139.179548860000011, 35.289165608 ] ] ] } },
{ "type": "Feature", "properties": { "A29_001": "14206", "A29_002": "神奈川県", "A29_003": "小田原市", "A29_004": 9, "A29_005": "商業地域", "A29_006": 80, "A29_007": 200, "A29_008": null }, "geometry": { "type": "Polygon", "coordinates": [ [ [ 139.189263821999987, 35.284903518 ], [ 139.189301707999988, 35.2810229 ], [ 139.18929916799999, 35.281022982 ], [ 139.188049127999989, 35.281026362 ], [ 139.186908066, 35.281020693 ], [ 139.186882846, 35.281594975 ], [ 139.186880424, 35.281988275 ], [ 139.186876366, 35.282648231 ], [ 139.184462196, 35.282643211 ], [ 139.184473578, 35.283835966 ], [ 139.184483308000011, 35.284855596 ], [ 139.184485064, 35.28541541 ], [ 139.184853787, 35.285423525 ], [ 139.185643053, 35.28542075 ], [ 139.185642368, 35.285828464 ], [ 139.186850496, 35.285848818 ], [ 139.186855925, 35.284900336 ], [ 139.189263821999987, 35.284903518 ] ] ] } },
{ "type": "Feature", "properties": { "A29_001": "14206", "A29_002": "神奈川県", "A29_003": "小田原市", "A29_004": 11, "A29_005": "工業地域", "A29_006": 60, "A29_007": 200, "A29_008": null }, "geometry": { "type": "Polygon", "coordinates": [ [ [ 139.198622642, 35.287937094 ], [ 139.19850310699999, 35.287881816 ], [ 139.19814894699999, 35.287718034 ], [ 139.197675264999987, 35.287498973 ], [ 139.19769226, 35.287065888 ], [ 139.197700759000014, 35.286849234 ], [ 139.197507105999989, 35.286849045 ], [ 139.197509059999987, 35.286599103 ], [ 139.197511015, 35.28634916 ], [ 139.197325175, 35.286349536 ], [ 139.197137148, 35.286349909 ], [ 139.19714291, 35.28580892 ], [ 139.19715478399999, 35.285766517 ], [ 139.19715976399999, 35.284941489 ], [ 139.19772005499999, 35.284941605 ], [ 139.19771968, 35.284925034 ], [ 139.197721064, 35.284465113 ], [ 139.197721773000012, 35.284424923 ], [ 139.196459299999987, 35.2844173 ], [ 139.196492522, 35.283486596 ], [ 139.196610048, 35.283479805 ], [ 139.19686623699999, 35.283452776 ], [ 139.197085843, 35.283405805 ], [ 139.197198664000013, 35.283378022 ], [ 139.19720435, 35.283064261 ], [ 139.19768378099999, 35.28301961 ], [ 139.197690419, 35.282846926 ], [ 139.198261231, 35.282853502 ], [ 139.198270643, 35.28192689 ], [ 139.198592622, 35.281950277 ], [ 139.1985965, 35.280957391 ], [ 139.199747505, 35.280970943 ], [ 139.199768285, 35.279934679 ], [ 139.192886608, 35.279912368 ], [ 139.18931265, 35.279902054 ], [ 139.18805764699999, 35.279898406 ], [ 139.188049127999989, 35.281026362 ], [ 139.18929916799999, 35.281022982 ], [ 139.189301707999988, 35.2810229 ], [ 139.189263821999987, 35.284903518 ], [ 139.18925790899999, 35.285612687 ], [ 139.189317206, 35.285600494 ], [ 139.18962624299999, 35.285532658 ], [ 139.18993488800001, 35.285465739 ], [ 139.19025607399999, 35.28539208 ], [ 139.190313671000013, 35.285382092 ], [ 139.190357642, 35.285375466 ], [ 139.190391132, 35.28537221 ], [ 139.190429827, 35.285372415 ], [ 139.190468184, 35.285375188 ], [ 139.190532972999989, 35.285381536 ], [ 139.19166399299999, 35.285497315 ], [ 139.191789371, 35.285511699 ], [ 139.191845761, 35.285522293 ], [ 139.19189898, 35.285536303 ], [ 139.191946349, 35.285551887 ], [ 139.19254712599999, 35.285752373 ], [ 139.193312615999986, 35.285991441 ], [ 139.19337729099999, 35.286012372 ], [ 139.19347640699999, 35.286042057 ], [ 139.193725448, 35.28611701 ], [ 139.193797397999987, 35.286143982 ], [ 139.19395539300001, 35.286220176 ], [ 139.194391967, 35.286424922 ], [ 139.194765358000012, 35.286606608 ], [ 139.194988274, 35.286717586 ], [ 139.195700429999988, 35.287064212 ], [ 139.196052939, 35.287235959 ], [ 139.196276974999989, 35.287339215 ], [ 139.196405184000014, 35.287393939 ], [ 139.19777184599999, 35.287827937 ], [ 139.198088379000012, 35.287928088 ], [ 139.198123865000014, 35.287936847 ], [ 139.19816146299999, 35.287943913 ], [ 139.198246342, 35.287951498 ], [ 139.198341421, 35.287962291 ], [ 139.198453782, 35.287970173 ], [ 139.198262152000012, 35.288085233 ], [ 139.19829798, 35.288127526 ], [ 139.198622642, 35.287937094 ] ] ] } },
{ "type": "Feature", "properties": { "A29_001": "14206", "A29_002": "神奈川県", "A29_003": "小田原市", "A29_004": 8, "A29_005": "近隣商業地域", "A29_006": 80, "A29_007": 200, "A29_008": null }, "geometry": { "type": "Polygon", "coordinates": [ [ [ 139.18680765799999, 35.302509184 ], [ 139.18671913099999, 35.302578556 ], [ 139.186795862, 35.302518878 ], [ 139.18680765799999, 35.302509184 ] ] ] } },
{ "type": "Feature", "properties": { "A29_001": "14206", "A29_002": "神奈川県", "A29_003": "小田原市", "A29_004": 5, "A29_005": "第一種住居地域", "A29_006": 60, "A29_007": 200, "A29_008": null }, "geometry": { "type": "Polygon", "coordinates": [ [ [ 139.18680765799999, 35.302509184 ], [ 139.18671913099999, 35.302578556 ], [ 139.186795862, 35.302518878 ], [ 139.18680765799999, 35.302509184 ] ] ] } },
{ "type": "Feature", "properties": { "A29_001": "14206", "A29_002": "神奈川県", "A29_003": "小田原市", "A29_004": 5, "A29_005": "第一種住居地域", "A29_006": 60, "A29_007": 200, "A29_008": null }, "geometry": { "type": "Polygon", "coordinates": [ [ [ 139.179222489000011, 35.302633823 ], [ 139.179215499, 35.302762263 ], [ 139.17921038099999, 35.302859689 ], [ 139.179222489000011, 35.302633823 ] ] ] } },
{ "type": "Feature", "properties": { "A29_001": "14206", "A29_002": "神奈川県", "A29_003": "小田原市", "A29_004": 1, "A29_005": "第一種低層住居専用地域", "A29_006": 60, "A29_007": 100, "A29_008": null }, "geometry": { "type": "Polygon", "coordinates": [ [ [ 139.179222489000011, 35.302633823 ], [ 139.179215499, 35.302762263 ], [ 139.17921038099999, 35.302859689 ], [ 139.179222489000011, 35.302633823 ] ] ] } },
{ "type": "Feature", "properties": { "A29_001": "14206", "A29_002": "神奈川県", "A29_003": "小田原市", "A29_004": 3, "A29_005": "第一種中高層住居専用地域", "A29_006": 60, "A29_007": 150, "A29_008": null }, "geometry": { "type": "Polygon", "coordinates": [ [ [ 139.230339082, 35.299386795 ], [ 139.230261895000012, 35.299441541 ], [ 139.230123103000011, 35.299534829 ], [ 139.230255453000012, 35.299447039 ], [ 139.230339082, 35.299386795 ] ] ] } },
{ "type": "Feature", "properties": { "A29_001": "14206", "A29_002": "神奈川県", "A29_003": "小田原市", "A29_004": 5, "A29_005": "第一種住居地域", "A29_006": 60, "A29_007": 200, "A29_008": null }, "geometry": { "type": "Polygon", "coordinates": [ [ [ 139.230339082, 35.299386795 ], [ 139.230261895000012, 35.299441541 ], [ 139.230123103000011, 35.299534829 ], [ 139.230255453000012, 35.299447039 ], [ 139.230339082, 35.299386795 ] ] ] } },
{ "type": "Feature", "properties": { "A29_001": "14206", "A29_002": "神奈川県", "A29_003": "小田原市", "A29_004": 3, "A29_005": "第一種中高層住居専用地域", "A29_006": 60, "A29_007": 150, "A29_008": null }, "geometry": { "type": "Polygon", "coordinates": [ [ [ 139.184764296999987, 35.296990698 ], [ 139.184974114999989, 35.297030152 ], [ 139.185026923, 35.297039673 ], [ 139.184764296999987, 35.296990698 ] ] ] } },
{ "type": "Feature", "properties": { "A29_001": "14206", "A29_002": "神奈川県", "A29_003": "小田原市", "A29_004": 1, "A29_005": "第一種低層住居専用地域", "A29_006": 60, "A29_007": 100, "A29_008": null }, "geometry": { "type": "Polygon", "coordinates": [ [ [ 139.184764296999987, 35.296990698 ], [ 139.184974114999989, 35.297030152 ], [ 139.185026923, 35.297039673 ], [ 139.184764296999987, 35.296990698 ] ] ] } },
{ "type": "Feature", "properties": { "A29_001": "14206", "A29_002": "神奈川県", "A29_003": "小田原市", "A29_004": 12, "A29_005": "工業専用地域", "A29_006": 60, "A29_007": 200, "A29_008": null }, "geometry": { "type": "Polygon", "coordinates": [ [ [ 139.228947702, 35.293979112 ], [ 139.228947447, 35.293978826 ], [ 139.228786716, 35.29406372 ], [ 139.228947702, 35.293979112 ] ] ] } },
{ "type": "Feature", "properties": { "A29_001": "14206", "A29_002": "神奈川県", "A29_003": "小田原市", "A29_004": 10, "A29_005": "準工業地域", "A29_006": 60, "A29_007": 200, "A29_008": null }, "geometry": { "type": "Polygon", "coordinates": [ [ [ 139.228947702, 35.293979112 ], [ 139.228947447, 35.293978826 ], [ 139.228786716, 35.29406372 ], [ 139.228947702, 35.293979112 ] ] ] } },
{ "type": "Feature", "properties": { "A29_001": "14206", "A29_002": "神奈川県", "A29_003": "小田原市", "A29_004": 5, "A29_005": "第一種住居地域", "A29_006": 60, "A29_007": 200, "A29_008": null }, "geometry": { "type": "MultiPolygon", "coordinates": [ [ [ [ 139.146701803000013, 35.280708472 ], [ 139.145497741000014, 35.281370405 ], [ 139.14655284599999, 35.280790493 ], [ 139.146701803000013, 35.280708472 ] ] ], [ [ [ 139.14734661599999, 35.280172032 ], [ 139.147143992, 35.280364751 ], [ 139.14700971799999, 35.280478278 ], [ 139.147144172, 35.280364789 ], [ 139.14734661599999, 35.280172032 ] ] ], [ [ [ 139.14970104, 35.277863159 ], [ 139.14970088199999, 35.277863098 ], [ 139.148915042, 35.278636951 ], [ 139.148675852999986, 35.278873265 ], [ 139.147924324, 35.279622559 ], [ 139.147611192, 35.279920389 ], [ 139.147924504, 35.279622599 ], [ 139.148676034, 35.278873303 ], [ 139.148915224, 35.27863699 ], [ 139.14970104, 35.277863159 ] ] ] ] } },
{ "type": "Feature", "properties": { "A29_001": "14206", "A29_002": "神奈川県", "A29_003": "小田原市", "A29_004": 3, "A29_005": "第一種中高層住居専用地域", "A29_006": 60, "A29_007": 200, "A29_008": null }, "geometry": { "type": "MultiPolygon", "coordinates": [ [ [ [ 139.146701803000013, 35.280708472 ], [ 139.145497741000014, 35.281370405 ], [ 139.14655284599999, 35.280790493 ], [ 139.146701803000013, 35.280708472 ] ] ], [ [ [ 139.14734661599999, 35.280172032 ], [ 139.147143992, 35.280364751 ], [ 139.14700971799999, 35.280478278 ], [ 139.147144172, 35.280364789 ], [ 139.14734661599999, 35.280172032 ] ] ], [ [ [ 139.14970104, 35.277863159 ], [ 139.14970088199999, 35.277863098 ], [ 139.148915042, 35.278636951 ], [ 139.148675852999986, 35.278873265 ], [ 139.147924324, 35.279622559 ], [ 139.147611192, 35.279920389 ], [ 139.147924504, 35.279622599 ], [ 139.148676034, 35.278873303 ], [ 139.148915224, 35.27863699 ], [ 139.14970104, 35.277863159 ] ] ] ] } },
{ "type": "Feature", "properties": { "A29_001": "14206", "A29_002": "神奈川県", "A29_003": "小田原市", "A29_004": 5, "A29_005": "第一種住居地域", "A29_006": 60, "A29_007": 200, "A29_008": null }, "geometry": { "type": "Polygon", "coordinates": [ [ [ 139.158439735, 35.268290396 ], [ 139.158167514000013, 35.270193579 ], [ 139.15802545599999, 35.271150925 ], [ 139.158168566, 35.270193731 ], [ 139.158439735, 35.268290396 ] ] ] } },
{ "type": "Feature", "properties": { "A29_001": "14206", "A29_002": "神奈川県", "A29_003": "小田原市", "A29_004": 7, "A29_005": "準住居地域", "A29_006": 60, "A29_007": 200, "A29_008": null }, "geometry": { "type": "Polygon", "coordinates": [ [ [ 139.158439735, 35.268290396 ], [ 139.158167514000013, 35.270193579 ], [ 139.15802545599999, 35.271150925 ], [ 139.158168566, 35.270193731 ], [ 139.158439735, 35.268290396 ] ] ] } },
{ "type": "Feature", "properties": { "A29_001": "14206", "A29_002": "神奈川県", "A29_003": "小田原市", "A29_004": 5, "A29_005": "第一種住居地域", "A29_006": 60, "A29_007": 200, "A29_008": null }, "geometry": null },
{ "type": "Feature", "properties": { "A29_001": "14206", "A29_002": "神奈川県", "A29_003": "小田原市", "A29_004": 11, "A29_005": "工業地域", "A29_006": 60, "A29_007": 200, "A29_008": null }, "geometry": null },
{ "type": "Feature", "properties": { "A29_001": "14206", "A29_002": "神奈川県", "A29_003": "小田原市", "A29_004": 5, "A29_005": "第一種住居地域", "A29_006": 60, "A29_007": 200, "A29_008": null }, "geometry": { "type": "MultiPolygon", "coordinates": [ [ [ [ 139.15458533099999, 35.268496006 ], [ 139.154515112000013, 35.269165291 ], [ 139.154488506, 35.269163573 ], [ 139.15446172599999, 35.269305125 ], [ 139.15449500599999, 35.26931584 ], [ 139.154485685, 35.269630813 ], [ 139.15448077, 35.270375469 ], [ 139.154381269, 35.270629109 ], [ 139.15418308400001, 35.271002885 ], [ 139.154053379, 35.271012686 ], [ 139.154183265, 35.271002924 ], [ 139.154381449999988, 35.270629149 ], [ 139.154480951000011, 35.270375508 ], [ 139.154485867, 35.269630853 ], [ 139.154495187, 35.26931588 ], [ 139.154461908, 35.269305164 ], [ 139.154488687, 35.269163613 ], [ 139.154515293, 35.269165331 ], [ 139.15458533099999, 35.268496006 ] ] ], [ [ [ 139.154938864, 35.268492487 ], [ 139.154757552, 35.268494733 ], [ 139.15458533099999, 35.268496006 ], [ 139.154757733999986, 35.268494772 ], [ 139.154938864, 35.268492487 ] ] ] ] } },
{ "type": "Feature", "properties": { "A29_001": "14206", "A29_002": "神奈川県", "A29_003": "小田原市", "A29_004": 10, "A29_005": "準工業地域", "A29_006": 60, "A29_007": 200, "A29_008": null }, "geometry": { "type": "MultiPolygon", "coordinates": [ [ [ [ 139.15458533099999, 35.268496006 ], [ 139.154515112000013, 35.269165291 ], [ 139.154488506, 35.269163573 ], [ 139.15446172599999, 35.269305125 ], [ 139.15449500599999, 35.26931584 ], [ 139.154485685, 35.269630813 ], [ 139.15448077, 35.270375469 ], [ 139.154381269, 35.270629109 ], [ 139.15418308400001, 35.271002885 ], [ 139.154053379, 35.271012686 ], [ 139.154183265, 35.271002924 ], [ 139.154381449999988, 35.270629149 ], [ 139.154480951000011, 35.270375508 ], [ 139.154485867, 35.269630853 ], [ 139.154495187, 35.26931588 ], [ 139.154461908, 35.269305164 ], [ 139.154488687, 35.269163613 ], [ 139.154515293, 35.269165331 ], [ 139.15458533099999, 35.268496006 ] ] ], [ [ [ 139.154938864, 35.268492487 ], [ 139.154757552, 35.268494733 ], [ 139.15458533099999, 35.268496006 ], [ 139.154757733999986, 35.268494772 ], [ 139.154938864, 35.268492487 ] ] ] ] } },
{ "type": "Feature", "properties": { "A29_001": "14206", "A29_002": "神奈川県", "A29_003": "小田原市", "A29_004": 5, "A29_005": "第一種住居地域", "A29_006": 60, "A29_007": 200, "A29_008": null }, "geometry": { "type": "Polygon", "coordinates": [ [ [ 139.150652404999988, 35.267718345 ], [ 139.15061596699999, 35.26846536 ], [ 139.150011357000011, 35.269277802 ], [ 139.15061614699999, 35.268465399 ], [ 139.150652404999988, 35.267718345 ] ] ] } },
{ "type": "Feature", "properties": { "A29_001": "14206", "A29_002": "神奈川県", "A29_003": "小田原市", "A29_004": 10, "A29_005": "準工業地域", "A29_006": 60, "A29_007": 200, "A29_008": null }, "geometry": { "type": "Polygon", "coordinates": [ [ [ 139.150652404999988, 35.267718345 ], [ 139.15061596699999, 35.26846536 ], [ 139.150011357000011, 35.269277802 ], [ 139.15061614699999, 35.268465399 ], [ 139.150652404999988, 35.267718345 ] ] ] } },
{ "type": "Feature", "properties": { "A29_001": "14206", "A29_002": "神奈川県", "A29_003": "小田原市", "A29_004": 8, "A29_005": "近隣商業地域", "A29_006": 80, "A29_007": 200, "A29_008": null }, "geometry": { "type": "Polygon", "coordinates": [ [ [ 139.215099414, 35.280452244 ], [ 139.21511767699999, 35.280502795 ], [ 139.215123084999988, 35.280527289 ], [ 139.215119353, 35.280506746 ], [ 139.21511093, 35.280480318 ], [ 139.215099414, 35.280452244 ] ] ] } },
{ "type": "Feature", "properties": { "A29_001": "14206", "A29_002": "神奈川県", "A29_003": "小田原市", "A29_004": 5, "A29_005": "第一種住居地域", "A29_006": 60, "A29_007": 200, "A29_008": null }, "geometry": { "type": "Polygon", "coordinates": [ [ [ 139.215099414, 35.280452244 ], [ 139.21511767699999, 35.280502795 ], [ 139.215123084999988, 35.280527289 ], [ 139.215119353, 35.280506746 ], [ 139.21511093, 35.280480318 ], [ 139.215099414, 35.280452244 ] ] ] } },
{ "type": "Feature", "properties": { "A29_001": "14206", "A29_002": "神奈川県", "A29_003": "小田原市", "A29_004": 5, "A29_005": "第一種住居地域", "A29_006": 60, "A29_007": 200, "A29_008": null }, "geometry": { "type": "Polygon", "coordinates": [ [ [ 139.19027114299999, 35.267611495 ], [ 139.190276681, 35.267639882 ], [ 139.19027585399999, 35.267632367 ], [ 139.19027114299999, 35.267611495 ] ] ] } },
{ "type": "Feature", "properties": { "A29_001": "14206", "A29_002": "神奈川県", "A29_003": "小田原市", "A29_004": 3, "A29_005": "第一種中高層住居専用地域", "A29_006": 60, "A29_007": 200, "A29_008": null }, "geometry": { "type": "Polygon", "coordinates": [ [ [ 139.19027114299999, 35.267611495 ], [ 139.190276681, 35.267639882 ], [ 139.19027585399999, 35.267632367 ], [ 139.19027114299999, 35.267611495 ] ] ] } },
{ "type": "Feature", "properties": { "A29_001": "14206", "A29_002": "神奈川県", "A29_003": "小田原市", "A29_004": 3, "A29_005": "第一種中高層住居専用地域", "A29_006": 60, "A29_007": 150, "A29_008": null }, "geometry": { "type": "Polygon", "coordinates": [ [ [ 139.14952619799999, 35.247123688 ], [ 139.149530734, 35.247129374 ], [ 139.14954666, 35.247149333 ], [ 139.149545181, 35.247147114 ], [ 139.149530813000013, 35.247129384 ], [ 139.14952619799999, 35.247123688 ] ] ] } },
{ "type": "Feature", "properties": { "A29_001": "14206", "A29_002": "神奈川県", "A29_003": "小田原市", "A29_004": 8, "A29_005": "近隣商業地域", "A29_006": 80, "A29_007": 200, "A29_008": null }, "geometry": { "type": "Polygon", "coordinates": [ [ [ 139.14952619799999, 35.247123688 ], [ 139.149530734, 35.247129374 ], [ 139.14954666, 35.247149333 ], [ 139.149545181, 35.247147114 ], [ 139.149530813000013, 35.247129384 ], [ 139.14952619799999, 35.247123688 ] ] ] } },
{ "type": "Feature", "properties": { "A29_001": "14206", "A29_002": "神奈川県", "A29_003": "小田原市", "A29_004": 1, "A29_005": "第一種低層住居専用地域", "A29_006": 60, "A29_007": 150, "A29_008": null }, "geometry": { "type": "Polygon", "coordinates": [ [ [ 139.141298895, 35.248845977 ], [ 139.141263638999988, 35.248872653 ], [ 139.141243683, 35.248887934 ], [ 139.141298895, 35.248845977 ] ] ] } },
{ "type": "Feature", "properties": { "A29_001": "14206", "A29_002": "神奈川県", "A29_003": "小田原市", "A29_004": 1, "A29_005": "第一種低層住居専用地域", "A29_006": 40, "A29_007": 60, "A29_008": null }, "geometry": { "type": "Polygon", "coordinates": [ [ [ 139.141298895, 35.248845977 ], [ 139.141263638999988, 35.248872653 ], [ 139.141243683, 35.248887934 ], [ 139.141298895, 35.248845977 ] ] ] } },
{ "type": "Feature", "properties": { "A29_001": "14206", "A29_002": "神奈川県", "A29_003": "小田原市", "A29_004": 3, "A29_005": "第一種中高層住居専用地域", "A29_006": 60, "A29_007": 200, "A29_008": null }, "geometry": { "type": "Polygon", "coordinates": [ [ [ 139.16929505600001, 35.285464927 ], [ 139.16927532299999, 35.285456756 ], [ 139.169295059, 35.285465015 ], [ 139.16929505600001, 35.285464927 ] ] ] } },
{ "type": "Feature", "properties": { "A29_001": "14206", "A29_002": "神奈川県", "A29_003": "小田原市", "A29_004": 5, "A29_005": "第一種住居地域", "A29_006": 60, "A29_007": 200, "A29_008": null }, "geometry": { "type": "Polygon", "coordinates": [ [ [ 139.227803478999988, 35.305006525 ], [ 139.22777020699999, 35.304794105 ], [ 139.227757802000013, 35.304677032 ], [ 139.227753197999988, 35.304626668 ], [ 139.227771818, 35.304548431 ], [ 139.22780760500001, 35.30442371 ], [ 139.227904139, 35.304186356 ], [ 139.227980623, 35.304033274 ], [ 139.228075972, 35.303916279 ], [ 139.22822548900001, 35.303781482 ], [ 139.228325875, 35.303708492 ], [ 139.22842980499999, 35.303650051 ], [ 139.228533469000013, 35.303591734 ], [ 139.22882622099999, 35.303481531 ], [ 139.229290263, 35.30332302 ], [ 139.229392512, 35.303273087 ], [ 139.22951086399999, 35.303212031 ], [ 139.229637532, 35.30312537 ], [ 139.229686507999986, 35.303086863 ], [ 139.229710799, 35.303058779 ], [ 139.22974872099999, 35.303001305 ], [ 139.229779717000014, 35.302948214 ], [ 139.229818220999988, 35.302852523 ], [ 139.229836895, 35.302821012 ], [ 139.22984180200001, 35.302776021 ], [ 139.22980242, 35.302628821 ], [ 139.229798351999989, 35.302601423 ], [ 139.229679119999986, 35.302079472 ], [ 139.229663343, 35.302000391 ], [ 139.229669261999987, 35.301937814 ], [ 139.229684139, 35.301893171 ], [ 139.229702742, 35.301836619 ], [ 139.229787511000012, 35.301685 ], [ 139.22995572799999, 35.301459716 ], [ 139.229572883, 35.301334852 ], [ 139.229281665, 35.301239869 ], [ 139.229128551, 35.301186521 ], [ 139.229082865, 35.301009175 ], [ 139.228783848, 35.301070921 ], [ 139.228685238, 35.301037451 ], [ 139.228536436000013, 35.300986948 ], [ 139.228587734, 35.300840294 ], [ 139.228601105, 35.300798777 ], [ 139.22861512899999, 35.30075521 ], [ 139.228638434, 35.300689561 ], [ 139.228653468, 35.300653777 ], [ 139.228705647, 35.300542119 ], [ 139.228712996000013, 35.300526939 ], [ 139.228713285, 35.300526499 ], [ 139.228764826, 35.300450362 ], [ 139.228786966, 35.300424387 ], [ 139.228848144000011, 35.300366956 ], [ 139.228872553, 35.300343354 ], [ 139.228884526, 35.300334661 ], [ 139.22892721299999, 35.30030345 ], [ 139.229050046999987, 35.300224596 ], [ 139.229092947, 35.300197074 ], [ 139.229146566, 35.300162521 ], [ 139.22921640199999, 35.300117546 ], [ 139.229399123, 35.299999644 ], [ 139.229537721000014, 35.299913818 ], [ 139.22958004899999, 35.299887618 ], [ 139.229755923, 35.299776342 ], [ 139.229791912, 35.299754058 ], [ 139.229886998000012, 35.299695203 ], [ 139.22997233800001, 35.299639639 ], [ 139.22998479899999, 35.2996253 ], [ 139.230034993, 35.2995942 ], [ 139.230123103000011, 35.299534829 ], [ 139.230261895000012, 35.299441541 ], [ 139.230339082, 35.299386796 ], [ 139.230406523999989, 35.299342416 ], [ 139.230476433, 35.299296413 ], [ 139.230541554000013, 35.299249429 ], [ 139.230604626, 35.299211371 ], [ 139.23079318399999, 35.299127445 ], [ 139.23082271199999, 35.299119521 ], [ 139.231026272, 35.299053847 ], [ 139.231219716999988, 35.298989657 ], [ 139.231368048, 35.29894017 ], [ 139.231401971999986, 35.298929304 ], [ 139.231529568000013, 35.298888456 ], [ 139.231618841, 35.298859874 ], [ 139.23183066499999, 35.298794683 ], [ 139.232019245, 35.298735371 ], [ 139.232174562000012, 35.298689656 ], [ 139.232179061000011, 35.29868812 ], [ 139.232355844000011, 35.298616507 ], [ 139.232438653, 35.298584783 ], [ 139.232581517999989, 35.298523593 ], [ 139.232661842, 35.298479976 ], [ 139.23277567299999, 35.298405851 ], [ 139.232878832000011, 35.298316536 ], [ 139.232933177, 35.298254554 ], [ 139.232956838, 35.298224826 ], [ 139.23302174299999, 35.298131022 ], [ 139.233040544, 35.298097051 ], [ 139.23306977199999, 35.298030979 ], [ 139.233083162000014, 35.297991294 ], [ 139.233092258, 35.297961078 ], [ 139.233115938, 35.29788243 ], [ 139.233130225999986, 35.297820674 ], [ 139.233140112, 35.297756559 ], [ 139.233142675000011, 35.29772222 ], [ 139.23315224699999, 35.297642529 ], [ 139.233175886999987, 35.297468068 ], [ 139.233185222, 35.297405512 ], [ 139.23320135899999, 35.297297422 ], [ 139.23320326699999, 35.297284614 ], [ 139.233212017999989, 35.297222397 ], [ 139.233226894000012, 35.297116563 ], [ 139.233242886, 35.296992229 ], [ 139.233250199999986, 35.296935296 ], [ 139.233256804, 35.296874781 ], [ 139.233263255, 35.296815572 ], [ 139.233285024, 35.29667123 ], [ 139.233301651, 35.296539822 ], [ 139.23332073200001, 35.29642159 ], [ 139.233337334, 35.296297979 ], [ 139.23334135799999, 35.296266883 ], [ 139.233354494999986, 35.29616562 ], [ 139.23336285, 35.296100247 ], [ 139.233372185, 35.296027287 ], [ 139.233383565999986, 35.295891483 ], [ 139.23338436899999, 35.295887043 ], [ 139.233391896, 35.29582518 ], [ 139.233395938, 35.29580179 ], [ 139.233400053999986, 35.295786442 ], [ 139.233401257999986, 35.295782661 ], [ 139.23341929099999, 35.29573329 ], [ 139.233430653999989, 35.295704212 ], [ 139.233444797, 35.295668074 ], [ 139.233444853, 35.29566792 ], [ 139.233475811, 35.295587929 ], [ 139.233704399, 35.295064189 ], [ 139.233932853999988, 35.295157453 ], [ 139.234007851, 35.295181235 ], [ 139.234043937, 35.295189995 ], [ 139.23417825199999, 35.29516881 ], [ 139.234454682, 35.295218551 ], [ 139.234654271000011, 35.29524841 ], [ 139.234745053000012, 35.29540557 ], [ 139.235195438, 35.29543978 ], [ 139.23531148399999, 35.295443482 ], [ 139.23546087599999, 35.295442653 ], [ 139.23557105899999, 35.295439293 ], [ 139.235629155999987, 35.295430224 ], [ 139.235676891, 35.295408611 ], [ 139.235724772999987, 35.295366706 ], [ 139.235751506000014, 35.295331774 ], [ 139.235759343000012, 35.295302155 ], [ 139.23575576799999, 35.295270921 ], [ 139.235725319000011, 35.295065077 ], [ 139.235712258, 35.294976738 ], [ 139.235710004999987, 35.294894283 ], [ 139.235443479999986, 35.294780596 ], [ 139.235209325, 35.294804416 ], [ 139.235179219, 35.294807693 ], [ 139.235140773000012, 35.294811882 ], [ 139.234957336, 35.294654895 ], [ 139.234896932999987, 35.294589046 ], [ 139.234935008, 35.294586115 ], [ 139.23491630800001, 35.294542322 ], [ 139.23488628199999, 35.294452772 ], [ 139.234851187, 35.294348089 ], [ 139.234849704999988, 35.294244851 ], [ 139.23484804099999, 35.294128786 ], [ 139.234877369, 35.293884495 ], [ 139.234846338000011, 35.293834394 ], [ 139.23481662, 35.29368793 ], [ 139.234769215999989, 35.293454256 ], [ 139.23462776400001, 35.293393792 ], [ 139.234567121999987, 35.293267853 ], [ 139.234521957, 35.293076701 ], [ 139.23450219099999, 35.292939192 ], [ 139.234546727, 35.292940891 ], [ 139.23461847499999, 35.292715821 ], [ 139.23462888, 35.292639053 ], [ 139.234975865, 35.292679793 ], [ 139.235197225, 35.292793636 ], [ 139.23531104, 35.292840027 ], [ 139.235315743, 35.292841944 ], [ 139.235455695000013, 35.292877483 ], [ 139.235683008, 35.29291497 ], [ 139.235700863, 35.292892333 ], [ 139.235778525, 35.292705828 ], [ 139.23548369299999, 35.292619343 ], [ 139.235482815000012, 35.292619085 ], [ 139.235484074, 35.292617861 ], [ 139.23552086399999, 35.292533572 ], [ 139.236184697999988, 35.292717478 ], [ 139.236669661, 35.292843473 ], [ 139.236668772, 35.292822866 ], [ 139.236670808000014, 35.292822621 ], [ 139.236722925, 35.29284776 ], [ 139.236730075999986, 35.292851209 ], [ 139.23713673899999, 35.292777285 ], [ 139.237137171, 35.292766716 ], [ 139.237134886, 35.292740185 ], [ 139.236916740999987, 35.292424264 ], [ 139.2367925, 35.292222474 ], [ 139.236491303, 35.291847074 ], [ 139.236300688, 35.291554344 ], [ 139.236248518, 35.291464702 ], [ 139.236201523, 35.29136069 ], [ 139.236384063, 35.291269169 ], [ 139.236456272, 35.291221435 ], [ 139.236595101, 35.290993341 ], [ 139.236707136, 35.290805652 ], [ 139.236735673, 35.290734409 ], [ 139.23675613099999, 35.290656691 ], [ 139.23668147699999, 35.290561144 ], [ 139.23726195399999, 35.290187088 ], [ 139.237328174, 35.290141992 ], [ 139.237300317, 35.289786193 ], [ 139.237287087, 35.289383051 ], [ 139.237306581000013, 35.289218008 ], [ 139.237357456000012, 35.288920278 ], [ 139.23708403399999, 35.288845565 ], [ 139.236944036000011, 35.289236936 ], [ 139.236868288000011, 35.28945539 ], [ 139.236476829, 35.289360279 ], [ 139.236522613, 35.289103205 ], [ 139.23658218, 35.288877002 ], [ 139.236655805999987, 35.288664189 ], [ 139.23616725, 35.288509512 ], [ 139.235557916, 35.288311544 ], [ 139.235468301, 35.288624252 ], [ 139.235692865, 35.289026481 ], [ 139.236072406, 35.289202365 ], [ 139.23612743699999, 35.289714847 ], [ 139.236129043, 35.289773186 ], [ 139.236122736, 35.289801181 ], [ 139.23610317399999, 35.289837446 ], [ 139.23606208699999, 35.289897846 ], [ 139.235988529, 35.289966062 ], [ 139.235939476999988, 35.290004456 ], [ 139.235860895, 35.290053301 ], [ 139.235791541999987, 35.290089321 ], [ 139.23572689, 35.290103993 ], [ 139.235669929000011, 35.290112798 ], [ 139.23552806, 35.290120345 ], [ 139.235448364, 35.290124584 ], [ 139.235234924, 35.290136411 ], [ 139.23496298500001, 35.290164551 ], [ 139.234812406, 35.290193344 ], [ 139.234570147, 35.290255019 ], [ 139.234415308, 35.29017244 ], [ 139.234350213999988, 35.290112409 ], [ 139.234303893, 35.290056121 ], [ 139.23427077, 35.290000654 ], [ 139.234223025, 35.289909122 ], [ 139.23421768, 35.289898883 ], [ 139.234209988, 35.289839 ], [ 139.234224807, 35.28975699 ], [ 139.234258711, 35.289706409 ], [ 139.234284347, 35.289673959 ], [ 139.234385796, 35.289675957 ], [ 139.23445678600001, 35.289693734 ], [ 139.234652305999987, 35.2897697 ], [ 139.234741090999989, 35.289798859 ], [ 139.23501471899999, 35.289325671 ], [ 139.234919037999987, 35.2889386 ], [ 139.234875103, 35.288834593 ], [ 139.234338887, 35.288580083 ], [ 139.234429275999986, 35.288446455 ], [ 139.23406198, 35.288277657 ], [ 139.234205871, 35.288053386 ], [ 139.23428889499999, 35.28792257 ], [ 139.234606103, 35.288029434 ], [ 139.234779124999989, 35.287677278 ], [ 139.23501256, 35.287709497 ], [ 139.235199653, 35.28734498 ], [ 139.235110254, 35.287311572 ], [ 139.234315841000011, 35.286998348 ], [ 139.234145108, 35.286931357 ], [ 139.233466802, 35.286644121 ], [ 139.23287004299999, 35.286382057 ], [ 139.232913875, 35.286316427 ], [ 139.232533641, 35.286140566 ], [ 139.232490563, 35.286215557 ], [ 139.23232238599999, 35.286143591 ], [ 139.23205231599999, 35.286032222 ], [ 139.231439486, 35.285760634 ], [ 139.230666516000014, 35.285422568 ], [ 139.227383753999987, 35.283998276 ], [ 139.226733843, 35.283761967 ], [ 139.226333489000012, 35.283627911 ], [ 139.22508649, 35.283217606 ], [ 139.224846574, 35.283127998 ], [ 139.22406377499999, 35.282776544 ], [ 139.223686823, 35.282580805 ], [ 139.223705402, 35.282550098 ], [ 139.22352251800001, 35.282463938 ], [ 139.223468862, 35.282471122 ], [ 139.222052894, 35.28172505 ], [ 139.221810780999988, 35.281614124 ], [ 139.22152121799999, 35.28149818 ], [ 139.22124157499999, 35.281408066 ], [ 139.22098002300001, 35.281338866 ], [ 139.218842765, 35.280990449 ], [ 139.21883227, 35.280953798 ], [ 139.218630018999988, 35.280922033 ], [ 139.218573555, 35.280945903 ], [ 139.21725808, 35.280736573 ], [ 139.216871464, 35.280671008 ], [ 139.216582988, 35.280608647 ], [ 139.216101712000011, 35.280493877 ], [ 139.215726100000012, 35.280390641 ], [ 139.21529169199999, 35.280256815 ], [ 139.214467396, 35.279975056 ], [ 139.21194197, 35.279108669 ], [ 139.211944174, 35.279078749 ], [ 139.21173567, 35.279007618 ], [ 139.211690401, 35.279022662 ], [ 139.209952741, 35.278430018 ], [ 139.209302358, 35.278208884 ], [ 139.208184671999987, 35.277746546 ], [ 139.208068293, 35.27768528 ], [ 139.207941801, 35.277595386 ], [ 139.20787827800001, 35.277536556 ], [ 139.207779050999989, 35.277417687 ], [ 139.207727373000012, 35.277333679 ], [ 139.207694440000012, 35.27727077 ], [ 139.207649392, 35.277182288 ], [ 139.207590839, 35.277091934 ], [ 139.20752975100001, 35.277030683 ], [ 139.20743810799999, 35.276969183 ], [ 139.20734083, 35.276925862 ], [ 139.20724068199999, 35.276898211 ], [ 139.20718151, 35.27688835 ], [ 139.20711298, 35.276880333 ], [ 139.207112483, 35.276830573 ], [ 139.20699415499999, 35.276836992 ], [ 139.206882747, 35.276858499 ], [ 139.206734211999986, 35.276905144 ], [ 139.206624319000014, 35.276958119 ], [ 139.206437838999989, 35.277078663 ], [ 139.206343671000013, 35.277170877 ], [ 139.206217411000011, 35.277303659 ], [ 139.205796289, 35.277767172 ], [ 139.20573016899999, 35.277802886 ], [ 139.205707561999986, 35.277846378 ], [ 139.205690637, 35.277890199 ], [ 139.205758405000012, 35.277884457 ], [ 139.205829405, 35.277874559 ], [ 139.20590882799999, 35.277854427 ], [ 139.206334497, 35.277665237 ], [ 139.20640698299999, 35.277637932 ], [ 139.206492191, 35.277612998 ], [ 139.206566880999986, 35.277600548 ], [ 139.206659255, 35.277589902 ], [ 139.206726927, 35.277588207 ], [ 139.206796931000014, 35.277590615 ], [ 139.206853700000011, 35.277595833 ], [ 139.206909434000011, 35.277608307 ], [ 139.206967687, 35.277629152 ], [ 139.207251063, 35.27774902 ], [ 139.208351607, 35.278169622 ], [ 139.208920490999986, 35.278377397 ], [ 139.21037623699999, 35.278829572 ], [ 139.21104174199999, 35.27903485 ], [ 139.21187934299999, 35.279319243 ], [ 139.21330031, 35.279827036 ], [ 139.214350908, 35.280176818 ], [ 139.215076509999989, 35.280414141 ], [ 139.21509941299999, 35.280452244 ], [ 139.21511093, 35.280480319 ], [ 139.215119353, 35.280506746 ], [ 139.215123084999988, 35.28052729 ], [ 139.215124347, 35.280548118 ], [ 139.215123932000012, 35.280589374 ], [ 139.2151996, 35.280731861 ], [ 139.215276104, 35.280875917 ], [ 139.215276823000011, 35.280926039 ], [ 139.214764037, 35.281070628 ], [ 139.214773344, 35.28138198 ], [ 139.210836461000014, 35.280739035 ], [ 139.210154676, 35.280626569 ], [ 139.204778546999989, 35.279739582 ], [ 139.204732080000014, 35.279920128 ], [ 139.204721162, 35.279958796 ], [ 139.20488005199999, 35.280276554 ], [ 139.20501478700001, 35.280528527 ], [ 139.205164311, 35.280814727 ], [ 139.20520295599999, 35.280990731 ], [ 139.205186481, 35.281167999 ], [ 139.205145477, 35.281296166 ], [ 139.205029932, 35.281576382 ], [ 139.204898713, 35.281979894 ], [ 139.204722104000012, 35.282418677 ], [ 139.204608693000011, 35.282658341 ], [ 139.204455720999988, 35.282907445 ], [ 139.20414629199999, 35.283377362 ], [ 139.203752764, 35.283940016 ], [ 139.20354717699999, 35.28412873 ], [ 139.203212541, 35.284389302 ], [ 139.20256670099999, 35.284888868 ], [ 139.202601011000013, 35.284920208 ], [ 139.202669981000014, 35.284926228 ], [ 139.20287119, 35.284939545 ], [ 139.203053043000011, 35.284942305 ], [ 139.203345094000014, 35.284946738 ], [ 139.20337742800001, 35.284930861 ], [ 139.203431405, 35.284942464 ], [ 139.203505847, 35.285002651 ], [ 139.203826772000014, 35.284732185 ], [ 139.204203455999988, 35.284414729 ], [ 139.204372387, 35.284555967 ], [ 139.204410013, 35.284600512 ], [ 139.204484237, 35.284670721 ], [ 139.204520666, 35.284720922 ], [ 139.204544516999988, 35.284759734 ], [ 139.204563818, 35.284792862 ], [ 139.20458982, 35.284852444 ], [ 139.204641363, 35.284992396 ], [ 139.204658222, 35.285122377 ], [ 139.204655210999988, 35.285203425 ], [ 139.204629770999986, 35.285416874 ], [ 139.204597994000011, 35.285679147 ], [ 139.204563716, 35.285955134 ], [ 139.204523290999987, 35.286258051 ], [ 139.204513174, 35.28633515 ], [ 139.204446743, 35.286772703 ], [ 139.20442163199999, 35.286940559 ], [ 139.2043898, 35.287208383 ], [ 139.204339204, 35.287595468 ], [ 139.204332842000014, 35.287648977 ], [ 139.204287929, 35.287915102 ], [ 139.204259736000012, 35.288174418 ], [ 139.204238002000011, 35.288367685 ], [ 139.204213971, 35.288549212 ], [ 139.20415596399999, 35.288970285 ], [ 139.204114091, 35.289315136 ], [ 139.204099335, 35.289382125 ], [ 139.204064921, 35.289521611 ], [ 139.204000509999986, 35.289690237 ], [ 139.203964133, 35.289782325 ], [ 139.20386735299999, 35.289978131 ], [ 139.203763312, 35.290140529 ], [ 139.203692386, 35.290102498 ], [ 139.203666771, 35.290202995 ], [ 139.20385780399999, 35.290293602 ], [ 139.203882421, 35.290268599 ], [ 139.204133465000012, 35.290395877 ], [ 139.204415788, 35.290539011 ], [ 139.204657270000013, 35.290653466 ], [ 139.204843812, 35.290509552 ], [ 139.204978008000012, 35.29043837 ], [ 139.205082506999986, 35.290381403 ], [ 139.20511464, 35.290334841 ], [ 139.205104060999986, 35.29028537 ], [ 139.205207032, 35.290286806 ], [ 139.205288956, 35.290174907 ], [ 139.205338238, 35.290176965 ], [ 139.205386272, 35.290055912 ], [ 139.20559408299999, 35.289920706 ], [ 139.205651028, 35.289922795 ], [ 139.205739915, 35.289613658 ], [ 139.205856004, 35.289616054 ], [ 139.205864459, 35.289657428 ], [ 139.205973854, 35.28967687 ], [ 139.206022319999988, 35.289642075 ], [ 139.206046224, 35.289667357 ], [ 139.206252363, 35.289604687 ], [ 139.206491535, 35.28941544 ], [ 139.206520425, 35.289444408 ], [ 139.206691807999988, 35.289380602 ], [ 139.20689023, 35.289064945 ], [ 139.206814114999986, 35.288992672 ], [ 139.206966489, 35.288910171 ], [ 139.20704042, 35.288662332 ], [ 139.20704856099999, 35.288630293 ], [ 139.20710130399999, 35.288648189 ], [ 139.207132529, 35.28865786 ], [ 139.207161445, 35.288666096 ], [ 139.207207716999989, 35.288677738 ], [ 139.20724474299999, 35.288686493 ], [ 139.20728523599999, 35.288697637 ], [ 139.207313575, 35.288706816 ], [ 139.20738579499999, 35.288735232 ], [ 139.207517516, 35.288792018 ], [ 139.207593723, 35.288743988 ], [ 139.207566413, 35.288591093 ], [ 139.20763011, 35.288569861 ], [ 139.207567035000011, 35.288510232 ], [ 139.207539727000011, 35.288357336 ], [ 139.20762277899999, 35.288098096 ], [ 139.207627422, 35.287922002 ], [ 139.207761078, 35.287919998 ], [ 139.207704678, 35.287847279 ], [ 139.207770934, 35.287494925 ], [ 139.207781914, 35.287349422 ], [ 139.20787075199999, 35.287183976 ], [ 139.207941022999989, 35.287162778 ], [ 139.207992012, 35.287083969 ], [ 139.207911481999986, 35.286882782 ], [ 139.20799707899999, 35.286862554 ], [ 139.207973568999989, 35.286786056 ], [ 139.20800975, 35.286781754 ], [ 139.20802435499999, 35.286592236 ], [ 139.208029707, 35.286322416 ], [ 139.20803217, 35.286286481 ], [ 139.208182488, 35.285963208 ], [ 139.208191261, 35.285818586 ], [ 139.20830404099999, 35.28581604 ], [ 139.208370008, 35.285353263 ], [ 139.208394711000011, 35.285277374 ], [ 139.208476588, 35.285025852 ], [ 139.208404660000014, 35.284981266 ], [ 139.208387515999988, 35.284911796 ], [ 139.20840884399999, 35.284897393 ], [ 139.20838818499999, 35.284824759 ], [ 139.208306983, 35.284806933 ], [ 139.208237948, 35.284586073 ], [ 139.208212411, 35.284464358 ], [ 139.207946435999986, 35.284122871 ], [ 139.207833408, 35.284104881 ], [ 139.207855192000011, 35.284035648 ], [ 139.207855505, 35.283995031 ], [ 139.207814008000014, 35.283872963 ], [ 139.20775082599999, 35.283822077 ], [ 139.207720853000012, 35.283581109 ], [ 139.207664384999987, 35.283566313 ], [ 139.207646594000011, 35.283525369 ], [ 139.20759455000001, 35.283449895 ], [ 139.207637261, 35.283415303 ], [ 139.207631292, 35.283313927 ], [ 139.207595778000012, 35.283290333 ], [ 139.20757064099999, 35.283113959 ], [ 139.207729793999988, 35.283111888 ], [ 139.207729906, 35.283097376 ], [ 139.207772438, 35.283085995 ], [ 139.207790538000012, 35.283030958 ], [ 139.20786499499999, 35.283005238 ], [ 139.207833953, 35.282903525 ], [ 139.207844916999989, 35.282857168 ], [ 139.20773986399999, 35.282723161 ], [ 139.207704406, 35.282719534 ], [ 139.207747719999986, 35.282606604 ], [ 139.207974326, 35.282570061 ], [ 139.207986807999987, 35.282309328 ], [ 139.208036397, 35.282297974 ], [ 139.208139037, 35.282286903 ], [ 139.20816033, 35.282278306 ], [ 139.208178119, 35.282263894 ], [ 139.208188858999989, 35.282246543 ], [ 139.208186108, 35.28214686 ], [ 139.20818760200001, 35.281952478 ], [ 139.208226481, 35.281947234 ], [ 139.20825140299999, 35.281924151 ], [ 139.208276203, 35.281918474 ], [ 139.208321950999988, 35.281947727 ], [ 139.208403285, 35.281948147 ], [ 139.20841425, 35.281901781 ], [ 139.208502829999986, 35.281879028 ], [ 139.208530926, 35.281805095 ], [ 139.20855301099999, 35.281792246 ], [ 139.208560541999987, 35.281268275 ], [ 139.209121856, 35.281113191 ], [ 139.20970498, 35.281012221 ], [ 139.20992275899999, 35.280986625 ], [ 139.21007881700001, 35.280993387 ], [ 139.21030740099999, 35.281012431 ], [ 139.210499655, 35.28103428 ], [ 139.21070967, 35.281059149 ], [ 139.212313174, 35.281318336 ], [ 139.21274882, 35.281494789 ], [ 139.21281427400001, 35.28151747 ], [ 139.21287206400001, 35.281537985 ], [ 139.212920249, 35.281550429 ], [ 139.212971888999988, 35.281559897 ], [ 139.21340980799999, 35.281627152 ], [ 139.213985519, 35.281715825 ], [ 139.214067994, 35.281725091 ], [ 139.214301807999988, 35.281739087 ], [ 139.214428394, 35.281753464 ], [ 139.214477327999987, 35.281761556 ], [ 139.21457274, 35.28178842 ], [ 139.214756268, 35.28182317 ], [ 139.21485331, 35.281842737 ], [ 139.214858539, 35.281843791 ], [ 139.214809112000012, 35.281985534 ], [ 139.214778446999986, 35.282029742 ], [ 139.21467387199999, 35.282127174 ], [ 139.21466207, 35.282143988 ], [ 139.214658299, 35.28215201 ], [ 139.214630795, 35.282250194 ], [ 139.214620722, 35.282286156 ], [ 139.214613439, 35.282302302 ], [ 139.21460156399999, 35.282328632 ], [ 139.214575086999986, 35.282360762 ], [ 139.214546188000014, 35.282388174 ], [ 139.214511544, 35.282416227 ], [ 139.214483483, 35.282440955 ], [ 139.214465281, 35.282463044 ], [ 139.21444011599999, 35.282538201 ], [ 139.214433949000011, 35.282594633 ], [ 139.214450841, 35.282634808 ], [ 139.214453584000012, 35.282641337 ], [ 139.214581208, 35.282691269 ], [ 139.21462263, 35.282701438 ], [ 139.214626665999987, 35.282702428 ], [ 139.21469253399999, 35.282708691 ], [ 139.214803665, 35.282681686 ], [ 139.214806282000012, 35.28268105 ], [ 139.214886975000013, 35.282679073 ], [ 139.215540307, 35.282825591 ], [ 139.215563846, 35.282829051 ], [ 139.215735294000012, 35.282861916 ], [ 139.21587782, 35.282879769 ], [ 139.215890640999987, 35.282882174 ], [ 139.215890954, 35.282882233 ], [ 139.216017483, 35.282966947 ], [ 139.21602001799999, 35.282968644 ], [ 139.216119799000012, 35.283014496 ], [ 139.216120170000011, 35.283014266 ], [ 139.21629681600001, 35.28301595 ], [ 139.216346619, 35.283001744 ], [ 139.216375763, 35.282986422 ], [ 139.216411001000012, 35.282967895 ], [ 139.216445072999988, 35.282914174 ], [ 139.216475223, 35.282899401 ], [ 139.21649817299999, 35.282888154 ], [ 139.21663726, 35.282938815 ], [ 139.21685172799999, 35.282984602 ], [ 139.21701655199999, 35.283023563 ], [ 139.217118977000013, 35.28304643 ], [ 139.217224679, 35.283060114 ], [ 139.217484049, 35.283066704 ], [ 139.217706083, 35.283088157 ], [ 139.21770616, 35.283088164 ], [ 139.217743622, 35.283091564 ], [ 139.217826844, 35.283092493 ], [ 139.217877939, 35.283089696 ], [ 139.21789096099999, 35.283087482 ], [ 139.217912366, 35.283081498 ], [ 139.217933066, 35.283069849 ], [ 139.217963504000011, 35.283041077 ], [ 139.217978843999987, 35.283010164 ], [ 139.218048242, 35.283157214 ], [ 139.218065388000014, 35.283221346 ], [ 139.21805940199999, 35.283347343 ], [ 139.21804883499999, 35.283411343 ], [ 139.21801169599999, 35.283445345 ], [ 139.217981126000012, 35.283477199 ], [ 139.217959473, 35.283534797 ], [ 139.217980277, 35.283564478 ], [ 139.2179782, 35.28363714 ], [ 139.218272414000012, 35.28366328 ], [ 139.218383544, 35.283869692 ], [ 139.218464649999987, 35.283870105 ], [ 139.218460181000012, 35.283831547 ], [ 139.21867560199999, 35.283888682 ], [ 139.218651329000011, 35.283980395 ], [ 139.218768417, 35.283990851 ], [ 139.218985690000011, 35.284131139 ], [ 139.218956813, 35.284156673 ], [ 139.218933619000012, 35.284166106 ], [ 139.218883717000011, 35.284164685 ], [ 139.218855666, 35.284204069 ], [ 139.21888938, 35.28421887 ], [ 139.21900165299999, 35.28426996 ], [ 139.219096837, 35.284332281 ], [ 139.219089595000014, 35.284369348 ], [ 139.219171476000014, 35.284369531 ], [ 139.21919091699999, 35.284369574 ], [ 139.219213577, 35.284382128 ], [ 139.21923625299999, 35.284392609 ], [ 139.219256124999987, 35.284410981 ], [ 139.21925620799999, 35.284411175 ], [ 139.21925736599999, 35.284411744 ], [ 139.21950362699999, 35.284535919 ], [ 139.21956495, 35.284558054 ], [ 139.219591269, 35.284588248 ], [ 139.219620047, 35.284627783 ], [ 139.219635012, 35.28465481 ], [ 139.21963483799999, 35.284677878 ], [ 139.21963477, 35.284686942 ], [ 139.219633398000013, 35.284701447 ], [ 139.219661554, 35.284706782 ], [ 139.219901411, 35.28477208 ], [ 139.219976894000013, 35.284863532 ], [ 139.220000027999987, 35.284866047 ], [ 139.220010140999989, 35.284866098 ], [ 139.220040551000011, 35.284856923 ], [ 139.220055774, 35.284849745 ], [ 139.220073574, 35.284836359 ], [ 139.22009141, 35.284817284 ], [ 139.22023394199999, 35.284674123 ], [ 139.220314255, 35.284689395 ], [ 139.220397260999988, 35.284707564 ], [ 139.220454456, 35.284658384 ], [ 139.22050778900001, 35.284672347 ], [ 139.22061327599999, 35.285017609 ], [ 139.220616987999989, 35.285027768 ], [ 139.22062074199999, 35.285032969 ], [ 139.22063206499999, 35.285040283 ], [ 139.220649675, 35.285051774 ], [ 139.220671119, 35.285058102 ], [ 139.220681969999987, 35.285063487 ], [ 139.220711563, 35.285059344 ], [ 139.22076223799999, 35.285045089 ], [ 139.220797796999989, 35.2850235 ], [ 139.22085668, 35.284968426 ], [ 139.22091044699999, 35.28493649 ], [ 139.220949947, 35.284904483 ], [ 139.22098238699999, 35.28486073 ], [ 139.22100052499999, 35.284822765 ], [ 139.221004313, 35.284785519 ], [ 139.220997442999987, 35.284750356 ], [ 139.220912965, 35.284594759 ], [ 139.220902787, 35.284524442 ], [ 139.220924532, 35.284480635 ], [ 139.221021525, 35.284396222 ], [ 139.221028768999986, 35.28438162 ], [ 139.22103253, 35.28435529 ], [ 139.22103628, 35.284331891 ], [ 139.221068620000011, 35.284266582 ], [ 139.221138174, 35.284215147 ], [ 139.22119751299999, 35.284157488 ], [ 139.22125668000001, 35.28412266 ], [ 139.22130382099999, 35.284120263 ], [ 139.22135945799999, 35.28412757 ], [ 139.221401219, 35.284128659 ], [ 139.221449576, 35.28410695 ], [ 139.221536937, 35.284057283 ], [ 139.22159225199999, 35.28404122 ], [ 139.221632777, 35.284034734 ], [ 139.221691077, 35.284023777 ], [ 139.22171914099999, 35.284015909 ], [ 139.221748147999989, 35.284003792 ], [ 139.221781142, 35.283992947 ], [ 139.221831552, 35.283980301 ], [ 139.22168666799999, 35.284090389 ], [ 139.22171610800001, 35.284100854 ], [ 139.222145329999989, 35.284253435 ], [ 139.222141305, 35.284262321 ], [ 139.222028152, 35.284512205 ], [ 139.22194442, 35.284675825 ], [ 139.222006338, 35.284823283 ], [ 139.222039282, 35.284906017 ], [ 139.222048038999986, 35.28493175 ], [ 139.222056563, 35.284988673 ], [ 139.22205624599999, 35.285030874 ], [ 139.222051467, 35.285071216 ], [ 139.222032778, 35.285175709 ], [ 139.22202064699999, 35.285230885 ], [ 139.22203209700001, 35.285262743 ], [ 139.222123414, 35.285447796 ], [ 139.222212216, 35.285561299 ], [ 139.222221413999989, 35.285454673 ], [ 139.222227263, 35.285369771 ], [ 139.222245593999986, 35.28533442 ], [ 139.22227466199999, 35.285307678 ], [ 139.222304175, 35.285295919 ], [ 139.222421614000012, 35.285279701 ], [ 139.222701117000014, 35.285258505 ], [ 139.222762297, 35.285254866 ], [ 139.222763571, 35.285254732 ], [ 139.22290636299999, 35.285239718 ], [ 139.22295335699999, 35.285231401 ], [ 139.222994562999986, 35.285222207 ], [ 139.22302591799999, 35.285213198 ], [ 139.223070747, 35.285194486 ], [ 139.223096191, 35.285179335 ], [ 139.223196029, 35.285107563 ], [ 139.22323436, 35.285086887 ], [ 139.223310956, 35.28505448 ], [ 139.223347491, 35.285030814 ], [ 139.22341885899999, 35.284968568 ], [ 139.223504926, 35.284885527 ], [ 139.223578041, 35.284832234 ], [ 139.223625528000014, 35.284802661 ], [ 139.223698453999987, 35.284774707 ], [ 139.223795313000011, 35.284737375 ], [ 139.223979848, 35.284470249 ], [ 139.224310639, 35.284640803 ], [ 139.2248935, 35.28499344 ], [ 139.225228523, 35.285212654 ], [ 139.225564248000012, 35.285448637 ], [ 139.225659645, 35.285524564 ], [ 139.226821024, 35.286345344 ], [ 139.22713408199999, 35.286563586 ], [ 139.227273078, 35.286664799 ], [ 139.227663847, 35.286938046 ], [ 139.228198655999989, 35.287300558 ], [ 139.228416877, 35.287462335 ], [ 139.228968084, 35.287851401 ], [ 139.229596025, 35.288281644 ], [ 139.23007041, 35.288603581 ], [ 139.230182203, 35.288681272 ], [ 139.23065349699999, 35.288993573 ], [ 139.23119707699999, 35.289355385 ], [ 139.231550604, 35.289580884 ], [ 139.23281028400001, 35.290261047 ], [ 139.23268574799999, 35.290474698 ], [ 139.232556002, 35.290694026 ], [ 139.232490552, 35.290808659 ], [ 139.23267381299999, 35.290901224 ], [ 139.232861969, 35.290992065 ], [ 139.23297523799999, 35.291044855 ], [ 139.23312140499999, 35.291113619 ], [ 139.233268869, 35.291182417 ], [ 139.233373825, 35.291229495 ], [ 139.23352501, 35.291296373 ], [ 139.233557702000013, 35.291310408 ], [ 139.233532981, 35.291351408 ], [ 139.233520829000014, 35.291383123 ], [ 139.23347298199999, 35.29180939 ], [ 139.233444668, 35.292014149 ], [ 139.233411131, 35.292373665 ], [ 139.233551455, 35.292365914 ], [ 139.23362300299999, 35.292361996 ], [ 139.23368708699999, 35.292362314 ], [ 139.23358235500001, 35.292523166 ], [ 139.233454536000011, 35.292788088 ], [ 139.23315340900001, 35.293481729 ], [ 139.232989411, 35.293848402 ], [ 139.23293069499999, 35.293987398 ], [ 139.232764613, 35.294375497 ], [ 139.232716361, 35.294483472 ], [ 139.232525401, 35.294910903 ], [ 139.232364608000012, 35.295286434 ], [ 139.23234746599999, 35.295329725 ], [ 139.232302011, 35.295445944 ], [ 139.232296549000012, 35.295460538 ], [ 139.232272007, 35.295526173 ], [ 139.232247725, 35.295602754 ], [ 139.23222915299999, 35.295710039 ], [ 139.232226133000012, 35.295734794 ], [ 139.232215833999987, 35.295820602 ], [ 139.232206365, 35.29592045 ], [ 139.23217331399999, 35.296151119 ], [ 139.23216771700001, 35.296194188 ], [ 139.232157734, 35.296268514 ], [ 139.232125553, 35.296480907 ], [ 139.232116045, 35.296562293 ], [ 139.23210790499999, 35.296616293 ], [ 139.232093256000013, 35.296713419 ], [ 139.23207924499999, 35.296841783 ], [ 139.232073377, 35.296887482 ], [ 139.23207329499999, 35.296888096 ], [ 139.232057532999988, 35.297010744 ], [ 139.23205267099999, 35.29704528 ], [ 139.232045626, 35.297095337 ], [ 139.232035007, 35.297170876 ], [ 139.232014600000014, 35.297307627 ], [ 139.232007348, 35.297356195 ], [ 139.23198209899999, 35.297542454 ], [ 139.23197266, 35.29762184 ], [ 139.231967035, 35.297665838 ], [ 139.231966435, 35.297669674 ], [ 139.23195929799999, 35.297689317 ], [ 139.231955626, 35.297695838 ], [ 139.231924479000014, 35.297716431 ], [ 139.231878310000013, 35.297737295 ], [ 139.231755013, 35.297781319 ], [ 139.231583637, 35.297836841 ], [ 139.231400812, 35.297897443 ], [ 139.230927861, 35.29805637 ], [ 139.230790522, 35.298102198 ], [ 139.230196352, 35.298280266 ], [ 139.230170496999989, 35.298292973 ], [ 139.229889057, 35.298431286 ], [ 139.229836705999986, 35.298457012 ], [ 139.22964821299999, 35.298584706 ], [ 139.229504327, 35.298690262 ], [ 139.22941069, 35.298769257 ], [ 139.229409471999986, 35.29877008 ], [ 139.229322007, 35.298828993 ], [ 139.229249872, 35.298872648 ], [ 139.22916716200001, 35.298927699 ], [ 139.229056125, 35.298992091 ], [ 139.228855517, 35.299111463 ], [ 139.22866583699999, 35.29923994 ], [ 139.228483582, 35.299354599 ], [ 139.22836411099999, 35.299438984 ], [ 139.228213649999987, 35.2995348 ], [ 139.228167181, 35.299563142 ], [ 139.22809612099999, 35.299613022 ], [ 139.228038889, 35.299661872 ], [ 139.227945855, 35.299744696 ], [ 139.22788432199999, 35.299805451 ], [ 139.227858966000014, 35.299829256 ], [ 139.22776562199999, 35.299938769 ], [ 139.227682773, 35.300061145 ], [ 139.227645999, 35.30011629 ], [ 139.227609481, 35.300191799 ], [ 139.227547635, 35.300324113 ], [ 139.22751676199999, 35.300397604 ], [ 139.227452441, 35.300578772 ], [ 139.226705317000011, 35.300286458 ], [ 139.226482456000014, 35.300189736 ], [ 139.22647955299999, 35.300195626 ], [ 139.22640827, 35.300267796 ], [ 139.226380818, 35.30029946 ], [ 139.22633996799999, 35.30033514 ], [ 139.22625587499999, 35.300391065 ], [ 139.226139370999988, 35.300551758 ], [ 139.226458197999989, 35.300689167 ], [ 139.226759686, 35.300807125 ], [ 139.22722755699999, 35.300990185 ], [ 139.22698925099999, 35.301224449 ], [ 139.22692275899999, 35.301298229 ], [ 139.226902884, 35.301327047 ], [ 139.226691456999987, 35.301596906 ], [ 139.226601786, 35.301580834 ], [ 139.226532104, 35.301560492 ], [ 139.226495503, 35.30154246 ], [ 139.226465689, 35.301526689 ], [ 139.226324999000013, 35.301445775 ], [ 139.226154502000014, 35.301335074 ], [ 139.22612332599999, 35.301319295 ], [ 139.22608196499999, 35.301301231 ], [ 139.226060924, 35.301296105 ], [ 139.226025572999987, 35.301291466 ], [ 139.225988922, 35.301280121 ], [ 139.225903538000011, 35.301236172 ], [ 139.225746791, 35.301148687 ], [ 139.225403590000013, 35.300928911 ], [ 139.225267725, 35.300833625 ], [ 139.22492613599999, 35.301027468 ], [ 139.224939777, 35.301053029 ], [ 139.22482793099999, 35.301223211 ], [ 139.22480995, 35.301263288 ], [ 139.22472642299999, 35.301378528 ], [ 139.224426185999988, 35.301237613 ], [ 139.22421110799999, 35.301453464 ], [ 139.224193551000013, 35.301476514 ], [ 139.22417255, 35.301517513 ], [ 139.224148218000011, 35.301565634 ], [ 139.22408622, 35.301698442 ], [ 139.224043978, 35.301774156 ], [ 139.224011961, 35.301829395 ], [ 139.22396907000001, 35.301883227 ], [ 139.223925178, 35.301925445 ], [ 139.223891329, 35.301956788 ], [ 139.223800856999986, 35.302035845 ], [ 139.223785088, 35.302055155 ], [ 139.223728273, 35.302150472 ], [ 139.22371704299999, 35.302166776 ], [ 139.22354185899999, 35.302330959 ], [ 139.223526873999987, 35.302349588 ], [ 139.223518557, 35.302367863 ], [ 139.22351566, 35.30239197 ], [ 139.22351838099999, 35.302410355 ], [ 139.223533866999986, 35.302430399 ], [ 139.22357994, 35.302461009 ], [ 139.22384788299999, 35.302597688 ], [ 139.224204343, 35.302787555 ], [ 139.224226259, 35.302799059 ], [ 139.224252881000012, 35.302807676 ], [ 139.224281162000011, 35.302813623 ], [ 139.224299132999988, 35.302814606 ], [ 139.22432420199999, 35.302813398 ], [ 139.224347666, 35.302807711 ], [ 139.224367867000012, 35.302801557 ], [ 139.224387549, 35.302791381 ], [ 139.224400143, 35.30278206 ], [ 139.224453417, 35.302725151 ], [ 139.224476971, 35.302707404 ], [ 139.22450727099999, 35.302694658 ], [ 139.224541089000013, 35.30268813 ], [ 139.22456889, 35.302686035 ], [ 139.22458901499999, 35.302688822 ], [ 139.224611836, 35.302696978 ], [ 139.224635739, 35.302706031 ], [ 139.224667205, 35.302722712 ], [ 139.224687819, 35.302733542 ], [ 139.224734539, 35.302751203 ], [ 139.224832937, 35.302776711 ], [ 139.22490599299999, 35.302792835 ], [ 139.224963667, 35.302801617 ], [ 139.225234782, 35.302822045 ], [ 139.225255183, 35.302827457 ], [ 139.225357769, 35.302876667 ], [ 139.225410385, 35.302905966 ], [ 139.225466382, 35.302952283 ], [ 139.22557931599999, 35.303127976 ], [ 139.225627995999986, 35.303221833 ], [ 139.22560932499999, 35.303237668 ], [ 139.225566399, 35.303269166 ], [ 139.22554043299999, 35.303302949 ], [ 139.225513223, 35.303353223 ], [ 139.225500506, 35.303409071 ], [ 139.22549792699999, 35.303454886 ], [ 139.225504236, 35.303508078 ], [ 139.225521729, 35.303561327 ], [ 139.225544856999988, 35.303608189 ], [ 139.22558576599999, 35.303669804 ], [ 139.225608904000012, 35.303715749 ], [ 139.225614274, 35.303745106 ], [ 139.22560726399999, 35.3037854 ], [ 139.225592373000012, 35.303814201 ], [ 139.225590247000014, 35.303818311 ], [ 139.22558916, 35.303819701 ], [ 139.225563150999989, 35.303853004 ], [ 139.225508045999987, 35.303895806 ], [ 139.22541580399999, 35.303970501 ], [ 139.22523771199999, 35.304104002 ], [ 139.22514177299999, 35.304186161 ], [ 139.225043605, 35.304257339 ], [ 139.22509756299999, 35.304259396 ], [ 139.225114960000013, 35.304263503 ], [ 139.225131245999989, 35.304270732 ], [ 139.225204678000011, 35.304323609 ], [ 139.225211730000012, 35.30432744 ], [ 139.225218254999987, 35.30432859 ], [ 139.225227244, 35.304327743 ], [ 139.22523735499999, 35.30432399 ], [ 139.22531040699999, 35.30428364 ], [ 139.225326462, 35.304373223 ], [ 139.22532896199999, 35.304532947 ], [ 139.225331426999986, 35.304689931 ], [ 139.225366766, 35.304734332 ], [ 139.225401612000013, 35.304715493 ], [ 139.225445943000011, 35.304697239 ], [ 139.225473362, 35.304690461 ], [ 139.22550483099999, 35.304682682 ], [ 139.225551462, 35.3046705 ], [ 139.22559247699999, 35.304663559 ], [ 139.225670011, 35.304655389 ], [ 139.225694202999989, 35.30465284 ], [ 139.225697285, 35.304653293 ], [ 139.225717158, 35.304656215 ], [ 139.225732588, 35.304661365 ], [ 139.225779022000012, 35.304680342 ], [ 139.225779237000012, 35.304680429 ], [ 139.225881512, 35.304743185 ], [ 139.225886368, 35.304746209 ], [ 139.225886398, 35.304746228 ], [ 139.225955239, 35.304789113 ], [ 139.225980192, 35.304803534 ], [ 139.22614106, 35.3048499 ], [ 139.226176514, 35.304864335 ], [ 139.226179425, 35.304866148 ], [ 139.22621995, 35.304883312 ], [ 139.226224835000011, 35.304886356 ], [ 139.22625641499999, 35.304902577 ], [ 139.226256842, 35.304902264 ], [ 139.226260634999988, 35.304904746 ], [ 139.226292615, 35.304925664 ], [ 139.226354824, 35.304975757 ], [ 139.22637611499999, 35.304993336 ], [ 139.226407376, 35.305019149 ], [ 139.226411954000014, 35.305022188 ], [ 139.226412261, 35.305022192 ], [ 139.22656466699999, 35.305107562 ], [ 139.226585382, 35.305132967 ], [ 139.226605756999987, 35.305157954 ], [ 139.22665397, 35.305217079 ], [ 139.226712198, 35.305249428 ], [ 139.226728444, 35.305260091 ], [ 139.226776769999987, 35.305296436 ], [ 139.226815313, 35.305320906 ], [ 139.226868642, 35.305348251 ], [ 139.22694736, 35.30538226 ], [ 139.227025548, 35.305411713 ], [ 139.227032865000012, 35.305415655 ], [ 139.227059567999987, 35.305449854 ], [ 139.227063154, 35.305452052 ], [ 139.227064402, 35.30545559 ], [ 139.227064434, 35.305455679 ], [ 139.227060384, 35.305665274 ], [ 139.227060332, 35.30566805 ], [ 139.22716866799999, 35.305694418 ], [ 139.227253174, 35.305717873 ], [ 139.227402541, 35.305763124 ], [ 139.227609296, 35.305827646 ], [ 139.227751103, 35.305874834 ], [ 139.227975816999987, 35.305951 ], [ 139.228185362, 35.306020439 ], [ 139.228393823, 35.306090846 ], [ 139.22860008699999, 35.306162458 ], [ 139.228678104000011, 35.306165639 ], [ 139.22868164799999, 35.306163001 ], [ 139.228711096000012, 35.306141079 ], [ 139.228643073, 35.306074967 ], [ 139.228306911, 35.305730137 ], [ 139.22801212499999, 35.305424075 ], [ 139.227960551, 35.305310726 ], [ 139.227803478999988, 35.305006525 ] ] ] } }
]
}
