{
"type": "FeatureCollection",
"name": "A29-19_06211",
"features": [
{ "type": "Feature", "properties": { "A29_001": "06211", "A29_002": "山形県", "A29_003": "東根市", "A29_004": 10, "A29_005": "準工業地域", "A29_006": 60, "A29_007": 200, "A29_008": "条件を付して公開可" }, "geometry": { "type": "Polygon", "coordinates": [ [ [ 140.377671201999988, 38.397308164 ], [ 140.377616698, 38.396980911 ], [ 140.377489472, 38.396995222 ], [ 140.37713355599999, 38.397061361 ], [ 140.377080756999987, 38.397082136 ], [ 140.37698925, 38.39711425 ], [ 140.376900592999988, 38.397167921 ], [ 140.376793896, 38.397235094 ], [ 140.376787044, 38.397239408 ], [ 140.37669317699999, 38.397316852 ], [ 140.376555405, 38.397422891 ], [ 140.376494845, 38.39745506 ], [ 140.3763875, 38.397497778 ], [ 140.376384613, 38.397613996 ], [ 140.376884596999986, 38.400893974 ], [ 140.37694283499999, 38.401286684 ], [ 140.377334587, 38.401855456 ], [ 140.378060126, 38.401895564 ], [ 140.378319741000013, 38.401913785 ], [ 140.378476216, 38.401913201 ], [ 140.37822263699999, 38.400625043 ], [ 140.378108473, 38.40004513 ], [ 140.37807628600001, 38.399854626 ], [ 140.378036417, 38.399646124 ], [ 140.378006406999987, 38.399472543 ], [ 140.377953033000011, 38.399136109 ], [ 140.37793231500001, 38.398998538 ], [ 140.377905118, 38.398817944 ], [ 140.37785895, 38.398532131 ], [ 140.37769680299999, 38.397482022 ], [ 140.377671201999988, 38.397308164 ] ] ] } },
{ "type": "Feature", "properties": { "A29_001": "06211", "A29_002": "山形県", "A29_003": "東根市", "A29_004": 5, "A29_005": "第一種住居地域", "A29_006": 60, "A29_007": 200, "A29_008": "条件を付して公開可" }, "geometry": { "type": "Polygon", "coordinates": [ [ [ 140.380718503999987, 38.401609136 ], [ 140.380219581, 38.398721593 ], [ 140.377934466999989, 38.398998292 ], [ 140.37793231500001, 38.398998538 ], [ 140.377953033000011, 38.399136109 ], [ 140.378006406999987, 38.399472543 ], [ 140.378036417, 38.399646124 ], [ 140.37807628600001, 38.399854626 ], [ 140.378108473, 38.40004513 ], [ 140.37822263699999, 38.400625043 ], [ 140.378476216, 38.401913201 ], [ 140.37955992799999, 38.401779446 ], [ 140.380718503999987, 38.401609136 ] ] ] } },
{ "type": "Feature", "properties": { "A29_001": "06211", "A29_002": "山形県", "A29_003": "東根市", "A29_004": 5, "A29_005": "第一種住居地域", "A29_006": 60, "A29_007": 200, "A29_008": "条件を付して公開可" }, "geometry": { "type": "Polygon", "coordinates": [ [ [ 140.374350806, 38.400414592 ], [ 140.374599942, 38.400583081 ], [ 140.37477959099999, 38.400808637 ], [ 140.374552025000014, 38.401559911 ], [ 140.374342875, 38.402372908 ], [ 140.374246301999989, 38.403162757 ], [ 140.37706896099999, 38.402931753 ], [ 140.37694283499999, 38.401286684 ], [ 140.376884596999986, 38.400893974 ], [ 140.376384613, 38.397613996 ], [ 140.3763875, 38.397497778 ], [ 140.376000721999986, 38.397677889 ], [ 140.375524654, 38.397926183 ], [ 140.37545842899999, 38.398034156 ], [ 140.375436688, 38.398069602 ], [ 140.37533213899999, 38.398240056 ], [ 140.375199952, 38.398458521 ], [ 140.375125715, 38.398581211 ], [ 140.375050611, 38.398705333 ], [ 140.375049147, 38.398707882 ], [ 140.375, 38.398793444 ], [ 140.37494643799999, 38.39889376 ], [ 140.37472327, 38.399311729 ], [ 140.374632279999986, 38.399482141 ], [ 140.374613751, 38.399524635 ], [ 140.37443592599999, 38.399932445 ], [ 140.374411718, 38.399987962 ], [ 140.374406467999989, 38.4 ], [ 140.374353028, 38.400110022 ], [ 140.37433245599999, 38.400152376 ], [ 140.374239036, 38.400338483 ], [ 140.374350806, 38.400414592 ] ] ] } },
{ "type": "Feature", "properties": { "A29_001": "06211", "A29_002": "山形県", "A29_003": "東根市", "A29_004": 7, "A29_005": "準住居地域", "A29_006": 60, "A29_007": 200, "A29_008": "条件を付して公開可" }, "geometry": { "type": "Polygon", "coordinates": [ [ [ 140.37715832399999, 38.403499728 ], [ 140.377109206, 38.403217465 ], [ 140.37706896099999, 38.402931753 ], [ 140.374246301999989, 38.403162757 ], [ 140.374198326, 38.40375109 ], [ 140.37715832399999, 38.403499728 ] ] ] } },
{ "type": "Feature", "properties": { "A29_001": "06211", "A29_002": "山形県", "A29_003": "東根市", "A29_004": 9, "A29_005": "商業地域", "A29_006": 80, "A29_007": 400, "A29_008": "条件を付して公開可" }, "geometry": { "type": "Polygon", "coordinates": [ [ [ 140.381658698, 38.405737534 ], [ 140.381416661, 38.404395306 ], [ 140.381215827, 38.402890145 ], [ 140.381081913, 38.401565673 ], [ 140.380718503999987, 38.401609136 ], [ 140.37955992799999, 38.401779446 ], [ 140.378476216, 38.401913201 ], [ 140.378319741000013, 38.401913785 ], [ 140.378060126, 38.401895564 ], [ 140.377334587, 38.401855456 ], [ 140.37694283499999, 38.401286684 ], [ 140.37706896099999, 38.402931753 ], [ 140.377109206, 38.403217465 ], [ 140.37715832399999, 38.403499728 ], [ 140.377289563, 38.404356656 ], [ 140.377835882, 38.404451161 ], [ 140.377997523, 38.404435105 ], [ 140.37858186299999, 38.404384954 ], [ 140.378854096, 38.406061944 ], [ 140.379571515, 38.40598637 ], [ 140.381658698, 38.405737534 ] ] ] } },
{ "type": "Feature", "properties": { "A29_001": "06211", "A29_002": "山形県", "A29_003": "東根市", "A29_004": 3, "A29_005": "第一種中高層住居専用地域", "A29_006": 60, "A29_007": 200, "A29_008": "条件を付して公開可" }, "geometry": { "type": "Polygon", "coordinates": [ [ [ 140.38283584199999, 38.408453383 ], [ 140.382491753000011, 38.406136281 ], [ 140.381907713, 38.406160437 ], [ 140.38178679399999, 38.40617491 ], [ 140.381760516000014, 38.406193521 ], [ 140.37961709699999, 38.40640404 ], [ 140.379634040000013, 38.406503752 ], [ 140.379637768, 38.406525691 ], [ 140.379645786999987, 38.406572881 ], [ 140.379737003, 38.407109689 ], [ 140.37978558899999, 38.407395612 ], [ 140.379791745, 38.407431838 ], [ 140.379849877999987, 38.407773944 ], [ 140.37987544399999, 38.407924396 ], [ 140.379935584, 38.40827831 ], [ 140.38283584199999, 38.408453383 ] ] ] } },
{ "type": "Feature", "properties": { "A29_001": "06211", "A29_002": "山形県", "A29_003": "東根市", "A29_004": 3, "A29_005": "第一種中高層住居専用地域", "A29_006": 60, "A29_007": 200, "A29_008": "条件を付して公開可" }, "geometry": { "type": "Polygon", "coordinates": [ [ [ 140.384451700999989, 38.405317629 ], [ 140.384383538, 38.405185117 ], [ 140.384243203000011, 38.404989503 ], [ 140.384000624, 38.404836482 ], [ 140.38373198299999, 38.404726054 ], [ 140.383333333, 38.404663883 ], [ 140.382982844, 38.404555865 ], [ 140.383618813999988, 38.40851559 ], [ 140.388366047, 38.408775734 ], [ 140.388624781, 38.405914409 ], [ 140.38759731799999, 38.405855765 ], [ 140.38693959599999, 38.405817153 ], [ 140.38503092799999, 38.40571408 ], [ 140.38461793499999, 38.405684464 ], [ 140.38458967299999, 38.405629775 ], [ 140.384451700999989, 38.405317629 ] ] ] } },
{ "type": "Feature", "properties": { "A29_001": "06211", "A29_002": "山形県", "A29_003": "東根市", "A29_004": 1, "A29_005": "第一種低層住居専用地域", "A29_006": 50, "A29_007": 80, "A29_008": "条件を付して公開可" }, "geometry": { "type": "Polygon", "coordinates": [ [ [ 140.384310715999987, 38.409373429 ], [ 140.384224045, 38.40925873 ], [ 140.383910132000011, 38.409252298 ], [ 140.383894180999988, 38.409251971 ], [ 140.38386596399999, 38.409163063 ], [ 140.38372866, 38.409179948 ], [ 140.384104764999989, 38.41133872 ], [ 140.384339258000011, 38.411303128 ], [ 140.384581703, 38.411152499 ], [ 140.384554288, 38.411063858 ], [ 140.384437792, 38.410652833 ], [ 140.384322206, 38.409816015 ], [ 140.384347330999987, 38.409812254 ], [ 140.38459503199999, 38.409775179 ], [ 140.38477882, 38.409694139 ], [ 140.384723681, 38.409593539 ], [ 140.384649714, 38.409458585 ], [ 140.384512279, 38.409420468 ], [ 140.384423656, 38.409325448 ], [ 140.384413822999988, 38.409314904 ], [ 140.384310715999987, 38.409373429 ] ] ] } },
{ "type": "Feature", "properties": { "A29_001": "06211", "A29_002": "山形県", "A29_003": "東根市", "A29_004": 3, "A29_005": "第一種中高層住居専用地域", "A29_006": 60, "A29_007": 200, "A29_008": "条件を付して公開可" }, "geometry": { "type": "Polygon", "coordinates": [ [ [ 140.380491326999987, 38.411539711 ], [ 140.380617957, 38.412227346 ], [ 140.381132447999988, 38.412231944 ], [ 140.38351855, 38.412374218 ], [ 140.382980002000011, 38.409114391 ], [ 140.381431600000013, 38.409014407 ], [ 140.380551141000012, 38.408970962 ], [ 140.38006108499999, 38.408955138 ], [ 140.380491326999987, 38.411539711 ] ] ] } },
{ "type": "Feature", "properties": { "A29_001": "06211", "A29_002": "山形県", "A29_003": "東根市", "A29_004": 5, "A29_005": "第一種住居地域", "A29_006": 60, "A29_007": 200, "A29_008": "条件を付して公開可" }, "geometry": { "type": "Polygon", "coordinates": [ [ [ 140.379629056999988, 38.410585937 ], [ 140.379263974, 38.408455923 ], [ 140.378854096, 38.406061944 ], [ 140.37858186299999, 38.404384954 ], [ 140.377997523, 38.404435105 ], [ 140.377835882, 38.404451161 ], [ 140.377289563, 38.404356656 ], [ 140.37715832399999, 38.403499728 ], [ 140.374198326, 38.40375109 ], [ 140.37415895800001, 38.404382997 ], [ 140.374206939, 38.405712571 ], [ 140.374426647, 38.407360594 ], [ 140.374522457000012, 38.407956455 ], [ 140.374711459999986, 38.409650396 ], [ 140.37487657299999, 38.410571306 ], [ 140.376166336000011, 38.41040649 ], [ 140.377007171, 38.410286819 ], [ 140.378106228, 38.410156129 ], [ 140.378157761000011, 38.41015027 ], [ 140.378351583000011, 38.410934805 ], [ 140.37852596499999, 38.412342 ], [ 140.379904318, 38.412219364 ], [ 140.379629056999988, 38.410585937 ] ] ] } },
{ "type": "Feature", "properties": { "A29_001": "06211", "A29_002": "山形県", "A29_003": "東根市", "A29_004": 1, "A29_005": "第一種低層住居専用地域", "A29_006": 50, "A29_007": 60, "A29_008": "条件を付して公開可" }, "geometry": { "type": "Polygon", "coordinates": [ [ [ 140.384310715999987, 38.409373429 ], [ 140.384413822999988, 38.409314904 ], [ 140.384423656, 38.409325448 ], [ 140.384512279, 38.409420468 ], [ 140.384649714, 38.409458585 ], [ 140.384723681, 38.409593539 ], [ 140.38477882, 38.409694139 ], [ 140.38459503199999, 38.409775179 ], [ 140.384347330999987, 38.409812254 ], [ 140.384322206, 38.409816015 ], [ 140.384437792, 38.410652833 ], [ 140.384554288, 38.411063858 ], [ 140.384581703, 38.411152499 ], [ 140.384339258000011, 38.411303128 ], [ 140.384104764999989, 38.41133872 ], [ 140.384230702999986, 38.412086171 ], [ 140.384266340000011, 38.412406686 ], [ 140.38836312699999, 38.412680007 ], [ 140.387980559999988, 38.411533749 ], [ 140.387879164999987, 38.410712574 ], [ 140.387946121, 38.409921348 ], [ 140.38802918799999, 38.409398344 ], [ 140.38386596399999, 38.409163063 ], [ 140.383894180999988, 38.409251971 ], [ 140.383910132000011, 38.409252298 ], [ 140.384224045, 38.40925873 ], [ 140.384310715999987, 38.409373429 ] ] ] } },
{ "type": "Feature", "properties": { "A29_001": "06211", "A29_002": "山形県", "A29_003": "東根市", "A29_004": 8, "A29_005": "近隣商業地域", "A29_006": 80, "A29_007": 200, "A29_008": "条件を付して公開可" }, "geometry": { "type": "Polygon", "coordinates": [ [ [ 140.378588947999987, 38.412885494 ], [ 140.380266256, 38.412732672 ], [ 140.380770678, 38.412755515 ], [ 140.38110913700001, 38.41277641 ], [ 140.381120103, 38.412586843 ], [ 140.381132447999988, 38.412231944 ], [ 140.380617957, 38.412227346 ], [ 140.380491326999987, 38.411539711 ], [ 140.38033630000001, 38.410608443 ], [ 140.38026026, 38.410151653 ], [ 140.380207458, 38.409834453 ], [ 140.380190156999987, 38.409730521 ], [ 140.380170209, 38.409610685 ], [ 140.380105474, 38.4092218 ], [ 140.38006108499999, 38.408955138 ], [ 140.379993998, 38.408593337 ], [ 140.379935584, 38.40827831 ], [ 140.37987544399999, 38.407924396 ], [ 140.379849877999987, 38.407773944 ], [ 140.379791745, 38.407431838 ], [ 140.37978558899999, 38.407395612 ], [ 140.379737003, 38.407109689 ], [ 140.379645786999987, 38.406572881 ], [ 140.379637768, 38.406525691 ], [ 140.379634040000013, 38.406503752 ], [ 140.37961709699999, 38.40640404 ], [ 140.379601513000011, 38.406268825 ], [ 140.379591395, 38.406173561 ], [ 140.379590224999987, 38.406162544 ], [ 140.37957549, 38.406023798 ], [ 140.379575057000011, 38.406019719 ], [ 140.37957501599999, 38.406019335 ], [ 140.37957175, 38.405988577 ], [ 140.379571515, 38.40598637 ], [ 140.378854096, 38.406061944 ], [ 140.379263974, 38.408455923 ], [ 140.379629056999988, 38.410585937 ], [ 140.379904318, 38.412219364 ], [ 140.37852596499999, 38.412342 ], [ 140.378588947999987, 38.412885494 ] ] ] } },
{ "type": "Feature", "properties": { "A29_001": "06211", "A29_002": "山形県", "A29_003": "東根市", "A29_004": 6, "A29_005": "第二種住居地域", "A29_006": 60, "A29_007": 200, "A29_008": "条件を付して公開可" }, "geometry": { "type": "Polygon", "coordinates": [ [ [ 140.378083585000013, 38.410658942 ], [ 140.378106228, 38.410156129 ], [ 140.377007171, 38.410286819 ], [ 140.376166336000011, 38.41040649 ], [ 140.37487657299999, 38.410571306 ], [ 140.375010833, 38.411570868 ], [ 140.375308596999986, 38.413649724 ], [ 140.37550996499999, 38.41358615 ], [ 140.377567911, 38.413327707 ], [ 140.377068627999989, 38.411431355 ], [ 140.378065639, 38.411243702 ], [ 140.378083585000013, 38.410658942 ] ] ] } },
{ "type": "Feature", "properties": { "A29_001": "06211", "A29_002": "山形県", "A29_003": "東根市", "A29_004": 5, "A29_005": "第一種住居地域", "A29_006": 60, "A29_007": 200, "A29_008": "条件を付して公開可" }, "geometry": { "type": "Polygon", "coordinates": [ [ [ 140.37879132899999, 38.414095097 ], [ 140.378824541, 38.414293887 ], [ 140.378917128000012, 38.414970442 ], [ 140.37912176899999, 38.416811755 ], [ 140.38061413, 38.416697388 ], [ 140.380197388999989, 38.413970824 ], [ 140.37879132899999, 38.414095097 ] ] ] } },
{ "type": "Feature", "properties": { "A29_001": "06211", "A29_002": "山形県", "A29_003": "東根市", "A29_004": 1, "A29_005": "第一種低層住居専用地域", "A29_006": 50, "A29_007": 80, "A29_008": "条件を付して公開可" }, "geometry": { "type": "Polygon", "coordinates": [ [ [ 140.385235059, 38.416870073 ], [ 140.38576229, 38.416823853 ], [ 140.386289683, 38.416777604 ], [ 140.38656500499999, 38.416757215 ], [ 140.386812092000014, 38.416704005 ], [ 140.387506524, 38.416560644 ], [ 140.388232784, 38.416405372 ], [ 140.388744634, 38.416300813 ], [ 140.389254424, 38.416186735 ], [ 140.388256482, 38.4134701 ], [ 140.384636855999986, 38.413195003 ], [ 140.385119632, 38.415993937 ], [ 140.385235059, 38.416870073 ] ] ] } },
{ "type": "Feature", "properties": { "A29_001": "06211", "A29_002": "山形県", "A29_003": "東根市", "A29_004": 6, "A29_005": "第二種住居地域", "A29_006": 60, "A29_007": 200, "A29_008": "条件を付して公開可" }, "geometry": { "type": "Polygon", "coordinates": [ [ [ 140.384168835, 38.414812859 ], [ 140.383863913, 38.412783397 ], [ 140.381120103, 38.412586843 ], [ 140.38110913700001, 38.41277641 ], [ 140.380770678, 38.412755515 ], [ 140.380921062999988, 38.413880466 ], [ 140.381691052, 38.41390433 ], [ 140.382002601000011, 38.415761633 ], [ 140.382156396, 38.416653711 ], [ 140.382286061, 38.417221737 ], [ 140.382310396, 38.417602379 ], [ 140.384570204999989, 38.417394168 ], [ 140.384540062000013, 38.41725824 ], [ 140.384525165000014, 38.417152363 ], [ 140.384168835, 38.414812859 ] ] ] } },
{ "type": "Feature", "properties": { "A29_001": "06211", "A29_002": "山形県", "A29_003": "東根市", "A29_004": 7, "A29_005": "準住居地域", "A29_006": 60, "A29_007": 200, "A29_008": "条件を付して公開可" }, "geometry": { "type": "Polygon", "coordinates": [ [ [ 140.37925519800001, 38.417769923 ], [ 140.381158606000014, 38.417608878 ], [ 140.381196009, 38.417712853 ], [ 140.382310396, 38.417602379 ], [ 140.382286061, 38.417221737 ], [ 140.382156396, 38.416653711 ], [ 140.382002601000011, 38.415761633 ], [ 140.381691052, 38.41390433 ], [ 140.380921062999988, 38.413880466 ], [ 140.380770678, 38.412755515 ], [ 140.380266256, 38.412732672 ], [ 140.378588947999987, 38.412885494 ], [ 140.378634537000011, 38.413093895 ], [ 140.37879132899999, 38.414095097 ], [ 140.380197388999989, 38.413970824 ], [ 140.38061413, 38.416697388 ], [ 140.37912176899999, 38.416811755 ], [ 140.37925519800001, 38.417769923 ] ] ] } },
{ "type": "Feature", "properties": { "A29_001": "06211", "A29_002": "山形県", "A29_003": "東根市", "A29_004": 1, "A29_005": "第一種低層住居専用地域", "A29_006": 50, "A29_007": 80, "A29_008": "条件を付して公開可" }, "geometry": { "type": "Polygon", "coordinates": [ [ [ 140.390393324, 38.417973935 ], [ 140.389949107, 38.416784767 ], [ 140.38778558300001, 38.417266684 ], [ 140.38669131899999, 38.417514141 ], [ 140.385234413, 38.417620016 ], [ 140.385439552, 38.419100682 ], [ 140.38585441399999, 38.418983095 ], [ 140.386369675999987, 38.418901843 ], [ 140.386827305999986, 38.41886534 ], [ 140.387832499000012, 38.418791031 ], [ 140.388427041, 38.418656346 ], [ 140.389173062999987, 38.418467295 ], [ 140.389626736, 38.418312269 ], [ 140.390007072, 38.418164004 ], [ 140.390393324, 38.417973935 ] ] ] } },
{ "type": "Feature", "properties": { "A29_001": "06211", "A29_002": "山形県", "A29_003": "東根市", "A29_004": 5, "A29_005": "第一種住居地域", "A29_006": 60, "A29_007": 200, "A29_008": "条件を付して公開可" }, "geometry": { "type": "Polygon", "coordinates": [ [ [ 140.38778558300001, 38.417266684 ], [ 140.389949107, 38.416784767 ], [ 140.390393324, 38.417973935 ], [ 140.39061082500001, 38.417873768 ], [ 140.389699541999988, 38.415404469 ], [ 140.389245262, 38.414258118 ], [ 140.388730353, 38.412875608 ], [ 140.388333794, 38.411867666 ], [ 140.38821154499999, 38.411407249 ], [ 140.388159527999989, 38.410922672 ], [ 140.38813826, 38.410484974 ], [ 140.388195746, 38.409790038 ], [ 140.388366047, 38.408775734 ], [ 140.383618813999988, 38.40851559 ], [ 140.382982844, 38.404555865 ], [ 140.382849373999989, 38.404522615 ], [ 140.382565093000011, 38.404425717 ], [ 140.382162674, 38.404369808 ], [ 140.38173780599999, 38.404359726 ], [ 140.381416661, 38.404395306 ], [ 140.381658698, 38.405737534 ], [ 140.379571515, 38.40598637 ], [ 140.37957175, 38.405988577 ], [ 140.37957501599999, 38.406019335 ], [ 140.379575057000011, 38.406019719 ], [ 140.37957549, 38.406023798 ], [ 140.379590224999987, 38.406162544 ], [ 140.379591395, 38.406173561 ], [ 140.379601513000011, 38.406268825 ], [ 140.37961709699999, 38.40640404 ], [ 140.381760516000014, 38.406193521 ], [ 140.38178679399999, 38.40617491 ], [ 140.381907713, 38.406160437 ], [ 140.382491753000011, 38.406136281 ], [ 140.38283584199999, 38.408453383 ], [ 140.379935584, 38.40827831 ], [ 140.379993998, 38.408593337 ], [ 140.38006108499999, 38.408955138 ], [ 140.380551141000012, 38.408970962 ], [ 140.381431600000013, 38.409014407 ], [ 140.382980002000011, 38.409114391 ], [ 140.38351855, 38.412374218 ], [ 140.381132447999988, 38.412231944 ], [ 140.381120103, 38.412586843 ], [ 140.383863913, 38.412783397 ], [ 140.384168835, 38.414812859 ], [ 140.384525165000014, 38.417152363 ], [ 140.384540062000013, 38.41725824 ], [ 140.384570204999989, 38.417394168 ], [ 140.382310396, 38.417602379 ], [ 140.382736136, 38.419965062 ], [ 140.38337603, 38.419791758 ], [ 140.38408034, 38.419573962 ], [ 140.38496718499999, 38.41927221 ], [ 140.385439552, 38.419100682 ], [ 140.385234413, 38.417620016 ], [ 140.38669131899999, 38.417514141 ], [ 140.38778558300001, 38.417266684 ] ], [ [ 140.385119632, 38.415993937 ], [ 140.384636855999986, 38.413195003 ], [ 140.388256482, 38.4134701 ], [ 140.389254424, 38.416186735 ], [ 140.388744634, 38.416300813 ], [ 140.388232784, 38.416405372 ], [ 140.387506524, 38.416560644 ], [ 140.386812092000014, 38.416704005 ], [ 140.38656500499999, 38.416757215 ], [ 140.386289683, 38.416777604 ], [ 140.38576229, 38.416823853 ], [ 140.385235059, 38.416870073 ], [ 140.385119632, 38.415993937 ] ], [ [ 140.384266340000011, 38.412406686 ], [ 140.384230702999986, 38.412086171 ], [ 140.384104764999989, 38.41133872 ], [ 140.38372866, 38.409179948 ], [ 140.38386596399999, 38.409163063 ], [ 140.38802918799999, 38.409398344 ], [ 140.387946121, 38.409921348 ], [ 140.387879164999987, 38.410712574 ], [ 140.387980559999988, 38.411533749 ], [ 140.38836312699999, 38.412680007 ], [ 140.384266340000011, 38.412406686 ] ] ] } },
{ "type": "Feature", "properties": { "A29_001": "06211", "A29_002": "山形県", "A29_003": "東根市", "A29_004": 10, "A29_005": "準工業地域", "A29_006": 60, "A29_007": 200, "A29_008": "条件を付して公開可" }, "geometry": { "type": "Polygon", "coordinates": [ [ [ 140.382736136, 38.419965062 ], [ 140.382310396, 38.417602379 ], [ 140.381196009, 38.417712853 ], [ 140.381158606000014, 38.417608878 ], [ 140.37925519800001, 38.417769923 ], [ 140.37912176899999, 38.416811755 ], [ 140.378917128000012, 38.414970442 ], [ 140.378824541, 38.414293887 ], [ 140.37879132899999, 38.414095097 ], [ 140.378572002999988, 38.414132552 ], [ 140.378445789000011, 38.41379079 ], [ 140.37824518799999, 38.413312927 ], [ 140.378080485999988, 38.411910254 ], [ 140.378065639, 38.411243702 ], [ 140.377068627999989, 38.411431355 ], [ 140.377567911, 38.413327707 ], [ 140.37550996499999, 38.41358615 ], [ 140.375308596999986, 38.413649724 ], [ 140.375010833, 38.411570868 ], [ 140.37487657299999, 38.410571306 ], [ 140.374711459999986, 38.409650396 ], [ 140.374522457000012, 38.407956455 ], [ 140.374426647, 38.407360594 ], [ 140.374206939, 38.405712571 ], [ 140.37415895800001, 38.404382997 ], [ 140.374198326, 38.40375109 ], [ 140.374246301999989, 38.403162757 ], [ 140.374342875, 38.402372908 ], [ 140.374552025000014, 38.401559911 ], [ 140.37477959099999, 38.400808637 ], [ 140.374599942, 38.400583081 ], [ 140.374350806, 38.400414592 ], [ 140.374239036, 38.400338483 ], [ 140.374130603, 38.40058655 ], [ 140.374045824, 38.400805756 ], [ 140.373863677, 38.401375511 ], [ 140.373803861, 38.401562611 ], [ 140.373785516, 38.401646364 ], [ 140.37372783, 38.401909724 ], [ 140.373666985, 38.402187504 ], [ 140.373592038999988, 38.402590295 ], [ 140.37357079099999, 38.402777813 ], [ 140.37353558699999, 38.403088494 ], [ 140.373507203, 38.403338983 ], [ 140.37347012699999, 38.403514974 ], [ 140.373453622, 38.403683186 ], [ 140.373450584000011, 38.403714142 ], [ 140.373431952, 38.404105605 ], [ 140.373437689000014, 38.404445498 ], [ 140.373439628, 38.404560359 ], [ 140.373448767000014, 38.405101774 ], [ 140.373454318, 38.405163017 ], [ 140.373470357, 38.405339972 ], [ 140.373524766, 38.405940242 ], [ 140.373549371, 38.406211692 ], [ 140.373557412, 38.406274751 ], [ 140.373604914999987, 38.406647281 ], [ 140.373610195, 38.406686402 ], [ 140.373654426, 38.4070141 ], [ 140.373697396000011, 38.407332448 ], [ 140.373753579, 38.40774869 ], [ 140.373791466, 38.408029379 ], [ 140.373829032, 38.408316078 ], [ 140.373829704, 38.408321206 ], [ 140.37383129299999, 38.408333333 ], [ 140.373868181, 38.408576307 ], [ 140.373888937, 38.408713027 ], [ 140.37394889699999, 38.409170488 ], [ 140.373987308000011, 38.409463536 ], [ 140.374064667, 38.410053722 ], [ 140.374068781, 38.410080998 ], [ 140.374142221999989, 38.410567827 ], [ 140.374168658, 38.410743065 ], [ 140.374186138999988, 38.410858944 ], [ 140.374270628, 38.411431254 ], [ 140.374371507, 38.412114581 ], [ 140.374401264, 38.412316143 ], [ 140.37457007099999, 38.413459558 ], [ 140.374604091, 38.413689987 ], [ 140.374731981999986, 38.414556225 ], [ 140.374769246, 38.41480862 ], [ 140.374835184, 38.415255227 ], [ 140.374860383999987, 38.415468919 ], [ 140.374877634, 38.415615191 ], [ 140.37490285199999, 38.415786486 ], [ 140.375, 38.41644635 ], [ 140.375013149000011, 38.416545536 ], [ 140.375027585, 38.416654428 ], [ 140.375029227, 38.416666667 ], [ 140.375072109, 38.416986182 ], [ 140.375077013, 38.417022721 ], [ 140.375172381, 38.417634437 ], [ 140.37522252799999, 38.417956088 ], [ 140.375240278, 38.418088139 ], [ 140.375243563, 38.418112579 ], [ 140.37529406199999, 38.418462595 ], [ 140.375306736, 38.418550584 ], [ 140.375398843, 38.419190058 ], [ 140.37547349799999, 38.419708363 ], [ 140.375507083, 38.419941528 ], [ 140.375528809, 38.420089245 ], [ 140.375708223, 38.421309082 ], [ 140.37572518499999, 38.421424407 ], [ 140.375747362, 38.421575183 ], [ 140.37576330600001, 38.421683583 ], [ 140.375784939999988, 38.421853802 ], [ 140.375798444, 38.421960056 ], [ 140.375948611000013, 38.421882528 ], [ 140.376047139, 38.421861111 ], [ 140.376403528, 38.421709417 ], [ 140.37705975, 38.421448889 ], [ 140.377336472, 38.421348306 ], [ 140.377535639, 38.421277389 ], [ 140.377848027999988, 38.421176833 ], [ 140.37832586, 38.421040229 ], [ 140.378445527999986, 38.421008639 ], [ 140.378632111, 38.420952583 ], [ 140.379206556000014, 38.420767889 ], [ 140.379343605, 38.420711451 ], [ 140.37968455, 38.420601009 ], [ 140.380284155999988, 38.420486077 ], [ 140.380826917, 38.420354306 ], [ 140.381266778, 38.420277111 ], [ 140.381635926, 38.420180812 ], [ 140.382736136, 38.419965062 ] ] ] } },
{ "type": "Feature", "properties": { "A29_001": "06211", "A29_002": "山形県", "A29_003": "東根市", "A29_004": 10, "A29_005": "準工業地域", "A29_006": 60, "A29_007": 200, "A29_008": "条件を付して公開可" }, "geometry": { "type": "Polygon", "coordinates": [ [ [ 140.358536068, 38.42029455 ], [ 140.358521438999986, 38.420966154 ], [ 140.35850172799999, 38.421829731 ], [ 140.35856470600001, 38.42235234 ], [ 140.358634048, 38.422578975 ], [ 140.358725416999988, 38.4228365 ], [ 140.359405855, 38.422822563 ], [ 140.359286986, 38.4224075 ], [ 140.35920178, 38.42189873 ], [ 140.359224219999987, 38.421174489 ], [ 140.359228499000011, 38.420519822 ], [ 140.359151784, 38.420066805 ], [ 140.359043332999988, 38.419559682 ], [ 140.358326690000013, 38.419617385 ], [ 140.358536068, 38.42029455 ] ] ] } },
{ "type": "Feature", "properties": { "A29_001": "06211", "A29_002": "山形県", "A29_003": "東根市", "A29_004": 12, "A29_005": "工業専用地域", "A29_006": 60, "A29_007": 200, "A29_008": "条件を付して公開可" }, "geometry": { "type": "Polygon", "coordinates": [ [ [ 140.354848729999986, 38.421356114 ], [ 140.35470185299999, 38.421445143 ], [ 140.354581099, 38.421632697 ], [ 140.35457515600001, 38.421862509 ], [ 140.35471049099999, 38.422148615 ], [ 140.354886537999988, 38.422302558 ], [ 140.35522657300001, 38.422425828 ], [ 140.35558420000001, 38.422566581 ], [ 140.355982540000014, 38.422652508 ], [ 140.356371786000011, 38.42278128 ], [ 140.356464724, 38.422843847 ], [ 140.3566045, 38.422864556 ], [ 140.356797667, 38.422882833 ], [ 140.35702730599999, 38.422887722 ], [ 140.357322083000014, 38.422893833 ], [ 140.357637028, 38.422898111 ], [ 140.35795586099999, 38.422892611 ], [ 140.358241333, 38.422885278 ], [ 140.35833333299999, 38.422877861 ], [ 140.358430610999989, 38.422870028 ], [ 140.358725416999988, 38.4228365 ], [ 140.358634048, 38.422578975 ], [ 140.35856470600001, 38.42235234 ], [ 140.35850172799999, 38.421829731 ], [ 140.358521438999986, 38.420966154 ], [ 140.358536068, 38.42029455 ], [ 140.358326690000013, 38.419617385 ], [ 140.357776486, 38.419695584 ], [ 140.35728684899999, 38.419798467 ], [ 140.356849283, 38.420012195 ], [ 140.35655159699999, 38.42018162 ], [ 140.356304892, 38.420373752 ], [ 140.35611100700001, 38.420541993 ], [ 140.355993474, 38.420780081 ], [ 140.355883021000011, 38.420846641 ], [ 140.35580446899999, 38.420918901 ], [ 140.35566977, 38.420999867 ], [ 140.35560182399999, 38.421108611 ], [ 140.35550464, 38.421204653 ], [ 140.355335886, 38.421287542 ], [ 140.355198621999989, 38.421293947 ], [ 140.355083788, 38.421255172 ], [ 140.354947581, 38.42127803 ], [ 140.354941982000014, 38.42127897 ], [ 140.354848729999986, 38.421356114 ] ] ] } },
{ "type": "Feature", "properties": { "A29_001": "06211", "A29_002": "山形県", "A29_003": "東根市", "A29_004": 12, "A29_005": "工業専用地域", "A29_006": 60, "A29_007": 200, "A29_008": "条件を付して公開可" }, "geometry": { "type": "Polygon", "coordinates": [ [ [ 140.365892843000012, 38.415492219 ], [ 140.36642019300001, 38.418889908 ], [ 140.363370291, 38.419197536 ], [ 140.359043332999988, 38.419559682 ], [ 140.359151784, 38.420066805 ], [ 140.359228499000011, 38.420519822 ], [ 140.359224219999987, 38.421174489 ], [ 140.35920178, 38.42189873 ], [ 140.359286986, 38.4224075 ], [ 140.359405855, 38.422822563 ], [ 140.359567152000011, 38.42282478 ], [ 140.359679381, 38.422819456 ], [ 140.359842930000013, 38.42281147 ], [ 140.36002255599999, 38.422801083 ], [ 140.360141844999987, 38.422789359 ], [ 140.360311, 38.422781861 ], [ 140.36055952800001, 38.422769667 ], [ 140.360715056, 38.42276125 ], [ 140.360864056, 38.422752806 ], [ 140.36105655599999, 38.422740167 ], [ 140.361214499999988, 38.4227275 ], [ 140.361398028, 38.422712972 ], [ 140.36159947199999, 38.422695167 ], [ 140.36194633299999, 38.422673611 ], [ 140.36217875, 38.422667972 ], [ 140.362421305999987, 38.422670778 ], [ 140.36271438, 38.422670215 ], [ 140.362989766, 38.422691664 ], [ 140.363251518999988, 38.422723839 ], [ 140.363494185, 38.422760303 ], [ 140.36364960099999, 38.422796767 ], [ 140.363734125, 38.422813927 ], [ 140.363976791999988, 38.422858971 ], [ 140.36408858199999, 38.422886856 ], [ 140.36415402, 38.422912595 ], [ 140.364331827, 38.422969989 ], [ 140.36439273799999, 38.422980971 ], [ 140.364491718000011, 38.42299295 ], [ 140.36459323599999, 38.423002933 ], [ 140.364693485, 38.423012916 ], [ 140.36481911300001, 38.423017907 ], [ 140.364973556, 38.423011083 ], [ 140.365035556, 38.423006861 ], [ 140.365168444, 38.422988111 ], [ 140.365416944, 38.422941694 ], [ 140.365481917000011, 38.422925306 ], [ 140.365588, 38.422898111 ], [ 140.365738166999989, 38.422863444 ], [ 140.365858556, 38.422833444 ], [ 140.365973583, 38.42281 ], [ 140.366132693999987, 38.422784222 ], [ 140.36624294399999, 38.422769222 ], [ 140.366439611, 38.422742028 ], [ 140.366554333000011, 38.422723278 ], [ 140.366666667, 38.422699806 ], [ 140.366706889, 38.422691417 ], [ 140.36686583299999, 38.422654167 ], [ 140.367127083000014, 38.42259375 ], [ 140.367250417, 38.422568139 ], [ 140.3674, 38.422542667 ], [ 140.367502277999989, 38.422526389 ], [ 140.367592265000013, 38.422510337 ], [ 140.367663615, 38.422506595 ], [ 140.367960909, 38.422507219 ], [ 140.36809409599999, 38.422508466 ], [ 140.368319246999988, 38.422519692 ], [ 140.36844450699999, 38.422523434 ], [ 140.368645874, 38.422550876 ], [ 140.368804431, 38.422572081 ], [ 140.36895902399999, 38.422600146 ], [ 140.36902561799999, 38.422608877 ], [ 140.369147707, 38.422625093 ], [ 140.369277724, 38.42264505 ], [ 140.369398227, 38.422673739 ], [ 140.369607522, 38.422701181 ], [ 140.369880241, 38.422746085 ], [ 140.37016643699999, 38.422785376 ], [ 140.370281756999987, 38.422809078 ], [ 140.369934088, 38.420515322 ], [ 140.369668668, 38.418606162 ], [ 140.36912791099999, 38.41516239 ], [ 140.365892843000012, 38.415492219 ] ] ] } },
{ "type": "Feature", "properties": { "A29_001": "06211", "A29_002": "山形県", "A29_003": "東根市", "A29_004": 5, "A29_005": "第一種住居地域", "A29_006": 60, "A29_007": 200, "A29_008": "条件を付して公開可" }, "geometry": { "type": "Polygon", "coordinates": [ [ [ 140.385114441000013, 38.420993063 ], [ 140.38475399399999, 38.420041729 ], [ 140.38455123899999, 38.420128171 ], [ 140.38406315, 38.42026742 ], [ 140.383550011000011, 38.420417413 ], [ 140.383235219999989, 38.420499781 ], [ 140.38285174399999, 38.420594073 ], [ 140.38290076199999, 38.420852017 ], [ 140.382946358, 38.421091951 ], [ 140.383016803, 38.421462643 ], [ 140.383036148, 38.42156444 ], [ 140.38305291899999, 38.421652694 ], [ 140.383060758999989, 38.421700178 ], [ 140.38314936, 38.422236828 ], [ 140.383171261, 38.42236948 ], [ 140.383208399000011, 38.422594423 ], [ 140.383283627999987, 38.423050067 ], [ 140.38328581499999, 38.423063316 ], [ 140.38331598799999, 38.423246068 ], [ 140.383324812000012, 38.423299513 ], [ 140.38341868, 38.423835993 ], [ 140.383458826, 38.424065439 ], [ 140.383484417, 38.424211697 ], [ 140.383543139000011, 38.424547301 ], [ 140.38361947199999, 38.425008695 ], [ 140.383738024, 38.425 ], [ 140.384243801, 38.424955942 ], [ 140.385270186000014, 38.42486351 ], [ 140.386374746, 38.424772682 ], [ 140.386651242999989, 38.424747967 ], [ 140.387681492000013, 38.424662357 ], [ 140.387670055, 38.424642009 ], [ 140.387583965, 38.424457579 ], [ 140.387477912, 38.4242598 ], [ 140.387418645999986, 38.424140863 ], [ 140.38710877299999, 38.423694806 ], [ 140.386899468, 38.423454225 ], [ 140.386662812, 38.423208272 ], [ 140.386395001000011, 38.422904513 ], [ 140.386187497, 38.422661272 ], [ 140.386030967000011, 38.422476355 ], [ 140.385982852000012, 38.42242142 ], [ 140.38572763799999, 38.422041427 ], [ 140.385493386, 38.421702038 ], [ 140.385350127, 38.421444085 ], [ 140.385220836, 38.421186103 ], [ 140.385114441000013, 38.420993063 ] ] ] } },
{ "type": "Feature", "properties": { "A29_001": "06211", "A29_002": "山形県", "A29_003": "東根市", "A29_004": 11, "A29_005": "工業地域", "A29_006": 60, "A29_007": 200, "A29_008": "条件を付して公開可" }, "geometry": { "type": "Polygon", "coordinates": [ [ [ 140.38009448599999, 38.423653826 ], [ 140.379816661, 38.421661683 ], [ 140.379577716999989, 38.42166137 ], [ 140.379074042000013, 38.421681394 ], [ 140.378622729, 38.421726842 ], [ 140.378375295000012, 38.421755441 ], [ 140.378061577000011, 38.421815808 ], [ 140.37779823299999, 38.421892852 ], [ 140.377552751, 38.421976795 ], [ 140.37712010300001, 38.42211337 ], [ 140.376949889, 38.422197331 ], [ 140.376758375, 38.422295511 ], [ 140.376572887, 38.42236989 ], [ 140.37681494899999, 38.423904611 ], [ 140.376957651999987, 38.425092901 ], [ 140.37712499, 38.425936284 ], [ 140.377236678, 38.426478226 ], [ 140.380437258, 38.426128473 ], [ 140.38009448599999, 38.423653826 ] ] ] } },
{ "type": "Feature", "properties": { "A29_001": "06211", "A29_002": "山形県", "A29_003": "東根市", "A29_004": 5, "A29_005": "第一種住居地域", "A29_006": 60, "A29_007": 200, "A29_008": "条件を付して公開可" }, "geometry": { "type": "Polygon", "coordinates": [ [ [ 140.389420441999988, 38.427408008 ], [ 140.390927084999987, 38.427311603 ], [ 140.392658962000013, 38.427178082 ], [ 140.39250231, 38.426284392 ], [ 140.39242866399999, 38.425655548 ], [ 140.38922074199999, 38.425960053 ], [ 140.389280372, 38.426391403 ], [ 140.389393508000012, 38.427242557 ], [ 140.389420441999988, 38.427408008 ] ] ] } },
{ "type": "Feature", "properties": { "A29_001": "06211", "A29_002": "山形県", "A29_003": "東根市", "A29_004": 10, "A29_005": "準工業地域", "A29_006": 60, "A29_007": 200, "A29_008": "条件を付して公開可" }, "geometry": { "type": "Polygon", "coordinates": [ [ [ 140.383599022999988, 38.426388406 ], [ 140.385291220999989, 38.426248338 ], [ 140.385347884, 38.426750015 ], [ 140.385862284000012, 38.426703508 ], [ 140.389280372, 38.426391403 ], [ 140.38922074199999, 38.425960053 ], [ 140.39242866399999, 38.425655548 ], [ 140.39250231, 38.426284392 ], [ 140.39330674499999, 38.426206423 ], [ 140.393330278, 38.426259644 ], [ 140.393720221, 38.426196684 ], [ 140.394070228, 38.426149244 ], [ 140.39389645899999, 38.42596925 ], [ 140.393474088, 38.425091891 ], [ 140.393402920999989, 38.425098716 ], [ 140.393172056, 38.425117 ], [ 140.393062345, 38.425124799 ], [ 140.39286825, 38.425139917 ], [ 140.391715987999987, 38.425236478 ], [ 140.39166666700001, 38.425240611 ], [ 140.391575499999988, 38.42524825 ], [ 140.391156056, 38.425281842 ], [ 140.39025383500001, 38.425354058 ], [ 140.389664374, 38.425403881 ], [ 140.38871272, 38.425485455 ], [ 140.38850567, 38.42469213 ], [ 140.38821091, 38.424002145 ], [ 140.38787706799999, 38.42346484 ], [ 140.387564435, 38.423083274 ], [ 140.387097270999988, 38.422585959 ], [ 140.38663885, 38.422058757 ], [ 140.386200282, 38.421395435 ], [ 140.385907234, 38.420823208 ], [ 140.38567169, 38.420258166 ], [ 140.385491128000012, 38.419781318 ], [ 140.385184579, 38.419883389 ], [ 140.385118009, 38.419909261 ], [ 140.38475399399999, 38.420041729 ], [ 140.385114441000013, 38.420993063 ], [ 140.385220836, 38.421186103 ], [ 140.385350127, 38.421444085 ], [ 140.385493386, 38.421702038 ], [ 140.38572763799999, 38.422041427 ], [ 140.385982852000012, 38.42242142 ], [ 140.386030967000011, 38.422476355 ], [ 140.386187497, 38.422661272 ], [ 140.386395001000011, 38.422904513 ], [ 140.386662812, 38.423208272 ], [ 140.386899468, 38.423454225 ], [ 140.38710877299999, 38.423694806 ], [ 140.387418645999986, 38.424140863 ], [ 140.387477912, 38.4242598 ], [ 140.387583965, 38.424457579 ], [ 140.387670055, 38.424642009 ], [ 140.387681492000013, 38.424662357 ], [ 140.386651242999989, 38.424747967 ], [ 140.386374746, 38.424772682 ], [ 140.385270186000014, 38.42486351 ], [ 140.384243801, 38.424955942 ], [ 140.383738024, 38.425 ], [ 140.38361947199999, 38.425008695 ], [ 140.383543139000011, 38.424547301 ], [ 140.383484417, 38.424211697 ], [ 140.383458826, 38.424065439 ], [ 140.38341868, 38.423835993 ], [ 140.383324812000012, 38.423299513 ], [ 140.38331598799999, 38.423246068 ], [ 140.38328581499999, 38.423063316 ], [ 140.383283627999987, 38.423050067 ], [ 140.383208399000011, 38.422594423 ], [ 140.383171261, 38.42236948 ], [ 140.38314936, 38.422236828 ], [ 140.383060758999989, 38.421700178 ], [ 140.38305291899999, 38.421652694 ], [ 140.383036148, 38.42156444 ], [ 140.383016803, 38.421462643 ], [ 140.382946358, 38.421091951 ], [ 140.38290076199999, 38.420852017 ], [ 140.38285174399999, 38.420594073 ], [ 140.381556811, 38.420840698 ], [ 140.38051352799999, 38.421084833 ], [ 140.37985351099999, 38.421188441 ], [ 140.37975729199999, 38.421205552 ], [ 140.379816661, 38.421661683 ], [ 140.38009448599999, 38.423653826 ], [ 140.380437258, 38.426128473 ], [ 140.380454472999986, 38.426253809 ], [ 140.380643036, 38.427591001 ], [ 140.380651319, 38.427649715 ], [ 140.38202460299999, 38.427510643 ], [ 140.382827901000013, 38.427434804 ], [ 140.38372599499999, 38.427354106 ], [ 140.38362558899999, 38.426661258 ], [ 140.383582329, 38.426390757 ], [ 140.383599022999988, 38.426388406 ] ] ] } },
{ "type": "Feature", "properties": { "A29_001": "06211", "A29_002": "山形県", "A29_003": "東根市", "A29_004": 6, "A29_005": "第二種住居地域", "A29_006": 60, "A29_007": 200, "A29_008": "条件を付して公開可" }, "geometry": { "type": "Polygon", "coordinates": [ [ [ 140.385980657, 38.427549715 ], [ 140.385862284000012, 38.426703508 ], [ 140.385347884, 38.426750015 ], [ 140.385291220999989, 38.426248338 ], [ 140.383599022999988, 38.426388406 ], [ 140.383582329, 38.426390757 ], [ 140.38362558899999, 38.426661258 ], [ 140.38372599499999, 38.427354106 ], [ 140.38378310499999, 38.427789549 ], [ 140.38433898400001, 38.427736278 ], [ 140.385441797999988, 38.427630009 ], [ 140.38598399599999, 38.427582291 ], [ 140.385980657, 38.427549715 ] ] ] } },
{ "type": "Feature", "properties": { "A29_001": "06211", "A29_002": "山形県", "A29_003": "東根市", "A29_004": 12, "A29_005": "工業専用地域", "A29_006": 60, "A29_007": 200, "A29_008": "条件を付して公開可" }, "geometry": { "type": "Polygon", "coordinates": [ [ [ 140.390369819, 38.418903211 ], [ 140.389871785, 38.419086308 ], [ 140.388980421000014, 38.419363601 ], [ 140.38828472099999, 38.419486326 ], [ 140.387713276999989, 38.419557285 ], [ 140.386827777, 38.41959222 ], [ 140.385919769, 38.419688005 ], [ 140.385491128000012, 38.419781318 ], [ 140.38567169, 38.420258166 ], [ 140.385907234, 38.420823208 ], [ 140.386200282, 38.421395435 ], [ 140.38663885, 38.422058757 ], [ 140.387097270999988, 38.422585959 ], [ 140.387564435, 38.423083274 ], [ 140.38787706799999, 38.42346484 ], [ 140.38821091, 38.424002145 ], [ 140.38850567, 38.42469213 ], [ 140.38871272, 38.425485455 ], [ 140.389664374, 38.425403881 ], [ 140.39025383500001, 38.425354058 ], [ 140.391156056, 38.425281842 ], [ 140.391575499999988, 38.42524825 ], [ 140.39166666700001, 38.425240611 ], [ 140.391715987999987, 38.425236478 ], [ 140.39286825, 38.425139917 ], [ 140.393062345, 38.425124799 ], [ 140.393172056, 38.425117 ], [ 140.393402920999989, 38.425098716 ], [ 140.393474088, 38.425091891 ], [ 140.394432278000011, 38.425 ], [ 140.39455415899999, 38.424987482 ], [ 140.39506975, 38.424934528 ], [ 140.396665609, 38.424802158 ], [ 140.397012014000012, 38.427351383 ], [ 140.399444195, 38.427130195 ], [ 140.399478319, 38.427152862 ], [ 140.399518755, 38.42716304 ], [ 140.4, 38.427121972 ], [ 140.40015127800001, 38.428492657 ], [ 140.401630745, 38.428348375 ], [ 140.401900984, 38.426961021 ], [ 140.40228439099999, 38.42514342 ], [ 140.402424865, 38.424376497 ], [ 140.402906745, 38.421927461 ], [ 140.402971345999987, 38.421707181 ], [ 140.40312701799999, 38.421353092 ], [ 140.403181229000012, 38.421254714 ], [ 140.403337536, 38.420984202 ], [ 140.40371392099999, 38.420335956 ], [ 140.404107125, 38.419616173 ], [ 140.404785311000012, 38.418533853 ], [ 140.405315651, 38.417596911 ], [ 140.40551456099999, 38.417234714 ], [ 140.40549835600001, 38.416980442 ], [ 140.405436656, 38.416934946 ], [ 140.405379167, 38.41692603 ], [ 140.405261915000011, 38.416918637 ], [ 140.405016796000012, 38.416918933 ], [ 140.404874051, 38.41691248 ], [ 140.404732946, 38.4169099 ], [ 140.403722241, 38.416917654 ], [ 140.403471212999989, 38.41693342 ], [ 140.40329239, 38.416955061 ], [ 140.402955995000013, 38.417020785 ], [ 140.40221387299999, 38.417182403 ], [ 140.401253634, 38.417383712 ], [ 140.401051435999989, 38.41741124 ], [ 140.40031208799999, 38.417501162 ], [ 140.399532846999989, 38.417536586 ], [ 140.39875377300001, 38.417544147 ], [ 140.398478576, 38.417548565 ], [ 140.39813158199999, 38.41750668 ], [ 140.397948050999986, 38.417493126 ], [ 140.397762719000013, 38.417476704 ], [ 140.39750104399999, 38.417458568 ], [ 140.39722666899999, 38.417436094 ], [ 140.396994158000012, 38.417405193 ], [ 140.396661663, 38.417373919 ], [ 140.396449115, 38.417348813 ], [ 140.396183925, 38.417310637 ], [ 140.39575420700001, 38.417223218 ], [ 140.395468478999987, 38.417174475 ], [ 140.39511973099999, 38.417125496 ], [ 140.39491378299999, 38.417111377 ], [ 140.394574489, 38.417102479 ], [ 140.39433435399999, 38.417130185 ], [ 140.39405782599999, 38.417163475 ], [ 140.393863605, 38.417214237 ], [ 140.393696057999989, 38.417263191 ], [ 140.393513922000011, 38.417319718 ], [ 140.393377896, 38.417366882 ], [ 140.393241743, 38.417435024 ], [ 140.392843610999989, 38.417641532 ], [ 140.392560753999987, 38.41781196 ], [ 140.392295542, 38.417976872 ], [ 140.39208391, 38.418100032 ], [ 140.391655888, 38.418331075 ], [ 140.39131780400001, 38.418520501 ], [ 140.391065981999986, 38.418645709 ], [ 140.390369819, 38.418903211 ] ] ] } },
{ "type": "Feature", "properties": { "A29_001": "06211", "A29_002": "山形県", "A29_003": "東根市", "A29_004": 9, "A29_005": "商業地域", "A29_006": 80, "A29_007": 400, "A29_008": "条件を付して公開可" }, "geometry": { "type": "Polygon", "coordinates": [ [ [ 140.38447885799999, 38.428735512 ], [ 140.38433898400001, 38.427736278 ], [ 140.38378310499999, 38.427789549 ], [ 140.38372599499999, 38.427354106 ], [ 140.382827901000013, 38.427434804 ], [ 140.38202460299999, 38.427510643 ], [ 140.380651319, 38.427649715 ], [ 140.380674465, 38.427813789 ], [ 140.38089446699999, 38.429393789 ], [ 140.380904707000013, 38.429463118 ], [ 140.380910703000012, 38.429509864 ], [ 140.381119761, 38.429493529 ], [ 140.38148766099999, 38.429456515 ], [ 140.38233875899999, 38.42936919 ], [ 140.38239591199999, 38.429363544 ], [ 140.383122893, 38.429283525 ], [ 140.383967762999987, 38.429208134 ], [ 140.383909198999987, 38.428794362 ], [ 140.38447885799999, 38.428735512 ] ] ] } },
{ "type": "Feature", "properties": { "A29_001": "06211", "A29_002": "山形県", "A29_003": "東根市", "A29_004": 5, "A29_005": "第一種住居地域", "A29_006": 60, "A29_007": 200, "A29_008": "条件を付して公開可" }, "geometry": { "type": "Polygon", "coordinates": [ [ [ 140.39434635500001, 38.428361623 ], [ 140.394600462999989, 38.42964254 ], [ 140.395136989, 38.429550597 ], [ 140.395212547999989, 38.429533717 ], [ 140.395283557999988, 38.429517534 ], [ 140.395368190999989, 38.429503548 ], [ 140.39551820599999, 38.429501963 ], [ 140.395621817, 38.429506641 ], [ 140.395689858, 38.429530494 ], [ 140.395744339, 38.429541425 ], [ 140.395807925000014, 38.429550244 ], [ 140.395884302000013, 38.429548384 ], [ 140.39595614699999, 38.429544361 ], [ 140.396012559000013, 38.429536705 ], [ 140.39608814799999, 38.429514818 ], [ 140.396269405, 38.429458284 ], [ 140.396438778, 38.429412432 ], [ 140.39662791, 38.429356036 ], [ 140.396639975, 38.429370893 ], [ 140.396821198999987, 38.429608709 ], [ 140.39770014699999, 38.429245363 ], [ 140.39744954, 38.428786068 ], [ 140.39704984299999, 38.42810249 ], [ 140.396869398, 38.427760715 ], [ 140.396820389, 38.42765471 ], [ 140.39679592600001, 38.427601799 ], [ 140.396737194999986, 38.427451061 ], [ 140.39670587, 38.427370663 ], [ 140.396587449, 38.426758778 ], [ 140.396581594, 38.426728528 ], [ 140.39657131300001, 38.426706962 ], [ 140.39639792700001, 38.426343281 ], [ 140.396204009, 38.426015811 ], [ 140.396343425, 38.425686535 ], [ 140.39643720399999, 38.425551072 ], [ 140.396500814, 38.425279685 ], [ 140.396603403, 38.42515122 ], [ 140.396524053, 38.425076822 ], [ 140.396426588, 38.425108772 ], [ 140.39627215499999, 38.425175066 ], [ 140.395949148999989, 38.425268956 ], [ 140.39540827799999, 38.425288235 ], [ 140.39470001399999, 38.425673487 ], [ 140.394487922, 38.425798001 ], [ 140.39389645899999, 38.42596925 ], [ 140.394070228, 38.426149244 ], [ 140.393720221, 38.426196684 ], [ 140.39415441599999, 38.427676218 ], [ 140.39434635500001, 38.428361623 ] ] ] } },
{ "type": "Feature", "properties": { "A29_001": "06211", "A29_002": "山形県", "A29_003": "東根市", "A29_004": 7, "A29_005": "準住居地域", "A29_006": 60, "A29_007": 200, "A29_008": "条件を付して公開可" }, "geometry": { "type": "Polygon", "coordinates": [ [ [ 140.39344471199999, 38.429789884 ], [ 140.39417463699999, 38.429719565 ], [ 140.394336006, 38.429699898 ], [ 140.394600462999989, 38.42964254 ], [ 140.39434635500001, 38.428361623 ], [ 140.39415441599999, 38.427676218 ], [ 140.393720221, 38.426196684 ], [ 140.393330278, 38.426259644 ], [ 140.39330674499999, 38.426206423 ], [ 140.39250231, 38.426284392 ], [ 140.392658962000013, 38.427178082 ], [ 140.390927084999987, 38.427311603 ], [ 140.389420441999988, 38.427408008 ], [ 140.389470249, 38.427773337 ], [ 140.39144168199999, 38.427582285 ], [ 140.391484045, 38.427888973 ], [ 140.393149427, 38.427748111 ], [ 140.39344471199999, 38.429789884 ] ] ] } },
{ "type": "Feature", "properties": { "A29_001": "06211", "A29_002": "山形県", "A29_003": "東根市", "A29_004": 5, "A29_005": "第一種住居地域", "A29_006": 60, "A29_007": 200, "A29_008": "条件を付して公開可" }, "geometry": { "type": "Polygon", "coordinates": [ [ [ 140.391778045, 38.429938309 ], [ 140.39235981600001, 38.429891572 ], [ 140.392801068000011, 38.429850929 ], [ 140.39344471199999, 38.429789884 ], [ 140.393149427, 38.427748111 ], [ 140.391484045, 38.427888973 ], [ 140.391778045, 38.429938309 ] ] ] } },
{ "type": "Feature", "properties": { "A29_001": "06211", "A29_002": "山形県", "A29_003": "東根市", "A29_004": 6, "A29_005": "第二種住居地域", "A29_006": 60, "A29_007": 200, "A29_008": "条件を付して公開可" }, "geometry": { "type": "Polygon", "coordinates": [ [ [ 140.382404732999987, 38.42941082 ], [ 140.38239591199999, 38.429363544 ], [ 140.38233875899999, 38.42936919 ], [ 140.38148766099999, 38.429456515 ], [ 140.381119761, 38.429493529 ], [ 140.380910703000012, 38.429509864 ], [ 140.381004018999988, 38.4302373 ], [ 140.38258465199999, 38.430584381 ], [ 140.382404732999987, 38.42941082 ] ] ] } },
{ "type": "Feature", "properties": { "A29_001": "06211", "A29_002": "山形県", "A29_003": "東根市", "A29_004": 7, "A29_005": "準住居地域", "A29_006": 60, "A29_007": 200, "A29_008": "条件を付して公開可" }, "geometry": { "type": "Polygon", "coordinates": [ [ [ 140.383988225, 38.429485 ], [ 140.383967762999987, 38.429208134 ], [ 140.383122893, 38.429283525 ], [ 140.38239591199999, 38.429363544 ], [ 140.382404732999987, 38.42941082 ], [ 140.38258465199999, 38.430584381 ], [ 140.382958245999987, 38.430664171 ], [ 140.383063517000011, 38.430687934 ], [ 140.383333333, 38.430686583 ], [ 140.384144623999987, 38.430626765 ], [ 140.384074922, 38.430173879 ], [ 140.383988225, 38.429485 ] ] ] } },
{ "type": "Feature", "properties": { "A29_001": "06211", "A29_002": "山形県", "A29_003": "東根市", "A29_004": 6, "A29_005": "第二種住居地域", "A29_006": 60, "A29_007": 200, "A29_008": "条件を付して公開可" }, "geometry": { "type": "Polygon", "coordinates": [ [ [ 140.391778045, 38.429938309 ], [ 140.391484045, 38.427888973 ], [ 140.39144168199999, 38.427582285 ], [ 140.389470249, 38.427773337 ], [ 140.390190163999989, 38.430080152 ], [ 140.389564564000011, 38.430144474 ], [ 140.390047154, 38.431077483 ], [ 140.390081888, 38.431149604 ], [ 140.390142919, 38.431265554 ], [ 140.390371904, 38.43169254 ], [ 140.39058274300001, 38.432094793 ], [ 140.39166666599999, 38.431744472 ], [ 140.394414086000012, 38.430843581 ], [ 140.39417463699999, 38.429719565 ], [ 140.39344471199999, 38.429789884 ], [ 140.392801068000011, 38.429850929 ], [ 140.39235981600001, 38.429891572 ], [ 140.391778045, 38.429938309 ] ] ] } },
{ "type": "Feature", "properties": { "A29_001": "06211", "A29_002": "山形県", "A29_003": "東根市", "A29_004": 5, "A29_005": "第一種住居地域", "A29_006": 60, "A29_007": 200, "A29_008": "条件を付して公開可" }, "geometry": { "type": "Polygon", "coordinates": [ [ [ 140.392325613999986, 38.433128783 ], [ 140.392819679000013, 38.432966427 ], [ 140.393321461, 38.432807675 ], [ 140.393808242, 38.432652644 ], [ 140.394228505, 38.432518453 ], [ 140.394705695, 38.432374371 ], [ 140.394585377, 38.431810379 ], [ 140.394414086000012, 38.430843581 ], [ 140.39166666700001, 38.431744472 ], [ 140.392084603, 38.432664686 ], [ 140.392325613999986, 38.433128783 ] ] ] } },
{ "type": "Feature", "properties": { "A29_001": "06211", "A29_002": "山形県", "A29_003": "東根市", "A29_004": 6, "A29_005": "第二種住居地域", "A29_006": 60, "A29_007": 200, "A29_008": "条件を付して公開可" }, "geometry": { "type": "Polygon", "coordinates": [ [ [ 140.392325613999986, 38.433128783 ], [ 140.39278385599999, 38.433996501 ], [ 140.394333611, 38.433494838 ], [ 140.39489107899999, 38.433320718 ], [ 140.394781572, 38.432849415 ], [ 140.394705695, 38.432374371 ], [ 140.394228505, 38.432518453 ], [ 140.393808242, 38.432652644 ], [ 140.393321461, 38.432807675 ], [ 140.392819679000013, 38.432966427 ], [ 140.392325613999986, 38.433128783 ] ] ] } },
{ "type": "Feature", "properties": { "A29_001": "06211", "A29_002": "山形県", "A29_003": "東根市", "A29_004": 3, "A29_005": "第一種中高層住居専用地域", "A29_006": 60, "A29_007": 200, "A29_008": "条件を付して公開可" }, "geometry": { "type": "Polygon", "coordinates": [ [ [ 140.389176681, 38.430632034 ], [ 140.385353278999986, 38.430973395 ], [ 140.385456492, 38.431799615 ], [ 140.38529456, 38.431887491 ], [ 140.38535738600001, 38.432108861 ], [ 140.385545492, 38.432475227 ], [ 140.386055922, 38.432982119 ], [ 140.386742222, 38.433688173 ], [ 140.387441833, 38.433255222 ], [ 140.387809067, 38.433612396 ], [ 140.388240539, 38.434453295 ], [ 140.389765718, 38.433960419 ], [ 140.39075139900001, 38.433639227 ], [ 140.390253515000012, 38.432678807 ], [ 140.390252522, 38.432653745 ], [ 140.390055402, 38.432267649 ], [ 140.389823759, 38.43186684 ], [ 140.38950965, 38.431251119 ], [ 140.389176681, 38.430632034 ] ] ] } },
{ "type": "Feature", "properties": { "A29_001": "06211", "A29_002": "山形県", "A29_003": "東根市", "A29_004": 8, "A29_005": "近隣商業地域", "A29_006": 80, "A29_007": 300, "A29_008": "条件を付して公開可" }, "geometry": { "type": "Polygon", "coordinates": [ [ [ 140.392084603, 38.432664686 ], [ 140.391666686, 38.431744513 ], [ 140.39166666599999, 38.431744472 ], [ 140.39058274300001, 38.432094793 ], [ 140.390371904, 38.43169254 ], [ 140.390142919, 38.431265554 ], [ 140.390081888, 38.431149604 ], [ 140.390047154, 38.431077483 ], [ 140.389564564000011, 38.430144474 ], [ 140.390190163999989, 38.430080152 ], [ 140.389470249, 38.427773337 ], [ 140.389420441999988, 38.427408008 ], [ 140.389393508000012, 38.427242557 ], [ 140.389280372, 38.426391403 ], [ 140.385862284000012, 38.426703508 ], [ 140.385980657, 38.427549715 ], [ 140.38598399599999, 38.427582291 ], [ 140.385441797999988, 38.427630009 ], [ 140.38433898400001, 38.427736278 ], [ 140.38447885799999, 38.428735512 ], [ 140.386129103, 38.428581936 ], [ 140.38625239699999, 38.428573546 ], [ 140.386694170999988, 38.428543482 ], [ 140.387208063, 38.428499653 ], [ 140.38775115199999, 38.428444696 ], [ 140.388403172000011, 38.428377092 ], [ 140.38852432600001, 38.429254029 ], [ 140.388735026, 38.430218288 ], [ 140.388999136, 38.430194478 ], [ 140.389176681, 38.430632034 ], [ 140.38950965, 38.431251119 ], [ 140.389823759, 38.43186684 ], [ 140.390055402, 38.432267649 ], [ 140.390252522, 38.432653745 ], [ 140.390253515000012, 38.432678807 ], [ 140.39075139900001, 38.433639227 ], [ 140.389765718, 38.433960419 ], [ 140.38998930599999, 38.434391361 ], [ 140.390203361, 38.434836028 ], [ 140.391128982999987, 38.434536364 ], [ 140.39175236599999, 38.434324645 ], [ 140.392224639, 38.434170167 ], [ 140.392294095000011, 38.434155156 ], [ 140.39278385599999, 38.433996501 ], [ 140.392325613999986, 38.433128783 ], [ 140.392084603, 38.432664686 ] ] ] } },
{ "type": "Feature", "properties": { "A29_001": "06211", "A29_002": "山形県", "A29_003": "東根市", "A29_004": 3, "A29_005": "第一種中高層住居専用地域", "A29_006": 60, "A29_007": 200, "A29_008": "条件を付して公開可" }, "geometry": { "type": "Polygon", "coordinates": [ [ [ 140.384934656000013, 38.4338876 ], [ 140.385129021000012, 38.436106606 ], [ 140.38538159399999, 38.436072748 ], [ 140.385920349, 38.435788199 ], [ 140.38719862799999, 38.435062831 ], [ 140.385966687, 38.43381145 ], [ 140.384934656000013, 38.4338876 ] ] ] } },
{ "type": "Feature", "properties": { "A29_001": "06211", "A29_002": "山形県", "A29_003": "東根市", "A29_004": 3, "A29_005": "第一種中高層住居専用地域", "A29_006": 60, "A29_007": 200, "A29_008": "条件を付して公開可" }, "geometry": { "type": "Polygon", "coordinates": [ [ [ 140.39593839299999, 38.436291076 ], [ 140.395165776999988, 38.435325211 ], [ 140.395037304999988, 38.435175065 ], [ 140.394866952, 38.434958894 ], [ 140.394951791000011, 38.434916182 ], [ 140.394968978, 38.434907529 ], [ 140.39492566199999, 38.434827514 ], [ 140.39474371899999, 38.434503245 ], [ 140.394333611, 38.433494838 ], [ 140.39278385599999, 38.433996501 ], [ 140.392294095000011, 38.434155156 ], [ 140.392598243, 38.434763802 ], [ 140.392940785, 38.435427352 ], [ 140.39315595, 38.435834503 ], [ 140.393321278, 38.435763448 ], [ 140.393324632, 38.435762007 ], [ 140.393351217, 38.435801736 ], [ 140.393577408, 38.436139752 ], [ 140.394054321, 38.436734637 ], [ 140.394399386, 38.437142166 ], [ 140.39442652599999, 38.437176353 ], [ 140.39481754799999, 38.436958113 ], [ 140.39519282, 38.436737603 ], [ 140.39593839299999, 38.436291076 ] ] ] } },
{ "type": "Feature", "properties": { "A29_001": "06211", "A29_002": "山形県", "A29_003": "東根市", "A29_004": 6, "A29_005": "第二種住居地域", "A29_006": 60, "A29_007": 200, "A29_008": "条件を付して公開可" }, "geometry": { "type": "Polygon", "coordinates": [ [ [ 140.393577408, 38.436139752 ], [ 140.393351217, 38.435801736 ], [ 140.393324632, 38.435762007 ], [ 140.393321278, 38.435763448 ], [ 140.39315595, 38.435834503 ], [ 140.392940785, 38.435427352 ], [ 140.392598243, 38.434763802 ], [ 140.392294095000011, 38.434155156 ], [ 140.392224639, 38.434170167 ], [ 140.39175236599999, 38.434324645 ], [ 140.391128982999987, 38.434536364 ], [ 140.391616037, 38.435145734 ], [ 140.392054986, 38.435722981 ], [ 140.39219745299999, 38.435918033 ], [ 140.392429929, 38.436204558 ], [ 140.392332514, 38.436254352 ], [ 140.392640459, 38.436647405 ], [ 140.393102336, 38.437223327 ], [ 140.393446192999988, 38.437638965 ], [ 140.393472551, 38.437665766 ], [ 140.393955583, 38.437420789 ], [ 140.39442652599999, 38.437176353 ], [ 140.394399386, 38.437142166 ], [ 140.394054321, 38.436734637 ], [ 140.393577408, 38.436139752 ] ] ] } },
{ "type": "Feature", "properties": { "A29_001": "06211", "A29_002": "山形県", "A29_003": "東根市", "A29_004": 3, "A29_005": "第一種中高層住居専用地域", "A29_006": 60, "A29_007": 200, "A29_008": "条件を付して公開可" }, "geometry": { "type": "Polygon", "coordinates": [ [ [ 140.393102336, 38.437223327 ], [ 140.392640459, 38.436647405 ], [ 140.392332514, 38.436254352 ], [ 140.392429929, 38.436204558 ], [ 140.39219745299999, 38.435918033 ], [ 140.392054986, 38.435722981 ], [ 140.391616037, 38.435145734 ], [ 140.391128982999987, 38.434536364 ], [ 140.390203361, 38.434836028 ], [ 140.38863833, 38.435336975 ], [ 140.38920715399999, 38.435920969 ], [ 140.390171358, 38.436863859 ], [ 140.390523194999986, 38.437208797 ], [ 140.390728279, 38.437086089 ], [ 140.390996892, 38.437464313 ], [ 140.391412653, 38.43796907 ], [ 140.391916130999988, 38.438410704 ], [ 140.39195741399999, 38.438446153 ], [ 140.391985428, 38.438430866 ], [ 140.392570608, 38.438137191 ], [ 140.393465394, 38.437669832 ], [ 140.393472551, 38.437665766 ], [ 140.393446192999988, 38.437638965 ], [ 140.393102336, 38.437223327 ] ] ] } },
{ "type": "Feature", "properties": { "A29_001": "06211", "A29_002": "山形県", "A29_003": "東根市", "A29_004": 10, "A29_005": "準工業地域", "A29_006": 60, "A29_007": 200, "A29_008": "条件を付して公開可" }, "geometry": { "type": "Polygon", "coordinates": [ [ [ 140.37592365399999, 38.422816391 ], [ 140.375932406, 38.422884349 ], [ 140.37594486399999, 38.422981086 ], [ 140.375958996, 38.423076084 ], [ 140.375987766, 38.423269471 ], [ 140.37599000899999, 38.423284548 ], [ 140.37604035199999, 38.42362295 ], [ 140.376059588, 38.423752258 ], [ 140.37612231899999, 38.424173919 ], [ 140.37612304699999, 38.424178819 ], [ 140.376163378, 38.424465834 ], [ 140.376176199000014, 38.424557078 ], [ 140.3761998, 38.424699126 ], [ 140.376209582, 38.424758001 ], [ 140.376247739, 38.424987655 ], [ 140.37624979099999, 38.425 ], [ 140.376256766000012, 38.42504404 ], [ 140.376276447, 38.425168295 ], [ 140.376337690000014, 38.425554957 ], [ 140.376358427000014, 38.425685886 ], [ 140.376392895, 38.425903499 ], [ 140.376415751, 38.426015063 ], [ 140.376417369, 38.426022962 ], [ 140.376484756999986, 38.426351893 ], [ 140.37651414199999, 38.426495324 ], [ 140.37655644899999, 38.426701831 ], [ 140.376618986000011, 38.426964857 ], [ 140.376661086000013, 38.427141928 ], [ 140.376715311999988, 38.427369995 ], [ 140.37674044900001, 38.427475717 ], [ 140.37674641699999, 38.427504419 ], [ 140.376815789, 38.427838081 ], [ 140.37684855, 38.42799565 ], [ 140.376883561999989, 38.428164045 ], [ 140.37691384199999, 38.428274691 ], [ 140.376915982000014, 38.428282512 ], [ 140.376977329, 38.428506676 ], [ 140.376993685, 38.428577009 ], [ 140.37702491499999, 38.428717072 ], [ 140.377046229, 38.428812658 ], [ 140.377093183, 38.429023238 ], [ 140.37711735100001, 38.429145079 ], [ 140.377126346000011, 38.429190423 ], [ 140.377174056, 38.429430944 ], [ 140.377237673, 38.429671882 ], [ 140.377253314, 38.429731119 ], [ 140.37735333099999, 38.430109913 ], [ 140.377361435000012, 38.430145778 ], [ 140.37736614799999, 38.430166634 ], [ 140.377439716, 38.430492204 ], [ 140.377446522000014, 38.430522322 ], [ 140.377485127, 38.430693166 ], [ 140.377555927, 38.430973222 ], [ 140.377587019, 38.431096208 ], [ 140.377650963, 38.431349143 ], [ 140.377657344999989, 38.431376949 ], [ 140.377711823, 38.431614294 ], [ 140.37772569, 38.431674708 ], [ 140.37778197, 38.4319199 ], [ 140.377832809000012, 38.432141388 ], [ 140.377856677000011, 38.432245375 ], [ 140.377942557000011, 38.43261952 ], [ 140.377958158000013, 38.432687487 ], [ 140.377986025000013, 38.432800441 ], [ 140.378049468, 38.433057593 ], [ 140.378073996000012, 38.433157016 ], [ 140.378117495999987, 38.433333333 ], [ 140.378135758000013, 38.433428364 ], [ 140.378171528, 38.4336145 ], [ 140.37820563, 38.433765502 ], [ 140.37823488, 38.433895013 ], [ 140.378333778000012, 38.434332914 ], [ 140.378394267, 38.434600747 ], [ 140.378479639, 38.43497875 ], [ 140.378500723, 38.435068551 ], [ 140.378554909, 38.435299335 ], [ 140.37862436099999, 38.435595139 ], [ 140.378646546, 38.435684249 ], [ 140.378695067, 38.435879132 ], [ 140.378758806, 38.436135139 ], [ 140.378859769, 38.436469341 ], [ 140.37888995899999, 38.436569271 ], [ 140.378892498, 38.436577676 ], [ 140.379060016000011, 38.437294778 ], [ 140.379101552, 38.437472582 ], [ 140.379129686, 38.437593013 ], [ 140.379169119000011, 38.437753438 ], [ 140.379194329, 38.437856 ], [ 140.379228273, 38.43799686 ], [ 140.379293743, 38.438268548 ], [ 140.379469771, 38.438999017 ], [ 140.37948244899999, 38.439051628 ], [ 140.37953173299999, 38.43925614 ], [ 140.379703737, 38.439470252 ], [ 140.38007950299999, 38.439736547 ], [ 140.380162694, 38.439785342 ], [ 140.380228964999986, 38.439804194 ], [ 140.380410858, 38.439806412 ], [ 140.37990885100001, 38.437823892 ], [ 140.37958946099999, 38.436506325 ], [ 140.379317931, 38.435324754 ], [ 140.378886402, 38.433536632 ], [ 140.378489151999986, 38.431933206 ], [ 140.37812748799999, 38.43030554 ], [ 140.377756723, 38.428719625 ], [ 140.377428688, 38.427381123 ], [ 140.377236678, 38.426478226 ], [ 140.37712499, 38.425936284 ], [ 140.376957651999987, 38.425092901 ], [ 140.37681494899999, 38.423904611 ], [ 140.376572887, 38.42236989 ], [ 140.376358063, 38.422493329 ], [ 140.37592365399999, 38.422816391 ] ] ] } },
{ "type": "Feature", "properties": { "A29_001": "06211", "A29_002": "山形県", "A29_003": "東根市", "A29_004": 3, "A29_005": "第一種中高層住居専用地域", "A29_006": 60, "A29_007": 200, "A29_008": "条件を付して公開可" }, "geometry": { "type": "Polygon", "coordinates": [ [ [ 140.38559425599999, 38.440178275 ], [ 140.385621136, 38.440356675 ], [ 140.385667353, 38.440567494 ], [ 140.387061397999986, 38.440363761 ], [ 140.38938584499999, 38.440017391 ], [ 140.389929138000014, 38.439869706 ], [ 140.390266782, 38.439682936 ], [ 140.391356054999989, 38.438945308 ], [ 140.390428969, 38.438139125 ], [ 140.389464506, 38.437294486 ], [ 140.38770201299999, 38.4355501 ], [ 140.387220547, 38.435817716 ], [ 140.386407408, 38.4362917 ], [ 140.38599431099999, 38.436509512 ], [ 140.385794543, 38.436595809 ], [ 140.385461953, 38.436681597 ], [ 140.38524412699999, 38.436735505 ], [ 140.38524024099999, 38.436736467 ], [ 140.38532256799999, 38.437743183 ], [ 140.38536129900001, 38.438342407 ], [ 140.38539583299999, 38.438545222 ], [ 140.385405028, 38.438791944 ], [ 140.385404583, 38.438880417 ], [ 140.385432866, 38.439034525 ], [ 140.385454684, 38.439153406 ], [ 140.385448481, 38.439217643 ], [ 140.385428838, 38.439267244 ], [ 140.385545664, 38.439649252 ], [ 140.385591154, 38.43995938 ], [ 140.385584951, 38.439984587 ], [ 140.38559425599999, 38.440178275 ] ] ] } },
{ "type": "Feature", "properties": { "A29_001": "06211", "A29_002": "山形県", "A29_003": "東根市", "A29_004": 5, "A29_005": "第一種住居地域", "A29_006": 60, "A29_007": 200, "A29_008": "条件を付して公開可" }, "geometry": { "type": "Polygon", "coordinates": [ [ [ 140.39128203300001, 38.439784386 ], [ 140.391822144, 38.439431222 ], [ 140.392343872999987, 38.439915493 ], [ 140.392577807, 38.439755034 ], [ 140.392887816000012, 38.439659844 ], [ 140.39366962, 38.439241415 ], [ 140.394416186, 38.438791508 ], [ 140.394940695, 38.4384522 ], [ 140.39549564399999, 38.438203545 ], [ 140.396027806, 38.437919306 ], [ 140.396349504, 38.437816956 ], [ 140.396798, 38.43770025 ], [ 140.397210777999987, 38.437618417 ], [ 140.397373528, 38.437568278 ], [ 140.39748963, 38.437549137 ], [ 140.39715589, 38.437101241 ], [ 140.396588001, 38.436420336 ], [ 140.395787367, 38.435320558 ], [ 140.395652723000012, 38.435078287 ], [ 140.395418709000012, 38.434681109 ], [ 140.395271436, 38.434371721 ], [ 140.395131418, 38.434057953 ], [ 140.39489107899999, 38.433320718 ], [ 140.394333611, 38.433494838 ], [ 140.39474371899999, 38.434503245 ], [ 140.39492566199999, 38.434827514 ], [ 140.394968978, 38.434907529 ], [ 140.394951791000011, 38.434916182 ], [ 140.394866952, 38.434958894 ], [ 140.395037304999988, 38.435175065 ], [ 140.395165776999988, 38.435325211 ], [ 140.39593839299999, 38.436291076 ], [ 140.39519282, 38.436737603 ], [ 140.39481754799999, 38.436958113 ], [ 140.39442652599999, 38.437176353 ], [ 140.393955583, 38.437420789 ], [ 140.393472551, 38.437665766 ], [ 140.393465394, 38.437669832 ], [ 140.392570608, 38.438137191 ], [ 140.391985428, 38.438430866 ], [ 140.39195741399999, 38.438446153 ], [ 140.391916130999988, 38.438410704 ], [ 140.391412653, 38.43796907 ], [ 140.390996892, 38.437464313 ], [ 140.390728279, 38.437086089 ], [ 140.390523194999986, 38.437208797 ], [ 140.390171358, 38.436863859 ], [ 140.38920715399999, 38.435920969 ], [ 140.38863833, 38.435336975 ], [ 140.388108837, 38.435502104 ], [ 140.387979800000011, 38.435375297 ], [ 140.38770201299999, 38.4355501 ], [ 140.389464506, 38.437294486 ], [ 140.390428969, 38.438139125 ], [ 140.391356054999989, 38.438945308 ], [ 140.390266782, 38.439682936 ], [ 140.389929138000014, 38.439869706 ], [ 140.38938584499999, 38.440017391 ], [ 140.387061397999986, 38.440363761 ], [ 140.385667353, 38.440567494 ], [ 140.385690406, 38.440672169 ], [ 140.385688339000012, 38.440807962 ], [ 140.385658357000011, 38.440902936 ], [ 140.385541964999987, 38.440917568 ], [ 140.385631370999988, 38.441195921 ], [ 140.38642353099999, 38.441082286 ], [ 140.38751820600001, 38.440915821 ], [ 140.388825657000012, 38.440708364 ], [ 140.389671611000011, 38.4405635 ], [ 140.39024873, 38.440417754 ], [ 140.39128203300001, 38.439784386 ] ] ] } },
{ "type": "Feature", "properties": { "A29_001": "06211", "A29_002": "山形県", "A29_003": "東根市", "A29_004": 3, "A29_005": "第一種中高層住居専用地域", "A29_006": 60, "A29_007": 200, "A29_008": "条件を付して公開可" }, "geometry": { "type": "Polygon", "coordinates": [ [ [ 140.396203283, 38.442598744 ], [ 140.396656564000011, 38.442326199 ], [ 140.39686132, 38.442515009 ], [ 140.397211072, 38.442338711 ], [ 140.397440882000012, 38.44222726 ], [ 140.397734178, 38.442050751 ], [ 140.398087937000014, 38.441759547 ], [ 140.398589214999987, 38.441233832 ], [ 140.398969955000013, 38.440872208 ], [ 140.399456719, 38.440550152 ], [ 140.39872685, 38.43962517 ], [ 140.39771145899999, 38.438337069 ], [ 140.3975812, 38.438170604 ], [ 140.397567575000011, 38.438171795 ], [ 140.397288256, 38.438220545 ], [ 140.396975097, 38.438284217 ], [ 140.396780879, 38.438325448 ], [ 140.396579295, 38.438381907 ], [ 140.396365542000012, 38.438445948 ], [ 140.395967181, 38.438602149 ], [ 140.395541607000013, 38.438774692 ], [ 140.395161116, 38.438973304 ], [ 140.39490914000001, 38.439115588 ], [ 140.39445163, 38.439392299 ], [ 140.394124256999987, 38.439591687 ], [ 140.393964906, 38.439687967 ], [ 140.39355138900001, 38.43993975 ], [ 140.393375189000011, 38.440053358 ], [ 140.394448993, 38.44114706 ], [ 140.39466573499999, 38.441406117 ], [ 140.394743457, 38.441558694 ], [ 140.395357526, 38.443521457 ], [ 140.395778624, 38.443080336 ], [ 140.396203283, 38.442598744 ] ] ] } },
{ "type": "Feature", "properties": { "A29_001": "06211", "A29_002": "山形県", "A29_003": "東根市", "A29_004": 6, "A29_005": "第二種住居地域", "A29_006": 60, "A29_007": 200, "A29_008": "条件を付して公開可" }, "geometry": { "type": "Polygon", "coordinates": [ [ [ 140.393375189000011, 38.440053358 ], [ 140.393344708, 38.440022311 ], [ 140.39275165699999, 38.440385529 ], [ 140.393788999, 38.441394461 ], [ 140.394037693, 38.441733832 ], [ 140.394071778000011, 38.4418187 ], [ 140.394801263, 38.444071764 ], [ 140.395110843, 38.443980397 ], [ 140.39508397099999, 38.443899426 ], [ 140.395236239000013, 38.443808297 ], [ 140.395278286, 38.443719655 ], [ 140.395287094, 38.443636111 ], [ 140.395357526, 38.443521457 ], [ 140.394743457, 38.441558694 ], [ 140.39466573499999, 38.441406117 ], [ 140.394448993, 38.44114706 ], [ 140.393375189000011, 38.440053358 ] ] ] } },
{ "type": "Feature", "properties": { "A29_001": "06211", "A29_002": "山形県", "A29_003": "東根市", "A29_004": 3, "A29_005": "第一種中高層住居専用地域", "A29_006": 60, "A29_007": 200, "A29_008": "条件を付して公開可" }, "geometry": { "type": "Polygon", "coordinates": [ [ [ 140.392343872999987, 38.439915493 ], [ 140.391822144, 38.439431222 ], [ 140.39128203300001, 38.439784386 ], [ 140.39024873, 38.440417754 ], [ 140.389671611000011, 38.4405635 ], [ 140.388825657000012, 38.440708364 ], [ 140.38751820600001, 38.440915821 ], [ 140.38642353099999, 38.441082286 ], [ 140.385631370999988, 38.441195921 ], [ 140.38567245499999, 38.441308311 ], [ 140.385719325999986, 38.441495009 ], [ 140.385717258, 38.441550846 ], [ 140.385671766, 38.441618174 ], [ 140.385669009, 38.441637148 ], [ 140.385741531, 38.441860702 ], [ 140.38577823599999, 38.442105543 ], [ 140.38577662899999, 38.442270301 ], [ 140.385815458, 38.442528629 ], [ 140.38581856, 38.442623281 ], [ 140.385837688, 38.442716306 ], [ 140.38589595, 38.442825187 ], [ 140.385905256, 38.442892192 ], [ 140.385925934999989, 38.442969848 ], [ 140.38603630899999, 38.443178179 ], [ 140.386105181, 38.443337778 ], [ 140.386157972, 38.443455317 ], [ 140.386177051, 38.443511046 ], [ 140.38616887399999, 38.443569991 ], [ 140.386156609000011, 38.443630007 ], [ 140.386155342, 38.443641633 ], [ 140.386148432999988, 38.443705028 ], [ 140.38615933599999, 38.443811986 ], [ 140.38615252299999, 38.443960956 ], [ 140.38615661099999, 38.444020544 ], [ 140.386171897999986, 38.44406819 ], [ 140.386252197, 38.444202713 ], [ 140.386312143999987, 38.444284983 ], [ 140.38641583099999, 38.444565268 ], [ 140.38685398699999, 38.444338251 ], [ 140.387471979, 38.443974633 ], [ 140.38784612500001, 38.443708267 ], [ 140.387994316, 38.443586929 ], [ 140.38833449099999, 38.443292876 ], [ 140.38866673699999, 38.442931221 ], [ 140.388868464000012, 38.442715805 ], [ 140.388907493, 38.442679888 ], [ 140.389123165, 38.442438472 ], [ 140.389440729, 38.442086195 ], [ 140.38956151, 38.441955584 ], [ 140.389738486, 38.441795306 ], [ 140.389882712, 38.441680834 ], [ 140.389898684, 38.441666667 ], [ 140.38990582400001, 38.441660334 ], [ 140.38992009399999, 38.441647669 ], [ 140.38992904599999, 38.441639723 ], [ 140.390008771, 38.441565306 ], [ 140.390296611, 38.441316556 ], [ 140.390491809999986, 38.441154723 ], [ 140.390692953000013, 38.440997029 ], [ 140.391272152999989, 38.440570469 ], [ 140.391647697, 38.440312917 ], [ 140.39166666700001, 38.44030086 ], [ 140.391691226, 38.44028525 ], [ 140.391737643999988, 38.440255723 ], [ 140.391740346, 38.440254028 ], [ 140.39192348099999, 38.440139195 ], [ 140.392068150999989, 38.44005475 ], [ 140.392170181000012, 38.440018528 ], [ 140.392237654000013, 38.439989389 ], [ 140.39229743300001, 38.439952277 ], [ 140.392343872999987, 38.439915493 ] ] ] } },
{ "type": "Feature", "properties": { "A29_001": "06211", "A29_002": "山形県", "A29_003": "東根市", "A29_004": 6, "A29_005": "第二種住居地域", "A29_006": 60, "A29_007": 200, "A29_008": "条件を付して公開可" }, "geometry": { "type": "Polygon", "coordinates": [ [ [ 140.386407408, 38.4362917 ], [ 140.387220547, 38.435817716 ], [ 140.38770201299999, 38.4355501 ], [ 140.387979800000011, 38.435375297 ], [ 140.388108837, 38.435502104 ], [ 140.38863833, 38.435336975 ], [ 140.390203361, 38.434836028 ], [ 140.38998930599999, 38.434391361 ], [ 140.389765718, 38.433960419 ], [ 140.388240539, 38.434453295 ], [ 140.387809067, 38.433612396 ], [ 140.387441833, 38.433255222 ], [ 140.386742222, 38.433688173 ], [ 140.386055922, 38.432982119 ], [ 140.385545492, 38.432475227 ], [ 140.38535738600001, 38.432108861 ], [ 140.38529456, 38.431887491 ], [ 140.385456492, 38.431799615 ], [ 140.385353278999986, 38.430973395 ], [ 140.389176681, 38.430632034 ], [ 140.388999136, 38.430194478 ], [ 140.388735026, 38.430218288 ], [ 140.38852432600001, 38.429254029 ], [ 140.388403172000011, 38.428377092 ], [ 140.38775115199999, 38.428444696 ], [ 140.387208063, 38.428499653 ], [ 140.386694170999988, 38.428543482 ], [ 140.38625239699999, 38.428573546 ], [ 140.386129103, 38.428581936 ], [ 140.38447885799999, 38.428735512 ], [ 140.383909198999987, 38.428794362 ], [ 140.383967762999987, 38.429208134 ], [ 140.383988225, 38.429485 ], [ 140.384074922, 38.430173879 ], [ 140.384144623999987, 38.430626765 ], [ 140.383333333, 38.430686583 ], [ 140.383063517000011, 38.430687934 ], [ 140.382958245999987, 38.430664171 ], [ 140.38353713399999, 38.434827675 ], [ 140.384159153000013, 38.439266227 ], [ 140.384637867, 38.442782925 ], [ 140.384951731, 38.444995072 ], [ 140.385271396, 38.444943184 ], [ 140.38538047899999, 38.444943017 ], [ 140.385687778, 38.444861611 ], [ 140.38598619699999, 38.444762077 ], [ 140.38641583099999, 38.444565268 ], [ 140.386312143999987, 38.444284983 ], [ 140.386252197, 38.444202713 ], [ 140.386171897999986, 38.44406819 ], [ 140.38615661099999, 38.444020544 ], [ 140.38615252299999, 38.443960956 ], [ 140.38615933599999, 38.443811986 ], [ 140.386148432999988, 38.443705028 ], [ 140.386155342, 38.443641633 ], [ 140.386156609000011, 38.443630007 ], [ 140.38616887399999, 38.443569991 ], [ 140.386177051, 38.443511046 ], [ 140.386157972, 38.443455317 ], [ 140.386105181, 38.443337778 ], [ 140.38603630899999, 38.443178179 ], [ 140.385925934999989, 38.442969848 ], [ 140.385905256, 38.442892192 ], [ 140.38589595, 38.442825187 ], [ 140.385837688, 38.442716306 ], [ 140.38581856, 38.442623281 ], [ 140.385815458, 38.442528629 ], [ 140.38577662899999, 38.442270301 ], [ 140.38577823599999, 38.442105543 ], [ 140.385741531, 38.441860702 ], [ 140.385669009, 38.441637148 ], [ 140.385671766, 38.441618174 ], [ 140.385717258, 38.441550846 ], [ 140.385719325999986, 38.441495009 ], [ 140.38567245499999, 38.441308311 ], [ 140.385631370999988, 38.441195921 ], [ 140.385541964999987, 38.440917568 ], [ 140.385658357000011, 38.440902936 ], [ 140.385688339000012, 38.440807962 ], [ 140.385690406, 38.440672169 ], [ 140.385667353, 38.440567494 ], [ 140.385621136, 38.440356675 ], [ 140.38559425599999, 38.440178275 ], [ 140.385584951, 38.439984587 ], [ 140.385591154, 38.43995938 ], [ 140.385545664, 38.439649252 ], [ 140.385428838, 38.439267244 ], [ 140.385448481, 38.439217643 ], [ 140.385454684, 38.439153406 ], [ 140.385432866, 38.439034525 ], [ 140.385404583, 38.438880417 ], [ 140.385405028, 38.438791944 ], [ 140.38539583299999, 38.438545222 ], [ 140.38536129900001, 38.438342407 ], [ 140.38532256799999, 38.437743183 ], [ 140.38524024099999, 38.436736467 ], [ 140.38524412699999, 38.436735505 ], [ 140.385461953, 38.436681597 ], [ 140.385794543, 38.436595809 ], [ 140.38599431099999, 38.436509512 ], [ 140.386407408, 38.4362917 ] ], [ [ 140.384934656000013, 38.4338876 ], [ 140.385966687, 38.43381145 ], [ 140.38719862799999, 38.435062831 ], [ 140.385920349, 38.435788199 ], [ 140.38538159399999, 38.436072748 ], [ 140.385129021000012, 38.436106606 ], [ 140.384934656000013, 38.4338876 ] ] ] } },
{ "type": "Feature", "properties": { "A29_001": "06211", "A29_002": "山形県", "A29_003": "東根市", "A29_004": 8, "A29_005": "近隣商業地域", "A29_006": 80, "A29_007": 200, "A29_008": "条件を付して公開可" }, "geometry": { "type": "Polygon", "coordinates": [ [ [ 140.398040742, 38.442567714 ], [ 140.398300784000014, 38.442398915 ], [ 140.398598198, 38.442089218 ], [ 140.398868841, 38.441813375 ], [ 140.399219507, 38.44148298 ], [ 140.399433192, 38.441290501 ], [ 140.399659925, 38.441137246 ], [ 140.399826727, 38.441009887 ], [ 140.400509129, 38.440735562 ], [ 140.40066214699999, 38.440691727 ], [ 140.400928474000011, 38.440580404 ], [ 140.401191433, 38.440476904 ], [ 140.401527555, 38.44035539 ], [ 140.401880016, 38.440278335 ], [ 140.402375156, 38.440220087 ], [ 140.402644272, 38.44019757 ], [ 140.402862591, 38.439921525 ], [ 140.402478376, 38.439793668 ], [ 140.402272133, 38.439675154 ], [ 140.401842703, 38.43971275 ], [ 140.40143702099999, 38.439805279 ], [ 140.400828138, 38.440004139 ], [ 140.400358627, 38.440219182 ], [ 140.40012582, 38.440278392 ], [ 140.399456719, 38.440550152 ], [ 140.398969955000013, 38.440872208 ], [ 140.398589214999987, 38.441233832 ], [ 140.398087937000014, 38.441759547 ], [ 140.397734178, 38.442050751 ], [ 140.397440882000012, 38.44222726 ], [ 140.397211072, 38.442338711 ], [ 140.39686132, 38.442515009 ], [ 140.396656564000011, 38.442326199 ], [ 140.396203283, 38.442598744 ], [ 140.395778624, 38.443080336 ], [ 140.395357526, 38.443521457 ], [ 140.395287094, 38.443636111 ], [ 140.395278286, 38.443719655 ], [ 140.395236239000013, 38.443808297 ], [ 140.39508397099999, 38.443899426 ], [ 140.395110843, 38.443980397 ], [ 140.394801263, 38.444071764 ], [ 140.39397605, 38.444338991 ], [ 140.39297775599999, 38.444669549 ], [ 140.393153895000012, 38.445195176 ], [ 140.394946705, 38.444595968 ], [ 140.395625317999986, 38.444407846 ], [ 140.396038226, 38.444223952 ], [ 140.396816441, 38.443487724 ], [ 140.397444717000013, 38.442831898 ], [ 140.397587842, 38.442777583 ], [ 140.397770957, 38.442699911 ], [ 140.398040742, 38.442567714 ] ] ] } },
{ "type": "Feature", "properties": { "A29_001": "06211", "A29_002": "山形県", "A29_003": "東根市", "A29_004": 5, "A29_005": "第一種住居地域", "A29_006": 60, "A29_007": 200, "A29_008": "条件を付して公開可" }, "geometry": { "type": "Polygon", "coordinates": [ [ [ 140.37990885100001, 38.437823892 ], [ 140.380410858, 38.439806412 ], [ 140.38050150699999, 38.439801597 ], [ 140.380552943999987, 38.439760111 ], [ 140.380598694000014, 38.439743556 ], [ 140.380731333, 38.439711917 ], [ 140.380884111, 38.439681694 ], [ 140.381199186, 38.439622689 ], [ 140.381244262, 38.439616841 ], [ 140.38128830799999, 38.439611127 ], [ 140.381388455, 38.439608959 ], [ 140.381487967, 38.439618579 ], [ 140.381567530000012, 38.439637232 ], [ 140.381641120000012, 38.439654484 ], [ 140.381804663, 38.439674717 ], [ 140.382035306, 38.439675917 ], [ 140.382437237, 38.439636734 ], [ 140.38244441, 38.439683713 ], [ 140.383204388, 38.444733691 ], [ 140.383234396, 38.444983679 ], [ 140.38326027799999, 38.445208472 ], [ 140.38401894399999, 38.445122444 ], [ 140.384590194, 38.445051222 ], [ 140.384951731, 38.444995072 ], [ 140.384637867, 38.442782925 ], [ 140.384159153000013, 38.439266227 ], [ 140.38353713399999, 38.434827675 ], [ 140.382958245999987, 38.430664171 ], [ 140.38258465199999, 38.430584381 ], [ 140.381004018999988, 38.4302373 ], [ 140.380904707000013, 38.429463118 ], [ 140.38089446699999, 38.429393789 ], [ 140.380674465, 38.427813789 ], [ 140.380643036, 38.427591001 ], [ 140.380454472999986, 38.426253809 ], [ 140.380437258, 38.426128473 ], [ 140.377236678, 38.426478226 ], [ 140.377428688, 38.427381123 ], [ 140.377756723, 38.428719625 ], [ 140.37812748799999, 38.43030554 ], [ 140.378489151999986, 38.431933206 ], [ 140.378886402, 38.433536632 ], [ 140.379317931, 38.435324754 ], [ 140.37958946099999, 38.436506325 ], [ 140.37990885100001, 38.437823892 ] ] ] } },
{ "type": "Feature", "properties": { "A29_001": "06211", "A29_002": "山形県", "A29_003": "東根市", "A29_004": 1, "A29_005": "第一種低層住居専用地域", "A29_006": 50, "A29_007": 80, "A29_008": "条件を付して公開可" }, "geometry": { "type": "Polygon", "coordinates": [ [ [ 140.394801263, 38.444071764 ], [ 140.394071778000011, 38.4418187 ], [ 140.39301297899999, 38.442516172 ], [ 140.391915047, 38.443215477 ], [ 140.390157601999988, 38.444346289 ], [ 140.390150239, 38.444351027 ], [ 140.390818271, 38.445353531 ], [ 140.391946195, 38.445007809 ], [ 140.39297775599999, 38.444669549 ], [ 140.39397605, 38.444338991 ], [ 140.394801263, 38.444071764 ] ] ] } },
{ "type": "Feature", "properties": { "A29_001": "06211", "A29_002": "山形県", "A29_003": "東根市", "A29_004": 3, "A29_005": "第一種中高層住居専用地域", "A29_006": 60, "A29_007": 200, "A29_008": "条件を付して公開可" }, "geometry": { "type": "Polygon", "coordinates": [ [ [ 140.38784739499999, 38.445843188 ], [ 140.389597043, 38.444663922 ], [ 140.390162788, 38.445557383 ], [ 140.390818271, 38.445353531 ], [ 140.390150239, 38.444351027 ], [ 140.390157601999988, 38.444346289 ], [ 140.391915047, 38.443215477 ], [ 140.39301297899999, 38.442516172 ], [ 140.394071778000011, 38.4418187 ], [ 140.394037693, 38.441733832 ], [ 140.393788999, 38.441394461 ], [ 140.39275165699999, 38.440385529 ], [ 140.391765028, 38.440998972 ], [ 140.39119308, 38.44140605 ], [ 140.390544812, 38.441932284 ], [ 140.390017876, 38.442424468 ], [ 140.389580474000013, 38.442880602 ], [ 140.389206054, 38.443298651 ], [ 140.389103463999987, 38.443402355 ], [ 140.389096435999988, 38.443476827 ], [ 140.389249076, 38.443685242 ], [ 140.38883592799999, 38.443907187 ], [ 140.388703924999987, 38.443967438 ], [ 140.388402891, 38.444076264 ], [ 140.38770784799999, 38.444557827 ], [ 140.387473508999989, 38.444703411 ], [ 140.387599039, 38.444773021 ], [ 140.387535871000011, 38.444874049 ], [ 140.387472674, 38.444936965 ], [ 140.38736739399999, 38.444994937 ], [ 140.38650351699999, 38.445365768 ], [ 140.386446648, 38.44538794 ], [ 140.386848708, 38.446373543 ], [ 140.387078951, 38.446272951 ], [ 140.387220019000011, 38.446203883 ], [ 140.387354159000012, 38.446123382 ], [ 140.38784739499999, 38.445843188 ] ] ] } },
{ "type": "Feature", "properties": { "A29_001": "06211", "A29_002": "山形県", "A29_003": "東根市", "A29_004": 1, "A29_005": "第一種低層住居専用地域", "A29_006": 50, "A29_007": 80, "A29_008": "条件を付して公開可" }, "geometry": { "type": "Polygon", "coordinates": [ [ [ 140.390162788, 38.445557383 ], [ 140.389597043, 38.444663922 ], [ 140.38784739499999, 38.445843188 ], [ 140.387354159000012, 38.446123382 ], [ 140.387220019000011, 38.446203883 ], [ 140.387078951, 38.446272951 ], [ 140.386848708, 38.446373543 ], [ 140.386873861, 38.446448714 ], [ 140.386780504, 38.446561903 ], [ 140.38680611699999, 38.44668137 ], [ 140.390162788, 38.445557383 ] ] ] } },
{ "type": "Feature", "properties": { "A29_001": "06211", "A29_002": "山形県", "A29_003": "東根市", "A29_004": 6, "A29_005": "第二種住居地域", "A29_006": 60, "A29_007": 200, "A29_008": "条件を付して公開可" }, "geometry": { "type": "Polygon", "coordinates": [ [ [ 140.401461465000011, 38.446663323 ], [ 140.401755915, 38.446666149 ], [ 140.401805069, 38.44667087 ], [ 140.401883975, 38.446695082 ], [ 140.402013426, 38.446745809 ], [ 140.402073911, 38.446765387 ], [ 140.402224246, 38.446766894 ], [ 140.402223654000011, 38.446745808 ], [ 140.40216630399999, 38.446160977 ], [ 140.402063680999987, 38.445547706 ], [ 140.401761426, 38.44462551 ], [ 140.401579594999987, 38.443930111 ], [ 140.401384535, 38.443225956 ], [ 140.401197577, 38.442648937 ], [ 140.401044017, 38.4420407 ], [ 140.400937865, 38.441650284 ], [ 140.400769852, 38.441238746 ], [ 140.400509129, 38.440735562 ], [ 140.399826727, 38.441009887 ], [ 140.400131956, 38.441566778 ], [ 140.400340324000013, 38.442264019 ], [ 140.400567663, 38.443121518 ], [ 140.401118142, 38.445110233 ], [ 140.401348087, 38.445905058 ], [ 140.401441057, 38.446279753 ], [ 140.401461465000011, 38.446663323 ] ] ] } },
{ "type": "Feature", "properties": { "A29_001": "06211", "A29_002": "山形県", "A29_003": "東根市", "A29_004": 5, "A29_005": "第一種住居地域", "A29_006": 60, "A29_007": 200, "A29_008": "条件を付して公開可" }, "geometry": { "type": "Polygon", "coordinates": [ [ [ 140.409553342, 38.441972386 ], [ 140.409417979000011, 38.441923526 ], [ 140.409224948, 38.441864193 ], [ 140.409169475, 38.44184761 ], [ 140.409115113000013, 38.441811833 ], [ 140.409044083999987, 38.441776084 ], [ 140.40882108, 38.441687946 ], [ 140.408774593, 38.441666667 ], [ 140.408760578999988, 38.441660252 ], [ 140.40873254600001, 38.441647423 ], [ 140.408712384000012, 38.441638197 ], [ 140.408564826, 38.441591086 ], [ 140.40842613, 38.441542226 ], [ 140.40840788700001, 38.441536983 ], [ 140.408358184, 38.441522699 ], [ 140.408333333, 38.441515558 ], [ 140.408137681, 38.441459339 ], [ 140.408035622999989, 38.441426201 ], [ 140.407931872, 38.441379063 ], [ 140.40784256500001, 38.441349397 ], [ 140.407732729, 38.44132323 ], [ 140.407648755999986, 38.441309509 ], [ 140.407438724, 38.441275232 ], [ 140.40726011000001, 38.441259538 ], [ 140.407018244999989, 38.441208929 ], [ 140.40666321099999, 38.441105958 ], [ 140.406402624, 38.441036432 ], [ 140.40630772599999, 38.441003901 ], [ 140.406357866, 38.440923517 ], [ 140.40624058899999, 38.440881079 ], [ 140.405379888999988, 38.440635417 ], [ 140.402862591, 38.439921525 ], [ 140.402644272, 38.44019757 ], [ 140.402375156, 38.440220087 ], [ 140.401880016, 38.440278335 ], [ 140.401527555, 38.44035539 ], [ 140.401191433, 38.440476904 ], [ 140.400928474000011, 38.440580404 ], [ 140.40066214699999, 38.440691727 ], [ 140.400509129, 38.440735562 ], [ 140.400769852, 38.441238746 ], [ 140.400937865, 38.441650284 ], [ 140.401044017, 38.4420407 ], [ 140.401197577, 38.442648937 ], [ 140.401384535, 38.443225956 ], [ 140.401579594999987, 38.443930111 ], [ 140.401761426, 38.44462551 ], [ 140.402063680999987, 38.445547706 ], [ 140.40216630399999, 38.446160977 ], [ 140.402223654000011, 38.446745808 ], [ 140.402224246, 38.446766894 ], [ 140.40227679099999, 38.446767738 ], [ 140.40232151399999, 38.446765519 ], [ 140.402351095, 38.44676086 ], [ 140.402383714, 38.446755021 ], [ 140.40299202700001, 38.446639341 ], [ 140.40301383799999, 38.446635017 ], [ 140.403184847, 38.446601114 ], [ 140.403231009, 38.446586027 ], [ 140.403268679, 38.446571863 ], [ 140.403299057999988, 38.446560532 ], [ 140.40338160499999, 38.446543672 ], [ 140.40347021299999, 38.446526834 ], [ 140.403584254, 38.446514857 ], [ 140.403733467, 38.446501102 ], [ 140.403766265, 38.446490734 ], [ 140.403778485, 38.446474569 ], [ 140.403782207, 38.44646028 ], [ 140.40378064699999, 38.446314388 ], [ 140.404177444, 38.446305478 ], [ 140.405180696, 38.446255172 ], [ 140.405659070000013, 38.446230802 ], [ 140.406175080999986, 38.446206566 ], [ 140.40622710299999, 38.446189077 ], [ 140.406259084, 38.446162972 ], [ 140.406288047, 38.446134472 ], [ 140.406326463, 38.446066083 ], [ 140.406356729, 38.445927239 ], [ 140.40635446600001, 38.445870833 ], [ 140.406347979, 38.445819691 ], [ 140.406297990000013, 38.445767974 ], [ 140.406257011, 38.445743185 ], [ 140.406209002999987, 38.445711544 ], [ 140.40615365799999, 38.445690604 ], [ 140.406107401000014, 38.445670412 ], [ 140.406067438, 38.4456624 ], [ 140.405976629, 38.44564245 ], [ 140.405918713, 38.44559392 ], [ 140.405907923, 38.445573142 ], [ 140.405898728000011, 38.445549319 ], [ 140.40589637, 38.445533601 ], [ 140.40589653699999, 38.445478799 ], [ 140.405896672000011, 38.445455916 ], [ 140.405898605, 38.445436614 ], [ 140.405904212, 38.44541089 ], [ 140.405936421, 38.445378637 ], [ 140.406018945999989, 38.4453068 ], [ 140.406060016, 38.445281205 ], [ 140.406139972, 38.445251064 ], [ 140.406233243, 38.445203888 ], [ 140.40629705, 38.445177661 ], [ 140.406359923, 38.445155721 ], [ 140.40644006299999, 38.445135274 ], [ 140.406535615, 38.44512275 ], [ 140.406739890000011, 38.445122652 ], [ 140.406932288, 38.44513218 ], [ 140.40732369700001, 38.445155595 ], [ 140.40752489, 38.445203338 ], [ 140.407859237, 38.445197588 ], [ 140.40819185, 38.445109995 ], [ 140.408467472000012, 38.444924689 ], [ 140.408631957000011, 38.44481385 ], [ 140.408986645, 38.444736782 ], [ 140.409456733000013, 38.444613119 ], [ 140.409807113999989, 38.444515139 ], [ 140.410263915, 38.444391424 ], [ 140.410302325, 38.444379747 ], [ 140.410298872999988, 38.444318071 ], [ 140.410276815, 38.444149696 ], [ 140.410222119999986, 38.44385053 ], [ 140.41019876499999, 38.443743383 ], [ 140.41013789499999, 38.443542547 ], [ 140.410079507, 38.443413971 ], [ 140.41001494599999, 38.443256791 ], [ 140.409984974, 38.443138291 ], [ 140.409974446, 38.443083513 ], [ 140.409946918, 38.442993041 ], [ 140.409887779, 38.442870069 ], [ 140.40987239, 38.44282293 ], [ 140.409822186000014, 38.442714635 ], [ 140.40973466, 38.442399687 ], [ 140.409677109, 38.442204494 ], [ 140.409604214000012, 38.442125035 ], [ 140.409584676, 38.442071857 ], [ 140.409569702999988, 38.442005108 ], [ 140.409553342, 38.441972386 ] ] ] } },
{ "type": "Feature", "properties": { "A29_001": "06211", "A29_002": "山形県", "A29_003": "東根市", "A29_004": 5, "A29_005": "第一種住居地域", "A29_006": 60, "A29_007": 200, "A29_008": "条件を付して公開可" }, "geometry": { "type": "Polygon", "coordinates": [ [ [ 140.400655569, 38.446662856 ], [ 140.400725916999988, 38.446641055 ], [ 140.401461465000011, 38.446663323 ], [ 140.401441057, 38.446279753 ], [ 140.401348087, 38.445905058 ], [ 140.401118142, 38.445110233 ], [ 140.400567663, 38.443121518 ], [ 140.400340324000013, 38.442264019 ], [ 140.400131956, 38.441566778 ], [ 140.399826727, 38.441009887 ], [ 140.399659925, 38.441137246 ], [ 140.399433192, 38.441290501 ], [ 140.399219507, 38.44148298 ], [ 140.398868841, 38.441813375 ], [ 140.398598198, 38.442089218 ], [ 140.398300784000014, 38.442398915 ], [ 140.398040742, 38.442567714 ], [ 140.397770957, 38.442699911 ], [ 140.397587842, 38.442777583 ], [ 140.397444717000013, 38.442831898 ], [ 140.396816441, 38.443487724 ], [ 140.396038226, 38.444223952 ], [ 140.395625317999986, 38.444407846 ], [ 140.395678868, 38.444659972 ], [ 140.395667667, 38.445048213 ], [ 140.39521496, 38.446321062 ], [ 140.39647380299999, 38.446284943 ], [ 140.396670883000013, 38.446249752 ], [ 140.397245919999989, 38.44616656 ], [ 140.39731839800001, 38.446169108 ], [ 140.397604527999988, 38.446146528 ], [ 140.397846778, 38.446112667 ], [ 140.398032472000011, 38.44608725 ], [ 140.39828254599999, 38.446084136 ], [ 140.398484389, 38.446067333 ], [ 140.398643611000011, 38.446031444 ], [ 140.39866516699999, 38.446027278 ], [ 140.398990472, 38.445964611 ], [ 140.399120083000014, 38.445939694 ], [ 140.399205722, 38.445928556 ], [ 140.399263166999987, 38.445921111 ], [ 140.39932272199999, 38.445923139 ], [ 140.399392833, 38.445939972 ], [ 140.399463472, 38.4459505 ], [ 140.399517972000012, 38.445973056 ], [ 140.39961727799999, 38.445994944 ], [ 140.400009391999987, 38.445996595 ], [ 140.400120754, 38.446002921 ], [ 140.400280978000012, 38.446737068 ], [ 140.40029236399999, 38.446789241 ], [ 140.400655569, 38.446662856 ] ] ] } },
{ "type": "Feature", "properties": { "A29_001": "06211", "A29_002": "山形県", "A29_003": "東根市", "A29_004": 6, "A29_005": "第二種住居地域", "A29_006": 60, "A29_007": 200, "A29_008": "条件を付して公開可" }, "geometry": { "type": "Polygon", "coordinates": [ [ [ 140.39400226, 38.447798518 ], [ 140.393990836, 38.447834348 ], [ 140.394667464, 38.44797966 ], [ 140.39521496, 38.446321062 ], [ 140.395667667, 38.445048213 ], [ 140.395678868, 38.444659972 ], [ 140.395625317999986, 38.444407846 ], [ 140.394946705, 38.444595968 ], [ 140.394962908, 38.444891049 ], [ 140.394809189, 38.445414568 ], [ 140.394374519, 38.446630893 ], [ 140.39400226, 38.447798518 ] ] ] } },
{ "type": "Feature", "properties": { "A29_001": "06211", "A29_002": "山形県", "A29_003": "東根市", "A29_004": 5, "A29_005": "第一種住居地域", "A29_006": 60, "A29_007": 200, "A29_008": "条件を付して公開可" }, "geometry": { "type": "Polygon", "coordinates": [ [ [ 140.394962908, 38.444891049 ], [ 140.394946705, 38.444595968 ], [ 140.393153895000012, 38.445195176 ], [ 140.390998335, 38.44586862 ], [ 140.388912768000012, 38.446585057 ], [ 140.386016665999989, 38.447504695 ], [ 140.386111363999987, 38.448483596 ], [ 140.386115515, 38.44850462 ], [ 140.386449734, 38.448491084 ], [ 140.38645950599999, 38.448457989 ], [ 140.386582221999987, 38.448360167 ], [ 140.386756972, 38.448253917 ], [ 140.387453854, 38.447986413 ], [ 140.38756498399999, 38.447845641 ], [ 140.387688118, 38.447731602 ], [ 140.38804844399999, 38.447544333 ], [ 140.388765471999989, 38.447248611 ], [ 140.389267391, 38.44704337 ], [ 140.389384111, 38.447012056 ], [ 140.389820832999987, 38.446894889 ], [ 140.39012380599999, 38.446842278 ], [ 140.390437444000014, 38.446787833 ], [ 140.390552250000013, 38.446776667 ], [ 140.391616045, 38.446606688 ], [ 140.39166666700001, 38.446601222 ], [ 140.391715704, 38.446593499 ], [ 140.391780417, 38.446583306 ], [ 140.391972439999989, 38.446550492 ], [ 140.39280233299999, 38.446421917 ], [ 140.39309011099999, 38.446374472 ], [ 140.393274694000013, 38.44632925 ], [ 140.393463639, 38.446252556 ], [ 140.393939611, 38.446004083 ], [ 140.394186917000013, 38.445896222 ], [ 140.39433927799999, 38.445795556 ], [ 140.394809189, 38.445414568 ], [ 140.394962908, 38.444891049 ] ] ] } },
{ "type": "Feature", "properties": { "A29_001": "06211", "A29_002": "山形県", "A29_003": "東根市", "A29_004": 5, "A29_005": "第一種住居地域", "A29_006": 60, "A29_007": 200, "A29_008": "条件を付して公開可" }, "geometry": { "type": "Polygon", "coordinates": [ [ [ 140.383435142, 38.445864759 ], [ 140.383824901, 38.448549717 ], [ 140.38412381099999, 38.450500606 ], [ 140.385570441, 38.450410877 ], [ 140.385431508000011, 38.449054946 ], [ 140.385043927999988, 38.445614957 ], [ 140.384147809000012, 38.44574534 ], [ 140.384108282, 38.445751964 ], [ 140.383435142, 38.445864759 ] ] ] } },
{ "type": "Feature", "properties": { "A29_001": "06211", "A29_002": "山形県", "A29_003": "東根市", "A29_004": 1, "A29_005": "第一種低層住居専用地域", "A29_006": 50, "A29_007": 80, "A29_008": "条件を付して公開可" }, "geometry": { "type": "Polygon", "coordinates": [ [ [ 140.38756498399999, 38.447845641 ], [ 140.387453854, 38.447986413 ], [ 140.386756972, 38.448253917 ], [ 140.386582221999987, 38.448360167 ], [ 140.38645950599999, 38.448457989 ], [ 140.386393238000011, 38.448682413 ], [ 140.386424436999988, 38.448803972 ], [ 140.386591778, 38.44915707 ], [ 140.386569707, 38.449282629 ], [ 140.386202688999987, 38.44949898 ], [ 140.386435597, 38.451812516 ], [ 140.38643858899999, 38.451838012 ], [ 140.38683660699999, 38.451811009 ], [ 140.38710375799999, 38.451796294 ], [ 140.387601286, 38.451766246 ], [ 140.387966409, 38.45174189 ], [ 140.388130167000014, 38.45173107 ], [ 140.388031227999988, 38.450740067 ], [ 140.38785218000001, 38.448958704 ], [ 140.387688118, 38.447731602 ], [ 140.38756498399999, 38.447845641 ] ] ] } },
{ "type": "Feature", "properties": { "A29_001": "06211", "A29_002": "山形県", "A29_003": "東根市", "A29_004": 6, "A29_005": "第二種住居地域", "A29_006": 60, "A29_007": 200, "A29_008": "条件を付して公開可" }, "geometry": { "type": "Polygon", "coordinates": [ [ [ 140.386393238000011, 38.448682413 ], [ 140.386449734, 38.448491084 ], [ 140.386115515, 38.44850462 ], [ 140.386111363999987, 38.448483596 ], [ 140.386016665999989, 38.447504695 ], [ 140.388912768000012, 38.446585057 ], [ 140.390998335, 38.44586862 ], [ 140.393153895000012, 38.445195176 ], [ 140.39297775599999, 38.444669549 ], [ 140.391946195, 38.445007809 ], [ 140.390818271, 38.445353531 ], [ 140.390162788, 38.445557383 ], [ 140.38680611699999, 38.44668137 ], [ 140.386780504, 38.446561903 ], [ 140.386873861, 38.446448714 ], [ 140.386848708, 38.446373543 ], [ 140.386446648, 38.44538794 ], [ 140.386238870999989, 38.445458107 ], [ 140.3861585, 38.445470449 ], [ 140.386120239, 38.445441606 ], [ 140.386004832999987, 38.445396278 ], [ 140.385515083, 38.445542917 ], [ 140.385461813, 38.445550995 ], [ 140.385357809, 38.445570841 ], [ 140.38522294399999, 38.445591806 ], [ 140.385043927999988, 38.445614957 ], [ 140.385431508000011, 38.449054946 ], [ 140.385570441, 38.450410877 ], [ 140.38412381099999, 38.450500606 ], [ 140.38433814199999, 38.451959634 ], [ 140.384342753, 38.451984037 ], [ 140.386118057, 38.451866907 ], [ 140.38643858899999, 38.451838012 ], [ 140.386435597, 38.451812516 ], [ 140.386202688999987, 38.44949898 ], [ 140.386569707, 38.449282629 ], [ 140.386591778, 38.44915707 ], [ 140.386424436999988, 38.448803972 ], [ 140.386393238000011, 38.448682413 ] ] ] } },
{ "type": "Feature", "properties": { "A29_001": "06211", "A29_002": "山形県", "A29_003": "東根市", "A29_004": 5, "A29_005": "第一種住居地域", "A29_006": 60, "A29_007": 200, "A29_008": "条件を付して公開可" }, "geometry": { "type": "Polygon", "coordinates": [ [ [ 140.391680283, 38.455797802 ], [ 140.394102083, 38.455680041 ], [ 140.394154065, 38.455680423 ], [ 140.394073316, 38.45560333 ], [ 140.39403579399999, 38.455562024 ], [ 140.393891959, 38.455413321 ], [ 140.393671831, 38.455202659 ], [ 140.393636818, 38.455157542 ], [ 140.393358553000013, 38.454898597 ], [ 140.393301976, 38.454831772 ], [ 140.39298537900001, 38.454507803 ], [ 140.392715218, 38.454243915 ], [ 140.392419729000011, 38.453944178 ], [ 140.392303991, 38.453854893 ], [ 140.392121737, 38.454368112 ], [ 140.39191927600001, 38.45497091 ], [ 140.391883903, 38.455110006 ], [ 140.391753458000011, 38.455507458 ], [ 140.39170561200001, 38.455697111 ], [ 140.391680283, 38.455797802 ] ] ] } },
{ "type": "Feature", "properties": { "A29_001": "06211", "A29_002": "山形県", "A29_003": "東根市", "A29_004": 5, "A29_005": "第一種住居地域", "A29_006": 60, "A29_007": 200, "A29_008": "条件を付して公開可" }, "geometry": { "type": "Polygon", "coordinates": [ [ [ 140.386605050000014, 38.456281431 ], [ 140.386749012, 38.457645364 ], [ 140.387296018, 38.457638562 ], [ 140.387858142999988, 38.457605471 ], [ 140.389110132000013, 38.457548128 ], [ 140.38910129199999, 38.45718419 ], [ 140.39175943, 38.457035792 ], [ 140.391674509000012, 38.456118744 ], [ 140.390892396, 38.456148005 ], [ 140.39072377, 38.456203086 ], [ 140.390364885999986, 38.456229588 ], [ 140.389842103, 38.456262434 ], [ 140.38941234, 38.456292147 ], [ 140.38925659099999, 38.45625311 ], [ 140.389133533, 38.456259749 ], [ 140.389014069000012, 38.456241885 ], [ 140.387889086, 38.456258507 ], [ 140.38781846399999, 38.456219933 ], [ 140.387326701, 38.456249403 ], [ 140.387021108999988, 38.456251721 ], [ 140.386777324, 38.456285616 ], [ 140.386605050000014, 38.456281431 ] ] ] } },
{ "type": "Feature", "properties": { "A29_001": "06211", "A29_002": "山形県", "A29_003": "東根市", "A29_004": 9, "A29_005": "商業地域", "A29_006": 80, "A29_007": 400, "A29_008": "条件を付して公開可" }, "geometry": { "type": "Polygon", "coordinates": [ [ [ 140.391680283, 38.455797802 ], [ 140.39166666700001, 38.455973796 ], [ 140.391674509000012, 38.456118744 ], [ 140.39175943, 38.457035792 ], [ 140.38910129199999, 38.45718419 ], [ 140.389110132000013, 38.457548128 ], [ 140.387858142999988, 38.457605471 ], [ 140.387296018, 38.457638562 ], [ 140.386749012, 38.457645364 ], [ 140.387037428000014, 38.460791019 ], [ 140.390887859, 38.460563993 ], [ 140.392112572, 38.460493946 ], [ 140.392086317, 38.460226972 ], [ 140.393175277000012, 38.460171747 ], [ 140.39304044799999, 38.458463122 ], [ 140.393249862, 38.458465679 ], [ 140.393261644, 38.458288072 ], [ 140.393527734, 38.458289123 ], [ 140.39352512799999, 38.457905442 ], [ 140.39381845299999, 38.457904165 ], [ 140.39380962300001, 38.457529705 ], [ 140.39421649799999, 38.457264175 ], [ 140.39479944199999, 38.456912311 ], [ 140.395635204, 38.456399101 ], [ 140.395840591, 38.456271635 ], [ 140.395540028, 38.456297294 ], [ 140.395144464, 38.456314236 ], [ 140.394812105999989, 38.456331109 ], [ 140.394154065, 38.455680423 ], [ 140.394102083, 38.455680041 ], [ 140.391680283, 38.455797802 ] ] ] } },
{ "type": "Feature", "properties": { "A29_001": "06211", "A29_002": "山形県", "A29_003": "東根市", "A29_004": 5, "A29_005": "第一種住居地域", "A29_006": 60, "A29_007": 200, "A29_008": "条件を付して公開可" }, "geometry": { "type": "Polygon", "coordinates": [ [ [ 140.37253257099999, 38.462666825 ], [ 140.372544941, 38.462649388 ], [ 140.37255271699999, 38.462642267 ], [ 140.372590542000012, 38.462637861 ], [ 140.373667366, 38.462522807 ], [ 140.373875349, 38.46251195 ], [ 140.373879112, 38.462511754 ], [ 140.37388110099999, 38.462511387 ], [ 140.374126611, 38.462479111 ], [ 140.375, 38.46230475 ], [ 140.375204042, 38.46228517 ], [ 140.375211312, 38.4623173 ], [ 140.375293596, 38.462998875 ], [ 140.375326386000012, 38.463300554 ], [ 140.37677616, 38.463287958 ], [ 140.37677617, 38.463592584 ], [ 140.37679829699999, 38.463772933 ], [ 140.377296659, 38.463759203 ], [ 140.377296169, 38.463740164 ], [ 140.377271747, 38.462791886 ], [ 140.377376610999988, 38.462766556 ], [ 140.377921250000014, 38.462547444 ], [ 140.377973778000012, 38.462507028 ], [ 140.378036583000011, 38.462427111 ], [ 140.378077694000012, 38.462341806 ], [ 140.378113082999988, 38.462188222 ], [ 140.378154400999989, 38.462081941 ], [ 140.378185535999989, 38.461827829 ], [ 140.378227047, 38.461604023 ], [ 140.37823293, 38.461591862 ], [ 140.37825805599999, 38.461539917 ], [ 140.37896530899999, 38.461631167 ], [ 140.37914990199999, 38.461640256 ], [ 140.37923393, 38.46069696 ], [ 140.379284745, 38.460237903 ], [ 140.37934914600001, 38.460159983 ], [ 140.379361068, 38.459959024 ], [ 140.379189071000013, 38.459076149 ], [ 140.379159886, 38.458351563 ], [ 140.379025023, 38.458342664 ], [ 140.379001999, 38.457485509 ], [ 140.37885638, 38.456926572 ], [ 140.378888593, 38.456604254 ], [ 140.378880226, 38.456238496 ], [ 140.379538884999988, 38.455383968 ], [ 140.378819173000011, 38.455077573 ], [ 140.378412013, 38.455459863 ], [ 140.377815676000012, 38.455355718 ], [ 140.377571222, 38.455384889 ], [ 140.37705777799999, 38.455512306 ], [ 140.376815555, 38.455515103 ], [ 140.376699444, 38.455516444 ], [ 140.376528145, 38.45552145 ], [ 140.376273137999988, 38.455550807 ], [ 140.376143783, 38.455565698 ], [ 140.3761289, 38.455567411 ], [ 140.375448389000013, 38.455658611 ], [ 140.374688211, 38.455775498 ], [ 140.374481546999988, 38.455301562 ], [ 140.37419569299999, 38.454593319 ], [ 140.374623058999987, 38.454570575 ], [ 140.37583889699999, 38.454209724 ], [ 140.375283069, 38.453052154 ], [ 140.374749417, 38.453226528 ], [ 140.373254917, 38.453671917 ], [ 140.373190177999987, 38.453677401 ], [ 140.37338435800001, 38.454175125 ], [ 140.37342814199999, 38.454284487 ], [ 140.373240127, 38.454306765 ], [ 140.372755834, 38.454325357 ], [ 140.373163747, 38.455304892 ], [ 140.373044953, 38.455530778 ], [ 140.371912052999988, 38.455722732 ], [ 140.371168528, 38.455951515 ], [ 140.36951482399999, 38.456303866 ], [ 140.369506664999989, 38.456540633 ], [ 140.369151413, 38.45656612 ], [ 140.369156565, 38.457132377 ], [ 140.369105052, 38.457261992 ], [ 140.369117929999987, 38.457502995 ], [ 140.37053067799999, 38.457680203 ], [ 140.370659461, 38.457686279 ], [ 140.370721277, 38.457710582 ], [ 140.370738886999987, 38.457736889 ], [ 140.370787329, 38.457870809 ], [ 140.370931195, 38.458268534 ], [ 140.37106512599999, 38.458561384 ], [ 140.371100251, 38.458629878 ], [ 140.371193911, 38.458812513 ], [ 140.371193911, 38.458857068 ], [ 140.37126860399999, 38.459232952 ], [ 140.371300573000013, 38.459431506 ], [ 140.371280374, 38.459508898 ], [ 140.37124911399999, 38.459537975 ], [ 140.370905095000012, 38.459614799 ], [ 140.37083145599999, 38.459218568 ], [ 140.370487163, 38.459259775 ], [ 140.37039488100001, 38.45927082 ], [ 140.370441785999986, 38.459734603 ], [ 140.370449498, 38.460080245 ], [ 140.370710828, 38.460070126 ], [ 140.370837122000012, 38.460065235 ], [ 140.37083709699999, 38.460065742 ], [ 140.370805295, 38.460714566 ], [ 140.371108714, 38.460708799 ], [ 140.371086751, 38.461027346 ], [ 140.37128637, 38.461138902 ], [ 140.371241293, 38.461727233 ], [ 140.371236141999987, 38.461913554 ], [ 140.371228414, 38.461994564 ], [ 140.371219399000012, 38.462090762 ], [ 140.371214247000012, 38.462123166 ], [ 140.371214247000012, 38.462185949 ], [ 140.371224551000012, 38.462313538 ], [ 140.37123485399999, 38.462451254 ], [ 140.37123485399999, 38.462580869 ], [ 140.371211671, 38.462821873 ], [ 140.371203944, 38.462902882 ], [ 140.371201367999987, 38.462953513 ], [ 140.371176722, 38.463291528 ], [ 140.371123774000012, 38.46355393 ], [ 140.37119722, 38.463548783 ], [ 140.372096023000012, 38.463540201 ], [ 140.37259218599999, 38.463528373 ], [ 140.372541969999986, 38.463248532 ], [ 140.372539993, 38.462942316 ], [ 140.37253257099999, 38.462666825 ] ] ] } },
{ "type": "Feature", "properties": { "A29_001": "06211", "A29_002": "山形県", "A29_003": "東根市", "A29_004": 5, "A29_005": "第一種住居地域", "A29_006": 60, "A29_007": 200, "A29_008": "条件を付して公開可" }, "geometry": { "type": "Polygon", "coordinates": [ [ [ 140.40838304799999, 38.440284274 ], [ 140.408398940000012, 38.440281975 ], [ 140.408694587000014, 38.440324378 ], [ 140.408773446999987, 38.440331973 ], [ 140.408957, 38.440318417 ], [ 140.40909412, 38.440294632 ], [ 140.409145862, 38.440276279 ], [ 140.409230114, 38.440231976 ], [ 140.40905532299999, 38.440110658 ], [ 140.40838305599999, 38.439622876 ], [ 140.408365349, 38.439610028 ], [ 140.408333333, 38.439587177 ], [ 140.407988596, 38.439346072 ], [ 140.407885361000012, 38.43926701 ], [ 140.40771541699999, 38.439251083 ], [ 140.407600777999988, 38.439242972 ], [ 140.407460944, 38.439267306 ], [ 140.407371528, 38.439288944 ], [ 140.407206472000013, 38.439348472 ], [ 140.40696116699999, 38.439410667 ], [ 140.406587472000012, 38.439466556 ], [ 140.406510856000011, 38.439479933 ], [ 140.40649395, 38.439101517 ], [ 140.406488200000013, 38.438868017 ], [ 140.405972644, 38.438845044 ], [ 140.405933643999987, 38.438832433 ], [ 140.40584997799999, 38.438790044 ], [ 140.40562525499999, 38.4386476 ], [ 140.405455366000012, 38.438563239 ], [ 140.405419087000013, 38.438550716 ], [ 140.405396005999989, 38.438465844 ], [ 140.405405089, 38.438333989 ], [ 140.40539120599999, 38.438211364 ], [ 140.40538851, 38.438187558 ], [ 140.40540911799999, 38.438118476 ], [ 140.405400447, 38.438090761 ], [ 140.405340572, 38.437965396 ], [ 140.405200965, 38.437869536 ], [ 140.405144809, 38.437756102 ], [ 140.404606057, 38.437457951 ], [ 140.404725285000012, 38.437301878 ], [ 140.404642141000011, 38.437224316 ], [ 140.404566730999989, 38.437152838 ], [ 140.40447971899999, 38.437037256 ], [ 140.40438497299999, 38.436970339 ], [ 140.403752894, 38.436683652 ], [ 140.403862702999987, 38.436429916 ], [ 140.403786599999989, 38.436414032 ], [ 140.403768574999987, 38.436420136 ], [ 140.40373356500001, 38.436425367 ], [ 140.403679906, 38.436449494 ], [ 140.403584489999986, 38.436494872 ], [ 140.403488844, 38.436535344 ], [ 140.40324575299999, 38.436595536 ], [ 140.403208731, 38.436602915 ], [ 140.403186285, 38.436578126 ], [ 140.403139438000011, 38.436538952 ], [ 140.403088645999986, 38.436509863 ], [ 140.40304757199999, 38.436494846 ], [ 140.403004176, 38.436483598 ], [ 140.402942755, 38.43647725 ], [ 140.40291513, 38.436475294 ], [ 140.40260877599999, 38.436647001 ], [ 140.402526318000014, 38.436690506 ], [ 140.402380032999986, 38.436762633 ], [ 140.40218347699999, 38.436868109 ], [ 140.402012348, 38.436959651 ], [ 140.401925518000013, 38.437009227 ], [ 140.401812541999988, 38.437083476 ], [ 140.401560627, 38.437248399 ], [ 140.401404735999989, 38.437348532 ], [ 140.401170791999988, 38.437492032 ], [ 140.400834653, 38.437666282 ], [ 140.400572331, 38.437786275 ], [ 140.399712679, 38.43799089 ], [ 140.400181315, 38.438180344 ], [ 140.400634532999987, 38.438414434 ], [ 140.401068847, 38.438642494 ], [ 140.401804977000012, 38.439083222 ], [ 140.40276773299999, 38.439640986 ], [ 140.406561290000013, 38.440718614 ], [ 140.40748928299999, 38.440754767 ], [ 140.407716666999988, 38.440545278 ], [ 140.407777556000013, 38.440522583 ], [ 140.407814234999989, 38.440510054 ], [ 140.407882634, 38.440453094 ], [ 140.407940572, 38.440401831 ], [ 140.408012189, 38.440360061 ], [ 140.40808058799999, 38.440329049 ], [ 140.408333333, 38.440291468 ], [ 140.40838304799999, 38.440284274 ] ] ] } },
{ "type": "Feature", "properties": { "A29_001": "06211", "A29_002": "山形県", "A29_003": "東根市", "A29_004": 3, "A29_005": "第一種中高層住居専用地域", "A29_006": 60, "A29_007": 200, "A29_008": "条件を付して公開可" }, "geometry": { "type": "Polygon", "coordinates": [ [ [ 140.398440427999986, 38.438140918 ], [ 140.39865993699999, 38.438410135 ], [ 140.399255661000012, 38.439165446 ], [ 140.40012582, 38.440278392 ], [ 140.400358627, 38.440219182 ], [ 140.400828138, 38.440004139 ], [ 140.40143702099999, 38.439805279 ], [ 140.401842703, 38.43971275 ], [ 140.402272133, 38.439675154 ], [ 140.401932431, 38.439471921 ], [ 140.40165751399999, 38.439295587 ], [ 140.40155657, 38.439227198 ], [ 140.40132712499999, 38.439102615 ], [ 140.401084459, 38.438953587 ], [ 140.40079704199999, 38.438785143 ], [ 140.40070527, 38.438737401 ], [ 140.40044468100001, 38.438601837 ], [ 140.400334402999988, 38.438553004 ], [ 140.400222746, 38.438513529 ], [ 140.400125089, 38.43847978 ], [ 140.400049438999986, 38.438444724 ], [ 140.4, 38.43842067 ], [ 140.39992741399999, 38.438385355 ], [ 140.39954781599999, 38.438247029 ], [ 140.399315761, 38.438193674 ], [ 140.399005214, 38.438165897 ], [ 140.398704694, 38.438143806 ], [ 140.398440427999986, 38.438140918 ] ] ] } },
{ "type": "Feature", "properties": { "A29_001": "06211", "A29_002": "山形県", "A29_003": "東根市", "A29_004": 6, "A29_005": "第二種住居地域", "A29_006": 60, "A29_007": 200, "A29_008": "条件を付して公開可" }, "geometry": { "type": "Polygon", "coordinates": [ [ [ 140.40012582, 38.440278392 ], [ 140.399255661000012, 38.439165446 ], [ 140.39865993699999, 38.438410135 ], [ 140.398440427999986, 38.438140918 ], [ 140.398335311000011, 38.438139359 ], [ 140.398141254, 38.438138853 ], [ 140.397964389, 38.438143358 ], [ 140.397795414, 38.438151872 ], [ 140.3975812, 38.438170604 ], [ 140.39771145899999, 38.438337069 ], [ 140.39872685, 38.43962517 ], [ 140.399456719, 38.440550152 ], [ 140.40012582, 38.440278392 ] ] ] } }
]
}
