{
"type": "FeatureCollection",
"name": "A29-19_22344",
"features": [
{ "type": "Feature", "properties": { "A29_001": "22344", "A29_002": "静岡県", "A29_003": "小山町", "A29_004": 3, "A29_005": "第一種中高層住居専用地域", "A29_006": 60, "A29_007": 150, "A29_008": "条件付き公開" }, "geometry": { "type": "Polygon", "coordinates": [ [ [ 138.982051326, 35.330046472 ], [ 138.98207714, 35.329974693 ], [ 138.982132146, 35.329850705 ], [ 138.982413148, 35.329217309 ], [ 138.982673893, 35.328650824 ], [ 138.982794891, 35.328352716 ], [ 138.982775736, 35.328227112 ], [ 138.98278137, 35.328037861 ], [ 138.982793775, 35.327850651 ], [ 138.982054306, 35.328050723 ], [ 138.982013028000011, 35.328061061 ], [ 138.98193218899999, 35.328077437 ], [ 138.981894068, 35.328104886 ], [ 138.981884014, 35.328108316 ], [ 138.981846969, 35.328186878 ], [ 138.981829976, 35.328222914 ], [ 138.981795495, 35.328292052 ], [ 138.98175331600001, 35.328376625 ], [ 138.981709755, 35.328475689 ], [ 138.98167456199999, 35.328555725 ], [ 138.981656969, 35.328592094 ], [ 138.981651553, 35.328603867 ], [ 138.981590363, 35.328736885 ], [ 138.981555657, 35.328795761 ], [ 138.981508509, 35.328875745 ], [ 138.981453139, 35.328951674 ], [ 138.98145183, 35.32895347 ], [ 138.981385628999988, 35.329051585 ], [ 138.981373307000013, 35.329065366 ], [ 138.981154661, 35.329309884 ], [ 138.981121214000012, 35.329363711 ], [ 138.981014359, 35.329467346 ], [ 138.981000865, 35.329480433 ], [ 138.980877275000012, 35.329613229 ], [ 138.980811710000012, 35.329682715 ], [ 138.98060714499999, 35.329908789 ], [ 138.98051425700001, 35.330011444 ], [ 138.98047636199999, 35.330052795 ], [ 138.980249482, 35.330300368 ], [ 138.980087768, 35.330469193 ], [ 138.979998951, 35.3305639 ], [ 138.979966273, 35.330603704 ], [ 138.97993610899999, 35.330648999 ], [ 138.979904269, 35.330701842 ], [ 138.97989077, 35.330730589 ], [ 138.979877305, 35.330896028 ], [ 138.97994048000001, 35.331135575 ], [ 138.979722649, 35.331210971 ], [ 138.979702354000011, 35.331470419 ], [ 138.979718256000012, 35.331547341 ], [ 138.979721608, 35.331569302 ], [ 138.97973033299999, 35.331590741 ], [ 138.979732485, 35.331596027 ], [ 138.979743393, 35.331622832 ], [ 138.97979436899999, 35.331742458 ], [ 138.97979701, 35.331748655 ], [ 138.97982517299999, 35.331748229 ], [ 138.980183288, 35.33176352 ], [ 138.98029305099999, 35.331767385 ], [ 138.980582946999988, 35.331777592 ], [ 138.980631562000013, 35.331779304 ], [ 138.980959356999989, 35.331791952 ], [ 138.981083356999989, 35.331796736 ], [ 138.981098479, 35.331797319 ], [ 138.981586553999989, 35.331833006 ], [ 138.981613994000014, 35.331588175 ], [ 138.981616508, 35.331486605 ], [ 138.98162656299999, 35.331386408 ], [ 138.98163829399999, 35.331203171 ], [ 138.981644159000012, 35.3311517 ], [ 138.981645293000014, 35.331146126 ], [ 138.98166007899999, 35.331073464 ], [ 138.981676837, 35.331008267 ], [ 138.98169058, 35.330953236 ], [ 138.981699459999987, 35.330917678 ], [ 138.981711190999988, 35.330881991 ], [ 138.981745544, 35.33079552 ], [ 138.981799588, 35.330680568 ], [ 138.981816087, 35.330636011 ], [ 138.98188693899999, 35.330444659 ], [ 138.982051326, 35.330046472 ] ] ] } },
{ "type": "Feature", "properties": { "A29_001": "22344", "A29_002": "静岡県", "A29_003": "小山町", "A29_004": 5, "A29_005": "第一種住居地域", "A29_006": 60, "A29_007": 200, "A29_008": "条件付き公開" }, "geometry": { "type": "Polygon", "coordinates": [ [ [ 138.981022110999987, 35.335271944 ], [ 138.981048278, 35.335244361 ], [ 138.981155583, 35.335155139 ], [ 138.981164592, 35.335147651 ], [ 138.981180583, 35.335134361 ], [ 138.981194611, 35.33512475 ], [ 138.981214967999989, 35.335110808 ], [ 138.98128510399999, 35.335062776 ], [ 138.981305056, 35.335049111 ], [ 138.98133219499999, 35.335036843 ], [ 138.981347639, 35.335029861 ], [ 138.981460889, 35.334952861 ], [ 138.981494528000013, 35.334928111 ], [ 138.981506889, 35.334911306 ], [ 138.981514721999986, 35.334900611 ], [ 138.981534888999988, 35.334861194 ], [ 138.981565167000014, 35.334761278 ], [ 138.981596453, 35.334696441 ], [ 138.981619919, 35.334647811 ], [ 138.981654692, 35.334568897 ], [ 138.981689917000011, 35.334479694 ], [ 138.981696333, 35.334465194 ], [ 138.981794466, 35.334284707 ], [ 138.981817444, 35.334242444 ], [ 138.981841, 35.334135167 ], [ 138.981830889, 35.333763944 ], [ 138.98200409399999, 35.333774952 ], [ 138.982054368, 35.333782844 ], [ 138.982074059000013, 35.333772894 ], [ 138.98211846699999, 35.33366859 ], [ 138.982126846, 35.333646288 ], [ 138.982131874, 35.333619869 ], [ 138.982133968, 35.333562399 ], [ 138.982138996, 35.333481426 ], [ 138.98211134499999, 35.333414178 ], [ 138.98211134499999, 35.333333515 ], [ 138.98211134499999, 35.333333333 ], [ 138.98210967899999, 35.333312038 ], [ 138.982089637, 35.33305587 ], [ 138.98206898, 35.332791828 ], [ 138.982067296, 35.332770294 ], [ 138.982069645, 35.33270297 ], [ 138.982069810000013, 35.332698235 ], [ 138.982077350999987, 35.332639215 ], [ 138.982094945999989, 35.332552057 ], [ 138.982120108, 35.332411197 ], [ 138.98213307099999, 35.332338624 ], [ 138.982136494, 35.332309848 ], [ 138.982141031, 35.332271711 ], [ 138.98218753399999, 35.332227446 ], [ 138.982233236000013, 35.332102492 ], [ 138.982304000999989, 35.331909011 ], [ 138.982324111, 35.33185205 ], [ 138.98237606, 35.331746363 ], [ 138.982382137, 35.331737743 ], [ 138.982410413999986, 35.331697637 ], [ 138.982438874, 35.331655677 ], [ 138.982460688, 35.331623518 ], [ 138.98251347499999, 35.331548714 ], [ 138.982534423, 35.331492439 ], [ 138.982593912999988, 35.331366163 ], [ 138.98264096299999, 35.331280408 ], [ 138.98265340399999, 35.331257731 ], [ 138.982681406000012, 35.331192907 ], [ 138.982741132, 35.331054645 ], [ 138.98278851399999, 35.330944958 ], [ 138.982825772000012, 35.330853681 ], [ 138.982835646000012, 35.330829491 ], [ 138.982867486, 35.330767039 ], [ 138.982958817, 35.330623607 ], [ 138.983003222, 35.330556327 ], [ 138.98308369, 35.330434406 ], [ 138.98311508399999, 35.330386839 ], [ 138.983173736999987, 35.330288701 ], [ 138.983249331, 35.330149901 ], [ 138.98329098799999, 35.330078178 ], [ 138.98333333299999, 35.330005267 ], [ 138.983365181000011, 35.329938568 ], [ 138.983366778, 35.329935222 ], [ 138.98338479099999, 35.329895079 ], [ 138.98343547799999, 35.329819595 ], [ 138.983465220999989, 35.329769159 ], [ 138.983513488999989, 35.329699266 ], [ 138.983634876999986, 35.329523496 ], [ 138.983703665, 35.329418798 ], [ 138.983741278, 35.32936155 ], [ 138.983785262999987, 35.329298076 ], [ 138.983778255, 35.329107198 ], [ 138.983599977000011, 35.32910344 ], [ 138.983560191, 35.328836778 ], [ 138.98349646, 35.328825108 ], [ 138.98348754, 35.328713373 ], [ 138.983438459000013, 35.328706835 ], [ 138.983430305000013, 35.328406508 ], [ 138.983340879, 35.328356185 ], [ 138.983077458999986, 35.328469225 ], [ 138.982794891, 35.328352716 ], [ 138.982673893, 35.328650824 ], [ 138.982413148, 35.329217309 ], [ 138.98207714, 35.329974693 ], [ 138.982051326, 35.330046472 ], [ 138.98188693899999, 35.330444659 ], [ 138.981816087, 35.330636011 ], [ 138.981799588, 35.330680568 ], [ 138.981745544, 35.33079552 ], [ 138.981711190999988, 35.330881991 ], [ 138.981699459999987, 35.330917678 ], [ 138.98169058, 35.330953236 ], [ 138.981676837, 35.331008267 ], [ 138.98166007899999, 35.331073464 ], [ 138.981645293000014, 35.331146126 ], [ 138.981644159000012, 35.3311517 ], [ 138.98163829399999, 35.331203171 ], [ 138.98162656299999, 35.331386408 ], [ 138.981616508, 35.331486605 ], [ 138.981613994000014, 35.331588175 ], [ 138.981586553999989, 35.331833006 ], [ 138.981098479, 35.331797319 ], [ 138.981083356999989, 35.331796736 ], [ 138.980959356999989, 35.331791952 ], [ 138.980631562000013, 35.331779304 ], [ 138.980582946999988, 35.331777592 ], [ 138.98029305099999, 35.331767385 ], [ 138.980183288, 35.33176352 ], [ 138.97982517299999, 35.331748229 ], [ 138.97979701, 35.331748655 ], [ 138.979817966000013, 35.331797834 ], [ 138.97991552799999, 35.332032155 ], [ 138.97999141, 35.332214407 ], [ 138.980019535999986, 35.332290323 ], [ 138.98002827799999, 35.332313918 ], [ 138.980050901, 35.332366761 ], [ 138.980143907000013, 35.332648136 ], [ 138.980179657, 35.332705149 ], [ 138.980233406, 35.332790867 ], [ 138.98031232400001, 35.332937061 ], [ 138.980378308000013, 35.3330539 ], [ 138.980420622, 35.333125274 ], [ 138.98044156899999, 35.333151009 ], [ 138.980483451999987, 35.333203521 ], [ 138.980015839, 35.333478808 ], [ 138.980006352, 35.33355396 ], [ 138.98001498, 35.333641289 ], [ 138.98017078, 35.333906889 ], [ 138.98013800199999, 35.333954244 ], [ 138.98011360699999, 35.334045321 ], [ 138.98011380599999, 35.334078861 ], [ 138.980093833000012, 35.334155222 ], [ 138.980153175, 35.334246107 ], [ 138.980155001000014, 35.334248905 ], [ 138.98001637199999, 35.334338147 ], [ 138.980210320999987, 35.334462047 ], [ 138.980248268, 35.334486288 ], [ 138.98083174300001, 35.334006925 ], [ 138.980836911000011, 35.333902607 ], [ 138.981029142000011, 35.333803462 ], [ 138.98110144899999, 35.333870693 ], [ 138.981157139, 35.333922475 ], [ 138.981125372, 35.334080334 ], [ 138.98116912099999, 35.334096903 ], [ 138.981296746999988, 35.334145239 ], [ 138.981238571, 35.334220775 ], [ 138.981029584, 35.334492126 ], [ 138.980372493, 35.335344391 ], [ 138.97995407499999, 35.335954225 ], [ 138.980178722, 35.336006528 ], [ 138.980261667, 35.335981639 ], [ 138.980378277999989, 35.335934889 ], [ 138.980425360999988, 35.335910972 ], [ 138.98053525, 35.335837639 ], [ 138.98076847199999, 35.335638639 ], [ 138.980805471999986, 35.33560275 ], [ 138.980840222000012, 35.3355615 ], [ 138.98092174300001, 35.335440813 ], [ 138.98093375, 35.335419306 ], [ 138.980989972, 35.335325944 ], [ 138.980991635, 35.335322768 ], [ 138.981013499999989, 35.335281028 ], [ 138.981022110999987, 35.335271944 ] ] ] } },
{ "type": "Feature", "properties": { "A29_001": "22344", "A29_002": "静岡県", "A29_003": "小山町", "A29_004": 3, "A29_005": "第一種中高層住居専用地域", "A29_006": 60, "A29_007": 150, "A29_008": "条件付き公開" }, "geometry": { "type": "Polygon", "coordinates": [ [ [ 138.980178722, 35.336006528 ], [ 138.9800195, 35.336057861 ], [ 138.979986972, 35.336072556 ], [ 138.97996005600001, 35.336092722 ], [ 138.979928667, 35.336125722 ], [ 138.979911832999989, 35.336154139 ], [ 138.979735833, 35.336602722 ], [ 138.979676581, 35.336752091 ], [ 138.979665528999988, 35.336779951 ], [ 138.979785545999988, 35.336807781 ], [ 138.980094157999986, 35.336879342 ], [ 138.98020205, 35.336667246 ], [ 138.980100042, 35.336643801 ], [ 138.980135593999989, 35.336503542 ], [ 138.980357924, 35.336513559 ], [ 138.98042143699999, 35.336453494 ], [ 138.98061117899999, 35.336274053 ], [ 138.98066585699999, 35.336291723 ], [ 138.981333037000013, 35.335606366 ], [ 138.981551309, 35.33543676 ], [ 138.98161737800001, 35.335395056 ], [ 138.981721134, 35.335406568 ], [ 138.98181540499999, 35.33535253 ], [ 138.98189725200001, 35.335350713 ], [ 138.98198532399999, 35.335451178 ], [ 138.982181131, 35.335674536 ], [ 138.981959209, 35.335675421 ], [ 138.981877512000011, 35.335702577 ], [ 138.981831897, 35.335748657 ], [ 138.981833964, 35.335975584 ], [ 138.981834993, 35.336088548 ], [ 138.98220737299999, 35.336111182 ], [ 138.98221068399999, 35.33615987 ], [ 138.982219332, 35.336287027 ], [ 138.98227570200001, 35.336294215 ], [ 138.98282008699999, 35.336363632 ], [ 138.982819713999987, 35.336235071 ], [ 138.982844660000012, 35.336239079 ], [ 138.982968062999987, 35.33625891 ], [ 138.983351183, 35.336320476 ], [ 138.983411092000011, 35.336329967 ], [ 138.983446886, 35.335925867 ], [ 138.983487556, 35.33584477 ], [ 138.98355475, 35.335710786 ], [ 138.983512566, 35.335652821 ], [ 138.982958523, 35.335613274 ], [ 138.982761536999988, 35.335389002 ], [ 138.98270312299999, 35.335302147 ], [ 138.982627560999987, 35.335189794 ], [ 138.982724515, 35.335128292 ], [ 138.982686494, 35.334976326 ], [ 138.98248536700001, 35.33467908 ], [ 138.98256189, 35.334699643 ], [ 138.98267625599999, 35.334804638 ], [ 138.98281246799999, 35.334929688 ], [ 138.98285936, 35.335122106 ], [ 138.98286654099999, 35.335151574 ], [ 138.982953637, 35.335191315 ], [ 138.98302523000001, 35.335223981 ], [ 138.983143476, 35.335224999 ], [ 138.983247001, 35.335260286 ], [ 138.983287232, 35.335233368 ], [ 138.983336035, 35.335181001 ], [ 138.983532540999988, 35.335182254 ], [ 138.983612491, 35.335173933 ], [ 138.983628419000013, 35.335139366 ], [ 138.98365132399999, 35.335089657 ], [ 138.983686119999987, 35.335014142 ], [ 138.983866291999988, 35.335028328 ], [ 138.98425194699999, 35.334725679 ], [ 138.984300714999989, 35.334690886 ], [ 138.98503987699999, 35.334163538 ], [ 138.985042856, 35.334053221 ], [ 138.985254446999988, 35.334150752 ], [ 138.985373619, 35.334002703 ], [ 138.985493263, 35.333933654 ], [ 138.985696749, 35.33389259 ], [ 138.986023025, 35.333700479 ], [ 138.985885825, 35.333463185 ], [ 138.985846931, 35.333395916 ], [ 138.98565409599999, 35.333452284 ], [ 138.985581034, 35.333401896 ], [ 138.985546825, 35.333399155 ], [ 138.98544818100001, 35.33339125 ], [ 138.985393007999988, 35.333316887 ], [ 138.985363826, 35.333277556 ], [ 138.985141454, 35.333305557 ], [ 138.985094812999989, 35.33331143 ], [ 138.984996321000011, 35.333267106 ], [ 138.98502763, 35.333090621 ], [ 138.98491896499999, 35.333021324 ], [ 138.984719422000012, 35.332894072 ], [ 138.984831316999987, 35.332746052 ], [ 138.985025804, 35.332721422 ], [ 138.985061683999987, 35.332637803 ], [ 138.985261672, 35.332620604 ], [ 138.985344016, 35.332550214 ], [ 138.985454073, 35.332551263 ], [ 138.985451041, 35.332348551 ], [ 138.985337544, 35.332228267 ], [ 138.98532317199999, 35.331954051 ], [ 138.985428930000012, 35.331692768 ], [ 138.985543033, 35.331610326 ], [ 138.985467316000012, 35.33141983 ], [ 138.985364038, 35.331487323 ], [ 138.985308188, 35.331491089 ], [ 138.985118797000013, 35.331503858 ], [ 138.985034934, 35.331509512 ], [ 138.984979723, 35.331134463 ], [ 138.98497616099999, 35.331110262 ], [ 138.984865117, 35.331095802 ], [ 138.984853668999989, 35.33100641 ], [ 138.98466595799999, 35.33098095 ], [ 138.984637212, 35.330701702 ], [ 138.984564436999989, 35.330699012 ], [ 138.98449872099999, 35.330716131 ], [ 138.984361029000013, 35.330751999 ], [ 138.984308023000011, 35.330708983 ], [ 138.98430852300001, 35.330687938 ], [ 138.984309477000011, 35.330647862 ], [ 138.98442352699999, 35.330556477 ], [ 138.984403261000011, 35.330513331 ], [ 138.984091337, 35.330365518 ], [ 138.983834811, 35.329858722 ], [ 138.98379315599999, 35.329776426 ], [ 138.983883713000012, 35.329558434 ], [ 138.983703665, 35.329418798 ], [ 138.983634876999986, 35.329523496 ], [ 138.983513488999989, 35.329699266 ], [ 138.983465220999989, 35.329769159 ], [ 138.98343547799999, 35.329819595 ], [ 138.98338479099999, 35.329895079 ], [ 138.983366778, 35.329935222 ], [ 138.983365181000011, 35.329938568 ], [ 138.98333333299999, 35.330005267 ], [ 138.98329098799999, 35.330078178 ], [ 138.983249331, 35.330149901 ], [ 138.983173736999987, 35.330288701 ], [ 138.98311508399999, 35.330386839 ], [ 138.98308369, 35.330434406 ], [ 138.983003222, 35.330556327 ], [ 138.982958817, 35.330623607 ], [ 138.982867486, 35.330767039 ], [ 138.982835646000012, 35.330829491 ], [ 138.982825772000012, 35.330853681 ], [ 138.98278851399999, 35.330944958 ], [ 138.982741132, 35.331054645 ], [ 138.982681406000012, 35.331192907 ], [ 138.98265340399999, 35.331257731 ], [ 138.98264096299999, 35.331280408 ], [ 138.982593912999988, 35.331366163 ], [ 138.982534423, 35.331492439 ], [ 138.98251347499999, 35.331548714 ], [ 138.982460688, 35.331623518 ], [ 138.982438874, 35.331655677 ], [ 138.982410413999986, 35.331697637 ], [ 138.982382137, 35.331737743 ], [ 138.98237606, 35.331746363 ], [ 138.982324111, 35.33185205 ], [ 138.982304000999989, 35.331909011 ], [ 138.982233236000013, 35.332102492 ], [ 138.98218753399999, 35.332227446 ], [ 138.982141031, 35.332271711 ], [ 138.982136494, 35.332309848 ], [ 138.98213307099999, 35.332338624 ], [ 138.982120108, 35.332411197 ], [ 138.982094945999989, 35.332552057 ], [ 138.982077350999987, 35.332639215 ], [ 138.982069810000013, 35.332698235 ], [ 138.982069645, 35.33270297 ], [ 138.982067296, 35.332770294 ], [ 138.98206898, 35.332791828 ], [ 138.982089637, 35.33305587 ], [ 138.98210967899999, 35.333312038 ], [ 138.98211134499999, 35.333333333 ], [ 138.98211134499999, 35.333333515 ], [ 138.98211134499999, 35.333414178 ], [ 138.982138996, 35.333481426 ], [ 138.982133968, 35.333562399 ], [ 138.982131874, 35.333619869 ], [ 138.982126846, 35.333646288 ], [ 138.98211846699999, 35.33366859 ], [ 138.982097474999989, 35.333717895 ], [ 138.982074059000013, 35.333772894 ], [ 138.982054368, 35.333782844 ], [ 138.98200409399999, 35.333774952 ], [ 138.981830889, 35.333763944 ], [ 138.981841, 35.334135167 ], [ 138.981817444, 35.334242444 ], [ 138.981794466, 35.334284707 ], [ 138.981696333, 35.334465194 ], [ 138.981689917000011, 35.334479694 ], [ 138.981654692, 35.334568897 ], [ 138.981619919, 35.334647811 ], [ 138.981596453, 35.334696441 ], [ 138.981565167000014, 35.334761278 ], [ 138.981534888999988, 35.334861194 ], [ 138.981514721999986, 35.334900611 ], [ 138.981506889, 35.334911306 ], [ 138.981494528000013, 35.334928111 ], [ 138.981460889, 35.334952861 ], [ 138.981347639, 35.335029861 ], [ 138.98133219499999, 35.335036843 ], [ 138.981305056, 35.335049111 ], [ 138.98128510399999, 35.335062776 ], [ 138.981194611, 35.33512475 ], [ 138.981180583, 35.335134361 ], [ 138.981164592, 35.335147651 ], [ 138.981155583, 35.335155139 ], [ 138.981048278, 35.335244361 ], [ 138.981022110999987, 35.335271944 ], [ 138.981013499999989, 35.335281028 ], [ 138.980991635, 35.335322768 ], [ 138.980989972, 35.335325944 ], [ 138.98093375, 35.335419306 ], [ 138.98092174300001, 35.335440813 ], [ 138.980840222000012, 35.3355615 ], [ 138.980805471999986, 35.33560275 ], [ 138.98076847199999, 35.335638639 ], [ 138.98053525, 35.335837639 ], [ 138.980425360999988, 35.335910972 ], [ 138.980378277999989, 35.335934889 ], [ 138.980261667, 35.335981639 ], [ 138.980178722, 35.336006528 ] ] ] } },
{ "type": "Feature", "properties": { "A29_001": "22344", "A29_002": "静岡県", "A29_003": "小山町", "A29_004": 4, "A29_005": "第二種中高層住居専用地域", "A29_006": 60, "A29_007": 150, "A29_008": "条件付き公開" }, "geometry": { "type": "Polygon", "coordinates": [ [ [ 138.977828998, 35.336268833 ], [ 138.977985749, 35.336108229 ], [ 138.978087139, 35.33611675 ], [ 138.978190899999987, 35.336120233 ], [ 138.97818967, 35.336107297 ], [ 138.978201582, 35.335945664 ], [ 138.978204725000012, 35.335903023 ], [ 138.978311002999988, 35.335725219 ], [ 138.978466526, 35.335569579 ], [ 138.979490625000011, 35.334946915 ], [ 138.980248268, 35.334486288 ], [ 138.980210320999987, 35.334462047 ], [ 138.98001637199999, 35.334338147 ], [ 138.980155001000014, 35.334248905 ], [ 138.980153175, 35.334246107 ], [ 138.980093833000012, 35.334155222 ], [ 138.98011380599999, 35.334078861 ], [ 138.98011360699999, 35.334045321 ], [ 138.98013800199999, 35.333954244 ], [ 138.98017078, 35.333906889 ], [ 138.98001498, 35.333641289 ], [ 138.980006352, 35.33355396 ], [ 138.980015839, 35.333478808 ], [ 138.979708514, 35.333186376 ], [ 138.97965881499999, 35.333181742 ], [ 138.979306194, 35.333333333 ], [ 138.979279154000011, 35.333351346 ], [ 138.97914551, 35.33341139 ], [ 138.979118277999987, 35.333420311 ], [ 138.97884425, 35.333490043 ], [ 138.97863916099999, 35.333528579 ], [ 138.978213950999987, 35.333600251 ], [ 138.977931262, 35.333689072 ], [ 138.97776461699999, 35.333738895 ], [ 138.977829238, 35.33360851 ], [ 138.977865286999986, 35.333535773 ], [ 138.977795552, 35.333431705 ], [ 138.977656853000013, 35.333354741 ], [ 138.97745303, 35.333339149 ], [ 138.977320324, 35.333353089 ], [ 138.977143848999987, 35.333442906 ], [ 138.977040018999986, 35.333458213 ], [ 138.976807654, 35.333492469 ], [ 138.976719319000011, 35.333505492 ], [ 138.97668916399999, 35.3336701 ], [ 138.97651854, 35.333581291 ], [ 138.976325037, 35.333522182 ], [ 138.976158026, 35.333529253 ], [ 138.975982076, 35.333447802 ], [ 138.975702039999987, 35.333463811 ], [ 138.97557366699999, 35.333733583 ], [ 138.97539106, 35.333787008 ], [ 138.97518065, 35.333889197 ], [ 138.97506857, 35.334008887 ], [ 138.975004081, 35.334179071 ], [ 138.974887752, 35.334194434 ], [ 138.974841319, 35.334276225 ], [ 138.97483442, 35.334406311 ], [ 138.97489878, 35.334442323 ], [ 138.974902195, 35.334731997 ], [ 138.974947261000011, 35.334801201 ], [ 138.974997583, 35.334878476 ], [ 138.975406937, 35.334945156 ], [ 138.975441834, 35.334691614 ], [ 138.975702162, 35.334726364 ], [ 138.97569521599999, 35.334850237 ], [ 138.975685693, 35.335020081 ], [ 138.975949679, 35.335040325 ], [ 138.975935861000011, 35.3350765 ], [ 138.975898389, 35.335160306 ], [ 138.97587691699999, 35.335222 ], [ 138.975857096999988, 35.335303409 ], [ 138.97582515, 35.33540331 ], [ 138.975830241000011, 35.335478695 ], [ 138.975842129, 35.33565471 ], [ 138.975847668, 35.335699219 ], [ 138.975895035, 35.335666185 ], [ 138.97606141599999, 35.335500072 ], [ 138.97615894899999, 35.335508746 ], [ 138.976211847, 35.335513451 ], [ 138.976204028000012, 35.335532361 ], [ 138.976184194000012, 35.335549944 ], [ 138.976153055999987, 35.335571111 ], [ 138.976043139000012, 35.33576075 ], [ 138.976001278000012, 35.335852194 ], [ 138.975999056, 35.335889583 ], [ 138.97600952799999, 35.335927861 ], [ 138.976024693999989, 35.335952194 ], [ 138.976155635, 35.335950035 ], [ 138.976287789, 35.335947856 ], [ 138.976287148000011, 35.335996398 ], [ 138.97628527, 35.336138665 ], [ 138.97643401, 35.336155122 ], [ 138.977096862, 35.336186146 ], [ 138.977071634999987, 35.336340007 ], [ 138.977057178, 35.336466808 ], [ 138.977006533, 35.336672048 ], [ 138.977019936, 35.336778205 ], [ 138.976815361, 35.336883375 ], [ 138.976696774, 35.337134266 ], [ 138.97677196399999, 35.33715506 ], [ 138.977206954, 35.337275353 ], [ 138.977319539, 35.336932066 ], [ 138.977520062999986, 35.336539987 ], [ 138.977828998, 35.336268833 ] ] ] } },
{ "type": "Feature", "properties": { "A29_001": "22344", "A29_002": "静岡県", "A29_003": "小山町", "A29_004": 3, "A29_005": "第一種中高層住居専用地域", "A29_006": 60, "A29_007": 150, "A29_008": "条件付き公開" }, "geometry": { "type": "Polygon", "coordinates": [ [ [ 138.978190899999987, 35.336120233 ], [ 138.978087139, 35.33611675 ], [ 138.977985749, 35.336108229 ], [ 138.977828998, 35.336268833 ], [ 138.977520062999986, 35.336539987 ], [ 138.977319539, 35.336932066 ], [ 138.977206954, 35.337275353 ], [ 138.97715385399999, 35.337525986 ], [ 138.977210249, 35.337835812 ], [ 138.97736136, 35.338166133 ], [ 138.97772879199999, 35.338778815 ], [ 138.977819654, 35.338722363 ], [ 138.977931619, 35.33862299 ], [ 138.977863727, 35.338214829 ], [ 138.978046764, 35.337787789 ], [ 138.97834868699999, 35.337779141 ], [ 138.978190899999987, 35.336120233 ] ] ] } },
{ "type": "Feature", "properties": { "A29_001": "22344", "A29_002": "静岡県", "A29_003": "小山町", "A29_004": 4, "A29_005": "第二種中高層住居専用地域", "A29_006": 60, "A29_007": 150, "A29_008": "条件付き公開" }, "geometry": { "type": "Polygon", "coordinates": [ [ [ 138.94985971700001, 35.339251137 ], [ 138.949732696000012, 35.339256354 ], [ 138.949574543000011, 35.339266476 ], [ 138.949566749000013, 35.339216138 ], [ 138.949535950000012, 35.339017222 ], [ 138.949405222, 35.339027064 ], [ 138.949349367999986, 35.339031268 ], [ 138.949256408999986, 35.33906405 ], [ 138.94925089099999, 35.339071425 ], [ 138.949207126, 35.33912992 ], [ 138.949199166, 35.33913764 ], [ 138.949192463, 35.339141929 ], [ 138.949104275, 35.33918516 ], [ 138.949089611, 35.339187562 ], [ 138.949074529, 35.339192537 ], [ 138.949053163, 35.339195968 ], [ 138.949016924, 35.339198198 ], [ 138.949003099, 35.339197169 ], [ 138.948997233999989, 35.339195968 ], [ 138.948977961999987, 35.339188591 ], [ 138.948902551, 35.339155653 ], [ 138.948891449, 35.339149477 ], [ 138.948834053000013, 35.339113966 ], [ 138.948818762, 35.339099212 ], [ 138.94879404400001, 35.339063015 ], [ 138.94877253199999, 35.339053796 ], [ 138.948657329000014, 35.339004425 ], [ 138.94834777, 35.33894939 ], [ 138.94822001599999, 35.338874873 ], [ 138.948121241, 35.338776858 ], [ 138.947768794000012, 35.338861639 ], [ 138.947711207, 35.338975139 ], [ 138.947633462, 35.339013755 ], [ 138.947602356, 35.339029205 ], [ 138.947525887000012, 35.339017563 ], [ 138.947447855, 35.338906449 ], [ 138.94737553600001, 35.33880347 ], [ 138.947281503999989, 35.338804647 ], [ 138.94663427899999, 35.338935543 ], [ 138.946599541000012, 35.338954167 ], [ 138.946630262000014, 35.339007033 ], [ 138.946694928, 35.339118311 ], [ 138.946715887000011, 35.339151215 ], [ 138.946546824, 35.339168073 ], [ 138.94652214300001, 35.339170534 ], [ 138.946525494000014, 35.33921682 ], [ 138.946529704, 35.339274969 ], [ 138.946409197, 35.339273983 ], [ 138.946391111, 35.339298207 ], [ 138.946313847, 35.339401694 ], [ 138.946147266, 35.339402767 ], [ 138.945843078, 35.339663257 ], [ 138.94581546500001, 35.339688942 ], [ 138.946189656, 35.33995333 ], [ 138.94670345099999, 35.34042694 ], [ 138.947724064999989, 35.341718916 ], [ 138.94827261099999, 35.342540511 ], [ 138.94858544499999, 35.342455475 ], [ 138.949251186999987, 35.342438096 ], [ 138.94918159, 35.34199192 ], [ 138.94911536, 35.34181464 ], [ 138.949045111, 35.3416935 ], [ 138.950028266, 35.341502078 ], [ 138.95027353099999, 35.341566552 ], [ 138.950352559, 35.341587327 ], [ 138.950444780999987, 35.341568341 ], [ 138.95049696699999, 35.341384064 ], [ 138.950361555, 35.34124147 ], [ 138.950357853000014, 35.341137455 ], [ 138.95035492, 35.34105504 ], [ 138.950246865, 35.340899054 ], [ 138.950351946000012, 35.340821151 ], [ 138.950154954, 35.34040602 ], [ 138.950085043, 35.340258691 ], [ 138.950829089, 35.340079802 ], [ 138.950865031, 35.340070102 ], [ 138.95076229099999, 35.339781574 ], [ 138.950775128, 35.339577371 ], [ 138.950519058, 35.339589774 ], [ 138.95030048699999, 35.33964592 ], [ 138.95022953, 35.339446172 ], [ 138.949917728, 35.339434122 ], [ 138.94985971700001, 35.339251137 ] ] ] } },
{ "type": "Feature", "properties": { "A29_001": "22344", "A29_002": "静岡県", "A29_003": "小山町", "A29_004": 4, "A29_005": "第二種中高層住居専用地域", "A29_006": 60, "A29_007": 150, "A29_008": "条件付き公開" }, "geometry": { "type": "Polygon", "coordinates": [ [ [ 138.943926806, 35.342415139 ], [ 138.943842917000012, 35.342463667 ], [ 138.94376777799999, 35.342499389 ], [ 138.943754444, 35.342504972 ], [ 138.943703139, 35.342526528 ], [ 138.94337698199999, 35.342621517 ], [ 138.94274164, 35.342640577 ], [ 138.942751840999989, 35.34289765 ], [ 138.942752804, 35.342921928 ], [ 138.943031373, 35.342919463 ], [ 138.94302675099999, 35.343153448 ], [ 138.94304036599999, 35.343153619 ], [ 138.943314568, 35.343163568 ], [ 138.943370496999989, 35.343162539 ], [ 138.943508353, 35.343116181 ], [ 138.94354689799999, 35.343087457 ], [ 138.94353657, 35.34312706 ], [ 138.9435502, 35.343451716 ], [ 138.94364009, 35.34344108 ], [ 138.94374498, 35.343422305 ], [ 138.943845277, 35.343393198 ], [ 138.94387850699999, 35.343383554 ], [ 138.94404968, 35.343209842 ], [ 138.94440044000001, 35.3431025 ], [ 138.94505126199999, 35.343038578 ], [ 138.945694428, 35.342955136 ], [ 138.946238736, 35.342953128 ], [ 138.946866988000011, 35.343113273 ], [ 138.947154455, 35.343168634 ], [ 138.946505534000011, 35.342276661 ], [ 138.94590817, 35.341494801 ], [ 138.945414099, 35.3408864 ], [ 138.94506341499999, 35.340631306 ], [ 138.94462923099999, 35.34040931 ], [ 138.943809081000012, 35.340132088 ], [ 138.943395928, 35.339983732 ], [ 138.94326637399999, 35.340023773 ], [ 138.942953929999987, 35.34015844 ], [ 138.94264786, 35.34027291 ], [ 138.94248392, 35.34036548 ], [ 138.942435491, 35.340445681 ], [ 138.94244351099999, 35.340452063 ], [ 138.942604668, 35.340580311 ], [ 138.94263483200001, 35.340609474 ], [ 138.942675470000012, 35.34065099 ], [ 138.942693916, 35.340669223 ], [ 138.942699769, 35.340675008 ], [ 138.942728167000013, 35.340699361 ], [ 138.942964, 35.340870722 ], [ 138.942999832999988, 35.340900694 ], [ 138.94303388899999, 35.340935694 ], [ 138.943064472, 35.340973528 ], [ 138.943072792, 35.340988743 ], [ 138.94309413900001, 35.341027778 ], [ 138.943109, 35.3410685 ], [ 138.943118583, 35.341101306 ], [ 138.943120281, 35.341117578 ], [ 138.94312208299999, 35.341134861 ], [ 138.943122499999987, 35.341139028 ], [ 138.943125556000012, 35.341170583 ], [ 138.943129333, 35.341200444 ], [ 138.943132154000011, 35.341222712 ], [ 138.943160471999988, 35.341446194 ], [ 138.943168332999988, 35.34147975 ], [ 138.94318930599999, 35.341515472 ], [ 138.943198569, 35.341529129 ], [ 138.943212028, 35.341548972 ], [ 138.943427823, 35.341725404 ], [ 138.943758395, 35.342194521 ], [ 138.943926806, 35.342415139 ] ] ] } },
{ "type": "Feature", "properties": { "A29_001": "22344", "A29_002": "静岡県", "A29_003": "小山町", "A29_004": 6, "A29_005": "第二種住居地域", "A29_006": 60, "A29_007": 200, "A29_008": "条件付き公開" }, "geometry": { "type": "Polygon", "coordinates": [ [ [ 138.94925464, 35.3450501 ], [ 138.948585220000012, 35.34413077 ], [ 138.947781819999989, 35.34305367 ], [ 138.947754935, 35.342944495 ], [ 138.94799719400001, 35.342669324 ], [ 138.94827261099999, 35.342540511 ], [ 138.947724064999989, 35.341718916 ], [ 138.94670345099999, 35.34042694 ], [ 138.946189656, 35.33995333 ], [ 138.94581546500001, 35.339688942 ], [ 138.94572724299999, 35.339771008 ], [ 138.945559800000012, 35.339756719 ], [ 138.94544629399999, 35.339625963 ], [ 138.945372907, 35.339512947 ], [ 138.945183162, 35.339412283 ], [ 138.945084251, 35.339288926 ], [ 138.94503334800001, 35.339295076 ], [ 138.944470954, 35.339577382 ], [ 138.944144375, 35.339736588 ], [ 138.94381072199999, 35.339933084 ], [ 138.94361842, 35.33995496 ], [ 138.943422559999988, 35.339975501 ], [ 138.943395928, 35.339983732 ], [ 138.943809081000012, 35.340132088 ], [ 138.94462923099999, 35.34040931 ], [ 138.94506341499999, 35.340631306 ], [ 138.945414099, 35.3408864 ], [ 138.94590817, 35.341494801 ], [ 138.946505534000011, 35.342276661 ], [ 138.947154455, 35.343168634 ], [ 138.947269928, 35.343324722 ], [ 138.947757122000013, 35.344000404 ], [ 138.948644806, 35.345215556 ], [ 138.94891904, 35.34578409 ], [ 138.949260685000013, 35.347028977 ], [ 138.94933000899999, 35.347264359 ], [ 138.949358985, 35.34726141 ], [ 138.949449431, 35.347247772 ], [ 138.949716243000012, 35.34719659 ], [ 138.949702288999987, 35.347088361 ], [ 138.949669629, 35.346835038 ], [ 138.94963908299999, 35.346707361 ], [ 138.949593361000012, 35.346448528 ], [ 138.949586944, 35.346377944 ], [ 138.949582166999988, 35.346323583 ], [ 138.94957977199999, 35.346224411 ], [ 138.949639964, 35.346071458 ], [ 138.94957618, 35.34584024 ], [ 138.94954287199999, 35.345675721 ], [ 138.94948211, 35.345498402 ], [ 138.949369424, 35.34523909 ], [ 138.94925464, 35.3450501 ] ] ] } },
{ "type": "Feature", "properties": { "A29_001": "22344", "A29_002": "静岡県", "A29_003": "小山町", "A29_004": 8, "A29_005": "近隣商業地域", "A29_006": 80, "A29_007": 200, "A29_008": "条件付き公開" }, "geometry": { "type": "Polygon", "coordinates": [ [ [ 138.944016010000013, 35.34738468 ], [ 138.944268920000013, 35.34732814 ], [ 138.94438505, 35.347333391 ], [ 138.94464396699999, 35.347212662 ], [ 138.944541324, 35.346570919 ], [ 138.944456003999989, 35.346273109 ], [ 138.944401335, 35.345924505 ], [ 138.944173623000012, 35.345537782 ], [ 138.944115361, 35.34539075 ], [ 138.944159868000014, 35.345019097 ], [ 138.944343683999989, 35.344034614 ], [ 138.944518162, 35.343484251 ], [ 138.94387850699999, 35.343383554 ], [ 138.943845277, 35.343393198 ], [ 138.943710664, 35.343925329 ], [ 138.943708453999989, 35.343931731 ], [ 138.943710356, 35.343932515 ], [ 138.94391209, 35.344015653 ], [ 138.943941639, 35.344027831 ], [ 138.94385169, 35.344555156 ], [ 138.943738053, 35.345310485 ], [ 138.943362256, 35.345264355 ], [ 138.943435147, 35.345410848 ], [ 138.943577479999988, 35.34571804 ], [ 138.94375011599999, 35.346065526 ], [ 138.943882889, 35.34666875 ], [ 138.943994393999986, 35.347223162 ], [ 138.944016010000013, 35.34738468 ] ] ] } },
{ "type": "Feature", "properties": { "A29_001": "22344", "A29_002": "静岡県", "A29_003": "小山町", "A29_004": 3, "A29_005": "第一種中高層住居専用地域", "A29_006": 60, "A29_007": 150, "A29_008": "条件付き公開" }, "geometry": { "type": "Polygon", "coordinates": [ [ [ 138.94624962, 35.348670866 ], [ 138.946362287999989, 35.3486466 ], [ 138.9465495, 35.34870031 ], [ 138.94662119099999, 35.348747006 ], [ 138.94665587899999, 35.348714625 ], [ 138.946733415000011, 35.348642248 ], [ 138.946776521, 35.348540727 ], [ 138.946892596999987, 35.348474711 ], [ 138.947136699, 35.348530451 ], [ 138.947187625999987, 35.348504111 ], [ 138.947423184, 35.348353498 ], [ 138.947338558000013, 35.348183881 ], [ 138.947431935999987, 35.348163302 ], [ 138.947531176000012, 35.348141431 ], [ 138.947730791, 35.348048273 ], [ 138.94794047, 35.34791452 ], [ 138.948268289999987, 35.34771439 ], [ 138.948244644999988, 35.347533597 ], [ 138.948291919000013, 35.347504273 ], [ 138.948374484, 35.34751381 ], [ 138.948469246, 35.347542078 ], [ 138.948542178, 35.347545177 ], [ 138.94862333899999, 35.347548626 ], [ 138.948926371999988, 35.347512314 ], [ 138.94897099, 35.347500478 ], [ 138.949191332999987, 35.347318415 ], [ 138.949296556, 35.347276649 ], [ 138.94933000899999, 35.347264359 ], [ 138.949260685000013, 35.347028977 ], [ 138.94891904, 35.34578409 ], [ 138.948644806, 35.345215556 ], [ 138.947757122000013, 35.344000404 ], [ 138.947269928, 35.343324722 ], [ 138.947154455, 35.343168634 ], [ 138.946866988000011, 35.343113273 ], [ 138.946238736, 35.342953128 ], [ 138.945694428, 35.342955136 ], [ 138.94505126199999, 35.343038578 ], [ 138.94440044000001, 35.3431025 ], [ 138.94404968, 35.343209842 ], [ 138.94387850699999, 35.343383554 ], [ 138.944518162, 35.343484251 ], [ 138.944343683999989, 35.344034614 ], [ 138.944159868000014, 35.345019097 ], [ 138.944115361, 35.34539075 ], [ 138.944173623000012, 35.345537782 ], [ 138.944401335, 35.345924505 ], [ 138.944456003999989, 35.346273109 ], [ 138.944541324, 35.346570919 ], [ 138.94464396699999, 35.347212662 ], [ 138.944655581, 35.347285273 ], [ 138.944668287000013, 35.347952254 ], [ 138.944759166000011, 35.348267931 ], [ 138.945065575, 35.349098664 ], [ 138.945155152000012, 35.34910956 ], [ 138.945527155, 35.349007552 ], [ 138.945907143999989, 35.348959942 ], [ 138.946029304, 35.348911902 ], [ 138.946094174, 35.348856277 ], [ 138.94624962, 35.348670866 ] ] ] } },
{ "type": "Feature", "properties": { "A29_001": "22344", "A29_002": "静岡県", "A29_003": "小山町", "A29_004": 5, "A29_005": "第一種住居地域", "A29_006": 60, "A29_007": 200, "A29_008": "条件付き公開" }, "geometry": { "type": "Polygon", "coordinates": [ [ [ 138.944492553, 35.349165133 ], [ 138.944839779, 35.349071199 ], [ 138.945065575, 35.349098664 ], [ 138.944759166000011, 35.348267931 ], [ 138.944668287000013, 35.347952254 ], [ 138.944655581, 35.347285273 ], [ 138.94464396699999, 35.347212662 ], [ 138.94438505, 35.347333391 ], [ 138.944268920000013, 35.34732814 ], [ 138.944016010000013, 35.34738468 ], [ 138.944004232999987, 35.347731857 ], [ 138.943992509999987, 35.348047242 ], [ 138.944158296000012, 35.348516841 ], [ 138.944388350999986, 35.349149088 ], [ 138.944492553, 35.349165133 ] ] ] } },
{ "type": "Feature", "properties": { "A29_001": "22344", "A29_002": "静岡県", "A29_003": "小山町", "A29_004": 3, "A29_005": "第一種中高層住居専用地域", "A29_006": 60, "A29_007": 150, "A29_008": "条件付き公開" }, "geometry": { "type": "Polygon", "coordinates": [ [ [ 138.943941639, 35.344027831 ], [ 138.94391209, 35.344015653 ], [ 138.943710356, 35.343932515 ], [ 138.943708453999989, 35.343931731 ], [ 138.943710664, 35.343925329 ], [ 138.943845277, 35.343393198 ], [ 138.94374498, 35.343422305 ], [ 138.94364009, 35.34344108 ], [ 138.9435502, 35.343451716 ], [ 138.943530532000011, 35.343622355 ], [ 138.943485366, 35.34363471 ], [ 138.942810376000011, 35.343804164 ], [ 138.942105438999988, 35.344103701 ], [ 138.94188533, 35.344314359 ], [ 138.94178061, 35.344460822 ], [ 138.94149021199999, 35.344587095 ], [ 138.941314978, 35.344726118 ], [ 138.941198, 35.34485519 ], [ 138.941092024, 35.345116675 ], [ 138.941067013, 35.345263233 ], [ 138.941063033, 35.345286557 ], [ 138.94108617099999, 35.34527814 ], [ 138.941239797, 35.345222251 ], [ 138.941483317, 35.345155364 ], [ 138.941804681, 35.345156098 ], [ 138.941998592, 35.345180108 ], [ 138.942047408, 35.345484732 ], [ 138.942106344, 35.345723493 ], [ 138.942178403000014, 35.34612677 ], [ 138.943192579, 35.345978428 ], [ 138.943222002999988, 35.345974124 ], [ 138.943408968, 35.346628835 ], [ 138.943061996000012, 35.346737432 ], [ 138.94287021, 35.346767293 ], [ 138.942886116000011, 35.346817786 ], [ 138.942940563, 35.346990628 ], [ 138.942978126000014, 35.346982644 ], [ 138.943421804, 35.34685898 ], [ 138.943424794, 35.346972158 ], [ 138.942953867999989, 35.347094922 ], [ 138.94293579399999, 35.347170598 ], [ 138.943188106, 35.347344488 ], [ 138.943254814999989, 35.347510856 ], [ 138.943400107, 35.347519603 ], [ 138.943652842, 35.347404145 ], [ 138.94368924299999, 35.347387515 ], [ 138.943910249999988, 35.347714 ], [ 138.943931587, 35.347753277 ], [ 138.943903541, 35.347756254 ], [ 138.94292952699999, 35.347968514 ], [ 138.94191465599999, 35.348028872 ], [ 138.94199191199999, 35.348183613 ], [ 138.941879211000014, 35.348201913 ], [ 138.941868539000012, 35.34837309 ], [ 138.941865825, 35.348416611 ], [ 138.942266581000013, 35.348507563 ], [ 138.942477591, 35.348500829 ], [ 138.94300480699999, 35.348427348 ], [ 138.943538928, 35.348346006 ], [ 138.943565532, 35.348341955 ], [ 138.943639956999988, 35.348524454 ], [ 138.943798226000013, 35.34891255 ], [ 138.94382391, 35.349163689 ], [ 138.943850472, 35.349172286 ], [ 138.944046668, 35.349096474 ], [ 138.944388350999986, 35.349149088 ], [ 138.944158296000012, 35.348516841 ], [ 138.943992509999987, 35.348047242 ], [ 138.944004232999987, 35.347731857 ], [ 138.944016010000013, 35.34738468 ], [ 138.943994393999986, 35.347223162 ], [ 138.943882889, 35.34666875 ], [ 138.94375011599999, 35.346065526 ], [ 138.943577479999988, 35.34571804 ], [ 138.943435147, 35.345410848 ], [ 138.943362256, 35.345264355 ], [ 138.943738053, 35.345310485 ], [ 138.94385169, 35.344555156 ], [ 138.943941639, 35.344027831 ] ] ] } },
{ "type": "Feature", "properties": { "A29_001": "22344", "A29_002": "静岡県", "A29_003": "小山町", "A29_004": 1, "A29_005": "第一種低層住居専用地域", "A29_006": 50, "A29_007": 80, "A29_008": "条件付き公開" }, "geometry": { "type": "Polygon", "coordinates": [ [ [ 138.975779055, 35.34489617 ], [ 138.975757202000011, 35.344898045 ], [ 138.975603353, 35.344726452 ], [ 138.97556747199999, 35.344690806 ], [ 138.975514389000011, 35.344640389 ], [ 138.975421, 35.344531111 ], [ 138.975383306, 35.3444905 ], [ 138.975169829, 35.346256517 ], [ 138.97523461099999, 35.347377205 ], [ 138.975483743000012, 35.34937514 ], [ 138.975985916000013, 35.350854031 ], [ 138.976334869999988, 35.351795528 ], [ 138.976483957999989, 35.352222662 ], [ 138.97746075, 35.351976222 ], [ 138.977554027999986, 35.351952694 ], [ 138.97814102800001, 35.351709944 ], [ 138.978251139, 35.351671639 ], [ 138.978305111, 35.351652861 ], [ 138.97827528799999, 35.351629631 ], [ 138.97809564799999, 35.351489708 ], [ 138.97791256799999, 35.351296652 ], [ 138.977725428000014, 35.351032063 ], [ 138.97767329199999, 35.350829545 ], [ 138.977661786, 35.350764617 ], [ 138.977644121999987, 35.350664948 ], [ 138.977498298, 35.350653901 ], [ 138.977547982, 35.350390402 ], [ 138.977637828000013, 35.350224052 ], [ 138.977730982, 35.34982873 ], [ 138.97775506, 35.34961705 ], [ 138.977799777, 35.349461703 ], [ 138.977906303, 35.349199557 ], [ 138.97791622, 35.349091632 ], [ 138.977876791, 35.348973859 ], [ 138.97756747, 35.348615656 ], [ 138.97723787000001, 35.348256229 ], [ 138.977119208, 35.347878081 ], [ 138.977128639, 35.347673416 ], [ 138.977122401, 35.347032218 ], [ 138.977056834, 35.346351344 ], [ 138.976936736999988, 35.345850544 ], [ 138.976725453, 35.345888172 ], [ 138.976691944, 35.345758621 ], [ 138.97685196399999, 35.345737378 ], [ 138.976849668, 35.34566409 ], [ 138.976793679999986, 35.345424322 ], [ 138.976649154, 35.345287755 ], [ 138.976443184, 35.345221489 ], [ 138.976231582999986, 35.345125433 ], [ 138.975959108000012, 35.344886517 ], [ 138.975779055, 35.34489617 ] ] ] } },
{ "type": "Feature", "properties": { "A29_001": "22344", "A29_002": "静岡県", "A29_003": "小山町", "A29_004": 12, "A29_005": "工業専用地域", "A29_006": 60, "A29_007": 200, "A29_008": "条件付き公開" }, "geometry": { "type": "Polygon", "coordinates": [ [ [ 138.971027193999987, 35.351623722 ], [ 138.97101755599999, 35.351524111 ], [ 138.971019184999989, 35.351507717 ], [ 138.97102075399999, 35.351491923 ], [ 138.971029611, 35.351402778 ], [ 138.971032739, 35.351329146 ], [ 138.971036860999988, 35.351232111 ], [ 138.97103542, 35.351199379 ], [ 138.971033809, 35.351162789 ], [ 138.971020046, 35.350850086 ], [ 138.97096249, 35.35068654 ], [ 138.97069155, 35.34988128 ], [ 138.97063930600001, 35.349583778 ], [ 138.970762503, 35.349567543 ], [ 138.97086611, 35.34955389 ], [ 138.970923849, 35.349535616 ], [ 138.970929837, 35.349262714 ], [ 138.97108554499999, 35.348806097 ], [ 138.971087592, 35.34855756 ], [ 138.971046472000012, 35.348561806 ], [ 138.97069758399999, 35.348571194 ], [ 138.970682175, 35.348571774 ], [ 138.970665881, 35.348571339 ], [ 138.970650295000013, 35.348565247 ], [ 138.970526490999987, 35.34849824 ], [ 138.97051675, 35.348489683 ], [ 138.970508779, 35.348481126 ], [ 138.970503998, 35.348471118 ], [ 138.97050151799999, 35.348457775 ], [ 138.97047805599999, 35.348196167 ], [ 138.970495387999989, 35.347847332 ], [ 138.969103225999987, 35.347832642 ], [ 138.968686208, 35.347803732 ], [ 138.96853694, 35.347716601 ], [ 138.96832949, 35.347566634 ], [ 138.96809661899999, 35.347636255 ], [ 138.968006204, 35.347663285 ], [ 138.967919306999988, 35.347738153 ], [ 138.967890297999986, 35.347870334 ], [ 138.967880474, 35.347933574 ], [ 138.96753502199999, 35.348137875 ], [ 138.96714223, 35.348384807 ], [ 138.966837622000014, 35.348718188 ], [ 138.966830183000013, 35.348725875 ], [ 138.966666667, 35.348863361 ], [ 138.966557814, 35.348951794 ], [ 138.966436724, 35.349054157 ], [ 138.966567778000012, 35.349189306 ], [ 138.966666667, 35.349311583 ], [ 138.966774573, 35.349444991 ], [ 138.96688658299999, 35.349583472 ], [ 138.966945917, 35.349751722 ], [ 138.966994113999988, 35.349888383 ], [ 138.967021528, 35.349966111 ], [ 138.967030017000013, 35.349988192 ], [ 138.967034555999987, 35.35 ], [ 138.967164360999988, 35.350337583 ], [ 138.967189917000013, 35.350399806 ], [ 138.96719535, 35.350413035 ], [ 138.967306306000012, 35.350683222 ], [ 138.96737824499999, 35.350833157 ], [ 138.967395388999989, 35.350868889 ], [ 138.96748396000001, 35.351035833 ], [ 138.967595002, 35.35124513 ], [ 138.967602125000013, 35.351261083 ], [ 138.96761176199999, 35.351292988 ], [ 138.967612056, 35.351308667 ], [ 138.96760652399999, 35.351321463 ], [ 138.967598083000013, 35.351331528 ], [ 138.96758767, 35.351339988 ], [ 138.967570110999986, 35.351351528 ], [ 138.96744154699999, 35.351428414 ], [ 138.96734475, 35.351482917 ], [ 138.967291415, 35.351509483 ], [ 138.967255475, 35.351527385 ], [ 138.967081667, 35.351613959 ], [ 138.96687475600001, 35.351717021 ], [ 138.96683474299999, 35.351741379 ], [ 138.966812627, 35.351757047 ], [ 138.966583875, 35.351919102 ], [ 138.967156891, 35.352182483 ], [ 138.968178271, 35.35261379 ], [ 138.968980245000012, 35.352858123 ], [ 138.97041259299999, 35.353246079 ], [ 138.970698849, 35.353349308 ], [ 138.97100735399999, 35.353523998 ], [ 138.971045411, 35.353542443 ], [ 138.971068448000011, 35.353509227 ], [ 138.971256778999987, 35.35304193 ], [ 138.971128865, 35.35294703 ], [ 138.97112848399999, 35.352881444 ], [ 138.97115922399999, 35.352848531 ], [ 138.97081482499999, 35.352758945 ], [ 138.970662119999986, 35.35268319 ], [ 138.970705277, 35.352066236 ], [ 138.970766266, 35.352072707 ], [ 138.97086132699999, 35.352128632 ], [ 138.971108582, 35.352274096 ], [ 138.971143051000013, 35.3522689 ], [ 138.97122543899999, 35.352256479 ], [ 138.971413073, 35.352228191 ], [ 138.971376665, 35.352182178 ], [ 138.97116379799999, 35.351913153 ], [ 138.97103325, 35.351714472 ], [ 138.971032154999989, 35.351698059 ], [ 138.971027193999987, 35.351623722 ] ] ] } },
{ "type": "Feature", "properties": { "A29_001": "22344", "A29_002": "静岡県", "A29_003": "小山町", "A29_004": 3, "A29_005": "第一種中高層住居専用地域", "A29_006": 60, "A29_007": 150, "A29_008": "条件付き公開" }, "geometry": { "type": "Polygon", "coordinates": [ [ [ 138.976483957999989, 35.352222662 ], [ 138.977091102, 35.35396207 ], [ 138.977578865999988, 35.355404843 ], [ 138.980245395, 35.35526958 ], [ 138.980228146, 35.355198844 ], [ 138.97998193399999, 35.354791261 ], [ 138.979893933, 35.354681439 ], [ 138.979888848, 35.354436998 ], [ 138.979647891000013, 35.353996733 ], [ 138.979575954000012, 35.35383156 ], [ 138.979368416999989, 35.353226472 ], [ 138.97909708899999, 35.352849655 ], [ 138.97878368799999, 35.35215627 ], [ 138.978578183, 35.351863433 ], [ 138.97830532899999, 35.351652819 ], [ 138.978305111, 35.351652861 ], [ 138.978251139, 35.351671639 ], [ 138.97814102800001, 35.351709944 ], [ 138.977554027999986, 35.351952694 ], [ 138.97746075, 35.351976222 ], [ 138.976483957999989, 35.352222662 ] ] ] } },
{ "type": "Feature", "properties": { "A29_001": "22344", "A29_002": "静岡県", "A29_003": "小山町", "A29_004": 10, "A29_005": "準工業地域", "A29_006": 60, "A29_007": 200, "A29_008": "条件付き公開" }, "geometry": { "type": "Polygon", "coordinates": [ [ [ 138.874453917000011, 35.358013528 ], [ 138.87488424899999, 35.358450276 ], [ 138.875162136, 35.358604609 ], [ 138.875205563, 35.358644328 ], [ 138.875293703000011, 35.358724941 ], [ 138.875400934, 35.358697777 ], [ 138.875512750000013, 35.358797583 ], [ 138.875602085999986, 35.35874955 ], [ 138.875738557, 35.358676173 ], [ 138.87605111799999, 35.358508118 ], [ 138.87622503599999, 35.358414605 ], [ 138.876393123000014, 35.35832334 ], [ 138.87653703, 35.35824363 ], [ 138.876703241, 35.358151565 ], [ 138.876870551, 35.358058892 ], [ 138.877044641999987, 35.357962462 ], [ 138.87718744899999, 35.357883359 ], [ 138.877374151999987, 35.357779942 ], [ 138.877537616000012, 35.357689397 ], [ 138.877812291999987, 35.357537249 ], [ 138.878044472, 35.357408639 ], [ 138.878082963, 35.357387318 ], [ 138.878215590999986, 35.357313854 ], [ 138.878237286, 35.357301837 ], [ 138.87859967899999, 35.357101102 ], [ 138.87877011399999, 35.357006694 ], [ 138.878803611, 35.356988139 ], [ 138.878936917, 35.356919306 ], [ 138.879015489000011, 35.356872533 ], [ 138.879038748, 35.356858686 ], [ 138.879068883, 35.356840747 ], [ 138.879077997, 35.356835322 ], [ 138.879078443999987, 35.356835056 ], [ 138.879114464999986, 35.356816127 ], [ 138.879133494, 35.356806128 ], [ 138.879143201, 35.356801027 ], [ 138.879153467, 35.35679399 ], [ 138.879156808, 35.3567917 ], [ 138.879149235, 35.356734855 ], [ 138.87874051899999, 35.356491675 ], [ 138.87828976099999, 35.356206888 ], [ 138.87752029, 35.356640083 ], [ 138.877409285, 35.356637449 ], [ 138.877313278, 35.356681528 ], [ 138.877241454, 35.356710894 ], [ 138.877165444000013, 35.356741972 ], [ 138.87729966, 35.356931443 ], [ 138.876900207, 35.357114545 ], [ 138.876846105999988, 35.357219057 ], [ 138.876210428, 35.357471461 ], [ 138.876123103, 35.357474714 ], [ 138.875560223, 35.35773136 ], [ 138.87536083, 35.357520022 ], [ 138.875331655, 35.3574891 ], [ 138.874596778000011, 35.357539079 ], [ 138.874523399999987, 35.35768981 ], [ 138.87436556899999, 35.357958071 ], [ 138.874395666999987, 35.357974056 ], [ 138.874453917000011, 35.358013528 ] ] ] } },
{ "type": "Feature", "properties": { "A29_001": "22344", "A29_002": "静岡県", "A29_003": "小山町", "A29_004": 11, "A29_005": "工業地域", "A29_006": 60, "A29_007": 200, "A29_008": "条件付き公開" }, "geometry": { "type": "Polygon", "coordinates": [ [ [ 138.98517807499999, 35.359143358 ], [ 138.985791354000014, 35.358851716 ], [ 138.985644844, 35.3586943 ], [ 138.985306675, 35.358132207 ], [ 138.985244053, 35.357906628 ], [ 138.985107046, 35.35730721 ], [ 138.984890678, 35.356725249 ], [ 138.984318624, 35.356605312 ], [ 138.98392185899999, 35.355977863 ], [ 138.98352362899999, 35.355714128 ], [ 138.983089651, 35.355557858 ], [ 138.982610569, 35.355465863 ], [ 138.98211171299999, 35.355414192 ], [ 138.981672954, 35.355371223 ], [ 138.981652862, 35.355417246 ], [ 138.981742204, 35.355519236 ], [ 138.981564397, 35.3555157 ], [ 138.981016468, 35.355431972 ], [ 138.980791012, 35.3554597 ], [ 138.980703395, 35.355412349 ], [ 138.980628892999988, 35.355429042 ], [ 138.98057101399999, 35.355487406 ], [ 138.98051071099999, 35.355597206 ], [ 138.980741755, 35.355805189 ], [ 138.980845972999987, 35.35600082 ], [ 138.980958178, 35.356123666 ], [ 138.981086303000012, 35.35646916 ], [ 138.981664813, 35.357677233 ], [ 138.981911782999987, 35.358206907 ], [ 138.982065492, 35.358352374 ], [ 138.982594205999987, 35.358526156 ], [ 138.98332126299999, 35.359006209 ], [ 138.983376931, 35.358957338 ], [ 138.983498655, 35.358850476 ], [ 138.984183688, 35.359120877 ], [ 138.984398965, 35.35908984 ], [ 138.98448989, 35.359080532 ], [ 138.98454181, 35.359112644 ], [ 138.984705399, 35.359213823 ], [ 138.984920304000013, 35.359245755 ], [ 138.98504746099999, 35.359195243 ], [ 138.98517807499999, 35.359143358 ] ] ] } },
{ "type": "Feature", "properties": { "A29_001": "22344", "A29_002": "静岡県", "A29_003": "小山町", "A29_004": 8, "A29_005": "近隣商業地域", "A29_006": 80, "A29_007": 200, "A29_008": "条件付き公開" }, "geometry": { "type": "Polygon", "coordinates": [ [ [ 138.997192267, 35.359180556 ], [ 138.99756884199999, 35.359060234 ], [ 138.998066505, 35.358888612 ], [ 138.99812293299999, 35.358832571 ], [ 138.998189943, 35.358922542 ], [ 138.998680452, 35.358795308 ], [ 138.99865967, 35.35864438 ], [ 138.998662321000012, 35.35864299 ], [ 138.998830626, 35.358554684 ], [ 138.998873057999987, 35.35853242 ], [ 138.99896265000001, 35.3584862 ], [ 138.999120755, 35.358361711 ], [ 138.999034927, 35.358363698 ], [ 138.998758767999988, 35.358373815 ], [ 138.99856085499999, 35.358454544 ], [ 138.998554633999987, 35.358455968 ], [ 138.99833184, 35.358552737 ], [ 138.99782051, 35.358616998 ], [ 138.995923221, 35.359003414 ], [ 138.99546495199999, 35.359103487 ], [ 138.99556459199999, 35.359329652 ], [ 138.995816913, 35.359559776 ], [ 138.99635708400001, 35.359386683 ], [ 138.997040671, 35.359172561 ], [ 138.997192267, 35.359180556 ] ] ] } },
{ "type": "Feature", "properties": { "A29_001": "22344", "A29_002": "静岡県", "A29_003": "小山町", "A29_004": 12, "A29_005": "工業専用地域", "A29_006": 60, "A29_007": 200, "A29_008": "条件付き公開" }, "geometry": { "type": "Polygon", "coordinates": [ [ [ 138.946578749999986, 35.354582639 ], [ 138.946287985999987, 35.354766071 ], [ 138.94601825, 35.354950722 ], [ 138.945975162, 35.354974414 ], [ 138.94568384499999, 35.355134594 ], [ 138.94493129, 35.355366014 ], [ 138.943357114, 35.355779632 ], [ 138.942592678000011, 35.356034188 ], [ 138.941988396999989, 35.356235409 ], [ 138.941037985, 35.356584388 ], [ 138.940946712999988, 35.356617902 ], [ 138.94014508699999, 35.356945205 ], [ 138.939840479999987, 35.357069573 ], [ 138.939238028, 35.357367583 ], [ 138.939864002, 35.357785741 ], [ 138.93994607799999, 35.357833763 ], [ 138.939831972, 35.357953139 ], [ 138.93981875, 35.357966667 ], [ 138.939813222, 35.357983778 ], [ 138.93978961900001, 35.358044772 ], [ 138.93994608599999, 35.3583271 ], [ 138.940009078, 35.358440761 ], [ 138.940397292, 35.358415062 ], [ 138.94079937399999, 35.358778055 ], [ 138.94110371, 35.359160774 ], [ 138.94110973, 35.35922702 ], [ 138.941044, 35.35938338 ], [ 138.941113193, 35.359566187 ], [ 138.941237427, 35.359637732 ], [ 138.941346732, 35.359681602 ], [ 138.94149965299999, 35.359883783 ], [ 138.94161432300001, 35.360035391 ], [ 138.94211134599999, 35.359750357 ], [ 138.942434858000013, 35.359680605 ], [ 138.942464862, 35.359739078 ], [ 138.942515781999987, 35.359838314 ], [ 138.942558087, 35.359818264 ], [ 138.942914632, 35.359649287 ], [ 138.942965883, 35.359624997 ], [ 138.942904352999989, 35.359584719 ], [ 138.942852662, 35.359550882 ], [ 138.942946807999988, 35.359464081 ], [ 138.942949763, 35.359338858 ], [ 138.943269471, 35.359239306 ], [ 138.943449910999988, 35.359422388 ], [ 138.943474485, 35.359462146 ], [ 138.94366363, 35.35932247 ], [ 138.943973082000014, 35.359466278 ], [ 138.944150519, 35.359304639 ], [ 138.944239355, 35.359269935 ], [ 138.945081820000013, 35.35894082 ], [ 138.945345718999988, 35.358921625 ], [ 138.945475893, 35.358769103 ], [ 138.945557165999986, 35.358603419 ], [ 138.94564144099999, 35.358431613 ], [ 138.94568457, 35.358333074 ], [ 138.945785744, 35.358201526 ], [ 138.94585653199999, 35.358202131 ], [ 138.946029579999987, 35.358203608 ], [ 138.946156253999987, 35.358122143 ], [ 138.946292574000012, 35.358034474 ], [ 138.946388587, 35.357972728 ], [ 138.946468403000011, 35.357840469 ], [ 138.946538245999989, 35.357724733 ], [ 138.94676627699999, 35.357500298 ], [ 138.946692375, 35.357393806 ], [ 138.94677187, 35.357290958 ], [ 138.94687960600001, 35.357294137 ], [ 138.946969749, 35.357274724 ], [ 138.947087927000013, 35.357230471 ], [ 138.947241420000012, 35.357189835 ], [ 138.94745908499999, 35.357089307 ], [ 138.947950308, 35.357063527 ], [ 138.948138279, 35.356946038 ], [ 138.948269963, 35.356804835 ], [ 138.948310206, 35.356711672 ], [ 138.948361433, 35.356403261 ], [ 138.948484533, 35.356289517 ], [ 138.948507616, 35.355857153 ], [ 138.948586064000011, 35.355700725 ], [ 138.948713356000013, 35.355552304 ], [ 138.948814051999989, 35.355549624 ], [ 138.949137119, 35.355190001 ], [ 138.948972078999986, 35.354958079 ], [ 138.94933778, 35.354625803 ], [ 138.94935915100001, 35.354542249 ], [ 138.949536567, 35.354380603 ], [ 138.949638093, 35.354314638 ], [ 138.94975374500001, 35.354171109 ], [ 138.95006211, 35.354000031 ], [ 138.95024179399999, 35.354143625 ], [ 138.950541965000014, 35.353911787 ], [ 138.950714761, 35.353574264 ], [ 138.950914336000011, 35.353472158 ], [ 138.951125401000013, 35.353294974 ], [ 138.951115769000012, 35.353214614 ], [ 138.951087295, 35.353164445 ], [ 138.950963621999989, 35.353035416 ], [ 138.950938908000012, 35.352779122 ], [ 138.95085401599999, 35.352694771 ], [ 138.950778154, 35.352642509 ], [ 138.950567016, 35.352525421 ], [ 138.95039417000001, 35.35219813 ], [ 138.95004925, 35.351945528 ], [ 138.95, 35.351907972 ], [ 138.949930278000011, 35.351854806 ], [ 138.949268444000012, 35.352433917 ], [ 138.949211889, 35.352481611 ], [ 138.948706550999987, 35.352905241 ], [ 138.948293919, 35.353256711 ], [ 138.948292321999986, 35.353258071 ], [ 138.948181081, 35.353352822 ], [ 138.94751108299999, 35.353915917 ], [ 138.947411, 35.353999528 ], [ 138.947342182999989, 35.354057023 ], [ 138.946578749999986, 35.354582639 ] ] ] } },
{ "type": "Feature", "properties": { "A29_001": "22344", "A29_002": "静岡県", "A29_003": "小山町", "A29_004": 6, "A29_005": "第二種住居地域", "A29_006": 60, "A29_007": 200, "A29_008": "条件付き公開" }, "geometry": { "type": "Polygon", "coordinates": [ [ [ 138.98558628699999, 35.360192909 ], [ 138.985765542, 35.360044618 ], [ 138.985930811, 35.359991782 ], [ 138.98605696300001, 35.359931739 ], [ 138.986217842, 35.359803523 ], [ 138.986261668999987, 35.359779509 ], [ 138.986390929, 35.359757675 ], [ 138.98650251399999, 35.35984965 ], [ 138.986535223, 35.359826996 ], [ 138.986614742, 35.35976513 ], [ 138.987063259, 35.35979437 ], [ 138.987242286999987, 35.359404007 ], [ 138.987228464999987, 35.359395967 ], [ 138.98652150800001, 35.359237829 ], [ 138.98600531299999, 35.359029729 ], [ 138.985791354000014, 35.358851716 ], [ 138.98517807499999, 35.359143358 ], [ 138.98504746099999, 35.359195243 ], [ 138.984920304000013, 35.359245755 ], [ 138.984705399, 35.359213823 ], [ 138.98454181, 35.359112644 ], [ 138.98448989, 35.359080532 ], [ 138.984398965, 35.35908984 ], [ 138.984183688, 35.359120877 ], [ 138.983498655, 35.358850476 ], [ 138.983376931, 35.358957338 ], [ 138.98332126299999, 35.359006209 ], [ 138.982594205999987, 35.358526156 ], [ 138.982065492, 35.358352374 ], [ 138.981911782999987, 35.358206907 ], [ 138.981664813, 35.357677233 ], [ 138.981086303000012, 35.35646916 ], [ 138.980958178, 35.356123666 ], [ 138.980845972999987, 35.35600082 ], [ 138.980741755, 35.355805189 ], [ 138.98051071099999, 35.355597206 ], [ 138.980393628, 35.355490347 ], [ 138.98028878, 35.355298475 ], [ 138.980245395, 35.35526958 ], [ 138.977578865999988, 35.355404843 ], [ 138.977091102, 35.35396207 ], [ 138.976483957999989, 35.352222662 ], [ 138.976334869999988, 35.351795528 ], [ 138.975985916000013, 35.350854031 ], [ 138.975483743000012, 35.34937514 ], [ 138.97523461099999, 35.347377205 ], [ 138.975169829, 35.346256517 ], [ 138.975383306, 35.3444905 ], [ 138.975230621, 35.344370101 ], [ 138.975127429999986, 35.344368372 ], [ 138.974939678999988, 35.344367917 ], [ 138.97489070899999, 35.344127525 ], [ 138.97488755099999, 35.344109649 ], [ 138.97482021499999, 35.344049036 ], [ 138.974707967, 35.343965765 ], [ 138.974667933, 35.344586018 ], [ 138.974515266, 35.345856622 ], [ 138.97449056799999, 35.346610971 ], [ 138.97468137300001, 35.348127668 ], [ 138.974727879999989, 35.348613426 ], [ 138.974746493, 35.348883455 ], [ 138.974845568, 35.349398224 ], [ 138.97503595399999, 35.349995631 ], [ 138.975220791999988, 35.350540112 ], [ 138.975771804, 35.352169276 ], [ 138.976151460000011, 35.353192161 ], [ 138.976291053000011, 35.353636411 ], [ 138.975566874, 35.353742269 ], [ 138.975067317999986, 35.353765086 ], [ 138.975059069, 35.353799292 ], [ 138.975042194, 35.353842222 ], [ 138.975037171999986, 35.3538497 ], [ 138.974886278000014, 35.354273222 ], [ 138.974871056000012, 35.354301444 ], [ 138.974841591, 35.354352677 ], [ 138.974774790999987, 35.354468824 ], [ 138.97477451099999, 35.35446931 ], [ 138.974974049999986, 35.354658628 ], [ 138.97537663899999, 35.354667667 ], [ 138.975417278, 35.354670139 ], [ 138.97545991699999, 35.354673472 ], [ 138.975472394, 35.354676563 ], [ 138.97549238, 35.354681515 ], [ 138.97549344399999, 35.354681778 ], [ 138.97560096699999, 35.354712392 ], [ 138.975704524, 35.354741877 ], [ 138.97586125, 35.3547865 ], [ 138.97595960699999, 35.354799428 ], [ 138.97625448299999, 35.354838188 ], [ 138.976631172999987, 35.354847137 ], [ 138.976860461, 35.355780847 ], [ 138.976926803999987, 35.355923684 ], [ 138.977175851, 35.356193993 ], [ 138.977355625, 35.356286464 ], [ 138.977365657, 35.356291624 ], [ 138.978070390999989, 35.356350187 ], [ 138.97853061399999, 35.355982251 ], [ 138.97854097199999, 35.355982 ], [ 138.978568841999987, 35.355981647 ], [ 138.978641747000012, 35.355980724 ], [ 138.97886772199999, 35.355977861 ], [ 138.978925272999987, 35.355978218 ], [ 138.97919869399999, 35.355979917 ], [ 138.979495082999989, 35.355983389 ], [ 138.979833611, 35.355988194 ], [ 138.979969806000014, 35.355990278 ], [ 138.980340965000011, 35.355992372 ], [ 138.980448752, 35.356102607 ], [ 138.980620963, 35.356379262 ], [ 138.980905326, 35.356940914 ], [ 138.98122272099999, 35.357687938 ], [ 138.981440593, 35.35822071 ], [ 138.981634987, 35.358476321 ], [ 138.981785694, 35.358631309 ], [ 138.981964495999989, 35.358676844 ], [ 138.982169628, 35.358729083 ], [ 138.98240661299999, 35.358802668 ], [ 138.98270401900001, 35.359030557 ], [ 138.983008202, 35.359249635 ], [ 138.983670303, 35.359721801 ], [ 138.983973979000012, 35.359833868 ], [ 138.98422161900001, 35.359862688 ], [ 138.98416745899999, 35.359934454 ], [ 138.984167641999989, 35.359964975 ], [ 138.984167922000012, 35.360011964 ], [ 138.98428127, 35.360100947 ], [ 138.984466981999987, 35.360057239 ], [ 138.98465323, 35.360227648 ], [ 138.984902350999988, 35.360503903 ], [ 138.985298594, 35.360430763 ], [ 138.98547154799999, 35.360315558 ], [ 138.98550973799999, 35.360294993 ], [ 138.98558628699999, 35.360192909 ] ] ] } },
{ "type": "Feature", "properties": { "A29_001": "22344", "A29_002": "静岡県", "A29_003": "小山町", "A29_004": 1, "A29_005": "第一種低層住居専用地域", "A29_006": 60, "A29_007": 100, "A29_008": "条件付き公開" }, "geometry": { "type": "Polygon", "coordinates": [ [ [ 138.875330529, 35.35891129 ], [ 138.875323705, 35.35889837 ], [ 138.875096531999986, 35.359019294 ], [ 138.87354847200001, 35.359812639 ], [ 138.873620894999988, 35.359913006 ], [ 138.873654571, 35.359959676 ], [ 138.873665167000013, 35.359974361 ], [ 138.87377444399999, 35.360125833 ], [ 138.873848036999988, 35.360227838 ], [ 138.87392877799999, 35.36033975 ], [ 138.873955848, 35.360378148 ], [ 138.87400439699999, 35.360447012 ], [ 138.87407288899999, 35.360544167 ], [ 138.874163127, 35.360672165 ], [ 138.874190121999987, 35.360710456 ], [ 138.874329202000013, 35.360907736 ], [ 138.87444230599999, 35.361068167 ], [ 138.874464796000012, 35.361100884 ], [ 138.874473996, 35.361094586 ], [ 138.874735372, 35.360952912 ], [ 138.87491159699999, 35.360891996 ], [ 138.87505513, 35.360844596 ], [ 138.875234965, 35.360835537 ], [ 138.875853634, 35.36062293 ], [ 138.876371451000011, 35.360454369 ], [ 138.87615245, 35.36004355 ], [ 138.876147167, 35.360007528 ], [ 138.876139144, 35.359952818 ], [ 138.875945231, 35.359796947 ], [ 138.875643091, 35.359554081 ], [ 138.875624217, 35.35946219 ], [ 138.875330529, 35.35891129 ] ] ] } },
{ "type": "Feature", "properties": { "A29_001": "22344", "A29_002": "静岡県", "A29_003": "小山町", "A29_004": 5, "A29_005": "第一種住居地域", "A29_006": 60, "A29_007": 200, "A29_008": "条件付き公開" }, "geometry": { "type": "Polygon", "coordinates": [ [ [ 138.997531360000011, 35.357818033 ], [ 138.997528917000011, 35.357817917 ], [ 138.997438, 35.357819306 ], [ 138.997353323999988, 35.357820611 ], [ 138.997191676, 35.357823101 ], [ 138.997158555999988, 35.357823611 ], [ 138.997057332999987, 35.357870694 ], [ 138.996873534, 35.357962021 ], [ 138.996741028, 35.358027861 ], [ 138.996693972, 35.358049778 ], [ 138.996689999000012, 35.358051652 ], [ 138.996327009, 35.358222854 ], [ 138.99625451, 35.358248928 ], [ 138.996237334999989, 35.358255105 ], [ 138.99619585100001, 35.358270888 ], [ 138.99612671, 35.358291818 ], [ 138.996096725, 35.3582985 ], [ 138.99602975, 35.358313425 ], [ 138.995939166999989, 35.358333333 ], [ 138.995831417, 35.358360198 ], [ 138.995799567, 35.358366031 ], [ 138.99573573399999, 35.35839116 ], [ 138.995634537, 35.358430997 ], [ 138.995435746, 35.358641518 ], [ 138.995359543, 35.358677605 ], [ 138.995100871, 35.358918311 ], [ 138.994732836, 35.359148224 ], [ 138.993843841, 35.359590274 ], [ 138.993626331, 35.359489801 ], [ 138.993475905999986, 35.359409326 ], [ 138.993197498, 35.359277819 ], [ 138.99321738399999, 35.359044113 ], [ 138.993044518, 35.359070591 ], [ 138.992962879, 35.359083096 ], [ 138.991579167, 35.359249038 ], [ 138.990975127000013, 35.359260437 ], [ 138.990974856, 35.35921572 ], [ 138.989955759, 35.359196006 ], [ 138.989507212, 35.3590428 ], [ 138.989172270000012, 35.359020306 ], [ 138.989139158, 35.358960816 ], [ 138.988537161000011, 35.358706866 ], [ 138.988470903, 35.358581922 ], [ 138.988365011000013, 35.358522726 ], [ 138.988392951, 35.358346815 ], [ 138.988400073, 35.358301973 ], [ 138.98830334499999, 35.358260522 ], [ 138.988213996000013, 35.358222232 ], [ 138.987869972, 35.357933261 ], [ 138.987564077, 35.357596126 ], [ 138.987208105, 35.357152678 ], [ 138.986952347, 35.356745281 ], [ 138.986359319, 35.356010716 ], [ 138.986199139, 35.355812303 ], [ 138.98608103699999, 35.35587678 ], [ 138.985967729, 35.355793762 ], [ 138.985737545, 35.355639663 ], [ 138.98551460499999, 35.355479573 ], [ 138.985280534999987, 35.355283752 ], [ 138.984959800000013, 35.355200075 ], [ 138.984695743, 35.355466463 ], [ 138.985037475000013, 35.356010171 ], [ 138.984928284, 35.356542063 ], [ 138.984890678, 35.356725249 ], [ 138.985107046, 35.35730721 ], [ 138.985244053, 35.357906628 ], [ 138.985306675, 35.358132207 ], [ 138.985644844, 35.3586943 ], [ 138.985791354000014, 35.358851716 ], [ 138.98600531299999, 35.359029729 ], [ 138.98652150800001, 35.359237829 ], [ 138.987228464999987, 35.359395967 ], [ 138.987242286999987, 35.359404007 ], [ 138.987063259, 35.35979437 ], [ 138.98712079399999, 35.359798121 ], [ 138.987626885999987, 35.359837817 ], [ 138.988474223999987, 35.360045021 ], [ 138.989538384000014, 35.360329248 ], [ 138.990184962, 35.360524459 ], [ 138.990278724, 35.360548171 ], [ 138.991050007000013, 35.360791735 ], [ 138.991532575, 35.361002894 ], [ 138.991822111, 35.361124278 ], [ 138.991917891000014, 35.360830187 ], [ 138.992000222, 35.360577389 ], [ 138.992049694, 35.360520083 ], [ 138.992060778, 35.360510917 ], [ 138.992409028, 35.36022325 ], [ 138.992474410999989, 35.360153817 ], [ 138.992561028000011, 35.360061833 ], [ 138.992710472, 35.360060361 ], [ 138.99284927799999, 35.360059 ], [ 138.993053667, 35.360066139 ], [ 138.99312897199999, 35.3600645 ], [ 138.99323377799999, 35.3600445 ], [ 138.99331238900001, 35.360013083 ], [ 138.993356183, 35.359988994 ], [ 138.993365970000013, 35.359998429 ], [ 138.993527889, 35.360133972 ], [ 138.994522026, 35.35993762 ], [ 138.995816913, 35.359559776 ], [ 138.99556459199999, 35.359329652 ], [ 138.99546495199999, 35.359103487 ], [ 138.995923221, 35.359003414 ], [ 138.99782051, 35.358616998 ], [ 138.99833184, 35.358552737 ], [ 138.998554633999987, 35.358455968 ], [ 138.99856085499999, 35.358454544 ], [ 138.998758767999988, 35.358373815 ], [ 138.999021182, 35.358364202 ], [ 138.999034927, 35.358363698 ], [ 138.999120755, 35.358361711 ], [ 138.99896265000001, 35.3584862 ], [ 138.998943688, 35.358495982 ], [ 138.998873057999987, 35.35853242 ], [ 138.998830626, 35.358554684 ], [ 138.998662321000012, 35.35864299 ], [ 138.99865967, 35.35864438 ], [ 138.998680452, 35.358795308 ], [ 138.999330735, 35.358611514 ], [ 139.000293668000012, 35.358376487 ], [ 139.000338448, 35.358261524 ], [ 139.00130648199999, 35.357969825 ], [ 139.002377658, 35.357586762 ], [ 139.002442043, 35.357699781 ], [ 139.004141298, 35.357078573 ], [ 139.00437386199999, 35.357023941 ], [ 139.00566342499999, 35.356651862 ], [ 139.005670963, 35.356693567 ], [ 139.006299839, 35.356583611 ], [ 139.006288113000011, 35.356460238 ], [ 139.006360532, 35.356444193 ], [ 139.00724718, 35.356390144 ], [ 139.007151764000014, 35.356204798 ], [ 139.00714209899999, 35.356171466 ], [ 139.00700121599999, 35.356046845 ], [ 139.00657645699999, 35.355917453 ], [ 139.005898486, 35.355739929 ], [ 139.005814297, 35.355661278 ], [ 139.005755117, 35.355507993 ], [ 139.005821703, 35.355389956 ], [ 139.006045494, 35.35509686 ], [ 139.006028821, 35.354967698 ], [ 139.006012992, 35.354845082 ], [ 139.00588718899999, 35.354803872 ], [ 139.005790795, 35.354810238 ], [ 139.005549086, 35.354865198 ], [ 139.00554369299999, 35.354866424 ], [ 139.005544614, 35.354859116 ], [ 139.00555929699999, 35.354742638 ], [ 139.005460308000011, 35.354744434 ], [ 139.005344165999986, 35.354965639 ], [ 139.005184035000013, 35.354963327 ], [ 139.005047018, 35.355166623 ], [ 139.00470072600001, 35.35507267 ], [ 139.004486214999986, 35.355103378 ], [ 139.00439180699999, 35.355136566 ], [ 139.004197362000014, 35.355053415 ], [ 139.003755864999988, 35.355279336 ], [ 139.003274476, 35.355698712 ], [ 139.003249516000011, 35.355782308 ], [ 139.003210306, 35.355913627 ], [ 139.002971065999986, 35.356137516 ], [ 139.002891510000012, 35.356145999 ], [ 139.002793903999986, 35.356250748 ], [ 139.002776125, 35.356317899 ], [ 139.002955821, 35.356290517 ], [ 139.003102675, 35.356468061 ], [ 139.003152253, 35.356528001 ], [ 139.002813780999986, 35.356521956 ], [ 139.002783681000011, 35.356475272 ], [ 139.002731090999987, 35.356391127 ], [ 139.00264733, 35.35646552 ], [ 139.002630761, 35.356480235 ], [ 139.002534179, 35.356599416 ], [ 139.002515563, 35.356650905 ], [ 139.002523908, 35.356724394 ], [ 139.00259376, 35.356838881 ], [ 139.002620396999987, 35.357026587 ], [ 139.002716803, 35.357021714 ], [ 139.00272277900001, 35.357105164 ], [ 139.00257051299999, 35.357198215 ], [ 139.002457768, 35.357209118 ], [ 139.002311875, 35.357156062 ], [ 139.002151555000012, 35.357123935 ], [ 139.001873982, 35.357213884 ], [ 139.00169952499999, 35.357292016 ], [ 139.001728953999987, 35.357343185 ], [ 139.00174576, 35.357412563 ], [ 139.001574025, 35.357496127 ], [ 139.001557, 35.357567747 ], [ 139.001531817999989, 35.357591463 ], [ 139.001508991, 35.357572239 ], [ 139.001485739, 35.35748433 ], [ 139.001382508, 35.357615738 ], [ 139.001422287999986, 35.357773143 ], [ 139.001227875000012, 35.357818668 ], [ 139.000927552, 35.357803516 ], [ 139.000896059000013, 35.357712719 ], [ 139.000812176000011, 35.357683255 ], [ 139.00059074699999, 35.357773609 ], [ 139.00034365, 35.357832766 ], [ 139.000072780000011, 35.357872643 ], [ 138.999521738999988, 35.35791964 ], [ 138.999421903000012, 35.357958808 ], [ 138.999256317, 35.357958002 ], [ 138.999166876, 35.357912162 ], [ 138.99884595899999, 35.357923275 ], [ 138.99843374400001, 35.357937547 ], [ 138.998425781, 35.357946158 ], [ 138.998321675, 35.358058749 ], [ 138.998056881, 35.357903326 ], [ 138.997984155000012, 35.35791257 ], [ 138.997828833999989, 35.357817386 ], [ 138.99768072, 35.357817708 ], [ 138.997650665, 35.357817773 ], [ 138.997531360000011, 35.357818033 ] ] ] } },
{ "type": "Feature", "properties": { "A29_001": "22344", "A29_002": "静岡県", "A29_003": "小山町", "A29_004": 3, "A29_005": "第一種中高層住居専用地域", "A29_006": 60, "A29_007": 150, "A29_008": "条件付き公開" }, "geometry": { "type": "Polygon", "coordinates": [ [ [ 138.87491159699999, 35.360891996 ], [ 138.87494972499999, 35.360952871 ], [ 138.875518617000012, 35.36156543 ], [ 138.875582516, 35.361547771 ], [ 138.876906179, 35.361146927 ], [ 138.876778403, 35.360858614 ], [ 138.876924529, 35.360823321 ], [ 138.87740366, 35.360707601 ], [ 138.878174741, 35.360611282 ], [ 138.878167692, 35.360553743 ], [ 138.878137020999986, 35.360326691 ], [ 138.878193329999988, 35.360276344 ], [ 138.87886388699999, 35.359676776 ], [ 138.879592644000013, 35.35953061 ], [ 138.87946566799999, 35.35844882 ], [ 138.87966261, 35.35823474 ], [ 138.879880136, 35.357974991 ], [ 138.8797659, 35.357671264 ], [ 138.87934039000001, 35.356951141 ], [ 138.879309046, 35.356919936 ], [ 138.879159834, 35.356907281 ], [ 138.87915815400001, 35.356801809 ], [ 138.879156808, 35.3567917 ], [ 138.879153467, 35.35679399 ], [ 138.879143201, 35.356801027 ], [ 138.879133494, 35.356806128 ], [ 138.879114464999986, 35.356816127 ], [ 138.879078443999987, 35.356835056 ], [ 138.879077997, 35.356835322 ], [ 138.879068883, 35.356840747 ], [ 138.879038748, 35.356858686 ], [ 138.879015489000011, 35.356872533 ], [ 138.878936917, 35.356919306 ], [ 138.878803611, 35.356988139 ], [ 138.87877011399999, 35.357006694 ], [ 138.87859967899999, 35.357101102 ], [ 138.878237286, 35.357301837 ], [ 138.878215590999986, 35.357313854 ], [ 138.878082963, 35.357387318 ], [ 138.878044472, 35.357408639 ], [ 138.877812291999987, 35.357537249 ], [ 138.877537616000012, 35.357689397 ], [ 138.877374151999987, 35.357779942 ], [ 138.87718744899999, 35.357883359 ], [ 138.877044641999987, 35.357962462 ], [ 138.876870551, 35.358058892 ], [ 138.876703241, 35.358151565 ], [ 138.87653703, 35.35824363 ], [ 138.876393123000014, 35.35832334 ], [ 138.87622503599999, 35.358414605 ], [ 138.87605111799999, 35.358508118 ], [ 138.875738557, 35.358676173 ], [ 138.875602085999986, 35.35874955 ], [ 138.875512750000013, 35.358797583 ], [ 138.87541275000001, 35.358850972 ], [ 138.875323705, 35.35889837 ], [ 138.875330529, 35.35891129 ], [ 138.875624217, 35.35946219 ], [ 138.875643091, 35.359554081 ], [ 138.875945231, 35.359796947 ], [ 138.876139144, 35.359952818 ], [ 138.876147167, 35.360007528 ], [ 138.87615245, 35.36004355 ], [ 138.876371451000011, 35.360454369 ], [ 138.875853634, 35.36062293 ], [ 138.875234965, 35.360835537 ], [ 138.87505513, 35.360844596 ], [ 138.87491159699999, 35.360891996 ] ] ] } },
{ "type": "Feature", "properties": { "A29_001": "22344", "A29_002": "静岡県", "A29_003": "小山町", "A29_004": 6, "A29_005": "第二種住居地域", "A29_006": 60, "A29_007": 200, "A29_008": "条件付き公開" }, "geometry": { "type": "Polygon", "coordinates": [ [ [ 138.989538384000014, 35.360329248 ], [ 138.988493097, 35.360050062 ], [ 138.988476861, 35.360096083 ], [ 138.988402366, 35.360297997 ], [ 138.98826430599999, 35.360672194 ], [ 138.988227943999988, 35.360764333 ], [ 138.988333514, 35.360846716 ], [ 138.98849812200001, 35.360986168 ], [ 138.988778915000012, 35.361080432 ], [ 138.99020373499999, 35.361387689 ], [ 138.990407764999986, 35.361425618 ], [ 138.990669806999989, 35.361427535 ], [ 138.991298019, 35.36119841 ], [ 138.991532575, 35.361002894 ], [ 138.991050007000013, 35.360791735 ], [ 138.990278724, 35.360548171 ], [ 138.990184962, 35.360524459 ], [ 138.989538384000014, 35.360329248 ] ] ] } },
{ "type": "Feature", "properties": { "A29_001": "22344", "A29_002": "静岡県", "A29_003": "小山町", "A29_004": 11, "A29_005": "工業地域", "A29_006": 60, "A29_007": 200, "A29_008": "条件付き公開" }, "geometry": { "type": "Polygon", "coordinates": [ [ [ 139.00935608399999, 35.35735935 ], [ 139.009267722, 35.357236556 ], [ 139.009181250000012, 35.357156 ], [ 139.00908147199999, 35.357088028 ], [ 139.009043044, 35.357063269 ], [ 139.008935019, 35.357042155 ], [ 139.008099058999989, 35.357024547 ], [ 139.007971461000011, 35.356987819 ], [ 139.007509325, 35.356992741 ], [ 139.007388678000012, 35.356903811 ], [ 139.00735483599999, 35.356729552 ], [ 139.00724718, 35.356390144 ], [ 139.006360532, 35.356444193 ], [ 139.006288113000011, 35.356460238 ], [ 139.006299839, 35.356583611 ], [ 139.005670963, 35.356693567 ], [ 139.00566342499999, 35.356651862 ], [ 139.00437386199999, 35.357023941 ], [ 139.004141298, 35.357078573 ], [ 139.002442043, 35.357699781 ], [ 139.002377658, 35.357586762 ], [ 139.00130648199999, 35.357969825 ], [ 139.000338448, 35.358261524 ], [ 139.000293668000012, 35.358376487 ], [ 138.999330735, 35.358611514 ], [ 138.998680452, 35.358795308 ], [ 138.998189943, 35.358922542 ], [ 138.99812293299999, 35.358832571 ], [ 138.998066505, 35.358888612 ], [ 138.99756884199999, 35.359060234 ], [ 138.997192267, 35.359180556 ], [ 138.997040671, 35.359172561 ], [ 138.99635708400001, 35.359386683 ], [ 138.995816913, 35.359559776 ], [ 138.994522026, 35.35993762 ], [ 138.993527889, 35.360133972 ], [ 138.993365970000013, 35.359998429 ], [ 138.993356183, 35.359988994 ], [ 138.99331238900001, 35.360013083 ], [ 138.99323377799999, 35.3600445 ], [ 138.99312897199999, 35.3600645 ], [ 138.993053667, 35.360066139 ], [ 138.99284927799999, 35.360059 ], [ 138.992710472, 35.360060361 ], [ 138.992561028000011, 35.360061833 ], [ 138.992474410999989, 35.360153817 ], [ 138.992409028, 35.36022325 ], [ 138.992060778, 35.360510917 ], [ 138.992049694, 35.360520083 ], [ 138.992000222, 35.360577389 ], [ 138.991917891000014, 35.360830187 ], [ 138.991822111, 35.361124278 ], [ 138.99189203200001, 35.361125376 ], [ 138.99212219399999, 35.361121458 ], [ 138.992368749, 35.361114383 ], [ 138.992986202, 35.361157933 ], [ 138.993746388, 35.361087752 ], [ 138.995177676, 35.360897479 ], [ 138.995827514000013, 35.36081508 ], [ 138.996600905, 35.360707875 ], [ 138.99694642599999, 35.360673661 ], [ 138.997361512, 35.360707729 ], [ 138.99800711099999, 35.360943568 ], [ 138.998707266, 35.361173216 ], [ 138.999057381, 35.361294 ], [ 138.999304865999989, 35.361295959 ], [ 138.999756936000011, 35.361425265 ], [ 139.00016495, 35.361492145 ], [ 139.000420616000014, 35.361511276 ], [ 139.000429903999986, 35.361431753 ], [ 139.000352776999989, 35.360990481 ], [ 139.000483667999987, 35.360966076 ], [ 139.000803418, 35.360979776 ], [ 139.000939114, 35.36089444 ], [ 139.00127106799999, 35.360685678 ], [ 139.001340645999989, 35.360674824 ], [ 139.001345973000014, 35.360668849 ], [ 139.001585594, 35.360573749 ], [ 139.002109666, 35.360460358 ], [ 139.002286209, 35.360330715 ], [ 139.002554135999986, 35.36002069 ], [ 139.002813917999987, 35.359658882 ], [ 139.003061464000012, 35.359231537 ], [ 139.00352681699999, 35.358899576 ], [ 139.00421344899999, 35.358477505 ], [ 139.00499031199999, 35.358082874 ], [ 139.00563766, 35.357820343 ], [ 139.005851568999987, 35.357856315 ], [ 139.006026768999988, 35.358106636 ], [ 139.006538376, 35.357977636 ], [ 139.007259616999988, 35.358087898 ], [ 139.008367928000013, 35.35920164 ], [ 139.008374075, 35.359388989 ], [ 139.00873952, 35.359631912 ], [ 139.010154389, 35.360085055 ], [ 139.010548483, 35.359996126 ], [ 139.011183867, 35.359760905 ], [ 139.011519587, 35.359584402 ], [ 139.012658804000012, 35.359031031 ], [ 139.01270096499999, 35.358792355 ], [ 139.01248300899999, 35.358658726 ], [ 139.011834669, 35.358477036 ], [ 139.011786808000011, 35.358463283 ], [ 139.01159951599999, 35.358409464 ], [ 139.01136759, 35.35827629 ], [ 139.011343153000013, 35.358249483 ], [ 139.011217345, 35.358111468 ], [ 139.011258621, 35.358020366 ], [ 139.010971270999988, 35.357693339 ], [ 139.010901232, 35.35761196 ], [ 139.010708447000013, 35.35762619 ], [ 139.010575087, 35.357541789 ], [ 139.010178489999987, 35.357263229 ], [ 139.009970184999986, 35.357123991 ], [ 139.009736108, 35.356937161 ], [ 139.009680941999989, 35.356844976 ], [ 139.00947639, 35.356723608 ], [ 139.009392784999989, 35.356823487 ], [ 139.009288566, 35.356947992 ], [ 139.00940599, 35.357034543 ], [ 139.009409215, 35.35703692 ], [ 139.00935608399999, 35.35735935 ] ] ] } },
{ "type": "Feature", "properties": { "A29_001": "22344", "A29_002": "静岡県", "A29_003": "小山町", "A29_004": 8, "A29_005": "近隣商業地域", "A29_006": 80, "A29_007": 200, "A29_008": "条件付き公開" }, "geometry": { "type": "Polygon", "coordinates": [ [ [ 138.991958409, 35.361483873 ], [ 138.99212219399999, 35.361121458 ], [ 138.99189203200001, 35.361125376 ], [ 138.991822111, 35.361124278 ], [ 138.991532575, 35.361002894 ], [ 138.991298019, 35.36119841 ], [ 138.990669806999989, 35.361427535 ], [ 138.990407764999986, 35.361425618 ], [ 138.99020373499999, 35.361387689 ], [ 138.988778915000012, 35.361080432 ], [ 138.98849812200001, 35.360986168 ], [ 138.988333514, 35.360846716 ], [ 138.988266194, 35.360794182 ], [ 138.988227943999988, 35.360764333 ], [ 138.98826430599999, 35.360672194 ], [ 138.988402366, 35.360297997 ], [ 138.988476861, 35.360096083 ], [ 138.988493097, 35.360050062 ], [ 138.988474223999987, 35.360045021 ], [ 138.987626885999987, 35.359837817 ], [ 138.98712079399999, 35.359798121 ], [ 138.987063259, 35.35979437 ], [ 138.986614742, 35.35976513 ], [ 138.986535223, 35.359826996 ], [ 138.98650251399999, 35.35984965 ], [ 138.98626958, 35.360010979 ], [ 138.986321120000014, 35.360044793 ], [ 138.988318281, 35.361523164 ], [ 138.989034686, 35.361691373 ], [ 138.989737958, 35.361851667 ], [ 138.99041807099999, 35.361959896 ], [ 138.990723749000011, 35.361955673 ], [ 138.99106524199999, 35.361855906 ], [ 138.991353911, 35.361747409 ], [ 138.991438667000011, 35.361732101 ], [ 138.991958409, 35.361483873 ] ] ] } },
{ "type": "Feature", "properties": { "A29_001": "22344", "A29_002": "静岡県", "A29_003": "小山町", "A29_004": 6, "A29_005": "第二種住居地域", "A29_006": 60, "A29_007": 200, "A29_008": "条件付き公開" }, "geometry": { "type": "Polygon", "coordinates": [ [ [ 138.994000913, 35.361595575 ], [ 138.994033601000012, 35.361584596 ], [ 138.994049432, 35.361577395 ], [ 138.994082633, 35.361562294 ], [ 138.994094784999987, 35.36155331 ], [ 138.994101666, 35.361548224 ], [ 138.994140065000011, 35.361550346 ], [ 138.996144582, 35.361726223 ], [ 138.997420726, 35.361817867 ], [ 138.99829266899999, 35.361870919 ], [ 138.99928539699999, 35.36203526 ], [ 138.99970262299999, 35.362119991 ], [ 139.00010838, 35.362115332 ], [ 139.000233132, 35.362074635 ], [ 139.000227849999987, 35.362068815 ], [ 139.000403634, 35.361656678 ], [ 139.000420616000014, 35.361511276 ], [ 139.00016495, 35.361492145 ], [ 138.999756936000011, 35.361425265 ], [ 138.999304865999989, 35.361295959 ], [ 138.999057381, 35.361294 ], [ 138.998707266, 35.361173216 ], [ 138.99800711099999, 35.360943568 ], [ 138.997361512, 35.360707729 ], [ 138.99694642599999, 35.360673661 ], [ 138.996600905, 35.360707875 ], [ 138.995827514000013, 35.36081508 ], [ 138.995177676, 35.360897479 ], [ 138.993746388, 35.361087752 ], [ 138.992986202, 35.361157933 ], [ 138.992368749, 35.361114383 ], [ 138.99212219399999, 35.361121458 ], [ 138.991958409, 35.361483873 ], [ 138.991997583, 35.361491083 ], [ 138.99217258499999, 35.361493746 ], [ 138.99221155399999, 35.361494339 ], [ 138.992280583, 35.361495389 ], [ 138.992542987, 35.36151916 ], [ 138.992636911, 35.361680576 ], [ 138.99286247, 35.361667731 ], [ 138.993046963000012, 35.361594358 ], [ 138.993721026, 35.361614664 ], [ 138.993868639, 35.361613917 ], [ 138.993921288, 35.361607584 ], [ 138.99395858599999, 35.361602094 ], [ 138.993976217000011, 35.361599379 ], [ 138.994000913, 35.361595575 ] ] ] } },
{ "type": "Feature", "properties": { "A29_001": "22344", "A29_002": "静岡県", "A29_003": "小山町", "A29_004": 8, "A29_005": "近隣商業地域", "A29_006": 80, "A29_007": 200, "A29_008": "条件付き公開" }, "geometry": { "type": "Polygon", "coordinates": [ [ [ 138.867332866999988, 35.362469174 ], [ 138.868450509000013, 35.36214678 ], [ 138.86965351, 35.361789829 ], [ 138.870029539, 35.361670184 ], [ 138.871310881999989, 35.361133365 ], [ 138.87132225, 35.361165306 ], [ 138.871399139, 35.361456667 ], [ 138.87147819399999, 35.3616965 ], [ 138.87239577599999, 35.361398322 ], [ 138.872345524, 35.361311763 ], [ 138.872261882, 35.361167688 ], [ 138.872248778, 35.361145116 ], [ 138.872250554, 35.361144225 ], [ 138.872314639, 35.361112034 ], [ 138.872537265, 35.36100021 ], [ 138.872611043, 35.360963151 ], [ 138.872625556, 35.360955861 ], [ 138.872857262, 35.360841198 ], [ 138.87287541, 35.360832218 ], [ 138.87302760899999, 35.360756899 ], [ 138.87321252800001, 35.360665389 ], [ 138.87284907899999, 35.360183159 ], [ 138.872821722, 35.360146861 ], [ 138.872523097999988, 35.360288194 ], [ 138.87246419600001, 35.360316071 ], [ 138.872387992, 35.360209553 ], [ 138.872142467, 35.359866353 ], [ 138.872133287999986, 35.359854431 ], [ 138.871783623, 35.359992067 ], [ 138.8717375, 35.360010222 ], [ 138.87135733299999, 35.360159861 ], [ 138.871185639, 35.360227444 ], [ 138.871105333, 35.360259056 ], [ 138.871000207, 35.360286551 ], [ 138.870998805999989, 35.360286917 ], [ 138.870939039, 35.360299218 ], [ 138.870802778000012, 35.360315944 ], [ 138.870734578, 35.360320794 ], [ 138.87073336099999, 35.360276472 ], [ 138.870619764, 35.360297082 ], [ 138.870498527, 35.360319079 ], [ 138.870392385, 35.360338337 ], [ 138.870391055999988, 35.360338578 ], [ 138.870391680000012, 35.360352442 ], [ 138.870421391, 35.360871058 ], [ 138.868681048000013, 35.361536792 ], [ 138.86703831, 35.362003763 ], [ 138.866016089999988, 35.362110533 ], [ 138.86540820799999, 35.362191791 ], [ 138.86529749799999, 35.361852265 ], [ 138.865152711, 35.361878887 ], [ 138.865050227000012, 35.361897731 ], [ 138.865095059999987, 35.362155472 ], [ 138.86519662399999, 35.362484592 ], [ 138.865185094999987, 35.362752938 ], [ 138.865231158, 35.362752596 ], [ 138.865376166, 35.362751519 ], [ 138.867072503, 35.362554558 ], [ 138.867332866999988, 35.362469174 ] ] ] } },
{ "type": "Feature", "properties": { "A29_001": "22344", "A29_002": "静岡県", "A29_003": "小山町", "A29_004": 5, "A29_005": "第一種住居地域", "A29_006": 60, "A29_007": 200, "A29_008": "条件付き公開" }, "geometry": { "type": "Polygon", "coordinates": [ [ [ 138.861411223, 35.36233222 ], [ 138.86158461799999, 35.362148948 ], [ 138.86162119799999, 35.362152255 ], [ 138.862234304, 35.36220768 ], [ 138.86235363899999, 35.362141167 ], [ 138.86267325, 35.361976944 ], [ 138.862999777999988, 35.361841306 ], [ 138.863190221999986, 35.361781333 ], [ 138.863461, 35.361714194 ], [ 138.86363044399999, 35.361675639 ], [ 138.863745583, 35.361658556 ], [ 138.864016361000012, 35.361631417 ], [ 138.864524665, 35.361615236 ], [ 138.864669673, 35.36161062 ], [ 138.86486886099999, 35.361604278 ], [ 138.86503029299999, 35.361601057 ], [ 138.865043977999989, 35.36157584 ], [ 138.86507923100001, 35.361510881 ], [ 138.865123385, 35.36142952 ], [ 138.86503970699999, 35.361153875 ], [ 138.865094238000012, 35.361018197 ], [ 138.86507926499999, 35.360925824 ], [ 138.8649902, 35.360845895 ], [ 138.864954872999988, 35.360780119 ], [ 138.864921261, 35.360620385 ], [ 138.86487305899999, 35.360391314 ], [ 138.86498693199999, 35.360341165 ], [ 138.865038309, 35.360316284 ], [ 138.865224863, 35.360123431 ], [ 138.865278483, 35.360032312 ], [ 138.865295056, 35.359951797 ], [ 138.865626471000013, 35.35960199 ], [ 138.865963921, 35.359380357 ], [ 138.86658559899999, 35.359176908 ], [ 138.866037094, 35.357853741 ], [ 138.865781913, 35.357756133 ], [ 138.865447933000013, 35.357099698 ], [ 138.865106758, 35.357331857 ], [ 138.864543274, 35.357705929 ], [ 138.864087197, 35.358008693 ], [ 138.863960557000013, 35.358171552 ], [ 138.863947204, 35.358237179 ], [ 138.863943995999989, 35.358333334 ], [ 138.86439079199999, 35.359791722 ], [ 138.864597733000011, 35.360468912 ], [ 138.862692759999987, 35.360918848 ], [ 138.861342006, 35.361198659 ], [ 138.861067346999988, 35.36122333 ], [ 138.860561442, 35.361214406 ], [ 138.860283313999986, 35.361296913 ], [ 138.860214582, 35.361322582 ], [ 138.859050462, 35.361886702 ], [ 138.858744867000013, 35.361911459 ], [ 138.85799165, 35.361940524 ], [ 138.858010702, 35.362134248 ], [ 138.85789378199999, 35.362305968 ], [ 138.85788052800001, 35.362325433 ], [ 138.85808437, 35.362333772 ], [ 138.858248758, 35.362473403 ], [ 138.85983537199999, 35.362438877 ], [ 138.85986397100001, 35.362322524 ], [ 138.860579962, 35.362304536 ], [ 138.86067182, 35.362302228 ], [ 138.860720823, 35.3624246 ], [ 138.86096992200001, 35.363046648 ], [ 138.861112975999987, 35.362758849 ], [ 138.861229632, 35.362524155 ], [ 138.861411223, 35.36233222 ] ] ] } },
{ "type": "Feature", "properties": { "A29_001": "22344", "A29_002": "静岡県", "A29_003": "小山町", "A29_004": 6, "A29_005": "第二種住居地域", "A29_006": 60, "A29_007": 200, "A29_008": "条件付き公開" }, "geometry": { "type": "Polygon", "coordinates": [ [ [ 138.868168927, 35.363165963 ], [ 138.869356305, 35.362749553 ], [ 138.871730387000014, 35.362060002 ], [ 138.87256081000001, 35.361809352 ], [ 138.87265164499999, 35.361777959 ], [ 138.872783965, 35.361735797 ], [ 138.873497746, 35.361500524 ], [ 138.873823458, 35.362078917 ], [ 138.87397488, 35.362027249 ], [ 138.8747961, 35.361747029 ], [ 138.874399625, 35.361145497 ], [ 138.874464796000012, 35.361100884 ], [ 138.87444230599999, 35.361068167 ], [ 138.874329202000013, 35.360907736 ], [ 138.874190121999987, 35.360710456 ], [ 138.874163127, 35.360672165 ], [ 138.87407288899999, 35.360544167 ], [ 138.87400439699999, 35.360447012 ], [ 138.873955848, 35.360378148 ], [ 138.87392877799999, 35.36033975 ], [ 138.873848036999988, 35.360227838 ], [ 138.87377444399999, 35.360125833 ], [ 138.873665167000013, 35.359974361 ], [ 138.873654571, 35.359959676 ], [ 138.873620894999988, 35.359913006 ], [ 138.87354847200001, 35.359812639 ], [ 138.875096531999986, 35.359019294 ], [ 138.875323705, 35.35889837 ], [ 138.87541275000001, 35.358850972 ], [ 138.875512750000013, 35.358797583 ], [ 138.875400934, 35.358697777 ], [ 138.875293703000011, 35.358724941 ], [ 138.875205563, 35.358644328 ], [ 138.875162136, 35.358604609 ], [ 138.87488424899999, 35.358450276 ], [ 138.874453917000011, 35.358013528 ], [ 138.874395666999987, 35.357974056 ], [ 138.87436556899999, 35.357958071 ], [ 138.87429864500001, 35.357922526 ], [ 138.87413539799999, 35.357869361 ], [ 138.87398865099999, 35.357861538 ], [ 138.873837149, 35.357879083 ], [ 138.872874962999987, 35.358222635 ], [ 138.872585426, 35.358167713 ], [ 138.87217526500001, 35.358406648 ], [ 138.87223583299999, 35.358494944 ], [ 138.872214555999989, 35.358579722 ], [ 138.871994018, 35.358958735 ], [ 138.8718357, 35.359137246 ], [ 138.871825664, 35.359148561 ], [ 138.87180619599999, 35.359126965 ], [ 138.871690325, 35.358998425 ], [ 138.87185875099999, 35.358625998 ], [ 138.871904422, 35.358467106 ], [ 138.871916606000013, 35.358346329 ], [ 138.87185407699999, 35.358201931 ], [ 138.871864318, 35.358054328 ], [ 138.871789702, 35.358051576 ], [ 138.871766739, 35.358077788 ], [ 138.871605069999987, 35.358262322 ], [ 138.871563337, 35.358258945 ], [ 138.871553645, 35.35825816 ], [ 138.87153408, 35.358256577 ], [ 138.871557126, 35.358123841 ], [ 138.87149327099999, 35.358086772 ], [ 138.87143577, 35.358074425 ], [ 138.871332732000013, 35.3580523 ], [ 138.87126742, 35.358038276 ], [ 138.871290224, 35.358249874 ], [ 138.87070908699999, 35.35849761 ], [ 138.870440882999986, 35.358663274 ], [ 138.870381358, 35.358700041 ], [ 138.870219177, 35.358800216 ], [ 138.870207644, 35.359064091 ], [ 138.870155396, 35.359178403 ], [ 138.87014999199999, 35.359190225 ], [ 138.869605648, 35.359221491 ], [ 138.869560834, 35.359224065 ], [ 138.86935502899999, 35.359235885 ], [ 138.869235583, 35.359228725 ], [ 138.869213061000011, 35.359227375 ], [ 138.868747954000014, 35.359643626 ], [ 138.868591688, 35.359772442 ], [ 138.868526126, 35.359826488 ], [ 138.868521019000013, 35.359941751 ], [ 138.868325903999988, 35.360096341 ], [ 138.868117536999989, 35.360203911 ], [ 138.868115010999986, 35.36020453 ], [ 138.86810617, 35.360305488 ], [ 138.86779741, 35.360433131 ], [ 138.867294528, 35.360287089 ], [ 138.86699514, 35.360073349 ], [ 138.86680583399999, 35.360059018 ], [ 138.866681742, 35.360027282 ], [ 138.866571631, 35.359999121 ], [ 138.86633269, 35.360117219 ], [ 138.866225093999986, 35.36040064 ], [ 138.86641529, 35.360611732 ], [ 138.86653327799999, 35.360808139 ], [ 138.866172666000011, 35.360879288 ], [ 138.86610257800001, 35.360970108 ], [ 138.86606774, 35.361015252 ], [ 138.86570474199999, 35.361222056 ], [ 138.865168993999987, 35.361413244 ], [ 138.865123385, 35.36142952 ], [ 138.86507923100001, 35.361510881 ], [ 138.865043977999989, 35.36157584 ], [ 138.86503029299999, 35.361601057 ], [ 138.86486886099999, 35.361604278 ], [ 138.864669673, 35.36161062 ], [ 138.864524665, 35.361615236 ], [ 138.864397763, 35.361619276 ], [ 138.864016361000012, 35.361631417 ], [ 138.863745583, 35.361658556 ], [ 138.86363044399999, 35.361675639 ], [ 138.863461, 35.361714194 ], [ 138.863190221999986, 35.361781333 ], [ 138.862999777999988, 35.361841306 ], [ 138.86267325, 35.361976944 ], [ 138.86235363899999, 35.362141167 ], [ 138.862234304, 35.36220768 ], [ 138.86227091399999, 35.36221099 ], [ 138.862715197, 35.362273754 ], [ 138.862839818, 35.362585138 ], [ 138.862985716, 35.362949682 ], [ 138.863855051, 35.362842725 ], [ 138.863934632, 35.363139864 ], [ 138.865113861, 35.362981944 ], [ 138.865017642999987, 35.363608378 ], [ 138.867793258, 35.363235554 ], [ 138.868168927, 35.363165963 ] ], [ [ 138.871000207, 35.360286551 ], [ 138.871105333, 35.360259056 ], [ 138.871185639, 35.360227444 ], [ 138.87135733299999, 35.360159861 ], [ 138.8717375, 35.360010222 ], [ 138.871783623, 35.359992067 ], [ 138.872133287999986, 35.359854431 ], [ 138.872142467, 35.359866353 ], [ 138.872387992, 35.360209553 ], [ 138.87246419600001, 35.360316071 ], [ 138.872523097999988, 35.360288194 ], [ 138.872821722, 35.360146861 ], [ 138.87284907899999, 35.360183159 ], [ 138.87321252800001, 35.360665389 ], [ 138.87302760899999, 35.360756899 ], [ 138.87287541, 35.360832218 ], [ 138.872857262, 35.360841198 ], [ 138.872625556, 35.360955861 ], [ 138.872611043, 35.360963151 ], [ 138.872537265, 35.36100021 ], [ 138.872314639, 35.361112034 ], [ 138.872250554, 35.361144225 ], [ 138.872248778, 35.361145116 ], [ 138.872261882, 35.361167688 ], [ 138.872345524, 35.361311763 ], [ 138.87239577599999, 35.361398322 ], [ 138.87147819399999, 35.3616965 ], [ 138.871399139, 35.361456667 ], [ 138.87132225, 35.361165306 ], [ 138.871310881999989, 35.361133365 ], [ 138.870029539, 35.361670184 ], [ 138.86965351, 35.361789829 ], [ 138.868450509000013, 35.36214678 ], [ 138.867332866999988, 35.362469174 ], [ 138.867072503, 35.362554558 ], [ 138.865376166, 35.362751519 ], [ 138.865231158, 35.362752596 ], [ 138.865185094999987, 35.362752938 ], [ 138.86519662399999, 35.362484592 ], [ 138.865095059999987, 35.362155472 ], [ 138.865050227000012, 35.361897731 ], [ 138.865152711, 35.361878887 ], [ 138.86529749799999, 35.361852265 ], [ 138.86540820799999, 35.362191791 ], [ 138.866016089999988, 35.362110533 ], [ 138.86703831, 35.362003763 ], [ 138.868681048000013, 35.361536792 ], [ 138.870421391, 35.360871058 ], [ 138.870391680000012, 35.360352442 ], [ 138.870391055999988, 35.360338578 ], [ 138.870392385, 35.360338337 ], [ 138.870498527, 35.360319079 ], [ 138.870619764, 35.360297082 ], [ 138.87073336099999, 35.360276472 ], [ 138.870734578, 35.360320794 ], [ 138.87075267, 35.360319507 ], [ 138.870802778000012, 35.360315944 ], [ 138.870899650000013, 35.360304053 ], [ 138.870939039, 35.360299218 ], [ 138.870998805999989, 35.360286917 ], [ 138.871000207, 35.360286551 ] ] ] } },
{ "type": "Feature", "properties": { "A29_001": "22344", "A29_002": "静岡県", "A29_003": "小山町", "A29_004": 3, "A29_005": "第一種中高層住居専用地域", "A29_006": 60, "A29_007": 150, "A29_008": "条件付き公開" }, "geometry": { "type": "Polygon", "coordinates": [ [ [ 138.998303289, 35.36425328 ], [ 138.998283651, 35.364012403 ], [ 138.99804367199999, 35.363752536 ], [ 138.998245383000011, 35.363115214 ], [ 138.998503480000011, 35.362770564 ], [ 138.99866014700001, 35.362721767 ], [ 138.99888721, 35.362530335 ], [ 138.99891094899999, 35.362510321 ], [ 138.99893084199999, 35.362431922 ], [ 138.998979647, 35.362471501 ], [ 138.99909177699999, 35.362562432 ], [ 138.999491508, 35.362465381 ], [ 138.999521668999989, 35.36243444 ], [ 138.999748278999988, 35.362201972 ], [ 138.99992658299999, 35.362198254 ], [ 138.999993870999987, 35.362200294 ], [ 139.000292691, 35.362382104 ], [ 139.000464706, 35.362302688 ], [ 139.000405382, 35.362243309 ], [ 139.000233132, 35.362074635 ], [ 139.00010838, 35.362115332 ], [ 138.99970262299999, 35.362119991 ], [ 138.99928539699999, 35.36203526 ], [ 138.99829266899999, 35.361870919 ], [ 138.997420726, 35.361817867 ], [ 138.996144582, 35.361726223 ], [ 138.994140065000011, 35.361550346 ], [ 138.994101666, 35.361548224 ], [ 138.994094784999987, 35.36155331 ], [ 138.994082633, 35.361562294 ], [ 138.994049432, 35.361577395 ], [ 138.994033601000012, 35.361584596 ], [ 138.994000913, 35.361595575 ], [ 138.99395858599999, 35.361602094 ], [ 138.993921288, 35.361607584 ], [ 138.993868639, 35.361613917 ], [ 138.993721026, 35.361614664 ], [ 138.993625560999988, 35.361611788 ], [ 138.99369250399999, 35.361663564 ], [ 138.993793677000014, 35.361741814 ], [ 138.994366033, 35.362201564 ], [ 138.994596159999986, 35.362340739 ], [ 138.99467687, 35.362446242 ], [ 138.994672146999989, 35.362567001 ], [ 138.994662420999987, 35.362762311 ], [ 138.994763197999987, 35.362925257 ], [ 138.994765339, 35.362928838 ], [ 138.994382167, 35.363057108 ], [ 138.994228642, 35.363245553 ], [ 138.99398518699999, 35.363607276 ], [ 138.994003490000011, 35.363766078 ], [ 138.994007630999988, 35.364018439 ], [ 138.99396942199999, 35.364174719 ], [ 138.993939977999986, 35.364251404 ], [ 138.994183920000012, 35.364084479 ], [ 138.99441113899999, 35.363928996 ], [ 138.994603743, 35.363583877 ], [ 138.99458339899999, 35.363530298 ], [ 138.994606069000014, 35.363493216 ], [ 138.994698395, 35.363342188 ], [ 138.994904768, 35.363412715 ], [ 138.994835931000011, 35.363463678 ], [ 138.994834429, 35.363813977 ], [ 138.994915122, 35.363916499 ], [ 138.99488817299999, 35.363973253 ], [ 138.994830361999988, 35.364042057 ], [ 138.994715633999988, 35.364571999 ], [ 138.996399161, 35.364670623 ], [ 138.996428484, 35.364643324 ], [ 138.996479169999986, 35.364596134 ], [ 138.99654117899999, 35.364683455 ], [ 138.99678271, 35.364681717 ], [ 138.99709004499999, 35.364679505 ], [ 138.99711397199999, 35.364318137 ], [ 138.997347330999986, 35.36418511 ], [ 138.99752266499999, 35.364549177 ], [ 138.997562794, 35.364707253 ], [ 138.997578608999987, 35.364769556 ], [ 138.997769621, 35.364759826 ], [ 138.997954241, 35.364671674 ], [ 138.998174971, 35.364476124 ], [ 138.998303289, 35.36425328 ] ] ] } },
{ "type": "Feature", "properties": { "A29_001": "22344", "A29_002": "静岡県", "A29_003": "小山町", "A29_004": 3, "A29_005": "第一種中高層住居専用地域", "A29_006": 60, "A29_007": 150, "A29_008": "条件付き公開" }, "geometry": { "type": "Polygon", "coordinates": [ [ [ 138.870720831999989, 35.365954935 ], [ 138.872419159, 35.365329015 ], [ 138.87218769399999, 35.364978472 ], [ 138.87213647199999, 35.364895639 ], [ 138.872125138, 35.364880419 ], [ 138.87189186099999, 35.364567167 ], [ 138.87181418, 35.364458585 ], [ 138.871783556, 35.364415778 ], [ 138.871667562999988, 35.364223569 ], [ 138.87165427799999, 35.364201556 ], [ 138.87161583299999, 35.364153 ], [ 138.871611667, 35.3641475 ], [ 138.871467028000012, 35.363957361 ], [ 138.871437667, 35.36391875 ], [ 138.871336305999989, 35.363758806 ], [ 138.871273983, 35.363662727 ], [ 138.871091721999989, 35.36338175 ], [ 138.870911691, 35.363108107 ], [ 138.87091757799999, 35.363105218 ], [ 138.871219214, 35.363010383 ], [ 138.871315261, 35.362923632 ], [ 138.87163169199999, 35.362880922 ], [ 138.871808077, 35.362853548 ], [ 138.872022401, 35.362766433 ], [ 138.87245474299999, 35.362604114 ], [ 138.87284418499999, 35.362610367 ], [ 138.87289149, 35.362740842 ], [ 138.87304690900001, 35.363037652 ], [ 138.873070301000013, 35.363109026 ], [ 138.873524088000011, 35.363236637 ], [ 138.873481712, 35.362586375 ], [ 138.87340685, 35.36255981 ], [ 138.873254444, 35.362516333 ], [ 138.873195055999986, 35.362493472 ], [ 138.873174119999987, 35.362481182 ], [ 138.873168582, 35.362477931 ], [ 138.873058778, 35.362413472 ], [ 138.872946944, 35.3623935 ], [ 138.87256219, 35.36235854 ], [ 138.872587723, 35.362289893 ], [ 138.872596762, 35.362194226 ], [ 138.872625749, 35.361974374 ], [ 138.87265164499999, 35.361777959 ], [ 138.87256081000001, 35.361809352 ], [ 138.871730387000014, 35.362060002 ], [ 138.869356305, 35.362749553 ], [ 138.868168927, 35.363165963 ], [ 138.867793258, 35.363235554 ], [ 138.865017642999987, 35.363608378 ], [ 138.865113861, 35.362981944 ], [ 138.863934632, 35.363139864 ], [ 138.863938458, 35.363181589 ], [ 138.863838356, 35.36521682 ], [ 138.863835067999986, 35.365283672 ], [ 138.864337686999988, 35.365365633 ], [ 138.864673194, 35.365377139 ], [ 138.864658858000013, 35.365564407 ], [ 138.864444716, 35.366060327 ], [ 138.864559633, 35.366160953 ], [ 138.86472318700001, 35.366212887 ], [ 138.864829345, 35.366246595 ], [ 138.864816603, 35.365941214 ], [ 138.864808947, 35.365757734 ], [ 138.864839717, 35.365316418 ], [ 138.865410845000014, 35.365268206 ], [ 138.86576502599999, 35.365510383 ], [ 138.86591913699999, 35.365549392 ], [ 138.865929400999988, 35.365501184 ], [ 138.866022111, 35.365076374 ], [ 138.866058906, 35.364832731 ], [ 138.86642793499999, 35.364819709 ], [ 138.866430874, 35.364664676 ], [ 138.86664905, 35.364622277 ], [ 138.866677425, 35.365263157 ], [ 138.867016518000014, 35.365364185 ], [ 138.86706373199999, 35.365378252 ], [ 138.86705959, 35.365508067 ], [ 138.867050983000013, 35.365777776 ], [ 138.86713896099999, 35.365773206 ], [ 138.867294773999987, 35.365765111 ], [ 138.867370068000014, 35.365514458 ], [ 138.867617997, 35.365612085 ], [ 138.867630743, 35.365636247 ], [ 138.867878644, 35.366106177 ], [ 138.86802949, 35.366055805 ], [ 138.86994639, 35.365415671 ], [ 138.869966620000014, 35.365451114 ], [ 138.870068752, 35.365800478 ], [ 138.870039547, 35.366190134 ], [ 138.870720831999989, 35.365954935 ] ] ] } },
{ "type": "Feature", "properties": { "A29_001": "22344", "A29_002": "静岡県", "A29_003": "小山町", "A29_004": 3, "A29_005": "第一種中高層住居専用地域", "A29_006": 60, "A29_007": 150, "A29_008": "条件付き公開" }, "geometry": { "type": "Polygon", "coordinates": [ [ [ 138.98122057, 35.361194396 ], [ 138.98134741699999, 35.361204694 ], [ 138.981476611, 35.361221833 ], [ 138.98159812, 35.361256563 ], [ 138.982529986, 35.361522911 ], [ 138.982551, 35.361528917 ], [ 138.98274325, 35.361567361 ], [ 138.982756310000013, 35.361570005 ], [ 138.98288471399999, 35.36162323 ], [ 138.983265775, 35.361870734 ], [ 138.98352957099999, 35.362283532 ], [ 138.983679303, 35.362434781 ], [ 138.983721042000013, 35.362539688 ], [ 138.983953853, 35.362561282 ], [ 138.984121593, 35.36257684 ], [ 138.984238530999988, 35.362656864 ], [ 138.984167966, 35.362806156 ], [ 138.984067369, 35.363018987 ], [ 138.984212329, 35.363273787 ], [ 138.983925457999987, 35.36328082 ], [ 138.98376188099999, 35.36328483 ], [ 138.98368682200001, 35.363209109 ], [ 138.98367109099999, 35.363169195 ], [ 138.983649869, 35.363115348 ], [ 138.98348425399999, 35.363111539 ], [ 138.983488446, 35.363154512 ], [ 138.983542398999987, 35.363707551 ], [ 138.983565085, 35.363823792 ], [ 138.983608096000012, 35.364044166 ], [ 138.983667561, 35.364251123 ], [ 138.983696732, 35.36432426 ], [ 138.98371219399999, 35.364363028 ], [ 138.98347343399999, 35.364348789 ], [ 138.983274547, 35.364258658 ], [ 138.983146672, 35.364175695 ], [ 138.98305639, 35.363988239 ], [ 138.983057427, 35.363949866 ], [ 138.983059372000014, 35.363877922 ], [ 138.982732312, 35.363654146 ], [ 138.982143622, 35.363753773 ], [ 138.981776109, 35.363815967 ], [ 138.981773908, 35.363751879 ], [ 138.981614479, 35.363711302 ], [ 138.981561556, 35.363697833 ], [ 138.981449295, 35.363939499 ], [ 138.981420667, 35.364021597 ], [ 138.981306638, 35.364124903 ], [ 138.981295343, 35.364367918 ], [ 138.981221221999988, 35.364450197 ], [ 138.981138179999988, 35.364562323 ], [ 138.98115328599999, 35.364654681 ], [ 138.981224104, 35.364946958 ], [ 138.981200875000013, 35.365007766 ], [ 138.981110483, 35.365107997 ], [ 138.981097612000013, 35.365085689 ], [ 138.980929069000013, 35.364895562 ], [ 138.980629421, 35.364691049 ], [ 138.98051573399999, 35.364653113 ], [ 138.980293928, 35.364579097 ], [ 138.980075742, 35.364609776 ], [ 138.979955802, 35.364637083 ], [ 138.980348021999987, 35.365109539 ], [ 138.980303795, 35.365190164 ], [ 138.98056921700001, 35.365916293 ], [ 138.979857864, 35.365922379 ], [ 138.979312144, 35.365957338 ], [ 138.979162717, 35.366027846 ], [ 138.979025422, 35.36609263 ], [ 138.97873783599999, 35.366081844 ], [ 138.978595374, 35.365954721 ], [ 138.978554897, 35.365918602 ], [ 138.97844375599999, 35.365930792 ], [ 138.978441935, 35.36593668 ], [ 138.97842431699999, 35.365993649 ], [ 138.978063241, 35.365863905 ], [ 138.977902368, 35.36573933 ], [ 138.977744492, 35.365701405 ], [ 138.977658176, 35.365680671 ], [ 138.97746384199999, 35.366054091 ], [ 138.97800711299999, 35.366550826 ], [ 138.978247278, 35.366830583 ], [ 138.979168759, 35.366944691 ], [ 138.979292616, 35.367038957 ], [ 138.979278548, 35.367044403 ], [ 138.979155531, 35.367169825 ], [ 138.979197860999989, 35.36725015 ], [ 138.97953536, 35.36739191 ], [ 138.979909794, 35.367470917 ], [ 138.979931795, 35.367423113 ], [ 138.98001220399999, 35.367248409 ], [ 138.980091722, 35.367222969 ], [ 138.980203386999989, 35.367206501 ], [ 138.980404854, 35.36717679 ], [ 138.980799985, 35.367216956 ], [ 138.981018725000013, 35.367278691 ], [ 138.981189957999987, 35.367307821 ], [ 138.981303086, 35.367254378 ], [ 138.981459994, 35.367151735 ], [ 138.981526793, 35.367108037 ], [ 138.98163750099999, 35.366952536 ], [ 138.98175163, 35.366823755 ], [ 138.981926974, 35.366739195 ], [ 138.982340843, 35.366746706 ], [ 138.982591229, 35.366621985 ], [ 138.98284963899999, 35.366316869 ], [ 138.983033643, 35.366046333 ], [ 138.983039442, 35.366015269 ], [ 138.983060096, 35.365904619 ], [ 138.983182449999987, 35.365671595 ], [ 138.98333653, 35.365571108 ], [ 138.983385027, 35.365569768 ], [ 138.98352575199999, 35.365565879 ], [ 138.983909286999989, 35.36579837 ], [ 138.984154098, 35.365959866 ], [ 138.984520893, 35.366131306 ], [ 138.985096618999989, 35.366245264 ], [ 138.985395231000012, 35.366273877 ], [ 138.985686582999989, 35.3663055 ], [ 138.985882844, 35.366259993 ], [ 138.985997107, 35.366183022 ], [ 138.986183567000012, 35.366057415 ], [ 138.986306305999989, 35.365843044 ], [ 138.986401691999987, 35.365637334 ], [ 138.98668507, 35.364778552 ], [ 138.98696098799999, 35.364199969 ], [ 138.987160221000011, 35.363895458 ], [ 138.98719694, 35.36382855 ], [ 138.987354172000011, 35.363694691 ], [ 138.987742234, 35.363469533 ], [ 138.987986838000012, 35.363294145 ], [ 138.988076475000014, 35.363070191 ], [ 138.988212596000011, 35.362708913 ], [ 138.988233388999987, 35.362631083 ], [ 138.988278229, 35.362577027 ], [ 138.988374198, 35.362490908 ], [ 138.988473519, 35.362408219 ], [ 138.988511655999986, 35.362379056 ], [ 138.988543924999988, 35.362352293 ], [ 138.988608043999989, 35.362307347 ], [ 138.988680544, 35.362257939 ], [ 138.988735862, 35.362217453 ], [ 138.98876813199999, 35.362197553 ], [ 138.988789924, 35.362182799 ], [ 138.98881423, 35.362159811 ], [ 138.98883727899999, 35.362133736 ], [ 138.98887332000001, 35.362083985 ], [ 138.988893854999986, 35.362055164 ], [ 138.988913133000011, 35.362022226 ], [ 138.988929477, 35.361993749 ], [ 138.988942049, 35.361967673 ], [ 138.988953364, 35.36194194 ], [ 138.988970547, 35.361887043 ], [ 138.989042801000011, 35.361693223 ], [ 138.989034686, 35.361691373 ], [ 138.988318281, 35.361523164 ], [ 138.986321120000014, 35.360044793 ], [ 138.98626958, 35.360010979 ], [ 138.98650251399999, 35.35984965 ], [ 138.986390929, 35.359757675 ], [ 138.986261668999987, 35.359779509 ], [ 138.986217842, 35.359803523 ], [ 138.98605696300001, 35.359931739 ], [ 138.985930811, 35.359991782 ], [ 138.985765542, 35.360044618 ], [ 138.98558628699999, 35.360192909 ], [ 138.98550973799999, 35.360294993 ], [ 138.98547154799999, 35.360315558 ], [ 138.985298594, 35.360430763 ], [ 138.984902350999988, 35.360503903 ], [ 138.98465323, 35.360227648 ], [ 138.984466981999987, 35.360057239 ], [ 138.98428127, 35.360100947 ], [ 138.984167922000012, 35.360011964 ], [ 138.984167641999989, 35.359964975 ], [ 138.98416745899999, 35.359934454 ], [ 138.98422161900001, 35.359862688 ], [ 138.983973979000012, 35.359833868 ], [ 138.983670303, 35.359721801 ], [ 138.983008202, 35.359249635 ], [ 138.98270401900001, 35.359030557 ], [ 138.98240661299999, 35.358802668 ], [ 138.982169628, 35.358729083 ], [ 138.981964495999989, 35.358676844 ], [ 138.981785694, 35.358631309 ], [ 138.981634987, 35.358476321 ], [ 138.981440593, 35.35822071 ], [ 138.98122272099999, 35.357687938 ], [ 138.980905326, 35.356940914 ], [ 138.980620963, 35.356379262 ], [ 138.980448752, 35.356102607 ], [ 138.980340965000011, 35.355992372 ], [ 138.979969806000014, 35.355990278 ], [ 138.979833611, 35.355988194 ], [ 138.979495082999989, 35.355983389 ], [ 138.97919869399999, 35.355979917 ], [ 138.978925272999987, 35.355978218 ], [ 138.97886772199999, 35.355977861 ], [ 138.978641747000012, 35.355980724 ], [ 138.978568841999987, 35.355981647 ], [ 138.97854097199999, 35.355982 ], [ 138.97853061399999, 35.355982251 ], [ 138.978070390999989, 35.356350187 ], [ 138.977365657, 35.356291624 ], [ 138.977355625, 35.356286464 ], [ 138.977175851, 35.356193993 ], [ 138.976926803999987, 35.355923684 ], [ 138.976860461, 35.355780847 ], [ 138.976631172999987, 35.354847137 ], [ 138.97625448299999, 35.354838188 ], [ 138.97595960699999, 35.354799428 ], [ 138.97586125, 35.3547865 ], [ 138.975704524, 35.354741877 ], [ 138.97560096699999, 35.354712392 ], [ 138.97549344399999, 35.354681778 ], [ 138.97549238, 35.354681515 ], [ 138.975472394, 35.354676563 ], [ 138.97545991699999, 35.354673472 ], [ 138.975417278, 35.354670139 ], [ 138.97537663899999, 35.354667667 ], [ 138.974974049999986, 35.354658628 ], [ 138.97477451099999, 35.35446931 ], [ 138.974774790999987, 35.354468824 ], [ 138.974841591, 35.354352677 ], [ 138.974871056000012, 35.354301444 ], [ 138.974886278000014, 35.354273222 ], [ 138.975037171999986, 35.3538497 ], [ 138.975042194, 35.353842222 ], [ 138.975059069, 35.353799292 ], [ 138.975067317999986, 35.353765086 ], [ 138.975111562, 35.353763065 ], [ 138.975566874, 35.353742269 ], [ 138.976291053000011, 35.353636411 ], [ 138.976151460000011, 35.353192161 ], [ 138.975771804, 35.352169276 ], [ 138.975220791999988, 35.350540112 ], [ 138.97503595399999, 35.349995631 ], [ 138.974845568, 35.349398224 ], [ 138.974746493, 35.348883455 ], [ 138.974727879999989, 35.348613426 ], [ 138.97468137300001, 35.348127668 ], [ 138.97449056799999, 35.346610971 ], [ 138.974515266, 35.345856622 ], [ 138.974667933, 35.344586018 ], [ 138.974707967, 35.343965765 ], [ 138.972605284, 35.343563339 ], [ 138.97265471899999, 35.343625967 ], [ 138.97289852899999, 35.343934846 ], [ 138.973166025000012, 35.344125789 ], [ 138.973120168, 35.344391234 ], [ 138.973181688000011, 35.344448001 ], [ 138.97326315, 35.34443983 ], [ 138.973472426, 35.344388728 ], [ 138.973485430000011, 35.344434887 ], [ 138.973338516000013, 35.344511483 ], [ 138.97333289299999, 35.344537182 ], [ 138.973326112, 35.344568175 ], [ 138.97344812599999, 35.344745081 ], [ 138.973505254, 35.344735267 ], [ 138.973603518, 35.344718386 ], [ 138.973739728999988, 35.344955852 ], [ 138.974055666, 35.34550664 ], [ 138.973843542, 35.345873843 ], [ 138.973484312000011, 35.34611407 ], [ 138.973453479, 35.346442126 ], [ 138.97353632, 35.34651978 ], [ 138.973443607, 35.346621039 ], [ 138.973679207, 35.347088169 ], [ 138.973786815000011, 35.347423027 ], [ 138.97381077, 35.347497572 ], [ 138.97355321399999, 35.347512715 ], [ 138.973223717, 35.347626092 ], [ 138.97317848, 35.347641658 ], [ 138.973119520000012, 35.34778971 ], [ 138.9730281, 35.34777937 ], [ 138.972856740999987, 35.347690617 ], [ 138.972807646, 35.34769528 ], [ 138.972797406000012, 35.34774141 ], [ 138.97274981000001, 35.34795584 ], [ 138.97266851, 35.34788986 ], [ 138.97245655399999, 35.347702616 ], [ 138.97242507199999, 35.347700322 ], [ 138.972398309999988, 35.347698371 ], [ 138.972384663000014, 35.34772808 ], [ 138.972285126, 35.347944765 ], [ 138.97195736, 35.34792472 ], [ 138.970707543, 35.347851368 ], [ 138.970495387999989, 35.347847332 ], [ 138.97047805599999, 35.348196167 ], [ 138.97050151799999, 35.348457775 ], [ 138.970503998, 35.348471118 ], [ 138.970508779, 35.348481126 ], [ 138.97051675, 35.348489683 ], [ 138.970526490999987, 35.34849824 ], [ 138.970650295000013, 35.348565247 ], [ 138.970665881, 35.348571339 ], [ 138.970682175, 35.348571774 ], [ 138.97069758399999, 35.348571194 ], [ 138.971046472000012, 35.348561806 ], [ 138.971087592, 35.34855756 ], [ 138.97108554499999, 35.348806097 ], [ 138.970929837, 35.349262714 ], [ 138.970923849, 35.349535616 ], [ 138.97086611, 35.34955389 ], [ 138.970762503, 35.349567543 ], [ 138.97063930600001, 35.349583778 ], [ 138.97069155, 35.34988128 ], [ 138.97096249, 35.35068654 ], [ 138.971020046, 35.350850086 ], [ 138.971033809, 35.351162789 ], [ 138.97103542, 35.351199379 ], [ 138.971036860999988, 35.351232111 ], [ 138.971032739, 35.351329146 ], [ 138.971029611, 35.351402778 ], [ 138.97102075399999, 35.351491923 ], [ 138.971019184999989, 35.351507717 ], [ 138.97101755599999, 35.351524111 ], [ 138.971027193999987, 35.351623722 ], [ 138.971032154999989, 35.351698059 ], [ 138.97103325, 35.351714472 ], [ 138.97116379799999, 35.351913153 ], [ 138.971376665, 35.352182178 ], [ 138.971413073, 35.352228191 ], [ 138.97122543899999, 35.352256479 ], [ 138.971143051000013, 35.3522689 ], [ 138.971108582, 35.352274096 ], [ 138.97086132699999, 35.352128632 ], [ 138.970766266, 35.352072707 ], [ 138.970705277, 35.352066236 ], [ 138.970662119999986, 35.35268319 ], [ 138.97081482499999, 35.352758945 ], [ 138.97115922399999, 35.352848531 ], [ 138.97112848399999, 35.352881444 ], [ 138.971128865, 35.35294703 ], [ 138.971256778999987, 35.35304193 ], [ 138.971068448000011, 35.353509227 ], [ 138.97091296, 35.35373342 ], [ 138.97076851, 35.353713909 ], [ 138.97150763, 35.35444921 ], [ 138.972246769, 35.355146912 ], [ 138.972351389000011, 35.355135539 ], [ 138.972943, 35.355071222 ], [ 138.97320090299999, 35.355268392 ], [ 138.973274334, 35.355379901 ], [ 138.973415956999986, 35.355484434 ], [ 138.973533309, 35.355483229 ], [ 138.97431405099999, 35.355823009 ], [ 138.97444977399999, 35.356007312 ], [ 138.974440649, 35.356043933 ], [ 138.97429510399999, 35.356628014 ], [ 138.974379246000012, 35.356703705 ], [ 138.97438212, 35.35679326 ], [ 138.973975255, 35.356694856 ], [ 138.97380664, 35.356683221 ], [ 138.973719713, 35.356677222 ], [ 138.97373365199999, 35.356762881 ], [ 138.973747941, 35.356812665 ], [ 138.973776437, 35.356911944 ], [ 138.973598146, 35.356927379 ], [ 138.973688164, 35.357074597 ], [ 138.97377596199999, 35.357153256 ], [ 138.973909066, 35.357200433 ], [ 138.974220089999989, 35.357179835 ], [ 138.974942421, 35.357174018 ], [ 138.97533973099999, 35.357284252 ], [ 138.97540357, 35.35731609 ], [ 138.975624415, 35.357426231 ], [ 138.975461759000012, 35.357614688 ], [ 138.97518728099999, 35.357661976 ], [ 138.975047596, 35.357734075 ], [ 138.974728856000013, 35.357680175 ], [ 138.97430706, 35.357864848 ], [ 138.974247901000012, 35.357890749 ], [ 138.974261248, 35.357995039 ], [ 138.974214859999989, 35.35810285 ], [ 138.974085562999988, 35.358134356 ], [ 138.974414180999986, 35.358632421 ], [ 138.974367379, 35.358719061 ], [ 138.97452732799999, 35.359000158 ], [ 138.974407402999987, 35.359028951 ], [ 138.97459541399999, 35.359441112 ], [ 138.974653640000014, 35.359440884 ], [ 138.974722644, 35.359416763 ], [ 138.974747263000012, 35.359405699 ], [ 138.974829719000013, 35.359368643 ], [ 138.974917224, 35.35939662 ], [ 138.97512616899999, 35.359463809 ], [ 138.975261018, 35.359377382 ], [ 138.975251316999987, 35.359274567 ], [ 138.975784763, 35.3592225 ], [ 138.975987522999986, 35.359202709 ], [ 138.975999359000014, 35.359305908 ], [ 138.976096824, 35.35929912 ], [ 138.97643043, 35.359275887 ], [ 138.976692097000011, 35.359215231 ], [ 138.977037266, 35.359051841 ], [ 138.977274843, 35.358986358 ], [ 138.977391646, 35.359045521 ], [ 138.97776795199999, 35.3589859 ], [ 138.977897571, 35.359058428 ], [ 138.978204627, 35.359032438 ], [ 138.978546028000011, 35.359081528 ], [ 138.978662586000013, 35.359191046 ], [ 138.978837698, 35.359417766 ], [ 138.979029841, 35.359574446 ], [ 138.97903214199999, 35.359682975 ], [ 138.97898336099999, 35.359742047 ], [ 138.978917013, 35.35975349 ], [ 138.978593515, 35.359820358 ], [ 138.978524670000013, 35.359871312 ], [ 138.97848453899999, 35.360008746 ], [ 138.97857786599999, 35.360337746 ], [ 138.97869654499999, 35.360538325 ], [ 138.978915801999989, 35.360492493 ], [ 138.979138498999987, 35.360985444 ], [ 138.979159294, 35.361031474 ], [ 138.978388407000011, 35.361385512 ], [ 138.97804653, 35.361486046 ], [ 138.977698561000011, 35.361724429 ], [ 138.977726958, 35.36190117 ], [ 138.977768451, 35.362159411 ], [ 138.977976324, 35.36238266 ], [ 138.978564885999987, 35.362369418 ], [ 138.978662934999988, 35.362333255 ], [ 138.97877656899999, 35.362162875 ], [ 138.97923084199999, 35.36205375 ], [ 138.979834799, 35.362024523 ], [ 138.980069402999987, 35.361964651 ], [ 138.980077349999988, 35.361962623 ], [ 138.980184946, 35.36194804 ], [ 138.980273329, 35.361926701 ], [ 138.98027344799999, 35.361848473 ], [ 138.98034268699999, 35.361751214 ], [ 138.98041047000001, 35.361737574 ], [ 138.980629851, 35.361693429 ], [ 138.980608593, 35.361644695 ], [ 138.980559750999987, 35.361532722 ], [ 138.98106850100001, 35.361394741 ], [ 138.981232154, 35.361301553 ], [ 138.98124760799999, 35.361256415 ], [ 138.98122057, 35.361194396 ] ] ] } },
{ "type": "Feature", "properties": { "A29_001": "22344", "A29_002": "静岡県", "A29_003": "小山町", "A29_004": 1, "A29_005": "第一種低層住居専用地域", "A29_006": 50, "A29_007": 80, "A29_008": "条件付き公開" }, "geometry": { "type": "Polygon", "coordinates": [ [ [ 138.872440444, 35.36536125 ], [ 138.87252171599999, 35.365500762 ], [ 138.872580222000011, 35.365601194 ], [ 138.872583951, 35.365608812 ], [ 138.87270129699999, 35.36584851 ], [ 138.87272210099999, 35.365891007 ], [ 138.872741028, 35.365929667 ], [ 138.872809964, 35.366096485 ], [ 138.872912157, 35.366049977 ], [ 138.873110344999986, 35.365978714 ], [ 138.873094387, 35.366053155 ], [ 138.873060462000012, 35.366211404 ], [ 138.87322220499999, 35.366559709 ], [ 138.87352832, 35.366712628 ], [ 138.87381919399999, 35.366581714 ], [ 138.873859536999987, 35.366683097 ], [ 138.873925256, 35.36684825 ], [ 138.874749036999987, 35.366965374 ], [ 138.874865698, 35.366981961 ], [ 138.87492022699999, 35.366989713 ], [ 138.875313602, 35.367841125 ], [ 138.875249773, 35.368205034 ], [ 138.875305508999986, 35.36821798 ], [ 138.875515753, 35.368266813 ], [ 138.875520271999989, 35.368309849 ], [ 138.875561444, 35.368701931 ], [ 138.875734705000013, 35.368661298 ], [ 138.876210179, 35.368585653 ], [ 138.876505261, 35.368165354 ], [ 138.876706667, 35.367645992 ], [ 138.877007649, 35.366625471 ], [ 138.87712936299999, 35.366360655 ], [ 138.87716178299999, 35.366290119 ], [ 138.87726912, 35.365979842 ], [ 138.877322794, 35.365824776 ], [ 138.877360033, 35.365621274 ], [ 138.877364293, 35.365597995 ], [ 138.877426678, 35.365286002 ], [ 138.87746826, 35.365074797 ], [ 138.877490521999988, 35.36495958 ], [ 138.877539662, 35.364705261 ], [ 138.877700428, 35.36392887 ], [ 138.877768917999987, 35.363631009 ], [ 138.876954979, 35.363282956 ], [ 138.876783544, 35.363231975 ], [ 138.876643019999989, 35.363248496 ], [ 138.876252934, 35.363329505 ], [ 138.87599204, 35.363387934 ], [ 138.875846313000011, 35.363418438 ], [ 138.87566463600001, 35.363419003 ], [ 138.875451803, 35.363405819 ], [ 138.875312920999988, 35.363313572 ], [ 138.875271184000013, 35.363295992 ], [ 138.87482986399999, 35.363090166 ], [ 138.874359494, 35.362897843 ], [ 138.873481712, 35.362586375 ], [ 138.873524088000011, 35.363236637 ], [ 138.873070301000013, 35.363109026 ], [ 138.87304690900001, 35.363037652 ], [ 138.87289149, 35.362740842 ], [ 138.87284418499999, 35.362610367 ], [ 138.87245474299999, 35.362604114 ], [ 138.872022401, 35.362766433 ], [ 138.871808077, 35.362853548 ], [ 138.87163169199999, 35.362880922 ], [ 138.871315261, 35.362923632 ], [ 138.871219214, 35.363010383 ], [ 138.87091757799999, 35.363105218 ], [ 138.870911691, 35.363108107 ], [ 138.871091721999989, 35.36338175 ], [ 138.871273983, 35.363662727 ], [ 138.871336305999989, 35.363758806 ], [ 138.871437667, 35.36391875 ], [ 138.871467028000012, 35.363957361 ], [ 138.871611667, 35.3641475 ], [ 138.87161583299999, 35.364153 ], [ 138.87165427799999, 35.364201556 ], [ 138.871667562999988, 35.364223569 ], [ 138.871783556, 35.364415778 ], [ 138.87181418, 35.364458585 ], [ 138.87189186099999, 35.364567167 ], [ 138.872125138, 35.364880419 ], [ 138.87213647199999, 35.364895639 ], [ 138.87218769399999, 35.364978472 ], [ 138.872440444, 35.36536125 ] ] ] } },
{ "type": "Feature", "properties": { "A29_001": "22344", "A29_002": "静岡県", "A29_003": "小山町", "A29_004": 5, "A29_005": "第一種住居地域", "A29_006": 60, "A29_007": 200, "A29_008": "条件付き公開" }, "geometry": { "type": "Polygon", "coordinates": [ [ [ 138.989983354, 35.362569736 ], [ 138.990080944, 35.3625335 ], [ 138.99016947199999, 35.362497306 ], [ 138.990336722, 35.362417056 ], [ 138.990381772, 35.362395242 ], [ 138.990556231999989, 35.362310765 ], [ 138.99085173099999, 35.362266196 ], [ 138.99099232899999, 35.362194341 ], [ 138.99119277299999, 35.3620919 ], [ 138.991309265000012, 35.362097389 ], [ 138.99142516, 35.362054845 ], [ 138.991562628999986, 35.362004382 ], [ 138.991598417, 35.361768279 ], [ 138.99173030599999, 35.361745333 ], [ 138.991945087, 35.361622279 ], [ 138.99221155399999, 35.361494339 ], [ 138.991997583, 35.361491083 ], [ 138.991958409, 35.361483873 ], [ 138.991438667000011, 35.361732101 ], [ 138.991353911, 35.361747409 ], [ 138.99106524199999, 35.361855906 ], [ 138.990723749000011, 35.361955673 ], [ 138.99041807099999, 35.361959896 ], [ 138.989737958, 35.361851667 ], [ 138.989042801000011, 35.361693223 ], [ 138.988970547, 35.361887043 ], [ 138.988953364, 35.36194194 ], [ 138.988942049, 35.361967673 ], [ 138.988929477, 35.361993749 ], [ 138.988913133000011, 35.362022226 ], [ 138.988893854999986, 35.362055164 ], [ 138.98887332000001, 35.362083985 ], [ 138.98883727899999, 35.362133736 ], [ 138.98881423, 35.362159811 ], [ 138.988789924, 35.362182799 ], [ 138.98876813199999, 35.362197553 ], [ 138.988735862, 35.362217453 ], [ 138.988680544, 35.362257939 ], [ 138.988608043999989, 35.362307347 ], [ 138.988543924999988, 35.362352293 ], [ 138.988511655999986, 35.362379056 ], [ 138.988473519, 35.362408219 ], [ 138.988374198, 35.362490908 ], [ 138.988278229, 35.362577027 ], [ 138.988233388999987, 35.362631083 ], [ 138.988212596000011, 35.362708913 ], [ 138.988076475000014, 35.363070191 ], [ 138.987986838000012, 35.363294145 ], [ 138.987742234, 35.363469533 ], [ 138.987354172000011, 35.363694691 ], [ 138.98719694, 35.36382855 ], [ 138.987160221000011, 35.363895458 ], [ 138.98696098799999, 35.364199969 ], [ 138.98668507, 35.364778552 ], [ 138.986401691999987, 35.365637334 ], [ 138.986306305999989, 35.365843044 ], [ 138.986183567000012, 35.366057415 ], [ 138.985997107, 35.366183022 ], [ 138.985882844, 35.366259993 ], [ 138.985686582999989, 35.3663055 ], [ 138.985395231000012, 35.366273877 ], [ 138.985096618999989, 35.366245264 ], [ 138.984520893, 35.366131306 ], [ 138.984154098, 35.365959866 ], [ 138.983909286999989, 35.36579837 ], [ 138.98352575199999, 35.365565879 ], [ 138.983385027, 35.365569768 ], [ 138.98333653, 35.365571108 ], [ 138.983182449999987, 35.365671595 ], [ 138.983060096, 35.365904619 ], [ 138.983039442, 35.366015269 ], [ 138.983033643, 35.366046333 ], [ 138.98284963899999, 35.366316869 ], [ 138.982591229, 35.366621985 ], [ 138.982340843, 35.366746706 ], [ 138.981926974, 35.366739195 ], [ 138.98175163, 35.366823755 ], [ 138.98163750099999, 35.366952536 ], [ 138.981526793, 35.367108037 ], [ 138.981459994, 35.367151735 ], [ 138.981607106000013, 35.367224921 ], [ 138.981704807, 35.367182195 ], [ 138.981783825, 35.367258501 ], [ 138.981544938000013, 35.367481554 ], [ 138.98168342, 35.36781788 ], [ 138.98175955799999, 35.367768386 ], [ 138.981959909000011, 35.367927604 ], [ 138.98211028, 35.367990579 ], [ 138.982982193, 35.368028834 ], [ 138.98303405199999, 35.368180669 ], [ 138.9828073, 35.368302315 ], [ 138.982383249, 35.36860213 ], [ 138.98288405, 35.36896682 ], [ 138.9840485, 35.369153528 ], [ 138.984068541, 35.369540437 ], [ 138.984731407999988, 35.369615292 ], [ 138.984735871999987, 35.369576548 ], [ 138.98476763799999, 35.369300835 ], [ 138.984646265, 35.369071561 ], [ 138.98472810199999, 35.369062289 ], [ 138.98473674600001, 35.368986233 ], [ 138.98478636199999, 35.368976153 ], [ 138.984863979000011, 35.368960383 ], [ 138.984853499, 35.36872938 ], [ 138.984904355, 35.368712779 ], [ 138.984969287000013, 35.368615629 ], [ 138.985244196999986, 35.368635394 ], [ 138.985309253999986, 35.368559112 ], [ 138.985310199, 35.368413028 ], [ 138.985330217000012, 35.368412948 ], [ 138.98538556, 35.36848527 ], [ 138.985586082999987, 35.368747307 ], [ 138.98547903799999, 35.368801399 ], [ 138.985573988999988, 35.369158764 ], [ 138.985828993000013, 35.369181933 ], [ 138.98612387599999, 35.369208724 ], [ 138.98623563000001, 35.369029402 ], [ 138.98592398299999, 35.368953144 ], [ 138.98589189399999, 35.368760984 ], [ 138.986039420999987, 35.368781259 ], [ 138.986117982, 35.368692433 ], [ 138.986148598999989, 35.368657816 ], [ 138.98616775799999, 35.368636154 ], [ 138.986330887, 35.368678725 ], [ 138.986348808, 35.368656714 ], [ 138.986392725, 35.368602775 ], [ 138.98658289799999, 35.368231752 ], [ 138.986561803, 35.368190366 ], [ 138.98610431, 35.368069978 ], [ 138.986277648, 35.367842708 ], [ 138.986444159, 35.367878451 ], [ 138.986645721, 35.367921719 ], [ 138.986664069, 35.367880299 ], [ 138.986695994, 35.36780823 ], [ 138.986926763000014, 35.367826737 ], [ 138.98728613899999, 35.367855556 ], [ 138.987304383, 35.367904158 ], [ 138.98742009099999, 35.367918498 ], [ 138.98745797699999, 35.368025769 ], [ 138.987917525, 35.3681849 ], [ 138.988004299000011, 35.368089151 ], [ 138.98813700299999, 35.368055989 ], [ 138.988247126, 35.36802847 ], [ 138.98833286499999, 35.36796281 ], [ 138.988403569000013, 35.367908665 ], [ 138.98840365800001, 35.367898322 ], [ 138.988405718, 35.367661215 ], [ 138.987854754000011, 35.367430905 ], [ 138.98744259599999, 35.367283507 ], [ 138.986979988, 35.367219786 ], [ 138.98688131, 35.367151615 ], [ 138.986775998000013, 35.367190795 ], [ 138.986557271, 35.367132052 ], [ 138.98654086799999, 35.366745723 ], [ 138.986537623, 35.366677449 ], [ 138.986429030000011, 35.366675327 ], [ 138.986228205, 35.366286184 ], [ 138.98643123799999, 35.365973331 ], [ 138.986560647, 35.3657045 ], [ 138.986638639, 35.365358364 ], [ 138.98677294399999, 35.365313174 ], [ 138.986815914, 35.365384495 ], [ 138.986839199, 35.365423143 ], [ 138.986826145, 35.365673618 ], [ 138.986947356, 35.365857966 ], [ 138.987155107, 35.365907809 ], [ 138.987283096, 35.366008655 ], [ 138.98747204099999, 35.365957212 ], [ 138.987511004, 35.365899657 ], [ 138.98755501299999, 35.365834647 ], [ 138.98769252, 35.365804924 ], [ 138.98776583, 35.365789078 ], [ 138.987820117000012, 35.365738178 ], [ 138.987990846, 35.365683827 ], [ 138.988034698, 35.365713462 ], [ 138.988219896, 35.365644146 ], [ 138.988256693000011, 35.365555034 ], [ 138.98829881399999, 35.365453029 ], [ 138.988440104, 35.365345134 ], [ 138.988430832, 35.365014256 ], [ 138.988637001, 35.364801756 ], [ 138.988787554, 35.364419551 ], [ 138.988806409, 35.364075889 ], [ 138.98856069199999, 35.363909577 ], [ 138.988541064, 35.363370055 ], [ 138.988849030000011, 35.363297618 ], [ 138.98895996499999, 35.363159877 ], [ 138.98899181499999, 35.363143407 ], [ 138.98904399, 35.36311167 ], [ 138.989142474, 35.363053857 ], [ 138.989168455999987, 35.363038589 ], [ 138.98920282099999, 35.363010969 ], [ 138.989303819000014, 35.362876643 ], [ 138.98946806699999, 35.36275104 ], [ 138.989608503, 35.362728283 ], [ 138.989776936, 35.362704705 ], [ 138.989882776, 35.362648993 ], [ 138.989975742000013, 35.362575734 ], [ 138.989983354, 35.362569736 ] ] ] } }
]
}
