{
"type": "FeatureCollection",
"name": "A29-19_30401",
"features": [
{ "type": "Feature", "properties": { "A29_001": "30401", "A29_002": "和歌山県", "A29_003": "白浜町", "A29_004": 1, "A29_005": "第一種低層住居専用地域", "A29_006": 30, "A29_007": 50, "A29_008": "条件付き公開" }, "geometry": { "type": "Polygon", "coordinates": [ [ [ 135.379254800000012, 33.64975789 ], [ 135.37908474, 33.64963264 ], [ 135.37886414, 33.65006393 ], [ 135.37895218, 33.65021646 ], [ 135.379110200000014, 33.65033005 ], [ 135.37915385, 33.6503944 ], [ 135.379114030000011, 33.6504777 ], [ 135.3790177, 33.65048616 ], [ 135.37887516, 33.65047352 ], [ 135.378621689999989, 33.65051697 ], [ 135.37855645, 33.65023167 ], [ 135.378369923, 33.65027715 ], [ 135.378346709999988, 33.65057523 ], [ 135.378271790000014, 33.65058082 ], [ 135.37814222899999, 33.650404829 ], [ 135.378098517000012, 33.650533433 ], [ 135.378156170000011, 33.65079196 ], [ 135.37808117, 33.65080948 ], [ 135.37786636300001, 33.650686137 ], [ 135.377710916000012, 33.650882169 ], [ 135.37771527000001, 33.65111479 ], [ 135.37764686, 33.65120688 ], [ 135.37755392, 33.65123922 ], [ 135.37747578, 33.65119708 ], [ 135.37702098, 33.65150989 ], [ 135.377543487, 33.652148093 ], [ 135.37772136000001, 33.65217459 ], [ 135.377907810000011, 33.65203239 ], [ 135.378153200000014, 33.651854151 ], [ 135.37860878399999, 33.652167766 ], [ 135.37863019, 33.65251733 ], [ 135.378479994, 33.652821973 ], [ 135.377898836000014, 33.653309296 ], [ 135.378247354, 33.653636687 ], [ 135.378545589999987, 33.65366856 ], [ 135.378533690000012, 33.65321697 ], [ 135.378594279999987, 33.65310275 ], [ 135.37901839, 33.65248311 ], [ 135.379408070000011, 33.65265602 ], [ 135.38002996, 33.6528988 ], [ 135.38006801, 33.65301131 ], [ 135.38020056, 33.65337728 ], [ 135.380614017999989, 33.653539782 ], [ 135.381019213, 33.653522727 ], [ 135.38155107, 33.65323992 ], [ 135.3816765, 33.65327269 ], [ 135.38352544, 33.65377239 ], [ 135.38394445099999, 33.653134285 ], [ 135.38294473900001, 33.652392877 ], [ 135.38184218, 33.65130241 ], [ 135.381219515999987, 33.651483066 ], [ 135.38085024899999, 33.651622923 ], [ 135.380443250000013, 33.65162251 ], [ 135.380137029999986, 33.65156133 ], [ 135.37989543, 33.65144084 ], [ 135.379632859999987, 33.6512606 ], [ 135.379413340000013, 33.65104479 ], [ 135.37935839, 33.65075228 ], [ 135.37955758199999, 33.650533607 ], [ 135.379558378000013, 33.650422679 ], [ 135.379422489, 33.65027886 ], [ 135.37928003, 33.65019483 ], [ 135.379254800000012, 33.64975789 ] ] ] } },
{ "type": "Feature", "properties": { "A29_001": "30401", "A29_002": "和歌山県", "A29_003": "白浜町", "A29_004": 1, "A29_005": "第一種低層住居専用地域", "A29_006": 30, "A29_007": 50, "A29_008": "条件付き公開" }, "geometry": { "type": "Polygon", "coordinates": [ [ [ 135.37811892, 33.65422326 ], [ 135.377723229999987, 33.65395754 ], [ 135.37758936, 33.65390778 ], [ 135.377165921, 33.653970904 ], [ 135.37707823, 33.654263894 ], [ 135.377118905, 33.654557531 ], [ 135.377403859999987, 33.654798721 ], [ 135.377608704000011, 33.6548749 ], [ 135.377926626, 33.654697578 ], [ 135.377842335999986, 33.654518232 ], [ 135.378018817999987, 33.654388867 ], [ 135.37811892, 33.65422326 ] ] ] } },
{ "type": "Feature", "properties": { "A29_001": "30401", "A29_002": "和歌山県", "A29_003": "白浜町", "A29_004": 3, "A29_005": "第一種中高層住居専用地域", "A29_006": 60, "A29_007": 200, "A29_008": "条件付き公開" }, "geometry": { "type": "Polygon", "coordinates": [ [ [ 135.365318298, 33.655561453 ], [ 135.364906931, 33.655640451 ], [ 135.36460949, 33.65574389 ], [ 135.364070852999987, 33.656060794 ], [ 135.36357337699999, 33.656210913 ], [ 135.362718511, 33.656082457 ], [ 135.36249829499999, 33.655771191 ], [ 135.362420393, 33.6555036 ], [ 135.362594502, 33.655103713 ], [ 135.363144481, 33.654229633 ], [ 135.361324990000014, 33.65527683 ], [ 135.36124833, 33.65531764 ], [ 135.36061231, 33.65555409 ], [ 135.360657370000013, 33.65593921 ], [ 135.36067795, 33.65611517 ], [ 135.36083439, 33.65651824 ], [ 135.360630179999987, 33.65683931 ], [ 135.36054377, 33.65705058 ], [ 135.36068548, 33.65713256 ], [ 135.360771867000011, 33.657213742 ], [ 135.36127359299999, 33.657110492 ], [ 135.361411815999986, 33.656935625 ], [ 135.36190953900001, 33.656598483 ], [ 135.362054, 33.65660184 ], [ 135.36233013, 33.6566999 ], [ 135.362611640000011, 33.65675171 ], [ 135.36274512, 33.65675825 ], [ 135.362808480000012, 33.65676135 ], [ 135.36463974599999, 33.656872996 ], [ 135.365135791, 33.657106398 ], [ 135.36528269199999, 33.657302773 ], [ 135.36587688099999, 33.657191313 ], [ 135.36553181, 33.65656799 ], [ 135.365602193, 33.656250864 ], [ 135.36558234, 33.65588762 ], [ 135.36543798, 33.65578217 ], [ 135.365318298, 33.655561453 ] ] ] } },
{ "type": "Feature", "properties": { "A29_001": "30401", "A29_002": "和歌山県", "A29_003": "白浜町", "A29_004": 3, "A29_005": "第一種中高層住居専用地域", "A29_006": 60, "A29_007": 200, "A29_008": "条件付き公開" }, "geometry": { "type": "Polygon", "coordinates": [ [ [ 135.38127684, 33.660881255 ], [ 135.380601791, 33.660563725 ], [ 135.380520101, 33.660446705 ], [ 135.380520491, 33.660391975 ], [ 135.380589081000011, 33.660351865 ], [ 135.380711281, 33.660376275 ], [ 135.38095554, 33.660444125 ], [ 135.38126856, 33.660448075 ], [ 135.38148411, 33.660551495 ], [ 135.381620919, 33.660523615 ], [ 135.381536479, 33.660392305 ], [ 135.38152972899999, 33.660346105 ], [ 135.381522909000012, 33.660299425 ], [ 135.381594449, 33.660245035 ], [ 135.381587279, 33.660054625 ], [ 135.381718269, 33.660043385 ], [ 135.381737539, 33.660110945 ], [ 135.381751579, 33.660160155 ], [ 135.382003188999988, 33.659997205 ], [ 135.381945929000011, 33.659845795 ], [ 135.382108509, 33.659680685 ], [ 135.382258398, 33.659528465 ], [ 135.38244611799999, 33.659543685 ], [ 135.382819288, 33.659493185 ], [ 135.383182677, 33.659218945 ], [ 135.38328243699999, 33.659198024 ], [ 135.383290807, 33.659200774 ], [ 135.383481187, 33.659263274 ], [ 135.38363808599999, 33.659010594 ], [ 135.383630396, 33.658891564 ], [ 135.383607235999989, 33.658891984 ], [ 135.383527926999989, 33.658893434 ], [ 135.383471457000013, 33.658831284 ], [ 135.38348131699999, 33.658645704 ], [ 135.383337137000012, 33.658511714 ], [ 135.383109107, 33.658562935 ], [ 135.382917307000014, 33.658321615 ], [ 135.38286427700001, 33.658242255 ], [ 135.382821567, 33.658178345 ], [ 135.38277056699999, 33.658147155 ], [ 135.382722128000012, 33.658156425 ], [ 135.382678728, 33.658193525 ], [ 135.382639078000011, 33.658227415 ], [ 135.382595428, 33.658362845 ], [ 135.382554468, 33.658519705 ], [ 135.38248810799999, 33.658645505 ], [ 135.38243662799999, 33.658680945 ], [ 135.382348338000014, 33.658690025 ], [ 135.382288778, 33.658663555 ], [ 135.382215398, 33.658577515 ], [ 135.382104978, 33.658297335 ], [ 135.38181817899999, 33.658210225 ], [ 135.381556639, 33.658170835 ], [ 135.381371499000011, 33.658193705 ], [ 135.38123729899999, 33.658254915 ], [ 135.381211150000013, 33.658330935 ], [ 135.38118748, 33.658456945 ], [ 135.381164070000011, 33.658547265 ], [ 135.38112394, 33.658587525 ], [ 135.38086811, 33.658545785 ], [ 135.38071713, 33.658566445 ], [ 135.3805544, 33.658637025 ], [ 135.38042278099999, 33.658736315 ], [ 135.380367381000013, 33.658822315 ], [ 135.380332771000013, 33.658887575 ], [ 135.380180741, 33.658855885 ], [ 135.38008621099999, 33.658743555 ], [ 135.379985871, 33.658647855 ], [ 135.379798451, 33.658590985 ], [ 135.379684902, 33.658552345 ], [ 135.37952942199999, 33.658406395 ], [ 135.379482192000012, 33.658246715 ], [ 135.379947901, 33.658387075 ], [ 135.3804873, 33.658371935 ], [ 135.3806506, 33.658128355 ], [ 135.38074332, 33.657990055 ], [ 135.38071537, 33.657971675 ], [ 135.38018531099999, 33.657623145 ], [ 135.380040521000012, 33.657574825 ], [ 135.379949441, 33.657576745 ], [ 135.379834971, 33.657666605 ], [ 135.37966394099999, 33.657703825 ], [ 135.379582201, 33.657377615 ], [ 135.379562482000011, 33.657367935 ], [ 135.379518272000013, 33.657334275 ], [ 135.379325942, 33.657216645 ], [ 135.379240522, 33.657223355 ], [ 135.379098981999988, 33.657316655 ], [ 135.379019121999988, 33.657342425 ], [ 135.378922421999988, 33.657334805 ], [ 135.378812012, 33.657253335 ], [ 135.378755563, 33.657188795 ], [ 135.37875369299999, 33.657053135 ], [ 135.378796832, 33.656989095 ], [ 135.378939511999988, 33.656935075 ], [ 135.378866262, 33.656832385 ], [ 135.378824052, 33.656646985 ], [ 135.378801431999989, 33.656547665 ], [ 135.378714822, 33.656361775 ], [ 135.37860805299999, 33.656132605 ], [ 135.378102403000014, 33.655809975 ], [ 135.377751784, 33.655496455 ], [ 135.377498874, 33.655445205 ], [ 135.37661192499999, 33.655938125 ], [ 135.375697406, 33.656446355 ], [ 135.375658256, 33.656701005 ], [ 135.375600346999988, 33.657077705 ], [ 135.375598337000014, 33.657090005 ], [ 135.375582487, 33.657187095 ], [ 135.375606897000011, 33.657353795 ], [ 135.375629147000012, 33.657425305 ], [ 135.375630836999989, 33.657427475 ], [ 135.375743336999989, 33.657572245 ], [ 135.37585034599999, 33.657729845 ], [ 135.37591766599999, 33.657865845 ], [ 135.375964476, 33.658082635 ], [ 135.376027886, 33.658562505 ], [ 135.37615814599999, 33.658653585 ], [ 135.376682966, 33.658884705 ], [ 135.37673703499999, 33.658884975 ], [ 135.376842135, 33.658516625 ], [ 135.376917295, 33.658355185 ], [ 135.376979905000013, 33.658355495 ], [ 135.377158615000013, 33.658434935 ], [ 135.377212035000014, 33.658525635 ], [ 135.377131424999988, 33.658653735 ], [ 135.377020405, 33.658856645 ], [ 135.37698804499999, 33.659001655 ], [ 135.377018515, 33.659118425 ], [ 135.377111705, 33.659218845 ], [ 135.377301585, 33.659329275 ], [ 135.377437695, 33.659396595 ], [ 135.377537235, 33.659406615 ], [ 135.377708254, 33.659369405 ], [ 135.377856334, 33.659355865 ], [ 135.37789605399999, 33.659372725 ], [ 135.377824384, 33.659446135 ], [ 135.37764762399999, 33.659490465 ], [ 135.377422134999989, 33.659582135 ], [ 135.377339535, 33.659591245 ], [ 135.37725442499999, 33.659555115 ], [ 135.377016715, 33.659368295 ], [ 135.376897525, 33.659320095 ], [ 135.376712676000011, 33.659302505 ], [ 135.37658424599999, 33.659354215 ], [ 135.376518256, 33.659427655 ], [ 135.376472056000011, 33.659520235 ], [ 135.376488426, 33.659617885 ], [ 135.37651559599999, 33.659992855 ], [ 135.376391746, 33.660199275 ], [ 135.378299524, 33.660255295 ], [ 135.378483863000014, 33.660344275 ], [ 135.37858290299999, 33.660423305 ], [ 135.378653073, 33.660559305 ], [ 135.37872370299999, 33.660631055 ], [ 135.378854373, 33.660665035 ], [ 135.379093183, 33.660699545 ], [ 135.379295202, 33.660705325 ], [ 135.379508902, 33.660670695 ], [ 135.37979813199999, 33.660618605 ], [ 135.379943301999987, 33.660614565 ], [ 135.37999945199999, 33.660624465 ], [ 135.380068361000014, 33.660636615 ], [ 135.380363870999986, 33.660702355 ], [ 135.380591810999988, 33.660764675 ], [ 135.380727441, 33.660801755 ], [ 135.380800821, 33.660826185 ], [ 135.380923349999989, 33.660866985 ], [ 135.38127684, 33.660881255 ] ] ] } },
{ "type": "Feature", "properties": { "A29_001": "30401", "A29_002": "和歌山県", "A29_003": "白浜町", "A29_004": 3, "A29_005": "第一種中高層住居専用地域", "A29_006": 60, "A29_007": 200, "A29_008": "条件付き公開" }, "geometry": { "type": "Polygon", "coordinates": [ [ [ 135.36959104499999, 33.662248967 ], [ 135.369518050000011, 33.662478211 ], [ 135.369560667, 33.662991336 ], [ 135.370273766, 33.663009881 ], [ 135.371181036, 33.662812387 ], [ 135.37156624299999, 33.662803002 ], [ 135.37194249, 33.66286026 ], [ 135.37247641, 33.66321162 ], [ 135.37267538, 33.66324595 ], [ 135.37276897000001, 33.66329164 ], [ 135.37284544, 33.663342 ], [ 135.372886963000013, 33.663400668 ], [ 135.373189241, 33.663348238 ], [ 135.373132559999988, 33.66330388 ], [ 135.373079389999987, 33.66326227 ], [ 135.373069383, 33.663166354 ], [ 135.373189384, 33.663141913 ], [ 135.37380554500001, 33.662993823 ], [ 135.374161195999989, 33.662733206 ], [ 135.37444098, 33.662705994 ], [ 135.375082875, 33.662313228 ], [ 135.375614869, 33.66223563 ], [ 135.375598553, 33.662015246 ], [ 135.375925666, 33.66175448 ], [ 135.376249402000013, 33.661747841 ], [ 135.376866718, 33.661557468 ], [ 135.377288850000014, 33.66175235 ], [ 135.37729807, 33.66144523 ], [ 135.377286086, 33.661261379 ], [ 135.37645469899999, 33.661328757 ], [ 135.37611044, 33.66141123 ], [ 135.376000659999988, 33.66143609 ], [ 135.375929899999988, 33.66145212 ], [ 135.37585342, 33.66147833 ], [ 135.37567915, 33.66154752 ], [ 135.37557007, 33.66159889 ], [ 135.375, 33.66197267 ], [ 135.374194612, 33.662571356 ], [ 135.37402714000001, 33.66261275 ], [ 135.37376382, 33.66278408 ], [ 135.37346083, 33.66286472 ], [ 135.37336897, 33.66288186 ], [ 135.37333336, 33.66288637 ], [ 135.373161399999987, 33.66290813 ], [ 135.37303054, 33.66289519 ], [ 135.372715050000011, 33.66283885 ], [ 135.37184997, 33.66262741 ], [ 135.371592265, 33.662559108 ], [ 135.37129539899999, 33.662581455 ], [ 135.370671140000013, 33.66273007 ], [ 135.37011017, 33.66275183 ], [ 135.3699134, 33.66261042 ], [ 135.36959104499999, 33.662248967 ] ] ] } },
{ "type": "Feature", "properties": { "A29_001": "30401", "A29_002": "和歌山県", "A29_003": "白浜町", "A29_004": 1, "A29_005": "第一種低層住居専用地域", "A29_006": 30, "A29_007": 50, "A29_008": "条件付き公開" }, "geometry": { "type": "Polygon", "coordinates": [ [ [ 135.34760501, 33.657152441 ], [ 135.34778930600001, 33.657302514 ], [ 135.34781329899999, 33.657430868 ], [ 135.34772406, 33.65752939 ], [ 135.347001573999989, 33.658201908 ], [ 135.346536912, 33.658345572 ], [ 135.34644145499999, 33.658529504 ], [ 135.346218959999987, 33.65850908 ], [ 135.345920024, 33.658342309 ], [ 135.345720156999988, 33.658365108 ], [ 135.34568346099999, 33.658502086 ], [ 135.345732096, 33.658672319 ], [ 135.345492801, 33.658721747 ], [ 135.34548514, 33.65853 ], [ 135.345485368, 33.658330981 ], [ 135.34523440000001, 33.65833178 ], [ 135.34524513400001, 33.658463981 ], [ 135.345105502, 33.658537792 ], [ 135.345047432, 33.658671675 ], [ 135.34475491, 33.65867846 ], [ 135.34486831000001, 33.65981069 ], [ 135.344610929999988, 33.66003669 ], [ 135.34431393, 33.66040092 ], [ 135.34408718, 33.66095795 ], [ 135.343926900000014, 33.66140476 ], [ 135.34356859, 33.66156763 ], [ 135.34285198, 33.66176306 ], [ 135.34262397, 33.66179564 ], [ 135.34130811, 33.662229388 ], [ 135.34136304, 33.663081431 ], [ 135.34168016699999, 33.663803385 ], [ 135.342566046, 33.664130263 ], [ 135.344513772999989, 33.664242234 ], [ 135.34568381, 33.66412758 ], [ 135.345898319000014, 33.663850064 ], [ 135.344995039999986, 33.66308386 ], [ 135.34496728, 33.66298233 ], [ 135.345040430000012, 33.66287174 ], [ 135.3451025, 33.66279174 ], [ 135.3452371, 33.6626183 ], [ 135.34571348, 33.66200444 ], [ 135.34626466, 33.66222937 ], [ 135.34756997, 33.66208406 ], [ 135.34777582000001, 33.66237124 ], [ 135.347806725999988, 33.663042725 ], [ 135.347910156000012, 33.663324774 ], [ 135.34926575, 33.66278764 ], [ 135.349577446000012, 33.662211009 ], [ 135.34963807, 33.66223229 ], [ 135.349762809999987, 33.66275019 ], [ 135.34977025, 33.66285323 ], [ 135.34982438, 33.66293362 ], [ 135.3499549, 33.66304875 ], [ 135.35008019, 33.66312951 ], [ 135.350558580000012, 33.6633918 ], [ 135.350763410000013, 33.66345238 ], [ 135.35093025, 33.66346928 ], [ 135.35107265, 33.66345858 ], [ 135.35119074, 33.66340656 ], [ 135.35128624, 33.66334863 ], [ 135.35141896, 33.66326815 ], [ 135.351572729999987, 33.66320257 ], [ 135.35173985, 33.66318057 ], [ 135.35189562, 33.66321343 ], [ 135.35228372, 33.6632887 ], [ 135.35241131, 33.66333801 ], [ 135.35269915, 33.6634631 ], [ 135.35277334, 33.66378849 ], [ 135.352820189999989, 33.66411145 ], [ 135.353440119999988, 33.66448204 ], [ 135.35362249, 33.66461803 ], [ 135.35384475, 33.66466491 ], [ 135.35433899, 33.66476916 ], [ 135.35439166, 33.66478027 ], [ 135.35452091, 33.66480754 ], [ 135.35415869, 33.66524375 ], [ 135.354717803, 33.665628378 ], [ 135.35657597, 33.66211879 ], [ 135.357963496, 33.659389173 ], [ 135.359100044, 33.659789312 ], [ 135.35926994, 33.65988718 ], [ 135.35944949, 33.66021954 ], [ 135.35957664, 33.6604549 ], [ 135.36027642900001, 33.661193379 ], [ 135.361452085, 33.661156516 ], [ 135.36211659, 33.66074051 ], [ 135.36270398, 33.66033386 ], [ 135.36319544, 33.659911372 ], [ 135.363221202, 33.659727807 ], [ 135.363107235, 33.659542119 ], [ 135.362981874000013, 33.659132935 ], [ 135.362973868000012, 33.658593446 ], [ 135.36306545, 33.65849261 ], [ 135.363125149000012, 33.6574205 ], [ 135.362973883, 33.657042793 ], [ 135.362808480000012, 33.65676135 ], [ 135.36274512, 33.65675825 ], [ 135.362611640000011, 33.65675171 ], [ 135.36233013, 33.6566999 ], [ 135.362054, 33.65660184 ], [ 135.36190953900001, 33.656598483 ], [ 135.361411815999986, 33.656935625 ], [ 135.36127359299999, 33.657110492 ], [ 135.360771867000011, 33.657213742 ], [ 135.36068548, 33.65713256 ], [ 135.36054377, 33.65705058 ], [ 135.360630179999987, 33.65683931 ], [ 135.36083439, 33.65651824 ], [ 135.36067795, 33.65611517 ], [ 135.360657370000013, 33.65593921 ], [ 135.36061231, 33.65555409 ], [ 135.36124833, 33.65531764 ], [ 135.361324990000014, 33.65527683 ], [ 135.363144481, 33.654229633 ], [ 135.363249852, 33.654093943 ], [ 135.36322585799999, 33.65396261 ], [ 135.363044954, 33.653833451 ], [ 135.36246401599999, 33.653794672 ], [ 135.362322291999988, 33.653671678 ], [ 135.362673924, 33.653375289 ], [ 135.362657369, 33.653282222 ], [ 135.362542588999986, 33.653294097 ], [ 135.36219238699999, 33.653396661 ], [ 135.36203629100001, 33.653288503 ], [ 135.36089918, 33.653720988 ], [ 135.360936727, 33.653947816 ], [ 135.360786749, 33.653976861 ], [ 135.360692660000012, 33.65394423 ], [ 135.360520494000014, 33.653817436 ], [ 135.360572045, 33.653597033 ], [ 135.36040707, 33.65355139 ], [ 135.35988308099999, 33.65370082 ], [ 135.3594548, 33.6536482 ], [ 135.359375410000013, 33.65369862 ], [ 135.35920013, 33.65367028 ], [ 135.358950959999987, 33.65367028 ], [ 135.35820162600001, 33.653966449 ], [ 135.357349766, 33.653917293 ], [ 135.357136515, 33.653823742 ], [ 135.357004031, 33.653897603 ], [ 135.357063227999987, 33.654088761 ], [ 135.356815911000012, 33.654260432 ], [ 135.356320274000012, 33.654737958 ], [ 135.35538992799999, 33.655171468 ], [ 135.355118190000013, 33.65524334 ], [ 135.35492958, 33.65529972 ], [ 135.35480819, 33.65532223 ], [ 135.35448513, 33.65530528 ], [ 135.354180197, 33.655293381 ], [ 135.35393897599999, 33.655125127 ], [ 135.35352846, 33.65485417 ], [ 135.35342069, 33.65482028 ], [ 135.35327236, 33.65480917 ], [ 135.352782066, 33.65485964 ], [ 135.35259876, 33.65512472 ], [ 135.35253153, 33.6551925 ], [ 135.3524707, 33.65526028 ], [ 135.352396809999988, 33.65538416 ], [ 135.352383190000012, 33.65538972 ], [ 135.352349589999989, 33.6554575 ], [ 135.35232265, 33.65553083 ], [ 135.352309029999986, 33.65560416 ], [ 135.35224847, 33.65573916 ], [ 135.351728396999988, 33.656043946 ], [ 135.351399859999987, 33.65640444 ], [ 135.351142638999988, 33.656646224 ], [ 135.350960359999988, 33.656701925 ], [ 135.350812483999988, 33.656924801 ], [ 135.350786292, 33.657088674 ], [ 135.350671806, 33.657138767 ], [ 135.35048375, 33.657115 ], [ 135.35042742499999, 33.656916814 ], [ 135.350322043, 33.656704536 ], [ 135.350216998, 33.65644753 ], [ 135.349765420000011, 33.65644306 ], [ 135.349510799, 33.656467673 ], [ 135.34945245, 33.6565497 ], [ 135.34920747699999, 33.656848879 ], [ 135.34888451899999, 33.657239701 ], [ 135.348705419999987, 33.65724472 ], [ 135.348692089999986, 33.65708111 ], [ 135.34861186399999, 33.656984793 ], [ 135.34848721899999, 33.656963262 ], [ 135.347886249999988, 33.65708 ], [ 135.347591490000013, 33.657053963 ], [ 135.34760501, 33.657152441 ] ] ] } },
{ "type": "Feature", "properties": { "A29_001": "30401", "A29_002": "和歌山県", "A29_003": "白浜町", "A29_004": 10, "A29_005": "準工業地域", "A29_006": 60, "A29_007": 200, "A29_008": "条件付き公開" }, "geometry": { "type": "Polygon", "coordinates": [ [ [ 135.386167666, 33.668122869 ], [ 135.386567765, 33.668029431 ], [ 135.386900034, 33.667845001 ], [ 135.38697417899999, 33.668001245 ], [ 135.38796837000001, 33.66723811 ], [ 135.388256289999987, 33.6669502 ], [ 135.38826943, 33.6669159 ], [ 135.38845043, 33.66644328 ], [ 135.38845043, 33.66621678 ], [ 135.388259049999988, 33.66572769 ], [ 135.38825338, 33.66572898 ], [ 135.387789613, 33.665511502 ], [ 135.387202487, 33.665427481 ], [ 135.386351741, 33.665504372 ], [ 135.386135122000013, 33.665474669 ], [ 135.385609574, 33.66555794 ], [ 135.386167666, 33.668122869 ] ] ] } },
{ "type": "Feature", "properties": { "A29_001": "30401", "A29_002": "和歌山県", "A29_003": "白浜町", "A29_004": 1, "A29_005": "第一種低層住居専用地域", "A29_006": 40, "A29_007": 80, "A29_008": "条件付き公開" }, "geometry": { "type": "Polygon", "coordinates": [ [ [ 135.352654304, 33.668371701 ], [ 135.352815670000012, 33.66831116 ], [ 135.35286406, 33.66831969 ], [ 135.35305587, 33.66835349 ], [ 135.35334591, 33.66845971 ], [ 135.3533502, 33.66846395 ], [ 135.353980361, 33.667224496 ], [ 135.353246250000012, 33.66661299 ], [ 135.352398525000012, 33.66659763 ], [ 135.35185103399999, 33.666368127 ], [ 135.351415425, 33.666437411 ], [ 135.350926313, 33.665985453 ], [ 135.350549941999986, 33.665812606 ], [ 135.350022467, 33.665768085 ], [ 135.349511912999986, 33.66515523 ], [ 135.34946568, 33.66407564 ], [ 135.347243636, 33.664019398 ], [ 135.346343904, 33.663780853 ], [ 135.345898319000014, 33.663850064 ], [ 135.34568381, 33.66412758 ], [ 135.344513772999989, 33.664242234 ], [ 135.342566046, 33.664130263 ], [ 135.34168016699999, 33.663803385 ], [ 135.34136304, 33.663081431 ], [ 135.34130811, 33.662229388 ], [ 135.341052636, 33.662434621 ], [ 135.341002999000011, 33.66280539 ], [ 135.341123497000012, 33.663243722 ], [ 135.340838141, 33.663969311 ], [ 135.340392579, 33.664146516 ], [ 135.341021729, 33.664698563 ], [ 135.3419638, 33.66467414 ], [ 135.34213831, 33.66476204 ], [ 135.34238083, 33.66490523 ], [ 135.34269604, 33.66511805 ], [ 135.34279152, 33.66515861 ], [ 135.34298414, 33.66520541 ], [ 135.34326095, 33.66524751 ], [ 135.34348384, 33.66527272 ], [ 135.3437152, 33.66526365 ], [ 135.34392875, 33.66525677 ], [ 135.344034279999988, 33.66523674 ], [ 135.344255659999988, 33.66510058 ], [ 135.34415819, 33.66486833 ], [ 135.34412332, 33.66477431 ], [ 135.344121019999989, 33.66471823 ], [ 135.344141900000011, 33.66467142 ], [ 135.34419014, 33.66462704 ], [ 135.34425325, 33.66460564 ], [ 135.34470413, 33.6647053 ], [ 135.345044269999988, 33.66469737 ], [ 135.34524216, 33.66468068 ], [ 135.345464099999987, 33.66464981 ], [ 135.34568594000001, 33.66463268 ], [ 135.345891, 33.66463472 ], [ 135.345932260000012, 33.66463513 ], [ 135.34617019, 33.66466156 ], [ 135.346224830000011, 33.66468527 ], [ 135.34629568, 33.66471601 ], [ 135.34635691, 33.6647644 ], [ 135.34641511, 33.66484939 ], [ 135.346453239999988, 33.66496575 ], [ 135.346437720000011, 33.66502632 ], [ 135.34635185, 33.6651609 ], [ 135.3463248, 33.66520387 ], [ 135.346244500000012, 33.66533142 ], [ 135.346239270000012, 33.66537309 ], [ 135.34623431, 33.66541261 ], [ 135.34628229, 33.66558223 ], [ 135.34633617, 33.66569695 ], [ 135.346466529999987, 33.66583268 ], [ 135.34662226, 33.66595995 ], [ 135.34676387, 33.66605683 ], [ 135.34692193, 33.66614921 ], [ 135.346980769999988, 33.66618304 ], [ 135.347057510000013, 33.66622717 ], [ 135.34712542, 33.66629619 ], [ 135.34717955, 33.66637773 ], [ 135.34722211, 33.66654045 ], [ 135.34725235, 33.66661744 ], [ 135.34727487, 33.66667477 ], [ 135.347363769999987, 33.66690111 ], [ 135.347447499999987, 33.66705146 ], [ 135.34759574, 33.66717584 ], [ 135.34775935, 33.66725681 ], [ 135.34789312, 33.66730444 ], [ 135.3481612, 33.66732644 ], [ 135.3483857, 33.66732077 ], [ 135.348615849999987, 33.66728993 ], [ 135.34877773, 33.66725584 ], [ 135.348994870000013, 33.66721011 ], [ 135.349050150000011, 33.66720082 ], [ 135.3490675, 33.6671979 ], [ 135.34913989, 33.66721774 ], [ 135.34918749, 33.66725804 ], [ 135.34929888, 33.66736963 ], [ 135.349398079999986, 33.66746285 ], [ 135.349470669999988, 33.66750025 ], [ 135.34957873, 33.66755592 ], [ 135.349726190000013, 33.66760133 ], [ 135.34985816, 33.66762367 ], [ 135.34999136, 33.66764621 ], [ 135.35064187, 33.66777322 ], [ 135.35089226, 33.66780656 ], [ 135.351111519999989, 33.66783576 ], [ 135.35121393, 33.6678672 ], [ 135.351332609999986, 33.66791817 ], [ 135.351446939999988, 33.66800346 ], [ 135.35162448, 33.66814572 ], [ 135.351753980000012, 33.66821318 ], [ 135.3520159, 33.66825599 ], [ 135.3522982, 33.66822341 ], [ 135.352654304, 33.668371701 ] ] ] } },
{ "type": "Feature", "properties": { "A29_001": "30401", "A29_002": "和歌山県", "A29_003": "白浜町", "A29_004": 3, "A29_005": "第一種中高層住居専用地域", "A29_006": 60, "A29_007": 200, "A29_008": "条件付き公開" }, "geometry": { "type": "Polygon", "coordinates": [ [ [ 135.33396412, 33.66952233 ], [ 135.33401064, 33.66940623 ], [ 135.33404042, 33.66933189 ], [ 135.334125660000012, 33.66911913 ], [ 135.334241819999988, 33.6688292 ], [ 135.334500749999989, 33.66822546 ], [ 135.334603, 33.66806225 ], [ 135.33468192, 33.66798528 ], [ 135.334717329999989, 33.66795075 ], [ 135.334786939999987, 33.66788117 ], [ 135.3349905, 33.66772636 ], [ 135.335276029999989, 33.66750919 ], [ 135.335774390000012, 33.66716272 ], [ 135.336268280000013, 33.66681933 ], [ 135.336568289000013, 33.666529076 ], [ 135.33587530299999, 33.665878122 ], [ 135.33567414, 33.66602229 ], [ 135.33535651, 33.66614672 ], [ 135.33507465, 33.66625714 ], [ 135.335009, 33.66628286 ], [ 135.33443822000001, 33.66648446 ], [ 135.33406793, 33.66652292 ], [ 135.33346529, 33.66660085 ], [ 135.333319585, 33.666760709 ], [ 135.333287430000013, 33.6669132 ], [ 135.33299691, 33.66709782 ], [ 135.33274484, 33.66730588 ], [ 135.33273405, 33.66731831 ], [ 135.33273137, 33.66731934 ], [ 135.3327186, 33.66733611 ], [ 135.332578289999987, 33.66749775 ], [ 135.33254961, 33.66756558 ], [ 135.33251357, 33.6676508 ], [ 135.33246501, 33.66776564 ], [ 135.33236940899999, 33.667882782 ], [ 135.33260324, 33.668035573 ], [ 135.33240195, 33.66831069 ], [ 135.33228606, 33.66840635 ], [ 135.33216993, 33.66850221 ], [ 135.33205505, 33.66863485 ], [ 135.3319994, 33.66872086 ], [ 135.33186709, 33.66892536 ], [ 135.331853810000013, 33.66893 ], [ 135.33159883, 33.66901911 ], [ 135.33134897, 33.66930928 ], [ 135.331263403, 33.669490469 ], [ 135.33145661399999, 33.669666621 ], [ 135.33200110300001, 33.669596705 ], [ 135.331999489, 33.669805437 ], [ 135.332319073, 33.669986085 ], [ 135.33219197, 33.67042332 ], [ 135.333079821000013, 33.670306286 ], [ 135.33396412, 33.66952233 ] ] ] } },
{ "type": "Feature", "properties": { "A29_001": "30401", "A29_002": "和歌山県", "A29_003": "白浜町", "A29_004": 10, "A29_005": "準工業地域", "A29_006": 60, "A29_007": 200, "A29_008": "条件付き公開" }, "geometry": { "type": "Polygon", "coordinates": [ [ [ 135.36741100099999, 33.658174355 ], [ 135.365575177000011, 33.66003253 ], [ 135.364803161, 33.659494186 ], [ 135.364025539000011, 33.659719208 ], [ 135.363442865, 33.659771778 ], [ 135.36319544, 33.659911372 ], [ 135.36270398, 33.66033386 ], [ 135.36211659, 33.66074051 ], [ 135.361452085, 33.661156516 ], [ 135.36027642900001, 33.661193379 ], [ 135.35957664, 33.6604549 ], [ 135.35916834, 33.66085347 ], [ 135.358883147, 33.66133884 ], [ 135.358972773, 33.661563552 ], [ 135.35963029199999, 33.662010561 ], [ 135.359037109000013, 33.66289029 ], [ 135.35931519, 33.66307878 ], [ 135.359130426, 33.663386982 ], [ 135.35915052499999, 33.663754471 ], [ 135.35939335899999, 33.664094487 ], [ 135.359665006, 33.664396483 ], [ 135.359597492, 33.664602612 ], [ 135.359473329999986, 33.66485225 ], [ 135.359077969999987, 33.66537187 ], [ 135.35987981, 33.66593654 ], [ 135.359879979999988, 33.66593667 ], [ 135.35980235, 33.66601631 ], [ 135.35840749, 33.66744721 ], [ 135.35637824, 33.66952879 ], [ 135.35772823, 33.670491502 ], [ 135.36238769, 33.66571075 ], [ 135.362613610000011, 33.66548483 ], [ 135.37062247, 33.65734042 ], [ 135.371074310000012, 33.65762282 ], [ 135.3730624, 33.6557138 ], [ 135.371154708, 33.654430973 ], [ 135.36741100099999, 33.658174355 ] ] ] } },
{ "type": "Feature", "properties": { "A29_001": "30401", "A29_002": "和歌山県", "A29_003": "白浜町", "A29_004": 1, "A29_005": "第一種低層住居専用地域", "A29_006": 30, "A29_007": 50, "A29_008": "条件付き公開" }, "geometry": { "type": "Polygon", "coordinates": [ [ [ 135.351753980000012, 33.66821318 ], [ 135.35162448, 33.66814572 ], [ 135.351446939999988, 33.66800346 ], [ 135.351332609999986, 33.66791817 ], [ 135.35121393, 33.6678672 ], [ 135.351111519999989, 33.66783576 ], [ 135.35089226, 33.66780656 ], [ 135.35064187, 33.66777322 ], [ 135.34999136, 33.66764621 ], [ 135.34985816, 33.66762367 ], [ 135.349726190000013, 33.66760133 ], [ 135.34957873, 33.66755592 ], [ 135.349470669999988, 33.66750025 ], [ 135.349398079999986, 33.66746285 ], [ 135.34929888, 33.66736963 ], [ 135.34918749, 33.66725804 ], [ 135.34913989, 33.66721774 ], [ 135.3490675, 33.6671979 ], [ 135.349050150000011, 33.66720082 ], [ 135.348994870000013, 33.66721011 ], [ 135.34877773, 33.66725584 ], [ 135.348615849999987, 33.66728993 ], [ 135.3483857, 33.66732077 ], [ 135.3481612, 33.66732644 ], [ 135.34789312, 33.66730444 ], [ 135.34775935, 33.66725681 ], [ 135.34759574, 33.66717584 ], [ 135.347447499999987, 33.66705146 ], [ 135.347363769999987, 33.66690111 ], [ 135.34727487, 33.66667477 ], [ 135.34725235, 33.66661744 ], [ 135.34722211, 33.66654045 ], [ 135.34717955, 33.66637773 ], [ 135.34712542, 33.66629619 ], [ 135.347057510000013, 33.66622717 ], [ 135.346980769999988, 33.66618304 ], [ 135.34692193, 33.66614921 ], [ 135.34676387, 33.66605683 ], [ 135.34662226, 33.66595995 ], [ 135.346466529999987, 33.66583268 ], [ 135.34633617, 33.66569695 ], [ 135.34628229, 33.66558223 ], [ 135.34623431, 33.66541261 ], [ 135.346239270000012, 33.66537309 ], [ 135.346244500000012, 33.66533142 ], [ 135.3463248, 33.66520387 ], [ 135.34635185, 33.6651609 ], [ 135.346437720000011, 33.66502632 ], [ 135.346453239999988, 33.66496575 ], [ 135.34641511, 33.66484939 ], [ 135.34635691, 33.6647644 ], [ 135.34629568, 33.66471601 ], [ 135.346224830000011, 33.66468527 ], [ 135.34617019, 33.66466156 ], [ 135.345932260000012, 33.66463513 ], [ 135.345891, 33.66463472 ], [ 135.34568594000001, 33.66463268 ], [ 135.345464099999987, 33.66464981 ], [ 135.34524216, 33.66468068 ], [ 135.345044269999988, 33.66469737 ], [ 135.34470413, 33.6647053 ], [ 135.34425325, 33.66460564 ], [ 135.34419014, 33.66462704 ], [ 135.344141900000011, 33.66467142 ], [ 135.344121019999989, 33.66471823 ], [ 135.34412332, 33.66477431 ], [ 135.34415819, 33.66486833 ], [ 135.344255659999988, 33.66510058 ], [ 135.344034279999988, 33.66523674 ], [ 135.34392875, 33.66525677 ], [ 135.3437152, 33.66526365 ], [ 135.34348384, 33.66527272 ], [ 135.34326095, 33.66524751 ], [ 135.34298414, 33.66520541 ], [ 135.34279152, 33.66515861 ], [ 135.34269604, 33.66511805 ], [ 135.34238083, 33.66490523 ], [ 135.34213831, 33.66476204 ], [ 135.3419638, 33.66467414 ], [ 135.341021729, 33.664698563 ], [ 135.341299743, 33.66565429 ], [ 135.34118973, 33.666238179 ], [ 135.341454868999989, 33.666637989 ], [ 135.342221931000012, 33.667441254 ], [ 135.341972924, 33.667544895 ], [ 135.34161870299999, 33.667228108 ], [ 135.34120775, 33.667242618 ], [ 135.340742678, 33.66761945 ], [ 135.340492930000011, 33.66742827 ], [ 135.340297490000012, 33.66743913 ], [ 135.33970032, 33.66763457 ], [ 135.33928773, 33.667754 ], [ 135.33910286, 33.667776095 ], [ 135.339025619000012, 33.667927566 ], [ 135.33875862, 33.66809312 ], [ 135.338379967, 33.66828752 ], [ 135.337902931, 33.668198866 ], [ 135.33702138000001, 33.66831027 ], [ 135.336108733, 33.66830874 ], [ 135.335918786, 33.668522424 ], [ 135.335920276, 33.669071123 ], [ 135.336211209999988, 33.669082228 ], [ 135.336261428, 33.669230406 ], [ 135.33615107, 33.669482688 ], [ 135.33676542, 33.669734089 ], [ 135.338505770000012, 33.669743416 ], [ 135.33854071799999, 33.669948104 ], [ 135.33828660099999, 33.670047601 ], [ 135.338121648, 33.670251555 ], [ 135.338240124, 33.670428724 ], [ 135.339751406, 33.670546545 ], [ 135.34100795399999, 33.670395801 ], [ 135.341549272, 33.670498881 ], [ 135.341985773, 33.670878133 ], [ 135.34252709399999, 33.670981209 ], [ 135.343050392, 33.670953265 ], [ 135.343209091, 33.671095337 ], [ 135.343641670000011, 33.67103304 ], [ 135.344089537, 33.671436901 ], [ 135.344394547, 33.671541231 ], [ 135.344298220000013, 33.671649296 ], [ 135.34412586, 33.67176929 ], [ 135.34452058799999, 33.671806699 ], [ 135.34485774, 33.67163021 ], [ 135.345302909999987, 33.6713262 ], [ 135.346551549999987, 33.67107647 ], [ 135.34698585000001, 33.67090274 ], [ 135.34727901, 33.67080502 ], [ 135.347457822, 33.670860713 ], [ 135.347651793000011, 33.671244628 ], [ 135.347882156999987, 33.671658695 ], [ 135.34811336300001, 33.671826076 ], [ 135.348136817000011, 33.671690861 ], [ 135.347928862, 33.671392805 ], [ 135.348438382000012, 33.671363286 ], [ 135.348389569, 33.671008532 ], [ 135.347875765, 33.671056154 ], [ 135.347711183, 33.670747541 ], [ 135.347887465000014, 33.670499431 ], [ 135.348104350999989, 33.669217044 ], [ 135.348213335999986, 33.669165903 ], [ 135.34847531, 33.669234081 ], [ 135.348356849999988, 33.6701778 ], [ 135.348491235000012, 33.670341678 ], [ 135.34860267, 33.670293197 ], [ 135.34880669899999, 33.669721725 ], [ 135.348888977, 33.669215216 ], [ 135.349217581, 33.669023993 ], [ 135.349222239999989, 33.668531107 ], [ 135.349597619, 33.66793668 ], [ 135.35053925, 33.66790854 ], [ 135.351338699, 33.668153549 ], [ 135.351334951000013, 33.668315978 ], [ 135.351502363, 33.668343694 ], [ 135.351753980000012, 33.66821318 ] ] ] } },
{ "type": "Feature", "properties": { "A29_001": "30401", "A29_002": "和歌山県", "A29_003": "白浜町", "A29_004": 3, "A29_005": "第一種中高層住居専用地域", "A29_006": 60, "A29_007": 200, "A29_008": "条件付き公開" }, "geometry": { "type": "Polygon", "coordinates": [ [ [ 135.341985773, 33.670878133 ], [ 135.341549272, 33.670498881 ], [ 135.34100795399999, 33.670395801 ], [ 135.339751406, 33.670546545 ], [ 135.338240124, 33.670428724 ], [ 135.338121648, 33.670251555 ], [ 135.33828660099999, 33.670047601 ], [ 135.33854071799999, 33.669948104 ], [ 135.338505770000012, 33.669743416 ], [ 135.33676542, 33.669734089 ], [ 135.33615107, 33.669482688 ], [ 135.336261428, 33.669230406 ], [ 135.336211209999988, 33.669082228 ], [ 135.335920276, 33.669071123 ], [ 135.335918786, 33.668522424 ], [ 135.336108733, 33.66830874 ], [ 135.33702138000001, 33.66831027 ], [ 135.337902931, 33.668198866 ], [ 135.338379967, 33.66828752 ], [ 135.33875862, 33.66809312 ], [ 135.339025619000012, 33.667927566 ], [ 135.33910286, 33.667776095 ], [ 135.33791693500001, 33.666906157 ], [ 135.337241760000012, 33.66741486 ], [ 135.337039620000013, 33.66744816 ], [ 135.33694577, 33.66746362 ], [ 135.336735870000012, 33.66760621 ], [ 135.33666147, 33.66765674 ], [ 135.336505960000011, 33.66776238 ], [ 135.33603338, 33.6680834 ], [ 135.33557685, 33.66839351 ], [ 135.335366209999989, 33.66891757 ], [ 135.335232530000013, 33.66925015 ], [ 135.335229410000011, 33.66925792 ], [ 135.33506078, 33.66969119 ], [ 135.33492641, 33.67003644 ], [ 135.33485854, 33.67021082 ], [ 135.33462320000001, 33.67081547 ], [ 135.33457671, 33.6709349 ], [ 135.334538259999988, 33.6710337 ], [ 135.33443519, 33.6712033 ], [ 135.3344954, 33.67125675 ], [ 135.33482031, 33.67154517 ], [ 135.3351595, 33.67182989 ], [ 135.3353884, 33.67202203 ], [ 135.3359585, 33.67251013 ], [ 135.33607647, 33.67262043 ], [ 135.336137400000013, 33.67255818 ], [ 135.336647027, 33.672149457 ], [ 135.336900076, 33.672079247 ], [ 135.33703358, 33.67227922 ], [ 135.33729269, 33.67209692 ], [ 135.33745464, 33.67202625 ], [ 135.33807772, 33.67180178 ], [ 135.33815858, 33.67177228 ], [ 135.33843787, 33.67173738 ], [ 135.33888417, 33.67168161 ], [ 135.33959361, 33.67158086 ], [ 135.33999745, 33.67151974 ], [ 135.34252709399999, 33.670981209 ], [ 135.341985773, 33.670878133 ] ] ] } },
{ "type": "Feature", "properties": { "A29_001": "30401", "A29_002": "和歌山県", "A29_003": "白浜町", "A29_004": 1, "A29_005": "第一種低層住居専用地域", "A29_006": 30, "A29_007": 50, "A29_008": "条件付き公開" }, "geometry": { "type": "Polygon", "coordinates": [ [ [ 135.35045226, 33.67254524 ], [ 135.350694299, 33.672441528 ], [ 135.350809555000012, 33.672481496 ], [ 135.35100534599999, 33.672625661 ], [ 135.35152667, 33.6725265 ], [ 135.35161586000001, 33.6723515 ], [ 135.351699810000014, 33.67196211 ], [ 135.35178675, 33.671680622 ], [ 135.352059067, 33.671368007 ], [ 135.352385018, 33.671276677 ], [ 135.353009390000011, 33.67134078 ], [ 135.35321256200001, 33.671371283 ], [ 135.353270845999987, 33.671260336 ], [ 135.35211006099999, 33.670845826 ], [ 135.3533502, 33.66846395 ], [ 135.35334591, 33.66845971 ], [ 135.35305587, 33.66835349 ], [ 135.35286406, 33.66831969 ], [ 135.352815670000012, 33.66831116 ], [ 135.352654304, 33.668371701 ], [ 135.352943219999986, 33.66865233 ], [ 135.3529931, 33.66891831 ], [ 135.352718759, 33.669321761 ], [ 135.35219651, 33.66981404 ], [ 135.351183983, 33.669924892 ], [ 135.351387351999989, 33.67067045 ], [ 135.351091781, 33.670804699 ], [ 135.350896224, 33.67152508 ], [ 135.35061395, 33.671743314 ], [ 135.350584808, 33.671960011 ], [ 135.350704392000011, 33.672237611 ], [ 135.350274809000013, 33.672450058 ], [ 135.350109030999988, 33.672298893 ], [ 135.350113822, 33.67166196 ], [ 135.350008311000011, 33.671464592 ], [ 135.349838471, 33.671284778 ], [ 135.349458069, 33.671218364 ], [ 135.34929942, 33.67130469 ], [ 135.349196080000013, 33.67133349 ], [ 135.34895359, 33.67170864 ], [ 135.348916550000013, 33.67175673 ], [ 135.34882198, 33.6718309 ], [ 135.34871883, 33.67187879 ], [ 135.34866775, 33.67189286 ], [ 135.348619070000012, 33.67188934 ], [ 135.34826698, 33.67191529 ], [ 135.34867947, 33.67207849 ], [ 135.3489367, 33.67202021 ], [ 135.349246282, 33.67181878 ], [ 135.349566205, 33.671486478 ], [ 135.34977298699999, 33.671496512 ], [ 135.349896038, 33.671732739 ], [ 135.34990106, 33.672487215 ], [ 135.35000691, 33.672788599 ], [ 135.350212094, 33.672821884 ], [ 135.35045226, 33.67254524 ] ] ] } },
{ "type": "Feature", "properties": { "A29_001": "30401", "A29_002": "和歌山県", "A29_003": "白浜町", "A29_004": 1, "A29_005": "第一種低層住居専用地域", "A29_006": 40, "A29_007": 80, "A29_008": "条件付き公開" }, "geometry": { "type": "Polygon", "coordinates": [ [ [ 135.34969003, 33.67213342 ], [ 135.34980202, 33.67252995 ], [ 135.35000691, 33.672788599 ], [ 135.34990106, 33.672487215 ], [ 135.349896038, 33.671732739 ], [ 135.34977298699999, 33.671496512 ], [ 135.349566205, 33.671486478 ], [ 135.349246282, 33.67181878 ], [ 135.3489367, 33.67202021 ], [ 135.34867947, 33.67207849 ], [ 135.34826698, 33.67191529 ], [ 135.34811336300001, 33.671826076 ], [ 135.347882156999987, 33.671658695 ], [ 135.347651793000011, 33.671244628 ], [ 135.347457822, 33.670860713 ], [ 135.34727901, 33.67080502 ], [ 135.34698585000001, 33.67090274 ], [ 135.346551549999987, 33.67107647 ], [ 135.345302909999987, 33.6713262 ], [ 135.34485774, 33.67163021 ], [ 135.34452058799999, 33.671806699 ], [ 135.34412586, 33.67176929 ], [ 135.343723923, 33.671717543 ], [ 135.343278356000013, 33.671553432 ], [ 135.343082278999987, 33.671712186 ], [ 135.343070899999987, 33.67205801 ], [ 135.342923176999989, 33.672373348 ], [ 135.342696163, 33.672397189 ], [ 135.341962346, 33.672092698 ], [ 135.341116907000014, 33.672115031 ], [ 135.34083315, 33.67223812 ], [ 135.34072784, 33.67240693 ], [ 135.340686839999989, 33.67257951 ], [ 135.340602569999987, 33.67266498 ], [ 135.340670453, 33.673040685 ], [ 135.340480995, 33.673638939 ], [ 135.340537286, 33.673740389 ], [ 135.340916187, 33.673742411 ], [ 135.341098501, 33.67348192 ], [ 135.341212891999987, 33.673148544 ], [ 135.341313817000014, 33.673084194 ], [ 135.341489018, 33.67315765 ], [ 135.341544074000012, 33.673421314 ], [ 135.341485396, 33.673632844 ], [ 135.343468757000011, 33.673664389 ], [ 135.343590266, 33.674195595 ], [ 135.34377811499999, 33.674708067 ], [ 135.344538222000011, 33.674710192 ], [ 135.34565138, 33.6748248 ], [ 135.34637835800001, 33.67496995 ], [ 135.347237795000012, 33.675421079 ], [ 135.34759449, 33.67491685 ], [ 135.347893863, 33.674691683 ], [ 135.3480547, 33.67444641 ], [ 135.349515864000011, 33.674213566 ], [ 135.349579377, 33.673660438 ], [ 135.349466156, 33.673539607 ], [ 135.349357137, 33.67225462 ], [ 135.349484055, 33.672139792 ], [ 135.34969003, 33.67213342 ] ] ] } },
{ "type": "Feature", "properties": { "A29_001": "30401", "A29_002": "和歌山県", "A29_003": "白浜町", "A29_004": 6, "A29_005": "第二種住居地域", "A29_006": 60, "A29_007": 200, "A29_008": "条件付き公開" }, "geometry": { "type": "Polygon", "coordinates": [ [ [ 135.336307084999987, 33.675263343 ], [ 135.33765251299999, 33.675066591 ], [ 135.33778689, 33.67491685 ], [ 135.337649797000012, 33.674304375 ], [ 135.33735048599999, 33.673594902 ], [ 135.336976212, 33.673287537 ], [ 135.33762063399999, 33.673183866 ], [ 135.33794065, 33.673283165 ], [ 135.33927193299999, 33.673066042 ], [ 135.339539327000011, 33.673172438 ], [ 135.339530843, 33.672956003 ], [ 135.339256092, 33.672898965 ], [ 135.338799954, 33.672848813 ], [ 135.338332404999989, 33.672798598 ], [ 135.338253358, 33.672688437 ], [ 135.338564139999988, 33.67262602 ], [ 135.339143826999987, 33.672655032 ], [ 135.33985273, 33.67262602 ], [ 135.340524087, 33.672748287 ], [ 135.340602569999987, 33.67266498 ], [ 135.340686839999989, 33.67257951 ], [ 135.34072784, 33.67240693 ], [ 135.34083315, 33.67223812 ], [ 135.341116907000014, 33.672115031 ], [ 135.341962346, 33.672092698 ], [ 135.342696163, 33.672397189 ], [ 135.342923176999989, 33.672373348 ], [ 135.343070899999987, 33.67205801 ], [ 135.343082278999987, 33.671712186 ], [ 135.343278356000013, 33.671553432 ], [ 135.343723923, 33.671717543 ], [ 135.34412586, 33.67176929 ], [ 135.344298220000013, 33.671649296 ], [ 135.344394547, 33.671541231 ], [ 135.344089537, 33.671436901 ], [ 135.343641670000011, 33.67103304 ], [ 135.343209091, 33.671095337 ], [ 135.343050392, 33.670953265 ], [ 135.34252709399999, 33.670981209 ], [ 135.33999745, 33.67151974 ], [ 135.33959361, 33.67158086 ], [ 135.33888417, 33.67168161 ], [ 135.33843787, 33.67173738 ], [ 135.33815858, 33.67177228 ], [ 135.33807772, 33.67180178 ], [ 135.33745464, 33.67202625 ], [ 135.33729269, 33.67209692 ], [ 135.33723075, 33.6721405 ], [ 135.33716103, 33.67218894 ], [ 135.33703358, 33.67227922 ], [ 135.336900076, 33.672079247 ], [ 135.336647027, 33.672149457 ], [ 135.336137400000013, 33.67255818 ], [ 135.33607647, 33.67262043 ], [ 135.3359585, 33.67251013 ], [ 135.3353884, 33.67202203 ], [ 135.3351595, 33.67182989 ], [ 135.33482031, 33.67154517 ], [ 135.3344954, 33.67125675 ], [ 135.33443519, 33.6712033 ], [ 135.334538259999988, 33.6710337 ], [ 135.33457671, 33.6709349 ], [ 135.33462320000001, 33.67081547 ], [ 135.33485854, 33.67021082 ], [ 135.33492641, 33.67003644 ], [ 135.33506078, 33.66969119 ], [ 135.33515105, 33.66945926 ], [ 135.335229410000011, 33.66925792 ], [ 135.335232530000013, 33.66925015 ], [ 135.335366209999989, 33.66891757 ], [ 135.33557685, 33.66839351 ], [ 135.33603338, 33.6680834 ], [ 135.336505960000011, 33.66776238 ], [ 135.33666147, 33.66765674 ], [ 135.336735870000012, 33.66760621 ], [ 135.33694577, 33.66746362 ], [ 135.337039620000013, 33.66744816 ], [ 135.337241760000012, 33.66741486 ], [ 135.33791693500001, 33.666906157 ], [ 135.33910286, 33.667776095 ], [ 135.33928773, 33.667754 ], [ 135.33970032, 33.66763457 ], [ 135.340297490000012, 33.66743913 ], [ 135.340492930000011, 33.66742827 ], [ 135.340742678, 33.66761945 ], [ 135.34120775, 33.667242618 ], [ 135.34161870299999, 33.667228108 ], [ 135.341972924, 33.667544895 ], [ 135.342221931000012, 33.667441254 ], [ 135.341454868999989, 33.666637989 ], [ 135.34118973, 33.666238179 ], [ 135.341299743, 33.66565429 ], [ 135.341021729, 33.664698563 ], [ 135.340392579, 33.664146516 ], [ 135.338756606, 33.664679309 ], [ 135.3365483, 33.66528018 ], [ 135.33631811, 33.66556013 ], [ 135.33607807199999, 33.665478242 ], [ 135.33576119, 33.665609939 ], [ 135.33596748, 33.66581206 ], [ 135.33587530299999, 33.665878122 ], [ 135.336568289000013, 33.666529076 ], [ 135.336268280000013, 33.66681933 ], [ 135.335774390000012, 33.66716272 ], [ 135.335276029999989, 33.66750919 ], [ 135.3349905, 33.66772636 ], [ 135.334786939999987, 33.66788117 ], [ 135.334717329999989, 33.66795075 ], [ 135.33468192, 33.66798528 ], [ 135.334603, 33.66806225 ], [ 135.334500749999989, 33.66822546 ], [ 135.334241819999988, 33.6688292 ], [ 135.334125660000012, 33.66911913 ], [ 135.33404042, 33.66933189 ], [ 135.33401064, 33.66940623 ], [ 135.33396412, 33.66952233 ], [ 135.333079821000013, 33.670306286 ], [ 135.33219197, 33.67042332 ], [ 135.33212042, 33.67076513 ], [ 135.331970692999988, 33.671500257 ], [ 135.332198197999986, 33.671966681 ], [ 135.33252946799999, 33.672297684 ], [ 135.33334473799999, 33.672514102 ], [ 135.333400106999989, 33.672733876 ], [ 135.33242517, 33.673376799 ], [ 135.332400213, 33.67363501 ], [ 135.332719618999988, 33.67365582 ], [ 135.33306310399999, 33.673514538 ], [ 135.333690504, 33.673556092 ], [ 135.33473965799999, 33.67366671 ], [ 135.335128055000013, 33.673621088 ], [ 135.33561799099999, 33.67372869 ], [ 135.335318398999988, 33.674099234 ], [ 135.334551690000012, 33.674362296 ], [ 135.334527321, 33.674562556 ], [ 135.334892529, 33.674564522 ], [ 135.33508537099999, 33.674718239 ], [ 135.335110754999988, 33.674982437 ], [ 135.335196782, 33.675071908 ], [ 135.335984196, 33.675009868 ], [ 135.336307084999987, 33.675263343 ] ] ] } },
{ "type": "Feature", "properties": { "A29_001": "30401", "A29_002": "和歌山県", "A29_003": "白浜町", "A29_004": 9, "A29_005": "商業地域", "A29_006": 80, "A29_007": 400, "A29_008": "条件付き公開" }, "geometry": { "type": "Polygon", "coordinates": [ [ [ 135.387261803, 33.675530323 ], [ 135.38724484299999, 33.675275983 ], [ 135.38724008, 33.67514047 ], [ 135.387234549999988, 33.67496374 ], [ 135.38722008, 33.67450046 ], [ 135.387270228, 33.673537327 ], [ 135.38692412899999, 33.673657278 ], [ 135.386828594, 33.674253208 ], [ 135.386404854, 33.674460011 ], [ 135.38630304, 33.67465299 ], [ 135.3860881, 33.67529003 ], [ 135.38580697, 33.67619891 ], [ 135.38573525000001, 33.67650166 ], [ 135.38572406, 33.67654892 ], [ 135.385644085, 33.676592114 ], [ 135.38584695, 33.676772777 ], [ 135.386099120000011, 33.67659452 ], [ 135.38617939, 33.676514 ], [ 135.3862545, 33.67635731 ], [ 135.38635492, 33.67624596 ], [ 135.38646075, 33.67617509 ], [ 135.38665165399999, 33.67630975 ], [ 135.386642332, 33.676417057 ], [ 135.386505374, 33.676416377 ], [ 135.38647247, 33.67656182 ], [ 135.386692345, 33.676606962 ], [ 135.38665873, 33.67675436 ], [ 135.38694806, 33.67689621 ], [ 135.38694252, 33.67707587 ], [ 135.386928025, 33.677269565 ], [ 135.387414654999986, 33.677354857 ], [ 135.387551081, 33.67743068 ], [ 135.387643997999987, 33.677606483 ], [ 135.387978369, 33.677532993 ], [ 135.387599841999986, 33.676589991 ], [ 135.387261803, 33.675530323 ] ] ] } },
{ "type": "Feature", "properties": { "A29_001": "30401", "A29_002": "和歌山県", "A29_003": "白浜町", "A29_004": 3, "A29_005": "第一種中高層住居専用地域", "A29_006": 60, "A29_007": 200, "A29_008": "条件付き公開" }, "geometry": { "type": "Polygon", "coordinates": [ [ [ 135.36229436, 33.67807175 ], [ 135.362312620000012, 33.67805815 ], [ 135.36258851, 33.67785262 ], [ 135.36273194, 33.67774577 ], [ 135.3628602, 33.67765022 ], [ 135.36289399, 33.67762505 ], [ 135.36295085, 33.67764686 ], [ 135.36309836, 33.67770345 ], [ 135.36327061, 33.67750562 ], [ 135.363397490000011, 33.67747653 ], [ 135.363420569999988, 33.67762896 ], [ 135.363460550000013, 33.6777071 ], [ 135.36351715, 33.67775142 ], [ 135.36362211, 33.67780075 ], [ 135.363981630000012, 33.67787637 ], [ 135.36461259, 33.6777172 ], [ 135.364944009999988, 33.67774388 ], [ 135.365092839999988, 33.67744004 ], [ 135.36384892, 33.67668666 ], [ 135.3637999, 33.67665697 ], [ 135.363875830000012, 33.67658835 ], [ 135.36402633, 33.67654093 ], [ 135.364375130000013, 33.67652607 ], [ 135.36439556, 33.67644734 ], [ 135.36442201, 33.67634544 ], [ 135.36418975, 33.67617244 ], [ 135.36404479, 33.67606447 ], [ 135.36365618, 33.67607437 ], [ 135.36338077, 33.67606927 ], [ 135.363175500000011, 33.67606546 ], [ 135.363140859999987, 33.67606233 ], [ 135.362845990000011, 33.67602914 ], [ 135.362747719999987, 33.67603815 ], [ 135.36267808, 33.67606596 ], [ 135.36255359, 33.67611568 ], [ 135.36259164, 33.67597428 ], [ 135.36258347, 33.67592307 ], [ 135.36253961, 33.67588834 ], [ 135.36238341, 33.67583994 ], [ 135.3622923, 33.67584423 ], [ 135.36219216, 33.67591391 ], [ 135.36192134, 33.67606543 ], [ 135.36173388, 33.67601091 ], [ 135.361559949999986, 33.6758577 ], [ 135.36143014000001, 33.67551315 ], [ 135.361311449999988, 33.6754456 ], [ 135.361241549999988, 33.67546725 ], [ 135.3611907, 33.67551161 ], [ 135.361102530000011, 33.675695 ], [ 135.36106916, 33.67578169 ], [ 135.36106421, 33.67587328 ], [ 135.3611497, 33.67614919 ], [ 135.361032990000012, 33.67634136 ], [ 135.3610093, 33.67646617 ], [ 135.36081153, 33.67655498 ], [ 135.36060518, 33.67655154 ], [ 135.36052959, 33.67638099 ], [ 135.3602478, 33.67618676 ], [ 135.36015658, 33.67601257 ], [ 135.360285549999986, 33.67599122 ], [ 135.36028736, 33.67593888 ], [ 135.36030613, 33.67590208 ], [ 135.360338899999988, 33.6758975 ], [ 135.36038, 33.67592151 ], [ 135.36046761, 33.67600525 ], [ 135.360551, 33.67608422 ], [ 135.36062901, 33.67612032 ], [ 135.36067308, 33.67612769 ], [ 135.36070317, 33.67609929 ], [ 135.36074072, 33.6760257 ], [ 135.36045854, 33.6754049 ], [ 135.360420870000013, 33.67530237 ], [ 135.36043145, 33.67521913 ], [ 135.36049996, 33.67499936 ], [ 135.36054167, 33.67492026 ], [ 135.36057286, 33.6748611 ], [ 135.3606504, 33.67476751 ], [ 135.36073939, 33.67466801 ], [ 135.36068046, 33.67455348 ], [ 135.360617, 33.67447343 ], [ 135.360588650000011, 33.674459 ], [ 135.360559849999987, 33.67450288 ], [ 135.360516389999987, 33.67460737 ], [ 135.36044156, 33.67471883 ], [ 135.36040577, 33.67474601 ], [ 135.360217510000012, 33.67479977 ], [ 135.36010696, 33.67493128 ], [ 135.360041270000011, 33.67496493 ], [ 135.36001267, 33.67497958 ], [ 135.35991499, 33.67491006 ], [ 135.3599112, 33.67489744 ], [ 135.35986151, 33.67473189 ], [ 135.35981408, 33.67459074 ], [ 135.35980303, 33.67455786 ], [ 135.35972535, 33.67442213 ], [ 135.35969438, 33.67436802 ], [ 135.35969325, 33.67436992 ], [ 135.35966932, 33.67434591 ], [ 135.35953749, 33.67481261 ], [ 135.359407010000012, 33.67509443 ], [ 135.35937261, 33.67516873 ], [ 135.35949537, 33.67535827 ], [ 135.359442019999989, 33.67564357 ], [ 135.35956414, 33.67596964 ], [ 135.359533559999988, 33.67606229 ], [ 135.359389420000014, 33.67611509 ], [ 135.359353129999988, 33.67621129 ], [ 135.359526069999987, 33.67630499 ], [ 135.35954474, 33.67647406 ], [ 135.359742720000014, 33.67664643 ], [ 135.35979296, 33.67687455 ], [ 135.359835428999986, 33.677214096 ], [ 135.360165310000014, 33.67699249 ], [ 135.360176599999988, 33.67696503 ], [ 135.36017053, 33.67689207 ], [ 135.36017216, 33.67668596 ], [ 135.360379822999988, 33.676638836 ], [ 135.360745720000011, 33.67723578 ], [ 135.36078869, 33.67732408 ], [ 135.36080578, 33.67739311 ], [ 135.36080747, 33.67744872 ], [ 135.360801220000013, 33.67751967 ], [ 135.36079781, 33.6775705 ], [ 135.36078756, 33.67762322 ], [ 135.360747690000011, 33.67773156 ], [ 135.360672529999988, 33.67790989 ], [ 135.36048236, 33.67835381 ], [ 135.3603565, 33.67863089 ], [ 135.36028022, 33.67883319 ], [ 135.360266560000014, 33.67891947 ], [ 135.36026542, 33.678977 ], [ 135.360281359999988, 33.67904889 ], [ 135.360471600000011, 33.67937876 ], [ 135.36050812, 33.67944209 ], [ 135.36062328, 33.67940749 ], [ 135.3607855, 33.67935875 ], [ 135.361336419999986, 33.67924039 ], [ 135.36149821, 33.67920699 ], [ 135.36147139, 33.67917589 ], [ 135.36141959, 33.67912899 ], [ 135.361380380000014, 33.6790935 ], [ 135.36134979, 33.6790658 ], [ 135.36118531, 33.67898403 ], [ 135.36117174, 33.67889353 ], [ 135.3614029, 33.67871684 ], [ 135.36142016, 33.67869312 ], [ 135.36140748, 33.67867521 ], [ 135.36134934, 33.67864517 ], [ 135.361109309999989, 33.67857848 ], [ 135.36113644, 33.67837514 ], [ 135.36122626, 33.67816143 ], [ 135.36153416, 33.67809638 ], [ 135.36182645, 33.67783373 ], [ 135.36205647, 33.67790631 ], [ 135.36229436, 33.67807175 ] ] ] } },
{ "type": "Feature", "properties": { "A29_001": "30401", "A29_002": "和歌山県", "A29_003": "白浜町", "A29_004": 1, "A29_005": "第一種低層住居専用地域", "A29_006": 40, "A29_007": 80, "A29_008": "条件付き公開" }, "geometry": { "type": "Polygon", "coordinates": [ [ [ 135.36994304000001, 33.6761333 ], [ 135.36994307, 33.67612377 ], [ 135.369943189999987, 33.67609161 ], [ 135.37005339000001, 33.67596911 ], [ 135.37018122, 33.67584844 ], [ 135.370242280000014, 33.6756935 ], [ 135.37025275, 33.67554914 ], [ 135.370232249999987, 33.67522836 ], [ 135.370231030000014, 33.675 ], [ 135.37023181, 33.67496292 ], [ 135.37022656, 33.67478356 ], [ 135.37025244, 33.67461811 ], [ 135.37027378, 33.67448169 ], [ 135.37033675, 33.67424983 ], [ 135.3703585, 33.674112 ], [ 135.37045819, 33.67384514 ], [ 135.37050227, 33.67371723 ], [ 135.370523780000013, 33.67365483 ], [ 135.370513280000011, 33.67351264 ], [ 135.370501069999989, 33.67345237 ], [ 135.370376130000011, 33.67338788 ], [ 135.37032969, 33.67336392 ], [ 135.37015003, 33.67324803 ], [ 135.369983389999987, 33.67304894 ], [ 135.36988506, 33.67295489 ], [ 135.369835669999986, 33.67293028 ], [ 135.36965681, 33.67284117 ], [ 135.36943383, 33.67272958 ], [ 135.36909017, 33.67254144 ], [ 135.36864284, 33.67227161 ], [ 135.36860053, 33.67224608 ], [ 135.368518599999987, 33.6722112 ], [ 135.36841317, 33.67219174 ], [ 135.36837244, 33.67219139 ], [ 135.36790961, 33.67216744 ], [ 135.367758189999989, 33.67216314 ], [ 135.36744786, 33.67215431 ], [ 135.367255, 33.67213972 ], [ 135.36692317, 33.672069 ], [ 135.36666667, 33.67197828 ], [ 135.36643306, 33.67187736 ], [ 135.36631239, 33.67187297 ], [ 135.366183830000011, 33.67191672 ], [ 135.36612119, 33.67196242 ], [ 135.36593197, 33.67210047 ], [ 135.36592539, 33.67210665 ], [ 135.36578506, 33.67223828 ], [ 135.36569061, 33.67236517 ], [ 135.36563289, 33.67247236 ], [ 135.36561766, 33.67248823 ], [ 135.365569920000013, 33.67253797 ], [ 135.365496439999987, 33.67254892 ], [ 135.36542039, 33.67254017 ], [ 135.365354810000014, 33.67249858 ], [ 135.36528922, 33.67243292 ], [ 135.36521575, 33.67229736 ], [ 135.36517903, 33.67206111 ], [ 135.36511342, 33.67190361 ], [ 135.365055719999987, 33.67182706 ], [ 135.36497436, 33.67177236 ], [ 135.36489567000001, 33.67177672 ], [ 135.36483536, 33.67182919 ], [ 135.36465958, 33.67204794 ], [ 135.364570359999988, 33.67209169 ], [ 135.36448117, 33.67208294 ], [ 135.364405080000012, 33.67204794 ], [ 135.364321139999987, 33.67198231 ], [ 135.36418722, 33.67177333 ], [ 135.36412961, 33.67169358 ], [ 135.364127, 33.67159297 ], [ 135.36415847, 33.67154703 ], [ 135.36443639, 33.67128833 ], [ 135.36451792, 33.67118392 ], [ 135.36452578, 33.67111392 ], [ 135.364512639999987, 33.67105486 ], [ 135.36444444, 33.67100453 ], [ 135.36427397, 33.67098269 ], [ 135.36413492, 33.6709805 ], [ 135.36407983, 33.67096081 ], [ 135.36400375, 33.67091269 ], [ 135.3639976, 33.6709023 ], [ 135.36390142, 33.67073986 ], [ 135.36382011, 33.67067425 ], [ 135.36377722, 33.670549246 ], [ 135.363760113000012, 33.670450751 ], [ 135.363772481000012, 33.670224182 ], [ 135.363694834, 33.670113447 ], [ 135.36358922, 33.67007922 ], [ 135.36354649, 33.67006649 ], [ 135.36351575, 33.67005733 ], [ 135.36337408, 33.67010328 ], [ 135.363182560000013, 33.67021264 ], [ 135.36306714, 33.67033078 ], [ 135.36300352, 33.67039746 ], [ 135.36297531, 33.67042703 ], [ 135.362917579999987, 33.67044889 ], [ 135.36280742, 33.67039639 ], [ 135.3626605, 33.67031764 ], [ 135.36260542, 33.67010764 ], [ 135.36257701, 33.66995148 ], [ 135.36250141, 33.66996862 ], [ 135.3623974, 33.6699922 ], [ 135.36211426, 33.67021175 ], [ 135.36209252, 33.67022861 ], [ 135.36187586, 33.67056602 ], [ 135.36171513, 33.67125393 ], [ 135.36165193, 33.67152443 ], [ 135.36162456, 33.67164159 ], [ 135.36104436, 33.67215858 ], [ 135.36095726, 33.67238898 ], [ 135.36076118, 33.67273066 ], [ 135.360625270000014, 33.67302029 ], [ 135.36060727, 33.67306808 ], [ 135.36057261, 33.67316006 ], [ 135.360435099999989, 33.67352502 ], [ 135.360196800000011, 33.67380223 ], [ 135.359971879999989, 33.67400216 ], [ 135.35976267, 33.67419384 ], [ 135.35973058, 33.6742433 ], [ 135.35967342, 33.6743314 ], [ 135.35966932, 33.67434591 ], [ 135.35969325, 33.67436992 ], [ 135.35969438, 33.67436802 ], [ 135.35972535, 33.67442213 ], [ 135.35980303, 33.67455786 ], [ 135.35981408, 33.67459074 ], [ 135.35986151, 33.67473189 ], [ 135.3599112, 33.67489744 ], [ 135.35991499, 33.67491006 ], [ 135.36001267, 33.67497958 ], [ 135.360041270000011, 33.67496493 ], [ 135.36010696, 33.67493128 ], [ 135.360217510000012, 33.67479977 ], [ 135.36040577, 33.67474601 ], [ 135.36044156, 33.67471883 ], [ 135.360516389999987, 33.67460737 ], [ 135.360559849999987, 33.67450288 ], [ 135.360588650000011, 33.674459 ], [ 135.360617, 33.67447343 ], [ 135.36068046, 33.67455348 ], [ 135.36073939, 33.67466801 ], [ 135.3606504, 33.67476751 ], [ 135.36057286, 33.6748611 ], [ 135.36054167, 33.67492026 ], [ 135.36049996, 33.67499936 ], [ 135.36043145, 33.67521913 ], [ 135.360420870000013, 33.67530237 ], [ 135.36045854, 33.6754049 ], [ 135.36074072, 33.6760257 ], [ 135.36070317, 33.67609929 ], [ 135.36067308, 33.67612769 ], [ 135.36062901, 33.67612032 ], [ 135.360551, 33.67608422 ], [ 135.36046761, 33.67600525 ], [ 135.36038, 33.67592151 ], [ 135.360338899999988, 33.6758975 ], [ 135.36030613, 33.67590208 ], [ 135.36028736, 33.67593888 ], [ 135.360285549999986, 33.67599122 ], [ 135.36015658, 33.67601257 ], [ 135.3602478, 33.67618676 ], [ 135.36052959, 33.67638099 ], [ 135.36060518, 33.67655154 ], [ 135.36081153, 33.67655498 ], [ 135.3610093, 33.67646617 ], [ 135.361032990000012, 33.67634136 ], [ 135.3611497, 33.67614919 ], [ 135.36106421, 33.67587328 ], [ 135.36106916, 33.67578169 ], [ 135.361102530000011, 33.675695 ], [ 135.3611907, 33.67551161 ], [ 135.361241549999988, 33.67546725 ], [ 135.361311449999988, 33.6754456 ], [ 135.36143014000001, 33.67551315 ], [ 135.361559949999986, 33.6758577 ], [ 135.36173388, 33.67601091 ], [ 135.36192134, 33.67606543 ], [ 135.36219216, 33.67591391 ], [ 135.3622923, 33.67584423 ], [ 135.36238341, 33.67583994 ], [ 135.36253961, 33.67588834 ], [ 135.36258347, 33.67592307 ], [ 135.36259164, 33.67597428 ], [ 135.36255359, 33.67611568 ], [ 135.36267808, 33.67606596 ], [ 135.362747719999987, 33.67603815 ], [ 135.362845990000011, 33.67602914 ], [ 135.363140859999987, 33.67606233 ], [ 135.363175500000011, 33.67606546 ], [ 135.36338077, 33.67606927 ], [ 135.36365618, 33.67607437 ], [ 135.36404479, 33.67606447 ], [ 135.36418975, 33.67617244 ], [ 135.36442201, 33.67634544 ], [ 135.36439556, 33.67644734 ], [ 135.364375130000013, 33.67652607 ], [ 135.36402633, 33.67654093 ], [ 135.363875830000012, 33.67658835 ], [ 135.3637999, 33.67665697 ], [ 135.36384892, 33.67668666 ], [ 135.365092839999988, 33.67744004 ], [ 135.364944009999988, 33.67774388 ], [ 135.36461259, 33.6777172 ], [ 135.363981630000012, 33.67787637 ], [ 135.36362211, 33.67780075 ], [ 135.36351715, 33.67775142 ], [ 135.363460550000013, 33.6777071 ], [ 135.363420569999988, 33.67762896 ], [ 135.363397490000011, 33.67747653 ], [ 135.36327061, 33.67750562 ], [ 135.36309836, 33.67770345 ], [ 135.36295085, 33.67764686 ], [ 135.36289399, 33.67762505 ], [ 135.3628602, 33.67765022 ], [ 135.36273194, 33.67774577 ], [ 135.36258851, 33.67785262 ], [ 135.362312620000012, 33.67805815 ], [ 135.36229436, 33.67807175 ], [ 135.362271600000014, 33.67812898 ], [ 135.36225375, 33.67817387 ], [ 135.36223332, 33.67824278 ], [ 135.36228093, 33.67834774 ], [ 135.3623599, 33.67851031 ], [ 135.36235702, 33.67856716 ], [ 135.36230857000001, 33.67874828 ], [ 135.36232827, 33.67897209 ], [ 135.36233728, 33.67905914 ], [ 135.36247128, 33.67905458 ], [ 135.36298672, 33.67916828 ], [ 135.363310500000011, 33.67925339 ], [ 135.36366153, 33.67900783 ], [ 135.363741, 33.67899483 ], [ 135.36407967, 33.67911528 ], [ 135.364114199999989, 33.67912757 ], [ 135.363946879999986, 33.67950659 ], [ 135.36403569, 33.67952883 ], [ 135.36414746, 33.67955314 ], [ 135.36427685000001, 33.67957345 ], [ 135.36446724000001, 33.67960467 ], [ 135.36471461, 33.67963316 ], [ 135.36492904, 33.67966162 ], [ 135.365120460000014, 33.67968111 ], [ 135.36543472, 33.67970512 ], [ 135.36666667, 33.67970292 ], [ 135.36769844, 33.67962614 ], [ 135.3679793, 33.67927002 ], [ 135.36827846, 33.67913532 ], [ 135.36845682, 33.67926831 ], [ 135.368844811, 33.679209103 ], [ 135.3690258, 33.67872744 ], [ 135.369124129999989, 33.67851613 ], [ 135.36914275, 33.67842954 ], [ 135.36917422, 33.67828317 ], [ 135.36932194, 33.67734984 ], [ 135.36936312, 33.6771668 ], [ 135.36941074, 33.67707781 ], [ 135.36955717, 33.67690483 ], [ 135.36961495, 33.67678851 ], [ 135.3696386, 33.67666964 ], [ 135.36963248, 33.67658358 ], [ 135.36962827, 33.67652441 ], [ 135.369459580000012, 33.67604164 ], [ 135.36974472, 33.67616923 ], [ 135.36994304000001, 33.6761333 ] ] ] } },
{ "type": "Feature", "properties": { "A29_001": "30401", "A29_002": "和歌山県", "A29_003": "白浜町", "A29_004": 3, "A29_005": "第一種中高層住居専用地域", "A29_006": 60, "A29_007": 200, "A29_008": "条件付き公開" }, "geometry": { "type": "Polygon", "coordinates": [ [ [ 135.38402037, 33.67780636 ], [ 135.38429690000001, 33.67736082 ], [ 135.384463720000014, 33.67715843 ], [ 135.384681379999989, 33.67687215 ], [ 135.38481010000001, 33.67675499 ], [ 135.385189739999987, 33.67646358 ], [ 135.385232159999987, 33.67643336 ], [ 135.385348850000014, 33.67635024 ], [ 135.38550246, 33.67625263 ], [ 135.3854939, 33.67612812 ], [ 135.38548387, 33.6759824 ], [ 135.385526047000013, 33.675436757 ], [ 135.385784855999987, 33.674468748 ], [ 135.385621070000013, 33.67433519 ], [ 135.38532052, 33.67396965 ], [ 135.38519867, 33.67332793 ], [ 135.385474859999988, 33.67286492 ], [ 135.38571855, 33.67258873 ], [ 135.3858404, 33.67258873 ], [ 135.385921630000013, 33.67245876 ], [ 135.38575917, 33.67231255 ], [ 135.38596224, 33.67224756 ], [ 135.38607597, 33.67227193 ], [ 135.3863684, 33.67210135 ], [ 135.386410579999989, 33.67197648 ], [ 135.386595840000012, 33.67183329 ], [ 135.38679892, 33.6718008 ], [ 135.38691264, 33.67165458 ], [ 135.38662021, 33.67111846 ], [ 135.38664458, 33.6707448 ], [ 135.38640901, 33.67027366 ], [ 135.38640089, 33.66964006 ], [ 135.38619781, 33.66946948 ], [ 135.385629200000011, 33.6692664 ], [ 135.38515806, 33.66924203 ], [ 135.384825009999986, 33.66895772 ], [ 135.384597570000011, 33.66894148 ], [ 135.38401271, 33.66873028 ], [ 135.38337098, 33.66868154 ], [ 135.38328163, 33.66851908 ], [ 135.382940459999986, 33.66777988 ], [ 135.38252619, 33.66751994 ], [ 135.38218502, 33.66722751 ], [ 135.381712472, 33.666359405 ], [ 135.381675023000014, 33.666010917 ], [ 135.38221751, 33.66532671 ], [ 135.382201259999988, 33.66492868 ], [ 135.38286735, 33.66415699 ], [ 135.38224188, 33.6637021 ], [ 135.38225, 33.66301164 ], [ 135.382323109999987, 33.66280856 ], [ 135.38187865099999, 33.662225697 ], [ 135.38179214499999, 33.662354088 ], [ 135.38129192, 33.66237739 ], [ 135.381109110000011, 33.6625602 ], [ 135.38097707, 33.66257036 ], [ 135.381180217, 33.662351026 ], [ 135.38087551000001, 33.66213363 ], [ 135.38068254, 33.66235707 ], [ 135.380321599000013, 33.662450002 ], [ 135.380017697, 33.662459213 ], [ 135.380459325, 33.662937359 ], [ 135.380408319999987, 33.66303755 ], [ 135.38010362, 33.66313911 ], [ 135.3799208, 33.66355553 ], [ 135.37969736, 33.663911 ], [ 135.379585639999988, 33.66377897 ], [ 135.37944345, 33.66326099 ], [ 135.37937236, 33.66326099 ], [ 135.37866141, 33.66389069 ], [ 135.37891532, 33.66492664 ], [ 135.37869188, 33.66503836 ], [ 135.378285620000014, 33.66488601 ], [ 135.378074559999988, 33.66521372 ], [ 135.377899680000013, 33.66548524 ], [ 135.378052636, 33.665547368 ], [ 135.378245, 33.66553602 ], [ 135.37861063, 33.66576962 ], [ 135.378971330000013, 33.66570389 ], [ 135.37911286799999, 33.665687013 ], [ 135.379154274, 33.665880457 ], [ 135.378999494999988, 33.665979875 ], [ 135.378858580000013, 33.66635557 ], [ 135.378740713000013, 33.666531404 ], [ 135.378725878000012, 33.667072784 ], [ 135.378533237, 33.667140521 ], [ 135.378178531, 33.667070747 ], [ 135.377894540999989, 33.667284024 ], [ 135.37799199, 33.667420494 ], [ 135.378401583999988, 33.66759432 ], [ 135.378624014, 33.667609752 ], [ 135.378594029999988, 33.66792017 ], [ 135.37844439, 33.66814787 ], [ 135.37839663, 33.66845701 ], [ 135.37827565, 33.6686563 ], [ 135.37826983, 33.66870587 ], [ 135.37822713, 33.66907015 ], [ 135.37802852499999, 33.669341332 ], [ 135.378685948999987, 33.66993037 ], [ 135.378823307, 33.669873806 ], [ 135.379152479999988, 33.670123564 ], [ 135.379470070999986, 33.67039712 ], [ 135.37938284, 33.67053539 ], [ 135.379314740000012, 33.67060593 ], [ 135.37931142, 33.67060405 ], [ 135.378752819999988, 33.67103062 ], [ 135.377899680000013, 33.67049233 ], [ 135.37740202, 33.6710103 ], [ 135.378031709999988, 33.67153844 ], [ 135.37759499, 33.67201579 ], [ 135.37710748, 33.67173141 ], [ 135.377005919999988, 33.67160953 ], [ 135.37660982, 33.67130484 ], [ 135.37643716, 33.67118296 ], [ 135.376427009999986, 33.67111187 ], [ 135.376559039999989, 33.67056342 ], [ 135.376427009999986, 33.67033998 ], [ 135.37621372000001, 33.67022826 ], [ 135.375777, 33.66991342 ], [ 135.37535043, 33.67024858 ], [ 135.37450745000001, 33.66983216 ], [ 135.37394885, 33.67019779 ], [ 135.37358322, 33.66999467 ], [ 135.37308556, 33.66978138 ], [ 135.3721918, 33.6697306 ], [ 135.37119647, 33.66968998 ], [ 135.369754269999987, 33.66945638 ], [ 135.36943942, 33.66925325 ], [ 135.36948005, 33.66872512 ], [ 135.36960192, 33.66851184 ], [ 135.370008180000013, 33.66825793 ], [ 135.37015037, 33.66797355 ], [ 135.36997771, 33.66738448 ], [ 135.36979980000001, 33.667258458 ], [ 135.369209590999986, 33.66739679 ], [ 135.36895192, 33.667354 ], [ 135.368708160000011, 33.66675477 ], [ 135.36832222000001, 33.66666337 ], [ 135.36755034, 33.66676493 ], [ 135.36724565, 33.66675477 ], [ 135.36699733, 33.66651566 ], [ 135.366944530000012, 33.66657951 ], [ 135.36690655000001, 33.6666331 ], [ 135.366510242, 33.667192207 ], [ 135.36589214, 33.66716491 ], [ 135.36552701, 33.66734754 ], [ 135.365136166000013, 33.667543032 ], [ 135.364793920000011, 33.66749958 ], [ 135.36450664, 33.66747431 ], [ 135.36415155, 33.66776877 ], [ 135.36391415, 33.66773423 ], [ 135.36326865, 33.6684135 ], [ 135.363587534, 33.66865308 ], [ 135.36354013, 33.6690543 ], [ 135.363469400000014, 33.66918958 ], [ 135.362913780000014, 33.6691308 ], [ 135.36237662, 33.66907398 ], [ 135.36239648, 33.66915801 ], [ 135.3624706, 33.66965326 ], [ 135.3624916, 33.66983262 ], [ 135.36250019, 33.66990094 ], [ 135.36250141, 33.66996862 ], [ 135.36257701, 33.66995148 ], [ 135.36260542, 33.67010764 ], [ 135.3626605, 33.67031764 ], [ 135.36280742, 33.67039639 ], [ 135.362917579999987, 33.67044889 ], [ 135.36297531, 33.67042703 ], [ 135.36300352, 33.67039746 ], [ 135.36306714, 33.67033078 ], [ 135.363182560000013, 33.67021264 ], [ 135.36329962, 33.67014106 ], [ 135.36337408, 33.67010328 ], [ 135.36351575, 33.67005733 ], [ 135.36358922, 33.67007922 ], [ 135.363694834, 33.670113447 ], [ 135.363772481000012, 33.670224182 ], [ 135.363760113000012, 33.670450751 ], [ 135.36377722, 33.670549246 ], [ 135.36382011, 33.67067425 ], [ 135.36390142, 33.67073986 ], [ 135.3639976, 33.6709023 ], [ 135.36400375, 33.67091269 ], [ 135.36407983, 33.67096081 ], [ 135.36413492, 33.6709805 ], [ 135.36427397, 33.67098269 ], [ 135.36444444, 33.67100453 ], [ 135.364512639999987, 33.67105486 ], [ 135.36452578, 33.67111392 ], [ 135.36451792, 33.67118392 ], [ 135.36441976, 33.67130381 ], [ 135.36415847, 33.67154703 ], [ 135.364127, 33.67159297 ], [ 135.36412961, 33.67169358 ], [ 135.36418722, 33.67177333 ], [ 135.364321139999987, 33.67198231 ], [ 135.364405080000012, 33.67204794 ], [ 135.36448117, 33.67208294 ], [ 135.364570359999988, 33.67209169 ], [ 135.36465958, 33.67204794 ], [ 135.364815850000014, 33.67185347 ], [ 135.36489567000001, 33.67177672 ], [ 135.36497436, 33.67177236 ], [ 135.365055719999987, 33.67182706 ], [ 135.36511342, 33.67190361 ], [ 135.36517903, 33.67206111 ], [ 135.36521575, 33.67229736 ], [ 135.36528922, 33.67243292 ], [ 135.365354810000014, 33.67249858 ], [ 135.36542039, 33.67254017 ], [ 135.365496439999987, 33.67254892 ], [ 135.365569920000013, 33.67253797 ], [ 135.36561766, 33.67248823 ], [ 135.36564327, 33.67245309 ], [ 135.36569061, 33.67236517 ], [ 135.36578506, 33.67223828 ], [ 135.36592539, 33.67210665 ], [ 135.36593197, 33.67210047 ], [ 135.36612119, 33.67196242 ], [ 135.366183830000011, 33.67191672 ], [ 135.36631239, 33.67187297 ], [ 135.36643306, 33.67187736 ], [ 135.36666667, 33.67197828 ], [ 135.36692317, 33.672069 ], [ 135.367255, 33.67213972 ], [ 135.36744786, 33.67215431 ], [ 135.367758189999989, 33.67216314 ], [ 135.36790961, 33.67216744 ], [ 135.36837244, 33.67219139 ], [ 135.36841317, 33.67219174 ], [ 135.368518599999987, 33.6722112 ], [ 135.36860053, 33.67224608 ], [ 135.36864284, 33.67227161 ], [ 135.36909017, 33.67254144 ], [ 135.36943383, 33.67272958 ], [ 135.36965681, 33.67284117 ], [ 135.369835669999986, 33.67293028 ], [ 135.36988506, 33.67295489 ], [ 135.369983389999987, 33.67304894 ], [ 135.37015003, 33.67324803 ], [ 135.37032969, 33.67336392 ], [ 135.370376130000011, 33.67338788 ], [ 135.370501069999989, 33.67345237 ], [ 135.370513280000011, 33.67351264 ], [ 135.370523780000013, 33.67365483 ], [ 135.37050227, 33.67371723 ], [ 135.37045819, 33.67384514 ], [ 135.3703585, 33.674112 ], [ 135.37033675, 33.67424983 ], [ 135.37027378, 33.67448169 ], [ 135.37025244, 33.67461811 ], [ 135.37022656, 33.67478356 ], [ 135.37023181, 33.67496292 ], [ 135.370231030000014, 33.675 ], [ 135.370232249999987, 33.67522836 ], [ 135.37025275, 33.67554914 ], [ 135.370242280000014, 33.6756935 ], [ 135.37018122, 33.67584844 ], [ 135.37005339000001, 33.67596911 ], [ 135.369943189999987, 33.67609161 ], [ 135.36994304000001, 33.6761333 ], [ 135.37024649, 33.67605873 ], [ 135.37044171, 33.67661184 ], [ 135.370388819999988, 33.67689087 ], [ 135.370345500000013, 33.67711943 ], [ 135.37005643, 33.67733691 ], [ 135.37003707400001, 33.677974385 ], [ 135.369853268000014, 33.678846291 ], [ 135.37007435000001, 33.67878155 ], [ 135.37031703, 33.67868165 ], [ 135.370796219999988, 33.67845264 ], [ 135.370985420000011, 33.67837353 ], [ 135.37126264, 33.67825762 ], [ 135.37153285, 33.67814464 ], [ 135.37209841, 33.67793714 ], [ 135.372505350000012, 33.67778783 ], [ 135.372560490000012, 33.67766143 ], [ 135.37265754, 33.67748424 ], [ 135.37309829, 33.67708832 ], [ 135.37339999, 33.6769724 ], [ 135.37353242, 33.67694071 ], [ 135.37358551, 33.67692232 ], [ 135.37368332, 33.6769046 ], [ 135.373805260000012, 33.67689082 ], [ 135.37386749, 33.67688379 ], [ 135.37390462, 33.67687872 ], [ 135.374160350000011, 33.67694188 ], [ 135.374188870000012, 33.6769366 ], [ 135.37471757, 33.6768388 ], [ 135.37486589, 33.67680729 ], [ 135.37498323, 33.67678236 ], [ 135.37504729, 33.67677296 ], [ 135.375088330000011, 33.67676004 ], [ 135.37515271, 33.67673976 ], [ 135.3754904, 33.67677368 ], [ 135.37560287, 33.67681604 ], [ 135.37569477, 33.67686936 ], [ 135.37583274, 33.67693818 ], [ 135.37603618, 33.67706201 ], [ 135.376511209, 33.677484845 ], [ 135.37687154, 33.67730801 ], [ 135.37697785, 33.67726768 ], [ 135.37708038, 33.67724107 ], [ 135.37728854, 33.6772384 ], [ 135.378227775999989, 33.677848353 ], [ 135.378140519999988, 33.67798642 ], [ 135.37865376, 33.67848883 ], [ 135.37876688, 33.67859475 ], [ 135.37944969, 33.67923414 ], [ 135.37995866, 33.6797079 ], [ 135.38031541, 33.67997623 ], [ 135.380635149999989, 33.68004566 ], [ 135.38078937, 33.67997504 ], [ 135.38097499, 33.67989268 ], [ 135.38125129, 33.67981205 ], [ 135.38164081, 33.67959796 ], [ 135.3824387, 33.67910501 ], [ 135.38266328, 33.67896626 ], [ 135.382745449999987, 33.67891498 ], [ 135.383142850000013, 33.67866698 ], [ 135.383422599999989, 33.67849247 ], [ 135.38364551, 33.67831896 ], [ 135.383757120000013, 33.67819445 ], [ 135.38387186, 33.67805224 ], [ 135.38402037, 33.67780636 ] ] ] } },
{ "type": "Feature", "properties": { "A29_001": "30401", "A29_002": "和歌山県", "A29_003": "白浜町", "A29_004": 5, "A29_005": "第一種住居地域", "A29_006": 60, "A29_007": 200, "A29_008": "条件付き公開" }, "geometry": { "type": "Polygon", "coordinates": [ [ [ 135.362414933999986, 33.67957513 ], [ 135.363480673, 33.679722043 ], [ 135.363590538000011, 33.67968253 ], [ 135.36371383, 33.67944608 ], [ 135.363946879999986, 33.67950659 ], [ 135.364114199999989, 33.67912757 ], [ 135.36407967, 33.67911528 ], [ 135.363741, 33.67899483 ], [ 135.36366153, 33.67900783 ], [ 135.363310500000011, 33.67925339 ], [ 135.36298672, 33.67916828 ], [ 135.36247128, 33.67905458 ], [ 135.36233728, 33.67905914 ], [ 135.36232827, 33.67897209 ], [ 135.36230857000001, 33.67874828 ], [ 135.36235702, 33.67856716 ], [ 135.3623599, 33.67851031 ], [ 135.36228093, 33.67834774 ], [ 135.36223332, 33.67824278 ], [ 135.36225375, 33.67817387 ], [ 135.362271600000014, 33.67812898 ], [ 135.36229436, 33.67807175 ], [ 135.36205647, 33.67790631 ], [ 135.36182645, 33.67783373 ], [ 135.36153416, 33.67809638 ], [ 135.36122626, 33.67816143 ], [ 135.36113644, 33.67837514 ], [ 135.361109309999989, 33.67857848 ], [ 135.36134934, 33.67864517 ], [ 135.36140748, 33.67867521 ], [ 135.36142016, 33.67869312 ], [ 135.3614029, 33.67871684 ], [ 135.36117174, 33.67889353 ], [ 135.36118531, 33.67898403 ], [ 135.36134979, 33.6790658 ], [ 135.361380380000014, 33.6790935 ], [ 135.36141959, 33.67912899 ], [ 135.36147139, 33.67917589 ], [ 135.36149821, 33.67920699 ], [ 135.361336419999986, 33.67924039 ], [ 135.3607855, 33.67935875 ], [ 135.36062328, 33.67940749 ], [ 135.36050812, 33.67944209 ], [ 135.36049964, 33.67955464 ], [ 135.36058283599999, 33.679751359 ], [ 135.36055986, 33.67987353 ], [ 135.36059559, 33.68002064 ], [ 135.360613089999987, 33.68004692 ], [ 135.36071633, 33.68008731 ], [ 135.360810649, 33.680122785 ], [ 135.361064594999988, 33.680047759 ], [ 135.36120881, 33.67989967 ], [ 135.36130725000001, 33.67983556 ], [ 135.361288769, 33.679676762 ], [ 135.362414933999986, 33.67957513 ] ] ] } },
{ "type": "Feature", "properties": { "A29_001": "30401", "A29_002": "和歌山県", "A29_003": "白浜町", "A29_004": 1, "A29_005": "第一種低層住居専用地域", "A29_006": 40, "A29_007": 80, "A29_008": "条件付き公開" }, "geometry": { "type": "Polygon", "coordinates": [ [ [ 135.357127357, 33.680230599 ], [ 135.357187864, 33.680152189 ], [ 135.357192902, 33.680006358 ], [ 135.35721774699999, 33.679971038 ], [ 135.357284060000012, 33.68004483 ], [ 135.357316746, 33.680088447 ], [ 135.357414205, 33.680029314 ], [ 135.35748690599999, 33.679846 ], [ 135.357678365999988, 33.679808825 ], [ 135.35765049, 33.68005328 ], [ 135.357797567, 33.68027941 ], [ 135.35799477, 33.680237494 ], [ 135.358244097000011, 33.680093267 ], [ 135.358291470000012, 33.679862109 ], [ 135.35854261, 33.67999426 ], [ 135.35864178, 33.679952195 ], [ 135.358645448, 33.679842476 ], [ 135.35877647, 33.67984286 ], [ 135.358997915, 33.679956011 ], [ 135.358979925, 33.679688729 ], [ 135.358915324, 33.679550028 ], [ 135.358698589999989, 33.679148121 ], [ 135.358550693000012, 33.678698859 ], [ 135.358392536, 33.678478561 ], [ 135.358449920999988, 33.678435918 ], [ 135.358701270000012, 33.67842849 ], [ 135.358804639999988, 33.67839035 ], [ 135.3588543, 33.6783609 ], [ 135.35889703, 33.6783189 ], [ 135.35896169, 33.67820555 ], [ 135.35902871, 33.67771492 ], [ 135.359835428999986, 33.677214096 ], [ 135.35979296, 33.67687455 ], [ 135.359742720000014, 33.67664643 ], [ 135.35954474, 33.67647406 ], [ 135.359526069999987, 33.67630499 ], [ 135.359353129999988, 33.67621129 ], [ 135.359389420000014, 33.67611509 ], [ 135.359533559999988, 33.67606229 ], [ 135.35956414, 33.67596964 ], [ 135.359442019999989, 33.67564357 ], [ 135.35949537, 33.67535827 ], [ 135.35937261, 33.67516873 ], [ 135.35930253, 33.675216254 ], [ 135.358565230000011, 33.67541999 ], [ 135.358556639999989, 33.6754227 ], [ 135.35841942, 33.67533888 ], [ 135.357372919999989, 33.67469963 ], [ 135.35736494, 33.67471508 ], [ 135.357081959999988, 33.67526273 ], [ 135.357083, 33.67550548 ], [ 135.35689546, 33.6759406 ], [ 135.35705131, 33.67641738 ], [ 135.35708577, 33.67675906 ], [ 135.357142509999989, 33.67707171 ], [ 135.3570729, 33.67724507 ], [ 135.35704619, 33.67727002 ], [ 135.35689806, 33.67740837 ], [ 135.35693132, 33.67771911 ], [ 135.35687228, 33.67790621 ], [ 135.35696655000001, 33.67824344 ], [ 135.356868150999986, 33.678897344 ], [ 135.355912846, 33.67958181 ], [ 135.35577213, 33.68008444 ], [ 135.35600033, 33.680095172 ], [ 135.356153967000012, 33.680051973 ], [ 135.356256459, 33.68018716 ], [ 135.35657666099999, 33.680105331 ], [ 135.35685645, 33.68012947 ], [ 135.356964624999989, 33.68024168 ], [ 135.357127357, 33.680230599 ] ] ] } },
{ "type": "Feature", "properties": { "A29_001": "30401", "A29_002": "和歌山県", "A29_003": "白浜町", "A29_004": 1, "A29_005": "第一種低層住居専用地域", "A29_006": 40, "A29_007": 80, "A29_008": "条件付き公開" }, "geometry": { "type": "Polygon", "coordinates": [ [ [ 135.392175759999986, 33.68082451 ], [ 135.39297948, 33.6806998 ], [ 135.39379706, 33.68049194 ], [ 135.39432363, 33.68046422 ], [ 135.3951135, 33.68058894 ], [ 135.39552921, 33.68076908 ], [ 135.39583407, 33.68085223 ], [ 135.396378305000013, 33.680728242 ], [ 135.39659622, 33.68027022 ], [ 135.39697037, 33.67993765 ], [ 135.39723365, 33.67986836 ], [ 135.397455369999989, 33.67986836 ], [ 135.3978018, 33.67974365 ], [ 135.39832838, 33.67939722 ], [ 135.39875795, 33.67914778 ], [ 135.3987495, 33.67868671 ], [ 135.39873946, 33.67851761 ], [ 135.3984419, 33.6782712 ], [ 135.39807396, 33.67788223 ], [ 135.397684989999988, 33.67740917 ], [ 135.39741167, 33.67756685 ], [ 135.39697014, 33.67771403 ], [ 135.3962658, 33.67784018 ], [ 135.39576119, 33.67674687 ], [ 135.39550889, 33.67662072 ], [ 135.39574017000001, 33.67607407 ], [ 135.395540430000011, 33.67583228 ], [ 135.395337520999988, 33.675308253 ], [ 135.39523556, 33.6749282 ], [ 135.39585118799999, 33.674278984 ], [ 135.395088390000012, 33.67347746 ], [ 135.394762500000013, 33.67337234 ], [ 135.39429995, 33.67331978 ], [ 135.39354304, 33.67246826 ], [ 135.39284921, 33.67200571 ], [ 135.39277562, 33.6717534 ], [ 135.39321715, 33.67152213 ], [ 135.39332228, 33.67125931 ], [ 135.39319613, 33.67098599 ], [ 135.39303844, 33.67068112 ], [ 135.39274408, 33.67022908 ], [ 135.39322766, 33.66989268 ], [ 135.39329074, 33.6696614 ], [ 135.39319613, 33.66939859 ], [ 135.393133049999989, 33.66911475 ], [ 135.39321715, 33.66887296 ], [ 135.39330125, 33.66867322 ], [ 135.39311202, 33.66845246 ], [ 135.39265998, 33.66832631 ], [ 135.392114566, 33.668133315 ], [ 135.391907936, 33.666909575 ], [ 135.391477447, 33.665592796 ], [ 135.391671800000012, 33.66474152 ], [ 135.39193462, 33.6647205 ], [ 135.39238666, 33.66455229 ], [ 135.39272306, 33.66432102 ], [ 135.393154079999988, 33.66382693 ], [ 135.393385349999988, 33.66367975 ], [ 135.39382688, 33.66336437 ], [ 135.393784829999987, 33.66310156 ], [ 135.3935956, 33.66216594 ], [ 135.39339586, 33.66155621 ], [ 135.393259199999989, 33.66111468 ], [ 135.393259199999989, 33.66064162 ], [ 135.393532529999987, 33.66031573 ], [ 135.393963539999987, 33.66022112 ], [ 135.39433148, 33.66009496 ], [ 135.39422636, 33.65940114 ], [ 135.39399508, 33.65916986 ], [ 135.393437909999989, 33.65843398 ], [ 135.39287024, 33.65800296 ], [ 135.392415269999987, 33.65781631 ], [ 135.39224482, 33.65801269 ], [ 135.392144660000014, 33.65830407 ], [ 135.392208399999987, 33.65845887 ], [ 135.392848135, 33.659014682 ], [ 135.39272743, 33.65906896 ], [ 135.39227191399999, 33.659000632 ], [ 135.39176222, 33.65918733 ], [ 135.39108839, 33.65953335 ], [ 135.39074237, 33.65973368 ], [ 135.39020513, 33.65980653 ], [ 135.38964968, 33.65981563 ], [ 135.3888939, 33.65984295 ], [ 135.38811991, 33.65967905 ], [ 135.38742787000001, 33.65974279 ], [ 135.38735502, 33.66022539 ], [ 135.38750982, 33.66026182 ], [ 135.387728360000011, 33.66028003 ], [ 135.387757959, 33.660475197 ], [ 135.387747727, 33.660619636 ], [ 135.38782852, 33.66067158 ], [ 135.38785217899999, 33.660792769 ], [ 135.388126672, 33.660779996 ], [ 135.388050947000011, 33.660999099 ], [ 135.388226772, 33.661147878 ], [ 135.38811991, 33.66127256 ], [ 135.38800153, 33.66120882 ], [ 135.38750982, 33.66113597 ], [ 135.38752803, 33.66129077 ], [ 135.387728360000011, 33.66143646 ], [ 135.387801200000013, 33.66187354 ], [ 135.38821096, 33.66203744 ], [ 135.38811991, 33.66220135 ], [ 135.38750998399999, 33.662287326 ], [ 135.38742787000001, 33.66236525 ], [ 135.3876373, 33.66283875 ], [ 135.38796511000001, 33.66317566 ], [ 135.38834755, 33.6633851 ], [ 135.388903, 33.66330315 ], [ 135.38930366, 33.66362185 ], [ 135.38942605, 33.664057395 ], [ 135.389644159999989, 33.66517643 ], [ 135.38979282, 33.66519358 ], [ 135.39003297, 33.66530794 ], [ 135.39009586, 33.66539371 ], [ 135.390010100000012, 33.66559383 ], [ 135.38972992, 33.66569103 ], [ 135.389478340000011, 33.665874 ], [ 135.388512029999987, 33.66566244 ], [ 135.388256289999987, 33.66572064 ], [ 135.38845043, 33.66621678 ], [ 135.38845043, 33.66644328 ], [ 135.388256289999987, 33.6669502 ], [ 135.38796837000001, 33.66723811 ], [ 135.387933903, 33.667858236 ], [ 135.38799013, 33.667861 ], [ 135.388248105, 33.667807308 ], [ 135.388171340000014, 33.66746042 ], [ 135.38840024000001, 33.66746042 ], [ 135.388543309999989, 33.6671743 ], [ 135.3886673, 33.66714568 ], [ 135.38872526099999, 33.667620913 ], [ 135.38895342, 33.66767979 ], [ 135.38903926, 33.66757488 ], [ 135.38931508499999, 33.667325626 ], [ 135.389397653, 33.66734989 ], [ 135.389293651, 33.667936239 ], [ 135.38971643, 33.66820436 ], [ 135.38999302, 33.66819482 ], [ 135.39019331, 33.66816621 ], [ 135.390287599, 33.66818925 ], [ 135.39018377, 33.66828066 ], [ 135.38999334, 33.668349216 ], [ 135.390068836000012, 33.668446881 ], [ 135.390192770999988, 33.668527541 ], [ 135.39007713399999, 33.668741676 ], [ 135.390052424, 33.669008744 ], [ 135.389993309, 33.669299498 ], [ 135.38971643, 33.66945378 ], [ 135.389544559, 33.669817347 ], [ 135.389373080000013, 33.66981621 ], [ 135.388877119999989, 33.66983528 ], [ 135.38850516, 33.67011187 ], [ 135.38819042, 33.6702454 ], [ 135.388123650000011, 33.67040754 ], [ 135.388090132, 33.670536828 ], [ 135.38826672, 33.67092257 ], [ 135.388905740000013, 33.67090349 ], [ 135.38914417, 33.67137084 ], [ 135.38921969, 33.672244303 ], [ 135.388619895, 33.672199131 ], [ 135.388535657, 33.672542105 ], [ 135.388284341, 33.67297743 ], [ 135.3880092, 33.67320205 ], [ 135.38758001, 33.67342142 ], [ 135.387270228, 33.673537327 ], [ 135.38722001, 33.67451 ], [ 135.38723449, 33.67497328 ], [ 135.38724001, 33.67515001 ], [ 135.38724484299999, 33.675275983 ], [ 135.387261803, 33.675530323 ], [ 135.387843581999988, 33.67596736 ], [ 135.38786492, 33.67625227 ], [ 135.387910815, 33.676546205 ], [ 135.388725969, 33.67687707 ], [ 135.389068973, 33.676792883 ], [ 135.389355956, 33.676762096 ], [ 135.38930579, 33.67687518 ], [ 135.389207019999986, 33.67695561 ], [ 135.389125619999987, 33.67699566 ], [ 135.38904989, 33.67703694 ], [ 135.38904086299999, 33.677136273 ], [ 135.38940679000001, 33.677442248 ], [ 135.38963783299999, 33.677454125 ], [ 135.389744275999988, 33.677533376 ], [ 135.390168146, 33.677513998 ], [ 135.390253113999989, 33.677603877 ], [ 135.389974056, 33.677724167 ], [ 135.389912114, 33.678010135 ], [ 135.39029954899999, 33.6783019 ], [ 135.390916956000012, 33.678151072 ], [ 135.391271542, 33.678245858 ], [ 135.390794230000012, 33.67842641 ], [ 135.39044930899999, 33.678566947 ], [ 135.38961584899999, 33.678544909 ], [ 135.38960021, 33.67861569 ], [ 135.390015852, 33.678976295 ], [ 135.38997126000001, 33.67907802 ], [ 135.389643221999989, 33.679259667 ], [ 135.389726618, 33.679526541 ], [ 135.389633779, 33.679636644 ], [ 135.38920374, 33.6797358 ], [ 135.38905341, 33.67982911 ], [ 135.389070405000012, 33.680018314 ], [ 135.38966008, 33.68055047 ], [ 135.39004008, 33.68075047 ], [ 135.390604889, 33.680926461 ], [ 135.391075201, 33.681000348 ], [ 135.391449881999989, 33.680978337 ], [ 135.392175759999986, 33.68082451 ] ] ] } },
{ "type": "Feature", "properties": { "A29_001": "30401", "A29_002": "和歌山県", "A29_003": "白浜町", "A29_004": 6, "A29_005": "第二種住居地域", "A29_006": 60, "A29_007": 200, "A29_008": "条件付き公開" }, "geometry": { "type": "Polygon", "coordinates": [ [ [ 135.350690687999986, 33.680323032 ], [ 135.351310500000011, 33.67926297 ], [ 135.35096753, 33.679267 ], [ 135.35057325, 33.67929056 ], [ 135.35047956, 33.67927356 ], [ 135.35027231, 33.67926264 ], [ 135.350183109999989, 33.67929108 ], [ 135.350039110000012, 33.67929389 ], [ 135.35, 33.67929356 ], [ 135.34988483, 33.67929258 ], [ 135.34977303, 33.67927289 ], [ 135.34943114, 33.67920799 ], [ 135.34878611, 33.67908556 ], [ 135.348496110000013, 33.67902917 ], [ 135.34787731099999, 33.678889059 ], [ 135.34764263299999, 33.678690729 ], [ 135.346892172, 33.679351753 ], [ 135.346840461999989, 33.679985998 ], [ 135.346975708, 33.680213823 ], [ 135.34719347699999, 33.68039628 ], [ 135.347149825, 33.680656253 ], [ 135.346837037, 33.680982622 ], [ 135.347086891, 33.680960086 ], [ 135.347625607, 33.680945039 ], [ 135.348205065, 33.68073041 ], [ 135.348703273000012, 33.68041098 ], [ 135.348779425, 33.680718528 ], [ 135.349748999000013, 33.680801166 ], [ 135.350045488, 33.680743086 ], [ 135.350690687999986, 33.680323032 ] ] ] } },
{ "type": "Feature", "properties": { "A29_001": "30401", "A29_002": "和歌山県", "A29_003": "白浜町", "A29_004": 3, "A29_005": "第一種中高層住居専用地域", "A29_006": 60, "A29_007": 200, "A29_008": "条件付き公開" }, "geometry": { "type": "Polygon", "coordinates": [ [ [ 135.355731334000012, 33.682934594 ], [ 135.355705529, 33.682742103 ], [ 135.355524782, 33.682543264 ], [ 135.35517119, 33.68222158 ], [ 135.35516339, 33.68219556 ], [ 135.35517406, 33.68217778 ], [ 135.35517511, 33.68217603 ], [ 135.355302, 33.68213044 ], [ 135.355292490000011, 33.68206918 ], [ 135.35522978, 33.68166494 ], [ 135.35517658, 33.68153233 ], [ 135.35496267900001, 33.681047296 ], [ 135.354226605, 33.681431722 ], [ 135.35412714, 33.68135525 ], [ 135.35356842499999, 33.681119817 ], [ 135.35370428499999, 33.680886738 ], [ 135.353685703999986, 33.680700564 ], [ 135.353286285, 33.68030962 ], [ 135.35329629200001, 33.680116438 ], [ 135.35299645, 33.679792967 ], [ 135.352745685, 33.679719929 ], [ 135.352534139999989, 33.67953236 ], [ 135.352449220000011, 33.67942169 ], [ 135.35225039, 33.67914892 ], [ 135.35211922, 33.67918172 ], [ 135.351975360000012, 33.67922722 ], [ 135.35179653, 33.67924953 ], [ 135.351644279999988, 33.67925375 ], [ 135.351310500000011, 33.67926297 ], [ 135.350690687999986, 33.680323032 ], [ 135.350045488, 33.680743086 ], [ 135.349666848, 33.681289784 ], [ 135.349448353000014, 33.681410896 ], [ 135.349147890000012, 33.68152263 ], [ 135.348860636000012, 33.681774588 ], [ 135.34870015300001, 33.68177076 ], [ 135.348187636, 33.682567236 ], [ 135.348411424, 33.682690679 ], [ 135.348152766999988, 33.68293384 ], [ 135.34838050499999, 33.683006609 ], [ 135.34874998, 33.68251322 ], [ 135.348937412, 33.682472783 ], [ 135.349197464000014, 33.682531277 ], [ 135.34924406, 33.68267648 ], [ 135.349663109, 33.683013209 ], [ 135.349847372, 33.682849991 ], [ 135.350403699999987, 33.68310379 ], [ 135.350780211999989, 33.68312238 ], [ 135.351123212, 33.683046649 ], [ 135.35150893299999, 33.682912182 ], [ 135.35255684, 33.682896719 ], [ 135.352606578, 33.682542716 ], [ 135.35277794699999, 33.682522144 ], [ 135.35315918, 33.68216395 ], [ 135.353263739999989, 33.68223004 ], [ 135.353437093, 33.682539522 ], [ 135.35347657299999, 33.682983452 ], [ 135.353547706, 33.683210762 ], [ 135.35393939799999, 33.683324152 ], [ 135.354153677999989, 33.682812366 ], [ 135.354398542000013, 33.682980638 ], [ 135.354386928, 33.683255829 ], [ 135.354426640000014, 33.68333133 ], [ 135.355095017999986, 33.683336152 ], [ 135.355439158, 33.683088175 ], [ 135.355731334000012, 33.682934594 ] ] ] } },
{ "type": "Feature", "properties": { "A29_001": "30401", "A29_002": "和歌山県", "A29_003": "白浜町", "A29_004": 1, "A29_005": "第一種低層住居専用地域", "A29_006": 30, "A29_007": 50, "A29_008": "条件付き公開" }, "geometry": { "type": "Polygon", "coordinates": [ [ [ 135.366956103, 33.682949324 ], [ 135.366555440000013, 33.68272804 ], [ 135.36610851, 33.68245217 ], [ 135.3655772, 33.68212422 ], [ 135.36551237099999, 33.68116044 ], [ 135.365492485, 33.680501597 ], [ 135.36548307000001, 33.68010885 ], [ 135.365451417, 33.679837909 ], [ 135.3652012, 33.679853004 ], [ 135.36527044799999, 33.68062272 ], [ 135.364933922, 33.680790966 ], [ 135.36463315099999, 33.680947466 ], [ 135.364319244, 33.680839275 ], [ 135.363014459, 33.680918571 ], [ 135.362999855, 33.681092486 ], [ 135.363566545999987, 33.681121807 ], [ 135.363855803, 33.681366629 ], [ 135.364541118, 33.681303358 ], [ 135.364694641999989, 33.681380487 ], [ 135.364687425999989, 33.681585612 ], [ 135.364333643, 33.681685089 ], [ 135.36397773499999, 33.681858692 ], [ 135.363720925, 33.68185737 ], [ 135.363582307, 33.682080904 ], [ 135.36351858099999, 33.682209399 ], [ 135.36342121199999, 33.682256609 ], [ 135.36312286899999, 33.682469777 ], [ 135.363394481, 33.682786077 ], [ 135.363923351000011, 33.682268737 ], [ 135.364182153, 33.682239933 ], [ 135.364346786999988, 33.682118237 ], [ 135.364568128, 33.682286368 ], [ 135.364571799, 33.682563118 ], [ 135.36428966599999, 33.682900424 ], [ 135.364408845000014, 33.68299169 ], [ 135.36473992, 33.68298385 ], [ 135.365070258, 33.683076201 ], [ 135.365649671, 33.683446561 ], [ 135.365607970000013, 33.683684908 ], [ 135.365861918, 33.683804681 ], [ 135.365997365, 33.683429642 ], [ 135.366120206, 33.683022333 ], [ 135.36644272, 33.682820017 ], [ 135.366724008, 33.682986066 ], [ 135.366956103, 33.682949324 ] ] ] } },
{ "type": "Feature", "properties": { "A29_001": "30401", "A29_002": "和歌山県", "A29_003": "白浜町", "A29_004": 3, "A29_005": "第一種中高層住居専用地域", "A29_006": 60, "A29_007": 200, "A29_008": "条件付き公開" }, "geometry": { "type": "Polygon", "coordinates": [ [ [ 135.390814732, 33.682111882 ], [ 135.390853588, 33.68192719 ], [ 135.389912087999988, 33.681296322 ], [ 135.389702486, 33.681277395 ], [ 135.389498201, 33.681111778 ], [ 135.38919413299999, 33.681135324 ], [ 135.38881994, 33.68127605 ], [ 135.38861877, 33.68135317 ], [ 135.388676943, 33.681637325 ], [ 135.388574799999986, 33.68172462 ], [ 135.38828891599999, 33.681427856 ], [ 135.387964790000012, 33.681261644 ], [ 135.388057690000011, 33.680836271 ], [ 135.38801641, 33.680621361 ], [ 135.388073142, 33.68046777 ], [ 135.38800613, 33.68025989 ], [ 135.387994482000011, 33.680091646 ], [ 135.38790128299999, 33.679955204 ], [ 135.387782378, 33.679822214 ], [ 135.38747136, 33.67977008 ], [ 135.38756675, 33.67970993 ], [ 135.38769829899999, 33.679607092 ], [ 135.387638936, 33.679528072 ], [ 135.38745066300001, 33.679519982 ], [ 135.387315376, 33.679283136 ], [ 135.387140071, 33.679257217 ], [ 135.38710414, 33.67889204 ], [ 135.386984578000011, 33.678852084 ], [ 135.38699456, 33.678651742 ], [ 135.386944989999989, 33.67813135 ], [ 135.386928025, 33.677269565 ], [ 135.38694252, 33.67707587 ], [ 135.38694806, 33.67689621 ], [ 135.38665873, 33.67675436 ], [ 135.386692345, 33.676606962 ], [ 135.38647247, 33.67656182 ], [ 135.386505374, 33.676416377 ], [ 135.386642332, 33.676417057 ], [ 135.38665165399999, 33.67630975 ], [ 135.38646075, 33.67617509 ], [ 135.38635492, 33.67624596 ], [ 135.3862545, 33.67635731 ], [ 135.38617939, 33.676514 ], [ 135.386099120000011, 33.67659452 ], [ 135.38584695, 33.676772777 ], [ 135.38546714, 33.67710366 ], [ 135.385206540000013, 33.67732368 ], [ 135.385054599999989, 33.67747524 ], [ 135.38495074, 33.67762858 ], [ 135.3849309, 33.67765787 ], [ 135.38485694, 33.67777705 ], [ 135.384638630000012, 33.6781288 ], [ 135.38463042, 33.67814246 ], [ 135.38449748, 33.67836371 ], [ 135.38444077, 33.67843585 ], [ 135.38435959, 33.67853912 ], [ 135.38434791, 33.67855064 ], [ 135.38419079, 33.6787056 ], [ 135.38416752, 33.67872855 ], [ 135.383971339999988, 33.67889535 ], [ 135.38365958, 33.6791056 ], [ 135.383425890000012, 33.67925144 ], [ 135.38316778, 33.67941252 ], [ 135.38292623000001, 33.67956175 ], [ 135.382145619999989, 33.68004402 ], [ 135.382153609999989, 33.68010141 ], [ 135.38218217, 33.68030658 ], [ 135.38217389, 33.68046955 ], [ 135.38244977, 33.68060361 ], [ 135.38247345, 33.68070965 ], [ 135.3824801, 33.68073941 ], [ 135.38267271, 33.68087364 ], [ 135.382791309999988, 33.68080998 ], [ 135.38287542, 33.68079017 ], [ 135.38311441, 33.68080684 ], [ 135.38321747, 33.68072644 ], [ 135.38346888, 33.68089725 ], [ 135.383424530000013, 33.68098606 ], [ 135.383389459999989, 33.68105631 ], [ 135.38340283, 33.68117774 ], [ 135.38330835, 33.68125342 ], [ 135.383403249999986, 33.68154945 ], [ 135.38346464, 33.68174095 ], [ 135.38347264, 33.6817659 ], [ 135.38354727, 33.68175369 ], [ 135.38371613000001, 33.68172606 ], [ 135.383750099999986, 33.6817205 ], [ 135.38376903, 33.6817174 ], [ 135.38379566, 33.68179276 ], [ 135.38381368, 33.68184376 ], [ 135.38399055, 33.68189164 ], [ 135.38406643, 33.68202767 ], [ 135.38441351, 33.68205677 ], [ 135.38482935, 33.68232478 ], [ 135.38495838, 33.68235477 ], [ 135.38515901, 33.68240139 ], [ 135.38517611, 33.682599 ], [ 135.3851529, 33.68265957 ], [ 135.385172219999987, 33.68274534 ], [ 135.3852484, 33.68284091 ], [ 135.38529053, 33.68291965 ], [ 135.385368230000012, 33.68320324 ], [ 135.38556055, 33.68333431 ], [ 135.38609096, 33.68369579 ], [ 135.38637251, 33.68388767 ], [ 135.387527530999989, 33.684566221 ], [ 135.387796939999987, 33.68441785 ], [ 135.388409281, 33.684292054 ], [ 135.38879466, 33.68407142 ], [ 135.38911338, 33.68407142 ], [ 135.38944595000001, 33.68416842 ], [ 135.38965381, 33.68416842 ], [ 135.389861669999988, 33.68419614 ], [ 135.38998639, 33.68389128 ], [ 135.390691288999989, 33.683611499 ], [ 135.39063886400001, 33.682952811 ], [ 135.39066539, 33.68235312 ], [ 135.390814732, 33.682111882 ] ] ] } },
{ "type": "Feature", "properties": { "A29_001": "30401", "A29_002": "和歌山県", "A29_003": "白浜町", "A29_004": 6, "A29_005": "第二種住居地域", "A29_006": 60, "A29_007": 200, "A29_008": "条件付き公開" }, "geometry": { "type": "Polygon", "coordinates": [ [ [ 135.35496267900001, 33.681047296 ], [ 135.35517658, 33.68153233 ], [ 135.35522978, 33.68166494 ], [ 135.355292490000011, 33.68206918 ], [ 135.355302, 33.68213044 ], [ 135.35517511, 33.68217603 ], [ 135.35517406, 33.68217778 ], [ 135.35516339, 33.68219556 ], [ 135.35517119, 33.68222158 ], [ 135.355524782, 33.682543264 ], [ 135.35601401400001, 33.682176251 ], [ 135.356253624, 33.682188235 ], [ 135.356338975, 33.68279701 ], [ 135.356511097, 33.683047866 ], [ 135.356432996, 33.683288975 ], [ 135.356560914999989, 33.683355245 ], [ 135.356832884999989, 33.68323738 ], [ 135.357196528, 33.683263129 ], [ 135.35750225699999, 33.683401891 ], [ 135.357337693, 33.68346664 ], [ 135.356852954, 33.683416405 ], [ 135.356808640999986, 33.683618952 ], [ 135.35723542400001, 33.683788165 ], [ 135.357126775000012, 33.684008269 ], [ 135.356876426000014, 33.684096426 ], [ 135.356989500999987, 33.684240151 ], [ 135.357608812, 33.684422293 ], [ 135.357628659999989, 33.684631137 ], [ 135.35742115799999, 33.684713554 ], [ 135.357415132, 33.684852649 ], [ 135.357926060000011, 33.68492916 ], [ 135.358161704, 33.684902288 ], [ 135.358248862000011, 33.684694 ], [ 135.35884314099999, 33.684404848 ], [ 135.35939119, 33.68400911 ], [ 135.359589199999988, 33.6840352 ], [ 135.35967075, 33.68405953 ], [ 135.359733189999986, 33.68408947 ], [ 135.360140287, 33.684478666 ], [ 135.36042666899999, 33.684533825 ], [ 135.36044738199999, 33.684626971 ], [ 135.359741449000012, 33.684580375 ], [ 135.359415031999987, 33.684728976 ], [ 135.359246533, 33.684939229 ], [ 135.359248662999988, 33.685229092 ], [ 135.359402542, 33.685258517 ], [ 135.359489344, 33.685097938 ], [ 135.359734436999986, 33.684948915 ], [ 135.360212796000013, 33.685270954 ], [ 135.360583846, 33.685260954 ], [ 135.360664574999987, 33.685029344 ], [ 135.36075017499999, 33.684957644 ], [ 135.360895993000014, 33.684740223 ], [ 135.360613863, 33.684688666 ], [ 135.360636325, 33.684545645 ], [ 135.360689013000012, 33.684366997 ], [ 135.360800724, 33.684310321 ], [ 135.36078439799999, 33.684202884 ], [ 135.36049956, 33.68428769 ], [ 135.36046558000001, 33.68405611 ], [ 135.36040703, 33.68406413 ], [ 135.36037234, 33.68393156 ], [ 135.36026217, 33.68375153 ], [ 135.36027538, 33.68373395 ], [ 135.36031139, 33.68368613 ], [ 135.36033311, 33.68365589 ], [ 135.36056481, 33.68333333 ], [ 135.36057519, 33.68331892 ], [ 135.360612089999989, 33.68325111 ], [ 135.360633940000014, 33.68319039 ], [ 135.36064713, 33.68314036 ], [ 135.360654, 33.68308136 ], [ 135.36065222, 33.68303305 ], [ 135.360639780000014, 33.68297931 ], [ 135.36060287, 33.68290961 ], [ 135.36049995, 33.68275225 ], [ 135.36023183, 33.68234025 ], [ 135.360035079999989, 33.682042 ], [ 135.35999569, 33.68196714 ], [ 135.359970729999986, 33.68190833 ], [ 135.359953, 33.68184856 ], [ 135.359942530000012, 33.68179283 ], [ 135.359908420000011, 33.68149336 ], [ 135.35988988, 33.6813812 ], [ 135.35987472, 33.68130323 ], [ 135.35984739, 33.68123628 ], [ 135.35982125000001, 33.68117036 ], [ 135.35978025, 33.68109147 ], [ 135.35973486, 33.68102628 ], [ 135.359709579999986, 33.68098992 ], [ 135.35935117, 33.68051575 ], [ 135.359068869999987, 33.68005888 ], [ 135.35814657, 33.68046355 ], [ 135.35777994, 33.68053021 ], [ 135.355594515, 33.680753716 ], [ 135.35496267900001, 33.681047296 ] ] ] } },
{ "type": "Feature", "properties": { "A29_001": "30401", "A29_002": "和歌山県", "A29_003": "白浜町", "A29_004": 1, "A29_005": "第一種低層住居専用地域", "A29_006": 30, "A29_007": 50, "A29_008": "条件付き公開" }, "geometry": { "type": "Polygon", "coordinates": [ [ [ 135.360212796000013, 33.685270954 ], [ 135.359847726, 33.685436054 ], [ 135.360172745999989, 33.685861184 ], [ 135.36027249599999, 33.685879594 ], [ 135.360401036000013, 33.685862374 ], [ 135.360902845999988, 33.685536944 ], [ 135.361036485999989, 33.685794094 ], [ 135.36108589599999, 33.685865914 ], [ 135.361320836, 33.685932734 ], [ 135.36140648599999, 33.685927214 ], [ 135.361763274999987, 33.684950953 ], [ 135.361336125, 33.684829464 ], [ 135.361284995, 33.684990234 ], [ 135.36075017499999, 33.684957644 ], [ 135.360664574999987, 33.685029344 ], [ 135.360583846, 33.685260954 ], [ 135.360212796000013, 33.685270954 ] ] ] } },
{ "type": "Feature", "properties": { "A29_001": "30401", "A29_002": "和歌山県", "A29_003": "白浜町", "A29_004": 3, "A29_005": "第一種中高層住居専用地域", "A29_006": 60, "A29_007": 200, "A29_008": "条件付き公開" }, "geometry": { "type": "Polygon", "coordinates": [ [ [ 135.3670205, 33.68032681 ], [ 135.365492485, 33.680501597 ], [ 135.36551237099999, 33.68116044 ], [ 135.3655772, 33.68212422 ], [ 135.36610851, 33.68245217 ], [ 135.366555440000013, 33.68272804 ], [ 135.366956103, 33.682949324 ], [ 135.36739942, 33.683276326 ], [ 135.36753236199999, 33.683631866 ], [ 135.36760849699999, 33.683951331 ], [ 135.367414967, 33.684075585 ], [ 135.367172068, 33.684122053 ], [ 135.366991909, 33.684368638 ], [ 135.36696197399999, 33.684559333 ], [ 135.366740257, 33.68463573 ], [ 135.366606224, 33.684915352 ], [ 135.36661719, 33.685365692 ], [ 135.366505631, 33.685985379 ], [ 135.369287052, 33.686112924 ], [ 135.369799656, 33.685769625 ], [ 135.370101307999988, 33.685417278 ], [ 135.370269801, 33.684953959 ], [ 135.37049184599999, 33.685028407 ], [ 135.371251707, 33.684757174 ], [ 135.371944495, 33.684650362 ], [ 135.37247184899999, 33.684782636 ], [ 135.37302153499999, 33.684679688 ], [ 135.373363853, 33.684696334 ], [ 135.373753297, 33.684608848 ], [ 135.374465277000013, 33.684314253 ], [ 135.374615973, 33.684192753 ], [ 135.375189760000012, 33.68344294 ], [ 135.37583687, 33.683071724 ], [ 135.375909522, 33.682890188 ], [ 135.375770749999987, 33.6826837 ], [ 135.37562183, 33.68233933 ], [ 135.375477569999987, 33.6821625 ], [ 135.375237297000012, 33.682129359 ], [ 135.374936150999986, 33.682339559 ], [ 135.374493777, 33.682349249 ], [ 135.374463243, 33.682157798 ], [ 135.374295569999987, 33.68199962 ], [ 135.374348029, 33.681866059 ], [ 135.37412513000001, 33.68173339 ], [ 135.37411117, 33.68158913 ], [ 135.373856361, 33.681533748 ], [ 135.37359958499999, 33.681685126 ], [ 135.37340537, 33.681708951 ], [ 135.373109803, 33.681543322 ], [ 135.372897048999988, 33.681605223 ], [ 135.372735444999989, 33.681539514 ], [ 135.372580273000011, 33.681531092 ], [ 135.372451375999987, 33.681362491 ], [ 135.37200373499999, 33.681390752 ], [ 135.37206324600001, 33.680730081 ], [ 135.371859652000012, 33.680485396 ], [ 135.371652355, 33.680425179 ], [ 135.371612107, 33.679995564 ], [ 135.37179222099999, 33.67993751 ], [ 135.37179835, 33.67972305 ], [ 135.37106774, 33.67956018 ], [ 135.371091, 33.67920185 ], [ 135.37133551, 33.678857693 ], [ 135.370370737, 33.679303803 ], [ 135.36986732599999, 33.67946823 ], [ 135.368785011999989, 33.679534365 ], [ 135.3670205, 33.68032681 ] ] ] } },
{ "type": "Feature", "properties": { "A29_001": "30401", "A29_002": "和歌山県", "A29_003": "白浜町", "A29_004": 5, "A29_005": "第一種住居地域", "A29_006": 60, "A29_007": 200, "A29_008": "条件付き公開" }, "geometry": { "type": "Polygon", "coordinates": [ [ [ 135.35147673899999, 33.686247441 ], [ 135.352072924, 33.686279196 ], [ 135.351966581, 33.68605572 ], [ 135.35209511799999, 33.685983497 ], [ 135.352292516, 33.685917735 ], [ 135.352567872, 33.685730715 ], [ 135.35249747200001, 33.685224597 ], [ 135.35204932100001, 33.685241333 ], [ 135.351620338, 33.68536552 ], [ 135.35168139699999, 33.685594859 ], [ 135.349364872, 33.685807643 ], [ 135.349425114000013, 33.686008044 ], [ 135.349701622999987, 33.68604767 ], [ 135.349764169999986, 33.68628285 ], [ 135.349874629999988, 33.6863572 ], [ 135.350016857000014, 33.686465449 ], [ 135.35147673899999, 33.686247441 ] ] ] } },
{ "type": "Feature", "properties": { "A29_001": "30401", "A29_002": "和歌山県", "A29_003": "白浜町", "A29_004": 9, "A29_005": "商業地域", "A29_006": 80, "A29_007": 400, "A29_008": "条件付き公開" }, "geometry": { "type": "Polygon", "coordinates": [ [ [ 135.336307084999987, 33.675263343 ], [ 135.336519785, 33.67543267 ], [ 135.336638493, 33.675580022 ], [ 135.336908881999989, 33.676597743 ], [ 135.336750087000013, 33.676654145 ], [ 135.336718122, 33.676915198 ], [ 135.33672832, 33.677023548 ], [ 135.33699628799999, 33.676920269 ], [ 135.33714837, 33.67706786 ], [ 135.33726973, 33.67700064 ], [ 135.337398404, 33.676935599 ], [ 135.337701771000013, 33.67670547 ], [ 135.338123838, 33.676549685 ], [ 135.339044494, 33.67649199 ], [ 135.339725480999988, 33.67652545 ], [ 135.340118579, 33.676426162 ], [ 135.340842957, 33.676382315 ], [ 135.341291821, 33.676453295 ], [ 135.341746298, 33.676724097 ], [ 135.341883395, 33.676987244 ], [ 135.341966426999988, 33.677324654 ], [ 135.34210055, 33.677510253 ], [ 135.34230964, 33.67766411 ], [ 135.342806669999987, 33.67795569 ], [ 135.34281898, 33.67796322 ], [ 135.34283667, 33.67798208 ], [ 135.34286056, 33.67801877 ], [ 135.34287414, 33.67805108 ], [ 135.34287859, 33.67807036 ], [ 135.342877890000011, 33.67808961 ], [ 135.34286536, 33.67814487 ], [ 135.34284878, 33.6782332 ], [ 135.34284528, 33.67825183 ], [ 135.342843390000013, 33.67827253 ], [ 135.342844969999987, 33.67829177 ], [ 135.34285272, 33.67833272 ], [ 135.34290966, 33.67852572 ], [ 135.34295856, 33.67871631 ], [ 135.343019, 33.678905 ], [ 135.34306325, 33.67904303 ], [ 135.34311971299999, 33.67925856 ], [ 135.344227956, 33.679865619 ], [ 135.344461716000012, 33.679895487 ], [ 135.34465767, 33.67984033 ], [ 135.34478754, 33.67991551 ], [ 135.344917400000014, 33.68018208 ], [ 135.34517714, 33.68069471 ], [ 135.34541636, 33.68100228 ], [ 135.34550522, 33.68109114 ], [ 135.345737609999986, 33.68135771 ], [ 135.34575128, 33.6815901 ], [ 135.345406413, 33.682505578 ], [ 135.345081263, 33.682484771 ], [ 135.34485589, 33.68283407 ], [ 135.34463717, 33.68314165 ], [ 135.34430278799999, 33.683539852 ], [ 135.344342086000012, 33.683908368 ], [ 135.344063401999989, 33.684249492 ], [ 135.343405969, 33.684393908 ], [ 135.343083156, 33.68403647 ], [ 135.342500148, 33.684179158 ], [ 135.343535171000013, 33.685097267 ], [ 135.34346925299999, 33.685322357 ], [ 135.34364292399999, 33.685563033 ], [ 135.34367530599999, 33.685704185 ], [ 135.343953268, 33.685843797 ], [ 135.34464723, 33.68606161 ], [ 135.344655426, 33.686387862 ], [ 135.344931433999989, 33.686117367 ], [ 135.34534980399999, 33.68570091 ], [ 135.345706889000013, 33.685463048 ], [ 135.346049316, 33.685464861 ], [ 135.34657606799999, 33.685431863 ], [ 135.347051125, 33.685527515 ], [ 135.34699766, 33.68575588 ], [ 135.3469534, 33.68594497 ], [ 135.346966470000012, 33.68609972 ], [ 135.34701526, 33.68625095 ], [ 135.34704991000001, 33.68635837 ], [ 135.347168, 33.68655414 ], [ 135.34719818, 33.68658733 ], [ 135.34730987, 33.68671017 ], [ 135.34737334, 33.68678785 ], [ 135.3473998, 33.68686533 ], [ 135.347396550000013, 33.68691767 ], [ 135.34739070099999, 33.687059847 ], [ 135.34732094, 33.68734521 ], [ 135.34735067, 33.68743325 ], [ 135.34745206, 33.68750276 ], [ 135.34745475, 33.6875046 ], [ 135.347533700000014, 33.68760497 ], [ 135.34759963, 33.68773383 ], [ 135.34771944799999, 33.688306869 ], [ 135.348394197, 33.688517977 ], [ 135.34860138799999, 33.688290051 ], [ 135.34841827, 33.68771515 ], [ 135.34838081699999, 33.687592573 ], [ 135.348688654999989, 33.687503261 ], [ 135.34902608499999, 33.687163407 ], [ 135.34934328, 33.68740569 ], [ 135.34939528000001, 33.68744792 ], [ 135.34945565000001, 33.6874821 ], [ 135.349612760000014, 33.68757106 ], [ 135.349651169999987, 33.68759281 ], [ 135.34976361, 33.68763806 ], [ 135.34992664, 33.68768137 ], [ 135.35, 33.68770086 ], [ 135.35006056, 33.68771694 ], [ 135.350143440000011, 33.68774897 ], [ 135.35019478000001, 33.68776092 ], [ 135.351633931, 33.688255387 ], [ 135.351997788, 33.68768475 ], [ 135.354121233, 33.687268844 ], [ 135.354145525, 33.687073352 ], [ 135.35455434, 33.68730335 ], [ 135.35487049, 33.68748462 ], [ 135.355197397000012, 33.687711916 ], [ 135.355296649, 33.687633894 ], [ 135.355412088, 33.687623576 ], [ 135.356106546, 33.686800822 ], [ 135.35559311099999, 33.686769518 ], [ 135.355666426999989, 33.686505098 ], [ 135.355465753, 33.686238017 ], [ 135.355505654000012, 33.685869688 ], [ 135.355322811, 33.685897361 ], [ 135.35529853599999, 33.685708772 ], [ 135.355084411, 33.685721968 ], [ 135.355099282, 33.685259237 ], [ 135.355382104, 33.685217772 ], [ 135.355482779999988, 33.685110945 ], [ 135.355383452000012, 33.684650339 ], [ 135.355125750000013, 33.68439744 ], [ 135.35506231, 33.68431967 ], [ 135.35499737, 33.68425667 ], [ 135.354937830000011, 33.684204 ], [ 135.35482122, 33.68412595 ], [ 135.354633330000013, 33.68402333 ], [ 135.35447728, 33.68394053 ], [ 135.354352479999989, 33.68387397 ], [ 135.35423572, 33.68381172 ], [ 135.35400983, 33.68370156 ], [ 135.35399211, 33.68369289 ], [ 135.35383944, 33.68361439 ], [ 135.35376752, 33.68357531 ], [ 135.35370253, 33.68352259 ], [ 135.353622699999988, 33.68345041 ], [ 135.353547706, 33.683210762 ], [ 135.35347657299999, 33.682983452 ], [ 135.353437093, 33.682539522 ], [ 135.353263739999989, 33.68223004 ], [ 135.35315918, 33.68216395 ], [ 135.35277794699999, 33.682522144 ], [ 135.352606578, 33.682542716 ], [ 135.35255684, 33.682896719 ], [ 135.35150893299999, 33.682912182 ], [ 135.351123212, 33.683046649 ], [ 135.350780211999989, 33.68312238 ], [ 135.350403699999987, 33.68310379 ], [ 135.349847372, 33.682849991 ], [ 135.349663109, 33.683013209 ], [ 135.34924406, 33.68267648 ], [ 135.349197464000014, 33.682531277 ], [ 135.348937412, 33.682472783 ], [ 135.34874998, 33.68251322 ], [ 135.34838050499999, 33.683006609 ], [ 135.348152766999988, 33.68293384 ], [ 135.348411424, 33.682690679 ], [ 135.348187636, 33.682567236 ], [ 135.34870015300001, 33.68177076 ], [ 135.348860636000012, 33.681774588 ], [ 135.349147890000012, 33.68152263 ], [ 135.349448353000014, 33.681410896 ], [ 135.349666848, 33.681289784 ], [ 135.350045488, 33.680743086 ], [ 135.349748999000013, 33.680801166 ], [ 135.348779425, 33.680718528 ], [ 135.348703273000012, 33.68041098 ], [ 135.348205065, 33.68073041 ], [ 135.347625607, 33.680945039 ], [ 135.347086891, 33.680960086 ], [ 135.346837037, 33.680982622 ], [ 135.347149825, 33.680656253 ], [ 135.34719347699999, 33.68039628 ], [ 135.346975708, 33.680213823 ], [ 135.346840461999989, 33.679985998 ], [ 135.346892172, 33.679351753 ], [ 135.34764263299999, 33.678690729 ], [ 135.34647240000001, 33.67797786 ], [ 135.34629722, 33.67789078 ], [ 135.34605061, 33.67782953 ], [ 135.34577778, 33.67782078 ], [ 135.345016187, 33.677823036 ], [ 135.34500606, 33.67775525 ], [ 135.344978809999986, 33.67772344 ], [ 135.34484796800001, 33.677616837 ], [ 135.344200253999986, 33.677804744 ], [ 135.34396901, 33.67796439 ], [ 135.3439324, 33.67793471 ], [ 135.34375839, 33.67787459 ], [ 135.34360432, 33.67799714 ], [ 135.34338743, 33.67800652 ], [ 135.34334406, 33.67800277 ], [ 135.343311664, 33.677865629 ], [ 135.343365957, 33.677761547 ], [ 135.34325003, 33.67729092 ], [ 135.3432196, 33.6771953 ], [ 135.34319469, 33.67711703 ], [ 135.343142, 33.67698028 ], [ 135.343082079999988, 33.67686825 ], [ 135.342907507, 33.676605072 ], [ 135.34288731, 33.676446918 ], [ 135.34240209699999, 33.676465211 ], [ 135.34209825, 33.67638267 ], [ 135.34206468, 33.67634817 ], [ 135.342126016, 33.676186415 ], [ 135.34229039600001, 33.676145542 ], [ 135.342400957, 33.675677954 ], [ 135.3420778, 33.67566162 ], [ 135.34215754499999, 33.675324781 ], [ 135.341839533000012, 33.67540062 ], [ 135.34179907, 33.6757125 ], [ 135.34170723, 33.67578853 ], [ 135.3414272, 33.67574242 ], [ 135.341414563, 33.675639363 ], [ 135.34115825, 33.675575374 ], [ 135.341130445, 33.675479802 ], [ 135.34064401, 33.67543453 ], [ 135.339691171, 33.674544218 ], [ 135.339738575000013, 33.67419309 ], [ 135.33920957399999, 33.674342346 ], [ 135.339154580000013, 33.67449061 ], [ 135.33910911000001, 33.67459389 ], [ 135.337649797000012, 33.674304375 ], [ 135.33778689, 33.67491685 ], [ 135.33765251299999, 33.675066591 ], [ 135.336307084999987, 33.675263343 ] ], [ [ 135.352567872, 33.685730715 ], [ 135.352292516, 33.685917735 ], [ 135.35209511799999, 33.685983497 ], [ 135.351966581, 33.68605572 ], [ 135.352072924, 33.686279196 ], [ 135.35147673899999, 33.686247441 ], [ 135.350016857000014, 33.686465449 ], [ 135.349874629999988, 33.6863572 ], [ 135.349764169999986, 33.68628285 ], [ 135.349701622999987, 33.68604767 ], [ 135.349425114000013, 33.686008044 ], [ 135.349364872, 33.685807643 ], [ 135.35168139699999, 33.685594859 ], [ 135.351620338, 33.68536552 ], [ 135.35204932100001, 33.685241333 ], [ 135.35249747200001, 33.685224597 ], [ 135.352567872, 33.685730715 ] ] ] } },
{ "type": "Feature", "properties": { "A29_001": "30401", "A29_002": "和歌山県", "A29_003": "白浜町", "A29_004": 1, "A29_005": "第一種低層住居専用地域", "A29_006": 30, "A29_007": 50, "A29_008": "条件付き公開" }, "geometry": { "type": "Polygon", "coordinates": [ [ [ 135.364140983999988, 33.687142351 ], [ 135.36444201, 33.686954243 ], [ 135.36445576, 33.68678299 ], [ 135.36458024, 33.68673711 ], [ 135.36488925399999, 33.686673848 ], [ 135.36506414499999, 33.686757051 ], [ 135.365313390000011, 33.68715955 ], [ 135.365140757, 33.68738104 ], [ 135.36513130899999, 33.687519598 ], [ 135.36521229499999, 33.687566533 ], [ 135.36534881, 33.68758199 ], [ 135.365642040000012, 33.68729006 ], [ 135.3657792, 33.68726572 ], [ 135.36595078, 33.6872165 ], [ 135.366118379999989, 33.6871279 ], [ 135.366294936, 33.68703175 ], [ 135.366733197, 33.687391838 ], [ 135.367019147, 33.687507813 ], [ 135.367051843000013, 33.687719107 ], [ 135.36693025, 33.68790858 ], [ 135.36672363, 33.68806497 ], [ 135.366710485, 33.688153924 ], [ 135.367225614, 33.688459905 ], [ 135.3673379, 33.68835797 ], [ 135.36736058, 33.68818274 ], [ 135.367444361999986, 33.687896459 ], [ 135.367658979999987, 33.68776917 ], [ 135.367541415, 33.68750333 ], [ 135.367514021, 33.687152505 ], [ 135.367377886000014, 33.687037299 ], [ 135.366793618, 33.686740877 ], [ 135.366702494, 33.686473529 ], [ 135.366501997, 33.686231247 ], [ 135.366232174, 33.686251334 ], [ 135.36602243499999, 33.686250258 ], [ 135.365603377000014, 33.686190852 ], [ 135.36517039, 33.68623201 ], [ 135.365045439999989, 33.6863423 ], [ 135.3649206, 33.68643827 ], [ 135.36477026, 33.68650907 ], [ 135.36459009, 33.68656182 ], [ 135.36446168, 33.68656116 ], [ 135.36435895, 33.68656063 ], [ 135.36415262, 33.68667765 ], [ 135.36396381, 33.68674109 ], [ 135.36393166, 33.68703794 ], [ 135.364140983999988, 33.687142351 ] ] ] } },
{ "type": "Feature", "properties": { "A29_001": "30401", "A29_002": "和歌山県", "A29_003": "白浜町", "A29_004": 6, "A29_005": "第二種住居地域", "A29_006": 60, "A29_007": 200, "A29_008": "条件付き公開" }, "geometry": { "type": "Polygon", "coordinates": [ [ [ 135.358565774, 33.688928215 ], [ 135.35884453, 33.68888808 ], [ 135.35898058, 33.68881961 ], [ 135.35918837, 33.68870261 ], [ 135.35936603, 33.68860453 ], [ 135.3594707, 33.68853589 ], [ 135.35951533, 33.68848005 ], [ 135.35954148, 33.68841816 ], [ 135.358845413000012, 33.688163886 ], [ 135.358804287, 33.6879589 ], [ 135.358478807000012, 33.687958014 ], [ 135.35831545799999, 33.688050205 ], [ 135.358307881, 33.687917764 ], [ 135.35794988, 33.68753779 ], [ 135.35775778499999, 33.687725728 ], [ 135.357360413, 33.687537107 ], [ 135.357182819, 33.687242753 ], [ 135.35715857400001, 33.687049393 ], [ 135.35712109, 33.68690964 ], [ 135.35688104, 33.68697877 ], [ 135.356397592, 33.686920187 ], [ 135.35632998599999, 33.686801747 ], [ 135.356358121999989, 33.68647268 ], [ 135.356295249999988, 33.68623639 ], [ 135.35584756, 33.68589528 ], [ 135.35576525, 33.6858352 ], [ 135.355505654000012, 33.685869688 ], [ 135.355465753, 33.686238017 ], [ 135.355666426999989, 33.686505098 ], [ 135.35559311099999, 33.686769518 ], [ 135.356106546, 33.686800822 ], [ 135.355412088, 33.687623576 ], [ 135.35779646099999, 33.689175569 ], [ 135.35830678, 33.68866565 ], [ 135.358540968, 33.688809999 ], [ 135.358565774, 33.688928215 ] ] ] } },
{ "type": "Feature", "properties": { "A29_001": "30401", "A29_002": "和歌山県", "A29_003": "白浜町", "A29_004": 1, "A29_005": "第一種低層住居専用地域", "A29_006": 30, "A29_007": 50, "A29_008": "条件付き公開" }, "geometry": { "type": "Polygon", "coordinates": [ [ [ 135.375201756, 33.685694452 ], [ 135.375290046, 33.685817161 ], [ 135.375230703, 33.685997521 ], [ 135.375166987, 33.6861804 ], [ 135.37538256799999, 33.686176734 ], [ 135.37576834699999, 33.686103537 ], [ 135.375858103000013, 33.686153962 ], [ 135.37582734, 33.68626354 ], [ 135.37556267, 33.68655802 ], [ 135.37556116, 33.68676795 ], [ 135.37574296, 33.68688338 ], [ 135.37570796, 33.68698817 ], [ 135.375285139999988, 33.68705283 ], [ 135.37513696, 33.68702345 ], [ 135.37496629, 33.68694625 ], [ 135.37471517, 33.68694498 ], [ 135.37454347, 33.68701091 ], [ 135.374473810000012, 33.68717278 ], [ 135.37446129, 33.68732539 ], [ 135.374197650000013, 33.68747673 ], [ 135.37409921, 33.68761874 ], [ 135.37401609, 33.68806204 ], [ 135.373745219999989, 33.68842328 ], [ 135.37361786, 33.68867074 ], [ 135.373188913, 33.689202123 ], [ 135.373220336, 33.689288137 ], [ 135.373669683, 33.689215297 ], [ 135.373720107, 33.689345568 ], [ 135.373795107, 33.68943183 ], [ 135.373927649, 33.689453972 ], [ 135.374141028, 33.689347701 ], [ 135.374256421000013, 33.689373334 ], [ 135.37474733900001, 33.689574819 ], [ 135.37500619, 33.689875721 ], [ 135.375070988, 33.689991751 ], [ 135.375553513, 33.690157605 ], [ 135.375653828, 33.690295284 ], [ 135.3756525, 33.69047897 ], [ 135.37571076899999, 33.69051147 ], [ 135.376006838, 33.690415155 ], [ 135.3766833, 33.690005859 ], [ 135.377550394, 33.689873058 ], [ 135.37785118, 33.689728852 ], [ 135.37841009600001, 33.689788919 ], [ 135.379232722000012, 33.689688088 ], [ 135.380255573999989, 33.690318253 ], [ 135.380666956999988, 33.690258289 ], [ 135.380751645, 33.690387537 ], [ 135.38063605799999, 33.690587349 ], [ 135.380755197000013, 33.690688142 ], [ 135.381112016, 33.690596487 ], [ 135.381274579, 33.690690744 ], [ 135.381368017, 33.69119219 ], [ 135.381459304, 33.691197418 ], [ 135.381722602, 33.691093769 ], [ 135.38200890499999, 33.690845264 ], [ 135.382505591000012, 33.690949777 ], [ 135.382977904, 33.690350962 ], [ 135.383590199999986, 33.69024851 ], [ 135.38371325, 33.69021323 ], [ 135.38388325, 33.69010907 ], [ 135.38399242, 33.6900074 ], [ 135.38411714, 33.68989128 ], [ 135.3842152, 33.68977517 ], [ 135.384306040000013, 33.6896674 ], [ 135.38448714, 33.68949712 ], [ 135.38465048, 33.68942045 ], [ 135.385432443000013, 33.688981528 ], [ 135.386607700000013, 33.68810435 ], [ 135.386485482000012, 33.687644457 ], [ 135.38667673, 33.686834298 ], [ 135.387441951999989, 33.685567754 ], [ 135.38838152299999, 33.68587061 ], [ 135.388802808, 33.685819018 ], [ 135.38750597, 33.685259643 ], [ 135.387492079999987, 33.68477814 ], [ 135.387527530999989, 33.684566221 ], [ 135.38637251, 33.68388767 ], [ 135.38609096, 33.68369579 ], [ 135.38556055, 33.68333431 ], [ 135.385368230000012, 33.68320324 ], [ 135.38529053, 33.68291965 ], [ 135.3852484, 33.68284091 ], [ 135.385172219999987, 33.68274534 ], [ 135.3851529, 33.68265957 ], [ 135.38517611, 33.682599 ], [ 135.38515901, 33.68240139 ], [ 135.38495838, 33.68235477 ], [ 135.38482935, 33.68232478 ], [ 135.38441351, 33.68205677 ], [ 135.38406643, 33.68202767 ], [ 135.38399055, 33.68189164 ], [ 135.38381368, 33.68184376 ], [ 135.38379566, 33.68179276 ], [ 135.38376903, 33.6817174 ], [ 135.383750099999986, 33.6817205 ], [ 135.38371613000001, 33.68172606 ], [ 135.38354727, 33.68175369 ], [ 135.38347264, 33.6817659 ], [ 135.38346464, 33.68174095 ], [ 135.383403249999986, 33.68154945 ], [ 135.38330835, 33.68125342 ], [ 135.38340283, 33.68117774 ], [ 135.383389459999989, 33.68105631 ], [ 135.383424530000013, 33.68098606 ], [ 135.38346888, 33.68089725 ], [ 135.38321747, 33.68072644 ], [ 135.38311441, 33.68080684 ], [ 135.38287542, 33.68079017 ], [ 135.382791309999988, 33.68080998 ], [ 135.38267271, 33.68087364 ], [ 135.3824801, 33.68073941 ], [ 135.38247345, 33.68070965 ], [ 135.38244977, 33.68060361 ], [ 135.38217389, 33.68046955 ], [ 135.38218217, 33.68030658 ], [ 135.382153609999989, 33.68010141 ], [ 135.382145619999989, 33.68004402 ], [ 135.38181949, 33.68024803 ], [ 135.38176819, 33.68028012 ], [ 135.38165392, 33.68034925 ], [ 135.381350770000012, 33.68053266 ], [ 135.38115428, 33.68060873 ], [ 135.381161905, 33.680851059 ], [ 135.381090023000013, 33.680927039 ], [ 135.380883329999989, 33.681014 ], [ 135.380806328, 33.681093803 ], [ 135.380799774, 33.681211858 ], [ 135.380961633999988, 33.681322408 ], [ 135.381759683000013, 33.681591241 ], [ 135.381815163999988, 33.681676173 ], [ 135.381797199, 33.681794171 ], [ 135.38167107000001, 33.68181816 ], [ 135.381281962, 33.681618635 ], [ 135.38099154, 33.68160593 ], [ 135.38046319, 33.68184605 ], [ 135.379963870000012, 33.68250332 ], [ 135.380386248, 33.682723393 ], [ 135.380408101, 33.682859483 ], [ 135.379954666, 33.683091772 ], [ 135.379936874, 33.683310386 ], [ 135.379801834, 33.683438531 ], [ 135.37928473, 33.68352324 ], [ 135.379034530000013, 33.68347914 ], [ 135.378604700000011, 33.68347542 ], [ 135.37843060599999, 33.683626307 ], [ 135.37834037799999, 33.683276957 ], [ 135.378183135, 33.683317915 ], [ 135.378192805, 33.6834611 ], [ 135.37784853, 33.68355023 ], [ 135.37757306899999, 33.683332735 ], [ 135.377038768, 33.683228654 ], [ 135.376842009, 33.683308177 ], [ 135.37613796799999, 33.683987506 ], [ 135.37612217099999, 33.684199149 ], [ 135.376065802, 33.684595473 ], [ 135.375271621, 33.68540555 ], [ 135.375201756, 33.685694452 ] ] ] } },
{ "type": "Feature", "properties": { "A29_001": "30401", "A29_002": "和歌山県", "A29_003": "白浜町", "A29_004": 3, "A29_005": "第一種中高層住居専用地域", "A29_006": 60, "A29_007": 200, "A29_008": "条件付き公開" }, "geometry": { "type": "Polygon", "coordinates": [ [ [ 135.351710227000012, 33.693075307 ], [ 135.352419712999989, 33.693068889 ], [ 135.35246082099999, 33.692534729 ], [ 135.352284145999988, 33.692118708 ], [ 135.352462959, 33.691869156 ], [ 135.352901292000013, 33.691263123 ], [ 135.352933685000011, 33.691129699 ], [ 135.353281597, 33.690783222 ], [ 135.353532836999989, 33.690388526 ], [ 135.35345118699999, 33.690240192 ], [ 135.353084701, 33.690018798 ], [ 135.35274594, 33.689525589 ], [ 135.352437955, 33.689495348 ], [ 135.352145643, 33.689658422 ], [ 135.351026324, 33.688982193 ], [ 135.351018374, 33.688811329 ], [ 135.351474956, 33.688524126 ], [ 135.351633931, 33.688255387 ], [ 135.35019478000001, 33.68776092 ], [ 135.350143440000011, 33.68774897 ], [ 135.35006056, 33.68771694 ], [ 135.35, 33.68770086 ], [ 135.34992664, 33.68768137 ], [ 135.34976361, 33.68763806 ], [ 135.349651169999987, 33.68759281 ], [ 135.349612760000014, 33.68757106 ], [ 135.34945565000001, 33.6874821 ], [ 135.34939528000001, 33.68744792 ], [ 135.34934328, 33.68740569 ], [ 135.34902608499999, 33.687163407 ], [ 135.348688654999989, 33.687503261 ], [ 135.34838081699999, 33.687592573 ], [ 135.34841827, 33.68771515 ], [ 135.34860138799999, 33.688290051 ], [ 135.348394197, 33.688517977 ], [ 135.34771944799999, 33.688306869 ], [ 135.34759963, 33.68773383 ], [ 135.347533700000014, 33.68760497 ], [ 135.34745475, 33.6875046 ], [ 135.34745206, 33.68750276 ], [ 135.34735067, 33.68743325 ], [ 135.34732094, 33.68734521 ], [ 135.34739070099999, 33.687059847 ], [ 135.347396550000013, 33.68691767 ], [ 135.3473998, 33.68686533 ], [ 135.34737334, 33.68678785 ], [ 135.34730987, 33.68671017 ], [ 135.34719818, 33.68658733 ], [ 135.347168, 33.68655414 ], [ 135.34704991000001, 33.68635837 ], [ 135.34701526, 33.68625095 ], [ 135.346966470000012, 33.68609972 ], [ 135.3469534, 33.68594497 ], [ 135.34699766, 33.68575588 ], [ 135.347051125, 33.685527515 ], [ 135.34657606799999, 33.685431863 ], [ 135.346049316, 33.685464861 ], [ 135.345706889000013, 33.685463048 ], [ 135.34534980399999, 33.68570091 ], [ 135.344931433999989, 33.686117367 ], [ 135.34592405, 33.68682421 ], [ 135.34578448, 33.68696148 ], [ 135.34575196, 33.68699346 ], [ 135.34594468, 33.68720093 ], [ 135.346059020000013, 33.68732766 ], [ 135.34608099, 33.68737714 ], [ 135.34609821, 33.68741592 ], [ 135.346110826, 33.687528306 ], [ 135.345776046999987, 33.687721199 ], [ 135.3459121, 33.68783795 ], [ 135.34604017, 33.6880302 ], [ 135.34611772, 33.68812819 ], [ 135.346176750000012, 33.68822726 ], [ 135.346182950000014, 33.68825646 ], [ 135.34620218, 33.68834698 ], [ 135.34623968, 33.68846974 ], [ 135.34627296, 33.68852108 ], [ 135.34628611, 33.68854137 ], [ 135.3463341, 33.68859882 ], [ 135.34637498, 33.68864775 ], [ 135.346532921, 33.68883956 ], [ 135.346527277, 33.689113875 ], [ 135.346092005, 33.689465954 ], [ 135.34611998, 33.68957561 ], [ 135.34613825, 33.68964721 ], [ 135.34601102, 33.69009394 ], [ 135.3459133, 33.69030938 ], [ 135.34592744, 33.69051055 ], [ 135.34592798, 33.69052642 ], [ 135.34594085, 33.69090151 ], [ 135.345953290000011, 33.69113718 ], [ 135.34585684000001, 33.69146746 ], [ 135.34606961, 33.69201557 ], [ 135.346224971999987, 33.692249334 ], [ 135.346994681000012, 33.692360757 ], [ 135.347770446, 33.692615343 ], [ 135.348531406, 33.692941414 ], [ 135.34860939, 33.69269316 ], [ 135.34891615, 33.69241957 ], [ 135.348599847, 33.692381158 ], [ 135.348717169999986, 33.69214597 ], [ 135.348959677000011, 33.692092154 ], [ 135.348965889999988, 33.69198015 ], [ 135.348803228, 33.691948193 ], [ 135.34880837, 33.69179775 ], [ 135.34884982, 33.6915739 ], [ 135.348476729999987, 33.69140808 ], [ 135.34834771199999, 33.691499206 ], [ 135.34827775, 33.69139979 ], [ 135.34815339, 33.69125056 ], [ 135.34801849199999, 33.691257 ], [ 135.348087060000012, 33.69091063 ], [ 135.34827212799999, 33.690926262 ], [ 135.34911125799999, 33.691367728 ], [ 135.34939702, 33.69124227 ], [ 135.34943847, 33.69107645 ], [ 135.349533689999987, 33.69106233 ], [ 135.349613080000012, 33.69117592 ], [ 135.34974444, 33.69133386 ], [ 135.3498375, 33.69145711 ], [ 135.349945139999988, 33.69158244 ], [ 135.34997322000001, 33.69162028 ], [ 135.35, 33.69165611 ], [ 135.35000789, 33.69166667 ], [ 135.35006329, 33.69173944 ], [ 135.35017811, 33.69191703 ], [ 135.35022178, 33.69198428 ], [ 135.350264970000012, 33.69203833 ], [ 135.35075362, 33.69246428 ], [ 135.35078797, 33.69249422 ], [ 135.35084197, 33.69256086 ], [ 135.350876559999989, 33.69261311 ], [ 135.350885190000014, 33.69267617 ], [ 135.35086098, 33.69280563 ], [ 135.35083767, 33.69293025 ], [ 135.350825581, 33.693044019 ], [ 135.351710227000012, 33.693075307 ] ] ] } },
{ "type": "Feature", "properties": { "A29_001": "30401", "A29_002": "和歌山県", "A29_003": "白浜町", "A29_004": 6, "A29_005": "第二種住居地域", "A29_006": 60, "A29_007": 200, "A29_008": "条件付き公開" }, "geometry": { "type": "Polygon", "coordinates": [ [ [ 135.35426456499999, 33.693113026 ], [ 135.354950135, 33.692790326 ], [ 135.355301997, 33.692487998 ], [ 135.35540061, 33.69215097 ], [ 135.35540294, 33.69212533 ], [ 135.35573825, 33.69213128 ], [ 135.355984017999987, 33.689569635 ], [ 135.355584232000012, 33.689234467 ], [ 135.35558089599999, 33.689087937 ], [ 135.355351025, 33.68892222 ], [ 135.355188231999989, 33.688939263 ], [ 135.355086140999987, 33.688852848 ], [ 135.355339864, 33.688703702 ], [ 135.355327253000013, 33.688456791 ], [ 135.355140659999989, 33.68843088 ], [ 135.35514159600001, 33.688305641 ], [ 135.355227259, 33.688298931 ], [ 135.355197397000012, 33.687711916 ], [ 135.35487049, 33.68748462 ], [ 135.35455434, 33.68730335 ], [ 135.354145525, 33.687073352 ], [ 135.354121233, 33.687268844 ], [ 135.351997788, 33.68768475 ], [ 135.351633931, 33.688255387 ], [ 135.351474956, 33.688524126 ], [ 135.351018374, 33.688811329 ], [ 135.351026324, 33.688982193 ], [ 135.352145643, 33.689658422 ], [ 135.352437955, 33.689495348 ], [ 135.35274594, 33.689525589 ], [ 135.353084701, 33.690018798 ], [ 135.35345118699999, 33.690240192 ], [ 135.353532836999989, 33.690388526 ], [ 135.353281597, 33.690783222 ], [ 135.352933685000011, 33.691129699 ], [ 135.352901292000013, 33.691263123 ], [ 135.352462959, 33.691869156 ], [ 135.352284145999988, 33.692118708 ], [ 135.35246082099999, 33.692534729 ], [ 135.352419712999989, 33.693068889 ], [ 135.35270556, 33.69307701 ], [ 135.35275454, 33.69309379 ], [ 135.35293972, 33.69315722 ], [ 135.35338514099999, 33.693358916 ], [ 135.353777787000013, 33.693328168 ], [ 135.35426456499999, 33.693113026 ] ] ] } },
{ "type": "Feature", "properties": { "A29_001": "30401", "A29_002": "和歌山県", "A29_003": "白浜町", "A29_004": 5, "A29_005": "第一種住居地域", "A29_006": 60, "A29_007": 200, "A29_008": "条件付き公開" }, "geometry": { "type": "Polygon", "coordinates": [ [ [ 135.350825581, 33.693044019 ], [ 135.35083767, 33.69293025 ], [ 135.35086098, 33.69280563 ], [ 135.350885190000014, 33.69267617 ], [ 135.350876559999989, 33.69261311 ], [ 135.35084197, 33.69256086 ], [ 135.35078797, 33.69249422 ], [ 135.35075362, 33.69246428 ], [ 135.350264970000012, 33.69203833 ], [ 135.35022178, 33.69198428 ], [ 135.35017811, 33.69191703 ], [ 135.35006329, 33.69173944 ], [ 135.35000789, 33.69166667 ], [ 135.35, 33.69165611 ], [ 135.34997322000001, 33.69162028 ], [ 135.349945139999988, 33.69158244 ], [ 135.3498375, 33.69145711 ], [ 135.34974444, 33.69133386 ], [ 135.349613080000012, 33.69117592 ], [ 135.349533689999987, 33.69106233 ], [ 135.34943847, 33.69107645 ], [ 135.34939702, 33.69124227 ], [ 135.34911125799999, 33.691367728 ], [ 135.34827212799999, 33.690926262 ], [ 135.348087060000012, 33.69091063 ], [ 135.34801849199999, 33.691257 ], [ 135.34815339, 33.69125056 ], [ 135.34827775, 33.69139979 ], [ 135.34834771199999, 33.691499206 ], [ 135.348476729999987, 33.69140808 ], [ 135.34884982, 33.6915739 ], [ 135.34880837, 33.69179775 ], [ 135.348803228, 33.691948193 ], [ 135.348965889999988, 33.69198015 ], [ 135.348959677000011, 33.692092154 ], [ 135.348717169999986, 33.69214597 ], [ 135.348599847, 33.692381158 ], [ 135.34891615, 33.69241957 ], [ 135.34860939, 33.69269316 ], [ 135.348531406, 33.692941414 ], [ 135.347770446, 33.692615343 ], [ 135.346994681000012, 33.692360757 ], [ 135.346224971999987, 33.692249334 ], [ 135.34606961, 33.69201557 ], [ 135.34585684000001, 33.69146746 ], [ 135.345953290000011, 33.69113718 ], [ 135.34594085, 33.69090151 ], [ 135.34592798, 33.69052642 ], [ 135.34592744, 33.69051055 ], [ 135.3459133, 33.69030938 ], [ 135.34601102, 33.69009394 ], [ 135.34613825, 33.68964721 ], [ 135.34611998, 33.68957561 ], [ 135.346092005, 33.689465954 ], [ 135.346527277, 33.689113875 ], [ 135.346532921, 33.68883956 ], [ 135.346442700000011, 33.68872902 ], [ 135.34637498, 33.68864775 ], [ 135.3463341, 33.68859882 ], [ 135.34628611, 33.68854137 ], [ 135.34627296, 33.68852108 ], [ 135.34623968, 33.68846974 ], [ 135.34620218, 33.68834698 ], [ 135.346182950000014, 33.68825646 ], [ 135.346176750000012, 33.68822726 ], [ 135.34611772, 33.68812819 ], [ 135.34604017, 33.6880302 ], [ 135.3459121, 33.68783795 ], [ 135.345776046999987, 33.687721199 ], [ 135.346110826, 33.687528306 ], [ 135.34609821, 33.68741592 ], [ 135.34608099, 33.68737714 ], [ 135.346059020000013, 33.68732766 ], [ 135.34594468, 33.68720093 ], [ 135.34575196, 33.68699346 ], [ 135.34578448, 33.68696148 ], [ 135.34592405, 33.68682421 ], [ 135.344931433999989, 33.686117367 ], [ 135.344655426, 33.686387862 ], [ 135.34464723, 33.68606161 ], [ 135.343953268, 33.685843797 ], [ 135.34367530599999, 33.685704185 ], [ 135.34344718, 33.68597351 ], [ 135.343684677, 33.686264622 ], [ 135.343862304999988, 33.68654826 ], [ 135.34517355700001, 33.687985293 ], [ 135.345251710000014, 33.688498612 ], [ 135.34503227, 33.68884696 ], [ 135.34482859, 33.68904827 ], [ 135.34423387699999, 33.689355326 ], [ 135.343759037000012, 33.689500716 ], [ 135.343489683, 33.689504945 ], [ 135.343339955, 33.689492221 ], [ 135.342886564, 33.689069348 ], [ 135.342648317999988, 33.688969675 ], [ 135.342377355999986, 33.688950341 ], [ 135.341991451000013, 33.689034765 ], [ 135.343863469000013, 33.690076493 ], [ 135.344058257, 33.690262412 ], [ 135.344549820999987, 33.690357463 ], [ 135.344869710000012, 33.690511242 ], [ 135.344939696000012, 33.690690533 ], [ 135.34474355, 33.69078658 ], [ 135.344453792, 33.690789344 ], [ 135.34430919, 33.69085776 ], [ 135.344234660000012, 33.69092219 ], [ 135.34434519199999, 33.690997508 ], [ 135.344996423999987, 33.691206721 ], [ 135.34508445, 33.69135927 ], [ 135.34498294, 33.691573436 ], [ 135.344476114, 33.691749131 ], [ 135.344436249000012, 33.691836202 ], [ 135.344872417, 33.692035061 ], [ 135.344971439, 33.692148902 ], [ 135.345221054, 33.692162153 ], [ 135.34530522099999, 33.692353447 ], [ 135.34524313, 33.692543966 ], [ 135.345198106999987, 33.692835964 ], [ 135.34532575899999, 33.692938029 ], [ 135.345328303, 33.693543389 ], [ 135.345227650999988, 33.693644244 ], [ 135.345226972, 33.6937337 ], [ 135.34544493199999, 33.693954629 ], [ 135.34614481, 33.69346392 ], [ 135.34622481, 33.69345003 ], [ 135.34628908, 33.69344083 ], [ 135.3463363, 33.69344264 ], [ 135.346602337, 33.693382223 ], [ 135.34698417199999, 33.693460581 ], [ 135.347883241, 33.693827941 ], [ 135.348856734, 33.69416706 ], [ 135.34910184099999, 33.694211292 ], [ 135.349324585, 33.694193381 ], [ 135.349825036, 33.693680725 ], [ 135.349918370000012, 33.693414028 ], [ 135.35025146000001, 33.693143822 ], [ 135.350825581, 33.693044019 ] ] ] } },
{ "type": "Feature", "properties": { "A29_001": "30401", "A29_002": "和歌山県", "A29_003": "白浜町", "A29_004": 4, "A29_005": "第二種中高層住居専用地域", "A29_006": 60, "A29_007": 200, "A29_008": "条件付き公開" }, "geometry": { "type": "Polygon", "coordinates": [ [ [ 135.34425165499999, 33.692609339 ], [ 135.343774122000013, 33.692356315 ], [ 135.343741779999988, 33.692616294 ], [ 135.34352234, 33.69270808 ], [ 135.34331777599999, 33.692614255 ], [ 135.3432498, 33.692771344 ], [ 135.34294777400001, 33.692857051 ], [ 135.342443, 33.692808562 ], [ 135.34205750000001, 33.69299849 ], [ 135.34197488, 33.6930726 ], [ 135.34184382399999, 33.693313505 ], [ 135.34159727, 33.69347018 ], [ 135.341321341999986, 33.693528407 ], [ 135.341069549999986, 33.69343754 ], [ 135.34104019, 33.69307657 ], [ 135.34120861, 33.69297906 ], [ 135.341361838000012, 33.692896438 ], [ 135.341297946, 33.69285435 ], [ 135.34112697, 33.69292495 ], [ 135.340959059999989, 33.69295685 ], [ 135.34091293, 33.69292381 ], [ 135.34088503000001, 33.69284016 ], [ 135.340810299999987, 33.69281591 ], [ 135.340746020000012, 33.69282451 ], [ 135.340648679999987, 33.69295818 ], [ 135.34052596, 33.69314539 ], [ 135.34042215, 33.69319255 ], [ 135.34036525, 33.69316839 ], [ 135.340337080000012, 33.69312053 ], [ 135.340305949999987, 33.69299213 ], [ 135.34035222, 33.69253912 ], [ 135.34045963, 33.692489 ], [ 135.34057396, 33.69246575 ], [ 135.340733964, 33.692430879 ], [ 135.341212041, 33.692424483 ], [ 135.341294884, 33.692320555 ], [ 135.340945387, 33.692306763 ], [ 135.340629726, 33.692066519 ], [ 135.34071774099999, 33.691903524 ], [ 135.340879438, 33.691599676 ], [ 135.340748021, 33.691524425 ], [ 135.340506057, 33.691910794 ], [ 135.340298890000014, 33.69204978 ], [ 135.34013918, 33.692027261 ], [ 135.34009774099999, 33.691848119 ], [ 135.33985091, 33.691732292 ], [ 135.339951977, 33.691577768 ], [ 135.33974095799999, 33.691481216 ], [ 135.339560580000011, 33.69156574 ], [ 135.339307612, 33.691889946 ], [ 135.339216746, 33.692270217 ], [ 135.339891432, 33.692430103 ], [ 135.33991518, 33.69249391 ], [ 135.33991642, 33.69249725 ], [ 135.34022737, 33.69333275 ], [ 135.340307362, 33.69345408 ], [ 135.34027554299999, 33.693682919 ], [ 135.34092081599999, 33.693819251 ], [ 135.341012846000012, 33.693868831 ], [ 135.341155103, 33.693998943 ], [ 135.34138711, 33.693889249 ], [ 135.341332935, 33.693695727 ], [ 135.341637139999989, 33.693661564 ], [ 135.3417612, 33.69367296 ], [ 135.34196756, 33.69355239 ], [ 135.341993777999988, 33.693488122 ], [ 135.34223884299999, 33.693349869 ], [ 135.342448408, 33.693376034 ], [ 135.343246426, 33.693705913 ], [ 135.34377389299999, 33.694148859 ], [ 135.34406139, 33.69428122 ], [ 135.344671978, 33.69426901 ], [ 135.344289460999988, 33.694019431 ], [ 135.344247505999988, 33.693907085 ], [ 135.344328482, 33.693766764 ], [ 135.344349999, 33.693564102 ], [ 135.344071738, 33.693376548 ], [ 135.343907975, 33.693144275 ], [ 135.343923585, 33.692967823 ], [ 135.34399238, 33.69282091 ], [ 135.34425165499999, 33.692609339 ] ] ] } },
{ "type": "Feature", "properties": { "A29_001": "30401", "A29_002": "和歌山県", "A29_003": "白浜町", "A29_004": 1, "A29_005": "第一種低層住居専用地域", "A29_006": 30, "A29_007": 50, "A29_008": "条件付き公開" }, "geometry": { "type": "Polygon", "coordinates": [ [ [ 135.34524313, 33.692543966 ], [ 135.34530522099999, 33.692353447 ], [ 135.345221054, 33.692162153 ], [ 135.344971439, 33.692148902 ], [ 135.344872417, 33.692035061 ], [ 135.344436249000012, 33.691836202 ], [ 135.344476114, 33.691749131 ], [ 135.34498294, 33.691573436 ], [ 135.34508445, 33.69135927 ], [ 135.344996423999987, 33.691206721 ], [ 135.34434519199999, 33.690997508 ], [ 135.344234660000012, 33.69092219 ], [ 135.34430919, 33.69085776 ], [ 135.344453792, 33.690789344 ], [ 135.34474355, 33.69078658 ], [ 135.344939696000012, 33.690690533 ], [ 135.344869710000012, 33.690511242 ], [ 135.344549820999987, 33.690357463 ], [ 135.344058257, 33.690262412 ], [ 135.343863469000013, 33.690076493 ], [ 135.341991451000013, 33.689034765 ], [ 135.341794123999989, 33.689182814 ], [ 135.341750937, 33.689319491 ], [ 135.34188670899999, 33.689672356 ], [ 135.34205, 33.68990722 ], [ 135.342072948, 33.690043116 ], [ 135.341904316000011, 33.690170444 ], [ 135.341668043, 33.69027952 ], [ 135.340162857, 33.69026242 ], [ 135.339270543, 33.690782609 ], [ 135.339560580000011, 33.69156574 ], [ 135.33974095799999, 33.691481216 ], [ 135.339951977, 33.691577768 ], [ 135.33985091, 33.691732292 ], [ 135.34009774099999, 33.691848119 ], [ 135.34013918, 33.692027261 ], [ 135.340298890000014, 33.69204978 ], [ 135.340506057, 33.691910794 ], [ 135.340748021, 33.691524425 ], [ 135.340879438, 33.691599676 ], [ 135.34071774099999, 33.691903524 ], [ 135.340629726, 33.692066519 ], [ 135.340945387, 33.692306763 ], [ 135.341294884, 33.692320555 ], [ 135.341212041, 33.692424483 ], [ 135.340733964, 33.692430879 ], [ 135.34057396, 33.69246575 ], [ 135.34045963, 33.692489 ], [ 135.34035222, 33.69253912 ], [ 135.340305949999987, 33.69299213 ], [ 135.340337080000012, 33.69312053 ], [ 135.34036525, 33.69316839 ], [ 135.34042215, 33.69319255 ], [ 135.34052596, 33.69314539 ], [ 135.340648679999987, 33.69295818 ], [ 135.340746020000012, 33.69282451 ], [ 135.340810299999987, 33.69281591 ], [ 135.34088503000001, 33.69284016 ], [ 135.34091293, 33.69292381 ], [ 135.340959059999989, 33.69295685 ], [ 135.34112697, 33.69292495 ], [ 135.341297946, 33.69285435 ], [ 135.341361838000012, 33.692896438 ], [ 135.34120861, 33.69297906 ], [ 135.34104019, 33.69307657 ], [ 135.341069549999986, 33.69343754 ], [ 135.341321341999986, 33.693528407 ], [ 135.34159727, 33.69347018 ], [ 135.34184382399999, 33.693313505 ], [ 135.34197488, 33.6930726 ], [ 135.34205750000001, 33.69299849 ], [ 135.342443, 33.692808562 ], [ 135.34294777400001, 33.692857051 ], [ 135.3432498, 33.692771344 ], [ 135.34331777599999, 33.692614255 ], [ 135.34352234, 33.69270808 ], [ 135.343741779999988, 33.692616294 ], [ 135.343774122000013, 33.692356315 ], [ 135.34425165499999, 33.692609339 ], [ 135.34399238, 33.69282091 ], [ 135.343923585, 33.692967823 ], [ 135.343907975, 33.693144275 ], [ 135.344071738, 33.693376548 ], [ 135.344349999, 33.693564102 ], [ 135.344328482, 33.693766764 ], [ 135.344247505999988, 33.693907085 ], [ 135.344289460999988, 33.694019431 ], [ 135.344671978, 33.69426901 ], [ 135.345126663, 33.694149755 ], [ 135.34529854499999, 33.694064784 ], [ 135.34544493199999, 33.693954629 ], [ 135.345226972, 33.6937337 ], [ 135.345227650999988, 33.693644244 ], [ 135.345328303, 33.693543389 ], [ 135.34532575899999, 33.692938029 ], [ 135.345198106999987, 33.692835964 ], [ 135.34524313, 33.692543966 ] ] ] } },
{ "type": "Feature", "properties": { "A29_001": "30401", "A29_002": "和歌山県", "A29_003": "白浜町", "A29_004": 1, "A29_005": "第一種低層住居専用地域", "A29_006": 30, "A29_007": 50, "A29_008": "条件付き公開" }, "geometry": { "type": "Polygon", "coordinates": [ [ [ 135.35441644, 33.694270838 ], [ 135.354287148, 33.69390934 ], [ 135.35426456499999, 33.693113026 ], [ 135.353777787000013, 33.693328168 ], [ 135.35338514099999, 33.693358916 ], [ 135.35293972, 33.69315722 ], [ 135.35275454, 33.69309379 ], [ 135.353323896, 33.69364756 ], [ 135.353469544, 33.693997507 ], [ 135.353820721, 33.694264742 ], [ 135.354010015999989, 33.694654296 ], [ 135.35424523, 33.694744083 ], [ 135.35441644, 33.694270838 ] ] ] } },
{ "type": "Feature", "properties": { "A29_001": "30401", "A29_002": "和歌山県", "A29_003": "白浜町", "A29_004": 1, "A29_005": "第一種低層住居専用地域", "A29_006": 30, "A29_007": 50, "A29_008": "条件付き公開" }, "geometry": { "type": "Polygon", "coordinates": [ [ [ 135.33605903899999, 33.694994933 ], [ 135.33610376499999, 33.694674164 ], [ 135.336418192999986, 33.69461025 ], [ 135.33668217499999, 33.694611667 ], [ 135.336811194, 33.694534828 ], [ 135.336619430000013, 33.694420482 ], [ 135.337085607, 33.694106892 ], [ 135.338424256, 33.693529595 ], [ 135.339566012, 33.693505883 ], [ 135.339835848, 33.693674318 ], [ 135.339899193, 33.693787972 ], [ 135.340070104, 33.693830633 ], [ 135.340266593, 33.693747292 ], [ 135.34027554299999, 33.693682919 ], [ 135.340307362, 33.69345408 ], [ 135.34022737, 33.69333275 ], [ 135.33991642, 33.69249725 ], [ 135.33991518, 33.69249391 ], [ 135.339891432, 33.692430103 ], [ 135.339216746, 33.692270217 ], [ 135.339103684, 33.692246497 ], [ 135.338543429, 33.692362779 ], [ 135.338041091, 33.692369631 ], [ 135.337305218000012, 33.692313203 ], [ 135.336935436, 33.692153769 ], [ 135.336486519, 33.691893714 ], [ 135.33625836499999, 33.691873404 ], [ 135.33614695, 33.692259273 ], [ 135.335715983999989, 33.692633882 ], [ 135.335470300999987, 33.692665959 ], [ 135.334330477, 33.692440348 ], [ 135.333999033999987, 33.692491045 ], [ 135.33357549499999, 33.69264144 ], [ 135.333419254, 33.692917327 ], [ 135.333480417, 33.69312759 ], [ 135.334131047999989, 33.693135869 ], [ 135.334597159, 33.693386483 ], [ 135.33497316399999, 33.69347916 ], [ 135.335325568, 33.693671905 ], [ 135.33561471199999, 33.693926333 ], [ 135.33579350299999, 33.694428271 ], [ 135.335800954, 33.694943601 ], [ 135.33580346799999, 33.695031638 ], [ 135.33605903899999, 33.694994933 ] ] ] } },
{ "type": "Feature", "properties": { "A29_001": "30401", "A29_002": "和歌山県", "A29_003": "白浜町", "A29_004": 8, "A29_005": "近隣商業地域", "A29_006": 80, "A29_007": 200, "A29_008": "条件付き公開" }, "geometry": { "type": "Polygon", "coordinates": [ [ [ 135.375237297000012, 33.682129359 ], [ 135.375223979, 33.681998083 ], [ 135.37621052, 33.68094016 ], [ 135.37707411, 33.68147889 ], [ 135.37727942, 33.68149901 ], [ 135.377519103, 33.68178005 ], [ 135.37770161200001, 33.681697473 ], [ 135.377893597, 33.681784918 ], [ 135.37805154599999, 33.681645559 ], [ 135.377979602000011, 33.681025801 ], [ 135.378817414999986, 33.680914163 ], [ 135.378773200000012, 33.680735748 ], [ 135.379017858, 33.680699155 ], [ 135.379143381, 33.680604361 ], [ 135.379066959999989, 33.68026599 ], [ 135.378086560000014, 33.67972561 ], [ 135.37816376, 33.67950946 ], [ 135.377883731, 33.67933231 ], [ 135.377573512999987, 33.67931882 ], [ 135.377407229999989, 33.67916207 ], [ 135.37735408899999, 33.679071737 ], [ 135.377715171, 33.678964673 ], [ 135.37766198, 33.67859082 ], [ 135.377685140000011, 33.67834378 ], [ 135.37776173099999, 33.678173413 ], [ 135.377109848, 33.677831439 ], [ 135.376792351, 33.677838784 ], [ 135.375424296, 33.678112187 ], [ 135.372819333, 33.678277916 ], [ 135.37133551, 33.678857693 ], [ 135.371091, 33.67920185 ], [ 135.37106774, 33.67956018 ], [ 135.37179835, 33.67972305 ], [ 135.37179222099999, 33.67993751 ], [ 135.371612107, 33.679995564 ], [ 135.371652355, 33.680425179 ], [ 135.371859652000012, 33.680485396 ], [ 135.37206324600001, 33.680730081 ], [ 135.37200373499999, 33.681390752 ], [ 135.372451375999987, 33.681362491 ], [ 135.372580273000011, 33.681531092 ], [ 135.372735444999989, 33.681539514 ], [ 135.372897048999988, 33.681605223 ], [ 135.373109803, 33.681543322 ], [ 135.37340537, 33.681708951 ], [ 135.37359958499999, 33.681685126 ], [ 135.373856361, 33.681533748 ], [ 135.37411117, 33.68158913 ], [ 135.37412513000001, 33.68173339 ], [ 135.374348029, 33.681866059 ], [ 135.374295569999987, 33.68199962 ], [ 135.374463243, 33.682157798 ], [ 135.374493777, 33.682349249 ], [ 135.374936150999986, 33.682339559 ], [ 135.375237297000012, 33.682129359 ] ] ] } },
{ "type": "Feature", "properties": { "A29_001": "30401", "A29_002": "和歌山県", "A29_003": "白浜町", "A29_004": 3, "A29_005": "第一種中高層住居専用地域", "A29_006": 60, "A29_007": 200, "A29_008": "条件付き公開" }, "geometry": { "type": "Polygon", "coordinates": [ [ [ 135.377979602000011, 33.681025801 ], [ 135.37805154599999, 33.681645559 ], [ 135.377893597, 33.681784918 ], [ 135.37770161200001, 33.681697473 ], [ 135.377519103, 33.68178005 ], [ 135.377664075000013, 33.68195672 ], [ 135.377498710999987, 33.682134808 ], [ 135.377104639, 33.682371383 ], [ 135.377452427, 33.682617661 ], [ 135.377791191999989, 33.682631296 ], [ 135.378045785000012, 33.682577683 ], [ 135.37834037799999, 33.683276957 ], [ 135.37843060599999, 33.683626307 ], [ 135.378604700000011, 33.68347542 ], [ 135.379034530000013, 33.68347914 ], [ 135.37928473, 33.68352324 ], [ 135.379801834, 33.683438531 ], [ 135.379936874, 33.683310386 ], [ 135.379954666, 33.683091772 ], [ 135.380408101, 33.682859483 ], [ 135.380386248, 33.682723393 ], [ 135.379963870000012, 33.68250332 ], [ 135.38046319, 33.68184605 ], [ 135.38099154, 33.68160593 ], [ 135.381281962, 33.681618635 ], [ 135.38167107000001, 33.68181816 ], [ 135.381797199, 33.681794171 ], [ 135.381815163999988, 33.681676173 ], [ 135.381759683000013, 33.681591241 ], [ 135.380961633999988, 33.681322408 ], [ 135.380799774, 33.681211858 ], [ 135.380806328, 33.681093803 ], [ 135.380883329999989, 33.681014 ], [ 135.381090023000013, 33.680927039 ], [ 135.381161905, 33.680851059 ], [ 135.38115428, 33.68060873 ], [ 135.38081508, 33.68066631 ], [ 135.38073172899999, 33.680699485 ], [ 135.380450603000014, 33.681383224 ], [ 135.380190340000013, 33.68188511 ], [ 135.37947242300001, 33.681473781 ], [ 135.379565250000013, 33.68132511 ], [ 135.37959031, 33.680952519 ], [ 135.37931391, 33.68084908 ], [ 135.378817414999986, 33.680914163 ], [ 135.377979602000011, 33.681025801 ] ] ] } },
{ "type": "Feature", "properties": { "A29_001": "30401", "A29_002": "和歌山県", "A29_003": "白浜町", "A29_004": 3, "A29_005": "第一種中高層住居専用地域", "A29_006": 60, "A29_007": 200, "A29_008": "条件付き公開" }, "geometry": { "type": "Polygon", "coordinates": [ [ [ 135.377288850000014, 33.66175235 ], [ 135.376866718, 33.661557468 ], [ 135.376249402000013, 33.661747841 ], [ 135.375925666, 33.66175448 ], [ 135.375598553, 33.662015246 ], [ 135.375614869, 33.66223563 ], [ 135.375082875, 33.662313228 ], [ 135.37444098, 33.662705994 ], [ 135.374161195999989, 33.662733206 ], [ 135.37380554500001, 33.662993823 ], [ 135.373189384, 33.663141913 ], [ 135.373069383, 33.663166354 ], [ 135.373079389999987, 33.66326227 ], [ 135.373132559999988, 33.66330388 ], [ 135.373189241, 33.663348238 ], [ 135.372886963000013, 33.663400668 ], [ 135.37284544, 33.663342 ], [ 135.37276897000001, 33.66329164 ], [ 135.37267538, 33.66324595 ], [ 135.37247641, 33.66321162 ], [ 135.37194249, 33.66286026 ], [ 135.37156624299999, 33.662803002 ], [ 135.371181036, 33.662812387 ], [ 135.370273766, 33.663009881 ], [ 135.369560667, 33.662991336 ], [ 135.36863347799999, 33.663073718 ], [ 135.36781776, 33.6637818 ], [ 135.36790917, 33.66455369 ], [ 135.36789901, 33.6648076 ], [ 135.36755369, 33.66526463 ], [ 135.366894049, 33.665778686 ], [ 135.3668529, 33.6660873 ], [ 135.36699733, 33.66651566 ], [ 135.36724565, 33.66675477 ], [ 135.36755034, 33.66676493 ], [ 135.36832222000001, 33.66666337 ], [ 135.368708160000011, 33.66675477 ], [ 135.36895192, 33.667354 ], [ 135.369209590999986, 33.66739679 ], [ 135.36979980000001, 33.667258458 ], [ 135.36997771, 33.66738448 ], [ 135.37015037, 33.66797355 ], [ 135.370008180000013, 33.66825793 ], [ 135.36960192, 33.66851184 ], [ 135.36948005, 33.66872512 ], [ 135.36943942, 33.66925325 ], [ 135.369754269999987, 33.66945638 ], [ 135.37119647, 33.66968998 ], [ 135.3721918, 33.6697306 ], [ 135.37308556, 33.66978138 ], [ 135.37358322, 33.66999467 ], [ 135.37394885, 33.67019779 ], [ 135.37450745000001, 33.66983216 ], [ 135.37535043, 33.67024858 ], [ 135.375777, 33.66991342 ], [ 135.37621372000001, 33.67022826 ], [ 135.376427009999986, 33.67033998 ], [ 135.376559039999989, 33.67056342 ], [ 135.376427009999986, 33.67111187 ], [ 135.37643716, 33.67118296 ], [ 135.37660982, 33.67130484 ], [ 135.377005919999988, 33.67160953 ], [ 135.37710748, 33.67173141 ], [ 135.37759499, 33.67201579 ], [ 135.378031709999988, 33.67153844 ], [ 135.37740202, 33.6710103 ], [ 135.377899680000013, 33.67049233 ], [ 135.378752819999988, 33.67103062 ], [ 135.37931142, 33.67060405 ], [ 135.379314740000012, 33.67060593 ], [ 135.37938284, 33.67053539 ], [ 135.379470070999986, 33.67039712 ], [ 135.379152479999988, 33.670123564 ], [ 135.378823307, 33.669873806 ], [ 135.378685948999987, 33.66993037 ], [ 135.37802852499999, 33.669341332 ], [ 135.37822713, 33.66907015 ], [ 135.37826983, 33.66870587 ], [ 135.37827565, 33.6686563 ], [ 135.37839663, 33.66845701 ], [ 135.37844439, 33.66814787 ], [ 135.378594029999988, 33.66792017 ], [ 135.378624014, 33.667609752 ], [ 135.378401583999988, 33.66759432 ], [ 135.37799199, 33.667420494 ], [ 135.377894540999989, 33.667284024 ], [ 135.378178531, 33.667070747 ], [ 135.378533237, 33.667140521 ], [ 135.378725878000012, 33.667072784 ], [ 135.378740713000013, 33.666531404 ], [ 135.378858580000013, 33.66635557 ], [ 135.378999494999988, 33.665979875 ], [ 135.379154274, 33.665880457 ], [ 135.37911286799999, 33.665687013 ], [ 135.378971330000013, 33.66570389 ], [ 135.37861063, 33.66576962 ], [ 135.378245, 33.66553602 ], [ 135.378052636, 33.665547368 ], [ 135.377899680000013, 33.66548524 ], [ 135.378074559999988, 33.66521372 ], [ 135.377744775999986, 33.664916015 ], [ 135.377608017999989, 33.664890277 ], [ 135.377335859999988, 33.66503541 ], [ 135.37726997499999, 33.664884996 ], [ 135.377403743, 33.664731797 ], [ 135.37746063, 33.66454699 ], [ 135.377341564, 33.664452367 ], [ 135.3769307, 33.66484252 ], [ 135.376855213999988, 33.664836386 ], [ 135.377018967, 33.664481456 ], [ 135.377284479999986, 33.6642479 ], [ 135.377471969999988, 33.66396257 ], [ 135.37748839, 33.66366445 ], [ 135.377231096, 33.663599249 ], [ 135.37704469, 33.663337084 ], [ 135.3772123, 33.66238675 ], [ 135.377288850000014, 33.66175235 ] ] ] } },
{ "type": "Feature", "properties": { "A29_001": "30401", "A29_002": "和歌山県", "A29_003": "白浜町", "A29_004": 5, "A29_005": "第一種住居地域", "A29_006": 60, "A29_007": 200, "A29_008": "条件付き公開" }, "geometry": { "type": "Polygon", "coordinates": [ [ [ 135.365318298, 33.655561453 ], [ 135.36543798, 33.65578217 ], [ 135.36558234, 33.65588762 ], [ 135.365602193, 33.656250864 ], [ 135.36553181, 33.65656799 ], [ 135.36587688099999, 33.657191313 ], [ 135.366083158, 33.657824425 ], [ 135.366282189, 33.657914907 ], [ 135.36678162199999, 33.657887646 ], [ 135.367002047999989, 33.657978235 ], [ 135.36741100099999, 33.658174355 ], [ 135.371154708, 33.654430973 ], [ 135.3730624, 33.6557138 ], [ 135.371074310000012, 33.65762282 ], [ 135.37062247, 33.65734042 ], [ 135.362613610000011, 33.66548483 ], [ 135.36238769, 33.66571075 ], [ 135.35772823, 33.670491502 ], [ 135.35637824, 33.66952879 ], [ 135.35840749, 33.66744721 ], [ 135.35980235, 33.66601631 ], [ 135.359879979999988, 33.66593667 ], [ 135.35987981, 33.66593654 ], [ 135.359077969999987, 33.66537187 ], [ 135.359473329999986, 33.66485225 ], [ 135.359597492, 33.664602612 ], [ 135.359665006, 33.664396483 ], [ 135.35939335899999, 33.664094487 ], [ 135.35915052499999, 33.663754471 ], [ 135.359130426, 33.663386982 ], [ 135.35931519, 33.66307878 ], [ 135.359037109000013, 33.66289029 ], [ 135.359354314, 33.662419858 ], [ 135.35958907, 33.662071697 ], [ 135.35963029199999, 33.662010561 ], [ 135.359327748, 33.66180488 ], [ 135.358972773, 33.661563552 ], [ 135.358883147, 33.66133884 ], [ 135.35916834, 33.66085347 ], [ 135.35957664, 33.6604549 ], [ 135.35944949, 33.66021954 ], [ 135.359279644999987, 33.659905145 ], [ 135.35926994, 33.65988718 ], [ 135.359100044, 33.659789312 ], [ 135.356949901, 33.664002273 ], [ 135.359290363000014, 33.664825537 ], [ 135.35821623699999, 33.666358687 ], [ 135.35616032499999, 33.66563231 ], [ 135.353270845999987, 33.671260336 ], [ 135.35321256200001, 33.671371283 ], [ 135.353009390000011, 33.67134078 ], [ 135.352385018, 33.671276677 ], [ 135.352059067, 33.671368007 ], [ 135.35178675, 33.671680622 ], [ 135.351699810000014, 33.67196211 ], [ 135.35161586000001, 33.6723515 ], [ 135.35152667, 33.6725265 ], [ 135.35100534599999, 33.672625661 ], [ 135.350809555000012, 33.672481496 ], [ 135.350694299, 33.672441528 ], [ 135.35045226, 33.67254524 ], [ 135.350212094, 33.672821884 ], [ 135.35000691, 33.672788599 ], [ 135.34980202, 33.67252995 ], [ 135.34969003, 33.67213342 ], [ 135.349484055, 33.672139792 ], [ 135.349357137, 33.67225462 ], [ 135.349466156, 33.673539607 ], [ 135.349579377, 33.673660438 ], [ 135.349515864000011, 33.674213566 ], [ 135.3480547, 33.67444641 ], [ 135.347893863, 33.674691683 ], [ 135.34759449, 33.67491685 ], [ 135.347237795000012, 33.675421079 ], [ 135.34637835800001, 33.67496995 ], [ 135.34612425, 33.674919215 ], [ 135.34565138, 33.6748248 ], [ 135.344538222000011, 33.674710192 ], [ 135.34377811499999, 33.674708067 ], [ 135.343590266, 33.674195595 ], [ 135.343468757000011, 33.673664389 ], [ 135.341485396, 33.673632844 ], [ 135.341544074000012, 33.673421314 ], [ 135.341489018, 33.67315765 ], [ 135.341313817000014, 33.673084194 ], [ 135.341212891999987, 33.673148544 ], [ 135.341098501, 33.67348192 ], [ 135.340916187, 33.673742411 ], [ 135.340537286, 33.673740389 ], [ 135.340480995, 33.673638939 ], [ 135.340670453, 33.673040685 ], [ 135.340602569999987, 33.67266498 ], [ 135.340524087, 33.672748287 ], [ 135.33985273, 33.67262602 ], [ 135.339143826999987, 33.672655032 ], [ 135.338564139999988, 33.67262602 ], [ 135.338253358, 33.672688437 ], [ 135.338332404999989, 33.672798598 ], [ 135.338799954, 33.672848813 ], [ 135.339256092, 33.672898965 ], [ 135.339530843, 33.672956003 ], [ 135.339539327000011, 33.673172438 ], [ 135.33927193299999, 33.673066042 ], [ 135.33794065, 33.673283165 ], [ 135.33762063399999, 33.673183866 ], [ 135.336976212, 33.673287537 ], [ 135.33735048599999, 33.673594902 ], [ 135.337649797000012, 33.674304375 ], [ 135.33910911000001, 33.67459389 ], [ 135.339154580000013, 33.67449061 ], [ 135.33920957399999, 33.674342346 ], [ 135.339738575000013, 33.67419309 ], [ 135.339691171, 33.674544218 ], [ 135.34064401, 33.67543453 ], [ 135.341130445, 33.675479802 ], [ 135.34115825, 33.675575374 ], [ 135.341414563, 33.675639363 ], [ 135.3414272, 33.67574242 ], [ 135.34170723, 33.67578853 ], [ 135.34179907, 33.6757125 ], [ 135.341839533000012, 33.67540062 ], [ 135.34215754499999, 33.675324781 ], [ 135.3420778, 33.67566162 ], [ 135.342400957, 33.675677954 ], [ 135.34229039600001, 33.676145542 ], [ 135.342126016, 33.676186415 ], [ 135.34206468, 33.67634817 ], [ 135.34209825, 33.67638267 ], [ 135.34240209699999, 33.676465211 ], [ 135.34288731, 33.676446918 ], [ 135.342907507, 33.676605072 ], [ 135.343082079999988, 33.67686825 ], [ 135.343142, 33.67698028 ], [ 135.34319469, 33.67711703 ], [ 135.3432196, 33.6771953 ], [ 135.34325003, 33.67729092 ], [ 135.343348279, 33.677689778 ], [ 135.343365957, 33.677761547 ], [ 135.343311664, 33.677865629 ], [ 135.34334406, 33.67800277 ], [ 135.34338743, 33.67800652 ], [ 135.34360432, 33.67799714 ], [ 135.34375839, 33.67787459 ], [ 135.3439324, 33.67793471 ], [ 135.34396901, 33.67796439 ], [ 135.344200253999986, 33.677804744 ], [ 135.344574112, 33.677696285 ], [ 135.344842107, 33.677618537 ], [ 135.34484796800001, 33.677616837 ], [ 135.344947913, 33.677698267 ], [ 135.344978809999986, 33.67772344 ], [ 135.34500606, 33.67775525 ], [ 135.345016187, 33.677823036 ], [ 135.34577778, 33.67782078 ], [ 135.34605061, 33.67782953 ], [ 135.34629722, 33.67789078 ], [ 135.34647240000001, 33.67797786 ], [ 135.34764263299999, 33.678690729 ], [ 135.34787731099999, 33.678889059 ], [ 135.348496110000013, 33.67902917 ], [ 135.34878611, 33.67908556 ], [ 135.34943114, 33.67920799 ], [ 135.34977303, 33.67927289 ], [ 135.34988483, 33.67929258 ], [ 135.35, 33.67929356 ], [ 135.350039110000012, 33.67929389 ], [ 135.350183109999989, 33.67929108 ], [ 135.35027231, 33.67926264 ], [ 135.35047956, 33.67927356 ], [ 135.35057325, 33.67929056 ], [ 135.350957083, 33.679267624 ], [ 135.35096753, 33.679267 ], [ 135.351310500000011, 33.67926297 ], [ 135.351644279999988, 33.67925375 ], [ 135.35179653, 33.67924953 ], [ 135.351975360000012, 33.67922722 ], [ 135.35211922, 33.67918172 ], [ 135.35225039, 33.67914892 ], [ 135.352449220000011, 33.67942169 ], [ 135.352534139999989, 33.67953236 ], [ 135.352745685, 33.679719929 ], [ 135.35299645, 33.679792967 ], [ 135.35329629200001, 33.680116438 ], [ 135.353286285, 33.68030962 ], [ 135.353685703999986, 33.680700564 ], [ 135.35370428499999, 33.680886738 ], [ 135.35356842499999, 33.681119817 ], [ 135.35412714, 33.68135525 ], [ 135.354226605, 33.681431722 ], [ 135.35496267900001, 33.681047296 ], [ 135.355594515, 33.680753716 ], [ 135.35777994, 33.68053021 ], [ 135.35814657, 33.68046355 ], [ 135.359068869999987, 33.68005888 ], [ 135.358997915, 33.679956011 ], [ 135.35877647, 33.67984286 ], [ 135.358645448, 33.679842476 ], [ 135.35864178, 33.679952195 ], [ 135.35854261, 33.67999426 ], [ 135.358291470000012, 33.679862109 ], [ 135.358244097000011, 33.680093267 ], [ 135.35799477, 33.680237494 ], [ 135.357797567, 33.68027941 ], [ 135.35765049, 33.68005328 ], [ 135.357678365999988, 33.679808825 ], [ 135.35748690599999, 33.679846 ], [ 135.357414205, 33.680029314 ], [ 135.357316746, 33.680088447 ], [ 135.357284060000012, 33.68004483 ], [ 135.35721774699999, 33.679971038 ], [ 135.357192902, 33.680006358 ], [ 135.357187864, 33.680152189 ], [ 135.357127357, 33.680230599 ], [ 135.356964624999989, 33.68024168 ], [ 135.35685645, 33.68012947 ], [ 135.35657666099999, 33.680105331 ], [ 135.356256459, 33.68018716 ], [ 135.356153967000012, 33.680051973 ], [ 135.35600033, 33.680095172 ], [ 135.35577213, 33.68008444 ], [ 135.355912846, 33.67958181 ], [ 135.35607939499999, 33.679462481 ], [ 135.356868150999986, 33.678897344 ], [ 135.35696655000001, 33.67824344 ], [ 135.35687228, 33.67790621 ], [ 135.35693132, 33.67771911 ], [ 135.35689806, 33.67740837 ], [ 135.35704619, 33.67727002 ], [ 135.3570729, 33.67724507 ], [ 135.357142509999989, 33.67707171 ], [ 135.35708577, 33.67675906 ], [ 135.35705131, 33.67641738 ], [ 135.35689546, 33.6759406 ], [ 135.356949140000012, 33.675816055 ], [ 135.357083, 33.67550548 ], [ 135.357081959999988, 33.67526273 ], [ 135.35736494, 33.67471508 ], [ 135.357372919999989, 33.67469963 ], [ 135.35841942, 33.67533888 ], [ 135.358556639999989, 33.6754227 ], [ 135.358565230000011, 33.67541999 ], [ 135.35930253, 33.675216254 ], [ 135.35937261, 33.67516873 ], [ 135.359407010000012, 33.67509443 ], [ 135.35953749, 33.67481261 ], [ 135.35965917199999, 33.674381836 ], [ 135.35966932, 33.67434591 ], [ 135.35967342, 33.6743314 ], [ 135.35973058, 33.6742433 ], [ 135.35976267, 33.67419384 ], [ 135.359971879999989, 33.67400216 ], [ 135.360196800000011, 33.67380223 ], [ 135.360435099999989, 33.67352502 ], [ 135.36057261, 33.67316006 ], [ 135.36060727, 33.67306808 ], [ 135.360625270000014, 33.67302029 ], [ 135.36076118, 33.67273066 ], [ 135.36095726, 33.67238898 ], [ 135.36104436, 33.67215858 ], [ 135.36162456, 33.67164159 ], [ 135.36165193, 33.67152443 ], [ 135.36171513, 33.67125393 ], [ 135.36187586, 33.67056602 ], [ 135.36204758400001, 33.67029859 ], [ 135.36209252, 33.67022861 ], [ 135.36211426, 33.67021175 ], [ 135.3623974, 33.6699922 ], [ 135.36250141, 33.66996862 ], [ 135.36250019, 33.66990094 ], [ 135.3624916, 33.66983262 ], [ 135.3624706, 33.66965326 ], [ 135.36239648, 33.66915801 ], [ 135.36237662, 33.66907398 ], [ 135.362913780000014, 33.6691308 ], [ 135.363469400000014, 33.66918958 ], [ 135.36354013, 33.6690543 ], [ 135.363587534, 33.66865308 ], [ 135.36326865, 33.6684135 ], [ 135.36391415, 33.66773423 ], [ 135.36415155, 33.66776877 ], [ 135.36450664, 33.66747431 ], [ 135.364793920000011, 33.66749958 ], [ 135.365136166000013, 33.667543032 ], [ 135.365308352999989, 33.667456908 ], [ 135.36552701, 33.66734754 ], [ 135.365732812, 33.667244603 ], [ 135.36589214, 33.66716491 ], [ 135.366510242, 33.667192207 ], [ 135.36690655000001, 33.6666331 ], [ 135.366944530000012, 33.66657951 ], [ 135.36699733, 33.66651566 ], [ 135.36696576, 33.666422027 ], [ 135.3668529, 33.6660873 ], [ 135.366894049, 33.665778686 ], [ 135.36742054199999, 33.665368392 ], [ 135.36755369, 33.66526463 ], [ 135.36789901, 33.6648076 ], [ 135.36790654, 33.664619409 ], [ 135.36790917, 33.66455369 ], [ 135.36781776, 33.6637818 ], [ 135.36863347799999, 33.663073718 ], [ 135.369560667, 33.662991336 ], [ 135.369518050000011, 33.662478211 ], [ 135.36959104499999, 33.662248967 ], [ 135.369134892, 33.661661553 ], [ 135.369518193, 33.660935894 ], [ 135.369777072, 33.660644976 ], [ 135.369730585000013, 33.660173579 ], [ 135.370212458999987, 33.659621378 ], [ 135.370038641, 33.659006195 ], [ 135.370414340999986, 33.658540649 ], [ 135.370878524, 33.658259002 ], [ 135.371393610000013, 33.658040952 ], [ 135.37186995799999, 33.658246151 ], [ 135.37206000099999, 33.658593032 ], [ 135.372427862, 33.65900642 ], [ 135.37337161100001, 33.659252493 ], [ 135.37409170399999, 33.659285962 ], [ 135.37453466299999, 33.658611542 ], [ 135.374916568, 33.658070745 ], [ 135.37472823600001, 33.657685828 ], [ 135.375010643, 33.656896301 ], [ 135.375101951, 33.656304057 ], [ 135.37599713899999, 33.655589192 ], [ 135.376693749999987, 33.654918768 ], [ 135.37668348599999, 33.654364059 ], [ 135.37685013, 33.654001091 ], [ 135.377086967999986, 33.653793543 ], [ 135.377165921, 33.653970904 ], [ 135.37758936, 33.65390778 ], [ 135.377723229999987, 33.65395754 ], [ 135.37811892, 33.65422326 ], [ 135.378181727, 33.654071765 ], [ 135.377635098000013, 33.653800677 ], [ 135.37738572399999, 33.653570401 ], [ 135.377155595, 33.653044311 ], [ 135.376999286, 33.652939964 ], [ 135.377029142999987, 33.652755228 ], [ 135.376781575, 33.652650959 ], [ 135.376803577, 33.652285472 ], [ 135.376713052000014, 33.65208566 ], [ 135.376440433, 33.65231092 ], [ 135.376284321000014, 33.652202779 ], [ 135.376435832999988, 33.65208113 ], [ 135.376347697, 33.651942945 ], [ 135.375963245, 33.652225015 ], [ 135.375799196, 33.652054686 ], [ 135.375090524, 33.652596343 ], [ 135.374630763999988, 33.652688129 ], [ 135.37188927299999, 33.652343779 ], [ 135.371630955, 33.652132058 ], [ 135.37131488, 33.652040435 ], [ 135.369736662, 33.65213609 ], [ 135.36920214, 33.652292091 ], [ 135.36878923899999, 33.652251606 ], [ 135.367752862, 33.652338243 ], [ 135.367582975, 33.652294051 ], [ 135.367379793999987, 33.652383741 ], [ 135.367252718, 33.652560271 ], [ 135.367055181000012, 33.652563693 ], [ 135.36692820499999, 33.652763435 ], [ 135.366515698, 33.652999884 ], [ 135.365755709000013, 33.653940694 ], [ 135.36577706, 33.654141196 ], [ 135.365547666999987, 33.654302241 ], [ 135.365269619, 33.654873363 ], [ 135.364937741, 33.655005253 ], [ 135.364833296, 33.655243279 ], [ 135.365318298, 33.655561453 ] ] ] } },
{ "type": "Feature", "properties": { "A29_001": "30401", "A29_002": "和歌山県", "A29_003": "白浜町", "A29_004": 3, "A29_005": "第一種中高層住居専用地域", "A29_006": 60, "A29_007": 200, "A29_008": "条件付き公開" }, "geometry": { "type": "Polygon", "coordinates": [ [ [ 135.354717803, 33.665628378 ], [ 135.35415869, 33.66524375 ], [ 135.35452091, 33.66480754 ], [ 135.35439166, 33.66478027 ], [ 135.35433899, 33.66476916 ], [ 135.35384475, 33.66466491 ], [ 135.35362249, 33.66461803 ], [ 135.353440119999988, 33.66448204 ], [ 135.352820189999989, 33.66411145 ], [ 135.35277334, 33.66378849 ], [ 135.35269915, 33.6634631 ], [ 135.35241131, 33.66333801 ], [ 135.35228372, 33.6632887 ], [ 135.35189562, 33.66321343 ], [ 135.35173985, 33.66318057 ], [ 135.351572729999987, 33.66320257 ], [ 135.35141896, 33.66326815 ], [ 135.35128624, 33.66334863 ], [ 135.35119074, 33.66340656 ], [ 135.35107265, 33.66345858 ], [ 135.35093025, 33.66346928 ], [ 135.350763410000013, 33.66345238 ], [ 135.350558580000012, 33.6633918 ], [ 135.35008019, 33.66312951 ], [ 135.3499549, 33.66304875 ], [ 135.34982438, 33.66293362 ], [ 135.34977025, 33.66285323 ], [ 135.349762809999987, 33.66275019 ], [ 135.34963807, 33.66223229 ], [ 135.349577446000012, 33.662211009 ], [ 135.34926575, 33.66278764 ], [ 135.347910156000012, 33.663324774 ], [ 135.347806725999988, 33.663042725 ], [ 135.34777582000001, 33.66237124 ], [ 135.34756997, 33.66208406 ], [ 135.34626466, 33.66222937 ], [ 135.34571348, 33.66200444 ], [ 135.3452371, 33.6626183 ], [ 135.3451025, 33.66279174 ], [ 135.345040430000012, 33.66287174 ], [ 135.34496728, 33.66298233 ], [ 135.344995039999986, 33.66308386 ], [ 135.345898319000014, 33.663850064 ], [ 135.346343904, 33.663780853 ], [ 135.347243636, 33.664019398 ], [ 135.34946568, 33.66407564 ], [ 135.349511912999986, 33.66515523 ], [ 135.350022467, 33.665768085 ], [ 135.350549941999986, 33.665812606 ], [ 135.350926313, 33.665985453 ], [ 135.351415425, 33.666437411 ], [ 135.35185103399999, 33.666368127 ], [ 135.352398525000012, 33.66659763 ], [ 135.353246250000012, 33.66661299 ], [ 135.353980361, 33.667224496 ], [ 135.354717803, 33.665628378 ] ] ] } },
{ "type": "Feature", "properties": { "A29_001": "30401", "A29_002": "和歌山県", "A29_003": "白浜町", "A29_004": 5, "A29_005": "第一種住居地域", "A29_006": 60, "A29_007": 200, "A29_008": "条件付き公開" }, "geometry": { "type": "Polygon", "coordinates": [ [ [ 135.390853588, 33.68192719 ], [ 135.391290184000013, 33.681672701 ], [ 135.391305219, 33.681361452 ], [ 135.391450243, 33.680978261 ], [ 135.391449881999989, 33.680978337 ], [ 135.391075201, 33.681000348 ], [ 135.390604889, 33.680926461 ], [ 135.39004008, 33.68075047 ], [ 135.38966008, 33.68055047 ], [ 135.389070405000012, 33.680018314 ], [ 135.38905341, 33.67982911 ], [ 135.38920374, 33.6797358 ], [ 135.389633779, 33.679636644 ], [ 135.389726618, 33.679526541 ], [ 135.389643221999989, 33.679259667 ], [ 135.38997126000001, 33.67907802 ], [ 135.390015852, 33.678976295 ], [ 135.38960021, 33.67861569 ], [ 135.38961584899999, 33.678544909 ], [ 135.39044930899999, 33.678566947 ], [ 135.390794230000012, 33.67842641 ], [ 135.391271542, 33.678245858 ], [ 135.390916956000012, 33.678151072 ], [ 135.39029954899999, 33.6783019 ], [ 135.389912114, 33.678010135 ], [ 135.389974056, 33.677724167 ], [ 135.390253113999989, 33.677603877 ], [ 135.390168146, 33.677513998 ], [ 135.389744275999988, 33.677533376 ], [ 135.38963783299999, 33.677454125 ], [ 135.38940679000001, 33.677442248 ], [ 135.38904086299999, 33.677136273 ], [ 135.38904989, 33.67703694 ], [ 135.389125619999987, 33.67699566 ], [ 135.389207019999986, 33.67695561 ], [ 135.38930579, 33.67687518 ], [ 135.389355956, 33.676762096 ], [ 135.389068973, 33.676792883 ], [ 135.388725969, 33.67687707 ], [ 135.387910815, 33.676546205 ], [ 135.38786492, 33.67625227 ], [ 135.387843581999988, 33.67596736 ], [ 135.387261803, 33.675530323 ], [ 135.387599841999986, 33.676589991 ], [ 135.387978369, 33.677532993 ], [ 135.387643997999987, 33.677606483 ], [ 135.387551081, 33.67743068 ], [ 135.387414654999986, 33.677354857 ], [ 135.386928025, 33.677269565 ], [ 135.386944989999989, 33.67813135 ], [ 135.38699456, 33.678651742 ], [ 135.386984578000011, 33.678852084 ], [ 135.38710414, 33.67889204 ], [ 135.387140071, 33.679257217 ], [ 135.387315376, 33.679283136 ], [ 135.38745066300001, 33.679519982 ], [ 135.387638936, 33.679528072 ], [ 135.38769829899999, 33.679607092 ], [ 135.38756675, 33.67970993 ], [ 135.38747136, 33.67977008 ], [ 135.387782378, 33.679822214 ], [ 135.38790128299999, 33.679955204 ], [ 135.387994482000011, 33.680091646 ], [ 135.38800613, 33.68025989 ], [ 135.388073142, 33.68046777 ], [ 135.38801641, 33.680621361 ], [ 135.388057690000011, 33.680836271 ], [ 135.387964790000012, 33.681261644 ], [ 135.38828891599999, 33.681427856 ], [ 135.388574799999986, 33.68172462 ], [ 135.388676943, 33.681637325 ], [ 135.38861877, 33.68135317 ], [ 135.38881994, 33.68127605 ], [ 135.38919413299999, 33.681135324 ], [ 135.389498201, 33.681111778 ], [ 135.389702486, 33.681277395 ], [ 135.389912087999988, 33.681296322 ], [ 135.390853588, 33.68192719 ] ] ] } },
{ "type": "Feature", "properties": { "A29_001": "30401", "A29_002": "和歌山県", "A29_003": "白浜町", "A29_004": 5, "A29_005": "第一種住居地域", "A29_006": 60, "A29_007": 200, "A29_008": "条件付き公開" }, "geometry": { "type": "Polygon", "coordinates": [ [ [ 135.365492485, 33.680501597 ], [ 135.3670205, 33.68032681 ], [ 135.368785011999989, 33.679534365 ], [ 135.369222124, 33.679507656 ], [ 135.36986732599999, 33.67946823 ], [ 135.370370737, 33.679303803 ], [ 135.37133551, 33.678857693 ], [ 135.372819333, 33.678277916 ], [ 135.375424296, 33.678112187 ], [ 135.376792351, 33.677838784 ], [ 135.377109848, 33.677831439 ], [ 135.37776173099999, 33.678173413 ], [ 135.377685140000011, 33.67834378 ], [ 135.37766198, 33.67859082 ], [ 135.377715171, 33.678964673 ], [ 135.37735408899999, 33.679071737 ], [ 135.377407229999989, 33.67916207 ], [ 135.377573512999987, 33.67931882 ], [ 135.377883731, 33.67933231 ], [ 135.37816376, 33.67950946 ], [ 135.378086560000014, 33.67972561 ], [ 135.379066959999989, 33.68026599 ], [ 135.379143381, 33.680604361 ], [ 135.379017858, 33.680699155 ], [ 135.378773200000012, 33.680735748 ], [ 135.378817414999986, 33.680914163 ], [ 135.37931391, 33.68084908 ], [ 135.37959031, 33.680952519 ], [ 135.379565250000013, 33.68132511 ], [ 135.37947242300001, 33.681473781 ], [ 135.380190340000013, 33.68188511 ], [ 135.380450603000014, 33.681383224 ], [ 135.38073172899999, 33.680699485 ], [ 135.38081508, 33.68066631 ], [ 135.38115428, 33.68060873 ], [ 135.381350770000012, 33.68053266 ], [ 135.38165392, 33.68034925 ], [ 135.38176819, 33.68028012 ], [ 135.38181949, 33.68024803 ], [ 135.382145619999989, 33.68004402 ], [ 135.38292623000001, 33.67956175 ], [ 135.38316778, 33.67941252 ], [ 135.383425890000012, 33.67925144 ], [ 135.38365958, 33.6791056 ], [ 135.383971339999988, 33.67889535 ], [ 135.38416752, 33.67872855 ], [ 135.38419079, 33.6787056 ], [ 135.38434791, 33.67855064 ], [ 135.38435959, 33.67853912 ], [ 135.38444077, 33.67843585 ], [ 135.38449748, 33.67836371 ], [ 135.38463042, 33.67814246 ], [ 135.384638630000012, 33.6781288 ], [ 135.38485694, 33.67777705 ], [ 135.3849309, 33.67765787 ], [ 135.38495074, 33.67762858 ], [ 135.385054599999989, 33.67747524 ], [ 135.385206540000013, 33.67732368 ], [ 135.38546714, 33.67710366 ], [ 135.38584695, 33.676772777 ], [ 135.385644085, 33.676592114 ], [ 135.38572406, 33.67654892 ], [ 135.38573525000001, 33.67650166 ], [ 135.38580697, 33.67619891 ], [ 135.3860881, 33.67529003 ], [ 135.38630304, 33.67465299 ], [ 135.386404854, 33.674460011 ], [ 135.386828594, 33.674253208 ], [ 135.38692412899999, 33.673657278 ], [ 135.387270228, 33.673537327 ], [ 135.38758001, 33.67342142 ], [ 135.3880092, 33.67320205 ], [ 135.388284341, 33.67297743 ], [ 135.388535657, 33.672542105 ], [ 135.388619895, 33.672199131 ], [ 135.38921969, 33.672244303 ], [ 135.38914417, 33.67137084 ], [ 135.388905740000013, 33.67090349 ], [ 135.38826672, 33.67092257 ], [ 135.388090132, 33.670536828 ], [ 135.388123650000011, 33.67040754 ], [ 135.38819042, 33.6702454 ], [ 135.38850516, 33.67011187 ], [ 135.388877119999989, 33.66983528 ], [ 135.389373080000013, 33.66981621 ], [ 135.389544559, 33.669817347 ], [ 135.38971643, 33.66945378 ], [ 135.389993309, 33.669299498 ], [ 135.390052424, 33.669008744 ], [ 135.39007713399999, 33.668741676 ], [ 135.390192770999988, 33.668527541 ], [ 135.390068836000012, 33.668446881 ], [ 135.38999334, 33.668349216 ], [ 135.39018377, 33.66828066 ], [ 135.390287599, 33.66818925 ], [ 135.39019331, 33.66816621 ], [ 135.38999302, 33.66819482 ], [ 135.38971643, 33.66820436 ], [ 135.389293651, 33.667936239 ], [ 135.389397653, 33.66734989 ], [ 135.38931508499999, 33.667325626 ], [ 135.38903926, 33.66757488 ], [ 135.38895342, 33.66767979 ], [ 135.38872526099999, 33.667620913 ], [ 135.3886673, 33.66714568 ], [ 135.388543309999989, 33.6671743 ], [ 135.38840024000001, 33.66746042 ], [ 135.388171340000014, 33.66746042 ], [ 135.388248105, 33.667807308 ], [ 135.38799013, 33.667861 ], [ 135.387933903, 33.667858236 ], [ 135.38796837000001, 33.66723811 ], [ 135.38697417899999, 33.668001245 ], [ 135.386900034, 33.667845001 ], [ 135.386567765, 33.668029431 ], [ 135.386167666, 33.668122869 ], [ 135.385609574, 33.66555794 ], [ 135.386135122000013, 33.665474669 ], [ 135.386351741, 33.665504372 ], [ 135.387202487, 33.665427481 ], [ 135.387789613, 33.665511502 ], [ 135.38825338, 33.66572898 ], [ 135.388259049, 33.66572769 ], [ 135.388256289999987, 33.66572064 ], [ 135.388512029999987, 33.66566244 ], [ 135.389478340000011, 33.665874 ], [ 135.38972992, 33.66569103 ], [ 135.390010100000012, 33.66559383 ], [ 135.39009586, 33.66539371 ], [ 135.39003297, 33.66530794 ], [ 135.38979282, 33.66519358 ], [ 135.389644159999989, 33.66517643 ], [ 135.38942605, 33.664057395 ], [ 135.38930366, 33.66362185 ], [ 135.38921584799999, 33.663552002 ], [ 135.388903, 33.66330315 ], [ 135.38834755, 33.6633851 ], [ 135.38796511000001, 33.66317566 ], [ 135.3876373, 33.66283875 ], [ 135.38742787000001, 33.66236525 ], [ 135.38750998399999, 33.662287326 ], [ 135.38811991, 33.66220135 ], [ 135.38821096, 33.66203744 ], [ 135.387801200000013, 33.66187354 ], [ 135.387728360000011, 33.66143646 ], [ 135.38752803, 33.66129077 ], [ 135.38750982, 33.66113597 ], [ 135.38800153, 33.66120882 ], [ 135.38811991, 33.66127256 ], [ 135.388226772, 33.661147878 ], [ 135.388050947000011, 33.660999099 ], [ 135.388126672, 33.660779996 ], [ 135.38785217899999, 33.660792769 ], [ 135.38782852, 33.66067158 ], [ 135.387747727, 33.660619636 ], [ 135.387757959, 33.660475197 ], [ 135.387728360000011, 33.66028003 ], [ 135.38750982, 33.66026182 ], [ 135.38735502, 33.66022539 ], [ 135.38742787000001, 33.65974279 ], [ 135.387229307000013, 33.659753357 ], [ 135.386228765, 33.66084578 ], [ 135.385796002, 33.661525919 ], [ 135.384964311, 33.661335705 ], [ 135.38266503700001, 33.661314701 ], [ 135.381478109999989, 33.661332624 ], [ 135.381718772999989, 33.661987488 ], [ 135.38187865099999, 33.662225697 ], [ 135.382323109999987, 33.66280856 ], [ 135.38225, 33.66301164 ], [ 135.38224188, 33.6637021 ], [ 135.38286735, 33.66415699 ], [ 135.382201259999988, 33.66492868 ], [ 135.38221751, 33.66532671 ], [ 135.381675023000014, 33.666010917 ], [ 135.381712472, 33.666359405 ], [ 135.38218502, 33.66722751 ], [ 135.38252619, 33.66751994 ], [ 135.382940459999986, 33.66777988 ], [ 135.38328163, 33.66851908 ], [ 135.38337098, 33.66868154 ], [ 135.38401271, 33.66873028 ], [ 135.384597570000011, 33.66894148 ], [ 135.384825009999986, 33.66895772 ], [ 135.38515806, 33.66924203 ], [ 135.385629200000011, 33.6692664 ], [ 135.38619781, 33.66946948 ], [ 135.38640089, 33.66964006 ], [ 135.38640901, 33.67027366 ], [ 135.38664458, 33.6707448 ], [ 135.38662021, 33.67111846 ], [ 135.38691264, 33.67165458 ], [ 135.38679892, 33.6718008 ], [ 135.386595840000012, 33.67183329 ], [ 135.386410579999989, 33.67197648 ], [ 135.3863684, 33.67210135 ], [ 135.38607597, 33.67227193 ], [ 135.38596224, 33.67224756 ], [ 135.38575917, 33.67231255 ], [ 135.385921630000013, 33.67245876 ], [ 135.3858404, 33.67258873 ], [ 135.38571855, 33.67258873 ], [ 135.385474859999988, 33.67286492 ], [ 135.38519867, 33.67332793 ], [ 135.38532052, 33.67396965 ], [ 135.385621070000013, 33.67433519 ], [ 135.385784855999987, 33.674468748 ], [ 135.385526047000013, 33.675436757 ], [ 135.38548387, 33.6759824 ], [ 135.3854939, 33.67612812 ], [ 135.38550246, 33.67625263 ], [ 135.385348850000014, 33.67635024 ], [ 135.385232159999987, 33.67643336 ], [ 135.385189739999987, 33.67646358 ], [ 135.38481010000001, 33.67675499 ], [ 135.384681379999989, 33.67687215 ], [ 135.384463720000014, 33.67715843 ], [ 135.38429690000001, 33.67736082 ], [ 135.38402037, 33.67780636 ], [ 135.38387186, 33.67805224 ], [ 135.383757120000013, 33.67819445 ], [ 135.38364551, 33.67831896 ], [ 135.383422599999989, 33.67849247 ], [ 135.383142850000013, 33.67866698 ], [ 135.382745449999987, 33.67891498 ], [ 135.38266328, 33.67896626 ], [ 135.3824387, 33.67910501 ], [ 135.38164081, 33.67959796 ], [ 135.38125129, 33.67981205 ], [ 135.38097499, 33.67989268 ], [ 135.38078937, 33.67997504 ], [ 135.380635149999989, 33.68004566 ], [ 135.38031541, 33.67997623 ], [ 135.37995866, 33.6797079 ], [ 135.37944969, 33.67923414 ], [ 135.37876688, 33.67859475 ], [ 135.37865376, 33.67848883 ], [ 135.378140519999988, 33.67798642 ], [ 135.378227775999989, 33.677848353 ], [ 135.37728854, 33.6772384 ], [ 135.37708038, 33.67724107 ], [ 135.37697785, 33.67726768 ], [ 135.37687154, 33.67730801 ], [ 135.376511209, 33.677484845 ], [ 135.37603618, 33.67706201 ], [ 135.37583274, 33.67693818 ], [ 135.37569477, 33.67686936 ], [ 135.37560287, 33.67681604 ], [ 135.3754904, 33.67677368 ], [ 135.37515271, 33.67673976 ], [ 135.375088330000011, 33.67676004 ], [ 135.37504729, 33.67677296 ], [ 135.37498323, 33.67678236 ], [ 135.37486589, 33.67680729 ], [ 135.37471757, 33.6768388 ], [ 135.374188870000012, 33.6769366 ], [ 135.374160350000011, 33.67694188 ], [ 135.37390462, 33.67687872 ], [ 135.37386749, 33.67688379 ], [ 135.373805260000012, 33.67689082 ], [ 135.37368332, 33.6769046 ], [ 135.37358551, 33.67692232 ], [ 135.37353242, 33.67694071 ], [ 135.37339999, 33.6769724 ], [ 135.37309829, 33.67708832 ], [ 135.37265754, 33.67748424 ], [ 135.372560490000012, 33.67766143 ], [ 135.372505350000012, 33.67778783 ], [ 135.37209841, 33.67793714 ], [ 135.37153285, 33.67814464 ], [ 135.37126264, 33.67825762 ], [ 135.370985420000011, 33.67837353 ], [ 135.370796219999988, 33.67845264 ], [ 135.37031703, 33.67868165 ], [ 135.37007435000001, 33.67878155 ], [ 135.369853268000014, 33.678846291 ], [ 135.37003707400001, 33.677974385 ], [ 135.37005643, 33.67733691 ], [ 135.370345500000013, 33.67711943 ], [ 135.370388819999988, 33.67689087 ], [ 135.37044171, 33.67661184 ], [ 135.37024649, 33.67605873 ], [ 135.36994304000001, 33.6761333 ], [ 135.36974472, 33.67616923 ], [ 135.369459580000012, 33.67604164 ], [ 135.36962827, 33.67652441 ], [ 135.36963248, 33.67658358 ], [ 135.3696386, 33.67666964 ], [ 135.36961495, 33.67678851 ], [ 135.36955717, 33.67690483 ], [ 135.36941074, 33.67707781 ], [ 135.36936312, 33.6771668 ], [ 135.36932194, 33.67734984 ], [ 135.36917422, 33.67828317 ], [ 135.36914275, 33.67842954 ], [ 135.369124129999989, 33.67851613 ], [ 135.3690258, 33.67872744 ], [ 135.368844811, 33.679209103 ], [ 135.36845682, 33.67926831 ], [ 135.36827846, 33.67913532 ], [ 135.3679793, 33.67927002 ], [ 135.36769844, 33.67962614 ], [ 135.36666667, 33.67970292 ], [ 135.36543472, 33.67970512 ], [ 135.365451417, 33.679837909 ], [ 135.36548307000001, 33.68010885 ], [ 135.365492485, 33.680501597 ] ] ] } }
]
}
