{
"type": "FeatureCollection",
"name": "A29-19_30207",
"features": [
{ "type": "Feature", "properties": { "A29_001": "30207", "A29_002": "和歌山県", "A29_003": "新宮市", "A29_004": 10, "A29_005": "準工業地域", "A29_006": 60, "A29_007": 200, "A29_008": null }, "geometry": { "type": "Polygon", "coordinates": [ [ [ 135.96773602, 33.67476386 ], [ 135.96764298, 33.67365273 ], [ 135.96754052, 33.67295847 ], [ 135.96756625, 33.67282965 ], [ 135.967613379999989, 33.6726901 ], [ 135.96769046, 33.67258635 ], [ 135.967866, 33.67241105 ], [ 135.968028690000011, 33.67228226 ], [ 135.96820849, 33.67216064 ], [ 135.96842253, 33.67205334 ], [ 135.96851243, 33.67200684 ], [ 135.96854059, 33.67196702 ], [ 135.968518859999989, 33.67196805 ], [ 135.96820499, 33.67199183 ], [ 135.96808515, 33.67199657 ], [ 135.968010959999987, 33.67200132 ], [ 135.967913970000012, 33.67195358 ], [ 135.967771309999989, 33.67192969 ], [ 135.96764577, 33.67192966 ], [ 135.967548740000012, 33.6719678 ], [ 135.967348969999989, 33.67206795 ], [ 135.96725195, 33.67210609 ], [ 135.967097849999988, 33.67215377 ], [ 135.96688669, 33.67219665 ], [ 135.966766830000012, 33.67225388 ], [ 135.96664696, 33.67233019 ], [ 135.966561320000011, 33.67243513 ], [ 135.966504210000011, 33.6725544 ], [ 135.966458499999987, 33.67269276 ], [ 135.9664071, 33.67280725 ], [ 135.96631004, 33.67291697 ], [ 135.966121640000011, 33.67312209 ], [ 135.96603026, 33.6732986 ], [ 135.96591602, 33.67356576 ], [ 135.96579606, 33.67388064 ], [ 135.96561315, 33.67462492 ], [ 135.96553889, 33.67479667 ], [ 135.96547608, 33.67487776 ], [ 135.96540187, 33.674935 ], [ 135.96527631, 33.67497313 ], [ 135.96517357, 33.67500173 ], [ 135.96509938, 33.67501125 ], [ 135.9650366, 33.67502555 ], [ 135.96499093, 33.67506371 ], [ 135.96499092, 33.67510188 ], [ 135.96504798, 33.67510666 ], [ 135.965202080000012, 33.67507808 ], [ 135.965687159999987, 33.67506867 ], [ 135.96581842, 33.67504962 ], [ 135.9664976, 33.67488281 ], [ 135.966822900000011, 33.67485427 ], [ 135.96735364, 33.67482579 ], [ 135.96773602, 33.67476386 ] ] ] } },
{ "type": "Feature", "properties": { "A29_001": "30207", "A29_002": "和歌山県", "A29_003": "新宮市", "A29_004": 11, "A29_005": "工業地域", "A29_006": 60, "A29_007": 200, "A29_008": null }, "geometry": { "type": "Polygon", "coordinates": [ [ [ 135.96854059, 33.67196702 ], [ 135.96851243, 33.67200684 ], [ 135.96842253, 33.67205334 ], [ 135.96820849, 33.67216064 ], [ 135.968028690000011, 33.67228226 ], [ 135.967866, 33.67241105 ], [ 135.96769046, 33.67258635 ], [ 135.967613379999989, 33.6726901 ], [ 135.96756625, 33.67282965 ], [ 135.96754052, 33.67295847 ], [ 135.96764298, 33.67365273 ], [ 135.96773602, 33.67476386 ], [ 135.967810070000013, 33.67513604 ], [ 135.967889820000011, 33.67552254 ], [ 135.968015220000012, 33.67593291 ], [ 135.968414349999989, 33.67688251 ], [ 135.968423840000014, 33.67690453 ], [ 135.96888765, 33.67675129 ], [ 135.96915069, 33.67753228 ], [ 135.96922561, 33.67749827 ], [ 135.96990874, 33.67718811 ], [ 135.97017521, 33.67706713 ], [ 135.97081247, 33.67684364 ], [ 135.970882749999987, 33.67680939 ], [ 135.97092615, 33.67678823 ], [ 135.971065579999987, 33.67672183 ], [ 135.971505580000013, 33.67655183 ], [ 135.97163153, 33.67651472 ], [ 135.97169641, 33.67649561 ], [ 135.97178094, 33.67647071 ], [ 135.97209981, 33.67637678 ], [ 135.97213646, 33.67636645 ], [ 135.97215515, 33.67636118 ], [ 135.97183318, 33.67570481 ], [ 135.97162787, 33.6752992 ], [ 135.97157654, 33.67517991 ], [ 135.97152523, 33.67502244 ], [ 135.97145683, 33.67477432 ], [ 135.97132008, 33.67414447 ], [ 135.97125745, 33.67372458 ], [ 135.97120643, 33.67268918 ], [ 135.971161200000012, 33.67141999 ], [ 135.97099, 33.67143427 ], [ 135.97089297, 33.67148673 ], [ 135.97076739, 33.6715869 ], [ 135.9706247, 33.67167275 ], [ 135.97052767, 33.67171567 ], [ 135.97008824, 33.6717919 ], [ 135.968718599999988, 33.67195856 ], [ 135.96854059, 33.67196702 ] ] ] } },
{ "type": "Feature", "properties": { "A29_001": "30207", "A29_002": "和歌山県", "A29_003": "新宮市", "A29_004": 10, "A29_005": "準工業地域", "A29_006": 60, "A29_007": 200, "A29_008": null }, "geometry": { "type": "Polygon", "coordinates": [ [ [ 135.975183390000012, 33.67999115 ], [ 135.974875129999987, 33.68022965 ], [ 135.97508431, 33.68041143 ], [ 135.975389400000012, 33.68019953 ], [ 135.977317699999986, 33.68172673 ], [ 135.977342959999987, 33.68169229 ], [ 135.977356140000012, 33.68166815 ], [ 135.97749241, 33.68141847 ], [ 135.97779223, 33.68076402 ], [ 135.977961490000013, 33.68043001 ], [ 135.97825287, 33.67981335 ], [ 135.97827865, 33.67975878 ], [ 135.97830402, 33.67970509 ], [ 135.976446220000014, 33.67913351 ], [ 135.975183390000012, 33.67999115 ] ] ] } },
{ "type": "Feature", "properties": { "A29_001": "30207", "A29_002": "和歌山県", "A29_003": "新宮市", "A29_004": 12, "A29_005": "工業専用地域", "A29_006": 60, "A29_007": 200, "A29_008": null }, "geometry": { "type": "Polygon", "coordinates": [ [ [ 135.98436786, 33.68318945 ], [ 135.98250739, 33.68259755 ], [ 135.9831069, 33.6813046 ], [ 135.98310121, 33.68124735 ], [ 135.98303273, 33.68122825 ], [ 135.9788725, 33.67987732 ], [ 135.97707594, 33.67542057 ], [ 135.97619767, 33.67331147 ], [ 135.97516484, 33.67302499 ], [ 135.974120520000014, 33.67303909 ], [ 135.97336153, 33.67305324 ], [ 135.97295635, 33.67305315 ], [ 135.972671029999987, 33.67303401 ], [ 135.972442769999986, 33.67300056 ], [ 135.97215745, 33.67294801 ], [ 135.97182079000001, 33.67286682 ], [ 135.97152978, 33.6727761 ], [ 135.97131865, 33.67271879 ], [ 135.97129, 33.67308618 ], [ 135.97131274, 33.67333906 ], [ 135.971358329999987, 33.6735347 ], [ 135.97142673, 33.67376374 ], [ 135.97166618, 33.67446518 ], [ 135.97192872, 33.67440321 ], [ 135.97279905, 33.67604952 ], [ 135.972756229999987, 33.67609245 ], [ 135.97267917, 33.67615924 ], [ 135.97238238, 33.67624505 ], [ 135.972428, 33.67635481 ], [ 135.97278186, 33.67625469 ], [ 135.97285034, 33.67626902 ], [ 135.97293593, 33.67631198 ], [ 135.97389991, 33.67792967 ], [ 135.97433919, 33.67845938 ], [ 135.974510329999987, 33.67869798 ], [ 135.97473277, 33.67916085 ], [ 135.975183390000012, 33.67999115 ], [ 135.976446220000014, 33.67913351 ], [ 135.97830402, 33.67970509 ], [ 135.97827865, 33.67975878 ], [ 135.97825287, 33.67981335 ], [ 135.977961490000013, 33.68043001 ], [ 135.97779223, 33.68076402 ], [ 135.97749241, 33.68141847 ], [ 135.977356140000012, 33.68166815 ], [ 135.977342959999987, 33.68169229 ], [ 135.977317699999986, 33.68172673 ], [ 135.977323719999987, 33.6817315 ], [ 135.97730658, 33.68178875 ], [ 135.97721524, 33.68187939 ], [ 135.97713534, 33.68188892 ], [ 135.977439550000014, 33.68210804 ], [ 135.977540549999986, 33.68189853 ], [ 135.97922398, 33.68276721 ], [ 135.979897380000011, 33.68306792 ], [ 135.98114719, 33.68350708 ], [ 135.981044419999989, 33.68367406 ], [ 135.982973390000012, 33.68427553 ], [ 135.983224510000014, 33.68432327 ], [ 135.98380737, 33.68440493 ], [ 135.98391163, 33.68418179 ], [ 135.98433885, 33.68326748 ], [ 135.98436786, 33.68318945 ] ] ] } },
{ "type": "Feature", "properties": { "A29_001": "30207", "A29_002": "和歌山県", "A29_003": "新宮市", "A29_004": 10, "A29_005": "準工業地域", "A29_006": 60, "A29_007": 200, "A29_008": null }, "geometry": { "type": "Polygon", "coordinates": [ [ [ 135.98436786, 33.68318945 ], [ 135.98433885, 33.68326748 ], [ 135.98391163, 33.68418179 ], [ 135.98380737, 33.68440493 ], [ 135.98448581, 33.68449998 ], [ 135.98445726, 33.68458109 ], [ 135.98435975000001, 33.68463048 ], [ 135.98440075, 33.68462099 ], [ 135.98446727000001, 33.68460561 ], [ 135.984488739999989, 33.68463047 ], [ 135.98453744, 33.68468687 ], [ 135.98476962, 33.68472752 ], [ 135.98561553, 33.68477427 ], [ 135.98571813, 33.68475322 ], [ 135.985928699999988, 33.68475594 ], [ 135.98665574, 33.68476532 ], [ 135.98666617, 33.68473056 ], [ 135.98666728, 33.68473063 ], [ 135.986687350000011, 33.684651 ], [ 135.98702572, 33.68466609 ], [ 135.98711888, 33.68470803 ], [ 135.98711852, 33.68470994 ], [ 135.98709779, 33.68475498 ], [ 135.98701128, 33.68494294 ], [ 135.98702455, 33.68494833 ], [ 135.987529599999988, 33.68515365 ], [ 135.98739819, 33.68535074 ], [ 135.98738716, 33.68536621 ], [ 135.988933440000011, 33.68545633 ], [ 135.98895633, 33.68498874 ], [ 135.988899260000011, 33.68497919 ], [ 135.98890498, 33.68485991 ], [ 135.989064789999986, 33.68485515 ], [ 135.989116239999987, 33.68417285 ], [ 135.98841424, 33.68409645 ], [ 135.988339989999986, 33.68449723 ], [ 135.98720993, 33.68439215 ], [ 135.98740984, 33.68337588 ], [ 135.98707883, 33.68328519 ], [ 135.98691326, 33.68366211 ], [ 135.98511553, 33.68312274 ], [ 135.98588057, 33.68155783 ], [ 135.985806380000014, 33.68153397 ], [ 135.98554947, 33.68205879 ], [ 135.98495023000001, 33.68188695 ], [ 135.98436786, 33.68318945 ] ] ] } },
{ "type": "Feature", "properties": { "A29_001": "30207", "A29_002": "和歌山県", "A29_003": "新宮市", "A29_004": 5, "A29_005": "第一種住居地域", "A29_006": 60, "A29_007": 200, "A29_008": null }, "geometry": { "type": "Polygon", "coordinates": [ [ [ 135.97169641, 33.67649561 ], [ 135.97163153, 33.67651472 ], [ 135.971505580000013, 33.67655183 ], [ 135.971065579999987, 33.67672183 ], [ 135.97092615, 33.67678823 ], [ 135.970882749999987, 33.67680939 ], [ 135.97081247, 33.67684364 ], [ 135.97017521, 33.67706713 ], [ 135.96990874, 33.67718811 ], [ 135.96922561, 33.67749827 ], [ 135.96915069, 33.67753228 ], [ 135.96916171, 33.677565 ], [ 135.96923013, 33.67774633 ], [ 135.96965216000001, 33.67856233 ], [ 135.9700229, 33.67917792 ], [ 135.9704907, 33.67971243 ], [ 135.97100414, 33.68032328 ], [ 135.972065289999989, 33.68147342 ], [ 135.97248747, 33.68198404 ], [ 135.971985100000012, 33.68238472 ], [ 135.97224753, 33.682714 ], [ 135.972606969999987, 33.68308625 ], [ 135.97300064, 33.6835253 ], [ 135.97368529, 33.68427455 ], [ 135.97365624, 33.68429795 ], [ 135.97368466, 33.68431833 ], [ 135.97388473, 33.6845444 ], [ 135.97394867, 33.68461474 ], [ 135.97396799, 33.68459771 ], [ 135.974131, 33.68445406 ], [ 135.97430083, 33.68429103 ], [ 135.97460292, 33.68402222 ], [ 135.974766460000012, 33.6838753 ], [ 135.97511001, 33.68409001 ], [ 135.97535061, 33.68423344 ], [ 135.9753833, 33.68425293 ], [ 135.975390909999987, 33.6842428 ], [ 135.97562475, 33.6843791 ], [ 135.976403229999988, 33.68483284 ], [ 135.97676048, 33.68504107 ], [ 135.97689598, 33.68511883 ], [ 135.97722399, 33.68530704 ], [ 135.97736973, 33.68539068 ], [ 135.97808299, 33.68579995 ], [ 135.97851099, 33.68602905 ], [ 135.97927421, 33.68628573 ], [ 135.979225750000012, 33.68596882 ], [ 135.97920427, 33.68582835 ], [ 135.97918537000001, 33.68570476 ], [ 135.97911954, 33.68527426 ], [ 135.979115760000013, 33.68524956 ], [ 135.979056500000013, 33.68487111 ], [ 135.97904829, 33.68481866 ], [ 135.97902155, 33.6846479 ], [ 135.97895673, 33.6842339 ], [ 135.97894448, 33.68414379 ], [ 135.978915410000013, 33.68392996 ], [ 135.97877603, 33.68349209 ], [ 135.9787307, 33.68340868 ], [ 135.97872206, 33.68339278 ], [ 135.97869689, 33.68336415 ], [ 135.9786321, 33.68329044 ], [ 135.97853852, 33.68321369 ], [ 135.97838196, 33.68311887 ], [ 135.977502890000011, 33.68263272 ], [ 135.976971, 33.68231028 ], [ 135.97677049, 33.68218872 ], [ 135.97665358, 33.68211258 ], [ 135.97623384, 33.68183918 ], [ 135.976026420000011, 33.68170408 ], [ 135.97584556000001, 33.6815819 ], [ 135.975751980000013, 33.68151868 ], [ 135.97548728000001, 33.68133985 ], [ 135.975465, 33.6813248 ], [ 135.97502773, 33.68095001 ], [ 135.9749558, 33.68088835 ], [ 135.974638309999989, 33.68057909 ], [ 135.97453779, 33.68048118 ], [ 135.97438724, 33.68033453 ], [ 135.97414358, 33.68010126 ], [ 135.97392664, 33.67989357 ], [ 135.973771520000014, 33.67969573 ], [ 135.973711689999988, 33.67961941 ], [ 135.973660130000013, 33.67955365 ], [ 135.97357725, 33.67944794 ], [ 135.97340042, 33.6792224 ], [ 135.97326519, 33.67903353 ], [ 135.972997459999988, 33.67865958 ], [ 135.97294555, 33.67858563 ], [ 135.9728015, 33.67838044 ], [ 135.972706929999987, 33.67824574 ], [ 135.97256447, 33.6780167 ], [ 135.97248084, 33.67788223 ], [ 135.972269829999988, 33.67754298 ], [ 135.97211694, 33.67728866 ], [ 135.97208766, 33.67723264 ], [ 135.97181569, 33.67671232 ], [ 135.97169641, 33.67649561 ] ] ] } },
{ "type": "Feature", "properties": { "A29_001": "30207", "A29_002": "和歌山県", "A29_003": "新宮市", "A29_004": 8, "A29_005": "近隣商業地域", "A29_006": 80, "A29_007": 200, "A29_008": null }, "geometry": { "type": "Polygon", "coordinates": [ [ [ 135.98649272, 33.68678995 ], [ 135.98651898, 33.68670617 ], [ 135.98661604, 33.68649625 ], [ 135.986724509999988, 33.68628155 ], [ 135.986924320000014, 33.68600483 ], [ 135.98737531, 33.68536552 ], [ 135.98738716, 33.68536621 ], [ 135.98739819, 33.68535074 ], [ 135.987529599999988, 33.68515365 ], [ 135.98702455, 33.68494833 ], [ 135.98701128, 33.68494294 ], [ 135.986858360000014, 33.68528257 ], [ 135.986838940000013, 33.68532569 ], [ 135.986808559999986, 33.68531899 ], [ 135.98653149, 33.68525784 ], [ 135.98655285000001, 33.68515194 ], [ 135.98655065, 33.68515166 ], [ 135.98609972, 33.68509391 ], [ 135.98586466, 33.6850638 ], [ 135.985671309999987, 33.68503935 ], [ 135.98526639, 33.68498813 ], [ 135.98484609, 33.68493497 ], [ 135.98474808, 33.68492257 ], [ 135.98448043, 33.68488872 ], [ 135.9844459, 33.68489623 ], [ 135.984376520000012, 33.68491132 ], [ 135.984008429999989, 33.68485737 ], [ 135.98387211, 33.68483739 ], [ 135.98363512, 33.68480265 ], [ 135.98358015, 33.68479459 ], [ 135.98317562, 33.6847267 ], [ 135.9828934, 33.68467933 ], [ 135.982856379999987, 33.68467312 ], [ 135.98277945000001, 33.68501581 ], [ 135.98240653, 33.68494437 ], [ 135.98239224, 33.68501015 ], [ 135.98237716, 33.68507951 ], [ 135.98234571, 33.68522425 ], [ 135.98233672, 33.68526564 ], [ 135.984766830000012, 33.68563925 ], [ 135.9851363, 33.68569501 ], [ 135.985598829999986, 33.68576481 ], [ 135.98563169, 33.68575753 ], [ 135.98596593, 33.68581561 ], [ 135.98588564, 33.68609871 ], [ 135.98578565, 33.68645129 ], [ 135.985750239999987, 33.68657617 ], [ 135.98573201, 33.68664045 ], [ 135.985714949999988, 33.68667177 ], [ 135.98576144, 33.68668947 ], [ 135.98577228, 33.68670883 ], [ 135.98585433, 33.68674236 ], [ 135.986058469999989, 33.68680167 ], [ 135.98612717, 33.68681583 ], [ 135.98612838, 33.68674972 ], [ 135.98612897000001, 33.68671783 ], [ 135.986213, 33.68672989 ], [ 135.986263220000012, 33.68673792 ], [ 135.98641883, 33.68677719 ], [ 135.986460810000011, 33.68678778 ], [ 135.98649272, 33.68678995 ] ] ] } },
{ "type": "Feature", "properties": { "A29_001": "30207", "A29_002": "和歌山県", "A29_003": "新宮市", "A29_004": 6, "A29_005": "第二種住居地域", "A29_006": 60, "A29_007": 200, "A29_008": null }, "geometry": { "type": "Polygon", "coordinates": [ [ [ 135.96213616, 33.68688242 ], [ 135.9625933, 33.68642138 ], [ 135.962634900000012, 33.68637462 ], [ 135.96306303, 33.68589339 ], [ 135.96307844, 33.68587608 ], [ 135.96362936, 33.68622225 ], [ 135.963695089999987, 33.68626351 ], [ 135.96374008, 33.68629175 ], [ 135.963767499999989, 33.68625061 ], [ 135.963781610000012, 33.68618725 ], [ 135.96380858, 33.68606617 ], [ 135.963802249999986, 33.68594756 ], [ 135.963788169999987, 33.68565558 ], [ 135.96376983, 33.68527544 ], [ 135.96374487, 33.68527392 ], [ 135.963295749999986, 33.68524644 ], [ 135.96325922, 33.68517467 ], [ 135.963087, 33.6848363 ], [ 135.96297653, 33.68461925 ], [ 135.962901530000011, 33.68457408 ], [ 135.962879030000011, 33.68450758 ], [ 135.96282586, 33.68423694 ], [ 135.96281722, 33.6841859 ], [ 135.962793330000011, 33.68404483 ], [ 135.96276336, 33.68398769 ], [ 135.96273131, 33.68384378 ], [ 135.96272621, 33.68382117 ], [ 135.96239055, 33.68376586 ], [ 135.962259280000012, 33.68376582 ], [ 135.96214512, 33.68379919 ], [ 135.96203094, 33.68387549 ], [ 135.96197383, 33.68395659 ], [ 135.96188243, 33.6841331 ], [ 135.96175682, 33.68424757 ], [ 135.961380029999987, 33.68445739 ], [ 135.96038668, 33.68502487 ], [ 135.95979279, 33.68571175 ], [ 135.9598441, 33.68583105 ], [ 135.95967943, 33.68605286 ], [ 135.95990477, 33.6862853 ], [ 135.95997325, 33.68631395 ], [ 135.96023575000001, 33.68640469 ], [ 135.960269970000013, 33.68645719 ], [ 135.96021277, 33.68672913 ], [ 135.96021274, 33.68680547 ], [ 135.96024123, 33.68691045 ], [ 135.96028687, 33.68693432 ], [ 135.96035538000001, 33.68689618 ], [ 135.96040108, 33.68681031 ], [ 135.960463909999987, 33.68671967 ], [ 135.960560969999989, 33.68664336 ], [ 135.96074936, 33.68655754 ], [ 135.96090349, 33.68650987 ], [ 135.9609891, 33.6865099 ], [ 135.96110324, 33.68652425 ], [ 135.96118884, 33.68656722 ], [ 135.96120593, 33.68663402 ], [ 135.96119442, 33.68683919 ], [ 135.96122293, 33.68690122 ], [ 135.96126286, 33.68695849 ], [ 135.96134847, 33.68696806 ], [ 135.96153114, 33.68691563 ], [ 135.96169665, 33.68693 ], [ 135.96185646, 33.68693959 ], [ 135.961987740000012, 33.68691577 ], [ 135.962073370000013, 33.6868824 ], [ 135.96213616, 33.68688242 ] ] ] } },
{ "type": "Feature", "properties": { "A29_001": "30207", "A29_002": "和歌山県", "A29_003": "新宮市", "A29_004": 6, "A29_005": "第二種住居地域", "A29_006": 60, "A29_007": 200, "A29_008": null }, "geometry": { "type": "Polygon", "coordinates": [ [ [ 135.98146395, 33.68799234 ], [ 135.980278629999987, 33.68720667 ], [ 135.97975197, 33.68777199 ], [ 135.9792512, 33.68745342 ], [ 135.97905852, 33.68765736 ], [ 135.97899432, 33.68761441 ], [ 135.97875882, 33.68787202 ], [ 135.97831797, 33.68759282 ], [ 135.97818952, 33.68772162 ], [ 135.97770587, 33.68742452 ], [ 135.977487489999987, 33.68768571 ], [ 135.97699529, 33.68737429 ], [ 135.9766356, 33.68775713 ], [ 135.97611344, 33.68746717 ], [ 135.97597213, 33.68761744 ], [ 135.9740534, 33.68635124 ], [ 135.97439732, 33.6859388 ], [ 135.97395223, 33.68561307 ], [ 135.97506556, 33.68433219 ], [ 135.975275290000013, 33.68439665 ], [ 135.9753833, 33.68425293 ], [ 135.97535061, 33.68423344 ], [ 135.97511001, 33.68409001 ], [ 135.974766460000012, 33.6838753 ], [ 135.97460292, 33.68402222 ], [ 135.97430083, 33.68429103 ], [ 135.974131, 33.68445406 ], [ 135.97396799, 33.68459771 ], [ 135.97394867, 33.68461474 ], [ 135.97388473, 33.6845444 ], [ 135.97368466, 33.68431833 ], [ 135.97365624, 33.68429795 ], [ 135.97257206, 33.68517131 ], [ 135.97102578, 33.68386362 ], [ 135.97086603, 33.68368227 ], [ 135.96949668, 33.68251296 ], [ 135.967927659999987, 33.68118613 ], [ 135.967727849999989, 33.68133876 ], [ 135.96759655, 33.68142938 ], [ 135.96729127, 33.68157427 ], [ 135.96734931, 33.68162497 ], [ 135.967471460000013, 33.68173166 ], [ 135.96770122, 33.68193235 ], [ 135.96773092, 33.68195829 ], [ 135.96777583, 33.68199752 ], [ 135.96828833, 33.68242232 ], [ 135.968368520000013, 33.68248879 ], [ 135.968631710000011, 33.68270694 ], [ 135.968945280000014, 33.68298073 ], [ 135.969193280000013, 33.68319728 ], [ 135.969275110000012, 33.68326873 ], [ 135.969735899999989, 33.68367106 ], [ 135.96976382, 33.68369588 ], [ 135.96720327, 33.68580177 ], [ 135.96653812, 33.68636461 ], [ 135.96646389, 33.68645525 ], [ 135.96642961, 33.68654589 ], [ 135.966426719999987, 33.686627 ], [ 135.966403860000014, 33.68672481 ], [ 135.966363879999989, 33.68679637 ], [ 135.96632674, 33.6868894 ], [ 135.96617254, 33.68713747 ], [ 135.96608688, 33.68724718 ], [ 135.96604118, 33.68734737 ], [ 135.96602116, 33.68745949 ], [ 135.96598395, 33.68774337 ], [ 135.96560154, 33.68774565 ], [ 135.9657013, 33.68803435 ], [ 135.96577251, 33.68841267 ], [ 135.965777, 33.68838645 ], [ 135.9665247, 33.68840097 ], [ 135.96654758, 33.68826738 ], [ 135.966701840000013, 33.68788094 ], [ 135.96673049, 33.68758036 ], [ 135.966746019999988, 33.68747877 ], [ 135.966777439999987, 33.68741914 ], [ 135.96685738, 33.68731181 ], [ 135.96693732, 33.68722356 ], [ 135.966988719999989, 33.68714962 ], [ 135.96701443, 33.68707567 ], [ 135.96705157, 33.68697071 ], [ 135.96711445, 33.68672023 ], [ 135.96728288, 33.68657475 ], [ 135.96789947, 33.68609539 ], [ 135.96957798, 33.68468589 ], [ 135.970239389999989, 33.68415008 ], [ 135.97027563, 33.68417944 ], [ 135.97047085, 33.6843376 ], [ 135.97090319, 33.68469182 ], [ 135.97101867, 33.68478643 ], [ 135.971327370000012, 33.68503935 ], [ 135.97133817, 33.6850482 ], [ 135.971879629999989, 33.68549693 ], [ 135.97220692, 33.68577069 ], [ 135.97230409, 33.685842 ], [ 135.972455630000013, 33.68595322 ], [ 135.972494829999988, 33.68598199 ], [ 135.9727178, 33.68614563 ], [ 135.97318685, 33.68648245 ], [ 135.97322559, 33.68651028 ], [ 135.97343718, 33.68666222 ], [ 135.97410775, 33.68711844 ], [ 135.97422275, 33.68719667 ], [ 135.97445896, 33.68735417 ], [ 135.97453158, 33.68740259 ], [ 135.974626879999988, 33.68745458 ], [ 135.97479558, 33.68754662 ], [ 135.97486228, 33.68758248 ], [ 135.97514471, 33.68773435 ], [ 135.975147349999986, 33.68773577 ], [ 135.97523393, 33.68778232 ], [ 135.97556412, 33.68796207 ], [ 135.975769070000013, 33.68805135 ], [ 135.97578765, 33.68781456 ], [ 135.97596544000001, 33.68783429 ], [ 135.97596719, 33.68783522 ], [ 135.976106609999988, 33.68786061 ], [ 135.97634392, 33.68788067 ], [ 135.977073850000011, 33.68791426 ], [ 135.977267970000014, 33.68792319 ], [ 135.97743166, 33.68793073 ], [ 135.97742525000001, 33.68806951 ], [ 135.9777925, 33.68808624 ], [ 135.9777882, 33.68818143 ], [ 135.97791324, 33.68818574 ], [ 135.978431660000012, 33.68820359 ], [ 135.979412, 33.68823734 ], [ 135.97946962, 33.68823932 ], [ 135.979481170000014, 33.68826066 ], [ 135.98128484, 33.68807964 ], [ 135.98145037, 33.68800809 ], [ 135.98146395, 33.68799234 ] ] ] } },
{ "type": "Feature", "properties": { "A29_001": "30207", "A29_002": "和歌山県", "A29_003": "新宮市", "A29_004": 3, "A29_005": "第一種中高層住居専用地域", "A29_006": 60, "A29_007": 150, "A29_008": null }, "geometry": { "type": "Polygon", "coordinates": [ [ [ 135.96577251, 33.68841267 ], [ 135.9657013, 33.68803435 ], [ 135.96560154, 33.68774565 ], [ 135.96598395, 33.68774337 ], [ 135.96602116, 33.68745949 ], [ 135.96604118, 33.68734737 ], [ 135.96608688, 33.68724718 ], [ 135.96617254, 33.68713747 ], [ 135.96632674, 33.6868894 ], [ 135.966363879999989, 33.68679637 ], [ 135.966403860000014, 33.68672481 ], [ 135.966426719999987, 33.686627 ], [ 135.96642961, 33.68654589 ], [ 135.96646389, 33.68645525 ], [ 135.96653812, 33.68636461 ], [ 135.96720327, 33.68580177 ], [ 135.96976382, 33.68369588 ], [ 135.969735899999989, 33.68367106 ], [ 135.969275110000012, 33.68326873 ], [ 135.969193280000013, 33.68319728 ], [ 135.968945280000014, 33.68298073 ], [ 135.968631710000011, 33.68270694 ], [ 135.968368520000013, 33.68248879 ], [ 135.96828833, 33.68242232 ], [ 135.96777583, 33.68199752 ], [ 135.96773092, 33.68195829 ], [ 135.96770122, 33.68193235 ], [ 135.967471460000013, 33.68173166 ], [ 135.96734931, 33.68162497 ], [ 135.96729127, 33.68157427 ], [ 135.96759655, 33.68142938 ], [ 135.96744824000001, 33.68124326 ], [ 135.96734557, 33.6810667 ], [ 135.96720865, 33.6809426 ], [ 135.96703752, 33.68071831 ], [ 135.96692336000001, 33.68075167 ], [ 135.96664385, 33.68037944 ], [ 135.96663817000001, 33.68031741 ], [ 135.966661030000012, 33.68024584 ], [ 135.96667818, 33.68016951 ], [ 135.966649679999989, 33.68006453 ], [ 135.96658123, 33.67996908 ], [ 135.96647285, 33.67982591 ], [ 135.96638728, 33.67972569 ], [ 135.96631881, 33.67969227 ], [ 135.96625033, 33.67967794 ], [ 135.966079119999989, 33.67968267 ], [ 135.96595926, 33.67969218 ], [ 135.965725240000012, 33.67976845 ], [ 135.965708080000013, 33.67986865 ], [ 135.965565379999987, 33.67993063 ], [ 135.96549694, 33.6798161 ], [ 135.965234360000011, 33.67994008 ], [ 135.96525713, 33.680088 ], [ 135.965308459999989, 33.68018344 ], [ 135.96530273, 33.68022638 ], [ 135.96525133, 33.68031702 ], [ 135.96521707, 33.68036473 ], [ 135.96505724, 33.68042671 ], [ 135.96493738, 33.6804553 ], [ 135.96485747, 33.68048391 ], [ 135.96481179, 33.68054115 ], [ 135.9647661, 33.68062702 ], [ 135.96469188, 33.68067949 ], [ 135.96460055, 33.6807224 ], [ 135.96485723, 33.68106601 ], [ 135.964354899999989, 33.68131875 ], [ 135.964177940000013, 33.68139027 ], [ 135.96407517, 33.68149521 ], [ 135.96404085, 33.68167174 ], [ 135.963909550000011, 33.68176713 ], [ 135.96382961, 33.68184344 ], [ 135.96380675, 33.68192932 ], [ 135.96379528, 33.68206292 ], [ 135.96377812, 33.68214402 ], [ 135.963481269999988, 33.6823157 ], [ 135.9633727, 33.68262104 ], [ 135.96346383, 33.68307434 ], [ 135.96271589, 33.68372302 ], [ 135.96273867, 33.68382322 ], [ 135.96272621, 33.68382117 ], [ 135.96273131, 33.68384378 ], [ 135.96276336, 33.68398769 ], [ 135.962793330000011, 33.68404483 ], [ 135.96281722, 33.6841859 ], [ 135.96282586, 33.68423694 ], [ 135.962879030000011, 33.68450758 ], [ 135.962901530000011, 33.68457408 ], [ 135.96297653, 33.68461925 ], [ 135.963087, 33.6848363 ], [ 135.96325922, 33.68517467 ], [ 135.963295749999986, 33.68524644 ], [ 135.96374487, 33.68527392 ], [ 135.96376983, 33.68527544 ], [ 135.963788169999987, 33.68565558 ], [ 135.963802249999986, 33.68594756 ], [ 135.96380858, 33.68606617 ], [ 135.963781610000012, 33.68618725 ], [ 135.963767499999989, 33.68625061 ], [ 135.96374008, 33.68629175 ], [ 135.963695089999987, 33.68626351 ], [ 135.96362936, 33.68622225 ], [ 135.96307844, 33.68587608 ], [ 135.96306303, 33.68589339 ], [ 135.962634900000012, 33.68637462 ], [ 135.9625933, 33.68642138 ], [ 135.96213616, 33.68688242 ], [ 135.96217034, 33.68701126 ], [ 135.96205612, 33.68718299 ], [ 135.96203325, 33.68725932 ], [ 135.96205604, 33.68736907 ], [ 135.962050260000012, 33.68751221 ], [ 135.96200457, 33.68759808 ], [ 135.96194746, 33.6876744 ], [ 135.961947439999989, 33.68771734 ], [ 135.96217, 33.68779375 ], [ 135.96230128, 33.68778902 ], [ 135.96241543, 33.68780337 ], [ 135.96246678, 33.68782724 ], [ 135.96246674, 33.68792267 ], [ 135.96248954, 33.68800379 ], [ 135.96259797, 33.68802768 ], [ 135.962592199999989, 33.68817082 ], [ 135.962649269999986, 33.68819946 ], [ 135.9629632, 33.68818524 ], [ 135.96304312, 33.68815187 ], [ 135.96308312, 33.68804214 ], [ 135.96311748, 33.68777973 ], [ 135.96322034, 33.68749348 ], [ 135.96352273, 33.68774168 ], [ 135.96364831, 33.6877274 ], [ 135.96375103, 33.68777514 ], [ 135.96392794, 33.68782291 ], [ 135.96401352, 33.68791359 ], [ 135.96403061, 33.68799471 ], [ 135.964087549999988, 33.68831917 ], [ 135.96412177, 33.68838121 ], [ 135.96419024, 33.68842894 ], [ 135.96431579, 33.68847669 ], [ 135.96438418, 33.68874391 ], [ 135.964435540000011, 33.68875824 ], [ 135.96450403, 33.68875348 ], [ 135.96480091, 33.68856749 ], [ 135.96479523, 33.68851023 ], [ 135.96472678, 33.68840524 ], [ 135.964898049999988, 33.68830032 ], [ 135.96494941, 33.68831465 ], [ 135.96531465000001, 33.68845789 ], [ 135.96536593, 33.68867262 ], [ 135.96569695, 33.68872996 ], [ 135.965731229999989, 33.68865363 ], [ 135.96577251, 33.68841267 ] ] ] } },
{ "type": "Feature", "properties": { "A29_001": "30207", "A29_002": "和歌山県", "A29_003": "新宮市", "A29_004": 3, "A29_005": "第一種中高層住居専用地域", "A29_006": 60, "A29_007": 150, "A29_008": null }, "geometry": { "type": "Polygon", "coordinates": [ [ [ 135.979481170000014, 33.68826066 ], [ 135.97946962, 33.68823932 ], [ 135.979412, 33.68823734 ], [ 135.978431660000012, 33.68820359 ], [ 135.97791324, 33.68818574 ], [ 135.9777882, 33.68818143 ], [ 135.9777925, 33.68808624 ], [ 135.97742525000001, 33.68806951 ], [ 135.97743166, 33.68793073 ], [ 135.977267970000014, 33.68792319 ], [ 135.977073850000011, 33.68791426 ], [ 135.97634392, 33.68788067 ], [ 135.976106609999988, 33.68786061 ], [ 135.97596719, 33.68783522 ], [ 135.97596544000001, 33.68783429 ], [ 135.97578765, 33.68781456 ], [ 135.975769070000013, 33.68805135 ], [ 135.97556412, 33.68796207 ], [ 135.97523393, 33.68778232 ], [ 135.975147349999986, 33.68773577 ], [ 135.97514471, 33.68773435 ], [ 135.97486228, 33.68758248 ], [ 135.97479558, 33.68754662 ], [ 135.974626879999988, 33.68745458 ], [ 135.97453158, 33.68740259 ], [ 135.97445896, 33.68735417 ], [ 135.97422275, 33.68719667 ], [ 135.97410775, 33.68711844 ], [ 135.97343718, 33.68666222 ], [ 135.97322559, 33.68651028 ], [ 135.97318685, 33.68648245 ], [ 135.9727178, 33.68614563 ], [ 135.972494829999988, 33.68598199 ], [ 135.972455630000013, 33.68595322 ], [ 135.97230409, 33.685842 ], [ 135.97220692, 33.68577069 ], [ 135.971879629999989, 33.68549693 ], [ 135.97133817, 33.6850482 ], [ 135.971327370000012, 33.68503935 ], [ 135.97101867, 33.68478643 ], [ 135.97090319, 33.68469182 ], [ 135.97047085, 33.6843376 ], [ 135.97027563, 33.68417944 ], [ 135.970239389999989, 33.68415008 ], [ 135.96957798, 33.68468589 ], [ 135.96789947, 33.68609539 ], [ 135.96728288, 33.68657475 ], [ 135.96711445, 33.68672023 ], [ 135.96705157, 33.68697071 ], [ 135.96701443, 33.68707567 ], [ 135.966988719999989, 33.68714962 ], [ 135.96693732, 33.68722356 ], [ 135.96685738, 33.68731181 ], [ 135.966777439999987, 33.68741914 ], [ 135.966746019999988, 33.68747877 ], [ 135.96673049, 33.68758036 ], [ 135.96702729, 33.68757089 ], [ 135.9671357, 33.68765203 ], [ 135.96723835, 33.68788586 ], [ 135.96728968, 33.68798607 ], [ 135.96728964, 33.68810058 ], [ 135.96746083, 33.68821037 ], [ 135.967603559999986, 33.68809589 ], [ 135.96756364, 33.68802431 ], [ 135.967929059999989, 33.68766179 ], [ 135.968168889999987, 33.68738034 ], [ 135.968288840000014, 33.68712749 ], [ 135.96832311, 33.6870607 ], [ 135.96846577, 33.68713231 ], [ 135.96853998, 33.6871037 ], [ 135.968905189999987, 33.68731373 ], [ 135.96915644, 33.68700365 ], [ 135.969270630000011, 33.68690349 ], [ 135.96935622, 33.68696076 ], [ 135.96932195, 33.68704187 ], [ 135.97040045, 33.68770534 ], [ 135.97045744, 33.68795824 ], [ 135.97018332, 33.68841145 ], [ 135.96968668, 33.68860218 ], [ 135.96938984, 33.68871662 ], [ 135.96906451000001, 33.68868791 ], [ 135.968956060000011, 33.68869743 ], [ 135.9688476, 33.68874511 ], [ 135.96877908, 33.68883098 ], [ 135.96872764, 33.68901228 ], [ 135.9687276, 33.68912202 ], [ 135.96877895, 33.68918883 ], [ 135.9688988, 33.68921749 ], [ 135.96894443, 33.68929861 ], [ 135.96900713, 33.68955151 ], [ 135.969064190000012, 33.68959446 ], [ 135.969109839999987, 33.6896231 ], [ 135.96923546, 33.68949431 ], [ 135.9693667, 33.689585 ], [ 135.96945241, 33.68933691 ], [ 135.96954374, 33.68930353 ], [ 135.969869139999986, 33.6891557 ], [ 135.9699434, 33.68898872 ], [ 135.97003475, 33.68889809 ], [ 135.97012609, 33.68885994 ], [ 135.970234549999986, 33.68880748 ], [ 135.97038299, 33.68869778 ], [ 135.970457219999986, 33.6885976 ], [ 135.97049149, 33.68854035 ], [ 135.97057711, 33.68853083 ], [ 135.97067413, 33.68856425 ], [ 135.97079965, 33.68870265 ], [ 135.97090803, 33.68891261 ], [ 135.970976470000011, 33.689051 ], [ 135.970970709999989, 33.68919891 ], [ 135.97095925, 33.68935159 ], [ 135.97081076, 33.68959489 ], [ 135.97098197, 33.68966173 ], [ 135.97106759, 33.68965698 ], [ 135.97118176, 33.6896236 ], [ 135.971215980000011, 33.68969041 ], [ 135.97120453, 33.68979538 ], [ 135.97139286, 33.68988608 ], [ 135.97159265, 33.68983364 ], [ 135.97168964, 33.68995771 ], [ 135.9716953, 33.69010563 ], [ 135.971803740000013, 33.69014382 ], [ 135.97229463, 33.69007236 ], [ 135.972351690000011, 33.69012486 ], [ 135.972306, 33.69021074 ], [ 135.97250005, 33.69025372 ], [ 135.97260849, 33.69029669 ], [ 135.97267696, 33.69037304 ], [ 135.97273974, 33.69039214 ], [ 135.97281396, 33.6903349 ], [ 135.97289393, 33.69011544 ], [ 135.97292253, 33.68994368 ], [ 135.97289973, 33.68982916 ], [ 135.97279129, 33.68980528 ], [ 135.97273424, 33.68971461 ], [ 135.97285416, 33.68952856 ], [ 135.972905590000011, 33.68936157 ], [ 135.97328807, 33.68914694 ], [ 135.973350860000011, 33.68914696 ], [ 135.973362259999988, 33.68919467 ], [ 135.9735335, 33.689147 ], [ 135.97359627, 33.68922335 ], [ 135.97387027, 33.68911844 ], [ 135.97385889, 33.68899438 ], [ 135.97385891, 33.68893713 ], [ 135.973978749999986, 33.68899441 ], [ 135.974092899999988, 33.68901829 ], [ 135.9741785, 33.68908511 ], [ 135.9742013, 33.68916145 ], [ 135.97421270000001, 33.68923303 ], [ 135.97413846, 33.68934752 ], [ 135.97436674, 33.68944777 ], [ 135.974366690000011, 33.68963385 ], [ 135.97442944, 33.68973406 ], [ 135.9745778, 33.689882 ], [ 135.974629169999986, 33.68988201 ], [ 135.97462919, 33.68982476 ], [ 135.974726229999987, 33.68979138 ], [ 135.97478331, 33.68980093 ], [ 135.97485751, 33.68979617 ], [ 135.97486896, 33.68966258 ], [ 135.974857570000012, 33.68957669 ], [ 135.975017369999989, 33.68965307 ], [ 135.975171460000013, 33.68969604 ], [ 135.97525712, 33.68954815 ], [ 135.97516011, 33.68948133 ], [ 135.97512017, 33.68942406 ], [ 135.97512018, 33.68938589 ], [ 135.975194390000013, 33.68938591 ], [ 135.97530283, 33.68940024 ], [ 135.97545119, 33.68952433 ], [ 135.975491119999987, 33.68961976 ], [ 135.97554818, 33.68969134 ], [ 135.97559954, 33.68971998 ], [ 135.975685160000012, 33.68969614 ], [ 135.97574796, 33.68964844 ], [ 135.975782220000013, 33.68960551 ], [ 135.975833599999987, 33.68957689 ], [ 135.97588497000001, 33.68958644 ], [ 135.97590779, 33.68962462 ], [ 135.97592487, 33.68975822 ], [ 135.97596478, 33.68993954 ], [ 135.97606174, 33.69019243 ], [ 135.97615872, 33.69037376 ], [ 135.976067379999989, 33.69042623 ], [ 135.97612443, 33.69052644 ], [ 135.97623286000001, 33.69062189 ], [ 135.97639836, 33.69069826 ], [ 135.97658099, 33.69076986 ], [ 135.97666086000001, 33.69092733 ], [ 135.97671223, 33.6909178 ], [ 135.97671227, 33.69078897 ], [ 135.97672941, 33.69071264 ], [ 135.97682076000001, 33.69064108 ], [ 135.97691781, 33.69055999 ], [ 135.97695779, 33.69046934 ], [ 135.976986360000012, 33.69034529 ], [ 135.977077720000011, 33.69022603 ], [ 135.97712341, 33.69012584 ], [ 135.97715198, 33.69000179 ], [ 135.97715199000001, 33.68995407 ], [ 135.97719767000001, 33.68989683 ], [ 135.977271879999989, 33.68987776 ], [ 135.97734036, 33.68992548 ], [ 135.97734605, 33.68999705 ], [ 135.97739167, 33.69012589 ], [ 135.97738593, 33.69026425 ], [ 135.97736307, 33.69036922 ], [ 135.97732879, 33.69050281 ], [ 135.977328770000014, 33.69058392 ], [ 135.977362989999989, 33.69067936 ], [ 135.97743718000001, 33.69071754 ], [ 135.977534209999988, 33.69072233 ], [ 135.97761413, 33.6907128 ], [ 135.97765978000001, 33.69074621 ], [ 135.97772258, 33.69070328 ], [ 135.977722590000013, 33.69066988 ], [ 135.97778537, 33.6906842 ], [ 135.977870990000014, 33.69065082 ], [ 135.977950920000012, 33.69058881 ], [ 135.978036550000013, 33.69055065 ], [ 135.97809933, 33.69055066 ], [ 135.97816211, 33.6905793 ], [ 135.97826486, 33.69055069 ], [ 135.97832194, 33.6905507 ], [ 135.97852168, 33.69067956 ], [ 135.978613, 33.69068435 ], [ 135.978698619999989, 33.69068436 ], [ 135.978761420000012, 33.6906462 ], [ 135.97876714, 33.69058418 ], [ 135.978829929999989, 33.6905651 ], [ 135.97910385, 33.69079895 ], [ 135.979183760000012, 33.69081804 ], [ 135.97927508, 33.69081329 ], [ 135.979383539999986, 33.69079422 ], [ 135.979497689999988, 33.69080378 ], [ 135.979589, 33.69088491 ], [ 135.97965747, 33.69095649 ], [ 135.97974879, 33.69099468 ], [ 135.97990861, 33.69098039 ], [ 135.97989745000001, 33.68988775 ], [ 135.97988609, 33.68965873 ], [ 135.9798576, 33.68947264 ], [ 135.97972073, 33.68893823 ], [ 135.979481170000014, 33.68826066 ] ] ] } },
{ "type": "Feature", "properties": { "A29_001": "30207", "A29_002": "和歌山県", "A29_003": "新宮市", "A29_004": 5, "A29_005": "第一種住居地域", "A29_006": 60, "A29_007": 200, "A29_008": null }, "geometry": { "type": "Polygon", "coordinates": [ [ [ 135.97955405, 33.6832763 ], [ 135.97957266, 33.68338584 ], [ 135.97965335, 33.68386087 ], [ 135.97977862, 33.6846541 ], [ 135.97994498, 33.68570744 ], [ 135.97996194000001, 33.68581487 ], [ 135.97998223, 33.68594333 ], [ 135.98006301, 33.68646605 ], [ 135.980078099999986, 33.68656369 ], [ 135.98014593, 33.68658621 ], [ 135.98082001, 33.68681001 ], [ 135.981175689999986, 33.68692615 ], [ 135.981310009999987, 33.68697001 ], [ 135.981670009999988, 33.68710001 ], [ 135.98184969, 33.68718294 ], [ 135.98208091, 33.68728966 ], [ 135.982190010000011, 33.68734001 ], [ 135.98263001, 33.68762001 ], [ 135.98273945, 33.68769777 ], [ 135.983010009999987, 33.68789001 ], [ 135.98317001, 33.68801001 ], [ 135.983170879999989, 33.68801076 ], [ 135.98352775, 33.68832005 ], [ 135.98405213, 33.68877452 ], [ 135.984520010000011, 33.68918001 ], [ 135.98535001, 33.68988001 ], [ 135.98575358, 33.69022886 ], [ 135.98615926, 33.69057953 ], [ 135.98653002, 33.69090001 ], [ 135.986587140000012, 33.69093663 ], [ 135.986593019999987, 33.6909404 ], [ 135.98660498000001, 33.69094807 ], [ 135.986609640000012, 33.69092881 ], [ 135.98713471, 33.69129626 ], [ 135.98744291, 33.69144897 ], [ 135.987916649999988, 33.69160648 ], [ 135.98839038, 33.69176875 ], [ 135.988527409999989, 33.69144908 ], [ 135.987791140000013, 33.69109116 ], [ 135.98736309, 33.69082392 ], [ 135.98706062, 33.69056624 ], [ 135.98683234, 33.69032765 ], [ 135.98666684, 33.69015586 ], [ 135.98651277, 33.68988865 ], [ 135.98639295000001, 33.68962144 ], [ 135.98625031, 33.68929221 ], [ 135.98623892, 33.68913952 ], [ 135.98623894, 33.68898684 ], [ 135.98627321, 33.68883416 ], [ 135.98634174, 33.68863854 ], [ 135.98638746, 33.68825684 ], [ 135.986410330000012, 33.68797534 ], [ 135.986427529999986, 33.68747912 ], [ 135.986433299999987, 33.68713081 ], [ 135.986456159999989, 33.68690656 ], [ 135.98649272, 33.68678995 ], [ 135.986460810000011, 33.68678778 ], [ 135.98641883, 33.68677719 ], [ 135.986263220000012, 33.68673792 ], [ 135.986213, 33.68672989 ], [ 135.98612897000001, 33.68671783 ], [ 135.98612838, 33.68674972 ], [ 135.98612717, 33.68681583 ], [ 135.986058469999989, 33.68680167 ], [ 135.98585433, 33.68674236 ], [ 135.98577228, 33.68670883 ], [ 135.98576144, 33.68668947 ], [ 135.985714949999988, 33.68667177 ], [ 135.98573201, 33.68664045 ], [ 135.985750239999987, 33.68657617 ], [ 135.98578565, 33.68645129 ], [ 135.98588564, 33.68609871 ], [ 135.98596593, 33.68581561 ], [ 135.98563169, 33.68575753 ], [ 135.985598829999986, 33.68576481 ], [ 135.9851363, 33.68569501 ], [ 135.984766830000012, 33.68563925 ], [ 135.98233672, 33.68526564 ], [ 135.98234571, 33.68522425 ], [ 135.98237716, 33.68507951 ], [ 135.98239224, 33.68501015 ], [ 135.98240653, 33.68494437 ], [ 135.98277945000001, 33.68501581 ], [ 135.982856379999987, 33.68467312 ], [ 135.9828934, 33.68467933 ], [ 135.98317562, 33.6847267 ], [ 135.98358015, 33.68479459 ], [ 135.98363512, 33.68480265 ], [ 135.98387211, 33.68483739 ], [ 135.984008429999989, 33.68485737 ], [ 135.984376520000012, 33.68491132 ], [ 135.9844459, 33.68489623 ], [ 135.98448043, 33.68488872 ], [ 135.98474808, 33.68492257 ], [ 135.98484609, 33.68493497 ], [ 135.98526639, 33.68498813 ], [ 135.985671309999987, 33.68503935 ], [ 135.98586466, 33.6850638 ], [ 135.98609972, 33.68509391 ], [ 135.98655065, 33.68515166 ], [ 135.98655285000001, 33.68515194 ], [ 135.98653149, 33.68525784 ], [ 135.986808559999986, 33.68531899 ], [ 135.986838940000013, 33.68532569 ], [ 135.986858360000014, 33.68528257 ], [ 135.98701128, 33.68494294 ], [ 135.98709779, 33.68475498 ], [ 135.98711852, 33.68470994 ], [ 135.98711888, 33.68470803 ], [ 135.98702572, 33.68466609 ], [ 135.986687350000011, 33.684651 ], [ 135.98666728, 33.68473063 ], [ 135.98666617, 33.68473056 ], [ 135.98665574, 33.68476532 ], [ 135.985928699999988, 33.68475594 ], [ 135.98571813, 33.68475322 ], [ 135.98561553, 33.68477427 ], [ 135.98476962, 33.68472752 ], [ 135.98453744, 33.68468687 ], [ 135.984488739999989, 33.68463047 ], [ 135.98446727000001, 33.68460561 ], [ 135.98440075, 33.68462099 ], [ 135.98435975000001, 33.68463048 ], [ 135.984268899999989, 33.68467649 ], [ 135.98424975, 33.68467527 ], [ 135.98381802, 33.6846478 ], [ 135.98325197, 33.68456945 ], [ 135.983058949999986, 33.68454273 ], [ 135.98264816, 33.68440889 ], [ 135.98177091, 33.68412308 ], [ 135.98176597, 33.68412147 ], [ 135.98142743, 33.68401116 ], [ 135.98109573, 33.68390309 ], [ 135.980933029999989, 33.68389173 ], [ 135.98089027, 33.68388874 ], [ 135.98086827, 33.68387857 ], [ 135.97987344, 33.6834187 ], [ 135.97955405, 33.6832763 ] ] ] } },
{ "type": "Feature", "properties": { "A29_001": "30207", "A29_002": "和歌山県", "A29_003": "新宮市", "A29_004": 7, "A29_005": "準住居地域", "A29_006": 60, "A29_007": 200, "A29_008": null }, "geometry": { "type": "Polygon", "coordinates": [ [ [ 135.977439550000014, 33.68210804 ], [ 135.97713534, 33.68188892 ], [ 135.97709092, 33.68186224 ], [ 135.97683608, 33.68170921 ], [ 135.975919760000011, 33.68115896 ], [ 135.97581458, 33.68109579 ], [ 135.97580007, 33.68108708 ], [ 135.97579589, 33.68108313 ], [ 135.975144230000012, 33.68046799 ], [ 135.97508431, 33.68041143 ], [ 135.974875129999987, 33.68022965 ], [ 135.97444721, 33.67985263 ], [ 135.97397938, 33.67932292 ], [ 135.973494390000013, 33.67865745 ], [ 135.97283127, 33.67763147 ], [ 135.97222527, 33.6765041 ], [ 135.97215515, 33.67636118 ], [ 135.97213646, 33.67636645 ], [ 135.97209981, 33.67637678 ], [ 135.97169641, 33.67649561 ], [ 135.97181569, 33.67671232 ], [ 135.97208766, 33.67723264 ], [ 135.97211694, 33.67728866 ], [ 135.972269829999988, 33.67754298 ], [ 135.97248084, 33.67788223 ], [ 135.97256447, 33.6780167 ], [ 135.972706929999987, 33.67824574 ], [ 135.9728015, 33.67838044 ], [ 135.97294555, 33.67858563 ], [ 135.972997459999988, 33.67865958 ], [ 135.97326519, 33.67903353 ], [ 135.97340042, 33.6792224 ], [ 135.97357725, 33.67944794 ], [ 135.973660130000013, 33.67955365 ], [ 135.973711689999988, 33.67961941 ], [ 135.973771520000014, 33.67969573 ], [ 135.97392664, 33.67989357 ], [ 135.97414358, 33.68010126 ], [ 135.97438724, 33.68033453 ], [ 135.97453779, 33.68048118 ], [ 135.974638309999989, 33.68057909 ], [ 135.9749558, 33.68088835 ], [ 135.97502773, 33.68095001 ], [ 135.975465, 33.6813248 ], [ 135.97548728000001, 33.68133985 ], [ 135.975751980000013, 33.68151868 ], [ 135.97584556000001, 33.6815819 ], [ 135.976026420000011, 33.68170408 ], [ 135.97623384, 33.68183918 ], [ 135.97665358, 33.68211258 ], [ 135.97677049, 33.68218872 ], [ 135.976971, 33.68231028 ], [ 135.977502890000011, 33.68263272 ], [ 135.97838196, 33.68311887 ], [ 135.97853852, 33.68321369 ], [ 135.9786321, 33.68329044 ], [ 135.97869689, 33.68336415 ], [ 135.97872206, 33.68339278 ], [ 135.9787307, 33.68340868 ], [ 135.97877603, 33.68349209 ], [ 135.978915410000013, 33.68392996 ], [ 135.97894448, 33.68414379 ], [ 135.97895673, 33.6842339 ], [ 135.97902155, 33.6846479 ], [ 135.97904829, 33.68481866 ], [ 135.979056500000013, 33.68487111 ], [ 135.979115760000013, 33.68524956 ], [ 135.97911954, 33.68527426 ], [ 135.97918537000001, 33.68570476 ], [ 135.97920427, 33.68582835 ], [ 135.979225750000012, 33.68596882 ], [ 135.97927421, 33.68628573 ], [ 135.979473899999988, 33.68635289 ], [ 135.979703120000011, 33.68642997 ], [ 135.97975656, 33.68644795 ], [ 135.97978222, 33.68655531 ], [ 135.97981644, 33.68668056 ], [ 135.979880619999989, 33.68679866 ], [ 135.97996192, 33.68692392 ], [ 135.98003895, 33.68702413 ], [ 135.980278629999987, 33.68720667 ], [ 135.98146395, 33.68799234 ], [ 135.981553139999988, 33.68788882 ], [ 135.981758649999989, 33.68770754 ], [ 135.98264894, 33.68820389 ], [ 135.983796, 33.68915831 ], [ 135.98443515, 33.68985024 ], [ 135.985468020000013, 33.69123405 ], [ 135.986032990000012, 33.69194027 ], [ 135.98639831, 33.69180194 ], [ 135.98660498000001, 33.69094807 ], [ 135.986593019999987, 33.6909404 ], [ 135.986587140000012, 33.69093663 ], [ 135.98653002, 33.69090001 ], [ 135.98615926, 33.69057953 ], [ 135.98575358, 33.69022886 ], [ 135.98535001, 33.68988001 ], [ 135.984520010000011, 33.68918001 ], [ 135.98405213, 33.68877452 ], [ 135.98352775, 33.68832005 ], [ 135.983170879999989, 33.68801076 ], [ 135.98317001, 33.68801001 ], [ 135.983010009999987, 33.68789001 ], [ 135.98273945, 33.68769777 ], [ 135.98263001, 33.68762001 ], [ 135.982190010000011, 33.68734001 ], [ 135.98208091, 33.68728966 ], [ 135.98184969, 33.68718294 ], [ 135.981670009999988, 33.68710001 ], [ 135.981310009999987, 33.68697001 ], [ 135.981175689999986, 33.68692615 ], [ 135.98082001, 33.68681001 ], [ 135.98014593, 33.68658621 ], [ 135.980078099999986, 33.68656369 ], [ 135.98006301, 33.68646605 ], [ 135.97998223, 33.68594333 ], [ 135.97996194000001, 33.68581487 ], [ 135.97994498, 33.68570744 ], [ 135.97977862, 33.6846541 ], [ 135.97965335, 33.68386087 ], [ 135.97957266, 33.68338584 ], [ 135.97955405, 33.6832763 ], [ 135.979401450000012, 33.68320051 ], [ 135.97927954, 33.68314416 ], [ 135.97919821, 33.68312625 ], [ 135.97916618, 33.68312433 ], [ 135.97913829, 33.68312266 ], [ 135.9790635, 33.68309833 ], [ 135.97906124, 33.6830976 ], [ 135.97897565, 33.68304748 ], [ 135.978877219999987, 33.68295443 ], [ 135.97883796, 33.68293157 ], [ 135.978094199999987, 33.68250039 ], [ 135.977439550000014, 33.68210804 ] ] ] } },
{ "type": "Feature", "properties": { "A29_001": "30207", "A29_002": "和歌山県", "A29_003": "新宮市", "A29_004": 10, "A29_005": "準工業地域", "A29_006": 60, "A29_007": 200, "A29_008": null }, "geometry": { "type": "Polygon", "coordinates": [ [ [ 135.9907757, 33.70989557 ], [ 135.99030471, 33.70987407 ], [ 135.990296230000013, 33.71050628 ], [ 135.99055013, 33.71053014 ], [ 135.99054726, 33.71059932 ], [ 135.9907585, 33.7105898 ], [ 135.99078707000001, 33.71038463 ], [ 135.99082134, 33.71026058 ], [ 135.99086989, 33.71006019 ], [ 135.9907757, 33.70989557 ] ] ] } },
{ "type": "Feature", "properties": { "A29_001": "30207", "A29_002": "和歌山県", "A29_003": "新宮市", "A29_004": 3, "A29_005": "第一種中高層住居専用地域", "A29_006": 60, "A29_007": 150, "A29_008": null }, "geometry": { "type": "Polygon", "coordinates": [ [ [ 135.996358640000011, 33.71646878 ], [ 135.99652448, 33.71633637 ], [ 135.99653364, 33.71636592 ], [ 135.99658524, 33.71642544 ], [ 135.99662552, 33.7164719 ], [ 135.99666789, 33.71648432 ], [ 135.996725160000011, 33.7165011 ], [ 135.997032890000014, 33.71658506 ], [ 135.99717553, 33.7166265 ], [ 135.9972693, 33.7166358 ], [ 135.997466300000013, 33.71611096 ], [ 135.997537670000014, 33.71616106 ], [ 135.99762902, 33.71619208 ], [ 135.99773464, 33.71620639 ], [ 135.99778317, 33.71620639 ], [ 135.99779578, 33.7163381 ], [ 135.99784992, 33.71635264 ], [ 136.00052632, 33.7146309 ], [ 136.00046957, 33.7144103 ], [ 136.000298289999989, 33.71432919 ], [ 136.000184100000013, 33.71429579 ], [ 136.000121299999989, 33.7142767 ], [ 136.00001282, 33.7142767 ], [ 135.99954465, 33.71429579 ], [ 135.99956178, 33.71348466 ], [ 135.999601750000011, 33.71337969 ], [ 135.99964742, 33.71333198 ], [ 135.99974448, 33.71330812 ], [ 135.99984154, 33.71331767 ], [ 136.00003566, 33.71333198 ], [ 136.00020694, 33.71337015 ], [ 136.000138420000013, 33.71318407 ], [ 136.00006991, 33.71313636 ], [ 135.99998427, 33.71306956 ], [ 135.99983583, 33.71299322 ], [ 135.99957891, 33.71262583 ], [ 135.99957891, 33.71250654 ], [ 135.999538949999987, 33.71240635 ], [ 135.99947615, 33.71235386 ], [ 135.99934484, 33.71233 ], [ 135.99909363, 33.71237294 ], [ 135.99899657, 33.71236817 ], [ 135.998431360000012, 33.71208189 ], [ 135.99858551, 33.71194829 ], [ 135.99863118, 33.71185764 ], [ 135.99865402, 33.71176221 ], [ 135.996924189999987, 33.70997771 ], [ 135.99674149, 33.71015424 ], [ 135.99654167, 33.71022104 ], [ 135.996062099999989, 33.7103737 ], [ 135.995965039999987, 33.7103737 ], [ 135.99584515, 33.71034507 ], [ 135.995553980000011, 33.71046434 ], [ 135.99546835000001, 33.71034506 ], [ 135.995873710000012, 33.71008742 ], [ 135.99618772, 33.70990612 ], [ 135.99637041, 33.7098107 ], [ 135.99640467, 33.70976299 ], [ 135.99640467, 33.70971527 ], [ 135.99634759, 33.70960553 ], [ 135.9964161, 33.70953874 ], [ 135.99634759, 33.70942899 ], [ 135.99622199, 33.70946716 ], [ 135.996005059999987, 33.70926676 ], [ 135.995873749999987, 33.70916178 ], [ 135.99554835, 33.70893752 ], [ 135.99541704, 33.70887072 ], [ 135.99533141, 33.70883254 ], [ 135.995285740000014, 33.70873712 ], [ 135.99566827000001, 33.7082934 ], [ 135.99545705, 33.70800234 ], [ 135.995382830000011, 33.70804051 ], [ 135.99510881, 33.70797847 ], [ 135.99474914000001, 33.70803571 ], [ 135.99452077, 33.70812159 ], [ 135.994292410000014, 33.70812157 ], [ 135.99411544, 33.7081168 ], [ 135.994024090000011, 33.70815973 ], [ 135.99395557, 33.7082647 ], [ 135.993847100000011, 33.70833626 ], [ 135.99381284, 33.70843169 ], [ 135.993692939999988, 33.70854142 ], [ 135.993578750000012, 33.70862253 ], [ 135.9934874, 33.70867978 ], [ 135.9934874, 33.70877043 ], [ 135.99344743, 33.70883246 ], [ 135.993390330000011, 33.70888971 ], [ 135.99333324, 33.70892311 ], [ 135.993276150000014, 33.7089231 ], [ 135.99319623, 33.70886584 ], [ 135.99315056, 33.70877996 ], [ 135.99313344, 33.70871316 ], [ 135.99317341, 33.70863205 ], [ 135.993544539999988, 33.70808337 ], [ 135.99352171000001, 33.70800225 ], [ 135.9934475, 33.70795931 ], [ 135.99335045, 33.70793545 ], [ 135.99328194, 33.7079593 ], [ 135.99320201, 33.70795929 ], [ 135.99308783, 33.70792112 ], [ 135.99303075, 33.70788294 ], [ 135.99285376, 33.70793542 ], [ 135.992773840000012, 33.70793541 ], [ 135.992693910000014, 33.70800221 ], [ 135.99260256, 33.70809763 ], [ 135.992471239999986, 33.70814056 ], [ 135.9923799, 33.70819304 ], [ 135.99225429, 33.70828369 ], [ 135.992162939999986, 33.70832662 ], [ 135.992111560000012, 33.70834571 ], [ 135.99204305, 33.70834093 ], [ 135.99187179, 33.70825981 ], [ 135.99190034, 33.70819778 ], [ 135.99226574, 33.70790676 ], [ 135.99233426, 33.70778748 ], [ 135.992448450000012, 33.70767297 ], [ 135.99249984, 33.70758709 ], [ 135.99252839, 33.70749167 ], [ 135.99251127, 33.70745827 ], [ 135.99239709, 33.70744395 ], [ 135.99222011, 33.70744393 ], [ 135.99210023, 33.70741053 ], [ 135.991917550000011, 33.70735803 ], [ 135.991774819999989, 33.70735802 ], [ 135.99170632, 33.70735802 ], [ 135.99167777, 33.70733893 ], [ 135.99169491, 33.70726259 ], [ 135.991734869999988, 33.70724828 ], [ 135.991814799999986, 33.70723397 ], [ 135.99188902, 33.70713378 ], [ 135.991946109999986, 33.70710515 ], [ 135.99218018, 33.70708608 ], [ 135.99222586, 33.70706223 ], [ 135.992237280000012, 33.70702406 ], [ 135.99222587, 33.70695249 ], [ 135.99218022, 33.70671392 ], [ 135.99215741, 33.7064181 ], [ 135.99218024000001, 33.70639424 ], [ 135.99227158, 33.70644196 ], [ 135.99238576, 33.70646583 ], [ 135.992454259999988, 33.70646583 ], [ 135.992534189999986, 33.70642289 ], [ 135.99257416, 33.7063561 ], [ 135.99260841, 33.7063561 ], [ 135.99276254, 33.7065231 ], [ 135.99283674, 33.70666148 ], [ 135.992876700000011, 33.70670442 ], [ 135.992962330000012, 33.70674737 ], [ 135.993213520000012, 33.70679509 ], [ 135.99337336, 33.7068619 ], [ 135.99348753000001, 33.7069955 ], [ 135.9936702, 33.70719591 ], [ 135.99372729000001, 33.70723885 ], [ 135.993830050000014, 33.70725317 ], [ 135.99413833, 33.70725796 ], [ 135.994498, 33.70719118 ], [ 135.99477203, 33.70710531 ], [ 135.99481771, 33.70703851 ], [ 135.99482913, 33.70695263 ], [ 135.99478917, 33.70684288 ], [ 135.99455513, 33.70653274 ], [ 135.99426971, 33.70615579 ], [ 135.99372742, 33.70538281 ], [ 135.993242220000013, 33.70475774 ], [ 135.9927285, 33.70394182 ], [ 135.99260863, 33.70381776 ], [ 135.99255155, 33.70378435 ], [ 135.992471630000011, 33.70378435 ], [ 135.99231748, 33.70385591 ], [ 135.99222043, 33.70393702 ], [ 135.99216334, 33.70394178 ], [ 135.992089130000011, 33.70390838 ], [ 135.99192359, 33.70376046 ], [ 135.99191789, 33.70369366 ], [ 135.99195215, 33.70365549 ], [ 135.992072040000011, 33.70351713 ], [ 135.99212343, 33.70339308 ], [ 135.99214627, 33.70329765 ], [ 135.99213486, 33.70322131 ], [ 135.99207779, 33.70311157 ], [ 135.99193508, 33.70298751 ], [ 135.991878, 33.70295887 ], [ 135.991826620000012, 33.70296841 ], [ 135.99164964, 33.70311631 ], [ 135.99158684, 33.70314971 ], [ 135.991392749999989, 33.70312584 ], [ 135.99136421, 33.70308766 ], [ 135.9912957, 33.70309243 ], [ 135.99125003, 33.70312583 ], [ 135.991244310000013, 33.70324034 ], [ 135.99117578, 33.70348367 ], [ 135.99093595, 33.70412301 ], [ 135.99087885, 33.70422797 ], [ 135.99077609, 33.70427568 ], [ 135.99054773, 33.70438063 ], [ 135.99049634, 33.70443788 ], [ 135.9904735, 33.70451422 ], [ 135.99047920000001, 33.70462874 ], [ 135.99049631, 33.70474325 ], [ 135.99058193, 33.70487208 ], [ 135.99066753, 33.70511542 ], [ 135.99070748, 33.7052538 ], [ 135.990718890000011, 33.70533014 ], [ 135.99070746000001, 33.70538262 ], [ 135.99065608, 33.70539216 ], [ 135.99055904, 33.70535875 ], [ 135.99030216, 33.70520605 ], [ 135.99022224, 33.70519173 ], [ 135.99011948, 33.70518218 ], [ 135.990045259999988, 33.70522989 ], [ 135.9897427, 33.70519169 ], [ 135.989862609999989, 33.70497699 ], [ 135.98983407, 33.70491973 ], [ 135.98976557, 33.70490064 ], [ 135.989691349999987, 33.70490541 ], [ 135.989383049999986, 33.70512963 ], [ 135.9892403, 33.70541113 ], [ 135.989188899999988, 33.70556858 ], [ 135.98904618, 33.7055638 ], [ 135.98902906, 33.70552562 ], [ 135.989029069999987, 33.70543497 ], [ 135.98898911, 33.70537771 ], [ 135.98901196, 33.70533477 ], [ 135.989006249999989, 33.70530137 ], [ 135.98894346, 33.70527751 ], [ 135.988977729999988, 33.7051296 ], [ 135.98891494, 33.70508665 ], [ 135.98899487, 33.70501509 ], [ 135.98910335, 33.70492921 ], [ 135.98910906, 33.70486719 ], [ 135.98901772, 33.70485764 ], [ 135.98897205, 33.70485763 ], [ 135.9888636, 33.70476697 ], [ 135.98877796, 33.70480513 ], [ 135.988532459999988, 33.70496733 ], [ 135.988412579999988, 33.70498641 ], [ 135.9882984, 33.70499117 ], [ 135.98812141, 33.70510566 ], [ 135.98801293, 33.70520108 ], [ 135.98791587, 33.70532512 ], [ 135.98787361, 33.70539828 ], [ 135.98778015, 33.70561482 ], [ 135.987725329999989, 33.70575653 ], [ 135.987704760000014, 33.70585815 ], [ 135.98768591000001, 33.70595262 ], [ 135.987737110000012, 33.70685221 ], [ 135.98786464, 33.70730335 ], [ 135.98811047, 33.70799762 ], [ 135.98810346, 33.70803812 ], [ 135.98807627, 33.70819514 ], [ 135.988047060000014, 33.70833198 ], [ 135.98804705, 33.70839743 ], [ 135.98807836, 33.70851404 ], [ 135.98809637, 33.70855499 ], [ 135.98814169, 33.70865803 ], [ 135.9882029, 33.70878655 ], [ 135.98831038, 33.70893173 ], [ 135.98852432000001, 33.70921406 ], [ 135.98856378, 33.70926613 ], [ 135.98858225, 33.70946128 ], [ 135.98858743, 33.70950548 ], [ 135.988595769999989, 33.7095767 ], [ 135.98858579, 33.70965761 ], [ 135.98854763, 33.70975704 ], [ 135.988525970000012, 33.70981349 ], [ 135.98857719, 33.71001102 ], [ 135.98860781, 33.71006338 ], [ 135.988671860000011, 33.71011218 ], [ 135.988819940000013, 33.71014551 ], [ 135.98890964, 33.71018359 ], [ 135.98894665, 33.71023596 ], [ 135.988979379999989, 33.71032521 ], [ 135.988972249999989, 33.71040017 ], [ 135.988971920000012, 33.71040825 ], [ 135.98896797, 33.71050607 ], [ 135.9889822, 33.71059294 ], [ 135.98901849, 33.71068576 ], [ 135.98902922, 33.71069869 ], [ 135.98907971, 33.71075954 ], [ 135.98916086, 33.71082618 ], [ 135.98936303, 33.71091782 ], [ 135.98945898, 33.71098622 ], [ 135.98945984, 33.71098684 ], [ 135.98964847, 33.71124865 ], [ 135.98971151, 33.71134349 ], [ 135.989762359999986, 33.71142 ], [ 135.98976805, 33.71149234 ], [ 135.98976947, 33.71151044 ], [ 135.98974764, 33.71164886 ], [ 135.98972031, 33.71182219 ], [ 135.989756340000014, 33.71192191 ], [ 135.98979904, 33.71204011 ], [ 135.98986335, 33.71221813 ], [ 135.989866909999989, 33.71222797 ], [ 135.990061129999987, 33.71256211 ], [ 135.99001467, 33.71257691 ], [ 135.989890620000011, 33.71261801 ], [ 135.98984854, 33.71263537 ], [ 135.9897435, 33.71268499 ], [ 135.98972686, 33.71270053 ], [ 135.989706719999987, 33.71272656 ], [ 135.989661360000014, 33.71278664 ], [ 135.98965333000001, 33.71286672 ], [ 135.98967277, 33.71292252 ], [ 135.98967736, 33.71293569 ], [ 135.98979742, 33.71305808 ], [ 135.98990215, 33.71296414 ], [ 135.98990993000001, 33.7129418 ], [ 135.989991589999988, 33.71286991 ], [ 135.99012356, 33.71285992 ], [ 135.99018322, 33.71285622 ], [ 135.99032478, 33.71285822 ], [ 135.990373, 33.71286211 ], [ 135.99037617, 33.71286272 ], [ 135.99039986, 33.71286725 ], [ 135.990415500000012, 33.71287456 ], [ 135.99043233, 33.71288564 ], [ 135.99044453, 33.71289683 ], [ 135.99045242, 33.71290828 ], [ 135.990457060000011, 33.71292433 ], [ 135.990462330000014, 33.71296086 ], [ 135.99047073, 33.7130387 ], [ 135.99047689, 33.71309575 ], [ 135.99048658000001, 33.71313558 ], [ 135.99049653, 33.71315481 ], [ 135.99050394, 33.71316914 ], [ 135.99053361, 33.71321539 ], [ 135.99056739, 33.71325786 ], [ 135.99060967, 33.71330411 ], [ 135.99064408000001, 33.71333281 ], [ 135.990709360000011, 33.71337581 ], [ 135.99076869000001, 33.71340881 ], [ 135.99092761, 33.71346447 ], [ 135.991101109999988, 33.71351083 ], [ 135.99115839000001, 33.71352056 ], [ 135.99124605, 33.71353054 ], [ 135.99127169, 33.71351267 ], [ 135.99130894000001, 33.71345344 ], [ 135.99132875, 33.71340197 ], [ 135.99142308, 33.71282639 ], [ 135.991425420000013, 33.71275839 ], [ 135.99141844, 33.71270503 ], [ 135.99137063, 33.7125937 ], [ 135.99131261, 33.71245861 ], [ 135.99126711, 33.71235264 ], [ 135.991251440000013, 33.71231726 ], [ 135.99113781, 33.71206081 ], [ 135.99095281000001, 33.71182553 ], [ 135.99081406, 33.71164894 ], [ 135.990663829999988, 33.71145775 ], [ 135.99062336, 33.71140622 ], [ 135.99056589, 33.71133275 ], [ 135.990476120000011, 33.71121802 ], [ 135.99041144, 33.71113536 ], [ 135.99020183, 33.71091628 ], [ 135.99011503, 33.71082556 ], [ 135.99008547, 33.71079467 ], [ 135.990044719999986, 33.71073642 ], [ 135.99004936, 33.71067719 ], [ 135.99008661, 33.71063547 ], [ 135.99020069, 33.71060442 ], [ 135.990288, 33.71060344 ], [ 135.99031996, 33.71060788 ], [ 135.99037181, 33.71061508 ], [ 135.99044387, 33.71063789 ], [ 135.99049753, 33.71065486 ], [ 135.99053744, 33.71066347 ], [ 135.990786250000014, 33.71065289 ], [ 135.99087617, 33.71057219 ], [ 135.99091202, 33.71054003 ], [ 135.991291530000012, 33.71019958 ], [ 135.991493350000013, 33.71003946 ], [ 135.99125185, 33.70980776 ], [ 135.99120839, 33.70976716 ], [ 135.991212960000013, 33.70973854 ], [ 135.99126092, 33.709708 ], [ 135.99135227, 33.7097061 ], [ 135.99166284, 33.70970994 ], [ 135.99173592, 33.70974621 ], [ 135.99178328, 33.7098078 ], [ 135.99180804, 33.70983174 ], [ 135.99190145, 33.70992205 ], [ 135.991938010000013, 33.70996952 ], [ 135.991968359999987, 33.71000891 ], [ 135.992043810000013, 33.71012791 ], [ 135.99212354, 33.71022311 ], [ 135.99217977, 33.7102719 ], [ 135.99239476, 33.71034688 ], [ 135.99247877, 33.71039567 ], [ 135.99249945, 33.71041014 ], [ 135.99253998, 33.71043851 ], [ 135.99266954, 33.71056942 ], [ 135.99275567, 33.71068365 ], [ 135.99281832, 33.71074077 ], [ 135.99290374, 33.71077647 ], [ 135.992983470000013, 33.71079195 ], [ 135.99309311, 33.71076816 ], [ 135.9931999, 33.71075745 ], [ 135.99330242, 33.71077768 ], [ 135.99342628, 33.71083005 ], [ 135.993488930000012, 33.71088717 ], [ 135.99351335, 33.71091815 ], [ 135.993530209999989, 33.71093953 ], [ 135.99359286, 33.71099546 ], [ 135.9936854, 33.71105139 ], [ 135.99380677, 33.71110122 ], [ 135.99380713, 33.71110137 ], [ 135.99398653, 33.71116088 ], [ 135.994054870000014, 33.71120491 ], [ 135.99412322, 33.71126203 ], [ 135.994148200000012, 33.71130198 ], [ 135.99413819, 33.71136477 ], [ 135.99411307, 33.71140867 ], [ 135.99403314, 33.71147928 ], [ 135.99355811, 33.71170637 ], [ 135.99332288, 33.7118056 ], [ 135.99317621, 33.71209268 ], [ 135.99321028, 33.71209053 ], [ 135.99330391, 33.71207622 ], [ 135.99335986, 33.71206096 ], [ 135.99342952, 33.71202852 ], [ 135.99357796000001, 33.71193023 ], [ 135.9936499, 33.7118997 ], [ 135.99370814, 33.71187967 ], [ 135.993782360000012, 33.71186154 ], [ 135.9938326, 33.71185868 ], [ 135.99388398, 33.71186154 ], [ 135.993930799999987, 33.71187109 ], [ 135.9939799, 33.71189208 ], [ 135.994021, 33.71192549 ], [ 135.99405868, 33.71200851 ], [ 135.99408836, 33.71212445 ], [ 135.99416199, 33.71237495 ], [ 135.99417055, 33.71244223 ], [ 135.99415513, 33.71250091 ], [ 135.99413286, 33.71254958 ], [ 135.994114020000012, 33.7125825 ], [ 135.99380057, 33.71274423 ], [ 135.993471699999986, 33.71286016 ], [ 135.99339982, 33.712894 ], [ 135.99340147, 33.71292457 ], [ 135.99342932, 33.71294694 ], [ 135.99375944, 33.71296037 ], [ 135.99402149, 33.71314074 ], [ 135.99406088, 33.71316221 ], [ 135.99409856, 33.71315935 ], [ 135.994165360000011, 33.71315077 ], [ 135.9942373, 33.71312787 ], [ 135.99429554, 33.71312501 ], [ 135.994352060000011, 33.71312501 ], [ 135.994412, 33.71315078 ], [ 135.99451991, 33.71321233 ], [ 135.994622670000012, 33.71328247 ], [ 135.99469289000001, 33.71340128 ], [ 135.99474426, 33.71354729 ], [ 135.99483107, 33.7136681 ], [ 135.99498698, 33.71382637 ], [ 135.99505993, 33.71393045 ], [ 135.995069550000011, 33.71394417 ], [ 135.995113589999988, 33.7140331 ], [ 135.99512342, 33.71405295 ], [ 135.9952221, 33.71411972 ], [ 135.99527436, 33.71415622 ], [ 135.995486519999986, 33.71417811 ], [ 135.99568634, 33.71421689 ], [ 135.99584692, 33.71427952 ], [ 135.99596431, 33.71435873 ], [ 135.99603396, 33.71440549 ], [ 135.99608078, 33.71445511 ], [ 135.9960979, 33.71452954 ], [ 135.99611332, 33.71459806 ], [ 135.99611331, 33.71465961 ], [ 135.99607391, 33.71476267 ], [ 135.99596258, 33.71485141 ], [ 135.99592832, 33.71488719 ], [ 135.99593859, 33.71495304 ], [ 135.99597456, 33.71503892 ], [ 135.99598312, 33.71511765 ], [ 135.9958615, 33.71533808 ], [ 135.995798119999989, 33.71540106 ], [ 135.99567822, 33.71546261 ], [ 135.99563025, 33.71560002 ], [ 135.99556858, 33.71569306 ], [ 135.995538970000013, 33.71584136 ], [ 135.9955325, 33.71589361 ], [ 135.995513030000012, 33.71594586 ], [ 135.995476309999987, 33.71598731 ], [ 135.99540607, 33.7160218 ], [ 135.995331529999987, 33.71603956 ], [ 135.99524292000001, 33.71606658 ], [ 135.995173779999988, 33.71610622 ], [ 135.99511758, 33.71614406 ], [ 135.995076829999988, 33.71617542 ], [ 135.99505625, 33.71619125 ], [ 135.995039780000013, 33.71623414 ], [ 135.99502519, 33.71627739 ], [ 135.99502089, 33.71634044 ], [ 135.99504841000001, 33.71644866 ], [ 135.99506625, 33.71651883 ], [ 135.995088939999988, 33.71658189 ], [ 135.99511622, 33.71661294 ], [ 135.99516338, 33.71664134 ], [ 135.99519442, 33.71666003 ], [ 135.99520547, 33.71666667 ], [ 135.995207, 33.71666758 ], [ 135.99525827, 33.71669645 ], [ 135.99537339, 33.71676128 ], [ 135.995500889999988, 33.71684778 ], [ 135.99552544, 33.7168777 ], [ 135.995629470000011, 33.71700453 ], [ 135.99568781, 33.71710183 ], [ 135.99571158, 33.71715678 ], [ 135.995718939999989, 33.71724031 ], [ 135.99572079, 33.71726124 ], [ 135.996170189999987, 33.71713676 ], [ 135.996147369999989, 33.71681708 ], [ 135.99617877, 33.71677175 ], [ 135.996358640000011, 33.71646878 ] ], [ [ 135.9907757, 33.70989557 ], [ 135.99086989, 33.71006019 ], [ 135.99082134, 33.71026058 ], [ 135.99078707000001, 33.71038463 ], [ 135.9907585, 33.7105898 ], [ 135.99054726, 33.71059932 ], [ 135.99055013, 33.71053014 ], [ 135.990296230000013, 33.71050628 ], [ 135.99030471, 33.70987407 ], [ 135.9907757, 33.70989557 ] ] ] } },
{ "type": "Feature", "properties": { "A29_001": "30207", "A29_002": "和歌山県", "A29_003": "新宮市", "A29_004": 6, "A29_005": "第二種住居地域", "A29_006": 60, "A29_007": 200, "A29_008": null }, "geometry": { "type": "Polygon", "coordinates": [ [ [ 135.99572079, 33.71726124 ], [ 135.995718939999989, 33.71724031 ], [ 135.99571158, 33.71715678 ], [ 135.99568781, 33.71710183 ], [ 135.995629470000011, 33.71700453 ], [ 135.99552544, 33.7168777 ], [ 135.995500889999988, 33.71684778 ], [ 135.99537339, 33.71676128 ], [ 135.99525827, 33.71669645 ], [ 135.995207, 33.71666758 ], [ 135.99520547, 33.71666667 ], [ 135.99519442, 33.71666003 ], [ 135.99516338, 33.71664134 ], [ 135.99511622, 33.71661294 ], [ 135.995088939999988, 33.71658189 ], [ 135.99506625, 33.71651883 ], [ 135.99504841000001, 33.71644866 ], [ 135.99502089, 33.71634044 ], [ 135.99502519, 33.71627739 ], [ 135.995039780000013, 33.71623414 ], [ 135.99505625, 33.71619125 ], [ 135.995076829999988, 33.71617542 ], [ 135.99511758, 33.71614406 ], [ 135.995173779999988, 33.71610622 ], [ 135.99524292000001, 33.71606658 ], [ 135.995331529999987, 33.71603956 ], [ 135.99540607, 33.7160218 ], [ 135.995476309999987, 33.71598731 ], [ 135.995513030000012, 33.71594586 ], [ 135.9955325, 33.71589361 ], [ 135.995538970000013, 33.71584136 ], [ 135.99556858, 33.71569306 ], [ 135.99563025, 33.71560002 ], [ 135.99567822, 33.71546261 ], [ 135.995798119999989, 33.71540106 ], [ 135.9958615, 33.71533808 ], [ 135.99598312, 33.71511765 ], [ 135.99597456, 33.71503892 ], [ 135.99593859, 33.71495304 ], [ 135.99592832, 33.71488719 ], [ 135.99596258, 33.71485141 ], [ 135.99607391, 33.71476267 ], [ 135.99611331, 33.71465961 ], [ 135.99611332, 33.71459806 ], [ 135.9960979, 33.71452954 ], [ 135.99608078, 33.71445511 ], [ 135.99603396, 33.71440549 ], [ 135.99596431, 33.71435873 ], [ 135.99584692, 33.71427952 ], [ 135.99568634, 33.71421689 ], [ 135.995486519999986, 33.71417811 ], [ 135.99527436, 33.71415622 ], [ 135.9952221, 33.71411972 ], [ 135.99512342, 33.71405295 ], [ 135.995113589999988, 33.7140331 ], [ 135.995069550000011, 33.71394417 ], [ 135.99505993, 33.71393045 ], [ 135.99498698, 33.71382637 ], [ 135.99483107, 33.7136681 ], [ 135.99474426, 33.71354729 ], [ 135.99469289000001, 33.71340128 ], [ 135.994622670000012, 33.71328247 ], [ 135.99451991, 33.71321233 ], [ 135.994412, 33.71315078 ], [ 135.994352060000011, 33.71312501 ], [ 135.99429554, 33.71312501 ], [ 135.9942373, 33.71312787 ], [ 135.994165360000011, 33.71315077 ], [ 135.99409856, 33.71315935 ], [ 135.99406088, 33.71316221 ], [ 135.99402149, 33.71314074 ], [ 135.99375944, 33.71296037 ], [ 135.99342932, 33.71294694 ], [ 135.99340147, 33.71292457 ], [ 135.99339982, 33.712894 ], [ 135.993471699999986, 33.71286016 ], [ 135.99380057, 33.71274423 ], [ 135.994114020000012, 33.7125825 ], [ 135.99413286, 33.71254958 ], [ 135.99415513, 33.71250091 ], [ 135.99417055, 33.71244223 ], [ 135.99416199, 33.71237495 ], [ 135.99408836, 33.71212445 ], [ 135.99405868, 33.71200851 ], [ 135.994021, 33.71192549 ], [ 135.9939799, 33.71189208 ], [ 135.993930799999987, 33.71187109 ], [ 135.99388398, 33.71186154 ], [ 135.9938326, 33.71185868 ], [ 135.993782360000012, 33.71186154 ], [ 135.99370814, 33.71187967 ], [ 135.9936499, 33.7118997 ], [ 135.99357796000001, 33.71193023 ], [ 135.99342952, 33.71202852 ], [ 135.99335986, 33.71206096 ], [ 135.99330391, 33.71207622 ], [ 135.99321028, 33.71209053 ], [ 135.99317621, 33.71209268 ], [ 135.9924024, 33.7136072 ], [ 135.99217855, 33.7140366 ], [ 135.992224990000011, 33.71409277 ], [ 135.99224496, 33.71411729 ], [ 135.99226528, 33.71414224 ], [ 135.99242002, 33.71433227 ], [ 135.99242517, 33.71433858 ], [ 135.99242344000001, 33.71434753 ], [ 135.99241353, 33.71440533 ], [ 135.99212638, 33.71479113 ], [ 135.992180069999989, 33.7148329 ], [ 135.99220687, 33.7148609 ], [ 135.99232075, 33.71497988 ], [ 135.99252752000001, 33.7151959 ], [ 135.99254797, 33.71521728 ], [ 135.992555939999988, 33.7152256 ], [ 135.9929247, 33.71557071 ], [ 135.99304874, 33.71569336 ], [ 135.993063150000012, 33.71570762 ], [ 135.99312688, 33.71577063 ], [ 135.99344047, 33.71605749 ], [ 135.99362763, 33.71622869 ], [ 135.994014959999987, 33.716583 ], [ 135.99401518, 33.7165832 ], [ 135.99413637, 33.71669406 ], [ 135.99436702, 33.71690825 ], [ 135.99450657, 33.71707247 ], [ 135.99471424, 33.71735597 ], [ 135.99476285, 33.71742233 ], [ 135.99480662, 33.71748823 ], [ 135.99565347, 33.71727988 ], [ 135.99572079, 33.71726124 ] ] ] } },
{ "type": "Feature", "properties": { "A29_001": "30207", "A29_002": "和歌山県", "A29_003": "新宮市", "A29_004": 4, "A29_005": "第二種中高層住居専用地域", "A29_006": 60, "A29_007": 200, "A29_008": null }, "geometry": { "type": "Polygon", "coordinates": [ [ [ 136.00052632, 33.7146309 ], [ 135.99784992, 33.71635264 ], [ 135.99789944, 33.71644549 ], [ 135.99805127, 33.71661526 ], [ 135.99797125, 33.71666667 ], [ 135.997970720000012, 33.716667 ], [ 135.99756542, 33.71692414 ], [ 135.99688753, 33.71736431 ], [ 135.996627139999987, 33.71749494 ], [ 135.996372939999986, 33.717608 ], [ 135.99611284, 33.71769197 ], [ 135.99609339, 33.71769825 ], [ 135.99602839, 33.71771831 ], [ 135.99614972, 33.71784855 ], [ 135.99625125, 33.71795755 ], [ 135.99626629, 33.71797369 ], [ 135.99649933, 33.71790617 ], [ 135.99665778, 33.7178525 ], [ 135.99684192, 33.71776304 ], [ 135.99712455, 33.71763064 ], [ 135.99741574, 33.71743741 ], [ 135.997728349999988, 33.71726207 ], [ 135.99904727, 33.71638894 ], [ 136.00070471, 33.71533209 ], [ 136.000718729999988, 33.71518371 ], [ 136.00072547, 33.71498509 ], [ 136.00071678, 33.71485676 ], [ 136.000600889999987, 33.71492083 ], [ 136.00052632, 33.7146309 ] ] ] } },
{ "type": "Feature", "properties": { "A29_001": "30207", "A29_002": "和歌山県", "A29_003": "新宮市", "A29_004": 10, "A29_005": "準工業地域", "A29_006": 60, "A29_007": 200, "A29_008": null }, "geometry": { "type": "Polygon", "coordinates": [ [ [ 135.99784992, 33.71635264 ], [ 135.99779578, 33.7163381 ], [ 135.99778317, 33.71620639 ], [ 135.99773464, 33.71620639 ], [ 135.99762902, 33.71619208 ], [ 135.997537670000014, 33.71616106 ], [ 135.997466300000013, 33.71611096 ], [ 135.9972693, 33.7166358 ], [ 135.99717553, 33.7166265 ], [ 135.997032890000014, 33.71658506 ], [ 135.996725160000011, 33.7165011 ], [ 135.99666789, 33.71648432 ], [ 135.99662552, 33.7164719 ], [ 135.99658524, 33.71642544 ], [ 135.99653364, 33.71636592 ], [ 135.99652448, 33.71633637 ], [ 135.996358640000011, 33.71646878 ], [ 135.99617877, 33.71677175 ], [ 135.996147369999989, 33.71681708 ], [ 135.996170189999987, 33.71713676 ], [ 135.99565347, 33.71727988 ], [ 135.99480662, 33.71748823 ], [ 135.99476285, 33.71742233 ], [ 135.99471424, 33.71735597 ], [ 135.99450657, 33.71707247 ], [ 135.99436702, 33.71690825 ], [ 135.99413637, 33.71669406 ], [ 135.99401518, 33.7165832 ], [ 135.994014959999987, 33.716583 ], [ 135.99362763, 33.71622869 ], [ 135.99344047, 33.71605749 ], [ 135.99312688, 33.71577063 ], [ 135.993063150000012, 33.71570762 ], [ 135.99304874, 33.71569336 ], [ 135.9929247, 33.71557071 ], [ 135.992555939999988, 33.7152256 ], [ 135.99254797, 33.71521728 ], [ 135.99252752000001, 33.7151959 ], [ 135.99232075, 33.71497988 ], [ 135.99220687, 33.7148609 ], [ 135.992180069999989, 33.7148329 ], [ 135.99212638, 33.71479113 ], [ 135.99241353, 33.71440533 ], [ 135.99242344000001, 33.71434753 ], [ 135.99242517, 33.71433858 ], [ 135.99242002, 33.71433227 ], [ 135.99226528, 33.71414224 ], [ 135.99224496, 33.71411729 ], [ 135.992224990000011, 33.71409277 ], [ 135.99217855, 33.7140366 ], [ 135.9924024, 33.7136072 ], [ 135.99332288, 33.7118056 ], [ 135.99355811, 33.71170637 ], [ 135.99403314, 33.71147928 ], [ 135.99411307, 33.71140867 ], [ 135.99413819, 33.71136477 ], [ 135.994148200000012, 33.71130198 ], [ 135.99412322, 33.71126203 ], [ 135.994054870000014, 33.71120491 ], [ 135.99398653, 33.71116088 ], [ 135.99380713, 33.71110137 ], [ 135.99380677, 33.71110122 ], [ 135.9936854, 33.71105139 ], [ 135.99359286, 33.71099546 ], [ 135.993530209999989, 33.71093953 ], [ 135.99351335, 33.71091815 ], [ 135.993488930000012, 33.71088717 ], [ 135.99342628, 33.71083005 ], [ 135.99330242, 33.71077768 ], [ 135.9931999, 33.71075745 ], [ 135.99309311, 33.71076816 ], [ 135.992983470000013, 33.71079195 ], [ 135.99290374, 33.71077647 ], [ 135.99281832, 33.71074077 ], [ 135.99275567, 33.71068365 ], [ 135.99266954, 33.71056942 ], [ 135.99253998, 33.71043851 ], [ 135.99249945, 33.71041014 ], [ 135.99247877, 33.71039567 ], [ 135.99239476, 33.71034688 ], [ 135.99217977, 33.7102719 ], [ 135.99212354, 33.71022311 ], [ 135.992043810000013, 33.71012791 ], [ 135.991968359999987, 33.71000891 ], [ 135.991938010000013, 33.70996952 ], [ 135.99190145, 33.70992205 ], [ 135.99180804, 33.70983174 ], [ 135.99178328, 33.7098078 ], [ 135.99173592, 33.70974621 ], [ 135.99166284, 33.70970994 ], [ 135.99135227, 33.7097061 ], [ 135.99126092, 33.709708 ], [ 135.991212960000013, 33.70973854 ], [ 135.99120839, 33.70976716 ], [ 135.99125185, 33.70980776 ], [ 135.991493350000013, 33.71003946 ], [ 135.991291530000012, 33.71019958 ], [ 135.99091202, 33.71054003 ], [ 135.99087617, 33.71057219 ], [ 135.990786250000014, 33.71065289 ], [ 135.99053744, 33.71066347 ], [ 135.99049753, 33.71065486 ], [ 135.99044387, 33.71063789 ], [ 135.99037181, 33.71061508 ], [ 135.99031996, 33.71060788 ], [ 135.990288, 33.71060344 ], [ 135.99020069, 33.71060442 ], [ 135.99008661, 33.71063547 ], [ 135.99004936, 33.71067719 ], [ 135.990044719999986, 33.71073642 ], [ 135.99008547, 33.71079467 ], [ 135.99011503, 33.71082556 ], [ 135.99020183, 33.71091628 ], [ 135.99041144, 33.71113536 ], [ 135.990476120000011, 33.71121802 ], [ 135.99056589, 33.71133275 ], [ 135.99062336, 33.71140622 ], [ 135.990663829999988, 33.71145775 ], [ 135.99081406, 33.71164894 ], [ 135.99095281000001, 33.71182553 ], [ 135.99113781, 33.71206081 ], [ 135.991251440000013, 33.71231726 ], [ 135.99126711, 33.71235264 ], [ 135.99131261, 33.71245861 ], [ 135.99137063, 33.7125937 ], [ 135.99141844, 33.71270503 ], [ 135.991425420000013, 33.71275839 ], [ 135.99142308, 33.71282639 ], [ 135.99132875, 33.71340197 ], [ 135.99130894000001, 33.71345344 ], [ 135.99127169, 33.71351267 ], [ 135.99124605, 33.71353054 ], [ 135.99115839000001, 33.71352056 ], [ 135.991101109999988, 33.71351083 ], [ 135.99092761, 33.71346447 ], [ 135.99076869000001, 33.71340881 ], [ 135.990709360000011, 33.71337581 ], [ 135.99064408000001, 33.71333281 ], [ 135.99060967, 33.71330411 ], [ 135.99056739, 33.71325786 ], [ 135.99053361, 33.71321539 ], [ 135.99050394, 33.71316914 ], [ 135.99049653, 33.71315481 ], [ 135.99048658000001, 33.71313558 ], [ 135.99047689, 33.71309575 ], [ 135.99047073, 33.7130387 ], [ 135.990462330000014, 33.71296086 ], [ 135.990457060000011, 33.71292433 ], [ 135.99045242, 33.71290828 ], [ 135.99044453, 33.71289683 ], [ 135.99043233, 33.71288564 ], [ 135.990415500000012, 33.71287456 ], [ 135.99039986, 33.71286725 ], [ 135.99037617, 33.71286272 ], [ 135.990373, 33.71286211 ], [ 135.99032478, 33.71285822 ], [ 135.99018322, 33.71285622 ], [ 135.99012356, 33.71285992 ], [ 135.989991589999988, 33.71286991 ], [ 135.98990993000001, 33.7129418 ], [ 135.98990215, 33.71296414 ], [ 135.98979742, 33.71305808 ], [ 135.98967736, 33.71293569 ], [ 135.98967277, 33.71292252 ], [ 135.98965333000001, 33.71286672 ], [ 135.989661360000014, 33.71278664 ], [ 135.989706719999987, 33.71272656 ], [ 135.98972686, 33.71270053 ], [ 135.9897435, 33.71268499 ], [ 135.98984854, 33.71263537 ], [ 135.989890620000011, 33.71261801 ], [ 135.99001467, 33.71257691 ], [ 135.990061129999987, 33.71256211 ], [ 135.989866909999989, 33.71222797 ], [ 135.98986335, 33.71221813 ], [ 135.98979904, 33.71204011 ], [ 135.989756340000014, 33.71192191 ], [ 135.98972031, 33.71182219 ], [ 135.98974764, 33.71164886 ], [ 135.98976947, 33.71151044 ], [ 135.98976805, 33.71149234 ], [ 135.989762359999986, 33.71142 ], [ 135.98971151, 33.71134349 ], [ 135.98964847, 33.71124865 ], [ 135.98945984, 33.71098684 ], [ 135.98945898, 33.71098622 ], [ 135.98936303, 33.71091782 ], [ 135.98916086, 33.71082618 ], [ 135.98907971, 33.71075954 ], [ 135.98902922, 33.71069869 ], [ 135.98901849, 33.71068576 ], [ 135.9889822, 33.71059294 ], [ 135.98896797, 33.71050607 ], [ 135.988971920000012, 33.71040825 ], [ 135.988972249999989, 33.71040017 ], [ 135.988979379999989, 33.71032521 ], [ 135.98894665, 33.71023596 ], [ 135.98890964, 33.71018359 ], [ 135.988819940000013, 33.71014551 ], [ 135.988671860000011, 33.71011218 ], [ 135.98860781, 33.71006338 ], [ 135.98857719, 33.71001102 ], [ 135.988525970000012, 33.70981349 ], [ 135.98854763, 33.70975704 ], [ 135.98858579, 33.70965761 ], [ 135.988595769999989, 33.7095767 ], [ 135.98858743, 33.70950548 ], [ 135.98858225, 33.70946128 ], [ 135.98856378, 33.70926613 ], [ 135.98852432000001, 33.70921406 ], [ 135.98831038, 33.70893173 ], [ 135.9882029, 33.70878655 ], [ 135.98814169, 33.70865803 ], [ 135.98809637, 33.70855499 ], [ 135.98807836, 33.70851404 ], [ 135.98804705, 33.70839743 ], [ 135.988047060000014, 33.70833198 ], [ 135.98807627, 33.70819514 ], [ 135.98810346, 33.70803812 ], [ 135.98811047, 33.70799762 ], [ 135.98786464, 33.70730335 ], [ 135.987737110000012, 33.70685221 ], [ 135.98768591000001, 33.70595262 ], [ 135.987704760000014, 33.70585815 ], [ 135.987725329999989, 33.70575653 ], [ 135.98778015, 33.70561482 ], [ 135.98787361, 33.70539828 ], [ 135.98759959, 33.70535531 ], [ 135.987411150000014, 33.70572745 ], [ 135.98738259000001, 33.70582765 ], [ 135.987382559999986, 33.70602804 ], [ 135.98741102, 33.70664355 ], [ 135.98743952, 33.7069346 ], [ 135.98755935, 33.70729246 ], [ 135.98700399, 33.70736051 ], [ 135.987008909999986, 33.70737994 ], [ 135.98717222, 33.70790114 ], [ 135.98719613, 33.70799089 ], [ 135.98729459, 33.70836046 ], [ 135.98731878000001, 33.70849731 ], [ 135.98732134, 33.70864373 ], [ 135.98732159, 33.70865795 ], [ 135.98729749, 33.7088211 ], [ 135.98726668, 33.70902973 ], [ 135.987255330000011, 33.70910655 ], [ 135.98716699, 33.70951826 ], [ 135.98713981, 33.70972749 ], [ 135.987128500000011, 33.70981454 ], [ 135.98712942, 33.70983413 ], [ 135.98713383, 33.70992847 ], [ 135.98713594, 33.70997371 ], [ 135.98713701, 33.70999661 ], [ 135.98715478, 33.71012421 ], [ 135.98716618, 33.71020604 ], [ 135.9871843, 33.71028887 ], [ 135.98720886000001, 33.71040119 ], [ 135.987271490000012, 33.71057016 ], [ 135.98737005000001, 33.71076697 ], [ 135.98778819, 33.71160189 ], [ 135.9878505, 33.71172495 ], [ 135.98798456, 33.71198968 ], [ 135.98798897, 33.71199839 ], [ 135.98814191, 33.71230041 ], [ 135.98774961, 33.71258239 ], [ 135.98796029, 33.71286799 ], [ 135.988080739999987, 33.7130394 ], [ 135.98831963, 33.71337936 ], [ 135.988405160000013, 33.71350107 ], [ 135.98805342, 33.71379852 ], [ 135.98782039, 33.71402391 ], [ 135.98781845, 33.71402578 ], [ 135.98775081, 33.71411383 ], [ 135.98766677, 33.71426018 ], [ 135.98760915, 33.71438553 ], [ 135.987591290000012, 33.71442438 ], [ 135.98756278, 33.71458264 ], [ 135.987560620000011, 33.71478612 ], [ 135.98756581, 33.71481962 ], [ 135.987642419999986, 33.71531445 ], [ 135.98767045, 33.71548806 ], [ 135.98768499, 33.71557806 ], [ 135.98769818, 33.71570781 ], [ 135.987976010000011, 33.71533685 ], [ 135.98805311000001, 33.71518799 ], [ 135.98812816, 33.71494375 ], [ 135.988198329999989, 33.71492481 ], [ 135.988445109999986, 33.71482 ], [ 135.98855647, 33.71487003 ], [ 135.988607370000011, 33.71491406 ], [ 135.98865964, 33.71495928 ], [ 135.9886854, 33.71497029 ], [ 135.98884589, 33.71503886 ], [ 135.98891982, 33.71507728 ], [ 135.98892831, 33.71508169 ], [ 135.98896377, 33.71510011 ], [ 135.98912417, 33.71412352 ], [ 135.98946856, 33.71440076 ], [ 135.98993954, 33.7147169 ], [ 135.99097074, 33.71534023 ], [ 135.98976805, 33.716527 ], [ 135.99104399, 33.71678792 ], [ 135.99105749, 33.71670102 ], [ 135.99118472, 33.71659272 ], [ 135.991316759999989, 33.71657782 ], [ 135.99196982, 33.7162558 ], [ 135.992084, 33.71627668 ], [ 135.99214111, 33.71618126 ], [ 135.99232311, 33.7161097 ], [ 135.99214469, 33.71598146 ], [ 135.9923267, 33.71581745 ], [ 135.99224106, 33.71574886 ], [ 135.99202341, 33.71553414 ], [ 135.992019840000012, 33.71548643 ], [ 135.99205197, 33.71543573 ], [ 135.99212691, 33.71537013 ], [ 135.99217687, 33.71534926 ], [ 135.99224129000001, 33.71534614 ], [ 135.99232691, 33.71542719 ], [ 135.992402520000013, 33.71549877 ], [ 135.99248744, 33.71557917 ], [ 135.9926667, 33.71574909 ], [ 135.99271097, 33.71579105 ], [ 135.99283053, 33.71590439 ], [ 135.992858430000013, 33.71592226 ], [ 135.99288633, 33.71594014 ], [ 135.993386859999987, 33.71640606 ], [ 135.9935695, 33.71656628 ], [ 135.993683940000011, 33.71666667 ], [ 135.993950250000012, 33.71691853 ], [ 135.993944879999987, 33.71691871 ], [ 135.99405943, 33.71702508 ], [ 135.99414, 33.71711264 ], [ 135.99421431, 33.71721642 ], [ 135.99422858, 33.71723635 ], [ 135.994276039999988, 33.71730263 ], [ 135.99442126, 33.71750544 ], [ 135.994469, 33.71757211 ], [ 135.99454839, 33.71768688 ], [ 135.99457478, 33.71772503 ], [ 135.99444803, 33.71775378 ], [ 135.993480940000012, 33.71798931 ], [ 135.99312409, 33.71805788 ], [ 135.99219151, 33.71818706 ], [ 135.99220208, 33.71827758 ], [ 135.99226287, 33.71885294 ], [ 135.99308389, 33.71872598 ], [ 135.99369626, 33.71860435 ], [ 135.99474543, 33.71837179 ], [ 135.99494066, 33.71831548 ], [ 135.99491384, 33.71826919 ], [ 135.99487217, 33.71819725 ], [ 135.99481584, 33.71809163 ], [ 135.994895320000012, 33.71804974 ], [ 135.99569183, 33.71786011 ], [ 135.99607377000001, 33.71776703 ], [ 135.99602839, 33.71771831 ], [ 135.99609339, 33.71769825 ], [ 135.99611284, 33.71769197 ], [ 135.996372939999986, 33.717608 ], [ 135.996627139999987, 33.71749494 ], [ 135.99688753, 33.71736431 ], [ 135.99756542, 33.71692414 ], [ 135.997970720000012, 33.716667 ], [ 135.99797125, 33.71666667 ], [ 135.99805127, 33.71661526 ], [ 135.99789944, 33.71644549 ], [ 135.99784992, 33.71635264 ] ] ] } },
{ "type": "Feature", "properties": { "A29_001": "30207", "A29_002": "和歌山県", "A29_003": "新宮市", "A29_004": 6, "A29_005": "第二種住居地域", "A29_006": 60, "A29_007": 200, "A29_008": null }, "geometry": { "type": "Polygon", "coordinates": [ [ [ 135.99219151, 33.71818706 ], [ 135.99312409, 33.71805788 ], [ 135.993480940000012, 33.71798931 ], [ 135.99444803, 33.71775378 ], [ 135.99457478, 33.71772503 ], [ 135.99454839, 33.71768688 ], [ 135.994469, 33.71757211 ], [ 135.99442126, 33.71750544 ], [ 135.994276039999988, 33.71730263 ], [ 135.99422858, 33.71723635 ], [ 135.99421431, 33.71721642 ], [ 135.99414, 33.71711264 ], [ 135.99405943, 33.71702508 ], [ 135.993944879999987, 33.71691871 ], [ 135.993950250000012, 33.71691853 ], [ 135.993683940000011, 33.71666667 ], [ 135.9935695, 33.71656628 ], [ 135.993386859999987, 33.71640606 ], [ 135.99288633, 33.71594014 ], [ 135.992858430000013, 33.71592226 ], [ 135.99283053, 33.71590439 ], [ 135.99271097, 33.71579105 ], [ 135.9926667, 33.71574909 ], [ 135.99248744, 33.71557917 ], [ 135.992402520000013, 33.71549877 ], [ 135.99232691, 33.71542719 ], [ 135.99224129000001, 33.71534614 ], [ 135.99217687, 33.71534926 ], [ 135.99212691, 33.71537013 ], [ 135.99205197, 33.71543573 ], [ 135.992019840000012, 33.71548643 ], [ 135.99202341, 33.71553414 ], [ 135.99224106, 33.71574886 ], [ 135.9923267, 33.71581745 ], [ 135.99214469, 33.71598146 ], [ 135.99232311, 33.7161097 ], [ 135.99214111, 33.71618126 ], [ 135.992084, 33.71627668 ], [ 135.99196982, 33.7162558 ], [ 135.991316759999989, 33.71657782 ], [ 135.99118472, 33.71659272 ], [ 135.99105749, 33.71670102 ], [ 135.99104399, 33.71678792 ], [ 135.98976805, 33.716527 ], [ 135.99097074, 33.71534023 ], [ 135.98993954, 33.7147169 ], [ 135.98946856, 33.71440076 ], [ 135.98912417, 33.71412352 ], [ 135.98896377, 33.71510011 ], [ 135.98893646, 33.71522269 ], [ 135.98889362, 33.71537776 ], [ 135.98880082, 33.71558351 ], [ 135.9886295, 33.71584294 ], [ 135.98815481, 33.71646912 ], [ 135.987969209999989, 33.7167703 ], [ 135.98784785, 33.71698499 ], [ 135.987747899999988, 33.71719969 ], [ 135.98770506, 33.71733388 ], [ 135.98766579, 33.71749193 ], [ 135.98744955, 33.71888089 ], [ 135.98792916, 33.71888571 ], [ 135.98812615, 33.71887142 ], [ 135.98853725, 33.71880943 ], [ 135.9894965, 33.71863298 ], [ 135.99129794000001, 33.71831582 ], [ 135.99219151, 33.71818706 ] ] ] } },
{ "type": "Feature", "properties": { "A29_001": "30207", "A29_002": "和歌山県", "A29_003": "新宮市", "A29_004": 5, "A29_005": "第一種住居地域", "A29_006": 60, "A29_007": 200, "A29_008": null }, "geometry": { "type": "Polygon", "coordinates": [ [ [ 135.98769818, 33.71570781 ], [ 135.98768499, 33.71557806 ], [ 135.98767045, 33.71548806 ], [ 135.987642419999986, 33.71531445 ], [ 135.98756581, 33.71481962 ], [ 135.987560620000011, 33.71478612 ], [ 135.98756278, 33.71458264 ], [ 135.987591290000012, 33.71442438 ], [ 135.98760915, 33.71438553 ], [ 135.98766677, 33.71426018 ], [ 135.98775081, 33.71411383 ], [ 135.98781845, 33.71402578 ], [ 135.98782039, 33.71402391 ], [ 135.98805342, 33.71379852 ], [ 135.988405160000013, 33.71350107 ], [ 135.98831963, 33.71337936 ], [ 135.988080739999987, 33.7130394 ], [ 135.98796029, 33.71286799 ], [ 135.98774961, 33.71258239 ], [ 135.98814191, 33.71230041 ], [ 135.98798897, 33.71199839 ], [ 135.98798456, 33.71198968 ], [ 135.9878505, 33.71172495 ], [ 135.98778819, 33.71160189 ], [ 135.98737005000001, 33.71076697 ], [ 135.987271490000012, 33.71057016 ], [ 135.98720886000001, 33.71040119 ], [ 135.9871843, 33.71028887 ], [ 135.98716618, 33.71020604 ], [ 135.98715478, 33.71012421 ], [ 135.98713701, 33.70999661 ], [ 135.98713594, 33.70997371 ], [ 135.98713383, 33.70992847 ], [ 135.98712942, 33.70983413 ], [ 135.987128500000011, 33.70981454 ], [ 135.98713981, 33.70972749 ], [ 135.98716699, 33.70951826 ], [ 135.987255330000011, 33.70910655 ], [ 135.98726668, 33.70902973 ], [ 135.98729749, 33.7088211 ], [ 135.98732159, 33.70865795 ], [ 135.98732134, 33.70864373 ], [ 135.98731878000001, 33.70849731 ], [ 135.98729459, 33.70836046 ], [ 135.98719613, 33.70799089 ], [ 135.98717222, 33.70790114 ], [ 135.987008909999986, 33.70737994 ], [ 135.98700399, 33.70736051 ], [ 135.98650889000001, 33.70742118 ], [ 135.98655455, 33.70752138 ], [ 135.98678861, 33.70756435 ], [ 135.98690844, 33.70791744 ], [ 135.98699976, 33.70806536 ], [ 135.9870511, 33.7083421 ], [ 135.98695403, 33.70849 ], [ 135.98682269, 33.70865698 ], [ 135.98663427, 33.7088335 ], [ 135.98693681, 33.70906733 ], [ 135.98651429, 33.70937265 ], [ 135.98626879, 33.70948713 ], [ 135.986074660000014, 33.70960639 ], [ 135.98602327, 33.70964456 ], [ 135.986017550000014, 33.70971613 ], [ 135.98604608, 33.70983064 ], [ 135.98617735, 33.71005968 ], [ 135.98628009, 33.71017897 ], [ 135.98645134, 33.71033644 ], [ 135.98651411, 33.71057502 ], [ 135.98585742, 33.71137652 ], [ 135.98578317, 33.71157691 ], [ 135.985794559999988, 33.71177254 ], [ 135.98581164, 33.71204927 ], [ 135.98584584, 33.71237373 ], [ 135.985885739999986, 33.71275544 ], [ 135.98594282, 33.71285087 ], [ 135.986039870000013, 33.71290336 ], [ 135.986251110000012, 33.71294633 ], [ 135.98495495, 33.71378116 ], [ 135.984909249999987, 33.71390521 ], [ 135.98487497, 33.71403403 ], [ 135.98489779, 33.71416763 ], [ 135.98500052, 33.71438712 ], [ 135.98510328, 33.71445393 ], [ 135.98519461, 33.71456368 ], [ 135.98522884, 33.71472114 ], [ 135.985194549999989, 33.71491199 ], [ 135.98517739, 33.71508375 ], [ 135.9852002, 33.7152269 ], [ 135.985234420000012, 33.71544161 ], [ 135.985177310000012, 33.7155418 ], [ 135.98485184, 33.7157183 ], [ 135.98428655, 33.71600451 ], [ 135.983555669999987, 33.7163384 ], [ 135.983070309999988, 33.71656259 ], [ 135.98298465, 33.71666277 ], [ 135.98280186, 33.71711125 ], [ 135.98289313, 33.71751206 ], [ 135.98216799, 33.71761215 ], [ 135.98155703, 33.71776951 ], [ 135.98127724, 33.71781718 ], [ 135.98111166000001, 33.7178267 ], [ 135.98065491, 33.7177646 ], [ 135.980506459999987, 33.71776458 ], [ 135.980397970000013, 33.71778365 ], [ 135.98016386, 33.71784087 ], [ 135.98006679, 33.71785517 ], [ 135.97982129, 33.71783127 ], [ 135.97975277, 33.71783126 ], [ 135.97968995, 33.71786942 ], [ 135.97928449, 33.71822243 ], [ 135.9790161, 33.71837029 ], [ 135.979090289999988, 33.71849913 ], [ 135.97908454, 33.71866135 ], [ 135.979084480000012, 33.718919 ], [ 135.9790673, 33.7191194 ], [ 135.97901017, 33.71924344 ], [ 135.97890737, 33.71936748 ], [ 135.978815989999987, 33.71946766 ], [ 135.978747449999986, 33.71954399 ], [ 135.978707469999989, 33.71961555 ], [ 135.97870745, 33.71970143 ], [ 135.97873026, 33.71978255 ], [ 135.97916425, 33.7196204 ], [ 135.9791717, 33.71959811 ], [ 135.97923635, 33.71957527 ], [ 135.97971612, 33.71940584 ], [ 135.9797159, 33.71940542 ], [ 135.97971757, 33.71940532 ], [ 135.979640640000014, 33.71922667 ], [ 135.97963135, 33.71919787 ], [ 135.97961258, 33.71913972 ], [ 135.98049556, 33.71904213 ], [ 135.983401859999987, 33.71870141 ], [ 135.982965189999987, 33.71812163 ], [ 135.98317646000001, 33.71805964 ], [ 135.98329637, 33.71800717 ], [ 135.98358188, 33.71782828 ], [ 135.98372286, 33.71804374 ], [ 135.98414714, 33.7178212 ], [ 135.98430126, 33.71802877 ], [ 135.9844326, 33.71795722 ], [ 135.98460671, 33.71811708 ], [ 135.984618250000011, 33.71814253 ], [ 135.98461536, 33.71831906 ], [ 135.98455397, 33.71835365 ], [ 135.98469809, 33.7186638 ], [ 135.9848337, 33.71864593 ], [ 135.984953600000011, 33.71863878 ], [ 135.98512409, 33.71862158 ], [ 135.98527754, 33.71863353 ], [ 135.985434559999987, 33.71859478 ], [ 135.98560229, 33.71857393 ], [ 135.986612079999986, 33.71868735 ], [ 135.98673012, 33.71785379 ], [ 135.98682441, 33.71732895 ], [ 135.986881540000013, 33.71711425 ], [ 135.987047749999988, 33.71668795 ], [ 135.98730046, 33.71626214 ], [ 135.98756172, 33.71589 ], [ 135.98769818, 33.71570781 ] ] ] } },
{ "type": "Feature", "properties": { "A29_001": "30207", "A29_002": "和歌山県", "A29_003": "新宮市", "A29_004": 3, "A29_005": "第一種中高層住居専用地域", "A29_006": 60, "A29_007": 150, "A29_008": null }, "geometry": { "type": "Polygon", "coordinates": [ [ [ 136.00070471, 33.71533209 ], [ 135.99904727, 33.71638894 ], [ 135.997728349999988, 33.71726207 ], [ 135.99741574, 33.71743741 ], [ 135.99712455, 33.71763064 ], [ 135.99684192, 33.71776304 ], [ 135.99665778, 33.7178525 ], [ 135.99649933, 33.71790617 ], [ 135.99626629, 33.71797369 ], [ 135.99631936, 33.71803067 ], [ 135.99644039, 33.71820544 ], [ 135.99665864, 33.71854958 ], [ 135.996848809999989, 33.71884867 ], [ 135.99695442, 33.71901114 ], [ 135.99700225, 33.71908475 ], [ 135.99709069, 33.71922081 ], [ 135.99728622, 33.71952161 ], [ 135.997315859999986, 33.71956722 ], [ 135.99734322, 33.71961636 ], [ 135.99743608, 33.71978308 ], [ 135.99776197, 33.71913467 ], [ 135.99782152, 33.71909992 ], [ 135.997879250000011, 33.71906622 ], [ 135.99801217000001, 33.71899942 ], [ 135.99809036, 33.71897986 ], [ 135.99812358, 33.71888369 ], [ 135.998154629999988, 33.71881896 ], [ 135.99825671, 33.71849952 ], [ 135.998457980000012, 33.71840291 ], [ 135.998547910000013, 33.71844585 ], [ 135.99868494, 33.71822756 ], [ 135.99939698, 33.71734988 ], [ 136.00013637, 33.71638131 ], [ 136.00042184, 33.71602107 ], [ 136.00053603, 33.71584453 ], [ 136.00061026, 33.71569424 ], [ 136.00065593, 33.71556541 ], [ 136.000701600000014, 33.71536502 ], [ 136.00070471, 33.71533209 ] ] ] } },
{ "type": "Feature", "properties": { "A29_001": "30207", "A29_002": "和歌山県", "A29_003": "新宮市", "A29_004": 6, "A29_005": "第二種住居地域", "A29_006": 60, "A29_007": 200, "A29_008": null }, "geometry": { "type": "Polygon", "coordinates": [ [ [ 135.99607377000001, 33.71776703 ], [ 135.99569183, 33.71786011 ], [ 135.994895320000012, 33.71804974 ], [ 135.99481584, 33.71809163 ], [ 135.99487217, 33.71819725 ], [ 135.99491384, 33.71826919 ], [ 135.99494066, 33.71831548 ], [ 135.99474543, 33.71837179 ], [ 135.99369626, 33.71860435 ], [ 135.99308389, 33.71872598 ], [ 135.99226287, 33.71885294 ], [ 135.99053529, 33.71914693 ], [ 135.98911353, 33.7194152 ], [ 135.988248489999989, 33.7195511 ], [ 135.98801724, 33.71957613 ], [ 135.987807409999988, 33.71958685 ], [ 135.98735349, 33.71956533 ], [ 135.986997800000012, 33.72161884 ], [ 135.98821473000001, 33.72154203 ], [ 135.99024975, 33.72138952 ], [ 135.99078648, 33.72137048 ], [ 135.99100345, 33.7213724 ], [ 135.99118388, 33.72139532 ], [ 135.99139172, 33.72143923 ], [ 135.991770839999987, 33.72153087 ], [ 135.99200837, 33.72158241 ], [ 135.99209973, 33.72159578 ], [ 135.99224818, 33.72159579 ], [ 135.99240806, 33.72158434 ], [ 135.99244689, 33.72158244 ], [ 135.99252683, 33.7215729 ], [ 135.99333764, 33.72144889 ], [ 135.9962908, 33.72101769 ], [ 135.99638705000001, 33.72113971 ], [ 135.99639073, 33.72114413 ], [ 135.99693953, 33.72039883 ], [ 135.99700286, 33.72032029 ], [ 135.99743608, 33.71978308 ], [ 135.99734322, 33.71961636 ], [ 135.997315859999986, 33.71956722 ], [ 135.99728622, 33.71952161 ], [ 135.99709069, 33.71922081 ], [ 135.99700225, 33.71908475 ], [ 135.99695442, 33.71901114 ], [ 135.996848809999989, 33.71884867 ], [ 135.99665864, 33.71854958 ], [ 135.99644039, 33.71820544 ], [ 135.99631936, 33.71803067 ], [ 135.99626629, 33.71797369 ], [ 135.99625125, 33.71795755 ], [ 135.99614972, 33.71784855 ], [ 135.99607377000001, 33.71776703 ] ] ] } },
{ "type": "Feature", "properties": { "A29_001": "30207", "A29_002": "和歌山県", "A29_003": "新宮市", "A29_004": 10, "A29_005": "準工業地域", "A29_006": 60, "A29_007": 200, "A29_008": null }, "geometry": { "type": "Polygon", "coordinates": [ [ [ 135.97916425, 33.7196204 ], [ 135.980911170000013, 33.7207992 ], [ 135.981350780000014, 33.72099489 ], [ 135.98148781, 33.72105216 ], [ 135.98150671, 33.72106182 ], [ 135.98151114, 33.72106011 ], [ 135.981735719999989, 33.72108728 ], [ 135.98181133, 33.72111058 ], [ 135.98190881, 33.72112806 ], [ 135.98194114, 33.72113386 ], [ 135.98204306, 33.72112839 ], [ 135.98208908, 33.72113114 ], [ 135.98222881, 33.72115717 ], [ 135.98234001, 33.72119014 ], [ 135.982376749999986, 33.72120103 ], [ 135.98260916000001, 33.7212512 ], [ 135.983000260000011, 33.72135885 ], [ 135.98384198, 33.72165101 ], [ 135.983848419999987, 33.72155789 ], [ 135.983861929999989, 33.72146198 ], [ 135.98386856, 33.72143622 ], [ 135.983879589999987, 33.7213934 ], [ 135.983909720000014, 33.72136467 ], [ 135.98367761, 33.72130472 ], [ 135.98360469, 33.72128428 ], [ 135.98341739, 33.72123174 ], [ 135.98333333, 33.72120817 ], [ 135.983333249999987, 33.72120814 ], [ 135.98324739, 33.72118125 ], [ 135.98291633, 33.72107758 ], [ 135.98284439, 33.72105531 ], [ 135.982612280000012, 33.72098347 ], [ 135.98250022, 33.720942 ], [ 135.982299860000012, 33.72086783 ], [ 135.98220472, 33.72083261 ], [ 135.98217151, 33.72081962 ], [ 135.982007790000011, 33.72075561 ], [ 135.98182419, 33.72068383 ], [ 135.98163211, 33.72060186 ], [ 135.98160661, 33.7205893 ], [ 135.98142194, 33.72049839 ], [ 135.98136618, 33.72047424 ], [ 135.981364140000011, 33.72047336 ], [ 135.981367940000013, 33.72006633 ], [ 135.98137986, 33.72003147 ], [ 135.98141272, 33.71999042 ], [ 135.981517169999989, 33.71989219 ], [ 135.98176012, 33.71964748 ], [ 135.98179319, 33.71961416 ], [ 135.98184156, 33.71956544 ], [ 135.981870140000012, 33.71953666 ], [ 135.983396770000013, 33.71935197 ], [ 135.98412478, 33.7192805 ], [ 135.98442097, 33.71926562 ], [ 135.98466006000001, 33.7192746 ], [ 135.985313100000013, 33.71934327 ], [ 135.98643392, 33.71943996 ], [ 135.98644047, 33.71936733 ], [ 135.986493919999987, 33.71912089 ], [ 135.98650564, 33.71908197 ], [ 135.98658228, 33.71878969 ], [ 135.98659543, 33.71876783 ], [ 135.98659674000001, 33.7187615 ], [ 135.986606380000012, 33.71871491 ], [ 135.986612079999986, 33.71868735 ], [ 135.98560229, 33.71857393 ], [ 135.985434559999987, 33.71859478 ], [ 135.98527754, 33.71863353 ], [ 135.98512409, 33.71862158 ], [ 135.984953600000011, 33.71863878 ], [ 135.9848337, 33.71864593 ], [ 135.98469809, 33.7186638 ], [ 135.98455397, 33.71835365 ], [ 135.98461536, 33.71831906 ], [ 135.984618250000011, 33.71814253 ], [ 135.98460671, 33.71811708 ], [ 135.9844326, 33.71795722 ], [ 135.98430126, 33.71802877 ], [ 135.98414714, 33.7178212 ], [ 135.98372286, 33.71804374 ], [ 135.98358188, 33.71782828 ], [ 135.98329637, 33.71800717 ], [ 135.98317646000001, 33.71805964 ], [ 135.982965189999987, 33.71812163 ], [ 135.983401859999987, 33.71870141 ], [ 135.98049556, 33.71904213 ], [ 135.97961258, 33.71913972 ], [ 135.97963135, 33.71919787 ], [ 135.979640640000014, 33.71922667 ], [ 135.97971757, 33.71940532 ], [ 135.9797159, 33.71940542 ], [ 135.97971612, 33.71940584 ], [ 135.97923635, 33.71957527 ], [ 135.9791717, 33.71959811 ], [ 135.97916425, 33.7196204 ] ] ] } },
{ "type": "Feature", "properties": { "A29_001": "30207", "A29_002": "和歌山県", "A29_003": "新宮市", "A29_004": 11, "A29_005": "工業地域", "A29_006": 60, "A29_007": 200, "A29_008": null }, "geometry": { "type": "Polygon", "coordinates": [ [ [ 136.00671043, 33.72062713 ], [ 136.006534249999987, 33.7206458 ], [ 136.00609541, 33.72091632 ], [ 136.006522069999988, 33.72136192 ], [ 136.007675549999988, 33.72236383 ], [ 136.00788685, 33.72274075 ], [ 136.0080753, 33.72295067 ], [ 136.00821235, 33.72311289 ], [ 136.00897745, 33.72271205 ], [ 136.009411449999988, 33.72314143 ], [ 136.0098511, 33.722941 ], [ 136.00981682, 33.72275493 ], [ 136.00973115, 33.72258794 ], [ 136.00958838, 33.72240187 ], [ 136.00883459, 33.72160989 ], [ 136.00872608, 33.7214095 ], [ 136.00866898000001, 33.72138088 ], [ 136.00810945, 33.72179602 ], [ 136.00756698, 33.72142866 ], [ 136.007458469999989, 33.72126644 ], [ 136.00719009, 33.72104698 ], [ 136.006853189999987, 33.72077503 ], [ 136.00671043, 33.72062713 ] ] ] } },
{ "type": "Feature", "properties": { "A29_001": "30207", "A29_002": "和歌山県", "A29_003": "新宮市", "A29_004": 6, "A29_005": "第二種住居地域", "A29_006": 60, "A29_007": 200, "A29_008": null }, "geometry": { "type": "Polygon", "coordinates": [ [ [ 135.99240802, 33.72348689 ], [ 135.99336815, 33.72354121 ], [ 135.99406428, 33.72359006 ], [ 135.99407273, 33.72360777 ], [ 135.99409161, 33.72364733 ], [ 135.99446465, 33.72271438 ], [ 135.99447322, 33.72267144 ], [ 135.99436209000001, 33.72227542 ], [ 135.99459622, 33.72195098 ], [ 135.992563460000014, 33.72225624 ], [ 135.99238646, 33.72226577 ], [ 135.99218661, 33.7222753 ], [ 135.99240802, 33.72348689 ] ] ] } },
{ "type": "Feature", "properties": { "A29_001": "30207", "A29_002": "和歌山県", "A29_003": "新宮市", "A29_004": 10, "A29_005": "準工業地域", "A29_006": 60, "A29_007": 200, "A29_008": null }, "geometry": { "type": "Polygon", "coordinates": [ [ [ 135.99459622, 33.72195098 ], [ 135.99436209000001, 33.72227542 ], [ 135.99447322, 33.72267144 ], [ 135.99446465, 33.72271438 ], [ 135.99409161, 33.72364733 ], [ 135.994072210000013, 33.72369927 ], [ 135.99404515, 33.7237717 ], [ 135.99580667, 33.72398208 ], [ 135.99594606, 33.72366136 ], [ 135.99600344000001, 33.72349811 ], [ 135.9960193, 33.723453 ], [ 135.996074639999989, 33.72329558 ], [ 135.99616156, 33.72301056 ], [ 135.99621833, 33.72282442 ], [ 135.996304110000011, 33.72279836 ], [ 135.99634028, 33.72278736 ], [ 135.99647164000001, 33.72275128 ], [ 135.99664431, 33.72270931 ], [ 135.99675914, 33.72269225 ], [ 135.99699519, 33.72267011 ], [ 135.99722698, 33.72266435 ], [ 135.99748222, 33.72270585 ], [ 135.997512590000014, 33.72259619 ], [ 135.99756789, 33.7223965 ], [ 135.99758408, 33.72234783 ], [ 135.99759488, 33.7223111 ], [ 135.99760942, 33.72226167 ], [ 135.997900390000012, 33.72241996 ], [ 135.998131660000013, 33.72177941 ], [ 135.998174479999989, 33.72169353 ], [ 135.998332940000012, 33.72149672 ], [ 135.99856927, 33.72125419 ], [ 135.99889063, 33.72096654 ], [ 135.99876103, 33.72080054 ], [ 135.99867007, 33.72068402 ], [ 135.99864111, 33.72065608 ], [ 135.99861067, 33.72062672 ], [ 135.99810337, 33.72013007 ], [ 135.99795692, 33.72001322 ], [ 135.99916552, 33.71847694 ], [ 135.99900895, 33.71839053 ], [ 135.998957710000013, 33.71836225 ], [ 135.99868494, 33.71822756 ], [ 135.998547910000013, 33.71844585 ], [ 135.998457980000012, 33.71840291 ], [ 135.99825671, 33.71849952 ], [ 135.998154629999988, 33.71881896 ], [ 135.99812358, 33.71888369 ], [ 135.99809036, 33.71897986 ], [ 135.99801217000001, 33.71899942 ], [ 135.997879250000011, 33.71906622 ], [ 135.99782152, 33.71909992 ], [ 135.99776197, 33.71913467 ], [ 135.99743608, 33.71978308 ], [ 135.99700286, 33.72032029 ], [ 135.99693953, 33.72039883 ], [ 135.99606971, 33.7215801 ], [ 135.995798549999989, 33.72155787 ], [ 135.99563866, 33.7218012 ], [ 135.99459622, 33.72195098 ] ] ] } },
{ "type": "Feature", "properties": { "A29_001": "30207", "A29_002": "和歌山県", "A29_003": "新宮市", "A29_004": 6, "A29_005": "第二種住居地域", "A29_006": 60, "A29_007": 200, "A29_008": null }, "geometry": { "type": "Polygon", "coordinates": [ [ [ 135.991612011, 33.723549126 ], [ 135.99132046, 33.72211913 ], [ 135.99097783, 33.72202771 ], [ 135.99084936, 33.72201875 ], [ 135.990717319999987, 33.72201576 ], [ 135.98921845000001, 33.72212001 ], [ 135.986927329999986, 33.7222838 ], [ 135.986984150000012, 33.72409094 ], [ 135.98873859, 33.72391863 ], [ 135.99011815, 33.72375652 ], [ 135.991611001, 33.723550822 ], [ 135.991612011, 33.723549126 ] ] ] } },
{ "type": "Feature", "properties": { "A29_001": "30207", "A29_002": "和歌山県", "A29_003": "新宮市", "A29_004": 6, "A29_005": "第二種住居地域", "A29_006": 60, "A29_007": 200, "A29_008": null }, "geometry": { "type": "Polygon", "coordinates": [ [ [ 135.99167442000001, 33.7245027 ], [ 135.991677939999988, 33.72407212 ], [ 135.988168230000014, 33.72448782 ], [ 135.98768858, 33.72453167 ], [ 135.98700793, 33.72457741 ], [ 135.98703296, 33.72522058 ], [ 135.98827897000001, 33.72512862 ], [ 135.988831440000013, 33.725007 ], [ 135.989024160000014, 33.72495692 ], [ 135.98956379, 33.72479594 ], [ 135.99033466, 33.72467791 ], [ 135.99167442000001, 33.7245027 ] ] ] } },
{ "type": "Feature", "properties": { "A29_001": "30207", "A29_002": "和歌山県", "A29_003": "新宮市", "A29_004": 8, "A29_005": "近隣商業地域", "A29_006": 80, "A29_007": 300, "A29_008": null }, "geometry": { "type": "Polygon", "coordinates": [ [ [ 135.991612315, 33.723550645 ], [ 135.99218618, 33.72347434 ], [ 135.99240802, 33.72348689 ], [ 135.99218661, 33.7222753 ], [ 135.99238646, 33.72226577 ], [ 135.992563460000014, 33.72225624 ], [ 135.99459622, 33.72195098 ], [ 135.99563866, 33.7218012 ], [ 135.995798549999989, 33.72155787 ], [ 135.99606971, 33.7215801 ], [ 135.99639073, 33.72114413 ], [ 135.99638705000001, 33.72113971 ], [ 135.9962908, 33.72101769 ], [ 135.99333764, 33.72144889 ], [ 135.99252683, 33.7215729 ], [ 135.99244689, 33.72158244 ], [ 135.99240806, 33.72158434 ], [ 135.99224818, 33.72159579 ], [ 135.99209973, 33.72159578 ], [ 135.99200837, 33.72158241 ], [ 135.991770839999987, 33.72153087 ], [ 135.99139172, 33.72143923 ], [ 135.99118388, 33.72139532 ], [ 135.99100345, 33.7213724 ], [ 135.99078648, 33.72137048 ], [ 135.99024975, 33.72138952 ], [ 135.98821473000001, 33.72154203 ], [ 135.986997800000012, 33.72161884 ], [ 135.98735349, 33.71956533 ], [ 135.987807409999988, 33.71958685 ], [ 135.98801724, 33.71957613 ], [ 135.988248489999989, 33.7195511 ], [ 135.98911353, 33.7194152 ], [ 135.99053529, 33.71914693 ], [ 135.99226287, 33.71885294 ], [ 135.99220208, 33.71827758 ], [ 135.99219151, 33.71818706 ], [ 135.99129794000001, 33.71831582 ], [ 135.9894965, 33.71863298 ], [ 135.98853725, 33.71880943 ], [ 135.98812615, 33.71887142 ], [ 135.98792916, 33.71888571 ], [ 135.98744955, 33.71888089 ], [ 135.98766579, 33.71749193 ], [ 135.98770506, 33.71733388 ], [ 135.987747899999988, 33.71719969 ], [ 135.98784785, 33.71698499 ], [ 135.987969209999989, 33.7167703 ], [ 135.98815481, 33.71646912 ], [ 135.9886295, 33.71584294 ], [ 135.98880082, 33.71558351 ], [ 135.98889362, 33.71537776 ], [ 135.98893646, 33.71522269 ], [ 135.98896377, 33.71510011 ], [ 135.98892831, 33.71508169 ], [ 135.98891982, 33.71507728 ], [ 135.98884589, 33.71503886 ], [ 135.9886854, 33.71497029 ], [ 135.98865964, 33.71495928 ], [ 135.988607370000011, 33.71491406 ], [ 135.98855647, 33.71487003 ], [ 135.988445109999986, 33.71482 ], [ 135.988198329999989, 33.71492481 ], [ 135.98812816, 33.71494375 ], [ 135.98805311000001, 33.71518799 ], [ 135.987976010000011, 33.71533685 ], [ 135.98756172, 33.71589 ], [ 135.98730046, 33.71626214 ], [ 135.987047749999988, 33.71668795 ], [ 135.986881540000013, 33.71711425 ], [ 135.98682441, 33.71732895 ], [ 135.98673012, 33.71785379 ], [ 135.986612079999986, 33.71868735 ], [ 135.986606380000012, 33.71871491 ], [ 135.98659674000001, 33.7187615 ], [ 135.98659543, 33.71876783 ], [ 135.98658228, 33.71878969 ], [ 135.98650564, 33.71908197 ], [ 135.986493919999987, 33.71912089 ], [ 135.98644047, 33.71936733 ], [ 135.98643392, 33.71943996 ], [ 135.98642976, 33.71948614 ], [ 135.98642668, 33.71952033 ], [ 135.98642419, 33.71954786 ], [ 135.986392959999989, 33.72002015 ], [ 135.98639158, 33.720041 ], [ 135.98638179, 33.72012743 ], [ 135.98634736, 33.72043122 ], [ 135.98632866, 33.7206252 ], [ 135.98631011, 33.72081758 ], [ 135.98628267, 33.72138953 ], [ 135.98624958, 33.72180572 ], [ 135.986253080000012, 33.7219422 ], [ 135.98606043, 33.72192212 ], [ 135.98608857, 33.72210164 ], [ 135.98609196000001, 33.72217432 ], [ 135.98610378, 33.72242807 ], [ 135.9861122, 33.72260864 ], [ 135.98613265, 33.72304745 ], [ 135.986165199999988, 33.72374588 ], [ 135.98618152, 33.72409597 ], [ 135.986185760000012, 33.72421769 ], [ 135.98619226, 33.72440439 ], [ 135.986205930000011, 33.72479709 ], [ 135.98622414, 33.72531986 ], [ 135.9862335, 33.72558863 ], [ 135.98624815, 33.72600938 ], [ 135.98626363, 33.72652367 ], [ 135.9862724, 33.72681507 ], [ 135.98627504000001, 33.72690292 ], [ 135.98628881, 33.72736032 ], [ 135.98669956, 33.72736361 ], [ 135.98674595, 33.7273667 ], [ 135.98678339, 33.72736919 ], [ 135.98732661, 33.72737675 ], [ 135.98770556, 33.72737861 ], [ 135.98797435, 33.72736442 ], [ 135.98800076, 33.72672762 ], [ 135.98812937, 33.72582586 ], [ 135.98836491, 33.72580441 ], [ 135.98923431, 33.72562199 ], [ 135.98969256, 33.72547889 ], [ 135.99065188, 33.72531435 ], [ 135.99151552, 33.72521509 ], [ 135.99163239, 33.72485108 ], [ 135.99167442000001, 33.7245027 ], [ 135.99033466, 33.72467791 ], [ 135.98956379, 33.72479594 ], [ 135.989024160000014, 33.72495692 ], [ 135.988831440000013, 33.725007 ], [ 135.98827897000001, 33.72512862 ], [ 135.98703296, 33.72522058 ], [ 135.98700793, 33.72457741 ], [ 135.98768858, 33.72453167 ], [ 135.988168230000014, 33.72448782 ], [ 135.991677939999988, 33.72407212 ], [ 135.991677939999988, 33.72398722 ], [ 135.991612315, 33.723550645 ] ], [ [ 135.98921845000001, 33.72212001 ], [ 135.990717319999987, 33.72201576 ], [ 135.99084936, 33.72201875 ], [ 135.99097783, 33.72202771 ], [ 135.99132046, 33.72211913 ], [ 135.991612011, 33.723549126 ], [ 135.991611001, 33.723550825 ], [ 135.99011815, 33.72375652 ], [ 135.98873859, 33.72391863 ], [ 135.986984150000012, 33.72409094 ], [ 135.986927329999986, 33.7222838 ], [ 135.98921845000001, 33.72212001 ] ] ] } },
{ "type": "Feature", "properties": { "A29_001": "30207", "A29_002": "和歌山県", "A29_003": "新宮市", "A29_004": 11, "A29_005": "工業地域", "A29_006": 60, "A29_007": 200, "A29_008": null }, "geometry": { "type": "Polygon", "coordinates": [ [ [ 136.005331500000011, 33.72048354 ], [ 136.00530165, 33.72053614 ], [ 136.00526854, 33.72058817 ], [ 136.005014179999989, 33.72107732 ], [ 136.00494317, 33.72120925 ], [ 136.004856710000013, 33.72135847 ], [ 136.00478608, 33.72147756 ], [ 136.00471503, 33.72159736 ], [ 136.00450594, 33.72188808 ], [ 136.00423902, 33.72218543 ], [ 136.00405156, 33.72239286 ], [ 136.00382117, 33.72263663 ], [ 136.003728529999989, 33.72273464 ], [ 136.00358956, 33.72287175 ], [ 136.00344161000001, 33.72296358 ], [ 136.00336796, 33.72300513 ], [ 136.00326114, 33.72306539 ], [ 136.00314763, 33.72313176 ], [ 136.00306906, 33.72317769 ], [ 136.00310886, 33.72327947 ], [ 136.002970870000013, 33.72346422 ], [ 136.00289159, 33.72360837 ], [ 136.00285655, 33.72374288 ], [ 136.002831070000013, 33.72396354 ], [ 136.00282877, 33.72400005 ], [ 136.002821149999988, 33.72412088 ], [ 136.00282812, 33.72415232 ], [ 136.00284181, 33.72421414 ], [ 136.00277186, 33.72429656 ], [ 136.00279734, 33.72431663 ], [ 136.00277577, 33.72439996 ], [ 136.00273175, 33.72451707 ], [ 136.00268234, 33.72461767 ], [ 136.00260598, 33.72475129 ], [ 136.00248918, 33.72490368 ], [ 136.00241012, 33.72498776 ], [ 136.00239593, 33.725 ], [ 136.00238976, 33.72500532 ], [ 136.002353520000014, 33.72503656 ], [ 136.00228524, 33.72509436 ], [ 136.00222954, 33.72512814 ], [ 136.00190278, 33.7253023 ], [ 136.00184502, 33.72533309 ], [ 136.001622020000013, 33.72543875 ], [ 136.00156514, 33.72542939 ], [ 136.001464309999989, 33.72540339 ], [ 136.00119025, 33.72535086 ], [ 136.000771640000011, 33.72527061 ], [ 136.00057125, 33.72524739 ], [ 136.00046642, 33.72524186 ], [ 136.00041242, 33.72523417 ], [ 136.000143189999989, 33.72519582 ], [ 136.00009356000001, 33.72518875 ], [ 136.0, 33.7251805 ], [ 135.99980305, 33.72516075 ], [ 135.99963428, 33.72514922 ], [ 135.99961033, 33.72547299 ], [ 135.999609639999989, 33.72548228 ], [ 135.99960206, 33.72564831 ], [ 135.99959356, 33.72583417 ], [ 135.999626, 33.72600222 ], [ 135.99963172, 33.72603186 ], [ 135.99951445, 33.72642303 ], [ 135.99949992, 33.72647152 ], [ 135.99969277, 33.72744302 ], [ 135.999694760000011, 33.72744169 ], [ 136.001347869999989, 33.72645402 ], [ 136.00150204, 33.72637529 ], [ 136.00543346, 33.72553782 ], [ 136.00596449, 33.72540181 ], [ 136.00616148, 33.72529445 ], [ 136.00688095000001, 33.72513696 ], [ 136.00741198, 33.72507252 ], [ 136.0086111, 33.72507959 ], [ 136.00867961, 33.72495792 ], [ 136.00861964, 33.72476469 ], [ 136.00844831, 33.72451421 ], [ 136.00864073, 33.72437726 ], [ 136.00868069, 33.72429137 ], [ 136.00868068, 33.72421503 ], [ 136.00862928, 33.72412915 ], [ 136.00865212, 33.72409575 ], [ 136.008195269999987, 33.72359002 ], [ 136.00806965000001, 33.72361389 ], [ 136.00801825, 33.72356141 ], [ 136.00806393, 33.72351369 ], [ 136.00788119, 33.72327991 ], [ 136.007806960000011, 33.72328945 ], [ 136.00564846, 33.72144308 ], [ 136.00543147, 33.72123315 ], [ 136.00535152, 33.72105661 ], [ 136.00531726, 33.72092302 ], [ 136.00531153, 33.72071308 ], [ 136.005331500000011, 33.72048354 ] ] ] } },
{ "type": "Feature", "properties": { "A29_001": "30207", "A29_002": "和歌山県", "A29_003": "新宮市", "A29_004": 6, "A29_005": "第二種住居地域", "A29_006": 60, "A29_007": 200, "A29_008": null }, "geometry": { "type": "Polygon", "coordinates": [ [ [ 135.99151552, 33.72521509 ], [ 135.99065188, 33.72531435 ], [ 135.98969256, 33.72547889 ], [ 135.98923431, 33.72562199 ], [ 135.98836491, 33.72580441 ], [ 135.98812937, 33.72582586 ], [ 135.98800076, 33.72672762 ], [ 135.98797435, 33.72736442 ], [ 135.98796798, 33.72740911 ], [ 135.987960030000011, 33.72746484 ], [ 135.988065979999988, 33.72801634 ], [ 135.988140069999986, 33.72800346 ], [ 135.98830156, 33.72806917 ], [ 135.98917647, 33.72777544 ], [ 135.98940776, 33.72763471 ], [ 135.9897704, 33.72727212 ], [ 135.98990157, 33.72672615 ], [ 135.98995007, 33.726729 ], [ 135.99021417, 33.7267445 ], [ 135.99053969, 33.72676508 ], [ 135.990638030000014, 33.72677131 ], [ 135.990785390000013, 33.72677817 ], [ 135.99081714, 33.72676614 ], [ 135.99101453, 33.72677543 ], [ 135.99151552, 33.72521509 ] ] ] } },
{ "type": "Feature", "properties": { "A29_001": "30207", "A29_002": "和歌山県", "A29_003": "新宮市", "A29_004": 6, "A29_005": "第二種住居地域", "A29_006": 60, "A29_007": 200, "A29_008": null }, "geometry": { "type": "Polygon", "coordinates": [ [ [ 136.00609541, 33.72091632 ], [ 136.006534249999987, 33.7206458 ], [ 136.00671043, 33.72062713 ], [ 136.00706442, 33.72036946 ], [ 136.00647627, 33.71975399 ], [ 136.0061337, 33.71998303 ], [ 136.00591099, 33.7196252 ], [ 136.00488317, 33.71849921 ], [ 136.005539770000013, 33.71819382 ], [ 136.00547124, 33.71805069 ], [ 136.005362749999989, 33.71791709 ], [ 136.00531136, 33.71781213 ], [ 136.00456907, 33.71715372 ], [ 136.003998130000014, 33.7175927 ], [ 136.0031645, 33.71677206 ], [ 136.00268488, 33.7162186 ], [ 136.00244507, 33.71588461 ], [ 136.00206251, 33.71521186 ], [ 136.00185697, 33.71487787 ], [ 136.00166284, 33.71477291 ], [ 136.00150869, 33.71469657 ], [ 136.001274599999988, 33.71466317 ], [ 136.000972, 33.71471566 ], [ 136.00071678, 33.71485676 ], [ 136.00072547, 33.71498509 ], [ 136.000718729999988, 33.71518371 ], [ 136.000701600000014, 33.71536502 ], [ 136.00065593, 33.71556541 ], [ 136.00061026, 33.71569424 ], [ 136.00053603, 33.71584453 ], [ 136.00042184, 33.71602107 ], [ 136.00013637, 33.71638131 ], [ 135.99939698, 33.71734988 ], [ 135.99868494, 33.71822756 ], [ 135.998957710000013, 33.71836225 ], [ 135.99900895, 33.71839053 ], [ 135.99916552, 33.71847694 ], [ 135.99795692, 33.72001322 ], [ 135.99810337, 33.72013007 ], [ 135.99861067, 33.72062672 ], [ 135.99864111, 33.72065608 ], [ 135.99867007, 33.72068402 ], [ 135.99876103, 33.72080054 ], [ 135.99889063, 33.72096654 ], [ 135.99856927, 33.72125419 ], [ 135.998332940000012, 33.72149672 ], [ 135.998174479999989, 33.72169353 ], [ 135.998131660000013, 33.72177941 ], [ 135.997900390000012, 33.72241996 ], [ 135.99760942, 33.72226167 ], [ 135.99759488, 33.7223111 ], [ 135.99758408, 33.72234783 ], [ 135.99756789, 33.7223965 ], [ 135.997512590000014, 33.72259619 ], [ 135.99748222, 33.72270585 ], [ 135.99722698, 33.72266435 ], [ 135.99699519, 33.72267011 ], [ 135.99675914, 33.72269225 ], [ 135.99664431, 33.72270931 ], [ 135.99647164000001, 33.72275128 ], [ 135.99634028, 33.72278736 ], [ 135.996304110000011, 33.72279836 ], [ 135.99621833, 33.72282442 ], [ 135.99616156, 33.72301056 ], [ 135.996074639999989, 33.72329558 ], [ 135.9960193, 33.723453 ], [ 135.99600344000001, 33.72349811 ], [ 135.99594606, 33.72366136 ], [ 135.99580667, 33.72398208 ], [ 135.99585717, 33.72398667 ], [ 135.99588211, 33.72398894 ], [ 135.9960395, 33.72400325 ], [ 135.99621719000001, 33.72401942 ], [ 135.996186959999989, 33.72407125 ], [ 135.99608278, 33.72424986 ], [ 135.99596831, 33.72444611 ], [ 135.99584446, 33.72465019 ], [ 135.99581956, 33.72469122 ], [ 135.995698370000014, 33.72482101 ], [ 135.99544651, 33.72504426 ], [ 135.99555634, 33.72533552 ], [ 135.995968979999986, 33.7253234 ], [ 135.99618596, 33.72528285 ], [ 135.99644007, 33.72517551 ], [ 135.99680552, 33.72495842 ], [ 135.997565329999986, 33.72464766 ], [ 135.997829919999987, 33.72490453 ], [ 135.99728563, 33.72624095 ], [ 135.99723652, 33.72676192 ], [ 135.996097889999987, 33.72679439 ], [ 135.99507531, 33.72671708 ], [ 135.994892639999989, 33.72671708 ], [ 135.99459428, 33.72685161 ], [ 135.99454302, 33.72686524 ], [ 135.99431114, 33.72691508 ], [ 135.99372263, 33.72677734 ], [ 135.991485399999988, 33.72863941 ], [ 135.99151212000001, 33.72866282 ], [ 135.99155484, 33.72870026 ], [ 135.991564469999986, 33.72870869 ], [ 135.99153071, 33.72873717 ], [ 135.99095144, 33.72922564 ], [ 135.99093922, 33.72924747 ], [ 135.990939880000013, 33.72932904 ], [ 135.9909405, 33.72940558 ], [ 135.99088533, 33.72943289 ], [ 135.990934759999988, 33.72953854 ], [ 135.99123061, 33.72939819 ], [ 135.99176169, 33.72925986 ], [ 135.99221282, 33.72917401 ], [ 135.99269249, 33.72911201 ], [ 135.99283526, 33.72906908 ], [ 135.99297231, 33.72901183 ], [ 135.99320645, 33.7288353 ], [ 135.99336635, 33.72873034 ], [ 135.99352624, 33.72865878 ], [ 135.993686129999986, 33.72863016 ], [ 135.99384031, 33.72861586 ], [ 135.99459775, 33.728631 ], [ 135.99458768, 33.72875699 ], [ 135.994576419999987, 33.72889778 ], [ 135.99455956, 33.72910844 ], [ 135.99454124, 33.72933462 ], [ 135.99451481, 33.72950719 ], [ 135.99448747, 33.72967475 ], [ 135.99447959, 33.7302289 ], [ 135.994613210000011, 33.73019978 ], [ 135.99517855, 33.73006024 ], [ 135.99537557, 33.72996721 ], [ 135.9956197, 33.72979187 ], [ 135.99654052, 33.72946626 ], [ 135.99654909, 33.7293768 ], [ 135.996527680000014, 33.7291442 ], [ 135.996540540000012, 33.72900822 ], [ 135.996596219999986, 33.72889729 ], [ 135.996699009999986, 33.72878636 ], [ 135.9968489, 33.72877562 ], [ 135.99726862, 33.72880068 ], [ 135.9974956, 33.72886152 ], [ 135.997594099999986, 33.7289152 ], [ 135.99804809, 33.728518 ], [ 135.998525, 33.7282256 ], [ 135.99969277, 33.72744302 ], [ 135.99949992, 33.72647152 ], [ 135.99951445, 33.72642303 ], [ 135.99963172, 33.72603186 ], [ 135.999626, 33.72600222 ], [ 135.99959356, 33.72583417 ], [ 135.99960206, 33.72564831 ], [ 135.999609639999989, 33.72548228 ], [ 135.99961033, 33.72547299 ], [ 135.99963428, 33.72514922 ], [ 135.99980305, 33.72516075 ], [ 136.0, 33.7251805 ], [ 136.00009356000001, 33.72518875 ], [ 136.000143189999989, 33.72519582 ], [ 136.00041242, 33.72523417 ], [ 136.00046642, 33.72524186 ], [ 136.00057125, 33.72524739 ], [ 136.000771640000011, 33.72527061 ], [ 136.00119025, 33.72535086 ], [ 136.001464309999989, 33.72540339 ], [ 136.00156514, 33.72542939 ], [ 136.001622020000013, 33.72543875 ], [ 136.00184502, 33.72533309 ], [ 136.00190278, 33.7253023 ], [ 136.00222954, 33.72512814 ], [ 136.00228524, 33.72509436 ], [ 136.002353520000014, 33.72503656 ], [ 136.00238976, 33.72500532 ], [ 136.00239593, 33.725 ], [ 136.00241012, 33.72498776 ], [ 136.00248918, 33.72490368 ], [ 136.00260598, 33.72475129 ], [ 136.00268234, 33.72461767 ], [ 136.00273175, 33.72451707 ], [ 136.00277577, 33.72439996 ], [ 136.00279734, 33.72431663 ], [ 136.00277186, 33.72429656 ], [ 136.00284181, 33.72421414 ], [ 136.00282812, 33.72415232 ], [ 136.002821149999988, 33.72412088 ], [ 136.00282877, 33.72400005 ], [ 136.002831070000013, 33.72396354 ], [ 136.00285655, 33.72374288 ], [ 136.00289159, 33.72360837 ], [ 136.002970870000013, 33.72346422 ], [ 136.00310886, 33.72327947 ], [ 136.00306906, 33.72317769 ], [ 136.00314763, 33.72313176 ], [ 136.00326114, 33.72306539 ], [ 136.00336796, 33.72300513 ], [ 136.00344161000001, 33.72296358 ], [ 136.00358956, 33.72287175 ], [ 136.003728529999989, 33.72273464 ], [ 136.00382117, 33.72263663 ], [ 136.00405156, 33.72239286 ], [ 136.00423902, 33.72218543 ], [ 136.00450594, 33.72188808 ], [ 136.00471503, 33.72159736 ], [ 136.00478608, 33.72147756 ], [ 136.004856710000013, 33.72135847 ], [ 136.00494317, 33.72120925 ], [ 136.005014179999989, 33.72107732 ], [ 136.00526854, 33.72058817 ], [ 136.00530165, 33.72053614 ], [ 136.005331500000011, 33.72048354 ], [ 136.00533436, 33.72045066 ], [ 136.00538002, 33.72016915 ], [ 136.00609541, 33.72091632 ] ] ] } },
{ "type": "Feature", "properties": { "A29_001": "30207", "A29_002": "和歌山県", "A29_003": "新宮市", "A29_004": 3, "A29_005": "第一種中高層住居専用地域", "A29_006": 60, "A29_007": 150, "A29_008": null }, "geometry": { "type": "Polygon", "coordinates": [ [ [ 135.99447959, 33.7302289 ], [ 135.99448747, 33.72967475 ], [ 135.99451481, 33.72950719 ], [ 135.99454124, 33.72933462 ], [ 135.99455956, 33.72910844 ], [ 135.994576419999987, 33.72889778 ], [ 135.99458768, 33.72875699 ], [ 135.99459775, 33.728631 ], [ 135.99384031, 33.72861586 ], [ 135.993686129999986, 33.72863016 ], [ 135.99352624, 33.72865878 ], [ 135.99336635, 33.72873034 ], [ 135.99320645, 33.7288353 ], [ 135.99297231, 33.72901183 ], [ 135.99283526, 33.72906908 ], [ 135.99269249, 33.72911201 ], [ 135.99221282, 33.72917401 ], [ 135.99176169, 33.72925986 ], [ 135.99123061, 33.72939819 ], [ 135.990934759999988, 33.72953854 ], [ 135.99021696, 33.72978123 ], [ 135.99024662, 33.72985062 ], [ 135.990352230000013, 33.73009776 ], [ 135.99041065, 33.73022568 ], [ 135.99094635, 33.73004838 ], [ 135.99091635, 33.73025545 ], [ 135.99092633, 33.73038189 ], [ 135.991037659999989, 33.73064313 ], [ 135.99121895, 33.73084115 ], [ 135.99122442, 33.73100931 ], [ 135.991223420000011, 33.73103205 ], [ 135.991222240000013, 33.73105872 ], [ 135.99122043, 33.73109973 ], [ 135.991850699999986, 33.73103198 ], [ 135.99197491000001, 33.73099406 ], [ 135.99216765, 33.73093682 ], [ 135.992347529999989, 33.73093325 ], [ 135.992505990000012, 33.73096904 ], [ 135.992737260000013, 33.73105494 ], [ 135.99282291, 33.73105852 ], [ 135.99291286, 33.73104421 ], [ 135.99304135, 33.73100486 ], [ 135.99316556, 33.73091898 ], [ 135.99331974, 33.73089394 ], [ 135.993465359999988, 33.73084385 ], [ 135.99367095, 33.73071146 ], [ 135.99376946000001, 33.73060769 ], [ 135.99392365, 33.73057549 ], [ 135.99424058, 33.73059697 ], [ 135.99432624, 33.73046457 ], [ 135.994416199999989, 33.73024271 ], [ 135.99447959, 33.7302289 ] ] ] } },
{ "type": "Feature", "properties": { "A29_001": "30207", "A29_002": "和歌山県", "A29_003": "新宮市", "A29_004": 8, "A29_005": "近隣商業地域", "A29_006": 80, "A29_007": 200, "A29_008": null }, "geometry": { "type": "Polygon", "coordinates": [ [ [ 135.990352230000013, 33.73009776 ], [ 135.99012389, 33.73016921 ], [ 135.98991276000001, 33.73023526 ], [ 135.98965549, 33.73031576 ], [ 135.988580750000011, 33.73065202 ], [ 135.988336589999989, 33.7307284 ], [ 135.98828527, 33.73074446 ], [ 135.9875815, 33.73096464 ], [ 135.98747259000001, 33.73099872 ], [ 135.98773049, 33.73162925 ], [ 135.987910379999988, 33.73156485 ], [ 135.9883601, 33.73146112 ], [ 135.98869418000001, 33.73139316 ], [ 135.989139599999987, 33.73133237 ], [ 135.98998763, 33.73123224 ], [ 135.99122043, 33.73109973 ], [ 135.991222240000013, 33.73105872 ], [ 135.991223420000011, 33.73103205 ], [ 135.99122442, 33.73100931 ], [ 135.99121895, 33.73084115 ], [ 135.991037659999989, 33.73064313 ], [ 135.99092633, 33.73038189 ], [ 135.99091635, 33.73025545 ], [ 135.99094635, 33.73004838 ], [ 135.99041065, 33.73022568 ], [ 135.99035343, 33.73010038 ], [ 135.990352230000013, 33.73009776 ] ] ] } },
{ "type": "Feature", "properties": { "A29_001": "30207", "A29_002": "和歌山県", "A29_003": "新宮市", "A29_004": 9, "A29_005": "商業地域", "A29_006": 80, "A29_007": 400, "A29_008": null }, "geometry": { "type": "Polygon", "coordinates": [ [ [ 135.98773049, 33.73162925 ], [ 135.98747259000001, 33.73099872 ], [ 135.9875815, 33.73096464 ], [ 135.98828527, 33.73074446 ], [ 135.988336589999989, 33.7307284 ], [ 135.988580750000011, 33.73065202 ], [ 135.98965549, 33.73031576 ], [ 135.98991276000001, 33.73023526 ], [ 135.99012389, 33.73016921 ], [ 135.990352230000013, 33.73009776 ], [ 135.99024662, 33.72985062 ], [ 135.99021696, 33.72978123 ], [ 135.990934759999988, 33.72953854 ], [ 135.99088533, 33.72943289 ], [ 135.9909405, 33.72940558 ], [ 135.990939880000013, 33.72932904 ], [ 135.99093922, 33.72924747 ], [ 135.99095144, 33.72922564 ], [ 135.99153071, 33.72873717 ], [ 135.991564469999986, 33.72870869 ], [ 135.99155484, 33.72870026 ], [ 135.99151212000001, 33.72866282 ], [ 135.991485399999988, 33.72863941 ], [ 135.99372263, 33.72677734 ], [ 135.99431114, 33.72691508 ], [ 135.99454302, 33.72686524 ], [ 135.99459428, 33.72685161 ], [ 135.994892639999989, 33.72671708 ], [ 135.99507531, 33.72671708 ], [ 135.996097889999987, 33.72679439 ], [ 135.99723652, 33.72676192 ], [ 135.99728563, 33.72624095 ], [ 135.997829919999987, 33.72490453 ], [ 135.997565329999986, 33.72464766 ], [ 135.99680552, 33.72495842 ], [ 135.99644007, 33.72517551 ], [ 135.99618596, 33.72528285 ], [ 135.995968979999986, 33.7253234 ], [ 135.99555634, 33.72533552 ], [ 135.99544651, 33.72504426 ], [ 135.995698370000014, 33.72482101 ], [ 135.99581956, 33.72469122 ], [ 135.99584446, 33.72465019 ], [ 135.99596831, 33.72444611 ], [ 135.99608278, 33.72424986 ], [ 135.996186959999989, 33.72407125 ], [ 135.99621719000001, 33.72401942 ], [ 135.9960395, 33.72400325 ], [ 135.99588211, 33.72398894 ], [ 135.99585717, 33.72398667 ], [ 135.99580667, 33.72398208 ], [ 135.99404515, 33.7237717 ], [ 135.994072210000013, 33.72369927 ], [ 135.99409161, 33.72364733 ], [ 135.99407273, 33.72360777 ], [ 135.99406428, 33.72359006 ], [ 135.99336815, 33.72354121 ], [ 135.99240802, 33.72348689 ], [ 135.99218618, 33.72347434 ], [ 135.99161232, 33.72355064 ], [ 135.991677939999988, 33.72398722 ], [ 135.99167442000001, 33.7245027 ], [ 135.99163239, 33.72485108 ], [ 135.99101453, 33.72677543 ], [ 135.99081714, 33.72676614 ], [ 135.990785390000013, 33.72677817 ], [ 135.990638030000014, 33.72677131 ], [ 135.99053969, 33.72676508 ], [ 135.99021417, 33.7267445 ], [ 135.98995007, 33.726729 ], [ 135.98990157, 33.72672615 ], [ 135.9897704, 33.72727212 ], [ 135.98940776, 33.72763471 ], [ 135.98917647, 33.72777544 ], [ 135.98830156, 33.72806917 ], [ 135.988140069999986, 33.72800346 ], [ 135.988065979999988, 33.72801634 ], [ 135.987960030000011, 33.72746484 ], [ 135.98796798, 33.72740911 ], [ 135.98797435, 33.72736442 ], [ 135.98770556, 33.72737861 ], [ 135.98732661, 33.72737675 ], [ 135.98678339, 33.72736919 ], [ 135.98674595, 33.7273667 ], [ 135.98669956, 33.72736361 ], [ 135.98628881, 33.72736032 ], [ 135.986292060000011, 33.72746824 ], [ 135.986295149999989, 33.72805907 ], [ 135.98629535, 33.7280972 ], [ 135.98629558, 33.72814014 ], [ 135.98505843, 33.72802089 ], [ 135.98505753, 33.72805206 ], [ 135.98505454, 33.7281074 ], [ 135.98504578, 33.72826969 ], [ 135.98505372, 33.72831586 ], [ 135.98505819, 33.72866444 ], [ 135.985068829999989, 33.72887241 ], [ 135.985069110000012, 33.72887788 ], [ 135.9850805, 33.7291005 ], [ 135.98493742, 33.72937081 ], [ 135.98481827, 33.72950219 ], [ 135.984729499999986, 33.72960008 ], [ 135.98469703, 33.72966336 ], [ 135.98466832, 33.72987995 ], [ 135.984636, 33.73012383 ], [ 135.98463307, 33.73017222 ], [ 135.984615670000011, 33.73036053 ], [ 135.98460598, 33.73047313 ], [ 135.98459981, 33.73054489 ], [ 135.98458148, 33.7307223 ], [ 135.98456608, 33.73087136 ], [ 135.984561219999989, 33.73091825 ], [ 135.98454363, 33.73107577 ], [ 135.98452838, 33.73123175 ], [ 135.984520440000011, 33.73131294 ], [ 135.98456889, 33.73131126 ], [ 135.98476069, 33.73130461 ], [ 135.98481553, 33.73130269 ], [ 135.98502808, 33.73126567 ], [ 135.98501244, 33.73131225 ], [ 135.984979180000011, 33.73139735 ], [ 135.984876609999986, 33.73165979 ], [ 135.98485614, 33.73171214 ], [ 135.986507710000012, 33.73120908 ], [ 135.98652074, 33.73129745 ], [ 135.98658537, 33.7315037 ], [ 135.98672015, 33.73193386 ], [ 135.987400689999987, 33.7317473 ], [ 135.98773049, 33.73162925 ] ] ] } },
{ "type": "Feature", "properties": { "A29_001": "30207", "A29_002": "和歌山県", "A29_003": "新宮市", "A29_004": 5, "A29_005": "第一種住居地域", "A29_006": 60, "A29_007": 200, "A29_008": null }, "geometry": { "type": "Polygon", "coordinates": [ [ [ 135.98628881, 33.72736032 ], [ 135.98627504000001, 33.72690292 ], [ 135.9862724, 33.72681507 ], [ 135.98626363, 33.72652367 ], [ 135.98624815, 33.72600938 ], [ 135.9862335, 33.72558863 ], [ 135.98622414, 33.72531986 ], [ 135.986205930000011, 33.72479709 ], [ 135.98619226, 33.72440439 ], [ 135.986185760000012, 33.72421769 ], [ 135.98618152, 33.72409597 ], [ 135.986165199999988, 33.72374588 ], [ 135.98613265, 33.72304745 ], [ 135.9861122, 33.72260864 ], [ 135.98610378, 33.72242807 ], [ 135.98609196000001, 33.72217432 ], [ 135.98608857, 33.72210164 ], [ 135.98606043, 33.72192212 ], [ 135.986253080000012, 33.7219422 ], [ 135.98624958, 33.72180572 ], [ 135.98628267, 33.72138953 ], [ 135.98631011, 33.72081758 ], [ 135.98632866, 33.7206252 ], [ 135.98634736, 33.72043122 ], [ 135.98638179, 33.72012743 ], [ 135.98639158, 33.720041 ], [ 135.986392959999989, 33.72002015 ], [ 135.98642419, 33.71954786 ], [ 135.98642668, 33.71952033 ], [ 135.98642976, 33.71948614 ], [ 135.98643392, 33.71943996 ], [ 135.985313100000013, 33.71934327 ], [ 135.98466006000001, 33.7192746 ], [ 135.98442097, 33.71926562 ], [ 135.98412478, 33.7192805 ], [ 135.983396770000013, 33.71935197 ], [ 135.981870140000012, 33.71953666 ], [ 135.98184156, 33.71956544 ], [ 135.98179319, 33.71961416 ], [ 135.98176012, 33.71964748 ], [ 135.981517169999989, 33.71989219 ], [ 135.98141272, 33.71999042 ], [ 135.98137986, 33.72003147 ], [ 135.981367940000013, 33.72006633 ], [ 135.981364140000011, 33.72047336 ], [ 135.98136618, 33.72047424 ], [ 135.98142194, 33.72049839 ], [ 135.98160661, 33.7205893 ], [ 135.98163211, 33.72060186 ], [ 135.98182419, 33.72068383 ], [ 135.982007790000011, 33.72075561 ], [ 135.98217151, 33.72081962 ], [ 135.98220472, 33.72083261 ], [ 135.982299860000012, 33.72086783 ], [ 135.98250022, 33.720942 ], [ 135.982612280000012, 33.72098347 ], [ 135.98284439, 33.72105531 ], [ 135.98291633, 33.72107758 ], [ 135.98324739, 33.72118125 ], [ 135.983333249999987, 33.72120814 ], [ 135.98333333, 33.72120817 ], [ 135.98341739, 33.72123174 ], [ 135.98360469, 33.72128428 ], [ 135.98367761, 33.72130472 ], [ 135.983909720000014, 33.72136467 ], [ 135.983879589999987, 33.7213934 ], [ 135.98386856, 33.72143622 ], [ 135.983861929999989, 33.72146198 ], [ 135.983848419999987, 33.72155789 ], [ 135.98384198, 33.72165101 ], [ 135.983000260000011, 33.72135885 ], [ 135.98260916000001, 33.7212512 ], [ 135.982376749999986, 33.72120103 ], [ 135.98234001, 33.72119014 ], [ 135.98222881, 33.72115717 ], [ 135.98208908, 33.72113114 ], [ 135.98204306, 33.72112839 ], [ 135.98194114, 33.72113386 ], [ 135.98190881, 33.72112806 ], [ 135.98181133, 33.72111058 ], [ 135.981735719999989, 33.72108728 ], [ 135.98151114, 33.72106011 ], [ 135.98150671, 33.72106182 ], [ 135.98159057, 33.72110466 ], [ 135.98168761, 33.72122873 ], [ 135.98176754, 33.72127646 ], [ 135.98251552, 33.72134813 ], [ 135.9828752, 33.72155812 ], [ 135.9831949, 33.7218349 ], [ 135.98337186, 33.72207826 ], [ 135.98351456, 33.72229299 ], [ 135.9835602, 33.72250293 ], [ 135.98356589, 33.72262699 ], [ 135.98352588, 33.72282738 ], [ 135.98373139, 33.72311368 ], [ 135.98381699, 33.72335226 ], [ 135.98391404, 33.72346201 ], [ 135.983993950000013, 33.72360039 ], [ 135.98402818, 33.72377216 ], [ 135.984010970000014, 33.72422066 ], [ 135.98395954, 33.72441151 ], [ 135.98389669, 33.72465006 ], [ 135.98385669000001, 33.72480274 ], [ 135.983856659999987, 33.72496019 ], [ 135.98389083, 33.72541824 ], [ 135.98389075, 33.72588583 ], [ 135.98393069, 33.7260242 ], [ 135.98394209, 33.72612917 ], [ 135.98391353, 33.72621505 ], [ 135.98387354, 33.72626753 ], [ 135.98384496, 33.72642498 ], [ 135.983759279999987, 33.72657288 ], [ 135.98368503, 33.72666353 ], [ 135.98369643, 33.72681144 ], [ 135.98365641, 33.72702614 ], [ 135.983627829999989, 33.72717882 ], [ 135.98355358, 33.72727901 ], [ 135.98347933, 33.72736488 ], [ 135.9834679, 33.72743645 ], [ 135.98349643, 33.72751279 ], [ 135.98359921, 33.72756529 ], [ 135.98369627, 33.72765119 ], [ 135.983724810000012, 33.72771322 ], [ 135.9837248, 33.72777524 ], [ 135.983621989999989, 33.72786588 ], [ 135.98359914, 33.72791837 ], [ 135.98360484, 33.72799471 ], [ 135.98364479, 33.72808537 ], [ 135.98365619, 33.72821419 ], [ 135.98367331, 33.72827622 ], [ 135.98373611, 33.7283144 ], [ 135.983947379999989, 33.72841463 ], [ 135.98407298, 33.72854824 ], [ 135.98430135000001, 33.72878683 ], [ 135.98443838, 33.72890136 ], [ 135.984501169999987, 33.72901588 ], [ 135.98454682, 33.7292306 ], [ 135.98452966, 33.72937373 ], [ 135.98447253, 33.72948824 ], [ 135.984284050000014, 33.72972678 ], [ 135.984209779999986, 33.72992239 ], [ 135.98415264, 33.73007507 ], [ 135.98414118, 33.73028977 ], [ 135.98412402, 33.73047108 ], [ 135.98410116, 33.73055696 ], [ 135.984026910000011, 33.73062375 ], [ 135.98390698, 33.73066668 ], [ 135.98385557, 33.73075732 ], [ 135.98372422, 33.73080025 ], [ 135.983615719999989, 33.73085272 ], [ 135.98358715, 33.73092905 ], [ 135.98355286, 33.7310531 ], [ 135.98349004, 33.73108172 ], [ 135.983415799999989, 33.73109126 ], [ 135.98328448, 33.73100535 ], [ 135.98321594, 33.73104352 ], [ 135.9831988, 33.73111985 ], [ 135.98316451, 33.73123913 ], [ 135.98307884, 33.73131069 ], [ 135.98297033, 33.73134407 ], [ 135.982844699999987, 33.73134883 ], [ 135.982679100000013, 33.73130109 ], [ 135.98248496, 33.73122949 ], [ 135.98227368, 33.73118652 ], [ 135.982096649999988, 33.7311865 ], [ 135.981976730000014, 33.73121034 ], [ 135.98179399, 33.73120554 ], [ 135.98167407, 33.73123415 ], [ 135.98158841, 33.73124845 ], [ 135.98155983, 33.73133433 ], [ 135.98156551, 33.73147747 ], [ 135.98162831, 33.73159676 ], [ 135.98170823000001, 33.73171128 ], [ 135.98171391, 33.73186874 ], [ 135.98161679, 33.73202618 ], [ 135.98151969, 33.73214544 ], [ 135.98151966, 33.73225518 ], [ 135.981576749999988, 33.7323363 ], [ 135.98162814, 33.73236494 ], [ 135.981765200000012, 33.73234587 ], [ 135.98197651000001, 33.73227911 ], [ 135.9821364, 33.73226959 ], [ 135.982187790000012, 33.73233162 ], [ 135.982204880000012, 33.73251293 ], [ 135.982204849999988, 33.73264653 ], [ 135.98215344, 33.73273718 ], [ 135.98210203, 33.73278011 ], [ 135.98205633, 33.73286599 ], [ 135.9820506, 33.73295187 ], [ 135.98198778, 33.73300435 ], [ 135.98191924, 33.73303296 ], [ 135.98181645, 33.73303772 ], [ 135.981707949999986, 33.73301862 ], [ 135.98162229, 33.73303769 ], [ 135.98158801, 33.73309017 ], [ 135.981588, 33.73316651 ], [ 135.981565139999987, 33.73322376 ], [ 135.981530850000013, 33.73332873 ], [ 135.98142804, 33.73341459 ], [ 135.98131382, 33.7334766 ], [ 135.9811996, 33.73350521 ], [ 135.981079670000014, 33.73351474 ], [ 135.98100543000001, 33.73351473 ], [ 135.980919770000014, 33.73352903 ], [ 135.980896910000013, 33.73360059 ], [ 135.98091402, 33.73370079 ], [ 135.98086261, 33.73375327 ], [ 135.9808055, 33.73377712 ], [ 135.98071413, 33.73378665 ], [ 135.98066845, 33.73376755 ], [ 135.98060564, 33.73372937 ], [ 135.98052569, 33.73372459 ], [ 135.980457159999986, 33.73372935 ], [ 135.98040576, 33.73374843 ], [ 135.980342940000014, 33.73374365 ], [ 135.98026871, 33.73371978 ], [ 135.980245880000012, 33.73365298 ], [ 135.98017736, 33.73363865 ], [ 135.98008027, 33.73364818 ], [ 135.97997747, 33.7336911 ], [ 135.97990893, 33.73373403 ], [ 135.97981184, 33.7337865 ], [ 135.97972046000001, 33.73383897 ], [ 135.97961195, 33.73385327 ], [ 135.97952629, 33.73385325 ], [ 135.979257890000014, 33.73383412 ], [ 135.97910941, 33.7338341 ], [ 135.97890953000001, 33.73386746 ], [ 135.978795319999989, 33.73387699 ], [ 135.978652540000013, 33.73389128 ], [ 135.97858402, 33.73389126 ], [ 135.97849266, 33.73384831 ], [ 135.978424139999987, 33.73380058 ], [ 135.97838418, 33.733729 ], [ 135.97835565, 33.73365743 ], [ 135.97832143, 33.73345703 ], [ 135.978270079999987, 33.73330434 ], [ 135.97818442, 33.73329001 ], [ 135.97808734, 33.73329954 ], [ 135.97807018, 33.73338542 ], [ 135.978024479999988, 33.73345698 ], [ 135.97795595, 33.73347605 ], [ 135.97787029, 33.73346649 ], [ 135.977716109999989, 33.73341398 ], [ 135.97768185000001, 33.73339966 ], [ 135.977613319999989, 33.73341873 ], [ 135.97757332, 33.73352847 ], [ 135.97758473, 33.73357618 ], [ 135.977738890000012, 33.73366209 ], [ 135.977973, 33.73379096 ], [ 135.97815, 33.73390073 ], [ 135.97818425, 33.73397708 ], [ 135.97819565, 33.73406296 ], [ 135.9781271, 33.73412498 ], [ 135.97803001, 33.73414882 ], [ 135.97790437, 33.73417742 ], [ 135.97780157, 33.73419172 ], [ 135.97768735, 33.73424418 ], [ 135.97763022, 33.73432051 ], [ 135.97760165, 33.7343873 ], [ 135.97757309, 33.73440161 ], [ 135.977481719999986, 33.73440637 ], [ 135.97709913, 33.73428701 ], [ 135.976779349999987, 33.73421539 ], [ 135.97661376, 33.73413901 ], [ 135.97651098, 33.73407697 ], [ 135.97640823, 33.73393381 ], [ 135.976368290000011, 33.73380498 ], [ 135.97637402, 33.73375249 ], [ 135.97653971, 33.73344716 ], [ 135.976511179999989, 33.73334219 ], [ 135.97640843, 33.73320857 ], [ 135.976317099999989, 33.73306064 ], [ 135.97620862, 33.73298428 ], [ 135.97605446, 33.7328936 ], [ 135.97584891, 33.73275996 ], [ 135.9757233, 33.73268837 ], [ 135.97563766, 33.73262155 ], [ 135.97520359, 33.73284572 ], [ 135.975129329999987, 33.7329125 ], [ 135.97509505, 33.73296975 ], [ 135.97510835, 33.73305516 ], [ 135.97545516, 33.73344886 ], [ 135.97548082, 33.73357769 ], [ 135.97552362, 33.73368505 ], [ 135.97599032, 33.7342076 ], [ 135.97602455, 33.7343257 ], [ 135.976097329999988, 33.73443664 ], [ 135.97633715, 33.73457267 ], [ 135.97685533, 33.73482326 ], [ 135.977394940000011, 33.73502018 ], [ 135.977591960000012, 33.735056 ], [ 135.97796458, 33.73508112 ], [ 135.978307230000013, 33.73507044 ], [ 135.97953225, 33.73480942 ], [ 135.9808558, 33.73443747 ], [ 135.98116421, 33.73430154 ], [ 135.982530630000014, 33.7336433 ], [ 135.9842911, 33.73280617 ], [ 135.98447957, 33.73267379 ], [ 135.98475799, 33.7325629 ], [ 135.986278520000013, 33.73205493 ], [ 135.98672015, 33.73193386 ], [ 135.98658537, 33.7315037 ], [ 135.98652074, 33.73129745 ], [ 135.986507710000012, 33.73120908 ], [ 135.98485614, 33.73171214 ], [ 135.984876609999986, 33.73165979 ], [ 135.984979180000011, 33.73139735 ], [ 135.98501244, 33.73131225 ], [ 135.98502808, 33.73126567 ], [ 135.98481553, 33.73130269 ], [ 135.98476069, 33.73130461 ], [ 135.98456889, 33.73131126 ], [ 135.984520440000011, 33.73131294 ], [ 135.98452838, 33.73123175 ], [ 135.98454363, 33.73107577 ], [ 135.984561219999989, 33.73091825 ], [ 135.98456608, 33.73087136 ], [ 135.98458148, 33.7307223 ], [ 135.98459981, 33.73054489 ], [ 135.98460598, 33.73047313 ], [ 135.984615670000011, 33.73036053 ], [ 135.98463307, 33.73017222 ], [ 135.984636, 33.73012383 ], [ 135.98466832, 33.72987995 ], [ 135.98469703, 33.72966336 ], [ 135.984729499999986, 33.72960008 ], [ 135.98481827, 33.72950219 ], [ 135.98493742, 33.72937081 ], [ 135.9850805, 33.7291005 ], [ 135.985069110000012, 33.72887788 ], [ 135.985068829999989, 33.72887241 ], [ 135.98505819, 33.72866444 ], [ 135.98505372, 33.72831586 ], [ 135.98504578, 33.72826969 ], [ 135.98505454, 33.7281074 ], [ 135.98505753, 33.72805206 ], [ 135.98505843, 33.72802089 ], [ 135.98629558, 33.72814014 ], [ 135.98629535, 33.7280972 ], [ 135.986295149999989, 33.72805907 ], [ 135.986292060000011, 33.72746824 ], [ 135.98628881, 33.72736032 ] ] ] } },
{ "type": "Feature", "properties": { "A29_001": "30207", "A29_002": "和歌山県", "A29_003": "新宮市", "A29_004": 5, "A29_005": "第一種住居地域", "A29_006": 60, "A29_007": 200, "A29_008": null }, "geometry": { "type": "Polygon", "coordinates": [ [ [ 135.96916171, 33.677565 ], [ 135.96888765, 33.67675129 ], [ 135.968423840000014, 33.67690453 ], [ 135.96879069, 33.67775576 ], [ 135.96916171, 33.677565 ] ] ] } }
]
}
